from,to,price,outgoing_start,outgoing_arrival,incomming_start,incomming_arrival,night_in_dest,link,stop_oda,stop_vissza,dest_id
Budapest,New York,174400,2027-02-05T11:10:00.000Z,2027-02-05T19:15:00.000Z,2027-02-09T17:05:00.000Z,2027-02-10T07:20:00.000Z,4,https://www.kiwi.com/deep?affilid=mihalymisroriflights&currency=HUF&flightsId=0b7720a15176517aae1afbbd_0%7C0b7720a15176517aae1afbbd_1%7C0b7720a15176517aae1afbbd_2%7C0b7720a15176517aae1afbbd_3&from=BUD&lang=en&passengers=1&to=JFK&booking_token=H6wf9dSC1esfJK4adgo3OgftRmYzj1Kbg_IYYQECZdTaYuJKmqoXETW30ikG3kUPHdtjq71HygfLgPJPIipoJ8eqpyhQpZ6Dtl3E9c6s97jeo9n1dRS_5dX06enKWh1gSvvTJ6PhQ8bj0GKdsm6MkXaQXIduYftauUp7H_QUQUbC5Z_63XqkaWrJQ8QVTWo8F3L9e7tBAzhI_fFMTWT2WMPzLUkGDkniQrgp__x0xnw6OzUzFR3qn17tjrvTUxklkiWdFJZP7Ns0y__B9numxgrQRpfD7liHt8XJCsqNN8Kg4Vmujl9gPfX0UThq36tsRH-k2chLLGtS4OqPs4gwXhnXvxKt8OJVpw4QiwiPVC-1KOBJlUTpz6WPhjIsXqmI9WSQnXKz65mleTQ2B-tQLsdMclYCMWWKuPzul8knAz2inFDpi6vEBwoX7vsc5Jm9fkAMeizdvUpAHZVcFqGrdktsAyUSMEdO56C5bRAUprAmdBbaHLu6oolo_x0m7HlLyIrZJ8wHvWpEZe6blczIIPoi-XZwGwhmc4tK69qqUG_0va9u0BMblHrsJZxaQtnatkA9Qc7KM-M41OF1plRQzSMEkFrNYQLzsKVHHWDoeYvpo0XixmW6W72ntJqspdFxpi5vrDA7Kz_UFTZlkMGVmPmAoWTwr54Dv6erNNDlnMX5SbqKiTVRv1rr8tcDfOa_LskGxhkcLDCb5nf-MK88OcXcdv6DYTl9GOvMk5R7wMAdvCsK_kd2tzBaTFHF2pgFORENXoTcdicYagYMIlkky_EdwhUzjAzoKgJAEYnjlBN-DRz9Xzqp9RlTY-M9g18j84zKvXk6pOn8Sfoz8AyTLKvFrKZocaxWtqTKAGyIZBuIbn2kbVTTu7fNVPr4da_rEcbIad-ayyqXLlIjSIEWoGb5um9Zh7pwGq6Ai5JI3SiFPQxr5qfgX7hJiEadAoTHNtGAvjJNvomNXswr7LTPeHUWiLcuStZNq6ZD0yfu1_zsBAZQp41BTssw5qau6KvHe-PPqFqt50K2ddE0xu9R6LweUKAuGr9LJOD-boZPME7_Sq6V1pb_sCsSjYc_QqlKhwbbcRysslp0Z8Iw6Qf6wUHqZrYQFjOaAvHWeKwplokkRtpHTp1Wxlg0ezdYzAuXaAHyUh3K_H9yXXutXCi7XcEaI5QARECIXkPOMYSoCt9LQmyddadDzlg0xT2qy0ldU,1,1,JFK
Budapest,New York,174446,2026-11-11T11:10:00.000Z,2026-11-11T19:15:00.000Z,2026-11-18T17:05:00.000Z,2026-11-19T07:20:00.000Z,7,https://www.kiwi.com/deep?affilid=mihalymisroriflights&currency=HUF&flightsId=0b7720a151205127e20433d1_0%7C0b7720a151205127e20433d1_1%7C0b7720a151205127e20433d1_2%7C0b7720a151205127e20433d1_3&from=BUD&lang=en&passengers=1&to=JFK&booking_token=HKnPrpc1LGqbRsdoxxEVYGZYwS0LT8MU59JBfwenbA8_Im8gCORV71qW-nsCZw_3hh48TlZaKUZsKibE2CQCCZa65PW0Sd1IeW79218biRqsebab2WRRLxdhNoGBYy-Gs2K1NbQfD4-Nv_cOoyM1lyrfnWeNQjF6Y9SPGw9QdoiYFVrQN0vPS9y-S1lLYupKyaohCTPZVRtgo-Hlw3Eewmu11MUms8EG6nQwk6-yH0UmMq42addbPkRO_8bgszJPDNLqyzRRSlOLPZyZRzqlFfds2D3kFuUR4Kn8sCXzpIAxp2R2dluTuECTMwAWs6S6XPm69IoXFM1YyZUQzvIyIFQIA7-LoC8TFRMO-Ni6LU2pgA-y-LzZXOmM7d5TxWVAn5RN3s8PBY37O_H-5MHxfBL6FLx136P5foSgpbypUDrjO6_STm13FF2tI_HVgfcDWZiCpXvcWzxX1b6erjLyW1KzGCjriwJsfbxk8XNsaar1QCt2BbHGIvqwWj7AzL0ys9AqqO-zjH2amqHyY2oqi3E3xdwtGYODfkrjM7lcAbfmDKphSFHlGqErBEjOYPdo06Zb4RIGzhQBT3I1ihidVNd341LYvZQEJTbTlcYkIMQtRVfcefoFQav8omiErluvheZGK7K1oO1uRY2W0mleyDv2q3R07Y6AUX3bnkw6VqwCafVNvofoudT1E3a47NbLW6MoG1SSI6fKOP08JcDIedtlPaxP4NNBhqxspIZvtbrvtJdO-VcswzMoqXC6AYy4rVyu5UWJJPiUPmcAzLF4QeOlKCQFXdgBbC2qbHBDCid80AXf0P_pMGSC2GPs26bTD92075H5YllSUFnM2HhakHKIUXISyo1dHs_3W9AT1hb-FwBP7sHLyNtaOxcIt1H_gzMQozqzDY_GDQAz4aHgD_BBI_lBeCjfD2W3r41WriSzJ52-pO1RRci-GktjmTRIiQWGJMg11trbvPz_7MCZqqK_Y0OgOS6UG1SgQJ3P3PuPWY1DgNovOl8f5aqFuOVGYWByNb1CW0euWogG4ejm76QWXhIR6USXgrkmhvpTM4Ku8mPMFDUVuxztyOCWdSm-EulocJHItLz_gCCpD_B0pxmRx9RQ7_3GXMv7h9DaIiYAjjJX-aE5pFVV818bIy8YRNNVLqFpO3ipNbfDT1cVOrw==,1,1,JFK
Budapest,New York,174446,2026-11-11T11:10:00.000Z,2026-11-11T19:15:00.000Z,2026-11-15T17:05:00.000Z,2026-11-16T07:20:00.000Z,4,https://www.kiwi.com/deep?affilid=mihalymisroriflights&currency=HUF&flightsId=0b7720a15120512406f4e804_0%7C0b7720a15120512406f4e804_1%7C0b7720a15120512406f4e804_2%7C0b7720a15120512406f4e804_3&from=BUD&lang=en&passengers=1&to=JFK&booking_token=HQamsmCPRdPVRyo7C0Eiz4BO5s0C1g5b9eD5dHgyVC-VbEccEVfLf1i9vOmMjSaRdYIW8qdOMyygqf4PO007fZnpRTvM9Jb9tdqIxVdBaXJb4I58JtAHjlH1FfeXogy_9I0TaHI520ioRRWwpOaZhjDAv0u75xIKqxYIpVtk_lW0Y0DpHzO9J-fHPvoQBwz3ilfhl7o5TVvXHsOmQg9IaOl7vdw_D9lzfPJRqcvdcM3TO5y7OoSuNTcHGzvdF3rVi7xLT-4oKLjasiaz6D5vDttGftZLn-MUq4uLno6rLmJ0ZSw_1CJaI6CQGJaCY4DKAYPkoRWdnVKa5w2cPbzk43Xb2uPOHL8PBZe27Evx7ghb-Qd82FNlHSI2D11pQ69MLj_XmNfbIW1Qdc-ZI9Unv7udCRh0lhgLJoBOlyOoPhENY6q13PzUduxOMeBECIHTOBEXH9xLOezoLSQ64kzAf0DbHuRkF5UouDYCAyDDFm7JxprW03w6JJ_ZoeH1ChhScT9pWLZqp7-SaJwlycDOG_rFzFJkNFnghG5ciqVAQAyu12WEm0KljLeNgXVt9MDPDu6R9g_B4xyVlUpYCq-Qw54bZH8f0Qk69pS6acVNbEkvg-J2pbuWLR1zWbP8fpacQ_hCby6zSLoAefBF4965Hzn9FjzqAEfEuH4Jl8rfX6JMveL7HoKoKzU3AuNpQLNx9i9SwhQBMm3JWaGwsVYqsQHkxCVRmvFv1l0r1eRDXf9d-FgM8ckwLatpBq7mPOucGZi6c_RKkFRqMlFrZz1UECIKwyL7rAq1Np_3QZt4hl1jltgdhg5uTMTPjG3fd7l2PZjagUs-KGDoMSk9SbNR68zeXves4WzUlGrdaMi3uLKgz8Wrc0gpxp06pV5TnINHNxHlto4m870FmBZK3odavHnqqHwKzKkp9gwQBfi-jN74Znrcn8IodfEb6NoemHfDyQe7MpgpSgFWOZR2cRTfYNIxAqbe5Zl_b6aPQT7QWL6gbvc8CX3XgcFa-ASNBkYxopRJW1gc_fnQ3fX1dJnNEqHBk6fIH7DCBvqzxI_pxET-zEkIdW2EuIaxEc4-mOSfR-q0iYv3rr7KypRIMh1imtN4TiJ__tgcEgDeSbmBojnKB8Fqcs0rD0U3wlXtqQt1m2t1snVapEtYUbztNjqK0kA==,1,1,JFK
Budapest,New York,174446,2027-02-02T11:10:00.000Z,2027-02-02T19:15:00.000Z,2027-02-09T17:05:00.000Z,2027-02-10T07:20:00.000Z,7,https://www.kiwi.com/deep?affilid=mihalymisroriflights&currency=HUF&flightsId=0b7720a15173517ab6618f10_0%7C0b7720a15173517ab6618f10_1%7C0b7720a15173517ab6618f10_2%7C0b7720a15173517ab6618f10_3&from=BUD&lang=en&passengers=1&to=JFK&booking_token=H1N9BpBvpslZrgwbQ1tU9jUqcUBOumxHCKsN6rtlaQJWrw-IBoCuyG8Q7iEBc1C2mRvuWAVX5AjTvqMFE_1rueFPh51A918vPtzugcTxZXFR-CjHAgC7qgKU0FgNW0mMFquvXhr3d_f6ysB8JHCY1LPoVAy26-W4HDPnuytYRJBEz60e2dVr37GxklsvwvkfnZ4ydSVqskBbb2WPCWdJyzQUmeY6nAH1Ylgu4alCLjYRDBYkaG1WyL2L6kBJ1JB8MxXtLCextYNtsriKfxwgshNES7EDMn7A7X-OrDRmVVmXPi_xO3YDGywJ4cXDzvgWS8lM_SRulhPlvGhI8TsAJC-zUOq3RpmnEUTh71xf79OGywn0n_PWkCTiVnUPNrKjF0-Sftb9_xTS6RpgxHk7GKEcyj9WubuQzxP7YjNYp-ZfslFmeehgRx8iIcP0YH6OA90lxIA6Td6jAxjJrFHXA3jB9Q06S-UNaXOJpckbzYQeWaU6wOA9hvgujZOLOVc_eHvkFEMZdBBisKXod1Mf_IswRYvq3ld_WBdEJjOP8gInvzMx_UUvrlrEmQ03TsdEONP0LTOyeC9HwSMyXYTyP0yYoMe7M6DRdBMpBrSqsnS4bZ5pBT-t7DIR41dO8utjfh-Q4fHmpmuMgPneUUs6OuSYFmTAGvsziVRq2TrWju2_mi70AxtrBAp91va48muWaEGhsNMsQQtv3ZEtQTob5WdaZ3szpZIQg_Re2Tii7FgnUVwxl9N1urCDNgAN7KHwUNvAX7ywMct3zJqZmz3Ia1r5zMrOwpZWxCjzul3_EVDax2OZJoac1m6PwplrZ3D0vPxFrjiZGemN_1kXcjuDtN6idY-f9Fyw5i2nRzaa2AjnYBsebZcD38APxUdjvoD0KvAnQknjpFt7eb71Cob_fDil1YdslT61W4oQZySsDYMLZpiDaFdVYuXE5tpM-bSNjH2KuMumbXsmt5X_azqxb-Tdk4SYxCMQufY2Dm5Dj1oEgAGuxwUM4otAh4ywrjNiUwWTq9iJBrYrmZRUTnYk9_dfYwQNkI6GkwQbm4Z4j7PyQqbMwTjjkYAXvN_hU_YqL67L8vPP2LOkcCYB2rjZqWCp3MdMi9Nboc6jQ2gtewSo_y04LXuguU4xyRkzA5v3KPYPIM9PLecGfCaQGq8Pxvw==,1,1,JFK
Budapest,New York,174446,2026-11-05T11:10:00.000Z,2026-11-05T19:15:00.000Z,2026-11-10T17:05:00.000Z,2026-11-11T07:20:00.000Z,5,https://www.kiwi.com/deep?affilid=mihalymisroriflights&currency=HUF&flightsId=0b7720a1511a511f774c4b23_0%7C0b7720a1511a511f774c4b23_1%7C0b7720a1511a511f774c4b23_2%7C0b7720a1511a511f774c4b23_3&from=BUD&lang=en&passengers=1&to=JFK&booking_token=HQ5NF-GiXF-avAOilwOkmxGdhOX9cZdf7Gr2llBIdsFUSCN2n_UlWb3AyXNT9incTqMLCVA-D2Y-cW29icqNqvSmf-JudoS3KfOeo2QJ5nz9h6TXZqkvJyybv-75vSJKeZ6g5Dh1LZy-lm3lNCsER1_iDA0LezWn3rWqz3ZVv0c6plqczIOkkezyFSQrUDO6rf00_c_kEnH7oQUEKeQOSU5TC1a3QC8klaKU8s4QpG2oTNkDg6olbzD1OXrM6mPJrY2RJeASw41LXXftjuxAdwbUNpHDLOjU6pKqJgGTPxO6h2U87q1d8GawMHMOkaznaelgYM7-LKrW062blvI-dgdKtFLeMLBhMlBoK2CfaNPjI3cHZVZI7Rbo1cwhyB9yx-6vT7bVtjc7qMPh5gbTHmcszTbD3PJDaC8Rs0Gm43HXl_cQY9DaNjFXF48bVtB7QbGueVk1QTrjjPFoEBeYmIrBIWCXEbcWVsPdkHljWRDmRPJs57c4ttYhhEbvyYJNZpceLkA6L7sIvao1b23VvpcZKhf1Oy8A8AK3w865mewhW_sfIXvAL9begQkjV90DaY7dvKlQ-iNSCfWf0AE1MXDYsdxPXLBhzROuQ721HGy9_VOmKQI__fZqwqO_tjlQsaNk8uXWOZS576dvv6kv59GKesB9ZF-BGF2inm1CpL_Xz3Ejj6MAhnLD-ESAoB07EnbjYdBN-lQd3GDYxaMp4Bmgit_0pH9043qUeNOCj6tB3qadrgFquewUCZ_Fbd92BlJzkW4Yv2dmEtZPsRKv3-GL3CaJHLkYh7JEqbn2x-5Zg5eaEDl_Ao8l0VPkaIJ0QQRUvuFvS49mni85w0-c5lJ-Bk6hM96y_HislP5MODPHDygKar7RuuYWerwGIzkQoMWgjD5IJX7J9VZy_RAfsYPs0aYwmWDpKWoMC2TdrMVbNt3dd9GkgQZ-joFSlAEPbqYQJIM7nCNXtpvviwEhzMUsL3IGrB-XzFY21QmilMAvDV-a-cCUV4pO6zucXw2TtuBWkLUM8mLgTrTlqr1gRpD5kKX4QDJ2-5GgDEvjfov2tcjAYJf8z252pJdj6DLMTQnhn4odmxwXYXnWQWDUONZMdtMZw2KQPqlXJnFzEKgk8GBGl0X6MSRyVVRqgrglv4BFqfeb17899wuGDcnTKuw==,1,1,JFK
Budapest,New York,174446,2026-11-06T11:10:00.000Z,2026-11-06T19:15:00.000Z,2026-11-11T17:05:00.000Z,2026-11-12T07:20:00.000Z,5,https://www.kiwi.com/deep?affilid=mihalymisroriflights&currency=HUF&flightsId=0b7720a1511b5120c8440bae_0%7C0b7720a1511b5120c8440bae_1%7C0b7720a1511b5120c8440bae_2%7C0b7720a1511b5120c8440bae_3&from=BUD&lang=en&passengers=1&to=JFK&booking_token=HtGL1N7Mhvq0Sea245oDBTWQJse4YM4ha5RZJjtcU1AXed6lwc6tll03X5BpRHmNNoONNrR0zldpZM-_jOKSUVL3KWyq958xE4q3mOFEFh3N2OPS6HiWRF9OktqhxMjanucUs6FDZ1F-1eJ-N0Azm0vZHT53tGsvOpFOQy4jnSMfYZE9NXFAJaJAKJZi3BG9rIORNUQU4AuQ0HH4YEp0iFn-sVIp220jVCwcgGyX3VJTHMU1lg0TsZOs65KUPxCGBX5_kzquYThYdgINnTrFFzd9y9vPFuF0C5z4rQCSiZeHIVe7qlGG4X7WDug81gKIYeyJRgcWXpML6CSGZuSSTiRKnORyRpfpVGymF7KSYkN79Ksi_WkmHYZz5PMsTFja9ZEAsU0sS8A5dUpmHs1SJKnso71Jjl33jYnsQhCXbM3Nmn9MKaJBzs0lDv2WkO0ksYi6kjUJbovA0ctG7ptXhTYWsdOLktSSMITscCuFMRB3PT55pjL3riPZKbMZw7yfgtAolMWEyQdwsi6thEWZhkANgxpJHtZ37a-x1BLUbMQ1GiojbZ5yw3ZfuvwvT8Qqma4cthYjbbXqyLLzAn2e3tuS1ido_mMFkL5DMdOJeUwodUZ8jchps604UQ8EKHEHealY6O00HhQyyRKdjZd0_rebM8ou0l1h2IHTzYejV85FuW9ZQFRdPpcsw1bhASReJneOEsSXoZhCnfjr06_BnaqH5B-On_ETlg5rAlMSZ9HLbOJDb21YUtQv-wiPmn3q-CjZ_4nBm7t9uVCJaIauGEzVf6XczCahg0MwuGbXv77A_9a1Vy5lqFUqXjlWs5TiPVllNB4WCd3pdh0sjZGa8A1o8YbUanavBa-hXutfQgevIkls0Gk7fRo0MHzWpCxsZnZFC0Ehk91BNsejRD5BdETzwZdDvoLqmEg9oKbWTQ4D0KQE3CUPy2FGauI9YQyzW42JH5d_jcZsixglIpzxImx1dt9PqIMrf_gy9SKgRM78K0XV1eO1uuH-r2MpulZedH40OhScHb-8-eBr17JuaJHFzfDPW3D0wSVv_uMxpJU1B8RRKXCIbW-u0gSGPqVacjpP7kMawVRdZ9Khntj3_dg2M8nI8uSW_BwJK_6pWpYHtE-m0IqQPrDMdYtw2M0zdB9zoYiHolsm94qOJA7iCwQ==,1,1,JFK
Budapest,New York,174451,2027-01-21T11:10:00.000Z,2027-01-21T19:15:00.000Z,2027-01-25T17:05:00.000Z,2027-01-26T07:20:00.000Z,4,https://www.kiwi.com/deep?affilid=mihalymisroriflights&currency=HUF&flightsId=0b7720a15167516bdad7dbf0_0%7C0b7720a15167516bdad7dbf0_1%7C0b7720a15167516bdad7dbf0_2%7C0b7720a15167516bdad7dbf0_3&from=BUD&lang=en&passengers=1&to=JFK&booking_token=H4g8xHt1V3QTF5v0XQxtEawjkkR_qnR40uhe3Cqxl7HJC61OTYAnque66zB_lBCl37EOLkzRGF3WsdHp1I6scWjQKbNOQQSMxQlRX7Vuwh_eouY1SNDUeN-Raeg0swoIXTIWmXpqgMFdERXZAPESRC0xZrlgqlHz4QCQLIN_bF5PL6Cuw77huvMQOF2adEwFIX7G2mAC8VOkAGiJ-OClwDBJcULy32l-qQc8yGznwA5oNigCIXmEvY2F7LOoffFg8LukjAmNLvV3QyUYgoAvJWZeCSMliTv6sDm2JJ7u6QGj6s_nXNsluUBNqPZllz5SHBW_w58lZhzPoVJ9CC1rr97EOaIudMtAPzRw2a9Kg_4m9pmvjWpf5mjUk49MZqqw3NnJLp8GrObthN1vG_0Jl0NIo8JOFubpsxB4CF3lzbtUjIy-9upaC-Qmb65AD04XNt-edF_-hn6BSZJVQBpTeq_-CViHIBJw0bJnKqyyItLN3JwFZeu0wefYG32oFBDK8MTjeMQX2APQSiq8SgIrX9V042CdZ1frcD5WyyKh8jPe_-RvLuM4LwlNN2qu_BK85L-S1UOF_i7YoEFP3jNuNzNYaG7zorkGXT20p2mSdEtHMRiz92SORMNM57BcTj0IG2sy8JeRdzGloKM_3EhRkWPc84bf2NXpImzPRLX4Te2MfG-7Ojk1ppylAtKZrztOHkzd0fZM4HEYVNIJg7spVzhFaFMHkDNYupS4DAB1H9UZJESldFYywCcT0Em4EyeA22nLRPb5oIgqVzuTH2qa2erYmaLI7y1_FTSy823D7s674vrlhZA2rxZXI0NiWJhcKiNDS2udm0he22Kmwew25RdFr43cpyM1JRBwV9-TnjFbvrPqLBuUWy2ywe5BVZFjXKbG_Fyxm0V27IFCZ07Dfh-J5Sajyv2vjSqVPdTshQZxE53hL0vg4Y7F-G7FdvMznU6UUhOLo4XlfHBl1Sl1P_YOYbLB66gm8xVitsl9UGLjUf2hgnPJ4LiWoEJPlAYXy1On1dSUWrnOpMp-VhwS7wVeloQRF_aIldLXBIuey4PMszSrcP0NcvNWQknhesyEUwGRD6QuTO-Kl4lYBomBMcNC7n8R_N64qjBu28NmfeS6TYFsDTULkd64jq5E46_rsxo6yAmxkElw9ReCdyVy4Ig==,1,1,JFK
Budapest,New York,174451,2027-02-24T11:10:00.000Z,2027-02-24T19:15:00.000Z,2027-02-28T17:05:00.000Z,2027-03-01T07:20:00.000Z,4,https://www.kiwi.com/deep?affilid=mihalymisroriflights&currency=HUF&flightsId=0b7720a15189518d23862176_0%7C0b7720a15189518d23862176_1%7C0b7720a15189518d23862176_2%7C0b7720a15189518d23862176_3&from=BUD&lang=en&passengers=1&to=JFK&booking_token=HLqyDQ2dSVuVn9TUaV3jt_ZLXGVdjaftjk5f0gmGqik6w7AdwC_ViQjt9e42ocVYwSwNCxliHiEcA1pvBBpNoyWXl-QEB7jkXQXeEdTouqgFKFR6SQ4nnDTXduZHpNWN5VItvamtzzLL_H60bVsbtER8J2vT-7LbEp_FP7O28fxYj7BYeixG3mimHggwQG5QAMt6ZqReyw6nASneq-GuuopNMBSjtsciqVODydMadIyy2GXybuKY_aXWJLqKAzF5ShrxUBlGlU-9qLzZFvHaA7OPwKdt5fxtc3Bxp28X6ZbviOSmDL0FZAi1iGfUCmTkoPsiQXtFMWNgmcpy-ZAmcsfU11Hi3chTYLRhYaoGsEEXt5cfgqxOD16xS8ZevqZ72vKksGAe8Ya8-Q5eOBF7Hmmq-iZNzcKvb707tU0EnGHD254Av821IfasM4T9yov4DgqLxp82lMumsmcSybaobn6bkXmbtAYngJvfIV3NHENUNqE_Rpuel-DcI2O0uAIV0hiSjojL9TLsCvNTx8Xa8qfwA7rzK6ZpWTTt9DLZd3epJWGA_Ggy9F3kVNWxR7vTBbQzZAWMWjOk6lcBJbPzBrLsL2d9v1eEI8uwhskqnlrLZD9Jc2H6kgMwRrdcLjYEebA_ouyiYIiCOI6ODw0sDy344GLSB4rUncsXiu7lIU_cGkpn3aZldQbc4DKA544CigIyQPYSgNoxLIY60CIRH69ZuWzvlXT8CdzWhmLdu4JgknIAMIvU-_dQQcI45pwCkd2eSCGJgOqVKDyk6RRdsZw_awGtHqkQbLqIx4N0I3s5eciT2zthiPlKqglCoe6fN-qPxpDFKNgKDYxPNJH-EQ9z_kor_kM9K6dWC2gHq9-qTKFQ_8GrrLziFubMKVpGNsDRyWs07mZqRkEG4pXhQcH-S_EQ28QQuz_zVOrlrtYMFgVea9ZgLlaUXbmMAi0PhpW87-Ir660gIj8haaIb46aJG4qZfaPYKpBeML2b8QuNG8nxHc8vqWemFMwm4NDeWA2BxFO1MU9xWayBWXynL7Uzyy0NVYpffDna0r1v4fszXktEwbJWeleqK4fhmMCBrwID63biBHrniX6YY_K5PsVo5viVQe7avX4MMXrxEBo_E8_MUdwuc12FD8etS9zgauxmdxyyn6tEYyMuaFqJsInpIGf_uWiFq3pWdyQ6PeYE=,1,1,JFK
Budapest,New York,174451,2027-03-06T11:10:00.000Z,2027-03-06T19:15:00.000Z,2027-03-13T17:05:00.000Z,2027-03-14T07:20:00.000Z,7,https://www.kiwi.com/deep?affilid=mihalymisroriflights&currency=HUF&flightsId=0b7720a15193519acb281615_0%7C0b7720a15193519acb281615_1%7C0b7720a15193519acb281615_2%7C0b7720a15193519acb281615_3&from=BUD&lang=en&passengers=1&to=JFK&booking_token=HNUqsvNttHh5JgPKjqqTJSHy3kOPmoLmzkVdvVAa0goJO65gKbTIjhhLh13LozUTc3HCtfA47CfzCiSjO5S1NlAlLXmPVJ9pYllO9liLddJD6GXTHYgZrSM4eRgVwmI5X_ZKwKxLSVFv5BM171F_77KHIgieTvUVMhqrIs-L5c1dE2KLJlTF_qB9Zd9OVyUoG9RBsGd8aSa7UG6EzYf66X7ElkjZNlvfMJB4mTd1seVJxNN2SjbBC0HQTEGKUqgZ_hmyN9F6VCAqZLS4o28Xt0_8aLgjX-cYDsS4xzneqHB8a4-w9QfkIjX061jYXIr6IrSTyj_oInYpSlKL2s9nh1jtdFyg5SSMgk3apNsXxvAOf1kFRxPvWJqB4EfUr8KrRqcOPi_uW53VjeucydwDdFyCrhcRLNKEAi-ueJMYKydttED_9k5iuv-9IhKwiKVZGJ8WqjwPDj8bGID4lj4F0ttF1R-7gk4NcOPL7smJ7bGKMtPsj3c1UynxzjFTKXagK8r6QWtkYUineqmg-MQNBL_L59vewu5ETLdlbyXYEiDOQI3ge6WeId9AiY8GBe18GX2Xge09-QH9_CTrzyy9IL63nH0h-MBQmk19P58VtNImgKckJuL9q88G0i0UplJP9g10WSV8ds4h_NitfUN0zY2g0e4a0lsnxZfVKMB-a03zpLYrYhhCWP0QA-hmIEAyS6gBV2jJLz9bePQGXVI-pQ8_8buoS9bicvQvAFrieRbWoNDhs6TqzsWP4exh5Of3OvIj0yFVyWVnajpalpXa4OjFk_pNxVEQgrjDXCFW1aBp06K_RmUxFgbmgbiUqAJKr_Xkyi3WBJYuynDDIzXRsxLoTL3HO12_O6SrHYV6ydIa9wSdaMh_m9kfGjxbf_qXQf7M3h5ySxBkQpH8OifOaClzBTPEtH-4eIo8-s6TwYx7QdMTktlALxvADlPk8RAOhWErNq4aqToW2fOhucA56TSzfggeXu2bTjvYupkOF0WataJugrL3iW7dFdO3vT6CvHSRyc0t4UlqIiPXRINVVIpuMlnwm9vRCNlIqCRQGxQhXeVzNnHxAUnQXw7EkP5-RJ78-jUgSeUF4F1S56b5HuNXiWXuUfsvTBMfguetsmXRs3lxcW0GTtz_EM7jkL3QE4saLKV0SOlsM2RyN9z36Ig==,1,1,JFK
Budapest,New York,174499,2027-02-03T11:10:00.000Z,2027-02-03T19:15:00.000Z,2027-02-07T17:05:00.000Z,2027-02-08T07:20:00.000Z,4,https://www.kiwi.com/deep?affilid=mihalymisroriflights&currency=HUF&flightsId=0b7720a1517451780c0ae72d_0%7C0b7720a1517451780c0ae72d_1%7C0b7720a1517451780c0ae72d_2%7C0b7720a1517451780c0ae72d_3&from=BUD&lang=en&passengers=1&to=JFK&booking_token=HkHanI_fI_tn9r-c_NalpvWtmBlgi3BlpRGQ-dNNMbXTJC6jP3Nl6jqEJK1CEMBvGA6NyIHj-AYgIjSJzuHRFYJb3T2Kc9lQMJdAfm3j9Cq_dWHB_cz1x_lwQAKP3i4zA9o0Ug26b02q5UE-cCapFLqDsLlmP1qpusUfNfDNOc4dR_I8LBudVe8zh2deLgFVBj7TUIVR_webaAcu6apzXhRCbhS6TbPFpmWWQNdSQW2Kat5jgDudbkW6CDP42-knttyzCMIGvBuXg1rQ3tJ6fiSvUo6PtkssZIRYqfvn-cm877Hy9IonkkIoZdJECZsOxXq-gVrJKWjhesB1oGAwyHiYrcMzd2inirxe2TUELdw2hPHiVGu3B6MdLpD8tyTRrXuRVMux3UFUFEd_8ZZarNSjHD1FkYXySuJ3HQdp15bzTEAFwL1zGoAf_SbUTWb774HbSdAAb__a-zjHgeTRjtl8JWVVFOmRS0oFb9eF-QWaAdlaFzdvbf-IcafVQjuXDHZwjksOcOSUhd5DxLNz_h8zw_DPsSMhLxiYkCyyDFfBnAvlgBLd-XG5V5mOo5Pt0XfVM0icjlgYSXuVKRQZ596hj_uhNngRvPXorDB4wiyjkedDdUu5J-M2Cahv7tu2b_Z61TaMve9ADvoFkmcBVz9nX8m41yYJ-nC1as8xE48YPfT8NOz3UKcWhr5-7-dVq1s5bKSUeJ6_zKUsoGh3ccYqzq77bNIczXTtwzarBg53HaRkI3zASOaTlelVDyT72vdvyDDD5vc2yYTiIJjq-Qv8nRx8DzwHQF8Qt4ADQgy6WlPLpqLVxfGsfq-Bbbss1ob5i7Eu1ZsFQ68-uiSgdij0qv8_RVUjOezdIoERaKXgV9YF8340PF3r1KHRCA19y-ojNC0hE1xOaafF7bWHFoniTJP5LnkgTKFJPOos-C1ZdKYeRtgCoBQrJ0nEiAXzgQ29rxAdp9kI4iNacmTijZMPIeUHmnYIFnsvqWDPM_KNMK6ljgagua2WdHo4SmGzmT72bJqx9QSdOnzyxiDYO6SEArsOlMdJSfNENlhu9TPJ0UnKJrAB_-u82hCaX_LNugQtH33eYm0j5e1mk5KbaGSBPYj_B4vEP0j9Ii79vflmHmlUKFbyOkkttmjTq-RAINuMRcTwwQBHEcoNpRzac2TggpE3bgGqOOPFh1evSePs=,1,1,JFK
Budapest,New York,174812,2026-11-13T11:10:00.000Z,2026-11-13T19:15:00.000Z,2026-11-18T17:05:00.000Z,2026-11-19T07:20:00.000Z,5,https://www.kiwi.com/deep?affilid=mihalymisroriflights&currency=HUF&flightsId=0b7720a151225127c1c9b463_0%7C0b7720a151225127c1c9b463_1%7C0b7720a151225127c1c9b463_2%7C0b7720a151225127c1c9b463_3&from=BUD&lang=en&passengers=1&to=JFK&booking_token=HeZNHnIYp5Goa1nc0UdlORJjFbaw7kiz6gNO7dPFWxTTmJ7-uS9tEtiD-1JbI-iu_WkQ169zpzX6iUSBAQ9B_cJx7Rr38t52BpcAPvjDHsZHh-cxyQQPTjXuIkvrYvcnt_ixRmyxa0ffaflHZXuieNBtBlIAD99GDZlF4XRQAhlvzfjqCXLEkS7m0S9gzHQ924xZbQRfii8UVXMFATcLMNTU8-SMLZih4jUxP-vqmqtwwJQNxLggJmtQCFGB_YA1VlXpjeAAdNzfvJFiIL9ClVXxItdZWDl31psZLBx2R8J_Y7OubGEsNIzHd5EvWUHNrsrMAGTTdIvgr_pjUNJS8fqpIjeyYQQL0Be7QssHNq_tx-ZAQ12BcYw2rspSVMK_LdGi5MVMzPeSloSCnmz-gfTfzIIS6-G2HRZud54ykBy5gmwWj6V2c5IGhr7LJ0ia7ej33k5w9JZ-kPJnramc7ezFlW2w5_XRqVWLlVa6YaXctpkHlm72rCjRi0nG04KQTYdpMuCtByecfs8V0S4qMLnMwk4TANZa-jalTub76810l5MC2_QlJymlxSLd32FwPClYdyVzSSA0Y0JzySqzKoBqj4lJB9rVzyjCS-eBnn1RpAYt2NEmivYXyXUHGws1-NFSbdX21-KEcvJDt2xsKSiRKrWNMNhzU_eRjHknNCol-TUi4AHTE0q_FNhntiduuMzUO09rmSnETNgGL3Oag_4RdE7NVD1Uc-z-Zj178Ig7cHJhBPHg05ebS3CivM5kWOYtqDlWNvTCeeB0TDoXpc6jAH_GE39x8Yga6h6YKjH7aTnTN919NEPe-_0yvU80d7MGsOUlPlsAv49eBQUkM6Z_cG6iHkzPud12YFxUsMwDN4XIfV_2JfvPIE_oc9aMuRX0wxEZQ02-iJIUBJfI-eJoZw1WwS9a_pqU7nik6zkv__KsX9PCuoCAWCrBOuX6dkPv62kxz9jxxBKe3R_hyBJiO1hnW2Z0jb43jm-C6__q2YxS8BhZQkO2F0Y8yCwSFDNvIWs4bgw_GFrVMnYzEyAj8QMQKmIorNW4I1HnwLG7k3wbrfPTIAl-_enZcZ1bxPpP7NmOLyrXq83iT-jVcO0S52FlBaJa0hzjfaNtiIBUzIUyHD_oSCyOi8VSwns1YyQGU1wln691NELyTLhRatg==,1,1,JFK
Budapest,New York,175139,2026-11-20T11:10:00.000Z,2026-11-20T19:15:00.000Z,2026-11-24T17:05:00.000Z,2026-11-25T07:20:00.000Z,4,https://www.kiwi.com/deep?affilid=mihalymisroriflights&currency=HUF&flightsId=0b7720a15129512de0772205_0%7C0b7720a15129512de0772205_1%7C0b7720a15129512de0772205_2%7C0b7720a15129512de0772205_3&from=BUD&lang=en&passengers=1&to=JFK&booking_token=H67vS6m1hZ2tbMeQoj758Gw2cn5UpwdF-PFA8vjG4RdlYknMFPTeu8ZQyuJyyvw4zqRi6CMqaHIe7i3iX2GQDS9WqQ34PJUry8C_3gWpuEU0XI_FaNKWuTSNxmXKOZl4Ixj8rni94Oktky9-umeN_JTzAgwwGAXjEdQhq8ymCOjk7bio5VvIh_xgUMeNXL7TLlx9BXmzeBbfmMy9m5MMSP-k32zj1CSdDNjdSed26in9oaH0QnRLyvGUPM7lO1zIKvpLFzQK2X86C5lNuDAOZfPSvHk7broYq5Yg3LLKo8UEaCxXOJHe_bex8512g0HkHhEYkTfuOQqGJxW4uta_tlsl94C2ipkKhzm5MnrVFcb90dO2xJ97btqJDmbZZ4_h-zptIQpuhjyZZgD-E4eIhQOpA8uZyYGXTh-AOr8CrCOg9MKtPwoNGNxPovGf0AUCnQ-6hfCmdk48xt2nefu9kuuXfwAcgiPxJLmTn6o3XVwraIGUqKsw6LiR6jfcQgmP8lFYJae3lkqgNeCoyt7RyS4WhuPruGnHZXTRp3ONyo9klkzHCVwNGTH3pi_Ie9b3BaJmZYnja4ZGhgpylNqATrjOcwlblGoe_YFVQrqFR7SmAomekohBORRD0DUP9y4W_CB0omLHpeIS68yYglyY0bPUuvOSyKxO4bgOJrFaXVjVNVowMT33ZNSeBucPqIqwfu7y3iMj5vfpzS3AalaTbYDDvHevxm_W0CBGRwiRz6O8zb8TObFc47MdjwJEeCQHWSZbFntLBDOsJRNmwsrJ9lB7jAH7gG3lwOhnHVwJcqTWAtELsOMjaRcZRdsScfsJbznT180kGUeEeyH21R4AI3if0aV-PG76jhLaK0ANQlHJmtIaa4dGjmiJQhdk5BfgvgLKnJSev_q9pRgk9uNlmAtpHi9kN2L6Y1_yrZFyUZh7yDHZF8OQNKSeCZEYxbLw4h5HHMihHRTmaA37Bu7zMHXnkUKQUpY_AI0MnrLMXU3lH_aUIv2Wef9vI3CtRw4yjv-BLJPKyuldz05trfIdV_ohKKajVpzPigEe0PdGxYnhg-a509kIUbhn04c9jbkDQj-YngOBqkimO0IPBcDtBUZLoCkoTSyJW6kRffVdusk4g9WbkfjQsiKolns2KI-eM_pkPQE4ut5gk6ispnKC1vBD206hD0lLJlTbZy8EqT24=,1,1,JFK
Budapest,New York,175238,2026-12-10T11:10:00.000Z,2026-12-10T19:15:00.000Z,2026-12-14T17:05:00.000Z,2026-12-15T07:20:00.000Z,4,https://www.kiwi.com/deep?affilid=mihalymisroriflights&currency=HUF&flightsId=0b7720a1513d5141d4570c43_0%7C0b7720a1513d5141d4570c43_1%7C0b7720a1513d5141d4570c43_2%7C0b7720a1513d5141d4570c43_3&from=BUD&lang=en&passengers=1&to=JFK&booking_token=HNV8Z2kFSR9y13BawGakHzUnr3H0_VlC1t_3f3oETnmhoIAwrXZHBXF4H75CqMKxUwANTWPMcA5-YwkpKHtmYQjQAuOpG8y5tND4Fihl6aTpwtwwK6TnBWr3V7xVkzpnT4rWbrc-ad9iExXf6tfFDhmLJE429NagXwVwWbpYg-H4M9iVBxHsh4GOU8jqm3XbVBuf7HuNQzPvvCVorB3HkRaekBHbOqHMPLPZCCjEmFyyYlqGiAG9QWaLDss6RFWC4YfaxqfImjG-q2L8SK20sdCpcl4ZpVZ1yIb62FQlFzjXxBruKBd0sXl-DtuAyfgP8f50L3azOHQVJ59DdAT_40QwUawG49yICt56fBcdpFE-U_yAbT10j0ybsdvbkh8-AjVUjAU3UlNci4GMVg5rp0uf4hrf2NBz9v3u7nMDyJg5XO_MB3sTgJJw8oig0W4u8v_QhczK5Kxi4r7mpRfT8Ey343xnXuVjFQ-BTvT0AUDwa6YU7rwnoVhe1FjULe9qz5i8dWduPKMzEdOTl5aOOoOWeqUmmyEdrZJrltxhc61pBEO8YlGx7NjkPpwb7j7mWbNBTZNkeiTgKYBvzSBL3vy-hN6SNR-lI5zCIz3l1bGXJl5gbuQ7tL52oZCeBvA2GnMjaLuzj8TpbMfU8YTJkILqHpLtTmqQBKD_uslotVXrTRDtrWzjtO4tviV0JGGxWPtZjsWsNME30En_v7ISkZn5G-FnLynJg6wl80pLZ37upvhCWtfPrJ1VKRJPal320TrxJIxanJVsskNlhePlughTTCxBR1NiONqsnl4tauw17vWPTSaUX1v75CWv3a6fMzBrZ1OBkMvfFhCGLLbZpGdgqOrXS6O7bT88tKuD754rNUYd9OhgZS9JEOVCPaJp43SsiXBPRDDTjHXATzh6MTyF0f3YOg_S-wcKy0ef5_w5995V6fVsS6Q5jerlajUh4p58q_mkCpcl5e1eCMemLpYqeLIYByzCm5Mr6bccL-FTRcr4pTl7u_Aif1SwSV5MjgEWG-AMenkYYNoo8nOD1ZGEI4ZwOfoh6TpYB1nPzvDmhkTymDT5nPjaThk_xbx6m4QiqXaC5KkoEF4I30O0VgpeYu7iqvxw1l4EldGrvFywEPOlpmib3w--FZMlSr0srcXSm3ClGky6VTPX0BgBVjWLltAvijoFlb6Rdx0JB6A8=,1,1,JFK
Budapest,New York,175283,2026-10-15T14:25:00.000Z,2026-10-15T20:05:00.000Z,2026-10-22T16:15:00.000Z,2026-10-23T07:20:00.000Z,7,https://www.kiwi.com/deep?affilid=mihalymisroriflights&currency=HUF&flightsId=0b7720a15105510c0f34b88b_0%7C0b7720a15105510c0f34b88b_1%7C0b7720a15105510c0f34b88b_2%7C0b7720a15105510c0f34b88b_3&from=BUD&lang=en&passengers=1&to=JFK&booking_token=Hr3AWHzqIvIub05VNrrobdQZhGKTlAFOV59VXC7NHvfMcIB6kif701e2ONfslkg7s1xXxJQ3yZCasmeszc6X7MW_410IF4cJQ_JK81HMWQrx59GooPXWiGb4bxVxliKdWlP2jJeaK7g2UmDO5nyYFTEuYJ_fBocy4qXZiNtnYFNQ50pMJ8Dy5REoYrMzg5Ol-7Nnf6xYL_NE7sl8DDJQfAO0B3NswrvhZgGk5ubW-ipo5ohV032QUGbUNsn82YE-AGJqqx6BJn2G4huRIHsFS-W7Rf9BKDv80jnnBOhJEl5WGs1MDPc1btkNQus-Uuhw37gj3-s0eseg6gWZCzmbMcvpr77TeeqaQ62NwtBKJhQlqfC8m3BZRYGYQ39LvkTJwCFNOcdZWxZGQPTFqKgdKJhwJhACMwlcLgNdhqzpuP0sgYq-hR6gxYZjxEqBpjixorwMqD5dCSaE0b6UQQ5SssJO0TjGn6ajgHiLSQrVEzLGLh7FzceXfCywKtIbIvJJtIxSmKaDUQ7ogp44WItlDnBoImeaZ4ybN-HscqWzsQClqsQD8pE4Ofdhi5KYXJl8ngENe6_edRo0t1zo-dxEaazgGpSqcmoOYteUVXYw-AFonOaPYPvW_T8A_b9LIbJBSWXdowqGZ_N01Zt7m9YPsbDKNvoBgPgUq4n3NGgetCIBuzJeqTVasNwJ-lVSTxuIjhZ6Ak4DbHgOzVkU6uzUrhIOsrF-2ahWU1Q-QWouby5lmrHAyn2hE3Ey7_cL0bbBntS95JtwL-gbK8n5-lMORzcI5_pwi0ve2UcGto3cetQmY3TwJI7KK-wQie7cRt2s2OkN1oDOxIvt-5HPI_cgCrG07AGMXS1R_LLUmHlKN7v-GkIwptakearHCBQn9xaGMxBEkne6XLBeyrjrjRbCI9ure13USVhozJ6SshWdHelCSn95dY5WTkl7FXqX303rzNY4pQfAXauhTVNJPu_PeMgwodIAzzvp6y1Ic47bgqIssEDESxeDg-YHbxfHiP1rFnRc6PeWX3IRuMdjIuqZgdo2lbOvgY67nublGOfg28KokCqFKkqlZeQNSjaEMQXVvKhxMpCbE7PtBxWp2lWJg6GwXq09NmjJmJTPNa4TgQUIxte6BdbYBtbsDdn8ammli7K7fahL9gXQDj2yNr4BmPSOdTuLVvpg1xpVD676ztqWKXCwdqzmLL3bcwFwZ74Go5n4P83usj01ZwoMGtWqabPl8RuUBFbkslZuJymfGBth_3aOXmqob-sM3AeSulYkMl6J2sdjW7Y4_iqCufbBhaA==,1,1,JFK
Budapest,New York,175283,2026-10-15T14:25:00.000Z,2026-10-15T20:05:00.000Z,2026-10-21T16:15:00.000Z,2026-10-22T07:20:00.000Z,6,https://www.kiwi.com/deep?affilid=mihalymisroriflights&currency=HUF&flightsId=0b7720a15105510b0162e811_0%7C0b7720a15105510b0162e811_1%7C0b7720a15105510b0162e811_2%7C0b7720a15105510b0162e811_3&from=BUD&lang=en&passengers=1&to=JFK&booking_token=H7_L-q4-qaWCrmhn4FvMJb-K8s3H81BUyCzKsVkcWRyrZf_XpXpLkYGqLDE0_pv0Ym9LNEkR2-S_htwfA-sWaNjbzVxnA_Yx_kGZGQeE_oBe4CNp897BPO7Bv8ev5ZJo7FO4gYoAMDZibzfrWOtbYJCMY_d6YLXgg0-M2OrsQQtdJEUDpmGCsOk7mloWUrnS4ehhC9vXHEVGb3wIksFktMT-2sJVpA63L-WLxzPMDFHyCsHJpES_tQY4yeq3lw_txeR0rPTJaiVbPk-woWv9HM8W4BQRUYBLQqHEouribpqVW3GI07J8ppnubHDCGN3IePlHbMV3to8Dt01bPtyUsY9Gjo6At_IUGXYlK-fY91T58ymxJp1Otk1N2Yf1EN3iA6aahrN6T5RiB94u-dfftQP_4KH8nPUMJZwewjSBcdmHMiDdfBs2tPFpCfMR9IB1NfX0nRJFWX91secqienPrQqMg3o6WgqOcgCNhDPdqMB123mV_oLPzhGD0lGheFoHq5fSX_M3UZ_k2L0aB_m7n3yti4ElNShZ6O8TCiDUbJJUY9VHl_pGNLm5BFkf8y1-58ZknU00QCi4gJSh8HUCFEJbcsyAwhbnEsdhTeAQgiSNRf1Q6_yBLLazrslyCoxmA7AXfpY6ansvYUIEc8NQzQbN2CgIBz-YxJRp7-c-aH2w1qLOqeeZ9WjNMH8KZ3pJ-qF2t7e5zbrX5Vxoi7nd_p6FZnWTn18ycNgqtS0-MMnsMGkvT6K0TS1zBvKyhjwYsUBKo6CvpPgBvfnzFlJoxfL1iaIiBZAkfaSh_hLqP16D51MYMfYvyjAC9Na4QhTd0Twc6Q-0sIb6sBASCt6-a1hG21hqJSiuhsDZZRAjEAfT6AZotqx6pI5wN6VTp6p-JNQ5z-h0IOgysBZ3z7wuGvrttzjl4xrvtt66q1-yp4IUwoRR58ZPUenbVSS3Dt9ZWSJqDA875vyPDNPpLW-KnOeoprxs5fO6kq3Gk9hL3_1Jib-aCg6WxBUsYlZ3qfIMhhFhMk0CNpiMqJ_4j0mYbEVNm8K-Z_kt59pPvWij_r2YRddB8gJJlbSkF0UF6iaURCLzYipd1pzKylyUiUZAVlOUAlHibpfEHaHgve6AQ8kXE-R7yGQTeS-S_fRQuV5TY3y7Pjo1MFnj4jZF89ktd6iALbGom1VBG6OiEmQ-CTVh2GbvrEKvuQ-cvVrAL1D1jLV7qqNMtJ6UN3BQFzvYsOHdXvbanszaBks6E1dJzElD7WyBuvfmzzD6-gqET_41e,1,1,JFK
Budapest,New York,175283,2026-11-09T06:40:00.000Z,2026-11-09T13:35:00.000Z,2026-11-16T16:25:00.000Z,2026-11-17T07:10:00.000Z,7,https://www.kiwi.com/deep?affilid=mihalymisroriflights&currency=HUF&flightsId=0b7720a1511e512516643e59_0%7C0b7720a1511e512516643e59_1%7C0b7720a1511e512516643e59_2%7C0b7720a1511e512516643e59_3&from=BUD&lang=en&passengers=1&to=JFK&booking_token=HAwK3sBdHLCdEPJ9OnPTfhRU8LildgB2QWiTd2gmmkVlrAUpQ95hTatVIRcv7AKXxn2TQmSeZJV4vvFm19_3jjxuw0xFEsPMLOqNUnpF165whq61kHFkRoKUnqtjiPQ8-Yu0pJo9-_sUZfi6WSxOLGMXqSqslsM8-MgHStYDwLxm3KPsoMF2JbhmesJ7nc7YWmApW0O8MoogVQZaoEPPpojLOY7sVI5reiqI5DaS-eUjVCJiLhuN1bnYt6OPSifitRIoyQ6S7lJMT-0IphrXfhlbaCCmzYGs-YIhJwLUYClJbAvAyaP7B_SOeoui198TxWgqdYavxj38EquQbYw8UsbLYyNE0q8IQViX9ig0yrqVS31aJfQk8UDPOrNzNutsYVPDd0UKXK-LeWK3icE3VqG4gCq3Bosv71nIsGXX5Z6WF6Y_PRsPy5HlOfBmLXL_-rvROWGvbqkANQ2MR5hnBoFOBjpK1mOrXrZzaCxEvsQWcTbq2KfKX10GDAf6wuTSAFPr3gCg2AibFnojxmMX8aJutGpcZkC8YKZGz7yPI8_EKK3Pu_MGs5WxVo7UGBvC3XiJyqjZrO3VP8FMQGWtnh2cafSqINBYRIUdjadKCgiar6YoDaglmbkmatxFgDPlbBx-JxcMPKJfP3UILFSdvTVrGcHJHt2wohZlqj7rpMSNh1v9iiTPVv5HvFEJiDBI_cMgAmxQ1S2KTs9hsxfrlWBVhwciT3ESx2UqSIoAEhbSKPzopLnsm7zdSyA4iOP-6gJ0rQyi24VfDPMmLKzCudsRwfBODm_hkQI5KT1Rx5x7UtQrwDvWi1UxGPgBkKxDHHu3C3AfmPDst6q7RjGOqGcVEREDb-pVMAEed4SnYQ-m5s6HzN3LVZzQB9JVpHiqFIKe5bC22BsbnNj5kCBEHpJBHlbyP16C7U2x44IkkY01J_qXovpEly6dSUIMa7ertfvnyH-nzme51JEGhfM10czxIZil3X_cVKjLExxZwFCG1LHt5fcYFv4QRpDpSOLh8-cNz_-g_p7GKgOrrdTTQG9RJI97eRiZfK13nNJv5dtggq0axgjE1jD4_seA9sX8_12gBkkAKRtiZqSYRVq2IW-fc03U5RhfXud21BnhT9Qrwp4n5bc2ukFLbh7DuuFmgcoJCUW4be-8nH91Pv6RV8zDjUezIPi0De1WMZOZbGYv4sKDnbBthoeJqycakdzh3vMvduuwhfwS-NWp7IM0ox0I5z4g8rGb1ctBsRRlCKIJysEa4Z-q0doRhyzVqOAZOFpGClnmqrYbuX-ef1nm1yg==,1,1,JFK
Budapest,New York,175283,2026-11-18T06:40:00.000Z,2026-11-18T13:35:00.000Z,2026-11-25T16:25:00.000Z,2026-11-26T07:10:00.000Z,7,https://www.kiwi.com/deep?affilid=mihalymisroriflights&currency=HUF&flightsId=0b7720a15127512ec42802d9_0%7C0b7720a15127512ec42802d9_1%7C0b7720a15127512ec42802d9_2%7C0b7720a15127512ec42802d9_3&from=BUD&lang=en&passengers=1&to=JFK&booking_token=HM4ls8RqIKXSoENHKYR7TYhtwKSqUaswGkPweRL5fsLZzT3JErlkYnvGgWy8iRvu7pRQ89mazDN8TwRHpsYrNc7dkY_1rCj_9WRvlRqrcHxpfrErYaz76WJQrH_D5BBVv-Rr4McEuPPZnpxgw0Q_Aw0d2wBiCfl1nfq_94Nxs2FGK2gtAlB4vjEMRjna8QvwC951c_BjkbiwoggjL4IMjNGMT2J0ZoxeKMkUDuXnSx1b1AQUwhqrYGVSMri7LFs_iXSIXgbOPvv0NubHhzUquX7dCQedMsPxjEi0pwSKTRafbVY_xg0a6T0VrvWP4G11hWLnzTrRV4dtfiBPWuQbJyYgdn72VPNiEd-nSwySO29bZtTTcrezAqNoz89eWNiBKY9DTFg9csx5ePjfPh1ZPltFpamFnZeR4HQB8e8BaIJENZuxhGpJUFMD1LCd3Ol6qGCpbXvf0sdA5bHDoMhdCVPB8b2hruyNtM60FdlrzRix0_17lvDZ2Iug0v2cXefewB_9sGy5u9wEBccqVgILiKJRM8MMQCBygsJsqlRKwdjVnlCA7j9xZZDtO-snsFNpuoDTtwYZS3w7Qd1MHImeSkU-63Ud0P8qywpa9V_rYei4a8kzmacp10WGhtp_qpscCu-3I3GZ6wJhvHoA1objc8FRsDd0nbcVWfSamE5HyUAWJs6Ux1LcXAKzmsv7gpIn__1USq9WnyewH5zVM9QNbe32PbxO19YMbeorLC2luWbGVbQ8-MTpdAQDz9EaFYzrZnPSJGeOKlI4fVnUl2p54w8TJen9NYmwQhKErWtHFnC1wcaN--NZ-Bg3PgNsFqFUmmVCKcIxIYx9_LjSduXj4DRITPIh51Gddm5zh1kJl9d964YCNmLi00BByMDPN2eCFd2iuk5f7iyBKmxkw8QcckyzWoWpTi3CnOuDvt83I54t7-9ZeP3kEQnfyqSTvhrVMgkw0fy0NDgNkqhD9cO6241CNRl-vsnJGCZ1wMXyVxbBtivm96jYw8SEk016AXDFL82N1TaOH0Gkf5N7u2C1KfIdZkx0BDWipelmw1dKvFzzuZpkowuyTq0GxosY_3r2IxKNozbL2WgVqE2N-tjAiY-kVjRQ14eoOVwRkkuiKe-lPbKwlqJohb4Fo9eMpYt6Sksr7K4tQcV5qF6BrGWf1FW9DSGBuuwVDQLlDkWNfyoUtAajCGgl4jv90CcL9RQVAJ2U1fiNnIGqBB7kR1qPfkqzQlVOhNWGxO5NJ8YYUZdD0d4oRY4Xl-hwt_8cpFe_2lkEHxYhT1Qrsi0cvABYxMw==,1,1,JFK
Budapest,New York,175283,2026-11-11T06:40:00.000Z,2026-11-11T13:35:00.000Z,2026-11-18T16:25:00.000Z,2026-11-19T07:10:00.000Z,7,https://www.kiwi.com/deep?affilid=mihalymisroriflights&currency=HUF&flightsId=0b7720a1512051272c947035_0%7C0b7720a1512051272c947035_1%7C0b7720a1512051272c947035_2%7C0b7720a1512051272c947035_3&from=BUD&lang=en&passengers=1&to=JFK&booking_token=HzJdI0qs1gSFiGzVNxH3LbJoIthlWTlQzEEt4mUxBR2uALCxpuILyme-2qwDWBIyRH2vHTVV3zZL4aUOTMCGUkt8Z9NDEetRRBtOpX6aCEUXnPU7PwxCJad5lX4W0ED5c6S3p3c1q6tghKoMa3HcogS0sPfliS4mWE7yeM4CvVEE7E9oVdVV7VGxruFoxdbTogTu2TPgzzzKYnlBznK6S8aQ4wTTdKzm3d_1uQKwlqTAtlntNnXz4NOSyHOqi8ch6qDEy_PK4UmyRNrCTsFXKQ2wwX9jajC7MW1aRN0UIGlRSAzlLtELy4e4LNIbyeyR0sOIuL1SHuzJ0QbtLoeTqmjVmwNCCZak4eTvwa7inTiK1azXtM4Ir_wnJPLDeE2_2FfJCE0OtMRfgHnCLCIMdZQE-X21bW-fNlf1PfgwWMOYYk-HAgZlJKmOXs9KfKNYk5ij7Occw9K2NISKl9oDwi_W0KK9Xq4PlNtNdSt3wqnejyJY_YkUNiRisQ9Usz8S1ycIFwTmHRkjR4Z2i9fKcf-5EMXb1skS9CB-155rJWitrJWtq3s5Jyhc8yKP--l5rbcOOHN3sP8bUJbQ3wPUzHajfFo0YMxHmAvDobVedqW0THquJEacjvDU4F9mlBCJi3D6aPCWjU4AY3ilkRAHNj_VwVK0Jfm4lwXJP87H_FrlHMiBqRTj6oc6Ekfk1WzCmCVHIhGUe7uUmxQik8M7e22tqt6F10nC-W5O_0bkck3SY47YKd1CWK39XSKxTLBy08HWBnscKIQbDrZ2gUD1A72hjQHO86QYS_koYOFVH5WaY5IHwrI_expmQQ32q2GcuCVBb_MNKe7-YuyqMgUcm1Yx9AiSjQfeak_Vf-hUF2wNZQH7vP3W4uC5GG-HR8swwm4oqS2p9Q0sdHmyw_d7Xo_7Ghng8aLGkjx7fSfZNwFS_15cuWo5xU8WIl8MXeDsXEHNksJzAKhdIBtj374a2CW7p_4KaDr14a8em9Ighs-IDuSba4S1lkY-wqIbbX0D1XgFLD8XyzrFBGGGY1D-ym7gV6OUimhRbzJBtQXAVjgxmh8srDu9yoeGh1-Z3rhSzjkf3LnI-mUK9zl8ZMfiVbb9osk5nYJvR9Am_PCmuZNk39PlpzTrRotQ6dunNGhGtzj-Ptk4-iW7x1ibukpn5mNbjGd9OOf4qwPl9ophRoW9kT1webiO6FLVoHsZk0Zt_yZu6SdXdF_J8oofcAeXqB8sVJTl_89EyeA4j5ZkQrKOeap3T4_bZeyS8zXwU9zyZ,1,1,JFK
Budapest,New York,175283,2026-11-09T06:40:00.000Z,2026-11-09T13:35:00.000Z,2026-11-15T16:25:00.000Z,2026-11-16T07:10:00.000Z,6,https://www.kiwi.com/deep?affilid=mihalymisroriflights&currency=HUF&flightsId=0b7720a1511e5124af5243e8_0%7C0b7720a1511e5124af5243e8_1%7C0b7720a1511e5124af5243e8_2%7C0b7720a1511e5124af5243e8_3&from=BUD&lang=en&passengers=1&to=JFK&booking_token=HLTyMcsnEmuoKlENxi78TDFnR8KgFiOyrteKrqvPFmj-YFlikrzi0TjA2R88H8ofc_Ng8DMK8-xcT7BUBIwBFIqoON2WkvjEAumYOGZ5Gq9JlUsbcmMye27_2OCFgQgfIT3uGqTH7MzCLLZFVJINOUu2TzhjfucNhtCONGJ6DTiEnHSGd_sBNgX_sb3YxoLA8WXHnKUD5XSw4p5HY3u74oxpZ3BVDiM8OZPoDqTd5naSOxsYKUHsWtN1UQfvZ5xNvgQfV5B4iol3YUV4IRV1mbT6Dgd-vUfz3RsZBLuTT-dirE7GF5opiHrSIorjRcW2vQyrR0CByo4dEda8596ksvB_b5AfGipilViVpgmt4IxerC2qoAPxVQDULrRtfV57l74ihMZaKC1FifsBjb1tIvVzKJSQT94XloGdC7KFFNU3AimjfTwft0otL1T7RNtjag8po5y9rzZG_CE88ADZQRObAggkXY-dOLQfk1__j2Oy7q6SIdn3otlLD6iMfp-QR5oBnenoR53zrK1aS3jpKqI7mmjy5nbZ-fUp-3AvnKyMk7urf-j593vdHhIOjZlsyuvhMD92HxcKTXChj9w_dqLc9gOFWcr00x6xlvfGERp9xKWj6Ia7yu6MovJ0mwQceLMa7PT-9i96odA9FU_l_CTXm-t0rxNMwVwbLo28GBO7kEJ-Qwwig-8l1lxrrfl0UCO68cc7rFJgQtLYjTgxM1Ovyhbk1itzbkHL9S5xpMzZFLUNRrryWdJXIp1zEDJGQDkXMvB65XTQPQvExRyTBYHGpkEig6W2DL_LmjpMBZtpiCEVg2FfaxagwADDPGj3alTWPYRCHDdQUYmM3Q6MQp2CWhtaeGyExdTbxawKAHTBQHup_HGzsSo2MtMhQX24ktQEetAlU7fWdG3IqlQLCVMbqacPWSw9rBODjPyc4E7muqzEnpasg8OIIvgqHON3Azt85kXtCG2v3bPXLH8cagniIGAfbXoMURRngEYzIr0nVSv8OC5Fm9GmBcZ0tR8GCWMKiLsP-aHlUxODaSu51qHi4NUjw67A4F3rnluodwvNxNq7Po3A9DgTI9mxn0UBTE9UC_KzheaGuxOiKqsuUEMS0eJkqj9wWDPZ2nIE6BA-Rddz_10EiABjzjpw_-W6W-ku52htsexvtve3wzVFmB2-QnrwS5v73IRlHHIduPNehqPRW-1yk7iLt8MwTVyFfdlVs6lFznwBEM3pFAKQwMpYzNsCLqDldj7VHRBZ-PRYC1ZRpx5NNwNCaHqFhiZKZk0IFq_jNe4AUJwcD0RuO7A==,1,1,JFK
Budapest,New York,175283,2026-10-15T14:25:00.000Z,2026-10-15T20:05:00.000Z,2026-10-21T20:30:00.000Z,2026-10-22T17:40:00.000Z,6,https://www.kiwi.com/deep?affilid=mihalymisroriflights&currency=HUF&flightsId=0b7720a15105510b1276b181_0%7C0b7720a15105510b1276b181_1%7C0b7720a15105510b1276b181_2%7C0b7720a15105510b1276b181_3&from=BUD&lang=en&passengers=1&to=JFK&booking_token=HeS0pdKxOe6XbPOvRpQBPAnm2110CSc7S0e7VrhHphufHtWvGG6posQA8QKkJ02W2yp2CVi0GoAQfcucCzIHa0zIcAseXLvj0CI8fsCDLsNhdsBgvaQWBnN3aTpdcGYh5Ip5bDxRJxRG-IS2Ma_8EIwh38qVPk-vzniExAJ8-Jib-fddYegBhPpTiGQfszywy3rxaH8s2DJSW3hPRHCwBOrrfgpd-0lujHA5S9UU9onFGq6T2D3bXQqH6j5ylpPGWVUtK-T7jNmz0GzPBYKI2u8zob_7MraDdGdVS7SBNt8GB5LLElE8mSzL4q5EPlJDTAb5mcc-QlsqxatWWFbF9btYXZYQsJcE1O-_pvcoPKg1Gmiv8VhZY-4HJdp1s4vYbRYGtJJSDeo6Y4eYsmy8QW4k57rThfRovjH4Qp8Exg0NkNDBCShEv14XEEhnizdP_mEldyp47aDp6d8p6IGMYu8lGqt2I2VLfh8AYzCEZh8Rz50pmC6ECys0SgiDDoxNATt2dvNc_rjdB1JSPzG5wlGRdnQ5SW5jPLH734OXBYnR0R_j5qB0OM6OfoTdB2Hrsy4LQlZnFs8bbkns9pircHscsCnejpt0o3qHpATRU02eVjFTiyr8IW-X-bolL0C2dTGcENNCwuLWPpp4gM7TBhk9BS_nw0Ltwf6uL_Cr3MQhe9Gf7cgtOuzYSR5ydk04VW_RJbWzY2PY2qLxN0zOvmIOflXOMhAix3lXRJr1V1CTA0ictHfttpxbVWD-b0ZQ3kJpNolTw6G1_qfqXsRpNpk8lYM7hyildbxomI-12VLYSl_ORrJD1Lyz3c1yybLAr-nmObDbv2Aq5cyP_ssmqj4ILFoWRv9ahhvcOu_gh1O3IZh1Cs62R8ixCTG0l8yHaubebUxDcIxQ0_9tbEieNAILQwcCymeRBsi16-KZPM84V97R37dWYrKQy8iDoYjRy67Cx1G3fmBWwX_6kqzzQfYjZ79HJuj7U0vF6I3HPrDcXLAW7w-ONn1mE94Rj16PyUFdiWhgVb93uaSWVlJBUJkBV6ru8VvQwjvTJf9M5A9vGpqHnQhLIc41yflsk6V2aHsGTUXSl4WgPaWBAAWA2jLcobqHWG7M0ZAolCFnnJumFWI2kPzjA4ctUnMb413NSi0N60RtIfspyEvJ8V62PIbOfRghspndbmgLnHvwQVQwlihoNzj4FO7yRwX1QUMKyfn8gFfDugDlqDXAGZxVLLQ_7Jp2eri7LEqKH6Pvrq2TZIxgNK1s4FLnBsc7X4Oho,1,1,JFK
Budapest,New York,175503,2026-11-21T11:10:00.000Z,2026-11-21T19:15:00.000Z,2026-11-28T17:05:00.000Z,2026-11-29T07:20:00.000Z,7,https://www.kiwi.com/deep?affilid=mihalymisroriflights&currency=HUF&flightsId=0b7720a1512a513162e1c3ed_0%7C0b7720a1512a513162e1c3ed_1%7C0b7720a1512a513162e1c3ed_2%7C0b7720a1512a513162e1c3ed_3&from=BUD&lang=en&passengers=1&to=JFK&booking_token=H0EJhgHRVyy4CIjv0wMySjtTgQqJlx7qLxw4B51EqLhMTJ-X4JnN7Gsq1CEcNxpUmcjhX1zVR7_AbwZC77MX7Tcq73x5ud13YY79T5FiUMTlhYRK3ipeG3ui5LkiOudEtV2lvza-4C0K34j6xFcnfltUPabyjzVRebtr96ndjl7WFWAZE4TlY-_ECm_7PYwIg9E1JtM32XDIWA6aGAgwn-7HEsoPLwqhw1N-oyhAhpaLmYpc5uUQIc_htlMW1j1JWsvYui0eCTlEdCOEsnFR5FtWj_subzl1tNavcLiAjPUjEw5TiLq08gJkg7b69C4GpzonoyijpGuWJv-qR5V-1kCOWkeqVDA4Zp81euqE64fKluLc-LorDmCDPUYBzZFq5_2PgTx_x_ZFJja_vd8HojmXyBrQ1MryuaKV8VuUH3_SBaCs9UjsriY-V4hxQXCaagPT8LlvNjSrfpQThBOFE2HOiuVrtmIQUDcT1A8cydUCXZGHx9qaNtdbPyLW7_G7HaMDIzI3XaVMvUUEe9PzTEYrxrEgkuYF0R5SzBeUH0PVm9SF8CMm-dyYJTURq23FPn5X2hajtg5400a0IhIsujCzaVhbPUqQJ97qWCn73dUCFXNcnxIzDth1-DRMqTtCUKzmVO8iFvHZTHq0XEinbMavJ94gR7ByX8_Lrpp-GI8Rzj5f9ZdtfnYTjKqKzuheG2XMT5HaLOssLQViqNd_Ks7fKjPiiEYnHRpge_LOhzlL2W9lZCHZ2-8TUmp5V2lRI0AAxnUvKP7wvynXUWyY87a5-fqJkrdVmIWR-y1kHeIcGwah8W6X79FHCdCX654WmTfDwQIkU2kIBOoqLeZQ1yAmlMbVQYexiaOWSbsFGWjc5hrgq_htz1R2oCFZ6pgQrrXY2Sat3SEHS6VzwzIPVqtzmMgC1Iam4InU4Ne1KrUMHJi10QiYR6Ciw6bJmu_oQ6XEKXJrtWERbY032iyWbcYhR4-bwCYVeEwA9a54GYLSAtI1kOQHpfG7riDPl8dQmkR7IZuszjeDEqfgdDt3InKMd191RtEmKzFZkHu_2Z4TxNOwFoc9PNSkRtf-a32n4t68w-IovpTQ4hAxOX5WMVe8kQWenKwgi2YMd7mL6yq3EmQw7IRvyomRVFJrwAU1TMr9VpoAn2kqvpyNPCwDg0w==,1,1,JFK
Budapest,New York,175512,2027-01-16T06:40:00.000Z,2027-01-16T13:35:00.000Z,2027-01-22T16:25:00.000Z,2027-01-23T07:10:00.000Z,6,https://www.kiwi.com/deep?affilid=mihalymisroriflights&currency=HUF&flightsId=0b7720a151625168bc6d3de6_0%7C0b7720a151625168bc6d3de6_1%7C0b7720a151625168bc6d3de6_2%7C0b7720a151625168bc6d3de6_3&from=BUD&lang=en&passengers=1&to=JFK&booking_token=HNqNXoOGUU-xP2fbk8Rh-CcZxGyQ-4jAP3Mrod0tPrf4NnvdmpOyej6C_61BCK28VwkHDYAmwKsyvHiGjaT3nUZKo2yZOC5lVO7Y2qkHmcC6VmUiTJTiXe64zD6wtzXmpuXtOU8y9SYxtXVIIRB2vU1YkSriOIHWSwoNuTD3oRKHFeDnd1XdmKFsZdaHy47KbxkoT6rFjNvRVLl7tmi6jg4c_DKjgJrcILp6GfH8WbdpLLY88APOMKbmQCI0Qq_MKWEVz3f4-MkZnSjh7_Kx_1125kS3Qz7ZqRrGJ1mdFBvQsp9n9uEa76hFEswZB5czLg31kj8pUeEkXgV6kLXJR09vSYTN0wPbyai9VdfHWPGXNl_6sfMf426gETdPfVGgrOA7a0Sh63YcgaUfzNOashKFI3w0l6h-SUMff9M6ufPtDZMQePiAFPmc534KHI96p7zyHvBv3tBrhXJXRHkUPq9MXNxgIwPu1HbuOVOd3R7WJu67onNurOj0uQ6c2M3Uhf4wfYbXXClgAn_zDNNPhadlAySsMw8zJJCk3Wk5zBcfF6hcpl57zrVE9o1T6QWdQ1nvw-3sS_q25cXjeCa7PFU8rUhBAOisK_5kyAaj_ND1aYp_pPeEHOtGjOOjcdEtNEAaJTfjR2GoEYxHv-YwkhKn2B1y_KiS5ZuaknSuiXYKekCyT7XQnpAECsJBXaWTdVPXE870ToEiTCWiOcrjX9pHdSus6gN2iGetmRvSHIAI8SlhdqhgRVjr4AYahGoc7vXTK2QOFBYdQd0FajUL3E1Y-ZP1hnizw_S4TjMROgihi2ocyg1wmTwBWkQOdRuVOfQulRqcIPsHD5_FMw3t_1PEQyizzGjC9fG9l0QxqOM3sCbWXoCTYRokVLSq-06DVCBqSywdFL-Y1czxMRib_NI_Br6E8SDeHwHpDd3oBUn1aYfNxgH_ut_mqlwnQ2mPtIXK7gaMLzFH7ThG7p_ndnr5i5Wxlrfdj6e6i_H_Xxz_wBhu785HJwc7Ojvtnork0q54xMI4RCVAUZ1SSROFaqiTenABxHiXLbBPaMhIrCvfe9SXW6qZYAO8egXJ6pQxttiK9Sg21uhwEeP758odMj_JMZTxaarp5iMlTdv2kAKEHnA1BbLVVt_3nD0bG68yx-ErrcK3PO71Ovh11yGqKHzIhaEnr2A7aMiP-F1aZvaqBxSPUDrggEgMx59bYP_sWdNFocqBJI6iH7rLgCMnvPUIP0z8HJ-NT3gU5hnLbjx9w3umKZQv7-gIAHL2uQb5U4kCR7AwyD3kVIsfBr5YfJg==,1,1,JFK
Budapest,New York,175512,2027-01-13T06:40:00.000Z,2027-01-13T13:35:00.000Z,2027-01-19T16:25:00.000Z,2027-01-20T07:10:00.000Z,6,https://www.kiwi.com/deep?affilid=mihalymisroriflights&currency=HUF&flightsId=0b7720a1515f5165842fa96f_0%7C0b7720a1515f5165842fa96f_1%7C0b7720a1515f5165842fa96f_2%7C0b7720a1515f5165842fa96f_3&from=BUD&lang=en&passengers=1&to=JFK&booking_token=HeaiTGxsTpoe1KVlI8_siH-Kroxs7sTLyp1v9ChAYKtnBuUI-AP-k7W6gxI7J0Q2s8rq9za4Wpm9AwKCyivE4b84aju_L-kZxpS8lex2Noo16PtsfFNfyEeOFLdKlBdSzjYtN1kyYsRunsE8mMYQucrNaEgL108oPqyG4AcLxLmrA7hTmIkl1STZSIBAKLRUdE_xnJWEOzsaH2yKpieF6j7z7TbN3EGMzVevXbPtTcERD6FH3B0j1tYz1xZ3svAEgEbCQPbuSWuRuRzfd5N_HbZqlvjsgU4b3ZAsBBtsJSG9Ic4_rBKboRzNFgv8Gv1EOBHTFuYahEGvarffbO7omPm8G8aBYTC1l7AE1Sdr-6_SczJ6_aEKl2ta_-H6AIkj6uUTZgDSm-rfVSwBmtMtgEv34h6jF8PmSsjc0HUd4CFzpCZGA4qDGz70qBIA79Ggnjs1Bk9z-YcjFvAmfVlbbe3oFaL_CbqfF4dqdhydTlbqnXCrUWeyEj5wQ4aOi7wKrKWHnnuByJHhj_QydgCjAtQBcLITx_mHhTP86kD1G-FouAtRkjwV7C1KjLEX8Z84ci5uL9fTkEufACN1fI2BFlBObvGUtEQoYfkjtYZqJMrxzPR73yr4jTERMmU2xgFZU-O7Ob3SBLRKP7arxeAx_K50YassbLlUdCSzVfj_OIZHokzuA_B5opCZTXEOVXgqWOGtZgH2fIAZL00960v7EqgVpXE-nk3BXxwa1lFSAwn1dXmvsXEmsqbetWZwkpaXv4AkB2-fwfhTXVxScgaoCKcjg-y8XUQqDU75XUz-Q_VRu2RhFdpXhUIgzB_alOunI_o4PsukCBDnO9eBz2qDyltkDwFbe-AR9WicuwSOx8u4TwMnN7ift41LCaiFqxW2_u7ppoDSSlGHdq5pTSA8uzbPJgc5l5Z0m6OVPolv2L-TrAAAnOCouWP6tZsH0PHK4SGS5jcUEHvhLXx-PN_oiqKspzDZTj9_EuNAKtAM1i9E7L4ICOy6_NbC9YKaPtYCxA6B2eVIcQjKLCi7Pceag4ZjGXcInxgo8cuU37f_aSUvT88GO7tXjyGBCCGm_ygDmkAKX6-tlhrKcjcoxWzDBPBraQDQGOBxr2bbV-DOFV-jKyRSrqpJ2LPh82mXfTce1NPIv6SJsay4-t2u60J-z5cgxYTZ6f5i725UCLQBiDROSoiY8JV6DmniidQx7-KsZgrcEkReHnbPman_UiIi9v_gbfqxJgcyljUc6EkJjZtZl590ohhANLCdcFOiOlMRhwG4CvZQ8zIrO_r5OcUxvtQ==,1,1,JFK
Budapest,New York,175714,2027-01-16T11:10:00.000Z,2027-01-16T19:15:00.000Z,2027-01-22T17:05:00.000Z,2027-01-23T07:20:00.000Z,6,https://www.kiwi.com/deep?affilid=mihalymisroriflights&currency=HUF&flightsId=0b7720a15162516812d02d23_0%7C0b7720a15162516812d02d23_1%7C0b7720a15162516812d02d23_2%7C0b7720a15162516812d02d23_3&from=BUD&lang=en&passengers=1&to=JFK&booking_token=HwoIcBOBJCid_phVzyb9AVpUBaXP6dMZbH30_GXlQsoc6_VWZfkDCanqqtzCJipPLVm-Llh2bDKMCBXPHLfL2gN7rkp5alQH_Z3uvgcv0dJA15Ni5k3wZOzCz6dwIZ9lEyeUU07lvhnpm3aaF1RDkmbOLkh7JJFDZgvc7r68KYBdsa-3zCnNo6Gt7M7WR1bXdZ31KgJ8JVnzTGr5Uj8zcazISV2vuciwXGQn0p7_WCIOCwTTlBLCtIjV9UcuUDkszoV677S8Fn0vQ0RVokfTl04izmgKq5sByPeQvcup5P7ZUiVrrZT36Gv35aqogn47xlQGFR4tHRqm_AqUT9Z9inI0JMFm-gS8XEZqFc3oT-HzRjgw5erZp22YP-tPLdnbjjio3MEM1-feKRcv7yPS3esv5bylP1Wj5IYJ8Ng7gVPhHfa9CtVvc8NaXsB1nk2gZqn1Zx0PO_Y3BlNRfWDlO3pws4ICA_HzxrGYoIm03L84XqX6BqgjAWxmfITFXXQ-8se6_QQ3J46F4a1xd6ELQkqXRVvIKbGTU0tnQE7e8zm1ezbkIWMEm2ffEl3ixMQzGPkrgkC4pW-s3tjLr8Dtt4x6Jphn6m6-TpeKCjFz0yZtb01Dv5PpPhAw9eBJdKnkQEY5J3ddLqFi7TP94FNfy8JToHY9Ne50aoYNRB2GQrRllDumwxOsJ5Zgg0dPGbtUJ1UlCt7l9bMVrGFUdXB4pNBvzVh6CGjB7RHKDPdCNbEmxlv38rqF1wJImfcUtny9vS-Ka5A9lwwflMwBvUb9HyP44x3CUNml5KWmdTjrB6W0j3mFz70peHP9un9ZSceQ-STzTQGLjVN3d6csKw64lqdveVb4oP4W2yAxsdVlXeqQ-PjdCfhbWJ3XtpzdE6j77QDniQdyo2Y2VlRO4K8vdyk-nMsyWI5ond3aciNAURuIjUc8Wp7xqoVYmXz9Rl8DUiRr47ON72e88nmIiDGbmnIK2ZK2_-WQzfeMNPFbIqbUqBaT0QgxAdQaIMBrRTurCD4asvBd-fkwSHOVqBEefClCWFWqXkwEsuAt-8cgEOpbsme-sabEVMLC5mthycjxDU5cntXsWz98zJvDbUT4QEnO-_fM2TWNdk6jhV5ciLd6vg-LTWq9jZbxlyjFu53uO-xi--YouW86Yg4cxACgg5EMsh2ZXFPEEhHRufpwHtiNKHhjAg-uG5F1T1qu8635C,1,1,JFK
Budapest,New York,175714,2027-01-13T11:10:00.000Z,2027-01-13T19:15:00.000Z,2027-01-19T17:05:00.000Z,2027-01-20T07:20:00.000Z,6,https://www.kiwi.com/deep?affilid=mihalymisroriflights&currency=HUF&flightsId=0b7720a1515f5165306be109_0%7C0b7720a1515f5165306be109_1%7C0b7720a1515f5165306be109_2%7C0b7720a1515f5165306be109_3&from=BUD&lang=en&passengers=1&to=JFK&booking_token=H42w1bFplU2yd4hrOJelASlM37g_CKdcD2FwA_dESPfNHhd8BhPCFcPwOjGFMmBZu1y71Fg1nSzBZ4zonLC9ez41pdNMtsAzw_EekZ7udrqDIZ54Db6kz94i7GywR9jWqbCsT9XP762eQLTHwrZG-j5eqPwbBmscoGrKG_0sY2fkoW0ddARscEKKGI3hhqMBkt92oPuS7gK2kljgPgfbPdmPRUroLFq3k4ZO3d7IUph-DTqciWNU7quDFwJU3gezCGqo-SsUyUGh8IAps_mDTYCz9XRD_6HqEVYRwUp7iHIe-YWHAqHDmUbZzk7CkWtsLzth3Nv2b8OCn_1auIilG-BJpWmaWXbsJm_E7gS-EHffBbZt4Ynf3pjx_6YIFOKxatgDcjw7Nr_Yfvi4xAnPw-6u_ITOJLUt4NX-n5b3_X4To8GZBEtB6IUcJWoFb4oKxTRJWXqRJhMhyRfsguvEZBGrvKPt8GbhVKMtBv2ncLkPE_0IQUIblbOv4oomLzel_fPjR0fIv8jKk5zAe-M-YYeh-NQPngI6J9Xg4x9RjYFkPderVupNXqgxGpjl5JnTpPF3ulvADfgoHKo_kkAWl1FIBucDIV0xqQpA5O8HgvKInc_3zEuw_Mxjfz7ltNpcK9TgFLMFAnW565E-AzT2T11Wr27FcvpG7au35SQZXAuaETqngDKk7tdf_ISaE4z0hVyeM2vdT7Js7XKVPSkcAlNxTQSMDNIaszxI4448QBcb3NWmUSo8GJzpqncbNKqSpji3sQt2e56t9nXFNTZ3HvINArQxiSeICXhCDKe5lBfU0IkTu9DpXRYTNE09KKUPaQyPuZumUYBGcrqM895d2yANIAeiDLOIpfLx6wpud1miBdLD_jBJfUPQnCNqcqiL5Sxrbfp03naCv6tivDXNczX9qIObVLIQvLPbw90iaG1Alhgr6NvVq5AH3o6NwOSqCU7TJslmqLm0c831EdbsKfUj3J-X0lleAv30kX4A5UxefI9Pf-HUgVu89qH8IGq8c6vg71xArfSTQ5fpSNMwWzj5ohLh29wntbCfABu9CmbTQg9eLQXMJWS4YTesExsev1LB0tXiiiS2ntVSn9YI7t3VicPZ3eCm0gQKCsrrrSchvo60_1JfcZzDSdm_RbW3WNRGxkvClU_KfEAiP-wqTCfWMGJCBlevB4FCTI6Oh_BxC9hqQVXCHU3bFPNmv4zXz,1,1,JFK
Budapest,New York,175714,2027-01-14T11:10:00.000Z,2027-01-14T19:15:00.000Z,2027-01-19T17:05:00.000Z,2027-01-20T07:20:00.000Z,5,https://www.kiwi.com/deep?affilid=mihalymisroriflights&currency=HUF&flightsId=0b7720a151605165e2306711_0%7C0b7720a151605165e2306711_1%7C0b7720a151605165e2306711_2%7C0b7720a151605165e2306711_3&from=BUD&lang=en&passengers=1&to=JFK&booking_token=HjTDgXgh0nX7t6YyqyU-b_WrSHgwYGjX19F7MAujoXYeR1bwRZabR7V-G9z-0fdpMtoyJxKhSx5vRv4YNVRrekcZFyJ0uoQDVk0c5nfd0k5CceYFuAt4QWtOn80iyccbhX_eQL66W-S3eBpjYsbSX7bG4D-afPtV0DJdCwvGoEdrYYA1WbsBaK_eFHUvgbGojkxBZ5d55HGgRPb57m4xJ0ZXOuDhBnYL3XPA7g0qMeaC7J-RgjF5qtMg4gzy0K98RHvPEEnRxcNdaUmC40rVU7y2p0H2Rh4-_JWejGuGrHA72J3gpDi0rwBCSw3tuVkOJEZaPUhJNIXWid6zTb1ZssK7sCtDmaqISuvbj9H-rdXx4d4NIE0RJVETQQCh5LhbfvbDoqovLpl5bTR7U9RaohuQvsgHg35nKS78i3Ym67O2FrKGY7TAcN1VYVmDbczP2Mm4Rl8YeeuOcQ_IvR2A3pgEzjIl4rTh7Z-D21CxnBocW6fqZuWwt2IRU8q-Nzl4G30GUTQfrE5wMtmQ66FwPkvadgO-RHm7xLm9iFRPrQICd3WgZqPqoTRp6b5CxqBHXAlWLZ4XVCtu4dFL2V0pF798jhqyRzEGiFxn8i9wZmaAc8FH8WyTrgZjJzA6TeNv6ebv3lW1MfNODSrtEwy79ZUf5g6DaulHcl5ETT9XWyQjs9ScE8pjUoWTzOg6mYQ8Z4hQUjmVR5sKnNjmTeS3EJWIZ1Jc1gDkgX9ddRneaZ9O0qb57tS-6aXORo-3CgKeXL18OQ1aVbXr2pG5VWovrimmITP7qUu6kyEOSFqNVMwb9ubEHzYFsIWg8fVwsk2qOdcJ-xRUoenGB23OKdAWM1QhpNsPT5Xm5cOtyEMHleCARRfH-xAW3ZZaDz8gHEeAH8s4kOh2dmC_mEfl-HTfSzk9X5Zjv72-OsBJEu7GBv8L5ko2-A81bvrvAWItykMshjRdlDPs2uOGf265T8hZbt2iqwIta5k-1t-kEmfosTilXTs6NLC9DF1TS7GgS9OLlxocExsO34XRcCaEyV8a7d1WeuI2Pr0681AMwggFhUVXuZFAFUZd8-b7zpBHCApVMkxh2YXhQgKNO8ze7xQI0SeMz6rJDbnmGdA8EAZzzpu3bbaSZAUwQbuiDWxXsuEctaCjpR8A06gzJTHpML1XnYgaQp_XubQ1GAj-4ODVb59TfO1zwR91SOHspgaTaeyMh,1,1,JFK
Budapest,New York,175714,2027-01-14T11:10:00.000Z,2027-01-14T19:15:00.000Z,2027-01-20T17:05:00.000Z,2027-01-21T07:20:00.000Z,6,https://www.kiwi.com/deep?affilid=mihalymisroriflights&currency=HUF&flightsId=0b7720a151605166ecb26bcb_0%7C0b7720a151605166ecb26bcb_1%7C0b7720a151605166ecb26bcb_2%7C0b7720a151605166ecb26bcb_3&from=BUD&lang=en&passengers=1&to=JFK&booking_token=HY55Xm_A4M97uobY97tJt9xK0-EjhqFdqHxLSfGh5D-ijAwyD7E880vrcnZq5_BTMy_adNukXZpePg7eBUK1Jme1ob9ismNFEjkvQA3dGtOSQqT_i-AWVDoobQtNNMl2vnN0CyLdeP7eeOjAZrM2Wf9yOxOOSiU0v6nLLqhRcyRXAdm9fruSDFrsZJa7jc24VBtrAG1ciqktGjxIm3csbiTyCkJurk_8NEgGrj1Eap_lrIv6VdaQWL15wgICevGETEetLkSk_rYimCI-Ut7VNwWqyP8lu6ueEt8DuPzL_Htuc_MVgIQVDb2OgRbqaq1vKwn0xbZNUFhUPaUwwswl2uV-foilGtfjqje3oqSts5PZ9dIZC6nZVUmKqk5PuwARdwWXW6l-F4KVEcmhrkoHRs0DDA4xfPJ-3B4S0I8tJN0iOlpSqEgKasOX2BD6ZrGTtcypWPQ8pky5G_yD0QpM4xFVjcJehR8kLEBT9Bvm5fGTwSWhFyprY6BXph8OJIUyef5vsnF4oqy0Pa4vq4HiNeXS305RDydtyj6QXNuime3LubppNKPrZjs6UdFNEOPwrm6x6jRn85_qrOiwkULEDMNe9WKwHSWmOdjLln5pPEVYQbSXHwAAeV8-n4SiLuIGEHl78HFaDQfsR_GMrrCAnzfm30mEOGhPEtAbThMJ5NuYw9he7q8Bn3VCntqclmqG2q01aYCmmL1XvogbYS3n2sbATIuNM4UdgWtsDj8dPNFZAi9Rp8StsvX-u91z8uc7M4dUl4OfFTpSfBwtJTGS_vT2REnBCq4YOXCtipMJN4lQLxmfEBAhc9DSHuJgBRAtjjU2pihUMBfvZ0AMIokRDfxRO-ydKJW2pYJeSRZlJxmKQ5iuz84vwidXitofyJXC4vx47I5Lev9gR3Kk6TLUVvE2RiCuiOJ1at3c6H4_U_grcGEXhLPnr0eeMMxd0OPSBEBaCSOeXOig0PForJMtSW1Q-r2GRaJqfrcuyWCHn8DgX954rAneP02EThFhsI8THOmyqaijof2YOO7_IoetIdb7YYWZLomzANqI7X2f3FHYW5KeV1i2FX_idmwKDntKJsoo15fRhjynlQ8TyigkBl3nAtTzD1feU8MXqdPasMtMmK1TScmJsl7dyBgu3jtlZTrGhuM48lpCdXyLtRcpaE-E01XKVInpTDdo6vnxEskBGSUW79d04GJfNW6mKYaK2,1,1,JFK
Budapest,New York,175714,2027-01-13T11:10:00.000Z,2027-01-13T19:15:00.000Z,2027-01-18T17:05:00.000Z,2027-01-19T07:20:00.000Z,5,https://www.kiwi.com/deep?affilid=mihalymisroriflights&currency=HUF&flightsId=0b7720a1515f51645b87de4c_0%7C0b7720a1515f51645b87de4c_1%7C0b7720a1515f51645b87de4c_2%7C0b7720a1515f51645b87de4c_3&from=BUD&lang=en&passengers=1&to=JFK&booking_token=HpdsrYqf9iM-eQiI-TfXSjMNlFKRKesIQ45lRmKIAtrrzQNP-r0JgtDojDcVzNbuqm40LBPnW8cEY4pkNXnjNnrgrTEuxH-AXfq6Kgi6H1ghbZY5t6BKUWjEhyPAbD2Swc2NHJQ24pBa7VG1hgPMuH67VXxoEMR6HPtOH9MIRXKaijuA0BK-lqkdcpWeVzz-q8hojap-lQ0xE4iPjWLiB-1w2Tof9bq_ZqpxL0IJqDiYDqXUTp2ICo947bY6F3mYygyAzwwP5_YPEtrjAuPjiM287MbbvbnKseOmIgDZ0MHtBvsHv4YP73ZYN74A3QBdhfCxzqCt95me1LMKVHX4Ta_WeB47RqoCWy16v2a9wrne1c6RB3pTR6n-WPD0ZDfmhr_RzLVv0U7I_XMwx4Sjim7qt4NC0CC4ePDAjsX0uFTx8zO71yTro9NeKp9t7WliRGTQJrGWNnqYuIU9OIONo_OiZeC89YKnXhtIwi_zaZ0cKDSntPK7NosErGR_plZJnMg6HZp2wWS-4yHilEg9peIrMCPrWnn9U07PVjC5N8VCGyjV6PthQGAWBKhUDKmiAQbat-Xf_Q-a0m6Q-kNzT5t6Jwzv7riBmIIpwvg5e_MY5yxYNDBeLZU7ZxkB_9vIhjLjEFFsTU4SxilUFpbl2fJlGUYtjXMoLqHb1QaW69G1kMjFq4S8qmjpt27IZ4LkZFfwbd_Cb4TVsdZHEIvBLNdE_jVPRPblvbwPUGdIPn1hDue1JyV5P-uREJ-hX5YFydLTzWiZtcE_fZzUBBRMm7F4aMdiUJCoyJQxr1COZI1q3srH364kC943Gv2zIwiM3VsaDjWN9zKTsXwDaP0KGb73PcvTUUfO-YsqRSCBi_BM-MZ4rDK3fOMmkLoVuOh1snLHbRs50y8fHW6U1RlwRkgiMD0QwTlReB1EUJsoJrO3dZf9a1S2BAupmcoD0MgbHibvAzHaGtKa9H-VZtZHWwB69P0Dqse3cnDBTjpBMDVMjdQf1-QdVo4Ea87cdguKQr2FkcT940KH9Dug_QImYfJlvJU6WFtWQKdH6AcUMsh9JPea-_3zmObu02g1OWqs38IpQY2i2LpFZCQJXIajgJI48WJkeFzd_xKoVxKmeI5nXRZTXYQYkxRkq2zSrZjBQZw5iHxEoq8gFLcjr2o6hHPsQTqRLMswq4ZigBL-94LYe5TCQj9p_LKEbkbvgh6T3,1,1,JFK
Budapest,New York,177506,2027-02-13T11:10:00.000Z,2027-02-13T19:15:00.000Z,2027-02-19T17:05:00.000Z,2027-02-20T07:20:00.000Z,6,https://www.kiwi.com/deep?affilid=mihalymisroriflights&currency=HUF&flightsId=0b7720a1517e5184bc2b943c_0%7C0b7720a1517e5184bc2b943c_1%7C0b7720a1517e5184bc2b943c_2%7C0b7720a1517e5184bc2b943c_3&from=BUD&lang=en&passengers=1&to=JFK&booking_token=HIC19ZmyFsXw2qnd0-QywJJNtX0suhBlQsHxME9n7qQJ4LBk7I5Fxt4kStbLbe7jlG90pBw3hphSeCYaBp183Pe3pk7k7M084rveMtrlIH8uDoPioMPHNC7NF5gmBYnSMw410cvZiepy6NCmN3PGnpVca6rG0-21ifaPeq5eIt3_x6VkA7ACfVvs-TtCk06DE8xeyZdHKXfhB31prvq90GLhYrSZ6ziPDmYCTj82LJdGhBMTcx4rtvPWR9ZRKYe_WlrDbxj7a6DTf0oBY7B9lZqbxZYb8sxzEx9hKQKQwMEFHEQrHVOUkThJ7uz4tdeMKPbMPJlAeAxVGKQlJFHbw15PHasYPmjzy4Jcx5May-UzCVbLL1dg48aHTYpxUxYkNxPVa2x72awg2r6MxH9o2kSmWWEVIpvxT_QFoBI1ZAw9uBDJXw7KuMRHr7ORTkF4G0robrA9XTp9eGhK_6S5nd62QNvcMKVAA66D0DsVFF2V8df6dOhyWYdVLz6FdPcCe_KV0GOXcKSGz5klzRvqqG6P-xmbvmBhIEfXlzBx8gUPxJ4rB0qwsJkyFTi1FQLjr4QzfgMw-zYVQb7wvOdly08OPc4HzFDmJYlBPsd1UbhST-csLnqZ35fEq1Z989DWTSxQSPxALoVumWIlErBdx6qa_jOQznhuNUN5XJoy3VjbWjLMPyKeTSx2D2KiHsTcgZNI3C86AUV3bUh9Uo3lhVvAKNB-sE29E31IHQ9iigaVYsc0Uc2pN51D9CzoQvr4jiO67t21VsuNfLTiaOIal2uSe4suy_5kYNcJydn2ilarYk_f3HEU0m1PaOjd1OjgqbWXNRjpOaLW41os_19-brg7zWfpQvgAzmJv7-jX4OcgWbteQe0x0maVKH4Mr9KyjvErqel7mY-HGWV5sBNrxt_l_n4FjkiDG1_DgCfXKzG3SQ034VBtO8II6iksXHJeGvPUsrKclqd6tLY6ZeaPl7ZKN-VjJoAkghfJCyCjo1FJqzNne0nbr1GrcNSSamMWE2FTKeRQ1xSx3zm839qLTtPzbHwx7tEl3uhbJ41kl9f0VlfhoWM3NyxqCfdclDJ9A54haZlifoTNJKa9j0ErTxW5JiHF1zeeP6mOvrfdYkcd3quihM0YpfWwbF0bFQC7u-QO1wwG_I4vLnYVx46uVK5v-93xQBCYxqHbnLU66Nps=,1,1,JFK
Budapest,New York,177657,2026-11-17T11:10:00.000Z,2026-11-17T19:15:00.000Z,2026-11-22T17:05:00.000Z,2026-11-23T07:20:00.000Z,5,https://www.kiwi.com/deep?affilid=mihalymisroriflights&currency=HUF&flightsId=0b7720a15126512bca8b6b41_0%7C0b7720a15126512bca8b6b41_1%7C0b7720a15126512bca8b6b41_2%7C0b7720a15126512bca8b6b41_3&from=BUD&lang=en&passengers=1&to=JFK&booking_token=HEiFES21kzN-SEjvlUKBQzFz53l7oXHbLdVuZFHGEUcl-srVgVF8Yr7VXUTvlApTg3wwG9m8zJVvgRnd_v_JwJrkmPCMHV6HUltXGa8edSD-L5C-mxqWfh4A1-ARbQXE85AIoZ4JILLhTLUKvk_8YFlWcfUmuMRANhT8eyADtNTP3CvchfL1sCDlrXA-7P2cA5vSmKoOj6FU2OE_zPFWBbIUBbPpwavF9IcTcYZM9_avXJjWzkBmf9p8sSgU4oZlVDykHLxUgVvVW8__yDqAtMxDW96arYuK8GrEI558GhS9z-kXyb3RiXuJ3djA2epx0uy4gt4ZlkRDGjTa_8wmOPjAk3k9KAc49KwYSIOkGCqJDRo81i8rzbHxolqJbVhg1FgoLQ8JCFrGNatoufOJ3qdXujJW1kexR7_RWac4OcFBV94UG63sbg4XJuX3DeUsNs9Kn226CLA8guhCvJ4xS1RdyYXbHHbH2z-WYil_6hkAjp2wdifg1H467YEi_6alZdRiVJ1Q0gqgZW8BKrNDhwb2lU5UukHEDOhQQ2DwPRe9GIzn6sVVXZ5KTV0H434hupJ1h-8wYVE0diCDOp6S77zCPL_AG14BD84PLIzxYn6-366lKoSwE31husJlMwtqyf68TpA1swCqWZmzWgLQau4SHYOu1Z-cXxPNbU0fr0GuPfg1vcrCoCOMwY7hYwetFKz-LplHOHlmcExP4fKE8nMJTqrDkmgzF-00mOPwy41sE1E8LpIsuCXbWDzRA1R2wsiJgJiI9lN8NZ8eUiWOzRmHP508L-0HtylcZ6Y7JfbEhHrM2lN0Slh9DbdK-hEwdw4bupZP4AnR6NRUEUWCGc2F3QyaMwGU8TCXrcIHUTJcQVC9o8K68dvnapRZufujvDXdzdP98K34HxgSepq4Mt3cqRC6xx1pgrhMwnqOg_wkjLf0HdMgAbJRbJf69nTKn9eHzQWoHTbCpCC3icDLuW9xybMFWtGG0X0Wf8KdUTQLFBTDFf31ijM6TbfLMavzpAqbBiJhDWgTVOqVLtEzV1z-cUaKzB6XQG-v9rToBmSDwAet5lh4_H-6RlCo4TyER-316k7YdxkrfMuLkTCzAg3AB003On63VN-vX7t8kSWDmY3UqXhQAcz-gR99W-_YKgCoD7pDO0Ytm8dtdEmDZgRZzTaeR8VSE7QP6zF6QiyE=,1,1,JFK
Budapest,New York,178574,2026-10-15T15:10:00.000Z,2026-10-15T20:05:00.000Z,2026-10-21T16:15:00.000Z,2026-10-22T07:20:00.000Z,6,https://www.kiwi.com/deep?affilid=mihalymisroriflights&currency=HUF&flightsId=0b7720a15105510ba8fa42ae_0%7C0b7720a15105510ba8fa42ae_1%7C0b7720a15105510ba8fa42ae_2%7C0b7720a15105510ba8fa42ae_3&from=BUD&lang=en&passengers=1&to=JFK&booking_token=HoCjcx46hAQji7Ww_N7hp5rNlVZF76sQCgjeCUOba6vR2hdtfNulAhnFoj1wbPLkKBBa20TsWLJXsRSUf3BSN_DL1f1ARuAwSOQj41tz9fNmOlT-pzEKLISauYooouD-qSVONb3IEiS6qXY0D8AYvJJ2eiN3GxhE9iEItNb38GugxvGwSksnKbumVYqDcZ9jXeGrrsgyrgLxiIVNzbqJD90IKNK9eiQh-8by_3UrJho4fmJ_h9uvfBUZCADEOuqMq-C_OvXsRqOiQUSorLhYJWTzGBUwoHehV5XgT8e8eTo_35dXaStBnJvVyF7nfBOTD0aXUqlpgNfRiIEJSjp3WFquM_YnXF7rZin23Ox2MLdV4P36k87IvaD2Did0JmBnjSKs9NOTysz0EZwO74RLxu9rKMe7qDPLDYkQOgts27NP9zSG6IuvFlQYKj7bFVkqFPOdh4weA26pg4XTCg8xySoTn2EqtDdUp02hMAo56m5XYAyBlGWa2b_th4unvhrRhmRP3rHDjdSrAnoVo9AeHTu-8g0FF4J-i99gF2EtRuoDxbCIFmBKdYG5bF-Rxt5bQgFJHsShliwhQQpYSad5GYNoi62fYNVLFJbVrkitPSNCiEeQZdhmcZJ5xCWAO4iVH7kI_R5-YJ2eQ3ENBeyfUR3ki8zEavVn4kzK4TlBm8L3CkZnpcBOL3dMlnMoTv0h34Y5XXlB1mno1eJT9WgkQANJzRfdVxpLF0O95aUKFdFG6pwO_QjtGXC1NFpEhbguyjDmtwvffXMUz02eOU37kP-MfxRqQ7SDGaYjxI3D77CUpi1Wv5D_8KeSmj0RgPjmNrSGJWxpNpyWAOyddiLwZdbG-RrYF9juR2xp4LfGOzgIYIDGR1EyvBik6JJJM4YhAz18qUlsN0laS8jUpg-9vSvYCg__vYry-RKlAEaLk89OC9Tk-kXzNsMoxyZUai_aa-yUD_YmbKsa6Ympcb7mysD_izqm_rpktDCsmU6w03Sffod8DLYebastCMSJfvi4atY2Bpd6me6HZqDYmCRGcPO415hgwRqsATxbPRBvribWG2OLWASjDceBuvYJOBhl4YI5qhzNcj3jiSvt3rM5MbGNOU8pbSk_hghu1P6YBR5EMDQud3qYJfMOoLhbanFJMa0mUXO6kVlRB96_cX8YKq8_xjeW6XDugM6AUatq_rpbahG2CEoD-CEehBXYMQXha9JXGfQ0_7bH-RgboHwitwq1SrgS1DLlrZvOoCjlo97o6XXW-qTy6afeLQoglyuLG,1,1,JFK
Budapest,New York,178574,2026-10-15T15:10:00.000Z,2026-10-15T20:05:00.000Z,2026-10-22T16:15:00.000Z,2026-10-23T07:20:00.000Z,7,https://www.kiwi.com/deep?affilid=mihalymisroriflights&currency=HUF&flightsId=0b7720a15105510ca6ac1234_0%7C0b7720a15105510ca6ac1234_1%7C0b7720a15105510ca6ac1234_2%7C0b7720a15105510ca6ac1234_3&from=BUD&lang=en&passengers=1&to=JFK&booking_token=HFUeeRltANc9SxBG9NZlj_ws7laT14aTH9jgBVQ8q0ql1pJlMWI13QzrVAlyuG6CCa6O5aDMTj_0BfL8Ca4TYNM-JFxlDUXHS3yhMTczOfFAxEZ6_1nZZK9FGFmD1IRMdy2a8Cg4eTvWSY4wQvG3o8usvuJeuNdml_pVwHc2gzFb7KH8-gN30_3IsnC6xqEIn08FW7BKVJBCbcWeMZtuO5lguQjsFBkzJlVFdj_Lv15stzFYCp3_tSF3n64zgHB5csQl5i4FqQeoPDsm1YatzNF9yr6QwuiGwoYVqqroydWKzbGedGhtBDozjLdofUnVd00L6oJj7XxUOpFBRJcuvpMLbF96RjYKMndVgBjRRf5tJP3WmJREeOrpzCm06QawHGjSz_sD1ARPkeDCDzO7ZQnfhFK-1W5rC19VMHLa5pSBbaoMD8wjrfcbZXyJQ-RvRRRVlpJiIl3IR3-had9b5HLA4iVQL774rjStu3BpvtUbMqVdsUrgiddCFIL0lAl0TwUPQ6lq-z7NstOeragIAv6r5u3GtOsUoA-dXtLX0xOl6MF1QrhXqVXDlfEXF3JwqvU0UiHESumUSCQFnshHgXwsL6u2GDsvxzRG8G0rmcpsZT-0f801P3SQ1muZuYa8PgxFGmdAyh9O5xFCyrTL78lrAgqWZ379JQ8Jhw8Wkb3pX7FnBrdSLTtLmtve3H1sEs-sOY3Z8rlOtj1JeN5FsSs334vcsE285j1v8Bk7nSHkV0zqAQsKyS5Adus2pAlrRHueaZGDI9hkyzHcGWK_go559Udq5O0v6PSXGAzr0ZN9PXpV2EwbWTr2jS4MG0xLi7Ko6YiNq9XwwvcHG1VKq5Rkh_rjccxtEEAa7RsDhsChfCiQwbnfKedEzjZr66ERxKfeHp8-o4O_PjqyKbbr6R2Pb9KShZzvUI5AUb6tW_ONFgYYXrg4VGZfq5kmFstH6dZf_fktz6kDUbf0WiDotZEn46f85fND-jH0j51MjC6rxAfqKCk0VF6-I1TFok2Rwto_osk49J29H_hMMJQY19ha3NTLhevy6iNf5iaVmo07wR4iaE21ief55II_Lb4AN4WesDAB3L0kPcwafHdHkU9ZRT9JuY__7V6UI1_YC6ziTIkn2kthaog5XMTXqy8a0aWWSYxFh8FKAS5FdxXW7yN8WjiIrYc2UlxXtqK-2fEzYV5f_vIcfgasd5pSeNgtbH_WQZ-WRSBTzMQzCd1FTnfVKEjlYf5D9dP6q-1CqsIBnuWsdq-JAD6reTQoiNM5X,1,1,JFK
Budapest,New York,178574,2027-01-16T07:50:00.000Z,2027-01-16T14:15:00.000Z,2027-01-22T16:25:00.000Z,2027-01-23T07:10:00.000Z,6,https://www.kiwi.com/deep?affilid=mihalymisroriflights&currency=HUF&flightsId=0b7720a151625168bcbec3f3_0%7C0b7720a151625168bcbec3f3_1%7C0b7720a151625168bcbec3f3_2%7C0b7720a151625168bcbec3f3_3&from=BUD&lang=en&passengers=1&to=JFK&booking_token=HKK0T-2Lheg31yF_Se1Dcm-6ZNPyH9I4UVU8szuWn0hY_o62p2xhrrCdqtZhpN63-jJ_XfRoyWQFftoJJlh_gPc2QVg41i0J3erAebiBIp2VSz0cGKLeVgYukum28phCYDqi-u-mDt5kH34pLUKCENRQXTt9TWqJdtntDcFXs-qsCJme3h4UIRJgqFWhNcDnl5gzlcHSAz6oyreiPZ01d5o2j2Z6QfQJAkcrEflTSqGzncQKTGHlASbrrQ6JkYXnojCMH2UXrmCHliKMjsoUg6lD93q2vFiZ_Y_6bjuIduuEjk2CRTEbscbRzHM9_NWyL0CFcoa9TWyZlJI5p9GNpMLaeQjYYAMxTPOfwqe9B9oQx5FRUOZq2ce_rWYyCqYWJC8_9CHxz4HpGMd9zoudMOZI35ulF9MlPCPaIvXsc_WxjrOQNoDz9MUrRPPuCPF-w2KG5bjYObeHvA40dWVnPyCkfwRVAvtpN5wnVl6LkjjonKC6h2hlkCgbOIQozplpRRN6dMZYyX00m8S6hhUpL7D-uUPHUfy1J6ol7l-OLNXTiiNkTGD3vY5aQiWT5ZJPhomtzlsh_0blQEV31oeZrApwaRBsHoNX-QT4Ia-4YH30Jpx4eaJMfh9woN10fmgxTj2QCfjrfE9qGHLg8pMKKmAzAWJBE4hDPaV5lj1EZEjNBOotgy5g7-0EIfyt9TniyZTZI4WajG8gcwPw_Lv3sS9kyIt1NoslIW19slUcCIcnw5rd5-uT_T80hTR8_mH8bxI1ihrgcP-LA1NMuZyWMQsG6AAu3YUUmtBVVg198VBb6TEb1KVaDIx2ONmRrUWWTmzxNQTHTHJ_Vu8b8wWFFjMgyQ0bE3ERcdHiNDg_6WnnPe2gmmMBiXKJ8CwgfS-gS7Na-22L1s-K-u6z02XhsRHjSKnpdfgXvqO7jEadwHAPVGovFcKbj0dBL2U_mR13NmgoFvXd3QsLh3knrWFmaelmPHJLW1rDL6sYOeM6lfeW7YRXR-Hoty1wdRAbI51P16k_TVcUgU6BytPGeWgfZFukAJUxQL874SSmWLeIRRteYzACtQ8eyETmCNuoxyV7fFAo0Iejs2cPlakzxtn_TwTosniCL8a6SvonnoprgvTM8gAgwBe7svj2K9AGLlVXSbepCWGW8hxO24sDRvYj0LsUcjBNxSoITxb9iY87SHFyblhYztdTiLIf1arbDLGE8Rsa2KkH-8RufQGMV3CVabo4xtplgcYAOvOo9JsA9BjvZr7S0XfAiKrzM8u0BYu5U0c3Ua9K0GiC3OmyEeL0g6w==,1,1,JFK
Budapest,New York,178980,2026-11-18T09:40:00.000Z,2026-11-18T16:40:00.000Z,2026-11-25T17:30:00.000Z,2026-11-26T08:00:00.000Z,7,https://www.kiwi.com/deep?affilid=mihalymisroriflights&currency=HUF&flightsId=0b7720a15127512e2e0f8315_0%7C0b7720a15127512e2e0f8315_1%7C0b7720a15127512e2e0f8315_2%7C0b7720a15127512e2e0f8315_3&from=BUD&lang=en&passengers=1&to=JFK&booking_token=HG9xURWrZHjABK1vEhdXmd2Gi3HLnxv6t7CehVL57UT1rB0j0LTLZdQDR_dThLgtz42WCtYeA3_UY_Imd2uQevxNOkEyOZ1-sAN3rrx8MziZ_ONBnGVDTsS1bJ3sg0IY71d-DcntDRR2-ArcUDfR6lKclNqiMQ9FLVHvpm2LQ1x496YGYX-mzomR-Qq_lJh6Psh3X_q6siaDgAwjj3enVujXxlveugqf9Rk3cxYRxIkS4X3rPik-JbXCpXOtFjldPBpsiz3Lv8jOPHHvOwLCmNF3kdHE1eKTwV2Ioj2pcGchanO_fwFWGbGrekzJve-qsGUIIMaRh5d-JDej9v7kERyd-G_bhloBJMOqPRLxB6MIvTpvU3Ec_1FCZetJtaO8pREu0jXK_Jr1DSpwJwsQVrptnSADKrttSEmXbJfIJvBqYrdFI4ikW_o-Mj7p5IURBS5t_nHBW0VN7HT4QlCSgQ01tVyLXvwqNf0TGlUL2e30EaNuzuRIe-bGPUXisFN2TdOyhiITHjkMBHPwev9J3gHUfEb7tL6OGXrMaeDsxVn5pVtDPKBwVFJM2PGuBSuuPQ5oAF7dFgHTLX4J7hEgNkAT5DzUcMhLUezlFHqgu6NuEUhUq4-txyHWl4ciE7Sr6l6THk2D2sG8C_5ddOSJAWmxol9tu-G_5Hvr0lK-c0FBU26zx9uWo7q5h8xOWBYlvjY4bc5_vmh7IDJjyyGg5eU89V5peDkJoEHTN5-oJB4Q8V8eI_4j-1ZBNwNA9r-dyhBHR2l2JaSWusR7a8PrRc8dFVvL-88pHCdWySuPvKTMGblptfE2XUU58Fi0WgTQLhSOrAzMxTg6p3iI8k6MTgf4Msr_FID7Q3SJxVlg8WBIlRd5pHBr9CN6AxhK9SZS7DeX-EVD4N6RlHqapaNLaThJEOZMVgQKFr6hzdd4NLd9KNwprXFXkgRSIKCfC1mr5toU5v5Rg2R7PxrIETJjyTuL8wM1WjANvU08Cw3OL3n4Gozka6SLHvEkh5Jvtr3unZF-aexlvJw6u1xoVqnfqHeSHBJpPJrJOAB6r63jsMm7LlnYsZzbdPUsg1T0iIpgRE06sYM8Ppp6RFbxCBe0R1cV9Nk3gpjH_H4PD0xvZs7rWlg_8cCoQ6x5dexTLzdL8l8jpduf3zPoBp_pSjEGPWSRKD43P6kynfvv2Q7kVyOw1XGnidvSSOYFr9VsaEzfHGa1BzStD1RtsIbxbJ0xiz50doK8kmOzkzIGk5pRMTGPr8OZavIJLTBusEZ_8UntuSrlRapKWlk6KFVqIpAxf7A==,1,1,JFK
Budapest,New York,179009,2026-11-25T06:15:00.000Z,2026-11-25T13:15:00.000Z,2026-12-01T17:30:00.000Z,2026-12-02T08:00:00.000Z,6,https://www.kiwi.com/deep?affilid=mihalymisroriflights&currency=HUF&flightsId=0b7720a1512e5134a3c587e0_0%7C0b7720a1512e5134a3c587e0_1%7C0b7720a1512e5134a3c587e0_2%7C0b7720a1512e5134a3c587e0_3&from=BUD&lang=en&passengers=1&to=JFK&booking_token=HBvAW1OSwnpKPzABUghOjbZD5h6skPTke77tzjFoxa8C_WFhxLa0GxqAgdXa7esQDHsmzZTsiBXFy-Dz6Hqcv-U1kg1Ie46Bvi6tbLxyDnHJSXr9qIcLvbApPKoThApqHlUOVoWADoxQDbipF72jNt5hiC6JvQOxN_mvuse-s1aVUkIUVFST_sOfg6sFd-fjYOzGZVxB_AoKDdeP0uSslSNUsU99wP_s6lgQrPwEegUHfm0CQUiWMUzfHg33mHQwkvyDzsvT8tz8gfANSuEGY5FE5Jt_FJcRPWfyVl4nTaTIYU-1RCkMwnZmugzwf5z0m4LQDnkcgn05sul02So0uzBO6kDtXIphiQUI3AvCgAKsFFiHoTtpTsg9JSOP6oglEr5LiPNzE_bpr7kD7w7X7a9isJ8DDLqCF9x2wQKSbxqAvKN0Q5HNw4EpxUIiyw2h2Uk-CdcPTOoZKOQHOeSaaotlSsHVKSglygYzXBne2G8HTe0U7emkzj4Q9p7K5_KZDOGaj744bVqNRo58NRlO6-pocVAqiPZHcS-fDiG6DwTAqsanIaG3S_r-rlJ3F6MyxOM40emQOu8rEsC0dTi6RftNz-G9NYxMeG6j9QNA06aVmdikeEVZYjItTKjwtkTnN8AAgybVMxVcjknb21UCdFipzyEfY2vbAkfdeJktCqNdfk9-inK1xAuHkpdVanRHGGL8G2HgKQ_x_1E4jPPGiOqOcypZx0BgxxS8tFRw9buGCh64YBWgEfoDqu51tq9kY3ii1d05zfGp32j81859QBhxFWQyq0yfkvNxDHyA_z2-XRq11pZ6yTGs0hI4CnbR3tIwF2TwYYh216sF9v9p0eFBH3sqC_mlTht1J90lsHeRhn23hD_FA28J1rp7yWh7-KIf9w482Rkup4ZyEW2jZelUnhGtj7tISGDvX0itekXRYKcbSmOdVZYqgdfMEwFDmJWRv93cxqvQ67j1D8otFe9YlXM8pCdVM5YnBdqkiI2zJ6Hi-aZUE8LAGJfNgn_EybwAvseKlgqEero5wQGs9fAENl3XIuJyEoiyfu9wSmfYmegR8RxPbfocr9515EXMNdGw09ULe9ROfssZ45jrYBUEjH1jYjJKIG-6t4mcHQG-s0KAEETg1_pHzwfeBqjJTkEGCblRsA-ty3pRpQRg20X2WzHO1rjeJIaVM44W87VEso5f6x_AF28-LZ4g4R822VzKRjJJ2qmQUuQaKaSIBXUTTUfmS5TjztzZg3otZzW1poY9YIUHDbcdH2PAUHmBfEL8ii5WTYe1lF4bxB9lXlQ==,1,1,JFK
Budapest,New York,179009,2026-11-25T09:40:00.000Z,2026-11-25T16:40:00.000Z,2026-12-01T17:30:00.000Z,2026-12-02T08:00:00.000Z,6,https://www.kiwi.com/deep?affilid=mihalymisroriflights&currency=HUF&flightsId=0b7720a1512e513442990c8d_0%7C0b7720a1512e513442990c8d_1%7C0b7720a1512e513442990c8d_2%7C0b7720a1512e513442990c8d_3&from=BUD&lang=en&passengers=1&to=JFK&booking_token=HRXZS2JZDqdlotmPYEHsxZfsxh2OoiJ_5NFcShfkHlXSMdXfT_I79UYfRGJQfcCB70QQ6JycMNpmPIMT4_v8wR-q7T7SPYDMKHRDyNlNf0eeCPlN0UBsLr7VJhg_uxUBIYHxy_7AIPYzkYeEja2zJMEmvNaOD2oy4VpcVVWQFsc4dytfIQa3999x3Y4M0XjHzBTOW4sxJ86_WkSL8PXOdEpRRBKl3eH-lR-LsrbHxfsz6xuhpQMM-RRyHMlDv9dgh5M9RoYl5g3gOY0tBUKtTb17LtO_2Hx3DX8kzlgYBnWbpLwUumdFa3LytY940Chdmi1PR3YD7otavPUY1MwtqNI9aah3bHIaAnKCIMXQ8Bb_l2PQzsJU3lhtcRA483PjubMZum3C8PcIpu2e93HKupSXaDXLIxKpzIxFBCwYi0PK63KQmS45aJC5W8WDninLcYv8o4M7OelYO8Jg-Zf9956O6L6Ps_3bdBKaLMB0An34mk0q--ii8UMP6xXuhwDbYsbUX9jmRdGWKoQltx5BEPDB7pvegzA7pTbBg5uN4B7VKpeKsl7aEHU_tVBZA4LOh2OTA1wKm_1QDEqbim1W6_ReUe3JG5gpC0vSZi7w05AuCUEsttCqwoF5-3GBJXu3P4nK0Gzt9mKsOjFXrpwpEmAnNiJD8CfVzIXP3_ttkG8MK6SqaYiYtELlG56SN9R4qxCuKrNnSM8cRcC37uQR8sXyogOs-vPrvsHpwH_3XEhhk440BOQMIlFnXBp13bSZSgThRKdhlzHcxepK5vMDitxoH_hYBCVzkHpYluSGX8SkE-le6Lu1T_BmDVeLPuLy-dQXsHY-s3di3J8CMg5o7sglTKGnFU50JUnibYfL5KJGyG-LuvYHWLhJaXRcnlqgsVbFFFcQahoawPrTQMe5lda_Rrse6aeCHHG-_KKpAy6FDhF53Tn4KuMAwCjfVlxNRDJD0mxAaojKtOGu0MDrxcLVafAN47jP7UzYyk5LutobvCAE0xws3EEFhdQkDSJuOSFF_2NCTIr-yIXeXSNBtTL2qKeAZYruiBEAMEG1l57wXXIKv-yWq2QueZP97YR4y9y19glZDwl_V6HyP--aYWt8d1X4QBzuoeI8ZyMMEo2NGD4_s0RZgcBp_p2ORFsOlHwtEoL_YN6U1Gy9tIaCvhn3WglJ4BPzoVUbRTmRje4TjOi4DY5oATDdoALbtxPchDrjyutmRBN9mDgUQ2roUm9fCGE71sjxwviaJYPim5vsj-NlCHZLFW-zlzpWhyCerwPr-sJ40ZVAjkv0WyKkILw==,1,1,JFK
Budapest,New York,179358,2026-11-18T10:00:00.000Z,2026-11-18T15:40:00.000Z,2026-11-25T16:25:00.000Z,2026-11-26T07:10:00.000Z,7,https://www.kiwi.com/deep?affilid=mihalymisroriflights&currency=HUF&flightsId=0b7720a15127512eef47034e_0%7C0b7720a15127512eef47034e_1%7C0b7720a15127512eef47034e_2%7C0b7720a15127512eef47034e_3&from=BUD&lang=en&passengers=1&to=JFK&booking_token=HLoutuitBQkLqs9m73oXxvnc3R1alS6ZBQkH47pkpVbcuRpBpkgFIgoxOUBV7uRVz5MaIv177gWbHoJ5NrfGhACw-tE0oL8oQh3AjCT2h-K0oFN9v74ujdqMFfZY4S9itkkADz1ogOD5Qk3W-ESR8j9y79oeOoBFjD6pcWbkBdq56dgj74Pry2vOCVfjfD3a82h2-wsP543M_9jA86RutK4i496NGXgTWrqkTeIfBuhGOumqE_f6o5ZkXXAui7nPpLkFCvH-B7uB9m4y_6n7UeXg1edHeqT1jrGxGI9YPrcDB6szrmoHehTUqG02T0CxXxjlNLyQwuoR1BN8jpIefBY66R4ZmPxk5_bLVmwqEXXCwt28fV-Fyqs_Qza2k07e9bFoKGqsSmqTs5WNtJvwuDAS6xdztHkLTABJORlOf2xOzgpZEWKulbhOS0Gtrl3vDxbg1dBWTLeo2FYvQNUFiQ9x0IZmckvzEsyLivgL_YquQleyhbDPeoDIMIl_ZInXR0TJDZ_L72yFh4_Vy607AxBPvYsaKTVJaZpIeYZlnclhVFdGT4yyc-jYoUYSrPNT6gY_KjwfWXRYOZUHFaYulYAHmDYoFSPci5lV-CPtRjbKBY0XFyV-2CdU9pOlLOgj8XWrzMwLA5ei0QesBu4FSONGEw8srsiDt7Ae0hQx48Ng5qC7mNdfJFWJJt05VlYOoz9FLyfpNJ3yqDzUo9nYUeBaGrWPtj7sXemMbDsz19eurl0HEpdy2uvBngxrOyDshlZLS-iMTODjlQnDv_gstU-s3XeCmECK3lVdp87ASAStAyhCJiz_ztRWEu4w4BF0Vm6AFpflaxW2yfXjG6TcrNhKbnsE7_-tR7Fm00ekQ4gJQLP3_hkYSgPtJDONCQTudNqj2GxHlG98IM_94WqgKrbsBQraPFMEmo0gXJKwoTmkTCeSbOwduJTWeyidR6aZr7JGhMGDJPX71DRLKaoaUOOsB-PRnoeRjj7vAuI0nDVj-_vuoFtv1g6QhADGP9Ps-56DCJQ86OA7Waqdt-znZF9Or5zI9s7Pb6kx58LCjqbWIyI05-oqb-BcDi7NL1g5rim8MbPWRFQNEeEl2RfWx9OR7ysHVfcL3-3UaKIOzxCyQ3hjJxJ8gHbFtxl-_eAH2JyMvJuykBFCtitpmkrKrzN2o6vKyDX3eE91QMGFFOPuKDkOsTUvrgM1hWYZ93VTedyltSx9shNP7YZ6iW772_BwHkMBEl2SmccsaLoe2aJ9NjKNvXigAHnCb4_9r4Ex_,1,1,JFK
Budapest,New York,179358,2027-01-13T10:00:00.000Z,2027-01-13T15:40:00.000Z,2027-01-19T16:25:00.000Z,2027-01-20T07:10:00.000Z,6,https://www.kiwi.com/deep?affilid=mihalymisroriflights&currency=HUF&flightsId=0b7720a1515f5165af40a8f8_0%7C0b7720a1515f5165af40a8f8_1%7C0b7720a1515f5165af40a8f8_2%7C0b7720a1515f5165af40a8f8_3&from=BUD&lang=en&passengers=1&to=JFK&booking_token=HV-DNONBF8jHf5eVD5VTf8a5GLlqMcjvHidVL7DK2m_VBN1eV7BJha3D8yt2GglIx7hDOXOzn0GwXlL_ohjGZOMoCetefN-wwCW7MVg7zRGn_IOfPEAP66xbdqwHPEPQvOY6yyp_VxPqw4Ra0EwyVRPBKvulykvwlqQ6JTC5OWIN64AhgkWh1Ptl3LZXOQX9yYj5efnqkUAT5FW5ma3Yjw9pmNtQQHay9FHOMGmNAaleO_y_IqQNTklw5PkzxczUVCHPedb1ys0KfN1D5f7CiDQV7iS8hBoFJZjbPi6-PXb2GtU3g9gU5CO0Zg-cxrXTccBG8Nv3cMOElb5uKkEakjWyFm_2SBhe4g0zuauwAP88j5zXSWz873w9uCCmIdEepiKDmEG3hwZkbJRlukfCHYHBapgu6GimaNH2fIqlXl_-7TYim7DmuV1KjT7QBVEl-4fptgdK2-FJtpAVdfNDpS2CPw6Yhd9Ao82fWT1uEs36HQbNiQo_UhduJOH6Urq9yRX51KCuNlHqSFBb_90lJ4AZ4VBQs5KffjHmekW9Ytkpzf0MgI5Q98GJ3W6wX04TeaVZvxuTvovp6z9otd8SdNgtXQLeugwMwv0UKkQyLKc_U0fI4DhA9Ct_Hxy2twW6P8XniVo0JWU9HMMyoAO43xLqciLH4cGbPQMSzvrWeZyNHNgvVgFHqi2uewyuPA53hWchQQpSUOoubtCDMxY4rb_yeIC2_ndgYF_HLg2arp3R9S4d-u4BVTCqX4L5D1mNAimVF-OXpP8SvqChguLOTFGeQbFBNzNnKWhhXl_BJVqf8Z302L1JO79bDGVFnsDFdv2KPlMtfYEFi-G8LOklf2_JPUFVjf6GaSbmABSB_aygNp47-4Wtj_z-wPhAj_Ht0JqZd1eLkfqoT4aFmQ5efMEvsUrWs5inw2IVN3q4gucCWAHEEcOu1cR8dAFEWRB-znCkPPdbtlmy1wGIP0DI8o4DDFI8-uoL_y_wDVpC3f0huwRFfecZMlyMmcljuXIRFze_DnNA5WNvZzKUmTOUtFbFwTYDUQHaK7qUZbOy7bbSV0prq_fsUgmlB40T2WYQn4xxAk7_MDJdyIUZOHjFLEgVxYRtuDdnCC8KAEqYklWyaLTgzvnmUGuqqCK6jxxn9Xzxi41vGjLn0EsA_xUEYwz6uYSuSHC_r0dXhf6JnQTmsFYWSjYBUb7k2GpRdDaXW3VsepNhq_bIe3N7ZW29iBKIeAoO6hT7QuwELJGF2cO1XnNx8fusoRZqTahiWGS1U,1,1,JFK
Budapest,New York,179358,2027-01-13T10:00:00.000Z,2027-01-13T15:40:00.000Z,2027-01-19T21:00:00.000Z,2027-01-20T12:25:00.000Z,6,https://www.kiwi.com/deep?affilid=mihalymisroriflights&currency=HUF&flightsId=0b7720a1515f5165b5e2bd43_0%7C0b7720a1515f5165b5e2bd43_1%7C0b7720a1515f5165b5e2bd43_2%7C0b7720a1515f5165b5e2bd43_3&from=BUD&lang=en&passengers=1&to=JFK&booking_token=HTDth2RxhFGAnsQZcMy5fGvYV7k0UVED4pvNxG5BzfWR0mf4Dy2LoMQNGTw_tiKIXYk1IALYBjxl4R9XkO2n07WGojZwwsG6rN5bawAmcfqDsQq6gGcB7gdmbQMEbe6qWerAaoxcm6ldoMp5YqeaVv760qtosiAPaMj5JZLMWmx_vmZLBQ8VLcEu0FyQCvSUKGO30qhIYatprHekYkZrQAQYBI7R9GEFaotdyP-2CZQ9rB9Hew6auCVUQs626S59bWI3QaWkdqokBQ7MFQPtYH6HU1PzQwa74CV0VGR5YBtZJ-ODXad6zR5x1D6JWW0cHYQilKy9B57gAv_CMJGt7_U2W3O5vDvUV_sERCuClMQ6UNKcu8dEXx-aiTYnzKFup3uZMlQcE89CBHHk3j9NLXzxmUFNZE8MUIpiIuW1P5bfbY0G_NzP8n3EUu-xFAq03btzP0cKgO8N0rdlMx86vpqs7iDcQwcOM0aV4EWWyZNGmxPEEsKRxMRMUEgyc34FJVSjM3EpALxFHWiav43DBa5qyCvh5C6Ge5uH-dIWY_Dinq1niPUbYyt-bu-eD4xVwsTwcl_1vPDXntNbb4NHUTZaFSusXdVrofqs9aY_ku6px6kNupaWMaaW_nOuO_TybtdyqXdKO4tAC5GMySPo5VPijijefj74lZfUF1HpS1sGTXsX3bbEHYQ8bVJC3xN5WZANWKq2yrmZm30sTi9ZCwDRHUo1ei42JSTn39Q-7ao7O6e1w9uxiEE7fo4u0XJN0JJZKhGkq0HrONCvXPQK-CFln8XCkuZHyFytYckkOWpU0STY91oA-RQX3Pn3m-BViKyDvZTemo3FA6DxvJur3Nk-uHf_xVW65pQwzMpNxlt-VNGx1yih9vjjDQtUFgh-8PWTYND4uOiAq8F9wJTyiO_61pAHfRoJvyJ_VPHzKM8SHiFDnFCGeta08PWq8773pefx0lTOs9XRX42e1Xq68y6eBeGaswxjtZLd4Vix4QY-PisxUl5PBLraxvrH86BD-aKiexVwkpfmCqjDinrcold9O8zzU2sPni3TWF7YG7f-UJGVu6pdCV2yw33p_RMN7cxjB2XJm_YLWTTJ_GlGkDYLhKhH5R1lC1eBk9scieps5q7WXGmAAtbg1G191aFefed3BN2CGkpmFhEpvd2oX26SZYpVIPv7eKIQOpUnF241vNkO_vGHMsam-covga_nRW4iYQYo3dMF8tbIv4-g85IASRwrV411qObe3jTOQ6h1kf-s2xYS9ggo-YEkz793EkXHs52pnI4qYHl25m3Ci9w==,1,1,JFK
Budapest,New York,179388,2026-11-25T10:00:00.000Z,2026-11-25T15:40:00.000Z,2026-12-01T16:25:00.000Z,2026-12-02T07:10:00.000Z,6,https://www.kiwi.com/deep?affilid=mihalymisroriflights&currency=HUF&flightsId=0b7720a1512e5134767de4fb_0%7C0b7720a1512e5134767de4fb_1%7C0b7720a1512e5134767de4fb_2%7C0b7720a1512e5134767de4fb_3&from=BUD&lang=en&passengers=1&to=JFK&booking_token=HLpoGVzXVyfoirWP55xSN3TgbnEjS6EGgP4oyI6cBzzhIneF4O5CVoSqhm5KU6vEhIxGTN3l03rCF9DJeXtcn-8gjO9jK2XroJcnirROLxS3vYPTz7okc2TEfA0qHt50ubcZrCj67eix-0TjJV304YxFUOplihwu97jw7lSewEaRiMOeAHIj7qZyxDIpGvvIm9dCrYb0f1dTKAY63VKqL4PzqjjpCWcX2gkFf3jgtbCKh6h0M3XoXNrsnk2Fn0ONtDe4s_oD1fz5jd8DxjQgFyBJa4oP2bBcCY6AIG7NLvvIdQ94BQY8yF6JGZZHN1DJl55y_Z5ZcM6eyoeyCkojdma5MDGWCMOUf5LE3bSTqofetpIcLgKTdye6IFVENLfJjQfpq7Koi8aaynUrhLojx0s-IvAv2ZZAFb2fnyf_fH2NnpAu8YCCoNWzIqZTGUOhePmrvS1dTMG-fdGTVe0gCtP4Ip1eB33cwB4Zlr6cvIBXaWA3Z9O7_FeVovxaAu4RItlCJg8MZ_9LqfZv5WMKW5bH6RZcfJrHpOw5rIyZt8sMYuhWfwpYhnNJpyvGvYH365ee4Yyp5PHtxMGfGYg5NBB7WY4kABebOeRZfxiEO10HpIrgqzleGFJwCbA8sdFkhjK-QgGbFeyCfkILQlfF3c213tIwUvyFgLCvF81IQ4wW6UkhEOe-dVLYYgfXyftAXlcxt4JXaqyk0jGx4I7B5peAMvFokRz97G3S-muAe8Ug90WY1Kp_W5L1QJQIRf_CcLEchgYts_xZaTGjovq3Bk8i6q1Zh740bSvbbB4-_A9aJlGrmlu1kUMCEMlCEO9MdVbuGEj7Hrl3CcksawRmMqDA0xsVWyE9_SF-V2tNmVmwLg95AsUyT-__Pb1BpfuIGZmqcq_YMeZtI-fMPpHyanTufoUtvDiSDhtgA_HeTT_DmuStLL5SrYNe_oq2KhyiN3gZIQOH5TfA3mrB78UTgY5hUfMQ8riP4GJeEyRuIzlF2sNvpA9K9JAoMWFYny6kNT4QgVtbHPi_odhD_O-R_hJPwidMjLlTalHXvNRMqc40Dopi9ThZPr7couzGx2mRzgfjr8GR1vxQPOLkGP3p2T8sJOeGlmI__C7N0jvlU5FFjFhUlW-Twg1MIhLmmxRoDf23E3q9b6giG6ag_KpcKYH3Z61t2M6LnNXL3OwTHDcQ_nQ4mThK-545Fh5ODMbMlB3sojq97xDf8P1bVcSUItn6iUDmv19HVvHXmQJMq8PYDCiTvIYFgHZhfs2TpZsDv9zNAx9DK_uyUQycTJsiyYQ==,1,1,JFK
Budapest,New York,180129,2026-10-20T06:35:00.000Z,2026-10-20T13:00:00.000Z,2026-10-26T17:25:00.000Z,2026-10-27T07:10:00.000Z,6,https://www.kiwi.com/deep?affilid=mihalymisroriflights&currency=HUF&flightsId=0b7720a1510a51101441d624_0%7C0b7720a1510a51101441d624_1%7C0b7720a1510a51101441d624_2%7C0b7720a1510a51101441d624_3&from=BUD&lang=en&passengers=1&to=JFK&booking_token=Hbur6fS8KrQtXveT8IjdeMt1TX7lz33yFuXmwFuIbnwrbAESxhlioCGzNcCOeqza7aAXvS-MnADNY9ir2NRwluRqtCfPcvqF5vEJTtXG9laHchGywXFkCOjm8x1W2DgFDMpTldUojMIbPCQakbRuzgtNWX6FzuSbqFqVu7Oyds4l6AfVFMjICLnkQ63zxqL84ugd3Hr1SsR_gLsPZ-A8VNRb7xkEILfqLLXWxOluXhjXQJCpQvQxIfITd6BlCWfxAAkheB_9JIuYxWnXzbaZgzVGMb2eT_fM_9r8bXSFzVA-PasxI5o0HEHP8ObyEGFMcLVYcIQcf7h_qZ6s5IQPLjhpCZjLZsq655ORVdk4VqaYDBL5KAajpqmS_jh9mq7CPOSFbGOOBQwCP1SMykNjQ1wmB0BltqnfPtM9LAuoWsePihL4pCt_uGk-Fgr9mpYCa05BSkPhMJcH4FcyUd_8Y2ceu_CN_9iI4JbZbGantcl-EpdR9r5eWwhEGTrxgpfBHbAhVzfaUkmpmYyp8llcvDk7HSk91Z3uIBw7E9SVbtbpD_h9UgVGOeTX-Jg6CdqFKWE51wf1Egg-f9kqPAISIMgJcLvOgT8ot673hu68dEJSitu8iNw9q5IRJ-Z-l_59A4S1yNsKpQEEazwHTsEB3Kb4AWgwbrbAc4-hSEG7sQAZGieSBKqLWKl9ngP1qO4dq3VrZchfDzhAFYOmnnMzlzkmAqfyPZIH6v0wd-JpcWLxuT6OR4ArOXjC_JzpjKjAX54zROFmbqort5YRRanJJtMMYARMBUQxXX9v5cC45VGoQMoVF8bfZeysQkZELKeniMT7lL4x9kchD-BDFTl7Ukh1GOOGv73uFtUGRq74oHJ8rAySYQgF3LUrj9Q-Y6rCPeHyTWNnaAMakNehFCedH4XJmObmFAsdxYO7v_Z6b_77K0o0Za1-VZNonHjOps5jmltROJbE-0ry3fFjY6qNNgtoLJSyB55C2yyosgh5YE0xuz4pRLYEgOzIVbCN41Yx05RYDuJwevAtWm43utq_7iOMXWYdLu5ZicA-h6oTgxwlklLacsSdXv3gZdncf3ysYll1BSmOVmSWB4oedl388DX5rxwMHq2oP90P89N2zHcIWeGW69Dzw07d6mQI7s42Vf-A9ALvIyJvlX2uuFCM8gTBFPF1XMUysKdttGU2ijRsYng8Ao3A04wtXE8tHdpKFYeWA6cd1Uj_PeNXtBn2nRGDW8e0RbyGfKsmdB-nzkzr8tJpXFp5lfFe7KWt_hYr48SDcT1O6X9cbWFLGlddPag==,1,1,JFK
Budapest,New York,180129,2026-10-20T06:35:00.000Z,2026-10-20T13:00:00.000Z,2026-10-26T22:00:00.000Z,2026-10-27T12:25:00.000Z,6,https://www.kiwi.com/deep?affilid=mihalymisroriflights&currency=HUF&flightsId=0b7720a1510a51100ee3c39f_0%7C0b7720a1510a51100ee3c39f_1%7C0b7720a1510a51100ee3c39f_2%7C0b7720a1510a51100ee3c39f_3&from=BUD&lang=en&passengers=1&to=JFK&booking_token=HYAihFM1PGBumUfhfCGRAc6JfiDEmG0rZPmKhBTfuPmG9MSwomem9g1bQ1fskM_lrb7MbY_YL0xQ6IZk5nugyFngPV9VK2aY5bdf-zaES32AXzmVbqUafR4U4Vz-QwsNUMSNK-ZBXdODxq5XRDnJirXB6BC4UByUdyymz0oAf-QbnF5dkoW6D1OPik92xPO-84PKRFc_z7e32JSyQ6xFvyR7nJ3hXifOZAMvvoRHruV6b--4yW0yc1spCw3ElhTVlSOW6i1lpp18hlHVfzPNdnOIQBGmqzh8bRl0l_Dlk7zufTO_BtHwpRgYbUNr-6_JVdIfGOl0nfebQ3_QWTS_phYJN08TaO-4nxcEdwC3Vlt5gXQTtOogq-_dZcSmcckpFllvi_4WTI2wCdDfd0f1fksG0XAcAT8srSvpnYSyiMx92Nc48QRgbw5rJo2z29SbnN2nxgZD8FuOiQ-EhU1VUZ7xbMEOZjbJiuqwUnpT8KGE498kwsFk8L41hYvWjAcFv2PnghToWyq1QinoREhXzJzCBhDQHxZf0B_ak1Jb5NhWgkS00zTARim4njlR2enGU10TpwELwYUPVjNk2_ytYAGgE81p_ywVy__A2hDYkHid9LuknVK40RSaqzjV7Uum26OgKG798Bdqpyf_DOIfwkkpclYGvdJIffLHGjlmoJxLRwxDhNVqAdKK9H56ZxvzpFyjtoFTh99I9p73BoxWKfZFiYBbilHyFR1tGx86odAnnec-oG2IouBRWcgyptVeeUmnYZwLlRkh2_SqfXPLWgvvrLyOlro5ybYCrJW5XLFfHlgrRINlKOekL_ReDrY-2AiYGsuODDed-X5RP6t0x0hQlUBzBZMO_LYUk1jTzpFYbP4dB6mXRelUl7zI43IqX5qDfkmnTX6yLMstmZRFogHrXOqVU3YuaINmAw2vYs9BVibvaC0z4B7vln01dqV8WRtKWzk6aU0iluhUsmwHKCp7XWXQ3PsO8Wjrv4R8h6px7MqtVqDmb9LmUGEn-r-zMfYlWMo7pS3JjgxCLT-EPKBth6rPgIi-otw6Pz4Ddtwe9NHMJNMcUS08L37ApyfDwkjzLSArM-JYzMYbx2neKkYq25jyHztLWsE1IKfPsqP9C6D_jHvzjXjz7vhNvpa6YQrUEPsh3NdMDsDL0VuDeXZOm2qUd6N__fyjzvJzIaScq7cJSa8pa2VDLR5M7VROiNADDL6T4aGNOE3dLIB8KDveaFgx_mt0KxtZ5rEtPGAr0WWYWy2IZTeiPs6tF6zS66uOecCP7zsHWFSN6pxEIdQ==,1,1,JFK
Budapest,New York,180412,2026-10-08T08:20:00.000Z,2026-10-08T14:25:00.000Z,2026-10-11T16:25:00.000Z,2026-10-12T09:00:00.000Z,3,https://www.kiwi.com/deep?affilid=mihalymisroriflights&currency=HUF&flightsId=0b7720a150fe5101c75993d6_0%7C0b7720a150fe5101c75993d6_1%7C0b7720a150fe5101c75993d6_2%7C0b7720a150fe5101c75993d6_3&from=BUD&lang=en&passengers=1&to=JFK&booking_token=HzfQ5G2VmO0AQ6GEv2ijiVVgAWklruF8uDMcVC4VZTn2Ic7eHFHJgFCSsQ_ubJtmL2aKQRXDjVZvDdosB807FwMGrydB9N2aLsLZsq4tKqpjeJ9jaysOptvVC0pX4fnpNvg5dTBpcOpWGj7zUfOt_-IBpHF2-5x-ovBQluJzu5rp86SgRBGBXMiDYRUamx1QpIrY5Nboomut9Uh7SDk-_3nzCaNryZ30hFnw7sWP9_wBkV5Y2fscnqCx0f3BksZIRedfIA629JDHdYFrFUPzEL6mSUNRzd6pMhYEb7uthX35KzejXLWD54cfFXbLEWoroceJjLlxkOU25wUthwQ0vlUKvYgEbgvQPh8uWJ5SppaJ-uSmZiYiEhWrQuTXlkxmZdfGDpv3FFaccPtncu4fZ8z799mP5PbkHzAOQ8kZIw2ZkujM5m9oc6XdCcCy-lJc1IS-sDmd3R5AxsTlADuIKznnVZi35cMtmEH8LMFSjUi9GBkMvEjJPxBKZe64yqVNn-uDqfqJTcxUVojoJRlI2rQr5Nc9dmMMfsdViesGR3bHdhUSwoYejjGWoC3I-W-pUfag8iJzbs9rYMxdTBI0wkGa8K_dXnrSiU7O7n8ap7omGrepaxDrpgEFWcQyA8MnVT66_AnhqdzeXnJai2cdsQCNv3IdUSgW5Azi34Sb7ha-PO448mhc_MKlIijSasMPR_CwazC2DjTByWBSrkJQqH3-A5RUL8PLqpf-5i2PxddkrlTyPym6OpFdu1vc51GFxMVdLxqEK1QShwLt49pSPFJU7Ib6-_W6OT4UbH9MdjIBSQho7XJ-wOtMFmLDqcQW_juIcblOg4kRO4HgytQAlxj2FWKt9sODWOjUkr-5mMHMijvQ0ilFyCcm5lNENKXKKWbZDivUJvbnmLmpXqw38zQIX_UlRX7USBNRGDZdgQoQqz5qpERG5XTCdrFzicXjYzbR8Nk5UPQubG17JW6Lo2L10Y76k_QfV84xD1NZ2YivlqXr18lwhfG4HWKg3sbHXUZLHhKq-HuozenSTilgIEDKZ500rhRPreLQQ0Wpj8mff7i86yU1pECzFO0Ma-dU2fiEnyOJcZbuk5DsCSpR6xGv-hhtz377-IyYZx-q_bcbWV21OZhhJceCbiPoL6bdV,1,1,JFK
Budapest,New York,181670,2027-03-03T11:35:00.000Z,2027-03-03T19:05:00.000Z,2027-03-07T22:45:00.000Z,2027-03-08T17:10:00.000Z,4,https://www.kiwi.com/deep?affilid=mihalymisroriflights&currency=HUF&flightsId=0b7720a1519051949f843c43_0%7C0b7720a1519051949f843c43_1%7C0b7720a1519051949f843c43_2%7C0b7720a1519051949f843c43_3&from=BUD&lang=en&passengers=1&to=JFK&booking_token=HasvARD_FAluKoi2xbfahQBUUbt-OHE2zZYiOskuPcD4Prma9BZZT9vC0ck56je-YQ4UJDzUmNiLD_8yvEV_2qsm7Kx_-sFDwoJOJuq4k3GQulJqZGro8YOqeVllam14YWhSyke70JnrH1PN_5_45M0YMaShFsvywaxfZ8zRIS23qRYt-s5nFeAITUp4jgeXRl1Qr3CgaGV_tQaZiWpHvU2iGBoGeIJrNzyHzp2L68yLVXL4fHkF_ycBNS4ISdt4NkYY8hwl2zQf5J45MOFZHPRjvWosn4vWQVmqZJ_ViP7PeTxUihJT68ZUOWZBJwPQL9Wz8FysXIEPgrTUJdk_sZxDi1kZ7XJ6h__cKe889Wv3fJ--wJw56w_Ns6SMhBD0AX1MoLKu0DZpEPn20Lu4ITzLYbUVkBpcimhDlN3Lu4F5virF_JLPAsr05ynIXWmCF4ycJPAp_NXm6A3YpL6HMyKWHUFAxyqMhEqpG1p82N0WljTqsli84-4x4WS4RV_PwM-2g2zHBbO6uq2OOTc20BlE0WGlJ6HNd6CBGfXiHrOVkekIArsBvb_cYlLO1m-4SuUrN5wwyzacsNNuHsOJYNrsx48HcVti4pwGeFv7ACGYHh324TUxV3CCx2v7frpk0r06MbGfVU9UGykV1ymMLWBgxCsOI5BMKbwIFfBZk5BMbg5MJxutHjb_CnU7mAFqBspWkJvY_eUOKD0PplrfCrZVOh-PILq2xfXrksddxzrJAFrihLGbatRuZ8bLBfRvT2SFzvSdDXXy4fRk6e5HDf631Ln7X7Zt-3I8ypXvWbMksyb3jH-OglucOAP4wosw9sgOQULLCmiFKLMRyxcBhAG80A60bEw01mh4H7DElpWckb5wTQ3chDhCcqek3fSznc-uXHBJiaZTcFj60p9yUWTcM3qjuKJbbf__6RxNkw0NkQDq9u-74Vd95DkdACAhQoCFY141pPJEz8l5O7sI0DD3-M71EOEOGeaN8IrG3TwE7mwpE5p_fu8f-UaD3ZkEV6zHFWZezAHaoZgO8WI-lPv6cCnGhsvomR5ef1OAuTpaIHe59mhmOM6MXzm0YOWoVQdYU6tw37BTur8wAUEZiBSMQrDnqCzi2g5fOhu5WiOPXWkNQr7TioYTeh7rWruxIKDvXDQAh-hzIuXrZl_-Alg==,1,1,JFK
Budapest,New York,182123,2026-10-20T06:35:00.000Z,2026-10-20T13:00:00.000Z,2026-10-26T18:30:00.000Z,2026-10-27T08:00:00.000Z,6,https://www.kiwi.com/deep?affilid=mihalymisroriflights&currency=HUF&flightsId=0b7720a1510a51100a20dd77_0%7C0b7720a1510a51100a20dd77_1%7C0b7720a1510a51100a20dd77_2%7C0b7720a1510a51100a20dd77_3&from=BUD&lang=en&passengers=1&to=JFK&booking_token=HhnrbYHBfWVbbAteDj7zuHNjFwfsK-mN1UGSc_FEy6n-LncESZYRwyNIpWL7RtC8elb222rqXBXH4qtB-xmlnjEE89UmHu54rv3hQwEByl0ygEnGKsl9HI-dVLDt3Dj7tACoagVMcBR3IvVsWq_mgiol85IKpDj15-z4MKrXB3_9DKjrw1HxyGJ8Ok3RD0tKWgTCRzRkY8x9Lr7f3XooQYH9HFhDPLoIkgKzgaa7QrI5tzOOTjPKTqu67sM-UgO8-HEoBhMwPQRzEHkZL7FjjGf25oLsM-A-N2ODSoWSJ_m7PUKF5vaIDTx2swAPpGfekLu67vo-C2mjGwCr4XciIDis-KnTWDDD-HmyyJ3w67ekUj7W_pRU3PUGPmbfEOX-N-VKy6URcEg9fzI-0cxRq0smZOgQ5foc6SqF02EO6BotlcjgZJyoz8UKexXwgWlVfbTkl15gkib1YWhTD6P66XPLdoyx3JdBX0e2uhsP7-v-_NWmbtYKGrU3l8tFbemNhK9YbprujN7OY96QCNIXoUjcwdvEZ5eJ9EfqNM8teiyuOWs5eqqey_DN5KmYZayE-JxcTEZJgPk1M0B_mKu3de_8fmFJDok87HNraRmAmeSmPTjoaImSeKdShCbFSoRWBmPHn430SvxifptUqXhYMwUGd8_dCpjr5sz3IJEfyl2HaviQgJ35peRka0elQTkfBOfsyu3fAMMj81K6h0zLvMDEyJUdbtWwJdNHQ105VvJVMlukr973J3vVHdsiqQKUKbAOr98uywRAh1on_hWnoI9vSMpeh0iHwY1HTivfE6Rjh3MdLW7NsAX0P_d4mzi5J59p7W8LcZRMZH0sGmsjVILTHu5pJhaAedWE7uf5d4ghrnKkrY60PDiyFO-k7b22D5JtSqxEdCRLTt1GcawrqPqpsx1InTr7taC4saBgSCQGZQ6l_S3-NPnSnbPVxPItSVJnY8yJqntBHCP3vJHpe50imyqQYZZIgqcq3bQtKh42qPZh1G4sxWGB64N-dkKRFIEXKVN_Mff6xRTxIcDmQu3mHv32vmUVI1s8I7bezmZRPiBW3kTVRNKjo2-xvJPsUT3NxiXeSf9jKIEScXHoddrL-7lU3CaXHKd58TXCruJbVFk0Urw2_y7iHh9NoelwsA8yqhu7jC4AJaedKDl3_udi609KPZGKFpnbEUcLRQF5LXpCrg-27O64csRxDMgaHj4LdH6LmAVHYnbtDo6mkoaH8Jqq_kObmM5UQzez72Nx6LVdtUnaEJX2hGFPn0WJ5WIrUCvPGXXDUOl1lVuRg7g==,1,1,JFK
Budapest,New York,182621,2026-10-09T08:20:00.000Z,2026-10-09T14:25:00.000Z,2026-10-14T16:25:00.000Z,2026-10-15T14:30:00.000Z,5,https://www.kiwi.com/deep?affilid=mihalymisroriflights&currency=HUF&flightsId=0b7720a150ff5104aa08fa18_0%7C0b7720a150ff5104aa08fa18_1%7C0b7720a150ff5104aa08fa18_2%7C0b7720a150ff5104aa08fa18_3&from=BUD&lang=en&passengers=1&to=JFK&booking_token=H5KjFCx0Mka2dOPJ8LPIV2GMpCGyR8UYYCD77IMn4IW9cKQCt43sKRQ3zBZuhZrD8DofKX3i9MHHR4naWytnT3HFZboobJ96oWGZtaMqpYtWqxqZV69NSMJN7bYFdrvZRlSGCxEhDIu4nQlbAQK391pXM48aCU7PWbN4lIs3pdzx9DiyycDSSyMpHbLz3NqWrJzavdvIuwbTsIEwgPLt4qVXbCXJFcKGGjbCRgUisy14Q-JlWFNRT8c8eZV8fPOBhktJhrni3vBunUDy3ZekjCUCHV0mGxW2hE2Mmlen2NejPHEHmmSQIYxbXWxeoWOkqkWwLzpbhdZqIddsjNY28d-42x28fnA6zXGcnADKOddsFmBECnCJQti6apUh6e7GqUzuBS8aZ7U9eYbxqs6XcK1fbLAv0yrqbMkvo5ww_DQEphNoPXynzfhQXDjBiD_456UcvWy9cEvcQaT3wYsXxNWXe9lspr2gFm8tPW4BB8WoiIpEqX3Q8mGeamCdUlzo0desMnC-Z2xFQQNHJ1B-T-k9jJmwrEip1fjOZ0sUYvz3VyGYtvKC8Limot3CBBjRAh-WNaAknnarTTYQQwzRQokepeO_fq6DVhxk_7gakWAJWCo2rDsW9KU3qqdJn8ua1OExazz2cH_Ep82jpHJzc4lhmGpkubdHbtXJzlEKfx4UcoRGJBYr8HIfEJI8NQT2VOvR1ch9NyxOIDmoP2or6edqdXsLYEDOJGHpwcVlzO8k8Tr4xnzKiICkzzurA1TIxj3SaCMgb_iibCy4Z-raiqoQDZS_LBW-0WHPqQ9TEwKcq58WAQlC-hIOkLeyxc_qyZv6pHJrAOEn1wI_D41Yeg1nEzPAUsv8emWdPIC8nyPqtfNMK5k-gmYCioqR2mURqz0iVDW3t0VUaxvtsqyN9mwD7ue_4Z_OO1sAIJjY0e980lsZ-TYlW5GTUz70C98HtJ1dETOKC3Y_PcYoZn9ePsYN7-KWTaciGcIeIg37Mjr6ZFP3ccD-GcDpLKHgbcAakdl9GU6Y2IsoLag9iUiH_UC0YmFfMf_yAbk_itmwWz0Vq6Eo-rVnKNHVi43cfaCWAy6KbjECvpmuvaQhPLgBGsS0vvfzzR4QF2af4j_NSSAfOOhMD2DRf9428495bGkaqNhj_E5i1SoR6HVkqIU6ujR7mkkBegt0jAIgtLR6Byeg=,1,1,JFK
Budapest,New York,183083,2026-11-27T09:20:00.000Z,2026-11-27T19:05:00.000Z,2026-12-04T22:45:00.000Z,2026-12-05T17:10:00.000Z,7,https://www.kiwi.com/deep?affilid=mihalymisroriflights&currency=HUF&flightsId=0b7720a1513051378301cf9c_0%7C0b7720a1513051378301cf9c_1%7C0b7720a1513051378301cf9c_2%7C0b7720a1513051378301cf9c_3&from=BUD&lang=en&passengers=1&to=JFK&booking_token=HCCSCsuhHtnjaOQlox0rNTXIpDd3XONnGD08AuX5PitUztsGTZ7faweLRov2LFju8pMccccEVU3KWLem2jRLIROxe9bul82KIjeO2LVXnyiac6NnGH5RL0cMCP0PUB9pLeOhdYdcf8mK4o28vdIGVxZaw0BemewyXC7KcRUfHrqgshPt8IRURNi1VrA04OxdYhXux-aYNVTSfYyx0pWQ4P5LF7n1EU44oIDyZmoPaW3ZmxvxuilmalFp-tA103hBSBbRc8KfKAaaszG1_CG4l9fEXRG6gmD6Eu4TtIErb_jOe7buhYIePcdyPJh9QHcfER3TWZJpeFQyuiscrKBChRaUaK3GVaqJ7uK24u2jbn1P4Yvjau_NJB1IyBjYnfpkjwlyMQiffkybQD5jpG0wOkxdBQwsPiY0OkVaVbM3KOsvhfKbHn9WrkKOUO8hGKx3rA91Sb2t_72Ji47RmgbeCkBczFo1ekmV89xRh50zdoQwWDBNQuWB8_DugfKrGMCAeEMN-jlS4t7c8_qiRmhqe93An5tgbxoOTcegkiiLpsFIYsabnaIYnY5NSZsP4jRezlEhwRzamZjPcfIENwhlM2OtWoVPfY-oPnrGA1zG-3UHKey6w6aQpKuYgiwiE6eKKvJKXwbqw7PY-Jj2mnOP8ZwQ2X5Wf4VAKlO-Y6U2FesUKV52UhJQaEStzPyfGGdBUuzxmPjGp5guFNWxlnmsRw0_CeucN-KLApFecjYcb9hEVRWK79wZFY41DUKCnbzUORAJr1qrKfvdoXNiiNvB7uGTXnTJOqD1oUg52bIG3a5KxoYVWKBhJRqqoR9wGNdJsHB-bB8jd644JtXseXyy8D5_GDJCQ2yAvy2qGHCD8RrrUa4VbJEzfimFFd-EWT29p-VOhqT7qNNfElaSC4egiLWMCI0-1WAaPkD2sn5EryboaTgn36CgBZq2vgs8de3e0CqgEynZt13umfG6m4YpRSMBdcpwZGCkcZ-xvhTxM5mPP5Jyfrn2i0nnEfZrzC72w9lkF4t04Q--DBb5CkbitxTLSsyMFAYJbei_WjXGdytBxEe_rjLEExRDXZMnYjSYBTqaNH8vt7YkejSJPAVk_EqcAWERBLpfvfNOcqUuLmrWiGkXdHm8upk7kimRGj7vIP-P2sz_bnX8LnKSjBOY_EMW136_O7_rI9789wHoEjEkK9MdCDne1yDQ0ICVrsvymCmXH4r25BCw3odHPj7GMsx_cgXqN8guq_T3rs4wyHpI=,1,1,JFK
Budapest,New York,183247,2026-10-13T08:20:00.000Z,2026-10-13T14:25:00.000Z,2026-10-19T16:25:00.000Z,2026-10-20T09:00:00.000Z,6,https://www.kiwi.com/deep?affilid=mihalymisroriflights&currency=HUF&flightsId=0b7720a151035109b52ccade_0%7C0b7720a151035109b52ccade_1%7C0b7720a151035109b52ccade_2%7C0b7720a151035109b52ccade_3&from=BUD&lang=en&passengers=1&to=JFK&booking_token=HgfuYz1nhEKewO_I2A_1Rizu9Nfrf8TlyypU3xOFW9_jvmdUr7gorFVaOqNfD9OsA8roBbUUCu4asWOEnhhY6MNQaRXvMGvRAB5m0fk-5oy3pfUiLyKTu9DKs1VehCkRa0oGtgrLDz-SEZAGNHLgff4-S5kBSWbcl8VjWSboWEKjn1k0aGXbNnabOex4Y02PT6_L_ucViFPrZf4z-lvIsz4xvWskWTSHUvL6aGBEJR1T567dcJFK_3XZe72aPPuLro7rwPVebyCd3dGT55JK9S-5beR3fQoZ-HV9M5lssNBjdCdmk5O0M8ayHcorYwcXY62stxXiSbEa7PqXcN0TW19_drbmF3s_z2jJUwTNl4VpiKjy-m_KUpmCSWVSU3CrXPlmUAu0o9eGruVS0hRREfmoPmg6h4EuigcLtdtj47fchxzeP33OawsmV7Ia4Ycu_56rem6xT4GfDwG6blX2t54MHwkW9ntXrEkex5xeu9VSWJGpCRVJk7qEWn4lZgeUCc0Su8lJVDg_Az8Py_1cPuAlh9orppZO5dNCa8rVAPDUsTaIdsYPYZ8OSk_HVtEQNkSxPFxxgYivvce20AQhLK1sorq8heKj6xh3au0E3v7HqcwYL_wRNvQEycneIAZnBmAwzMotIRKn_WuTqOKdBfHiQ157MLJaa9MvuIOWCS6Yx_SYFiQGTRcWnUmAOHwcY6ZdU-kNQMkWotFON1b2t6hJ4yBsqQR_PAuvQAxJK48sAyH3KbTgc-0JuPXvGmXq2DElpr2CNBAUtgvwUlxaCKwpk0XcotsYK-KVETrWBItZmDAH3ZUB49vr0HRg7hj9wm01GAZ0cbwHlnu8H4UQKDzClMobXv8HOl7IaVvbdAjOgYUelTpzrUZQYS-Ptbxgv-HDEQ-2gk7RPUjci9iwGxx_BYYfowGDBLHnG-gfP8LlJbEX5aXb7FZ6FcN0dej976b692x_Uynacr6LZwlvdjBa9g7V9KYHSxzIxZnpHq5Vsnwtw8ARQYREEKu4nzKWHiDlb_pc-jq1gTSqGjXcw3BfjCk149VGcvoJBy7B3FFS-sR902XUv0mrFB8uaNborwcaYY5as8OEQ9rdSttMIkkVF8XIZwmc3_x94-5TkkOh04ICQOgNvaegdXgfeoednIDRQPGf7Xu7OJR46SUaMLhVDCyCLZ-xQvm_WqwROdoM=,1,1,JFK
Budapest,New York,183247,2026-10-09T08:20:00.000Z,2026-10-09T14:25:00.000Z,2026-10-15T16:25:00.000Z,2026-10-16T09:00:00.000Z,6,https://www.kiwi.com/deep?affilid=mihalymisroriflights&currency=HUF&flightsId=0b7720a150ff51050ee80f5f_0%7C0b7720a150ff51050ee80f5f_1%7C0b7720a150ff51050ee80f5f_2%7C0b7720a150ff51050ee80f5f_3&from=BUD&lang=en&passengers=1&to=JFK&booking_token=HzmiEeqdnmIiNKdebBIAF9ZAl0COkfx2RGN30EGxSGMsuJiYcWbFsLMOA__b_Y0MWlY1aTR06PzWAAn8fCvm3j2ynToY9Mu2yPb7MSHoSLPYeQHRq09FQoEK7brnXG9l8QhctnR6jo76GIY7CE_9uL_dYvwquzcNph-ehtSFcSHH16xKOkHPRWRJ3JqIi7mqXMAJ-AYiJOAPk5Ssj-eVxVQiPN01WFWUzroLfAym6Qtjjrhl9nt2DVdDBLDfpBiiyTCxyaDWc3BT_a_FymIk31dQvMcACgSySC_cifm-3UgpzZW4tgAcR-ZqVESQVtv7sVqZ8g9PuQp6UxI79FiJDI5_7KqvDBA3KnFOlAXv4Jv39wi_GIUvI03U-Qr3ejzZdBQ3OxQIo99jwFRpzedXRD-ID7jIGPL35m2y0isIGdHFHL8trtO0yzWw6IFklBb37lFjEaXEbeKFKCYWDfuLcQUU9J3MQxxs-pToNeGhBWM02Lk2HEot6Yk3EsnVWSeAEDjSsAhOaHYfpqxc6B3NwRz1pRX9s-ERXbrOeWT_Ad3JhUPe_DrJIIAYFqrb04SW4UeQQmcOok_ODSNtY4skaXvw9uD3vy_I3tPRyIesf-JR_FV1aaBgb68jLkFhIRtkYNxpp7c1FKWGLkcNbq1Z8J-oncnZiItPqwgcKuD2UBqyEtHsZbY-hmuOrqN6Wcv4T6J8boQmU-7743GNos9P9HQeXwn5c0jgV6pOVT3zOUffEfr6j7qz4X1DY9OBAGju7pIsV8tbA5A4swgxaXmbpsZDgldBLOZ8AwG1Vdu7XxNnTYGUK1U9SLOIKqhOD-jJjmf-n0bPqIevkCeNCHOok55WqKHPHDmaa2dGm9EFeiK6YM3pL1zM2Sqt7-0IUr0kp0Ma1gkuJ7L6JKt5A0gu6ThaWjY4nNWd664Ut2ah7GYRbPl9cbieyGycCa3jo3FWvRhKCiljXBO8Dy4k6WrucOLifHR3f0AhUURICFDKkDUOvCMVG0nJTME9vOsB9L5R5aAAiEmYBgOKLjegwz5qgumZnlwWZKSkxe7lFm_v85Oh8Io5Cihki1Y6pj80S7oW0csuKo-ET8TanRJhIDUZymhOLCSwOw93WV8GCC0nOpkdPGNHU7azvgev4OXvcKQ89bEUUxcE13HqP1jDpSx0aC3ypcWbsZ7PIdivl8oR7jn4=,1,1,JFK
Budapest,New York,183247,2026-10-09T08:20:00.000Z,2026-10-09T14:25:00.000Z,2026-10-13T16:25:00.000Z,2026-10-14T09:00:00.000Z,4,https://www.kiwi.com/deep?affilid=mihalymisroriflights&currency=HUF&flightsId=0b7720a150ff5103f6c09caa_0%7C0b7720a150ff5103f6c09caa_1%7C0b7720a150ff5103f6c09caa_2%7C0b7720a150ff5103f6c09caa_3&from=BUD&lang=en&passengers=1&to=JFK&booking_token=Hj1U49SYp7aJQPNS7407s47UiVGT9Cba7NCYFdLm9nxUvhlQa58GJ378WcmlqXXgECa0P1k2BW014HU03fEFvF8EHRpVU31pxP7glyQmDSOez7JqdEKJCgSwfMm_NiMEICJhvVxwcwmsfebRI2DeDTOiDcFpwModgrfpHy-upxBj30eg4_8ZNkQW-Lk1ogtLEpvaez9ReKl3-eVggr0HRy5zvoKkFZ_Oc82HKqlBuWHWdICfb0m-G75Y8k8-OSN6rXqhcq211CCREovses1-Jq4uiwlk2jgNMWhtA11XenRTEplu4SZBU1m-fWDE-D89G9-NXsX_SvCd3gMUuCM-_ARDgBZ0nJonDA2AhDbJrWjAvM0VDctsbAAfneWBn8dmEc-xk9tDLopYmXME8MhigH0QwFGWbDu19niD3Z1rEmsikpogGzmikr9ZaZbCaXya2MESqSfMY5LfVjsSHDFrZCyReALDcSvmERQbsncXxlAIqinYauYekkt5uQOuX9pe2CkLANa7UrXdnf8lEBOD5w4nJTxW-_vmIUzuE49MN4oBioTLJDD1PguW5MkOq8W9bvVeJ1N1FdsohV5i9epBm_R352NL-oNddQNqt6fZ2ucJGoX5fazQoYrU-BIwQxhVAYfD3gOcCXhbs1uLAcGjqzpuhg7h4qtp-eTVBTILxUYDq1hdHK4emVDvy4f-n23TkkkYy-coPjRLZLegIfhW2_tfVLl6ISNHwLyWnGBuhgfOa-JrmvYM-fZmdpIHv_OghQM6s-ki0z4dBu6daiQ2LCW1Z1X8rY2HS2FZCjHW-6b5CczpiePi5k3mRPXzBEyUPnxVG8-JN9KWpZlUbi7u189cg74KeC88RIP3K1S05xEla-E7H8MfZTk3UNOZeNoV7ZK_QPpKTVl6uG-WQoaWPbOm1hYbkaWhgBQf6NXBIdbXSR-NPA6_mTleAWVtasqae7-Cya5Zbk75Un1ItJYmywP5NGM8zQXcqjDGGMr3TxbrqUnAyJqZWExEasNvdsaYlpsWmnkUmvM4WN2U5T2dem65V-4diZ0dcNIQL3GDGx00un7FKH0x8sCP_eBubakfmBErrNU4JD1654JXAqnlbhNaxF-_xZcu59mLPGr6_ovW12RKUikFjwUdRjP8juOZaL6GPM5TGoocnMBqLx1l_AGIFenijFtU1CKnHYvyqlTPF6egh2xr6Vf3vjFhCXg5r,1,1,JFK
Budapest,New York,183247,2026-10-13T08:20:00.000Z,2026-10-13T14:25:00.000Z,2026-10-20T16:25:00.000Z,2026-10-21T09:00:00.000Z,7,https://www.kiwi.com/deep?affilid=mihalymisroriflights&currency=HUF&flightsId=0b7720a15103510a3a0784ad_0%7C0b7720a15103510a3a0784ad_1%7C0b7720a15103510a3a0784ad_2%7C0b7720a15103510a3a0784ad_3&from=BUD&lang=en&passengers=1&to=JFK&booking_token=H_RqwmiC5GVo__61AMMsxNhHpwR87J4FO18TeKibRPDptLN6zx5BFZySrNbmYVNFRMTTSyt7VbM_9FvwI4-3mzeTEfv22zJO3lGEnmf-8H_MOHHCT-ALvjzPg3ljG_ZrfhnAFuWqWZ1_9GZgHY7NyMw6-AejSdO1p9MFX41-ZfyJCaIyKtC2-ZHnSmRRiZEL8-IFbgKCU_AfwrdCHwGas7_3GgzZINTrBW4GAk75W4v4izYa4H7UW7ffGEiH2mdniGjSqIq5Wx4T5tx4pTx3J8bD9iZF28-MDRmkcWMQBHmC99oIfBDkd1DPU0xJZQ5slaV-8c3x_0P-uJryRr3S3tvct3n9Kd5SYqlCgea5ldBq8dTlayG3HR7PSnC_RPBZB-6MVSPHO1KixpXeaxvGlLtw_aFN6UKcbqkJjiNCLDahGMRmta3QdXoW-WoEXD4jilEMqzKirSAxENTS4e3nZp2L5eFOjSJA2veeRmFLF7kYfWkFQ-bVxqh67ufoSGqYj0bJRQT13clp--UTeE8yvx312DzdHNudC6hhq9s9YRgqlZUWd_GN2Zpyyd21553RDc2yb-WxLTI1wRDYQGis3VevtBkotpy7OJjpJFj6vqcUoB7m6oQW9GPa4I6L0dnU0L5EHJ6VmnzpPzPjonxmR33ya5xCQ_zPuNGRllo6nuk-nhsR4OS3r1kjHAxPDd5sA87sdBV22lKB4l-up2D6jTQT1y5qXGRo2uTtq4dmI7rzMwDzfmE9ssnLgDEHKZoo323kG6JpDTd6O2YkhSZN_LSess7cjTe5Q4NFIrIiaAFaAdHIcAwxZTA7_ZuB-it_BkJxuncTY4S8yAo6P0XCoy_fxL3PKCdOM_0uOShZt8l9yxIAVR0sh5lDcv0vUmweJ6NB1yyChUmNPWcBimkSNhOeSKFk_IxDdKlUk25JubRBoxXxNWIo33atbKiwYSDCHlcki_9DLdGUSB8nybAxtmPgZeMqpi5kziT-Te9dm8n771KZe8JBvrPf0quP4dOWDlINcnfMtK0BH-mKxu5P64DzEZepIBbtOXU6WWDRc8vadDFLMDnF07yz7JLrIKv5iunHNerB1ZYcp0q6LsSagl8ZVBX9DI5cqt5B6P_CPjLoWKfAxFbv0eaBhT2hmEQdkTFNTHim0-u8YBf4WTd5gQUo6eoFQap8NUZR-52MeqGY=,1,1,JFK
Budapest,New York,183247,2026-10-09T08:20:00.000Z,2026-10-09T14:25:00.000Z,2026-10-11T16:25:00.000Z,2026-10-12T09:00:00.000Z,2,https://www.kiwi.com/deep?affilid=mihalymisroriflights&currency=HUF&flightsId=0b7720a150ff51017fe116ca_0%7C0b7720a150ff51017fe116ca_1%7C0b7720a150ff51017fe116ca_2%7C0b7720a150ff51017fe116ca_3&from=BUD&lang=en&passengers=1&to=JFK&booking_token=HgP7YdakskWzj4fykcrVO1o60YSzX6gQCc-plDWw4IGa_bLJRDGFww_RSSsnjbyQxPCtxfmCMwo8duuxnJ5uOLCOFd-nJc_nm3ArwkBfSGsGDG4gYaFOfaHuvC7TtY3Lh2Rrs9LaDsawamQyPsncOV6JPq8My48Al7WwbqmKLszwKtYUEPuljR_4j2CBGs_sRbDG78QRXAj3rg2MLvPb2pki62o0UUCnb-C8slwUvj1HtW5Y4dtidNTrQXYqB0RaMdYHzCkz3rS0jiQehhlivs2QAPftKZxT820OKbz03bzOLhop82Oov0yW9UMaFVD9BaCydys_-zJ8uwTJirUHkJlXvWnmlk-POPVUHvV_wT2g81540YzaLljv0uDgS9LleZ0k4T6XJnVwRqEGzCSXYLRZMmbrVmqp66HXYYddAevUGLGUhsiQnHR8dGT_28Q4U5sub32Y1Y6iAziyDtoJ0FHLZHP12KtLwsPNw0dT9jGLM2uOvn6WaRd5t95W8k3XPU6VRaMoatpgwgRoZ35FRsA7cnU8t047V7FinMNGP5GyqkkUgjo5dN8I3WhdzBCrWScf_WmOxw2M3yghXSqPibPdoBVJeo3aq0kk0XAynB8yyJ9QOt9pnTWj6buQPN3zj8eRQPhiZNAgQSfyMgG4rfS7oHRij93Sjg2vsA5jhoYC1NbzKrzyfeZFSK8xwANp16EXXxfiMEGCw3DgFgs4cxx-HIgVcPWJo3eg7SG3MMQfntVle5H0mCTZ1vg1wChqEJ2kQFNL1kljo_Gy4AEUfoK6K7RuIpPivdd5CDAKrTEYODtkF45MpWVUhx9ZfkvGcpQRU8_6ciRvZqADz-Uz-r885dJU9GSDeyDSn__aOY3neMimZt6iKhN9E5LITQDHfpcfu5kNGtKdV8WmzhC75qyOoWHsePdGnaAbBkBSPUhNcGMBfL1UZMTWL3e8tD6uzBgXmQKYLqUKyPsm74GTmMgkvxiqWZ_FaefNSMmgm3AUDZeJrvqbH4-4r5H1UATkKHM0MG_-oX0aBQXDpu_Eth6MeM4FcMdDPsZEnt7T6RheJaWX7UnTSMx50NEyb1P5jTdOSLxjfG0pwbFbC-NT0vHeZ6sXQCtOHPFhproFMfq9oSRMDmf566Vrsz39ofB6qhxKVN47V0x9DORKiCURZa9X1q0aB74ePngY9uYp0ejfZEPzQqGovAXzqsZUaKQjN,1,1,JFK
Budapest,New York,183247,2026-10-09T08:20:00.000Z,2026-10-09T14:25:00.000Z,2026-10-14T16:25:00.000Z,2026-10-15T09:00:00.000Z,5,https://www.kiwi.com/deep?affilid=mihalymisroriflights&currency=HUF&flightsId=0b7720a150ff510444069b34_0%7C0b7720a150ff510444069b34_1%7C0b7720a150ff510444069b34_2%7C0b7720a150ff510444069b34_3&from=BUD&lang=en&passengers=1&to=JFK&booking_token=HXd7fM2lahVGj92lTyOw4W_O2r4ZBRstrzaOf5eHFUNZM5kfzA738nIbx2ooFd6zn1pOblkygBUV9Gk6ImtSUntj6F20Ycy4NBGuTQwlelPOHz7LHdqWiSKr_Cpk3r-RyAa0Wc76icXWV0pterHL2CxQEy3stMK707of-QeqNqiW04h2OLAD9omm-NfcmFJtkbvqXJOpUV3UCD7tBlyNOFeL_tcG_43msj2zyu4yiYwLpR_ffe8pq6U-E1MluNju-lsK9dky3ApO3uDINfd4kq6ycSiUScgB2oPrwWlP0JDvUEVWf99U8qou9Hyy5wGboHTEdrQinci12VXXakYS5GPlmntLUSrQuOEABeb3AW38QMJiQ5M-0FeKssqkFr25C-lz9rSOtojrMcK-DYwqBKOGuGY1DCUVxxhu8iUrWkhCklLgFEImBmeejac8qor9tq0hN1Vb5Wc1WtjASKF3Tx6ayW6_3k2O_xh5FPep7wcD_gV4sjDNfZJVW2IJ3iKbXKkXbFSGIg8SE4W3vx8C_QuJXsT8JKxhv26wrCaCk54HFWS7aHm5HwAABwapcVal5ovy49kYRDdM4hpoQYOPYzDUhppJIfhlqnJLUIxYFjwNJL98SH2SbQRSy6wh5Gy9CqT7CZTGOFupypkumSb-rWpEYs8ptl2xuYaRiE5rRvU9RYWUYmVK4Lm8f3JvKcT3ofU0HoMfKRwBjQDizB_JBkQ4QZUVU0aaCjDOySqSn-bzYd5Jwjk5EELjYhE6iOBlx-Z3N42NCgQbqd-PBDlVXQqpZnieI5Y5heFs9Ce_ScYnfFc1SLgU5Y1cesV7xRieS6HfrbpN1a39uC5m8QSIiQIuq0P2YHqScZrn_Ecjdjhcy8TFojiSVyScxKhw_euGEFpciHyx9l0v8IBCWTAgKDPrhr9p4FkPPPEA3Zx-mVPiJGlvsF2mQv4mJPNIyAvxgJNkOpnLy16_FXNUfM5YM0XHoqiaDxEBXMlef5eZNOzJmMQhXCQnRNSo1r_A4fq1X6cdUvE3ZMKgIkFNgdgNKst2qhgKSnbOLtYVSmC7wmVRrPif1sCKid13QtCv5CwRLvbB1WgvpgBtl8OhtLU8_yS968qJxR6_nytARSlG6GRGvz8KL3uWWl7St8KPWSgag1AGK5oiOnhG_l4QG1XacBClGE8TvhxQQaLcVEfSpgI4VDLmH2EgrB-KQ4TN3bPil,1,1,JFK
Budapest,New York,183247,2026-10-13T08:20:00.000Z,2026-10-13T14:25:00.000Z,2026-10-15T16:25:00.000Z,2026-10-16T09:00:00.000Z,2,https://www.kiwi.com/deep?affilid=mihalymisroriflights&currency=HUF&flightsId=0b7720a15103510541728242_0%7C0b7720a15103510541728242_1%7C0b7720a15103510541728242_2%7C0b7720a15103510541728242_3&from=BUD&lang=en&passengers=1&to=JFK&booking_token=H9aRSJdP8Ez1niVC5egTI2zZ8MM94CeAzznYoJycfaod9vNYfkNbvY3Lz3nFyKf3no7f3FclWuOdQ0JQnGr5YIBUYm2LOQjvFnsKl65JO-VQF8OITOH0RgRtI6vftBoJs9zuX2t8NeP0X3O9lEIfx-Aex80q0mXaM1g-jEiU14ePfNW_X5yR-iGeuEo0cMctvqambeAsGIDLtnTYFUVATXzhOYVePAF4abR4VopNXrfSTSmygCc00qrNHZspBgmUFOH3uoW6WI-Rz0l9BkRWczuZyz1EahzBaREALeiHPvTE44ToG3d4BRtOOHePnzAWEHdBhk6BygT0FyqWZzsmyBgz_heVjKeJqvQVk9E_spN_NK2cYUO4o-3MCqq5WoNZfKz5YNRP-ZVr7RuGld_j1vFkK5wXDJLsIBHTwsT1iFmSKcNZI3OaysCMb5d2EH_idP6qrX0F3PcKGcJYoblLoFDj9qxspvIeZtrGe9lo_0Kc0q3uhpGmB-l2BCXu3H57qCQv2vzwaqaUwgoE49br7pSKzvV5b0RJlaV9w22j_z2NCNPbffpMCWqaIAegLqZuvULeTj3Y2v5xOYLwIr1wjIIq0vuaXbOLrdTfcjBMLL2QhfQ2IJTYr98G1iIcbowlHQhnHori5qTQ7A0jk-Bdvs39wbHO0Xcf9ukCkPs46cDLHI0WeZfyggRfTxoq586TpgmrtG8u2oq0Bq9hs6F9TG5fExRokhGic12cyPAMNykWN_4n2t1cvHz6oCFIvUSrOYpIHWwLxtJy95R8fcgWtrZEGgsZUyS87HuPrG7Xs7UI3h8h7Nt0aVYAC6wK2QcFwYgO0y1euUKpgf4mnM4WTbWPBusw3iVZ8ZmL8gvNY97_H-9h2qeIvFDxNFuGdDk82AHb1zuDsPaZXyya2ymjumjcFL_VuOICaIGtkbn6fXadIh7xW8TnTDNr4zPxrlTbjOmgzBv3Q7eVqSr5dZAg_5vWa8abKuxikO9DCgy15PdqD90Si8eF14hj4UYDp4euRFf-Ptn0dQ9qLXwIDw8QMCMLeN7WppVjlp12hfqOzjixnQzABD-dr4FCMoDIfrlIdA60Ef09_U8eNWChnOkEJkiJCHpCKuGgMrq6oP5ISWuC7_n8_1-fgeCa-8FiKmVwGLh1brBg4nlh1KmhGozf_7xiKM3a9RIJcxXRk_jPsGHBCJDBNxFOnmgSqM4lGfLa2,1,1,JFK
Budapest,New York,183934,2026-12-04T09:20:00.000Z,2026-12-04T19:05:00.000Z,2026-12-09T22:45:00.000Z,2026-12-10T17:10:00.000Z,5,https://www.kiwi.com/deep?affilid=mihalymisroriflights&currency=HUF&flightsId=0b7720a15137513cf7277bec_0%7C0b7720a15137513cf7277bec_1%7C0b7720a15137513cf7277bec_2%7C0b7720a15137513cf7277bec_3&from=BUD&lang=en&passengers=1&to=JFK&booking_token=HnQsHWRZxny9PsCJEWBkZtbzKEOJnaRyTGonI5Uc23qT_Y6eT0u8rpxkLfDEBH-43xthmET6IjS2H6l_0-0cMH2A_8OVv3-BgP5NeSqOag0l4AUy3XVnwiuYmXpXSTXm_0zJqDuQduoZYi4yTHgPtfGFtlYLB7IVhfOG5_2admicja2dzV8DBBvAYFhWcdZ-d7MU8q4H1J66EklKbMnpko_R6KZ-IRAbC0NS-knwhi3Kd_VVWNgtxCeOL5Y1tpsidmr8ta-IAjfgTyjvIzcA0ychVmEj5M3ksfPOJcXqXg5Knbd_jp4U3XQq3LZm9Sve8YKTF2Hid-pDfglHKESM57YXpsP6TZEnUCf10E-KVsKbDOCvwQnUQiEVuDQlqeyAHQZtczd7j8q7K6UwrQruVxgWyYpaOjBWPANUq1Sk868uLO7lp1RUJR_Upr6KlxCcKf409dTwP67EK2I--G_qvcNifK36Dr_3cI-_54X-HDPViRPVYsojk_u_hnaFWrnplSttbdQR301iZ6l5i7kDdPfxq4w8UKeQDUJHxrKc1Esmmd2D5vs0YxMyOAFOeD94MmowCjrACeYkXATQa-wg_nCIO0tunZIr98WmuQohS9kB7y_ZjAc2AwooMbuYoA4d7e7OC4vJvalLWj28Ysfs6zQZKq7191v93XZNp9QzXW4PSlusS2ZlTj74y7MHzvzYe7cOHsfZ4whM0coeKSO3YPH8j4O0vlvlnM0mFtaaDgceNUIh19IiA_8yGzGf88blLeKLd_YZnezWpOaAXs668t0i04VOSAyBgIF2ZHTRPQOkFtOROWtJHYGEOnjMfIiCCEAR1CBuOqqTUsO5aJ6PGvpyrRdtVXysxJEqgy98hKammr5aDuYlRSoRiOBXoAoHD6gOAKjg78AS0s_4wpN3cc_MfnUYyA1FvQ8-9NnhmYGe-ox0GksKvGzyGAC2RaS3MxmrqZ_sv9n6DQ_2gqzsODhoktmyINDIu_3pDDsmCllxZQZ-lLQLIJFt-s_JdDfFf0r1KYMc9jL-z0dj2XQTk65OStXpfUml3f3-VLKXAmMojfw4VKDprWjOB_HaqriGyNXaSJwYd-bvxuGJy458WhHirEJPK6ToRDwUuqaH0E5fGrk5PmuP4EIoiqcSNQZ5l7oOYxPj2704S7OtjiRUcT1RBBfxOMfDWtgNvFIycFsrIWbPyjVFwQVUlW19kURAM-slQxl69diIvjg4Ni0w9mA==,1,1,JFK
Budapest,New York,184888,2026-11-04T11:35:00.000Z,2026-11-04T19:05:00.000Z,2026-11-11T22:45:00.000Z,2026-11-12T17:10:00.000Z,7,https://www.kiwi.com/deep?affilid=mihalymisroriflights&currency=HUF&flightsId=0b7720a1511951201f5a07bb_0%7C0b7720a1511951201f5a07bb_1%7C0b7720a1511951201f5a07bb_2%7C0b7720a1511951201f5a07bb_3&from=BUD&lang=en&passengers=1&to=JFK&booking_token=HzdFzoNvfEYWR9ztJrNsVYhLHqRWryvXUtYESJ50NCnt3bch9msjhRI73-9IKXcyVh7Ad87kngZFIoW6qbJCT6XVQf8Flfx0eVTAFE1p8MXvue-9ZtgNV-tgtW1fZWAfQsE9bAVX_-UAO3YjBcvaC7uO6l8ZyeAX79Pt66jSzqNpBrYTs2n0FfkIKcLoo6RKmOcx8jpJxQzJ4OjspjEFm9E6dC902pst_VSDiBG3TuOkglpqPvFrfFGgSwMy57FQmXqJHZWM1svCijt1cIjRwdRnMsVcEaskQy6hRW072H2N52I4G9l4CHp5c0xNf4WDX5D6VQWLEfqE9RNAyhF0FikI6mYiOoz1MN9udsSQeihyuqx6-s_PXGoryNLeH9aW9YMzouXAjqufd0HRnZ-jgEtvKzTTY7zc9a5hYiT3-igioDlICjT6nx0OwJfseyhHAh7G18UzIDcG-rL6u6E7ybT3e_L-Ws_4oatw2KiRwjx3tuhUgkFqDEwEJ6zHZY-JOaSCTwnyNKV0s2mVrjwVRIqFa6k3P_unavA-jrUzv0CrXdBF3yKRGNqMHKLQVggd9FRdSLQ_0fCAy8nd6xnOYqAWTPiw8N-J2LPzCX7rfp2Ul-LZHsnZAKdDNZDCTi4nVGWLCzs4pTw1C8vdop2iakMYnNlVR_LTYBbO13JIlrbpgHmTD_4A0zfs1s-SE27_Uo4IajTPh8tAX6m30GXuno9v6-BYBXjQodkh5SLkkX-DalWedpCAAOdanUL2MFpLcEl7GRytDFIcfRnK2mS4IPsUIOh1bZ-oyclwFkMZSOvJKaFSn_vN5J-C-dYYM5rlAbfFuoJ12vodmHjKWMl4fcglT2oVttnboUHuzCmZ1TSILFypAZERJ3e6BYXPQLBeZ17p_2tbzEMxOuFlLStCAtmAcz4cwasqwhANAmloUz9UtnpUA26CSpybiZvrkB8t7HQ-H_Kc7QwNAitoyDY537jfyb0cI_0eNfNswqv-x4fkkpi9dcWxXmLycT2Hxcn09ESNf6ZW9oQ3YTpXjBG9GEK_86DcmF-vP0af31-T6K1iOG3vssILPHrhICHQXAk69niCA2pCodNtMwG8x8w6zzXXQEM-o5VdDdN4qVQzTMEQJgTeFxlMO2qZG70IuXg252ljczvfx0sBAbKBl6BOFTdrQ75VL73IORyu_BJz29kUH6DvH2qtEX7s6LxGMZ3Xw9SRyU4b0FYFmJkZyz1Lfdr9-9UtFAk_sI--u2WwIMIM=,1,1,JFK
Budapest,New York,184965,2026-10-09T08:20:00.000Z,2026-10-09T14:25:00.000Z,2026-10-10T16:25:00.000Z,2026-10-11T09:00:00.000Z,1,https://www.kiwi.com/deep?affilid=mihalymisroriflights&currency=HUF&flightsId=0b7720a150ff5100ecffd808_0%7C0b7720a150ff5100ecffd808_1%7C0b7720a150ff5100ecffd808_2%7C0b7720a150ff5100ecffd808_3&from=BUD&lang=en&passengers=1&to=JFK&booking_token=H3ctog5dimN3tMpfTgX1pB6feBH6LdBeWTucxygnex4ROkhYQHTA-WcCRmCFBhq85rhjXIrMsCNyDmAGFdTqHyFPj-Dyrien8tqbjMST2VKdkoNNdjLihd6ynsWS8UDQMUpTfDUmj1AYx00U_YK5DJxpQj7r5BOzlXT6FlMeqcSie3FEgjd8P8XBYv1-g4UY5g-cF5DF8Q-o0STK6IARIOLFS5F4wyLmEWI7VPFgj9WTWvD7llkgVon6P8-mfGn-bi6Mm6lIPCN3XfdNS7vGIt_zi0EIgzJhreNud0Cg7bojcoOUrvnabSvRehifZnbIYrUcynqChiGEnBdeEeKLf8oxjaPcWG8tljuhAdROn-UbYaOTXRckaIbbxc_Mxu4M9Hr5S86iF8pt8XWQ_39QkcG4HHbr5NtW-_hoeNklHfxKtioQs6qbjACFTz4hJUpJnzeB5XQKDa_FKAtl3MEeR0B5QBBWHQzNqyuM5aZGUqy9liMC3_m8nTkOWXYSm2JO3VyLQC5SadKJHfSo7oliO6pWYBGSBzgYyhSTupGMxAgoJAPLnEO4TbydKtWNbDUSpboQd5oJFAP_xUXy1go5GSopf_tqIvn_tBa90JgnXh0ZRDWGQZYIBJau8ZDeOvr3BoebtODJWdlT6d72CgZ5zSsVISYJ4uC-za6y_72N4o2hRxXQFJ9mRDOxtp1N13ZgEdwqY16DVyyQUd_T01jAzYAaHYTZCE1P42bMWGneWjTvcottRGgrgzWtugnrnXIq6Wk2HGlom8lbH4jhtIp28RDg0bat83MO_zeCfHxe9tyfF7x6upDnapEJ3EIyZMbSPYJ_y0s5qTd5aUDh8erjOHeIGz7NiucXJljRopf2XpgftW2MjD-v7-4_fQe4FD9us9IrHePoyZgMqF7NmauxIhwhpJL2Q5G4zBQT8KLZOqP7adxnjIwZl8Bls9xG5RX7wJkZbdHOHvVGfilU0ieVD2gbO9AEKpTZQFG3Ma-C3_PGV8sspTkx9tM-UL3DBk0awnXuKJOfjE4esIrct1iQ7pv2bgeixdd2pokFmUotlqY7ur88hWy4JahWWeMxh5pwf97Eh-rSojI_sLu0jld-zhgDNPb45l-rAjMEWyFnc9WT3foy3_jTob0twgmSrcFYjETtiiPJXjJecmHC4-7w8DwM2bb5yuYNPvzw2Wq5UIZ1xZ8bmyrQgjD4kg2mm6H_h,1,1,JFK
Budapest,New York,186659,2026-12-04T09:20:00.000Z,2026-12-04T19:05:00.000Z,2026-12-06T22:45:00.000Z,2026-12-07T17:10:00.000Z,2,https://www.kiwi.com/deep?affilid=mihalymisroriflights&currency=HUF&flightsId=0b7720a151375139e54cd1a3_0%7C0b7720a151375139e54cd1a3_1%7C0b7720a151375139e54cd1a3_2%7C0b7720a151375139e54cd1a3_3&from=BUD&lang=en&passengers=1&to=JFK&booking_token=HZcT2A5NKh5UV1h1N-DD6XE5mHUT7vfi8uVtfQsQaHK0UiUbhv01e8En3qq2VdqrycOAt8lHfXkR-o6ToKlz14iUfY4kSC0SUoPYzKstdYwPKLJR0IfH7F9AIKtBedZd4gbfTqq83xYbQ2KnlI-_IhjprwKy15fK2LuR3np7fX16cvj8AlDAjYlQxHmISZCMr0qVGxY3BfuL-rKdASZeMc9cw2kQ62ZZtO8dX6NPh4uh2ey04TR-v9cumEQSUYKq3WiskAMxuSyAq98I3LHrOeUMpP6b7d4SnDYBCMFPrabgbMDH6R6VYYE5tIzWPbBavaTgX9QuahhIJfYwUtlFeJUckffpQdaLpNWnCgTozUwlX7oNSHhuwtegWNj6TUyheCVsdOyWUrt2uOwCIUKXIcAI4BKfDrtyd9SmKYbr_sepK4Ad9APZbHAhLjyYMe4Qq7McAETygUb9YY8nf-YtX5De5JYHt_kS4FNGLJsglIQf-xArn8HrWTmkK89SaDkWbQUsH1RYF0FIfxa093ODALovxzQJUXAmSlgLG6lU8JdKAHdpDHmNptMxxPzbOMmo9d8N08ZYY60oIWW0CQx6SZ5acwk80QqWZPoMDZFqvN6oGbeGFs9Jg2jHr8iQIgfJkRBdarTP7pZ4TcLEU4VAkeO0yiPktqha70lXWdSKGuPxxL2NJu4BzjmKYK5E9rFNLAWoor4ukro_Hr63oMiMzC0fc4Mc0G7zyEl1RVDs-jJaLr_TGiMIv76_NkTPLJzGec2pOlrt4h8pwqAZpJzysH5zNMPvN8G4gHHaXgxH5cVYjlH5g9pXh_32XwotdNCjrU0619dfoE6_5stvl9a9rrQaxCJ1PUMK9lV7JtcbD2W4oWDdYLpzQnMyLgCUj1-rCb10cefuat1X-uhf6cPOc_4ymuleUz4n94akPythuHhXMj9fWJT0jCEngL5MPYaw0DHf9o8fmiZQn7CL4NW6C9BoGGcaUIkghdplFWzwHVxaziGmvlY-eWZlxleZmqqh1I4BtIhTQ1srGRvsVxLpbg6jBB-MCgSypvUZ3rpa_6u5hStaJ6xVA6V4dpqhm3gNkGzBHIckHMKdYtXBUi-uQtSgIYSUGrokKkwpspG4TmmdSn2196NaTob1hnITXwVPHh3UvKa2C1lou5EePc4wG7zUXBWjcgjQtpJESYdWU1PI8F0jQkRCahwLBb0YWqAOToAMH2iKgB2Q6F70-aPy4GQ==,1,1,JFK
Budapest,New York,186718,2027-01-16T09:40:00.000Z,2027-01-16T16:40:00.000Z,2027-01-22T16:25:00.000Z,2027-01-23T07:10:00.000Z,6,https://www.kiwi.com/deep?affilid=mihalymisroriflights&currency=HUF&flightsId=0b7720a15162516859faba34_0%7C0b7720a15162516859faba34_1%7C0b7720a15162516859faba34_2%7C0b7720a15162516859faba34_3&from=BUD&lang=en&passengers=1&to=JFK&booking_token=Hd-66QUGajJKlv_QJhFEDW1eAulWWq8yg-tdYVlAEFY5kuLG5YcCqL8K1ZNB_fBBcwM66gAtojCbBoPO06qTvD2zbgpMasNEEUpH0S54YY64pdfqsopfz-0Zq5JbievEZigI6WxfyioNk73FgHcuBAiE8ayoZtsP-t-iiWICs0SYmXkCwwAx4EKlOm9ovpkno6505jG_KzW1Ftb9uyXBrXhyPx2ptNAPVEQXB7B5_UZXvoVDM-D1AuQ-BWSseCNW4bDHmx-8fBs-kE6_kYPF1Pg6g0vaVl8PfhY0lBmFZPiOreKynvV0ZBrhzX0ILCEh1DWxGpd6s1OVE_9s4fWh6a7zVzwDxFdwx0F8vxabE25rPgmBD31m1Ts3l8LivDMnKmEENCFssPcbWpm1RUP55sQaq9mH3GlMIbqj9kJzDkEVB79A8-f2dN8L64LyMJQZcj62MhuD09LFQ3cGqqAuGMicgz_KvKmuTufoRACdiBtmTtaDAefrwODvmBtqE8XeTMEXNQ7o5lJjeVIf9bXr3caF1lKVsW1srohzP2kls8xHX3UhgVsqIPOa1DWeTl20Z1qXIuDQC8ZTztDvG9H_hpDOdvWsR9tYHHwktHLrIdpw3xQjTh-_VrkpFSCFH9fQcdyzBUxGysqRciqdk5oN1fYQd5aNEguGRj1Gw-26KtQg7GSk_6rCkzUTX1HX-iscRUTKayIxJMppffN6rsn0OnX4q-NnYBXedBtlvjCRUwXosIbyS-zlbxX1CwE703wGwvNJfkoihTEdkTGQ10PhOuy3U0nvUnop8GYsC1VSiWQV8XoCQImmcx1s1EZaLVSl9r4r-clK4ZOzghTNCXJYs7YLHCD4jwtxRVAqxMr_3EFbg57QgikCRS3-F2TY2Uiw_6CnI8XDuVD-R22mB7_EMseOf1R58j5JBBmji3Jda2ntLQ7YTTkzBd1uxCWOexyhwNXsyzU8EgmYCWjgb3cTKK5VDMEoOSO6zbFpWdS9P-sZ1MT_yyXND-lCV0OElzhdCNcdykIEg0KfrZOX2RqB3cqHKYSjZsqn3XOOvIjzi_zaXYUHiZOE3PpMIiqQy7SYlUWonISLSUfP9W6QGCDkaGqlPb_f--ihCAkt3_QXXWdCMQVQ2O3dTbO9hzBjoGoDYTd0UBBUsc_MMzZBECEpjsMowH4miDMR7Op2jd6oKOB8lSM7u21O6pcDjSXVL3iwGp_bB6BVjbA1SnA02e7ZYd1FFhBUuoL06skq1_nzwg1Va2TVmG2IMcPW-usrqjzb6,1,1,JFK
Budapest,New York,186718,2026-11-18T09:40:00.000Z,2026-11-18T16:40:00.000Z,2026-11-25T16:25:00.000Z,2026-11-26T07:10:00.000Z,7,https://www.kiwi.com/deep?affilid=mihalymisroriflights&currency=HUF&flightsId=0b7720a15127512e05a27edd_0%7C0b7720a15127512e05a27edd_1%7C0b7720a15127512e05a27edd_2%7C0b7720a15127512e05a27edd_3&from=BUD&lang=en&passengers=1&to=JFK&booking_token=H9Ab5F87IM9o1aNwBu43VTgDI2uPa1asZiWn8svxX2SabrUTL39ceahOIQrxI7MggZOiKkYjVFZgGsABV0tnbZjSCDKHQ4_g4zzvxgKxSyRtbwgH1NmoFfYMhCMrzKVLeaaEyTqNckcLRGZa8yF4OrTnmALzc-AoD7Ajnja59QxApXMspk1Tr4P0qZw4beQTOuB5x-K6x7oUaTZyNw4Xkj_OI59XDtCdPFjJRZzCg34gmcRLYA_5FhxWHhVifDZp3vGd9m2vc0OsUv5pSC0Luxrw_KvTt8XmBfXxDU7nkg6IcLV8EhQH9_W8qSqYlF3y2OVRcIlOWNlNoKP4bhWRDEHXhPlHRV12CLTPlg5KauuLx_31X0cx789MZcaIR3sZvqlZDsHp5zZ7PBDPqzfPdz339vMBSphndkcTIGNs5xMv_qZ9JJisjonTlSq71dt-GVIGZsP6iVIAC7u30lBg3zR2gFlnXg_sIpYWNE7VeH74tUONKs5dmanBNzTIdjXm8IMuLnJpByEa5kV7whaHMdrlRYDiYgaXEqU5vmPyKtC_n0Sdf70jx0mtQwDEhZ6lS9BKoR9YWGirnrSVL9BWUkztXiN2FWbu8eANaSWK25gI9Hh9__m7s-BSBl2Voy7sPACzzQp4eTd1ifOHz1iUjTRgIU4u60PfPWPLjA3NeK1BhRP5JufsOlHBA2J7YkWgZieFu8he2_nSihmZ3FPpcNnEilD62QMZrtjQDGZU2jXmnq5vW3DBPyYfdmRQPP2mxn4O7kl1GegY-LVqMmJ_MVRF_EfMwEVPWSFHKaEDB0JbmaMhVrLTTtm5-aotjdjOIh5hz2_uRGnZu6qSIvaXAzKQjQPSQxIujjEqOACNUxp2TrC2ieYkCnVZL-vBDwz7LtC5KYqw3j-USpMhhYgi2BosJs_8ZFi7TVbzsDZRoGvllbxw0c7j64RnwEOeN1P1GqVEfKXJoh05RJ4stWYMgf6wINdWc8eDMoGRR8s-BTRCPfof3l4Z5PymyP9f2vKe1xSRuNqOqE5miHrVAgxLCQtyqAAEam_h_o_ryXPwGI1VMIq3ZQc-OEatza7N9wKSu4CbqgtF0BIEUMjDEAjRIuTfwbzEMt2zPUJ_tLzfuSkXL0-dFW7J2paSwTFDjLpL3h0NKGPtjhxzLcGE-3hJaD2m62S7rHLBTnf1itYrUdYjBnWMebrlu2wABNEzShVG06nJqFLCnqJVqr9-w77ig60iH8fcS_-Q-07rkVOQm3GBiTy6Hhm0BxTxlyhiBDTQmPz5klLVpG1-89TSgbk7Pcw==,1,1,JFK
Budapest,New York,186718,2026-10-15T09:45:00.000Z,2026-10-15T16:35:00.000Z,2026-10-22T16:15:00.000Z,2026-10-23T07:20:00.000Z,7,https://www.kiwi.com/deep?affilid=mihalymisroriflights&currency=HUF&flightsId=0b7720a15105510cf2b788b1_0%7C0b7720a15105510cf2b788b1_1%7C0b7720a15105510cf2b788b1_2%7C0b7720a15105510cf2b788b1_3&from=BUD&lang=en&passengers=1&to=JFK&booking_token=HhIUx0CrKBmbWfs32kyMzy26OcB0F-lQtzR4spSbruwRj8WN5i16h6lPq_Claghe_2QwZnDwJyFuZRBsBGC8pwv5gVR4jdHXAfr-VKl57zTc7_NhUHUh54QuUQzsIn7PQhuEZk7LfRODRaIQwh1B223IK0m_VIPBakR5pMnFGNCaejxkNsqnVKNK0tTew2uyNjkddkQuCUvCY0zaWRiu8s889u998M3EwlxTyXvV-s7ZY0Q-ff8MGUhPK0WBlds9N4Tf4ljv193X0q96knKn4E6JgKH56LsONKAh5rDLuWeupu23CyEZQN5J83KvRv7IM9RsPkvu8-FRYY8N21jc2DFKdOGFNu0tQ4BIay4YE48hGIj58-9y3brgHsevhlmlJazggw54t6TGz1CqhOAtZMmo6m3cQZBNtqBHs6v17BQZnTNRnffVVhRFIVmm4nkD1QO_s4MLINv7spg5WFsVFT8--Nom8nLJFDChZ2TNu0bMCL74MEd2_1Uva4ImdYHP3ZXBa9M3KZtCXEMAC-A-65tJ5Z-EXZ3hlGT7eGSruDNHBO2oC7F_hGmLEcEIlqTxjqX48ElCjYEnLhcZBHMsMbWtGInxZYL4KkAqqjygZQuG1zNpRtnqvJZKIgEqr1LrRxT6oEquxUOoXSZCBneY5G1W0sriNQSi_S014zlXh9EFULzg0PQuzoZMUhGIyHCdkJxsXHH3uImrUGJ7GK-vKqeuUpdnB1bThWZ6K9o3H98fL6OyMgUkIUSlBYO6_B6enTWxR-go9MDDMK0IunmTQXDPYts6Rlsh09cxJKjKL44C5XG511gMLME5TAFVeQlNdovCc2bOuiik4RUDgdA56YI9pW9wqlQATpxCh2wSW2_uO_996iEfSXluqmB-8fgi5bUcfOJmbAsRdnIUjYt4kLpalj0aCXxMyHqwf1sE-C1ZWrrCD_H2TNMAmWWCHhxuv6j4xljAxznj9ne54gkxlO9fz_8cP0bsJDE8IE8IVz7hF0eEI0DXIkJ74hmhdDLe8Gm-AKdsX8p0PPfPF8sUqDHzDu-CN_n_JG5GxoHvBiGe9tR2oJHQ78u_EYgoTRFGUgVfKRNeftIU9Szma--DoWVWm_5xzw-wnrFuf69CXGb0POcXhEnkYuaBhZAKDTsXTVJq_lhFziw9rmi-wySLvsGW04qYycoGhsTEo9zUVIXXg-VfFM7N2hykq1WIDjVXe8GM6ksV9RAFiFLRU7fesV8t_uJeCEX5uSoNDXb8E1Jcz2wmGnyyEGSHRI2IvJiyoBmTcp8fer7BZ3_id9bTFCQ==,1,1,JFK
Budapest,New York,186718,2026-10-15T09:45:00.000Z,2026-10-15T16:35:00.000Z,2026-10-21T16:15:00.000Z,2026-10-22T07:20:00.000Z,6,https://www.kiwi.com/deep?affilid=mihalymisroriflights&currency=HUF&flightsId=0b7720a15105510bfce1d82b_0%7C0b7720a15105510bfce1d82b_1%7C0b7720a15105510bfce1d82b_2%7C0b7720a15105510bfce1d82b_3&from=BUD&lang=en&passengers=1&to=JFK&booking_token=Hay5l1rEJ5XWn9F2mJxrX_A9NfohlAAo9tjIPFK2GAjmHpVVhZexG6a8lDvEAZYtzN26wK5Q3QrPaPlJi_DvJZ2xCEt5_e8vJByxhOlyGJC41HU8G7OgGJwNs6salUHEV2NzVdfvR_ZfBTKw9F5dZvpc35U62X4f0yh1teQ3bXBEB02OBQWCM1pQ6t9J6KAubthE9NnNb8HmS1GFdf7gMhifD8sn3Y1FZgiU2DPgtODRRTao2_Yat_Jn51oseM5TCKyHZGCIpsz65Ms7kzFgE589B3RuLBSfLvwXatb3H4xK1hlGiDVNZBqvJiFQj_RaNXwC-HtgkDBOZjXuaGXY1x_DRYLLKQRHLa_np0FOC_H_hbM9jTmaha8joFABdIIWR7sS45rtjXzmSgeWSxs9NWPmke5V2gUs7VCH5_jGB6UrkjVskXvBJQomXL6nJI0CImOnuwS1NjNNOh1VO5mk6_WUW6dQfnyOAyzs9hZDLtD7D1OKCR60kalqJYsKyVyWk8QBNzyM4Msf6xEXiAruAEjrl7af5usEBC74XXCf1WLdTF94mV1bJdVGDeuFTCVOhtooYsm35gTd1idubOoRZtAyd5cj-ite3ErdzI5rhMY4p_lcejqtU_HtH947fhzF8l3ujHnW26CaOivLXG65JAvvlpQet9qMeAP3U8by6FxJjsqyRjJ56n-hw8SqfCbBPU5KDbxqYMavfl4w6fPEs8ZyYW95nNE4-_TT8ZxvPkR9RwA_R1p4sA603erh-cuuGIZ-a04WEqJJdyLg-wsUpmsDOssLCTmuNZCFLr_vPrdE_9D89x4Fv4_PT3wuwHWX07P79YUXvefQtR9mMJBT-emc7U7HPl7Tj5ubwTYYDUckBHyRJagSJn2CvS0izv_7Ssk_F36SIuuMWNMbjXur9rW-7aP4a1meU37td7Jcm50n3WGQGeRz9dOwT2Z0pItRBYbx3VYhuqVZtKgdOfjug3WP-1NiL7tXAuIH6ETKfsV9qwOQ77Tv1posVxRyfTuqL7iI9CG-Vmhe-kOFKYIO02I4-rtW4IvcyxtSkf-KxHmdUChpPYT5RbbHi2MMDx28e9nubB2fdqNmTXQo6yr6eFx_UkNaJdyuBioJHKYPcJUNb0bceAaM5xMsHrelbUlI4gKF5NG97D-uFi4K-qaeKsPi87iTwNL81vgz7WrlvcJ8brZzIQFE4y-zGf3LTtHaiQwszBEaLLc-3rJCtx5CpdXxTkcLG68-vl-7ol8dnBXoDkI6uE2MDbmRw_8dcW7n9,1,1,JFK
Budapest,New York,187029,2026-11-09T06:40:00.000Z,2026-11-09T13:35:00.000Z,2026-11-15T17:30:00.000Z,2026-11-16T08:00:00.000Z,6,https://www.kiwi.com/deep?affilid=mihalymisroriflights&currency=HUF&flightsId=0b7720a1511e512424607e34_0%7C0b7720a1511e512424607e34_1%7C0b7720a1511e512424607e34_2%7C0b7720a1511e512424607e34_3&from=BUD&lang=en&passengers=1&to=JFK&booking_token=HIW_q_r5FoOtVej9LnhDED_PaZ0ZSl35vZodzGxtP2Ah2ms4Jo0zf2R-t6Bc8TL9IqAxKkUs3u5xGlFg3efhaR3CRaj-Iow1uh-XERuqEDvG9a074_Zgt1k9Rvz-8k00PMMisNXxAHutKUEBALk4w7c4rCSjMJ0XO4JWawwXutZ17hb7245TYpzJVLCezeLfqkMgC94E5Zv15n8qDm4sNKyFOlD5h6UfuCPN0nQJvBjxpnNNYFy0BT95Mohvbq9Pl_uh7fVpl35FSBLaGustW5z16lnoW1RrY8HCBmiDBV8pZLbacd0bIFNJVWMdnj3YXf3G8jSCf-I3JtG96731lNTfo740MxhrgqMhZ6eCBmGmhrEzFad4W1DDQpS0zGkJ6bEEfGDXAvCq1C6RXbu09icbjVXfhoFoDUk1G4ohcLwMW9EAkA9k3Zqc3grcYFRsZhDbeaNCWEVv-oIiHrQl_fEbPagfzZTR3WTm5dO6P9otna7ZLgaIsNdRxP7L3SeeXZCpSDZBW-y_ad3bsGvl37E29jFAnMf9G1ml2WUeWteJL_dB_unf_llDUTYLCUdq6ae361toIuNXhloLLfDEHXFR0Il_VesyvHTUxmnBRo7VXNepa3VpZvnD8XllE4caI6zmb5NEEuq1FS7krxIqZzh71OMmeI2CBklY8poFjNPRnTUM7vtcDgHHj9wJDRLGAkZutDJmxZMvheSVB1nlFuxIj_0yipH1pDhDSWEHHSDKDc4pucG7j-SWVc0bJUri9WR6DUnDKPyEpiOWja2QCLtp13dK4Czpc-f4YuBnJlM4qoD515-fhCz9acTEo_MqbVSJd13n8e3nTseGfPv4vtmOdb3A3wKWUCUc6kpG3K-db6OsTFlRJ7F5cMoYZ3b642Liq2jsLlOy9O5aCvRJMDOY3Q0Hwjsqa9Gi1wtJ9iFbNAgcFH5q6Tylkbww-K1JY3BKqUTcjz0AlLICXewrSwqfLfgDRZsr9TICn1mflRjIjxe9RouDQW0QVb1c6mbq55j4xcIJwOLj1_BOF9xj3Ny7rG3VPcPg2DU9IFb3H6xjQFWY0OG0N4OGY9JEJE6HF96Fg7m5-2N6qv1YKOEf6NKuSLQoxtJBPoU9eKxCRrCuT27ZbT60qK7ulEoqA6Yqw3uNhiWQm_d7Laaw95stHsu3Vq7V4f8JYAa2ANDJEM6RIjWaNQ_aGsHI_c6w54-8_qrEEJheUcVGSWsfRIc7bjNOIGwItScv3RH7bQ81WHp4paQ-aPUu95AQhxepHkzCV,1,1,JFK
Budapest,New York,187029,2026-11-18T06:40:00.000Z,2026-11-18T13:35:00.000Z,2026-11-25T17:30:00.000Z,2026-11-26T08:00:00.000Z,7,https://www.kiwi.com/deep?affilid=mihalymisroriflights&currency=HUF&flightsId=0b7720a15127512e29a3cd70_0%7C0b7720a15127512e29a3cd70_1%7C0b7720a15127512e29a3cd70_2%7C0b7720a15127512e29a3cd70_3&from=BUD&lang=en&passengers=1&to=JFK&booking_token=HN2ZGI_EdI4hsiKlFVz9gmVRoKplnOfzmu4TTRnUBoO1VEdy5iC6MJHNGEfJCUf8y_IWc7reeTNk2kOXSr3QOQKpBXU1r3TAVhI9f3ZpJpkrwQULlFkOMfcfFYvdW7hlIyPF_bIEvoDo0eX4_qAcbVTaXqPn5raYGJtZplYOIiSxCOUtWL6Q4halhrnucv0QNA8kwcq1PzrsdTNR_9E7t3_xtZpDFnvitr1JI38y8gcMnb5QTXWccqt-9Dp-HFKDVpAKw7HhzzF4SK9F5iqFu0QNWsA4svnNVBnL13UxH5_xxEOLwAJxoKdQFyjGxUYg1OpnCFscP8Cg3HC-ec621bLkw6B14sZ1c-UR8BXp0MzFA20812dV31NjZDB5lLOeLgVb26VZfOCHeh3ohnW17LckkD5bvRwxwAHSYQTbHx8T0fUREIHhwO8FabSLZp0L2qk5hEXJzg3BRfomq_0f3Jb7ApJ6OOqWqNV9xmZW4KhaPRrLZELthMyiamhrSThjmf8hBMRsD4lm2VmGMWRYoNL0yux8UOrPmZl2lXtVChhw6nKvWaG_ds_uxcHtQhgqlc4GZsy3q2FY6_V4xiShcr9ywfQ9Y7rTMpjChlmcn-8ocixRffTZexB6woyPtMprQR_lTrinrZlLP-b3PQEHXJY52Br9SsBGjHfjsJQuwP7-2QhbOJbBzH0W-iiiuy_xHveaafmpHXDvwNIwdAf9EPD5szzk88EnbaeO5j3_IcOL2j-WWwhBf5HPEc0kVobpW2H9geO6EPY_FAVcNAvEI8rQLnJraaDAs4815rswfW-WLThITfC8Qta_8GKUuBC0u9qXGJRBCW3uv3D4v4IPiexpJa1AmTJIj04fqaRLhjec19Oq-Y4EUyUplhaWCE-rxlQdVNCN68lD8zRCoJCRIPag2xCE8O6o83CIgc2qwgONrAIxE-_2lmVlicCQZLVltXpM6-PlvC3I3W9EWR5NGvrhtwz6jb21Mt_Jbh0kaVuRAcD9bBVB53VMZM_ruE_c9POadlRulL9CryHX9q9N5TSL1-ypXjrhQ-SQ3nFF4DYDrdR7QT0y03Q7fCzvXLaSkOZfvSIlvUztnyaxOkGsCn4EQiO6CRx-kYLkQsZ-1v-GdUtjNHSpyGuxGIic_EwGZUuBNzSCyMEr-v-IwwNnoHgY8RjURMkkExn-sVkyhVK5_aiTGxLPYDZQ3HWv87d8u8BoNBxtvwbm0THvmJHIfnbQADHZ_WQBPkuDhoCRe9PeBJxfXuw8wFhJ2rPzuCkE13tFI4hub32bkWeMGvNfZKbpWgStL0kC0Dh7jTSD1EmI=,1,1,JFK
Budapest,New York,187363,2026-10-15T14:25:00.000Z,2026-10-15T20:05:00.000Z,2026-10-21T15:40:00.000Z,2026-10-22T06:55:00.000Z,6,https://www.kiwi.com/deep?affilid=mihalymisroriflights&currency=HUF&flightsId=0b7720a15105510baf5b43eb_0%7C0b7720a15105510baf5b43eb_1%7C0b7720a15105510baf5b43eb_2%7C0b7720a15105510baf5b43eb_3&from=BUD&lang=en&passengers=1&to=JFK&booking_token=H84NJnzqt1_XEG6xe4ZRKAuNSTSMVCxdVRCghb3W7pYb_JjvuWZmORXnKmllD4F3fDxPlHaX2Idr6XuPkplqri2zaWqEXn0jj-I1SObQF9Avoq4lsksBfAFAW55-uznuh6IrNV1cNJhY_eFFBbMuhAu7UFzUvrdqQLfq9cLCWKkE4Bfl13PAciYh7Xe2yHsrgdbuEGr6D48_QPvhBy0KmDcC8eMTzdFppyV7t3SpD2jKhTPKRO82hkCU_1n-iTYWQF04RReVd2ZnWEsf3O2vRwcYrEwZs_48aEzJbtvB4V7HKwL2ETTA6wNMIoEBlUebiaYG4z6CmFRek-U44W0AhC8yoe5dKWIMw_MKWPEboEvvEHg3WU_J7jKLcn4jSYuL9f8kkyaHx6LBUaCSvNw8_3lkwrMX6juPFE5oiNUEMnohurgZxCCjPJzbRyb-nBJ6EkLWRrHr_SiYfq9Iz8Ze6aOaSnsCcO4QKt-M4O2UKKWJAs7asAzF-qtnjao9vgPJnYQBbGGDYtQOqPk4mP2kMHBHjm9FirzqWBWobUAZs9olvNPRcI_4g-23j6dnii396tU4T_x8oeRdlAQDm08PmTts8Xo5oO4J8NumqNGLb5d9ErnhljTMmVGM3f6R25joS4RPKbKgPYncQxTEA5bUtvhJ58M09RtbG_LtLIljYf01px4nGYk32u7f_yPPjnv2K8mmBCkcjiWnNtgLY0HBPgHqyUjUZbTvHz1Wuxiq5WwahrW3qfjrdaxiMdhKHXocl4wiixIKB39LMgLwsorMsiD750coOz6jbNstVHSz31ZNguNhsx0tPmz2hYMUFjzGx-AT1caQ-X2Jc_UpCKsft91LOZ-JfelghVfYg0sq5QmB8LQErb73uSnaYhK2qFVif_PEsrbvgXQ0sH3GipsNeHY_vn8AsqND0mpbKIQpPR2oWgjeCaze546QsLV9OZ1ZaE4mvW9miUk76jfNvsThvXS76dkXG68INb_AzBLuOrMARQfB-zSc4zePaiT9i5oCg_oFZ3ntLLN_1IzzUzg7e3uQ-77V1BALcGTla4fSAK15hYvocvw4T00UL1vw_AJH2mN-A5lxcku4PL9lnGS12PNI6ddsCuuaaJJ0VBC9OLb06Gpqix-8RQ9woIokrBmvHGqPU4el8RPaMmL2LexWd0mewwY4ahRBWRb54CC6zt4XrI1XXujc2q1v1rmnIsUgjyuhvJICaKdUfJ-Rw1cALhXhncrvjpIjvd86uFVMDbarNkbwPVXr78vf_8WfSSfw2_ZLJsw_gPEzZOZhA-7ylww==,1,1,JFK
Budapest,New York,188697,2026-10-19T20:25:00.000Z,2026-10-20T15:40:00.000Z,2026-10-25T23:35:00.000Z,2026-10-26T16:00:00.000Z,5,https://www.kiwi.com/deep?affilid=mihalymisroriflights&currency=HUF&flightsId=0b7720a15109510fe7395391_0%7C0b7720a15109510fe7395391_1%7C0b7720a15109510fe7395391_2%7C0b7720a15109510fe7395391_3&from=BUD&lang=en&passengers=1&to=JFK&booking_token=HbYVoKIG6pc8T0GVxgMjJcFSkDTJEMpbzH5cviJ97lMqEuD87bhoKtK0guaQ5S_zCV1hernghzqeAwvsttnM5A7o_WleCLnH7HNw4FZ07iv0_jSd1xxscYt_R1MfzxMGKhIJDTU1SEAziYfMUBPGRptfkjB_1M3gRdROs0W36YeNdKdDdQr0bSNndzk0xc5jMExwjNyuh46YIecar5j-eTbQ71p4cbiwyPvXWFh1eRpxPlBc6U6X8P9wKeF5EFm8d2dvGpcFbQ1NQ99t4mITvcPOlLE3J_GSGoHlQZ5VNldi9_I38CdNE6-fFl_gk0v6WUad6DYVoRB_7uYjWCg0TreJxh_7giE-wkYJAvR5RQiV9BGX7uQDbUpol5sNft7QfgsteO-8V6NN2bU4xC9difVFfVDs5lsTDZSP1RNyeCz8yLA0Fbrq1jpfbK5gZzyuym4lcmo95USkRj0KKBRkp4t-QiFnerDnLaVSu7N5b8nNXfXcgdOJfyUf8PjApUd1lzK9Aa1tm-KSMsFH5m6QiEN7cppipixL3_Udxxc8onrk2IXBnbmv7wg2Vvh8q4fcj7-4FJUIgZYnVxq5erxJyXeD2pzr2xQNrDRucj6fgRXjYWUty2TlwGeX-3b9c2W2hIZB1I7jf9JnA1glHQ1S4Qs52bcbeO3eKH-O8WeJGkMAbYykUgki6wY4ybmKKJ94j_ps5CBz-WGrN54cSn_q9pazKQVwDye_pBpdnDlwn-BDAVxDgaa5wY8h6DIKjhdB1jt8kcWXqgMfOH3qxUZ192NWocInFMqwjOlGnKowwekm8WVj-ZctVgBS0MisRtjZdbJ_2hugoid_2q_Ln0jT6TVbUuKSbKZK2iUbK68_h_OYhqU3WKz3kAnJT60CyL389bM7eyALDkk22AC415LQ9RkuJZZyVmSUC722F9JdvPMeHd4bXFDIFgMGX4oQ5ZLyKCZ7ArEaMk3R62vsSlBloVZ3PoC-fnpEGQAObAZreoB-ZQm9ABYcX7VKZ-VYaDhtELpbkF7sP_heu5aKdqo57YHYi-Gm1dFehmXtZy3NeYa2B0wkSZmWYasQUK6jl6N65lsT71JVB6yg5JrOotvkPMmk50aJdPt5TLXM0FvXKcaeBx7CFxkAkrtj3sqappFBBsp2nNRZBcGGVd2vcXTDsh2OI611TostlMfMuDoJkGVnddZHS7SmKVJ-Vt1BoSBS0mzHFJuKhDdpm2ZSBLUtokI-butk5hpOn1-dNX3WZLUo=,1,1,JFK
Budapest,New York,188697,2026-10-20T17:30:00.000Z,2026-10-21T15:40:00.000Z,2026-10-25T23:35:00.000Z,2026-10-26T18:25:00.000Z,4,https://www.kiwi.com/deep?affilid=mihalymisroriflights&currency=HUF&flightsId=0b7720a1510a510fb4facd62_0%7C0b7720a1510a510fb4facd62_1%7C0b7720a1510a510fb4facd62_2%7C0b7720a1510a510fb4facd62_3&from=BUD&lang=en&passengers=1&to=JFK&booking_token=HkMxgf4CLS2DKbwI9yR7jANqTcwJtjsWdKiac8fZgBtLWL6OyQmf5pVTLbY7xbvls2h-07T-KFSMjjNwcQ-bx8SX-RPtQqenApQJdjgf3ViDGG0Ifdk8g9ylElmALiGX-upmhYdJ4CFVSc-M-5xjy6BYOIsRxkIPga182Mmgj3ocGO8tybj4-k3LWEGAaoQqpkYlQKY_yptMybJbmVwDB3qIfM5JURSrTlSrbmlk_C0nBh27N8HXiOcVAWHXeDta-fJ_SK3oqcqefTQVIjcq88m4pYYzff56MsvJPPyuB01Brh7UZ75otzljo_EX1sDDzDx3fS4n_Uhj2_VyT1DJ7re_MUQ0dihs2sa5wWt78vXW0Fo_-Tmhcec-UwRcsZ_503_b4qgZo_2RkQ12t9BSdJlTxh8638YEmNl_WSWrkfCA5ZLjI6Vl5FhdDRGUBu9Q1Dk4fWsY4m_jVc4U3R9szsH77z44aiLXCr9xTDma4dQns6V9314fWvd0lq5-XoNgbgDae2pW17m6cvx8_lC6WEdxDvSyXoEa5Mq5iNct6pWQNIjXxLKcT_XjtHupeFkHBLxhVLPLqzbh2Z16P_zEo2zt2mSh8UcH49gGULMLou2M9FhDPhCdOo1EM9K4owSgfg4bXdGOtTY6H8bZRut8Ku6yjsclfqo6TjEghgvf56Rmc4EmnbW14rYnPWPfinOZiDF7Y99OzCEbPYGB9FGD14CKMXSTH88UbOQIsgAsvaCYBI8FAPIUTJyKF9sfDeSwEBXWK2ymO6qrWhzSi-Tnn7Y-crFTlt9igLSNfk84haESgmmNYvCh79YS4f_fnVa-XHfJfOIsXpk6ERGkL3j3omZ9zvBi_cqhXN7kYK6A0RipAELOwwB_uQIs-qFte0XDoe21wQnRhl6P7LE20dlw8tXA9vg_TXDA4uOwtbN_iy_MwWhW8f8q3piOFkTACUQ5YzYV6R30OpirKDuBMoO621jEK3jlhki4zxlU-IjMRVsAcnqnZuLBBcI-004j4N5KgVxN8Umh5XPI0ke89fEOc1W815kQOvFaiSB8813ZlBW1DrXTI_QRmlJdN76FkOyQOE2pFwloIz3bv_VTpNXFrELaqEAKqo7w86MByaPAjDJu_1ewM9GBLGAijqs6ijR4jJY1U60mzMrR-UNTUc1bpnBgodtCegqwklLrh1vwSxSNXORQK2tD1pgDlKhSpg1NahqDJGgs5KM2vaxwP0Vb7OA==,1,1,JFK
Budapest,New York,189093,2026-12-03T11:35:00.000Z,2026-12-03T19:05:00.000Z,2026-12-06T22:45:00.000Z,2026-12-07T17:10:00.000Z,3,https://www.kiwi.com/deep?affilid=mihalymisroriflights&currency=HUF&flightsId=0b7720a151365139bd4bd023_0%7C0b7720a151365139bd4bd023_1%7C0b7720a151365139bd4bd023_2%7C0b7720a151365139bd4bd023_3&from=BUD&lang=en&passengers=1&to=JFK&booking_token=Hz7VbEicWoPcUNvkWjPyGrtrUhlWAcEHZvJmfoSj10IwjoNdmmQMWmSOMyGRD_TDEwxz_zSoJfLJJDaPTbpLcGiTQ1z5_3HVQLKcMAg1v5VoMc69PhyrJw0Uzsy3UNwqx1LsW1xhZYoNJVvW2gCtnyptboW2UeZX0m-zJEOSaXSTU8fv0Ni3vhOAe3XipXxI5MgBvzLJlshRdokuOPq4A8qN-EXwZBi6xnPSUKftj3qHV2p3InNi_jAM736OaEk66oDWLk8V0OIr9N_O4cRDTJmDRZfi1iGRagH4Q3X7LXIomUolCAaT_5YgNcW1Ol1lJxNCrJrLXF9uaHIzVtoaVg_Kuk6zT4yM-O6aYLuM-MK5e3ZscwAXXiZKwgGcUWXB-vnLW6xGYNKk_zapsegPzLDB7Oz0knZ8nxeKpq6sKX5vfLhNA4qG1KeisTuU7lOpJwq1RFwRGZ7p924pAF964YkQv_13eSslthr28NVspu7-mgegxmh33xJ92nveHlb-Q76Wf32Z-A2LjxjNsldt4bUukJBGDTRKdXmY1-b3weADJcSNxtjf_wjdEGZFpqhslpZAKdhZwDu8KJ0xm5Ycf6R33psiB29xDwPSD8b-ng_knfCOTmZRKiayAEbBCyMyIwFM_dY-wl56wFxyiBbjJAa4uNz9j4ijvTKvq8XIZLov3Uhlig9rxFoP6F-LjBplqh2TfXcv7FskE-A_FDEPOq_s4ml7rvB47L0lNcMO7YkUIbMTLGzJvA5shmI_SZ_oCYXX2ShkmPrlZ1YFxlHnOt7PNhsmkwP3U4e-xtfRNe4p3bnINmHpzqwdhZ01Jnkyi3UCqDbprA7j7JyQMPqG3jW-bqA3tKc4h0IzUhVU725BAG4ENYC-WcrCnZge-6DL64-kWRAevrYYgPvLaOB5YJHEEMVlvxVYLN_7u7T7_Fv4L8Bzlb4OhXsZbu3xXjyvIpWK-Y_pirOxcRgaPTNwh35UYGfp_RWkOwPa3efJGr92fulUu9_DhbP_5oAkXdCdVx-DueDpaom4D3AMvUXH5sXvVXYVN9dAqKsPloF1FOAyafr2Adb-O_JpJs7epgABDVVP3C1MemtSo04_E3NORTqLRufR4pNKPJELwXZxC8Mce93mcOn7rfN9FEDy1yv47hQncqHKMxGwdKNg5JiLMOQ==,1,1,JFK
Budapest,New York,189095,2026-12-03T11:35:00.000Z,2026-12-03T19:05:00.000Z,2026-12-09T22:45:00.000Z,2026-12-10T17:10:00.000Z,6,https://www.kiwi.com/deep?affilid=mihalymisroriflights&currency=HUF&flightsId=0b7720a15136513caf207a6c_0%7C0b7720a15136513caf207a6c_1%7C0b7720a15136513caf207a6c_2%7C0b7720a15136513caf207a6c_3&from=BUD&lang=en&passengers=1&to=JFK&booking_token=Hw3Xmxac2VZWv5zZsAqCwu8FRcEQw2vm2LorXpHMxX_1lEm2njMGUxahutmEHcHneDf4mn0iEo1IUpamb--GDf53KlyBr0koQjOyZW4g4X4Tb2kT-MGnXJi1Tg0MF2l7Jal2bYaO23IeveLdG-1Z1iyYUMYOaT5ldAY6myKjaQuFAM0jSB0xp2WyHQ5BIX9DmSb2MDuTW5IsVyyn0TWiiyp8Pv9EU7jcZ0ue7SHMkEfhZuxR0HS_kYeiUo5hwfPMQPf19G1Vn-tQ43tjRBLfYelBR88efJTtbR972dF4u0HOelge3LTtF8MHT6HW2blIA9poGW90xGKUnuT4yaptcAQa3CXNUJAo-gg8yW4D2vjFMWi95pdCgSKWJRVbOL8REMjwFcOARcieWFGraGQtggJu7cdK-o8YPXhzc-dw9tL-3r-6JdcdqWVYm67LQ9kV6imiq5zJVPrwlU6G83Rx2Ib83YQdSkwLiHwJymjcQcU24H7Maytlu6LiySl9QiGNok17-SE7saoXFZfJVUpQlGPVejBKU1lycVS1BeDrdrOQyOSftStevcd1nCToOUTJEr3t63ZXGSDwMz1frr8rzMjlHdYLpuEVMhZWvwTQRO77YWKiLvEbP11cU0kZLvEfWiHlhfVyol34eW0VmVx72MexBoG9bpx6ACsRlqOgBXjldnQaJP_kZjvqIRsje7VpMCQ8EC-fQ0QQBGOGKEAh-QviOb5W5htpJVojGnoyGdUwZt_FHccpNfxbTyQqOPtL5mq2HJ6cmm1cb-TgN_C-SG0B84t9E501ZUw0L0Yy9kGcN5XiLnG57f9pwOfNwfssFUTGa1ZuboNmXLirAQx3YFHST--Vooan8d6sOERok0UtRcziqu8N43uI7bXp5fS5UnZpAbQQvIgumBYlcQ4UhQnGt9Ss1S-Wg1ASxB6XemBn3pnyxnykFed3MPwfp-wnuA-_FW6OQsu8bIMKPbxkz0n_sjGte9PVs2XAT_DR-3OabxxnsZWTcBeb3AszYVI-WenPXzHqGG33rn3zIPvkHhR2M6azwbykGpPvzifaXfunHupSZ_Tw7IQo4a78gDeqj3glQOT9nr30p2QdrHDi_QQRVtTIGTFgQM6n0jlTkgmX5vr4xH89WvSHv_CKO9Iz4s_xnVpZQae33Jm352F3f12KUYb77DAmg2mtoayPTv30=,1,1,JFK
Budapest,New York,191328,2026-11-18T10:00:00.000Z,2026-11-18T15:40:00.000Z,2026-11-25T17:30:00.000Z,2026-11-26T08:00:00.000Z,7,https://www.kiwi.com/deep?affilid=mihalymisroriflights&currency=HUF&flightsId=0b7720a15127512e47e3a496_0%7C0b7720a15127512e47e3a496_1%7C0b7720a15127512e47e3a496_2%7C0b7720a15127512e47e3a496_3&from=BUD&lang=en&passengers=1&to=JFK&booking_token=H7mZNjH5NiIcmz0VqrPA3pQNcLjzuw3Qzm42gERpoR20okRDm5FvZVHQbqMAAqXJO4lbQXNZhebSx621MHqCOxp16zXh_ECWV43ZnzlrzakY5wTyBE9a8V8owCNo62j5OjzlRPxEVsE6PgLbBjCwvqcxGGtF_sI_ZR42jlJ_ArFduk5vkOF2iyBlYvvxLIilmhKsbFNgee9YOfxEEq8Egc2qfCgDUF6bdkfiQ55qF3_2C1pFQkcdS7ZWGceK2DR0YFUIkmWwQnNyvMF3t_uqdrwroRIGNswZJXoQTcZaCHlgQjrlkqUlpjTXx4QKraRJ4iMqwRNm7r9BPhnkPpOtY9FT5oMH35nmfnWUriOQjyIB2IoT5Qa4JAtBsdQ8EbzUa85o7y4KKIoR6PZQITfUryP_JaPxIt64hGGV7orjHttMHhHQyZU3sZTGIPhPz3KEqZv12Bj6xKMDj9Gxm5UdUfZ4QIe--1pKh-CWur31myzfrZQ6vZvHccPsS7cuCRot1TOpU7WheKp6vM5gz7hixA2p93bGHRuZoWXMgP2nkNY6w91EoYiPuCpQoHc136UvYTdWpOoTEM4nKzM1zrcxPSHpZL9QeG73e0ULzKDuou12r0W6ktWxo-gU5gV6Bm4jiv9YyQCB_sAzwUJshBYpBSQ6bWdV5aNKQD8ftA-zt4M9mhCFfnzTtNgiafYTDb0hfzPK6ot2k178GjrZ6v-z54ZJt7isqdNQOv9V_52HlHWOeR4eP5A88o-LGzZmwKL6S1XtuaXJ9XiZrNYYR30CgkcDphJ8A8gjpjlZkLyASF7-sbU7gQ5Tp28oAsMd1gwG4-rbu3yNcCCifLDJOiMG-nOHEBUz5O80v0dsjn0pZevpEeYxa84QmDk5OQ9Vnot1lkTLMeKX3eNNR3c2TKRxuEy0M0xpxyE4ZlthNGibCoVt7uuRduECb1g1wtOYQYGmXn9qN-715g21lAEQC7OV_l9rEiCnFDKRyi07bulEUaw4h70tcBsiEcC4XOle7PsM2UngZsme7GZ6gDV2U0Lk7_ije_6O5ljZ1M5DzmotXVbBu4mBby3GpYZXj83Yewf66ImXKZeg-hABedYyoAF7Xj3kuQN7y4x1HLk3zkuB5DpqXwn_D7J0Kdq8ukQEq8kYbQ2ImSsIpfI4FTnSpHlfZOci4TEaSNwfKjQjVRj3fCDs_IdgMLWvxHmFfP0tHMdWlppy_jbn0VhNs3bkJh9E9wGhveFvtZ3qcpVAfm5GZmJA0OJuvUOe-vr7hD_KRfzramSBXBaG8xXRsapVvZoeBf0vaCjQgPRouELfcuBvdO88=,1,1,JFK
Budapest,New York,191328,2026-11-11T10:00:00.000Z,2026-11-11T15:40:00.000Z,2026-11-18T17:30:00.000Z,2026-11-19T08:00:00.000Z,7,https://www.kiwi.com/deep?affilid=mihalymisroriflights&currency=HUF&flightsId=0b7720a151205127f4bb6b57_0%7C0b7720a151205127f4bb6b57_1%7C0b7720a151205127f4bb6b57_2%7C0b7720a151205127f4bb6b57_3&from=BUD&lang=en&passengers=1&to=JFK&booking_token=H_KI6xX5jlrRNhE8o3dNdI9SSQ0f2376_bq6NhlykhiITPv_80ctoSJ7JN4No210TCfq_8oCmwlz2_-xW2HOgDaPXPeWhZuUZZFaRpQs13IE7fbT8fs8yWoeHDag9vD7pOhFF1OYPJpMAIUconQfX77jZEgtzJg1HLTdYf0FPy-QXHW1hvpDhpxr11ljT76zc6eL7YAUKDq0dGzNwW-3DPrrcBfJ99-tUlzI4MEMkk2xtGJU29hvjlyS5hYRPsIDMSrk_8_lrOwEDoHuE7rZXMa6mfeDW-mLpwS-cLdP1oiXYjhlFY9US1OGY4RA-vHtO4Hn3Gz3Sl6WO-C-FUlfMlgwcPqenYEO3dT7OaBkV1EksTLTOHLAlJEg7jYYU1JVtOSfdnkXR2d1eea7VkUy41ofcBb5VhhxyYVbW5u01ljUDgMF17iYgWCuGLfnIxXzYrHKMCDpCr0aDx-m1e9F1-Eoot_2-Lk5WCUtecZn24hv5_4BimQcEqVhQp2cXM8f34MZvaKqKui6OSMnyy-DUS0eZfg5R4hiNvNWJBZv1KXGx_wXock9jC0JTQe7Hl5xBrgJbTsx8iyX3gTFweGOX5XET28T4uni-W8rHCqok7a9Zcp-vpcS_287JtcDjW1yWJAglzhikzK09M9OMDrHJfhTs_ylQ_FPhZ9z2MonO4e88RtZW9Hq5vAnNXj_UXGRblZ1zg2MXQC74GJOLluCF8JYw-94C6ZyT2psVMms1QdtUL2MFkZdpWCiMP5ZoCPIUSFYNGj1z8kcIzBN97jZ8NDJZH-pCdEJq3230UUnuzMjMvoh_2ghxtLTrwihi5O9V2G816WxYs_TPrnqn8HE6EgFL_aYgXZ3YS-Uu5LUBM2_HZFG23uP8XY5aSYFuxlQi3K-1lBzAZzlSndU-pamsmB_HL4SigWDGUXkmh5hBRAY1fIV9QGMaY3tw5NMKygUgAukjOrLv_gsj2Iw3mx3Op85Rhv9JAfI8YhgArm8rBsW1mOXXbJjTHHdRDqHPFyRjVFLOz4-gS6Nlg3uCQ3hr39AwzsXvMq0lfEO1HPFbdyFICRhSIUJ4RhhEQoJR1unZOHFJIDRO1ydcCE3EPI-RA7pCZ94EJNcVM9RwSkItTvChlhBbuTRVB58xlMIzSO6HcqeMuMoqYq-3YtyvwrhsxY0GHOfrm6pq76fdo3ztc3vo9Gb9dj1MgCUog_dZjEg_4bCuhK43nouKIcbRRsJ0oMK0kr1EFLZHR8qzq_vx5i8P5uPLbETfdFy1nRrPK02BhPstQ8cNLokZrbbYh6ygww==,1,1,JFK
Budapest,New York,191328,2026-11-09T09:55:00.000Z,2026-11-09T15:40:00.000Z,2026-11-16T17:30:00.000Z,2026-11-17T08:00:00.000Z,7,https://www.kiwi.com/deep?affilid=mihalymisroriflights&currency=HUF&flightsId=0b7720a1511e5125f8c1c8c9_0%7C0b7720a1511e5125f8c1c8c9_1%7C0b7720a1511e5125f8c1c8c9_2%7C0b7720a1511e5125f8c1c8c9_3&from=BUD&lang=en&passengers=1&to=JFK&booking_token=HaTBjUHkaZ8PrVigucBXW6rzdhXWbQxj7xpwpYCeiBGRkwW0quxuTM3kxsBqyb7hSI11c4PvWaWbCqc-PbpnAuYsAn98gBWkD825V2RgxNVPoH58GCPma2YvNpucStNE1WBOvLnQIbmrwf_9ZPopycwTZ9hLyWVo5TSzdIhJtvh7EyE0V8c2-CPNAn-OG5or_-GwjBFbSfN8t5rfjQkEoDRnbCRssdEy90i5qIKDERd6GYcoDWFvjc3VPeZGTZYT1BAmBoDW1J_1qGb0bBpER4-ko-wReBN8zqopqtnx6k_x0gPO3VUS6kUjUWgSPOmSOxjAxhUt-WwoG-pwkECo7B27Y47wMEdr_uVUKJ79SbdO6A8u-9PbGDIGz8GT1lnGa4j6jgExEKhRPcxOA2JP6VSIl_qz1WrE1Oa1x660zrVWGFtJDfyCDqqTob8_GYJ8pBU--c2Z8MhYXE2BwVFkgTRy4UW8zKVBGBcpujlYxov-ZCBwp8a3f9N87AQVCbhjrNLkBp0E1OlPVjZr2Nn5NXBfvlJIAtxGstGnjxZMPgIbx_odMCfgj4TNU45IasJY0tlXrqLRFjUlZz3q0p7iwfMW-nuhvId-0L2WakgCOViZ0hb5lUliFtHiBjtPQtYdD2QSioPT5MPGZNj_As--jaW4U5Ow3fXPTwfo9nuIsujAnH7H9GP_Erd9wCpeNqG3B2cDKBjrpf43JE7gKGhrI_yLJ0gEodd9ebKLyf0LNN0JFEcvAdiixbz53U2OgSOG8qpGXhk1fz6bn2s5gQa7cq4mt0ZZ750mxmRdu4IGo6g8Sv_--_XjwFO55yOR8TGOJLS-WchOjrnwHFFjYPqRGMFfbbQci0QAGlLF0qf7ejU6Neh4OuVl52gLyHG7MqTkvy8KpMpQ-zB9LmzHV0H_PSIM294aEnBdDeU_mjZSNVpP2knUJJKlJ13fsXLinAFVrqaE5KGhf9wVkw3SQif3EUsCJMBNRk_Et7tqTbcZo7F8PYyeKaFIwqeTB8_64mcBO6hoOmWk0oQx2ujPkiqgdPBPAH6qfhJcUGnnFnHEYxBzQHmWoyW2B2N_0yi5UoI0GdiS-YenyPGzPXpCR_BtEi8U1NLDASkI6a81gdau3-msbDj5lsRZGn1c21go_eOnRXBUWNPHjPUI9IxWq_I9EcT6x8pXBgx-sR1vluZFoudqDXLkSXEClGQDFyOiJndll8kJpNLtgjQGDzF8M0ErwZG3UoijywiKd2_UVL6V03K-vmU8_yWO1YAOT_5HAzByeWLxCfRVv9foZ0ykHVQmBhg==,1,1,JFK
Budapest,New York,191328,2026-11-09T09:55:00.000Z,2026-11-09T15:40:00.000Z,2026-11-15T17:30:00.000Z,2026-11-16T08:00:00.000Z,6,https://www.kiwi.com/deep?affilid=mihalymisroriflights&currency=HUF&flightsId=0b7720a1511e51244a2017d2_0%7C0b7720a1511e51244a2017d2_1%7C0b7720a1511e51244a2017d2_2%7C0b7720a1511e51244a2017d2_3&from=BUD&lang=en&passengers=1&to=JFK&booking_token=HXLPcCSZzxzl1v3pDbtU8aOZQQ8TFLDd5p6Kbft_ZSd_QeneVml2gFgwqZdxWuvs05yHFXWDQEe-Tm-CN4dqB-wr4lEeOa8Ei1l3FYgRKgZ1n3-04NYIyRA19-5jAknG2nM_IFlxpw5KpbGyzdJXzF0Kfq3j2djmw8tbKpE8GU434g570LITsZD4GbCMKie6nAYuFpsg73_0kCrFyysL_q6543ZmkL0n9iYR09ivid8T33LJ27T_htDJ11L3apyw8SbQSe6w1Tad5wWXQqIqsdCYO8G6ZJyRVrjNUiHHkIMpmrIY1wwz524nDG9-zlJ0P7adcsciqKZVipwJhLbl3sRXn6y-pgbbVb5zbRkmAl1IgxpNNnG0QoO899_1NHiTduw9R-WCluhU9h9zo726jNSDEdRreoVINf-5nXKA4vCiFHaKEqkfrKZQqBYfculHLJpZZJiC322LcflrLfT8KvM3sGVSW7GGsygPoQqahG6zfN5IWQRjSY2DESc6rn43ixt5d49yLROF5jDbh_hzY_30P06qjIODCOs1XdgVbM1yhWP6ijlSmwpv6X01VA0_0OGxDp7UXmKj8OlCZrITrJPmCAbQfNcJ_ddsOBWmRAkMl4mMtKFOCGgx-a-usSvHHRvqj8Dgyas-bGTJ_VLgzb3MSqR2hY4_bBsGeODAyaJeYkjeupMsrZoqvpeCVIWB0Mv14IxMjI6HnUTFYOtAs78SoxHJi77wLz6gMkVi23TTAoJOFqkJAcNG9Y-FJAy2ASJFkBWdDGF-6F8UmXm5UY6U3v7gaWJQ8n4rFXXr-InCTXdWE3r71U1IKf_mjFC17fNDFlodbj1CktwjxZ0zfxv0C5YBd2wD06RtxvyYoTRHE2KjKJLZhhveDYT6zXeKrix277DLFjZm1mD_xphiuZjtmM35kYtiVVr8hYzGuvfQ33hxe0-lSAtKKQRcul5MtwOeX7r9-5hwW8-58DOqY9dBbIepJN01EVwXAb0bRRwgjLoeOKl4BvCj44En7JF0bFCDxW7o3D2Otztzk3FeznRvEkEYn3gv0Nh-WKdnPkCX44CAkny-FHyjaTbLY5XJL7Okb8gmsYN2tZ8DtEOoFrki8sRWuFW66riFJ1Uwqx52a5j0HAIkg9HuNR9Bn3_BMXVDd4Mbb6ci6dIPOZCWaNLgr21gljDLkBCSdyBOCc6PH5ddWlX8Rham6LfokEmUcGXQvc6JtxgAb9cx6kgIjKw9Gv8nPUlcwdxzx4ZATu9Txl-rI1wnIKbe3rhKF7kLsJY5FXwpQI4kMzKSoyutc6g==,1,1,JFK
Budapest,New York,191340,2026-11-25T10:00:00.000Z,2026-11-25T15:40:00.000Z,2026-12-01T17:30:00.000Z,2026-12-02T08:00:00.000Z,6,https://www.kiwi.com/deep?affilid=mihalymisroriflights&currency=HUF&flightsId=0b7720a1512e513468fafb58_0%7C0b7720a1512e513468fafb58_1%7C0b7720a1512e513468fafb58_2%7C0b7720a1512e513468fafb58_3&from=BUD&lang=en&passengers=1&to=JFK&booking_token=Hdo4dzRYRMBuXSTqZ4kGm3TLws8pnwVJRO17Q_cVUnUPCVPSY8umIW11CAkRNNvc3igDY_T1MzOFJLmvdTIYrZQ2TE14Y5Ybi-gAJh41Qpt4MS5KMerP73LHRvPa9-V4-zvkkAWpt2TDZ8Lcnsr53PALjIGfp3cKFl_qEAMgfrQ-zari6wzwIH27FyNVgE6N3nuyOtZKJwJgdLG7Q7EkcxX457FfcdEtlLy6v-HYXn3QNDUr_wV_SThsrSmIBeAm8kU1egTCTiB_A8h7at9xrNa_HOvpQ5nisyV_mBV9CuI_S6MjtOWipikAx-pPLY9Dg9-pI9l4ujqvK02yPjg7JYdNsca3GO4LbaTLwe-l9vmPKUoQxDpiQMnT5UUUmZ6omHRQLNoCgdMPDcPOLpvrXjTfPzffJ4qxvvmS-P30BGrx6r22JlAhcVHYl7ZROUh1SLqecE00iezQNoInyzsPbGfbmXHvKp9fXPJxlqE3k1ntC0fpDIDaYBiqmCU5j6eh7PauEI54EFmelCrFHGlq79xEGbomjC15eBvK0bzORcOqe7vD4M3YyfgND4FWPiRGBGnOZxzYiUJpRH9_aeB4e96ApLEbXeRhkxTMt51QlFIy91LY4SbxP1NMmI99Ih5Mvd-PEA7kWB-IE8EZVx0RbyS4kWfjsVkZDAs3i1jSwWIBHrdF55bz4R8Kj1bddqf-9ynK-8cpm9KXO1e9IV51ogXzTtw9ouhvADCg2gYHL6l0MZIU6pc3QLWvOxlBg5fCuacQHSLh2x5CR827MQ1sM50Fd8PKJobiQVAhT1yILmRXq24ayHl2qSa1FuTiNPAdAyHjMfHOb_6EijJyjYU9U3SW5nKmkeCzQPHYlSZDMum5tpR4Vm2zwKRdFpY-bkduuYQwGqHOn8IXsfye7Vk8OS-gpKeZVJES0xxBk2ggU449GrKcBQwfL8IlfyE_qkr215Auki9GTO4EJiVROdrwqWK6qCYAmCoEPFmPuAL-cKVJHAHZx9HsheXMEYoXpzpGS8XM7kP-Iv4h9psRwdiSAYnhqqYwWzp7ZhHyKao46ix7Fn8HISp17JM1K1X0YRrSDvsiSKXnhXzGTv6GJy-ZFfttfpH09WDi2O0Rp3ypJbmne7rLXKUwnf2PYBAjzcx8fljBN_dqR7AVYPbdypZK-1O4fO_n_F3sDRmaDObVD0sXMn6-aFDL93ktYv0ea0a31OblfMPp-QDZy1T7eWXRUfJax5XQMDbPzS9Ky0WmQh2BKj2Aq1fatatFk9LY4nybMMKfA_f7AZDmDA0JI1TqvpMMennJq0o5Fcf6dx2AvPWM=,1,1,JFK
Budapest,New York,192446,2027-02-05T12:40:00.000Z,2027-02-05T19:05:00.000Z,2027-02-09T19:00:00.000Z,2027-02-10T09:35:00.000Z,4,https://www.kiwi.com/deep?affilid=mihalymisroriflights&currency=HUF&flightsId=0b7720a15176517abeaafc13_0%7C0b7720a15176517abeaafc13_1%7C0b7720a15176517abeaafc13_2%7C0b7720a15176517abeaafc13_3&from=BUD&lang=en&passengers=1&to=JFK&booking_token=HQitHkpcbOXDhdsfwP4n2Un5pYXdw4EM96djSqarl13YGr9ViMpXfZzPekJq7CbC1oXkeEP47i7v4h-cHblEuyl54zA2q7iz8EYpP3SiMNzASnN3eVeGLceqAMrovpAASxLUDopmpOIJsykj89vMoTbI-Hez6WXuhTHdJ5Ih15lpMaNG8ftSkuHlKz7QHgKoMu1CY1rp2nQoLf2IzXLnLArTy1DuWhfwz5wRQTAFmIfyx-4suhKS207tIFVvm2LraYMFei4eAqz-CQiCfLTJd3vaHB_3nCYt06c_vjMYmp-webNR_k3ucZl1SR1rtY3lyttRYboSv75uMhBwv_dLRAQWGIhvyPhR9UWy95o2tmdELm-vqkl_7PrudUBuXeP4S49jy4WWF1dIYb29d2_8Rz7A7PNOClvqDU63CGTBY11vA2P_6JUX2LcR9tg3Vgool4FVMuwgLT53TdC-MISkrtbIHO6Of2ob-GPRZzZ0alZCmH1mB6q7Bn-0sXWEyjkf8QiEwTbDdSYh56PkiSC3eS_SH3n-AQcQ3Y7kSfAplRvagBFODPPdfjJ2QyC-g3SbOdPHo_r8L3I8Biir-Ku9DgfoHWwss6f_PB0XGFrizcD0BauSyLALpUd5gwX1Nw6_F3ET5MYHNeqHI0mkaoNKNp4kjuVhuUZ_q1CAfBhF9KM09rvmJ5MmQ8GAfE7eUdCGWrmrv57LfsfZe9g7DDiQMZZfu29II0xamxqzqNr9rfVYEG9BAENz6w5-EQunhUpSfSeYLoGhiikCjlEafH2QuNpS1f6D7AGCMhkATOPiVE9jBklmgsFHgv2SIhdrGiNXAb8DEGbk2sSEmT7jMQhk1TYuRE3RrIp-58SBLEjukjQkwazE80PsCMNLb_DcqZgrcgJdXCrGEPjTWb-LvlJEHz_BaWJbKUrhZPxzNsuh8YZc60xDRwxgl-aB35n9USyMLBf2INCUXJikPTM1OCn0Pw62L4cOpSPouvdgOw5NpvKJsoecBlBPzPBznkuxCGR-b5WDIqlPr3cvNmJol8xQUo352AIESJN9ECCrOR7TRv9i4fAqeFifWS20s9myAQGJtiu7MyVClCqS94rbu5ONcqLAf6sg2Z4I5T0aEXj3HcutgOOJCMvabwu42JDPAihL1W49XNoPjwsKQr7AGKUnuuPlkP7wzsryNFmhG-dt_tw40uSkdrZ1ahrlLcmCmDLSpNrrqLv6_UkIEz3QQFKIXb_1ghFMieVzn9McIbmQyYofSyLOq52g1jXNhhvRpvHgr,1,1,JFK
Budapest,New York,193093,2027-02-05T12:25:00.000Z,2027-02-05T19:20:00.000Z,2027-02-09T19:00:00.000Z,2027-02-10T09:35:00.000Z,4,https://www.kiwi.com/deep?affilid=mihalymisroriflights&currency=HUF&flightsId=0b7720a15176517a55379708_0%7C0b7720a15176517a55379708_1%7C0b7720a15176517a55379708_2%7C0b7720a15176517a55379708_3&from=BUD&lang=en&passengers=1&to=JFK&booking_token=H54geY4SbTFTbmtjLKhl2vQ40WfPLruQwKIdZF0Qto_GhvXOKyZWB5aCQN0fQ5y_4zVGaNiHgny1R0M9GLmTXFaufmeDFsaxbUPHuZ736hCwohHEiYOT8NYlwZy9Xj1IMZGqLxYiC_fNHBlspf5ngSHKfIVxU8zA5EZCLivnc06045B-jpEkdvdLxXiak6Wad8V-m-Ydz-NswqDnoSfwhaMr6eQ2ER7pti10jIYY2YJ4fIPVTIaW5PX9cL0FqDhcv5xpnZggvNjIZi-v-koV5ykJZmwk6af9ggKth3wxtV0JYkbKznaW181iEjFdCYReeivc8Ok86wQv_XDox6HAbgKT3NtuGbvvPvSinyRBlzqmcartt2C_HYeoX1xZJ_1XRQM9yS0RwJUBAwy70Eh5U3U_oxIAfH0ysowoMYifPQPFHBWhaWxDoqydpMnXyEL1GfH5haFnCrzjzNMCwUa6LSCPxRWWvO5F3ZU-sxi_cXNwffrLz9ySjMzeUtIEdeAOqgIwH2O8EJnoKxZzTez8mNa6s9I43yF1lGUsO4N9zShg9QgbIHI-JL_eIf-W18iU6bcjOBk3DkmvO67WeUPE2SSrLczRgf3FIajLqYXRtyAypSSB1D2CmVIucn3bBq1pfluvkeVE0bBj2NtBdBt4logHNAMe9cf5Z4pid7o8uUR57gfEaMyQxnAyMvE1xqL-5sPbY9YVmzw3iLm6BKS7STfrj8axWvyGRhnJ1QFW7BJhD309qzoseidtNKPzUily11kewVOBbjitDXnmATZr6X1XhL8ViorGofnWPEqp2SQ0_1GAPImkdrEUkNTbb6vuGYUUndRApj5BL3unkwXCvp3e_QqMs12CsBl_CET2e9g9bFBDLwLakx3CxuQK0WVwo8V5bWX35KUWPUlg2fV8KPoJlcrqb3LLgW8IX_Ate2JT3g1alXZPO5mjFXNuk_nUpGXpS2urV3WGQ9wvlq1whO5buQ78EaMijQ6j9S8VIpJNSL2SDJPSCUxk6dHwdtiE0-pXuRdoaMoQx6bz8Ie5jbMItGWWuNpg3NtM8J_RywAk6myFjEHl-1Bi_Vqvdbgjxd42gF737mGIQZwagmrXAVBdc0ON8T4qHuCi8qcqziivZQTyLox9tJ5WwFioYaLv9Ntsttve0jR9YsUeLo4xGWw8kQTJfjuQqPRas-_V6E3TSu-rnC89p9RZDLhUW8gSqAY3mgCIYGTNX4G8gLO7wxha-GhV5JWntiArzk_lnwXI=,1,1,JFK
Budapest,New York,196101,2027-03-28T19:50:00.000Z,2027-03-29T15:35:00.000Z,2027-04-04T17:25:00.000Z,2027-04-05T07:55:00.000Z,6,https://www.kiwi.com/deep?affilid=mihalymisroriflights&currency=HUF&flightsId=0b7720a151a951b054fd53c8_0%7C0b7720a151a951b054fd53c8_1%7C0b7720a151a951b054fd53c8_2%7C0b7720a151a951b054fd53c8_3&from=BUD&lang=en&passengers=1&to=JFK&booking_token=HIZ3pOeX62HWr32W4jlRGgo_xd2QTkwV5JjysN6aQWpKUEGow3G3d7P_YrxnJ6C4njGQWEGOCpMqAnDcqAs0SBKqYOOylhqrEZZftTGiUvzX_wzfh0X16YCAp3cOpE-5rMLwCL66Dp4Y0Dqh4VphWNvXX1pao7tDRQ28xkOAllxeONDyxNfqfsKQZWm6f4bw_-SsUQVLksNDpblRRtDXRR86kN1DZ7n7Zb0jzgPhUXkes8R2yorEEuMVbhoxjlOhABB5UXK2IM08j4CBDsCjxC-dLsnU5VAwehIq4gw818fx2ag6y9iPdlSZKq3q9Vj7LuTZnIkLiKdRM1MyNmp577CZW920VaSMTwm88Wnl60eOPgDs36_77dFHlCehhCPKsppLwazLNKuBotrEDXxZSpIHI6dKO4Pecbp_MQXP5QkFl_TzGLM2qoIXwe8zBUHYNY7aX99Dxtnubu6VngSiEuNcclQ23gxB6Qq5tYITAGMX9i1K-xg5HY6SgmwVIHOUVsPbBz7ciyJ_CF5sPeKA3e7drKze1zM7K7F--iqBAvDU5Faz7Uaj2wwp8hviXfyTwOwrsHK8PvGwDqj9yqw1G3N-MRdL7QxFJ3z6lKZbgk1z0Zz2PgYWRGkJGcACNMpk6P7O6dzXVzv7gpAUI-fD9hg73fF5v0_dWqw_IeQcO9WxRbHFOlTg7gHTb1qSv3moVViPN3pM3meLfGGyC3pyhJ0LE6rSTJmF1rvw7VKiguEOjDG1EsgV3XgwnS8w8FRhBM4XRc3waAau96M18pXvWgLlZtTuWPFAof87dtu5dyl5FERvE50oHgIQ5evbVkqYr9ToN8MItHmA1SanoMiqv0x9RC1NFmsHQ-MOKNpCxXcRkQfyPTB8th67XxD3Nwg_2pJol2jwnZSkE0t70qTBT2U2ffAuJ9LtJH70dlU-VQGoOdc_M98gJ5yzggFXy5EwaRoaYYriRXBYhSLGuZfe9EQZ8JPC8MowHBAIwffzRd24GxC8WkfNoJAbyumOcBVmLD6uMbNPY6LfU8S8BEsf3mD28JzE7MjdGX2s95vELJchnVHm7ob8c4pkV-XtCtXoW2-fqtkFcWUFGEvzhyApPx8CHIrVgZ1dLLui2-toLaKajAXZpoM6iA1mcz735ianpXBS09moCZ52R-by_ZrZeNgKBX2073IZDioQplgCoLhj6QCobz6pDXUOTuyE4TPbe,1,1,JFK
Budapest,New York,196992,2027-02-05T12:40:00.000Z,2027-02-05T19:05:00.000Z,2027-02-09T18:40:00.000Z,2027-02-10T09:30:00.000Z,4,https://www.kiwi.com/deep?affilid=mihalymisroriflights&currency=HUF&flightsId=0b7720a15176517a861328de_0%7C0b7720a15176517a861328de_1%7C0b7720a15176517a861328de_2%7C0b7720a15176517a861328de_3&from=BUD&lang=en&passengers=1&to=JFK&booking_token=HdOhZN5CqgyyMERCim859pNAOCucKwev5WnVqHdDnLM7BdigUyF_2wIPPBLvKjvZ73xQnY1BEx0qceJ0CLkVl5lCZoAmRNhHAWitCwPxKpRcuRQaEuy2_O9C7wyEW2jqvZJYjAQJ-vxJp7vTkcm-FFGq71O-Vt-kY-RM8uNtzIe2Dsup4KwjtERbCAn5fxMBQFBRUIe-Ux4citLApPOGjEKmS8IAlLSvtDwdzp4VaIJzUlDe8tacdjruRsUBfUhaUEoYkx_lPwZXNBEIrmzo--CxE5GKSMPTH50Kg4AV09nZSXAVujBwSec4ny2JepM6LgILi2QNQI9hNRoLA7Zypr3V7nEWipbH4lNtBIHo1V4-WxWIysY9uEBuBljxbol0-KOdlC8fuk6MXsPVBFGTAByYwibd5YdX1kffVQC8LRbnjddAXLNO4k6MtOJ--hjEi2LtmVL9JUPHoHQ3zDJ8glSyV_uHP9_WNxrJsMoZkBPEJozLrOnGCzR8cE-4OvumoVSu5RkJszdwB8xw7se9-mE-kWQMlIGCjZznbChlRpMx4QP0a7Wdb-p8ejQv2ytBIBXbY-UTVt3dc4UOartBWUlo57oz_RaBXPPJHovBO9HFSkBJGluuUKayM6o5DNUDzEPVaR2Fa1grSk_RtP8Kdg7u8r7ZN7ppB_YWT_hwpnOgKaqBIjhelCGHllayskyAtccPHT4lB2YDIzf1p-NbYtIcEo6sezVA8QO6tFuvdPwAMjFCVdES4S3ssvFqV49h8mOwpZs7Xh5zz0BKIb3emI9zIogVVr7wJ88osmidgod1LFzX2Cfl_PQxxA8SnI-FtHG1nc2V0SuzDvVd670SbpSCO4AX0Z_-LSvA5xoa-tmVniSTq67Fz2bATwdbI3X1mbzZRPgKBAHfbqoOnxDCmxghYDS7IXmgEeRtWgT_eb08TX5PbZV2JliKvaa2APi7ouvYgOD00OeIFkI_GxZT1g6xfxxB8evIr9AKI2UmL6elJ9uevJN6xSlQWJGki43f10NtDKWG3auCWRjQrRkGdiIPwP0rOAEH9EnVFrDGg_JHm8clr1pPDt9Uy7vca2pRWZPwGL5WHWpQ9_ixQzGbsU1VLQcOcCuz_F9Q4ImGc5WBfT738gQ7eUQYDSBZpkOImGt41mMf-ESGp0n6gAlKRPanLQA1-jsFgM2tmmK_OIEeGFjpreHHe7Tdr7jljk0fQ0a2ilplPxQ2MKQQbCz8vv9Z-CNKsulVI-idQPaqL2QhR0Yd1pD3nqzQkcgGKLhoe,1,1,JFK
Budapest,New York,206356,2026-12-07T13:55:00.000Z,2026-12-07T19:20:00.000Z,2026-12-13T21:20:00.000Z,2026-12-14T11:25:00.000Z,6,https://www.kiwi.com/deep?affilid=mihalymisroriflights&currency=HUF&flightsId=0b7720a1513a51408e0947da_0%7C0b7720a1513a51408e0947da_1%7C0b7720a1513a51408e0947da_2%7C0b7720a1513a51408e0947da_3&from=BUD&lang=en&passengers=1&to=JFK&booking_token=H9gXtNoRbH652t9fdCPt_tW2pBhailCjUx9KlVxnohDffR2mIKVye_o39zAGSzz5RNdoHrjeT3gkwsRBdkKeMbcSESbqTa_ByDkUJyRM9tAjp7Fu25txbfFBsZ_2kUtswMRu2gX9QdyP4ACU_ziyJAQY_mq5VWHlyhGPGAhT54JH-BzgEyORnG0SiURS_z2SrlGTuo7_jxnk8yCeYUOgxV9xlQls8l37J0f6SGF82VFOMA0iw4PRlALV772XeTPbms4TPZo6giwJ9ZOkNi86mm3Wwl7NbKBcbDGGTeLhKrqkoSCrBiAc9P48X1SxevzhXwXA6BclhK0L-57wDMyY8_McF-7sT1TQcE8wCFxwWJHsGZsXChRz2KS9QMM4gcEigqwJJwcCp5_o4DTiXpI_BHpCZPudTEkxMXxikoFLEvccBIjHG8ZJQ_tkP40mR_EzIWDqEblXCi7igxTfNi4WzV9lGjdj6TH7DHtHokK180vKKZIYqGah4U2YExBCi1CuHagIA2Yw2Wwnrgc3a-59i7RBtINp8R5uSBaxFIN79mA5Nw2WxGHEnjjWGe4lUikDVrsdQT4J2RMux4Qd7CDie8RQF1B5x96BDF5qqaGr4NpwQv7P2Siq18zagrCdkql5MhnH-IzxpTu5ANkdYxhlRuj_LKt9lj1__Tkwc7HLglVLgwdy_KqrWaaMBuWBHrq7xQowWFflC06g7q1q4ov5OEjb5gTere6-50ZgmAISb0VYcWAdPH0T1ypv-psp92i6Ps6LErq5l2yV0usdTuSONmaJNfsuGZLKsLj3jC2bV-74YYb9b8NT1dRZIMjUMykNoTIqWeMkPrQRL28c-ufxkf4_1OsdFdlFdOanfRTxV5ax3sZ2poXq0Qlqe0sHjpN2WIYhas-B-TXCJtrk3hH1EV1E3Er-whshXIcRyF8AtQ-KMu6vvF2F3w1d4m-FcL6KOUdFRqSDAi1u0cXzbAgi8VhxX62goEwGzQOBdJHKwLkA1w6f0L1YXr9wmJDqu_7ylGKtSVpH99nd4D593qXOwRjJlynDQhynU-rmzTEJyqTxBZPIUbQ4bhtd0h4i5ZZuT7Xa9GhigAJA6NUvbsg3Km1bxh2M08-Crarg0xpRwwj-2W1NElZjDgfl5TfbhqKjfzdk4OtPnR4BMBZsfupBE8f72QYexVfE1wyaBqPmJ2CyNsai-pBHH1s8eKDrDKWUs4G8Zche1fg8XKXYGyT1praeZR74ttdR0JSU5GB9L0EY=,1,1,JFK
Budapest,New York,207425,2026-10-21T09:45:00.000Z,2026-10-21T15:40:00.000Z,2026-10-25T23:35:00.000Z,2026-10-27T07:45:00.000Z,4,https://www.kiwi.com/deep?affilid=mihalymisroriflights&currency=HUF&flightsId=0b7720a1510b510fb4efb4ae_0%7C0b7720a1510b510fb4efb4ae_1%7C0b7720a1510b510fb4efb4ae_2%7C0b7720a1510b510fb4efb4ae_3&from=BUD&lang=en&passengers=1&to=JFK&booking_token=HGJatvRWUGsWr3i1oZoQw68Dwb6TpaochW3fWVgol2oltTpxKEkyQa0K3NyFke1sBZpqyIdGfPwewymoy41HOCUPBEVZDIsz8Ce4YF7wHJNn9tByuoPNqbO8FDzvv_CTGKTO933njRNv3wjaK-80x_rIcQyksxSij0b3-IgZEFAG1G4dyLGLMNL90GIhVImVVcB-fDPuV9VkrULJLojC5mx-BS3P1UXEuxGW9GkS0srKUC7BD_bqW7HIh4T8NuUuE4bLlgiZcmuhlrPhNaG4_PpBES-Bqm_k6tGkguQZUnQ0PCLP6QGi-RprrIGhwSseIYjw0ANEyeXdiR8CHZowVkKDa7hi1PnKC_fxOmnVIv1TASHpkWb4V4cFcUMOuvbqMByLb6I-Vxd9rGUhfj1zJgH2gU4_Iq6R9LijAtPbv7ymqrsByE4CUW4RxZdLvSviKc7ZCSLkk9WC7VD06zQUCehwYWVmfWS9McLA4Inij4Q_u_PDAZz3aeXAzXfnIx3w-NkzXAbLHzNOUoZO9UoChXWHVqPto91J72wKoNltpSv7JZf10XJvSkTgY9b41hNVUS-wavRw8I7TgNw0hqksGHxddekb-sx5m0Q2i8IlAnFrm-TvblN1GUOIG9__X0LVzNMMkUaqvysXczQ9kwvYKPFtH7AWiidKEwKcvPeooOiUyQfStWkjh0LbZNGU0tDR_z9u3tDNlyxXy0uxWrkFMATn5VLH4Lgb-6GKy4z941JSkS63HGRcS6qncVbpRXfU8X_rygEqOjME3wCR5ZYXaY1gpq3uXIM8YlKr7ziIkPidVAOe8sqTzQanG_4rak1V0dAFiZy46vXX2AdybzvJb3MSXt7QAT-D7JVzheXE3tcFVb7fSt1dnqG-Au5nU3z9C-k-ZuEJ65kSPWqEk473SAOofImxO2fXr8Sn9-ANcxzvv6Sf3YIl9aZBke3T1zqAsKvhk3erBhtojl_Fzk1gOwZ39UWRT6dCaZBtGjKGW20giT6gb4opAvfx3iUx-TQcRDcbK7oUp4gNguSEwO5d18vUMS1tkmeMW_vz583JejwkvfR36nZbf9HODuLYpduY9Ne7H7dMKL4M4q_C1hCQNykLdmeazU7LDj-IiRgwDsQEwwYisq8RuC4KDSjP6OLM9U4VYBQKjI_HmJnsv3rUDV2Qj-aXcgD2tJdbNXnz6d-JRUAcpDA3yeam2qClXMOXj,1,1,JFK
Budapest,New York,207425,2026-10-21T12:45:00.000Z,2026-10-21T20:20:00.000Z,2026-10-25T23:35:00.000Z,2026-10-27T07:45:00.000Z,4,https://www.kiwi.com/deep?affilid=mihalymisroriflights&currency=HUF&flightsId=0b7720a1510b510f40ea1882_0%7C0b7720a1510b510f40ea1882_1%7C0b7720a1510b510f40ea1882_2%7C0b7720a1510b510f40ea1882_3&from=BUD&lang=en&passengers=1&to=JFK&booking_token=HTBCdY6TzSVZ5vIgw0lhybeVb9drr4Yrr2DScHVXgBkk07DeVYLuB6dpZCaATZFPHdJHPV4VYDErucvYEHVymMy18IHrp7m9gb9MSF0cN7cOydH493yH9uv_gCRT173d0zsQbUC0Hr66tv73VD77kHkm4Cy2SvjvA8wEA9GaLd2wm2Z93vtYJAeYksElEKnGmtYnXTS35772YWQSMqqk0bwMRJhfqPm8-ai4MbQbkjGmQgrXsHGkRlEHdyu-TNSU9TQzDEplb-3EsRMOPykdDHPzsSjFmODfrMDrf02VwDvgmMpS5jYsMsuUT3UWCwsFzDA5Zs6kkQ2cThrVowub0ASFFPXN9ytOYSsuycB-FIAkCN08IkVlR7UwTPzw8CtT6iLKpVt40M2rzlCI6XDSQUlA8lVpOVZza3DPQvCi31OaBN_XyqHAzhn_DPYCnCApiIKNKcLRVNi-W7WeoX5i8wrvQNJltNCWIuWV0YzQLvZmdzxRgoxW980bsX28K2jmmI2Id7NvUM_x0tT7GZE85yDEVa9Xvj-wgdwdgchjP-B0902rNPEEJ2Pzl5VkPYRsm6ruV6-W4SlV2WD6Fc3DwOcRURWWT8b0GMOv4FZKUbKDIlprKwn3Jd6eXI9BKHATUAN_wu6Js4xnhGcfYFe4dyOPvsIFMLEI0-PB8PEk1GYRhLayNYJ6InJErVHiutc7K7yAei8KvzXl4v7gEQy18U2rpdgm5a0eyhNqOK-q_9YYKHvBzYw_V7NQYJsgQzTO3wlW0GPfxWtUcpIBIPf_KAiqaSc_wR9zDHpMVKW9bYY7lZCfmLNX8dwUQ6NFYrT2POM_W2KsI0nW5vgcsZpPcBEJOs-QPqeV2PzHwpDSPYQOh2ZQJng6piC6Hl9pYJT0hA3jCChAbey6jc9qg1LcB_P6bS4wxb-FkYPAJYrLfrYK-bgzTQySlX4u6Jm2pFDLmotjb4TUv-dM-tg58bOEa903QgMTr3hLGMukXSMuLgS7Ztmb_e9abyLwmwTAkEtDRkDW7jkjCwcE-8ZxQnQM1brDcxUNWux02sDo_AwRFyiNhM9SrQvJ_90xLFeTQCESjR67Q7gujDHc_4-mY6Y3b0UCug_pI3s6l8UkCyjTiA5oqdAjg6HAX2NeCi4ypwBjP5gNgmaoRwIEyzk9ubstaKn9X0ZRd7sIPGfDoXQDaSf5ohQfP6A-SSTrsB-4w2eQH,1,1,JFK
Budapest,New York,207425,2026-10-21T20:25:00.000Z,2026-10-22T20:20:00.000Z,2026-10-25T23:35:00.000Z,2026-10-26T16:00:00.000Z,3,https://www.kiwi.com/deep?affilid=mihalymisroriflights&currency=HUF&flightsId=0b7720a1510b510f9611d061_0%7C0b7720a1510b510f9611d061_1%7C0b7720a1510b510f9611d061_2%7C0b7720a1510b510f9611d061_3&from=BUD&lang=en&passengers=1&to=JFK&booking_token=HHJDe5Nvcm6gRa-SMngdb9wYOrsU-RGhD44XOwiTW0FzY7jQjBgOJ8YtNSSiTk4m-dCC9NEwZPMSC3Ji5qFW1dN2iS2FvpmVD1Bnhynat9SHKNEsB5RQQUvRX0-SZu8FVNPBlLftbO62e6zbabmfVkDJ3gS0UsHjafkyD8hHvieafFFlxFxCl90Exrv7Q97GOuwwFXtoWxeHSzbYV9XkiQxAYsUCLJRoMk5rrjJJmwJavy6u3LDl736MFtX5NK9o_6nFlbSSbCsLfC7uw9wD1772zEBMcyWH13t54Bt3_DnMDY-Z3oDm5lD5YlxqJwBuw_5l2zZkISMPn-_-iAWNMCUckJJjH6_WMonq46UZLaU1v63RQTXrz4BRtfL-XSmTOLdMVwv2avy6dii2bJ4yh718x_8rUHw4eC1IUgwy_Mbo4dBTP3zDzp1JnS0KkHQf42ucn6QIp9ChKSTqDEmFsiqrzEGSz0b3BooOdp0v-UWCfN7XSKFoFB5N-kk46RGp_bbko5hCBnuJJQB7WqAA1zX_9rIi0hvTYyLz7U5Ppjzy5AhK23kJo8YSlHW17pWXuKFPyeEWy6uURYprf7abwXKTEFrpHRP4NWvGC-139w4kKClASyGGJ_GqMduYlQYSKtKU2LgNOHSt0m5T3Y7EwzmZGU98nsYzmQO7IctlYXw2UsPRg1UcHoPDD9fIL7_2fyIvWcAI4Kf4EeygzS2stMveBDdrSqDupcYp6e3X6YBeyxlVI7YB6iYPQoIJehzRvWosWj2CDIwH8i9B2w-lZoekiDuEq6aZh3V5qViJ11kh2ZgErFSZGUGEUpYXF1fPXG7f5yYNuXzYEMHc0nCzbp45D3PxCgUL-vlHJmtqf3jaiE2E3jQh1_5BZ8pJXOx_QNoVXbB1z9Ml5_bNICas4r_1c8aqIncgLAm6u65Nu5EUqD63BiMFuJmvXrcv1cGFMnaodWzGqk1C2lhi_d5VcANDy1DrTYheti6c4JebmHAvQEexPx_SX1LkYOB63mruGxv4GG8ZQC8KZbW8fq_VIHimbLw81d9LY-GTXDvzqNmGBs3AiTa-lcWb2o30M0qgepCayF5whfpTmN-RYU-Oca-hH7dwF4EptC5euBHTksa6HTnVUKxFA7vgWepb0U_8ZFV7UWDhsMh-ZsUEwO-RKy48AMWaJux8yHAJSwLvcuurzgE6zlU2DFGmALvMsRfq3,1,1,JFK
Budapest,New York,211969,2026-10-13T09:45:00.000Z,2026-10-13T20:20:00.000Z,2026-10-19T22:20:00.000Z,2026-10-20T15:35:00.000Z,6,https://www.kiwi.com/deep?affilid=mihalymisroriflights&currency=HUF&flightsId=0b7720a15103510955b17945_0%7C0b7720a15103510955b17945_1%7C0b7720a15103510955b17945_2%7C0b7720a15103510955b17945_3&from=BUD&lang=en&passengers=1&to=JFK&booking_token=H5k7jd1v51GlyXANS1JHcrJe-FgZUKcSwig1a3AsOlwEfvd5DTtRvfs0DHNYlU2VSat6Dn3m22FZSAAaUlalUQxPnjQzCgu053Pl2yIMpAvt_eDL6NfiITVJ9SttZiJXpkhI_b0IkRDPNgIrrG83wKLYO0QaYOUCdnCr8Routr4IXgOXt1RusW30YZkqJH9oIWaZFafU5vf8lOMLGA50z64WdbMk0JCD5MAOpJQT1QRZRzU9hM3vzH8RQknN_Ol18t7_f6AL0L-masFzKguJlWt3ZTIRb0DrY64_hn8d6rSJQd2nVCxiZjMOaAkv_4HgHRSw7-FL4DHtUmeCp7MJFDNyuaEHI9UP3ML3AxoU3moz_ips5mafw3X7LKpgGdB3x7cyI48QnleiFYoppV3JDowFY5FhlXAbfq39HUrJojKchwE5ILoILA9lzqeMcu6d-wiZc1UMjYkiA_0nu9siTyTSpG9eI5akI1VXddXXwxVN-0pHO3VAyKaV5JdLU7URuQdYd4SPYs6RtdxOSVa59xlVMLV6xr_r72P7Fy-Dr_cZHnzran1w1ukAU9kZECOq5WjmJdqjrxylJyBfuzJTZOp9dCGKKf3_50UGM6FeQZEuD4IZF4w_QcsiqSRH5nJR2euMsVViTXsXaD7Xc465_hoM1TSrC3ocQ6MvN_vpb3rpccvxzvHTtIGlSOPPXmK9VRYN4rR0UJqwRL7iVimCl7jLnuxCWL4liLOLw4DXmQOYk_lNJkaJreNn5bEUArdG6qAKEbqEBtA7kAIzSgLg511UKduI38a6rbz0fKde9g_-2VIQeOKNn3GnkCAMbylUqlOm3fcO_8naJTQTo8K0ppYhmX_QPZF-Gh8yUqsnB2P0FpjfKegDQ3jwUxS5WyvUkEjxFnSQTthp08zekWcxRBzzXdUNXrlWcFtQMhlr_Cc1PfXRD-hcB0WgzEp91bgPKDQ-AIpPc4KNptT_xXYPo-4u_PD6-F_GJRWM-nh805hpgE1QdR88Wl6G9Z0l_30Syg_t7A1_4pQyO6cLANPJmYlywYMN35vVThFAZVpQCdYy5gtQuP_IrMt2tsn_Kgd9xCoATRLHpMapMU9DWIOW6RnjN2F0kf9uadwxTTi9JVnUTpWRLPMr8_OrtG_bBQ2IGwBEpWF9nBGovR5Fv6aEx4ErBsGt6TNEbuGD-K5XBz7uqhfloUhdNpZvAYZ8TBD3FaUJJMXOuzOGPCWFt2O1RSRaaVfb2fu7_CjuLCzgDSzWCY-9Qe9gwhQCA2LxsDpjL,1,1,JFK
Budapest,New York,213363,2027-03-25T12:55:00.000Z,2027-03-25T21:35:00.000Z,2027-04-01T22:20:00.000Z,2027-04-02T15:35:00.000Z,7,https://www.kiwi.com/deep?affilid=mihalymisroriflights&currency=HUF&flightsId=0b7720a151a651ad181a7440_0%7C0b7720a151a651ad181a7440_1%7C0b7720a151a651ad181a7440_2%7C0b7720a151a651ad181a7440_3&from=BUD&lang=en&passengers=1&to=JFK&booking_token=Hs8fIBfRHMtnF4l5UdEaf92AHcGpk2oEqMZi0rMGTHgX5VYYmENnGm8kL3-Kdoz0hg-HM1dxkC89RkdAz06uvMi1eQtNRrK0RWSMGFimMFe8A4oCXyFD06Xj47x2iCt_SWtSYNjNlH0F2zupbxD94b4FX_rvulcxc0awwpqXMB8aBd7vRJmTV-yqiUS09v9RKESIPi26YcpiXZV3PnkpbIni9DLa4arZ0EAVR4R1yjqdeQrYgl2cwjdnpuO39roXoWPs0BjCg4mQ6ghJjSZAOV-G7H0mYUnxg6rDfugq1ceZIrpj-H4XGv3YKG3AyBpetQIzSLnKmO-jMmsPlDl1B0HzYx5awekR8Xt3CaORMpSTp-UL8YqdfzQ9uHYpDVjbSOIXRiirwEAriWaQzt7Ddrjr9UgrRuOyU53pW0ur9PYjTYubqMbTvEUlVpg6lXYwONQrCMoaVDxxHkEyCv56uVbN__FwIV2BPykGgZf8NVtLMD_Z7hJQAJiJRS55WCBiXGIJhCIsrBnpUk-KmifDaBTDnPzK-kF0AVJzbudyHvn1jHrbdgecStpeFdJRFpzTgATJLZdu8kXRxyShP4ZlERlzNRXa4vmLbmCEAiPPXi9VyJANaSIFhlH4rPqbAQQVXj95cLGvPj8yWocc1EZ8UwD0iEYtB9S-8tR5CBQUwVass9DlHOGIhQlJExFQIa2_fM5JF2kDYGkHd_3VWKoTeS9QW65hj34VsqAgwPBTcdy6gv1ESGWkQgYxQPjkAVJl_hR7dyJH6rrvtpTTnuSur2kVk_HuZO26o0TrqjwegxTbxJ0lOTtG_nXybmS5Fv0icySIRBWO6Q5DnsJjvJdKtQd4Iif8gZIkN4z7JwN5HveCl93nVgQw_YeXUbd5IkkvABm2viI0wT_UPpriC-swoDSuI3e13vi4VxWFlvYx47Bs3gWFn6VXTOpBC5cGqF8q970wQAWTLD1sK8gymut5qNpYyeJ3fFO4I7HqWntqOIMhYECtRQP-sCEXwHYnxdLqIlD24jlXWPkyMzj3pT717KD4RhjfaM68y0sjq1kUBivwuMvYTzWl0HK35pXOGYoWU5uVsjgZZd_UfqU9ch_JHQub-KzgX3wV7tJ2_KGC7tNT5lgMcXETDi4Be7k-I72uUAdJ2otJzk65yhexTKfr77KM37EgyADkmn_xSTAVfkU19MP0USp7Cc3loQzGLABJucUta217US6U64sG0gF0Tuy-3MT9VZB5bZerLNjHdDA0=,1,1,JFK
Budapest,New York,213709,2026-10-21T14:15:00.000Z,2026-10-21T20:05:00.000Z,2026-10-27T17:25:00.000Z,2026-10-28T07:10:00.000Z,6,https://www.kiwi.com/deep?affilid=mihalymisroriflights&currency=HUF&flightsId=0b7720a1510b511188703fda_0%7C0b7720a1510b511188703fda_1%7C0b7720a1510b511188703fda_2%7C0b7720a1510b511188703fda_3&from=BUD&lang=en&passengers=1&to=JFK&booking_token=HtjyQcqeJVBkBUqajCy_ThvhKOYWA8y9BLH8232yUY3PM6qc3Brvc7dWRc8B0dVakdWaJi1lZDlxYOJL8dbUfD7id_Wpclk_zO1MBMxrv7xaumBRpbzwsM5NcDwW8Tw1FaeBjwllpvR93d8KlSGrykiJ9uTlknep_xTJ-WPZG6LeKCmp9rMCLYDe2-xlSYPtBUdxF9enzn3vQJgb7XVewXFKvLqWwEboGNlusTOspeKv3mEQgSK4XAcgBi5FqnzhZLu3zW0IoFQUvqUJTmvFq2XTVI_NSXA0uAfrizwTqQj3_QHyeoaPQpheW3_YoVkyAI2cNRXD9EkK7fsgDNWoY6aiCtedpuMWUekq7v9WKE35rkXduG7HkeIFznNaTdAU8sJEExf-PmoSsS3UA3hOw74FOHKw4dWmHHYcl3a8-Bz95p6CJCHGQQvFBqzLVSzmac8idpMlCl0FxbWKcx7FTdoLBbWWp52SJeMndfi8FWWUkzFTZuVXppmxBkTMU0Uj9qw4crBK2Xk9n84trPfb4SZdliLyo9qsRHyTls3sJ0BuDtfBxrqeTTT90QgZJqntrDXF9i4YSrH5NufxdkWN2-mg1fKff5_XjfjNXdZ8inbqs16NI3FyLozYbW3rBvaCKSlBCvzEDCvsb_2q_HaYLs_HCOzROVJgHgb8ZQ0ZkcMSRbZY9lI_VppHrKpjBILW9qORopnzHRlB7OEAQzoAotEYxudDLVgMuZQi1ULaKM6Wv7hA_FTAFixBR6HuS8QW6z_pRomNKDirE3VgUkc9Uj_qiX621OIa8AZXxZScQ4Xn9b7qgSfSB9kBcpRt_JfQumB22nMobDGsWQlJP8KC9nbvKTqsTmxVt6LWsxy7p8o8BBaZWB-lsv9vy46NXYpXhJBT093vBxrTeIPs44FsvyMTnEQcwL9WyGm74rwcIsqgvGveyaz6t2cLap4lpBVfk5y4XpXIub9cyh4NT35kbSbOwyNKNrU6ULQMOOMtdFSzDylmRIlo2pfG1WXH-w96PsnWIINP2PY1fKnz1D6E3bYdSm0m9iMra79bkqW_qAud1d0M6b4eDHDDgxngjuOtY709jvi_a2Pp3gImtLHHg3OqKgRWHeM3Eks5DopwViasheBUNih_wcHujEafbbevU68NB62JiCCXt_LPwo0QNVQ3m3URLm_3cM_1A9E6q4rXdYximKSkgWHwfuXFvv-AjIrG23CtIX5Hz0AOduxT8cq50lToB6GXuVcLD7V-75DEZ90skw61N3yyrIGu0cL5qAUzREqEdHo4M2G86L8mUAQ==,1,1,JFK
Budapest,New York,213709,2026-10-21T14:15:00.000Z,2026-10-21T20:05:00.000Z,2026-10-27T22:00:00.000Z,2026-10-28T12:25:00.000Z,6,https://www.kiwi.com/deep?affilid=mihalymisroriflights&currency=HUF&flightsId=0b7720a1510b511192d22a61_0%7C0b7720a1510b511192d22a61_1%7C0b7720a1510b511192d22a61_2%7C0b7720a1510b511192d22a61_3&from=BUD&lang=en&passengers=1&to=JFK&booking_token=H5gpdW4UcNw6miRLBGK52phKb22RB9armSHaHZK15jcvYSPllSbeiJxBPG4jPuUxCdJQ5QzguE4oGBK3r6OYd-d4OwUWxFWtXN2Y6eXuBHhEvAmHKAuetaxncRNObyHURqDgEahzx3g6vzy6dgOz5e1dbvuMCArEAg0IVF1yfJA1BiC25SazfldDDOAjqlT_KXIKnKc8Jbd7sGyOeIAlTK-5JJbbEtDe1Ew_149-Vm-dv5Qm55whZ-djuCGOtkSNt_-RZj7w-pyxfWqU_l_Y_8EAgO4yoqCkc_dsmwD-uE3UKSj8sNhKA7N1dRUZen8AjNtt-CsR5nfygzISE0J76JZKdDJc03Fc_39Fi0iHzXlwWlRl4VM8IvMwBolu79K5ivVPzLqUQGSx09qUSUZuQo8JhuwYVVm_7fB6FfyYIY0QNbEeigAbG7V0ZAQwyKjvsDsHgqODun599ehNdhzLbWFpMUVNTauwfCC4qTcHuYfAhmMkJagSCyaE5-dSpWJQRXq_mP8c7pkKMiv-Pu3nubVTI3oPQLdwaadWi-JYKOzvRy9S7J3iT6rYs3-dpM88Kq4esErtt8xqdtJqEvHXWD2MsONeXHTJv_Yl8y8-Pbdvlv5dj1GKJ7XsswA23do7ergbK4JVq8U5oAojJnX-9i_0xGsVCbKn5oEC5Cl2VMaQIF1T6JrV8ML081WNa139jyYP1mIQiEpw5eAB1K3ANh8yaehgWopEFAQkgL4HiC43X1HGNEbbqv4u9Mgd9OJLrJcS4hiphNv-gKynXQhTVPQLm01mxE0ohPVCxpyrDlz_JDZUwKgJ1mPVQJ15EL4B9ab83V2t3hBiT8B3RDmQpZyoBQLbl6ELPORoqV_4_RpC22g6LRoCaYGgCvZkQnGAALFCEfVAc_rYRLom1uqAnCaiYF9In7kswVp12dWLnWX8ztPBEJzisDrXwr0Ww1RuIl8DVJRuyX5m3W_HNcGpbdycsDvElJqkjQ7CckmGm5hb-YkIE412b5Svu47tw1ihlhdP56gRQgJUUCRhqNOSBE3suvBYRzWdG_YnXwtFx0ChwRfHErggC44jQ8uZcJNHbquw-eOOfoCuahhjQOI5TjKAfGsSJDVers8Txs4pDgwCMD9H9_8gMaK0z_3hAsQH2PnFsy4MqRXf6JAfPZPqD_t_YvBr2Go10dGZTzYMv0At2cYPO0nSPA7rkApLej2gSS1Vw4Sk6FBDRL7YO91Pkiy7VmnL7GWOdpFI3x4H80hmJt2dS17buvxY_o6pjaB-S3ZhW-qBwpVltdbafnP2VGg==,1,1,JFK
Budapest,New York,216713,2027-03-25T12:55:00.000Z,2027-03-25T21:35:00.000Z,2027-03-31T17:40:00.000Z,2027-04-01T10:40:00.000Z,6,https://www.kiwi.com/deep?affilid=mihalymisroriflights&currency=HUF&flightsId=0b7720a151a651ac97bb2f5b_0%7C0b7720a151a651ac97bb2f5b_1%7C0b7720a151a651ac97bb2f5b_2%7C0b7720a151a651ac97bb2f5b_3&from=BUD&lang=en&passengers=1&to=JFK&booking_token=HdgRUdQcsxwLgkifSEzZqKx3iTOIY5pYE67e8YHconfYohP-1tWv65ZMSmDGJJcy5tRrue6gEkBGZv8BzZwhah1QPDzin90vc5BKlzmeHeM3bLPATq7mge-2EdORtLj3XiHOaRGOseyeAJ79JnM7SV34W5UWa55NhAutugyB_Kj7kDJrqPtBt3o2kIJn7v6Atz_J93R9hvUgrDbofYGd9pJChdaG2HI74YX1W8tNBQOHOPF6gTZqTlNWJ00si4bUr5UNAt3e8EW9kWFrzBrHy67bXXu3VpHQ3UxJDSnqmEjI55GSHJORopdvf0zK0FPCwZYOKqYwtKKiEGPLQSMfTXGQYQPeMtL87t1BszkogqXWQjT5gcrkYXtfLhDGCoxrxT67A_9ecurH2qYjLq3F_91I1c2EWQ1k4e4P8IkbGMsEsCXAzoWx9QemKmphCJe8tudkDBmNbVCvGanq43z75BeYz2UZpEs8zxZbBUGA_QUPMiBzI-aTMnoYc_LJcN51iCAkWZJnfF7acR1xGW6bCR4xReRwUb6fT3R7AIhw65t8EeL_ay8mNrmbXJ8fEo0480hhL38aZzGBsOzJat3KHn2McNxIPczivDTQdctz9MJaPJrr5vK8Lyh5w3XqAD0U0RwReu7WiUkxTkHKAHuY-6ul58skR2G9yona8dfC-eKPFeApfozx_6w7fEfqlsdOe_LfvZTtpPc-iZ3eZP25znoB55S35w79fyiu4bnf9hzxXqkm_Sjft63iwzfTn_zXS5E8ISMLdBrYoKrYeaWYsVye4fgGq87uyo_NdiV137V3oA5PIttk69WBAm52a-IFv8xvu3FsnNJppu5cnaLZBvK5ioZiliUx8NDa5dJrNKEd52_2u9TSb2pseUu1oa-Vdfdn7ikid0AcHEWBPPHaiCXRUiM6uGkyaQcc88YPO3mgB4XN-8OqaQiqGOo1FDOBHLsM20Q1sjOPIwjxsFoivGeF0OFq5qchuKWRuXFuCliZUgdyqIDuZywdXIPx9zsZWnBaNEtVb0U7ngIL--KpXJYA1Z3yJI2_FhLgzh6iYmpelh0dnNZiuFoe-UYLiRqi9PDGXKo-I3OHN9YvLrI1FtrvDK6iPI_z3aNZVkNwbLCi7qVI1fUZx0-iIwayKdWNO-EdFDOTMH6qUSi_AYCj27LWtDSbvmKkZM3H4rqJOPyJzlydwMriNACPgxgDLML67FYYOhdJly7GQxoomL2R7EN2taKRihDi8OENBjWM81Oc=,1,1,JFK
Budapest,New York,217000,2026-10-21T15:10:00.000Z,2026-10-21T20:05:00.000Z,2026-10-27T17:25:00.000Z,2026-10-28T07:10:00.000Z,6,https://www.kiwi.com/deep?affilid=mihalymisroriflights&currency=HUF&flightsId=0b7720a1510b511152119803_0%7C0b7720a1510b511152119803_1%7C0b7720a1510b511152119803_2%7C0b7720a1510b511152119803_3&from=BUD&lang=en&passengers=1&to=JFK&booking_token=H3G0cR4UphChRumAbbcg-52PCCzkU5iAASu3jHsrzQE9vgrBhhT53WRcqUdPiOeOjkc_eRObNF2BL0VmFCf6xA9ATYHSONvJYjP1ujEpBR2Zc0Nqjfbx4z17NrLAZ2O0PslgRZLQrT_-_x392MQq_ZD0sZkbD7oDLF9lRQ4f76PmRBSeIoBK5h4Gj609GtqHUm9gK_rb_xDSfv85W97O3aTSPK9iCoRZZRQgtpRjugytZ7T8r-HxlcMxtG4s6VOhzparqPJP4oLsYO2p6DwDqNxQuFktJLnHVG5jfAixKL6Ygl4JWlQEEZC_aERYQUYQNdADm1nnbZF7cd6YmtKPhBT01YxTJwC72GsjaeYwdukJGbqYvQOX8u0BcGBLGCOCjB9zLce9BSMnOxxKbfFr7CW41auxzrXazTKtjWwI42-t0Srs1kJH2l0G47g0fKp2wChP3CHuP4ypI-43nA3L5_4M9kGGTqI_7aQ4hBTTYMnN6Kc9NaHyzTyGabZN0mR6LTIwa1RSi21d4LJNIjhY5udzClOVAy1awb1cqpB4u5lebN-jFSseeRv5ni9IqUfn5Jxb32EsKNM2KQUy1MXp5b9xHnAWQPuuNuoucbTj1kJiAR6hTzDu5S5AFIyjmIRjkxZkYk0oWBKRLPReknk9eQEYJXSiPBdOOL5ylvaTQEym9T49uqoZt3OndgueR236W8Og0m2ufRe8_qyVr0Ae7GLxY86x3OJVCRdiNFPAX5sabc3HHhN3jCnY7eI0TpwTngW1GAC1OcvAcRx96o2fq_By7L0Scvx-xiBWcOV1fwObvPhvnkeYBrs4iVpo-vP0dGpwhLFWquJpyVshZX98q8HSOLGhZmfGt7c-otS01GjiFLdgCxVuFmG1uk7W8Yw_VEbH16HQobQIzaUEc7ycXeFd9BZ312BAK3Q2kGOhNTBBdKLdqQ1UKl5p9bakd4yxgwOhqMxiPUIiM347FbxHv2rWZ-NU8DGEPImkNBA8I6He1akuVxO3_mgZHWngHKvIircusbvEDafU1MRPH2rDu1kTAcNFEKz2RflvgG6RxEZoMY4S-pGah0vbJj8DHI2Ws3hAyT9uarYd2MxUrzJC9YPhavQnvi3mqgBqdE4i4EN_QfkCDHa9K6ncy_KxPdcScB7qaAWHB5ywi-GtLhDT61J_xvfw-YYtvfsWixpQm9q5mwnjzTjDqGQHHwzBsLOtRnN-itN0SQ_AvHzk8xYWezvUIDiwQlq14uiDKrfUxHfigauKmStaTAlh2EQdLTS2H,1,1,JFK
Budapest,New York,217000,2026-10-21T15:10:00.000Z,2026-10-21T20:05:00.000Z,2026-10-27T22:00:00.000Z,2026-10-28T12:25:00.000Z,6,https://www.kiwi.com/deep?affilid=mihalymisroriflights&currency=HUF&flightsId=0b7720a1510b511148b38db8_0%7C0b7720a1510b511148b38db8_1%7C0b7720a1510b511148b38db8_2%7C0b7720a1510b511148b38db8_3&from=BUD&lang=en&passengers=1&to=JFK&booking_token=HhjGv7m8WhnPICPfRb-5RWmMzWLRmt903dmztVNGGzqvxVdNmDOC2C-8G1Lr0dwe5Jn1-1qxKZGN9su1MD0oAhLpjRExWwWNQ7-E6ZKk0LXKCO8ce0ToOZHxqaQggv8A8JqcjHWmA5oxBF_G6Uh2sCtGGu9ZaCLBRcl7YWpFxfMot9RrFQes2NAhQPljM7dCYLHGJprH0eJtobwaRSYmZZ6XnPHnvjKX3nqY3fZ35jN8Y-WE5tZO5OQpOItL7mZPO5grzlo_DbSSilQmLXTlG4uogpqMDCePe2TcbnSnxu0dK5pyQYuUWT0AE0Q0U56xnLONcyD-CUlEsyCSsEx31ERVMml4QCb2-m8HNc42IJMXik2k-zto_9bQByPD20NpXOnHIh7R_Oqmeqkv2PkdeCNkJJOWSUNk_efPVPSlBf1CFhz0BYatD8Bc5fy8auauNJm-buf6RrZVhor2WxUt2ZMjkJTCulzL_-oClQq7_ZL-hveSq_9HAn-wfFPs-13MMmJhIEXBpjKcNvDRxzBN3YD2u8s4iNaLYwOH1f2DsDnN-a9Y2MAkIQ90MiefvhZ0eK2FI1PfZL3yJc8bLiWJ63ppS3bkmyI9q4BaUj4YJi6UZ4jRMVSDIrPDw52kMrS4POgSoH0VNV59n6Ih_9d712y9Kh8lmknALdDjxOb_39SOuyhy9aw8LpWEo5XyuOdybhSFlzBfkN6irOmWK348fJCK69R2aYbzHGT4S1ozYoLeLYo6jnNC4bs4V6SEhTUZ4jOirGvP6QGY8z-v1xZOMf-1LChqXp7EXeUoIme-rX46y8hOEb3hbiQ63oq2VgIlQ4vRGt36QhN2Wk6ozjGiZ6M4Cmu10GbKZppdaeLP8DkaOgf5kNXQXmChfUaBIZ3wx4rQ1MHRE6dLAzYeeyAGsBelpXHvWmoumltdLOxmcsUG1Aq9Eyp5-wGrvtmLePzEhKZEvlXS4NIMLjdsVKYGYQkf47nXEgw0J7S0epc7uQPV8sYVtpYEIbLbT8GMNwBaImGgygZf2uSZ9PPkzICOZ4gPWtUgMXVOAv64oflzgCj3313Xctj3bsYdWEsJS-GQzQ2JorTXApZQN8DjvZ4j558pQOiTkoo7fzzLwvnykQQvIPDauIhO-iyTA1I-xq3G2XSMESlsa8acpKsDvCeRKdjel-CMYqox1MED6Q_-Czh8ovGvexESdI6IS4yin0to1U5ULqMtakbHvvVdO6TRMx4cItc76IkzVHQHcEwpRE2bFxArk3fSX1i_p-HrLleV6,1,1,JFK
Budapest,New York,217797,2026-12-07T12:40:00.000Z,2026-12-07T19:05:00.000Z,2026-12-13T21:20:00.000Z,2026-12-14T11:25:00.000Z,6,https://www.kiwi.com/deep?affilid=mihalymisroriflights&currency=HUF&flightsId=0b7720a1513a5140777ff9a9_0%7C0b7720a1513a5140777ff9a9_1%7C0b7720a1513a5140777ff9a9_2%7C0b7720a1513a5140777ff9a9_3&from=BUD&lang=en&passengers=1&to=JFK&booking_token=H6Bnd1HNDML4YNG8fYh3MuyMRVs4bryR8ty9U9uV74U4uA5ImdLV1n6JUdp7aXN8-X2T3y4_CKN0OS2-1Zwsn7owPzilSAQfaNxx3A8eP9hqLL-o2xuqas1FW4aZc2iExtYxUpIkkqC__KPcy_u8uoRB1T2X5uJmVWHm9TNTOu2wd8ODDCJYI7XPjR4eWKr2t29h0L0TlUj3YZXqpIf-9nJfQdXMAnM_NUpcMAnq2Diuo2pFkuUjVvesyF7oPrTofno2awhpooxFvgoS7xCJngf2cqiTwmwQkPrTO1jIxiDEFp7EtQDF_51pBmDoTcbIZsldRJ_IFKRUEl_y_DxfAlr8ijORn0EKHGWT8dOPZcr_rmcy3eBm3gYQ968C-aBGfkXDKFk1nKuv6U3o3Z2BIAebrR-QbSMRF41vREuRJMtMblI0e_U3VBD2RysLrgaGF5fiyLZEIAodhN_uoh1IOm8zTRpHBQ4XQkFzsNvGEGKWwdRVeMfyPmZP6ESvNSnM2v9nbIwiorvM54c71fZxcLPB_BNFkE-PcgOSav5RI-WS230-l2KHqw4FTgOzfiabmTT7gGmYvTLqgsTmly50OB8oFQP3e9k0fsK-vk99dNmYtPTencEN798ge4RhhrYBZWvl8C3iF67vArsfHJkclO7eAc8Ca_gOAmvihmQ66FOVzrFmn9SP6NFx5x-9LC1GalJ1bVmSmXZ1tO-0jlKMd8hZ6SsiWbC0_ZsCFGYDFQPGR340NQ_yek-QyKO_TRAgOVfsQ5GlMuK6cmI-I4wClDD1jaRonMk-M00OBbIjDYyjz-PCMnb3TV_XnwFbn7mtWBikYUUnWr0aGyc9_z8yDcJzeY-EVoWomJ5sFgeFw0IppQVI_wzHBjkkpz9n5QjJYWJF6mJyUCP9VBOYPTfpn4JaFUIx0uApycqaFJvO8cE4Kccf11jgvxKtL5O8KJ9JRjcNVUV8g0Pcxq2SiJBJSw8szMhq-Bcdw46q6Gwd1XinbXO-aYpW2oahi5g8Ml3p53aP54M3Psu3OaBQrpJJIqlIGU4hFwzLqwwTst5_posSPt0vSKD4og5G7RkyO4fDMrJgkzV0ghFLsmaaCFshxnszsrOVf5l92E4uwtimmemH1pCTzUHugrvjiwtkjNZl1RHdmRzEEduSBzYLVzgH4IQKrUcIbvSmKXWVDsqLxkXnaqdJhGXxXxIYBS1i4q7JNDf7xi7xNuLjksRB7PFVRu_K8sBpQQQMqyuIX_2hIrMJiVXezpC9b5QxLGZG0kHnsNMTuJEtcqWGsKtLNQPXayw==,1,1,JFK
Budapest,New York,217797,2026-12-07T06:00:00.000Z,2026-12-07T12:55:00.000Z,2026-12-13T21:20:00.000Z,2026-12-14T11:25:00.000Z,6,https://www.kiwi.com/deep?affilid=mihalymisroriflights&currency=HUF&flightsId=0b7720a1513a5140d95bca16_0%7C0b7720a1513a5140d95bca16_1%7C0b7720a1513a5140d95bca16_2%7C0b7720a1513a5140d95bca16_3&from=BUD&lang=en&passengers=1&to=JFK&booking_token=HDgP1MW1ss31XfRvsPbLzwQkClNWKv3Fren0Z9Gs6C-TfG8sfI7hOQ-BOREjPZYGsAKmOsoRd_sDmZ5BWvUyeGUEJ7nPVSjGzm9FCrVYnOt9Zzdecv2ERGMtipinCZ9jtUKoH_4Jxycn_LSbLpXGQ4DrKeF3FtDTmaWvWt7vt55z3djgaLUwVsiAa1NDQOEH0A0YohKqFLOI4qq0VMfdqg_1V6A4PP_75T5TLjH47n26yfy2r6_c5AsVPOD_9YRk8Jbx0vHsrsDdPkz08L7y3Sv-Rk13zyyhGF_9RObuEHTw8lMKBPoA96-esbgZCMVx3oXXfToZbmckSIHGFAVFK__3dBPeX0UjN3yTCrbss5RZlzbvSrgMnvHDulLKR3YI8kAMkrFOrViUkXAGEdxIr__U9eYG2ro4_hw8WkPIVI1E8Q2VZyiK7fZWUzgsgw6REU7-SUG3isEczb_S7T2bq98BN_6Hhnq6N0btCucenTZwd02FEQ0UjH0iFHZTzJMd13WVTs48H49mv0wXF13ztcHubeLcG2U-8Wh3S8OjFvDgM5qR3EBXZ08rmgKsO479h_qaRiPnzpO8RH1CGXvohIrbKbPFtIHEybCxfT0RxsUFgOfnW7vmJ4yScLdd_7VvCMHy9gQmNa4OoLsrI24pXta95TbiLCpHSggur7ueYtnSLhBCht1PPy5bNP7vGMGQaneBf62iR3jhuvxH0EaVq_D48b4_j-QKZo2Mq_IuDkolx5qsQGQOgg48G83Szjby55Xdw85L_qohRZtdrJfhZPFrN7CWenMXd6zntBzvyF6icgdfmb9XuppkdQev-H8l1XiLsn66DIXT6JdWlTo2JqzfGH5m4zMRG-Lx4DAO1dLjfa_IttqfhdHJTmgE6cSjB6cvW32VSqYPL8lkB8Z0Y6n3ktrRtndaTPAAWEuWApR64Vh2nY0eGOvvEylZwsC6X8TBubZszXc_ZolPyQEJ0AlB4AG_Px2l1EzP4SaEhcd1Pj3hYD2yCWPNHOphAGXitbFwjiU47mIALk-k8Y2wvB8q7WpuU19mrlOo9gG0xO0jq6uGPp6jAzTPbS9BQyFYZIYJIMaNYc7sV7P9HtHdHASGWm0JKOXrL8REqqxuCuk1GqK_0UsVRJbHWpsbuYt3gNCCcBS0lQ8iCz63JPQwaWmf9FO3-SsV9HMUNWIqBJP5-3Jk0UXWSVP6vVtzEy5Sl-rR213MfeNaWi81pcSmTcCszfP1ryAS-HgZhm37B1zaFQ9-_jLQFLB-XZI1iz9q_,1,1,JFK
Budapest,New York,218554,2026-10-21T06:35:00.000Z,2026-10-21T13:00:00.000Z,2026-10-27T17:25:00.000Z,2026-10-28T07:10:00.000Z,6,https://www.kiwi.com/deep?affilid=mihalymisroriflights&currency=HUF&flightsId=0b7720a1510b5111d39427fa_0%7C0b7720a1510b5111d39427fa_1%7C0b7720a1510b5111d39427fa_2%7C0b7720a1510b5111d39427fa_3&from=BUD&lang=en&passengers=1&to=JFK&booking_token=Hlj_XZclg8l_tJWgusCaZhlP3FUtR8w3h9-RhdGm7JzkKf_jgHTF7QLHLn4Nmfax6k89uyOY9AzmdaxKLBhVSxt9F69apglzeQzV1PqxURWyKaVyjpUOkSMaJwYE9eLjjwSoH3l538XFALFfLBLiJKqHkl7kBatN8JBJAPBylEHSwEx_RhN43-UBCBkAZjm3JHMf61lFco4bRhUtZTlUXCStEasP_yTrEu5EMNMDYUy-sKSKcIi4g4j8__fksFItLbSw8WibOHTbQiS-o5J8aI6oZPW1KJ3pBMirxzM2Fb5uf89zgWRbgW0vHcspGsIn_MdnDQTWhuUr7S6RvGc3I7_vn59PRuy3fH4aVv94WJ-OlsGsfGkIlzOT1_qDtxY1HrnukCjH3IdaaKBKKLegR8YDy5PG2jEgB68W5M7w0LyKi0xpakl-_alTTayHKQx4jzVnu86om5mak1jPv2x6ujn16FGId4O_VdctGIneGF0JeeDdrh8WAEGfMFtyZj2zRG6fF_7YYlgIHflpprykj8rw1cRXI0yqtNwo9X0V4poDmYer0Vu8MB0p6g7IZekC4hmjh3kmZGKZ6AjEZxSmsmlz-PGma8-9uqshrR998PxMSM_oRQbKv7J0TQg-n5urT7NtExZyNNzoQdxzKxos-4r3h2YSjZAq8PgzpqOrHFuA0cgW97wwcqGd1WQ1b8njsUh1LOD8ZcPpgDDZ3daoPiU9VVJOX6sDtrgA4FzLIXZ0ergFfDJB3pgJbWBT74FIFE3Ui92Tusm8x8UNCiCl7Y7zKFmrpuHI9jjondNKdfjTALe6JcLMI1V0E0fo3IaIeUhdy6GbDGCWRMo6K-dia8DUZleqONuzkoZnk1phoW3BfCyDdLmqfzhXk9Tu1P4-9FahTdgNRuJUdcxNMjaINp45_P1_GPxzPcCj4pTDiMmsAWDD6mEPb0CoiIjDrk2SlZLQJvtwoGu-Htel85_fcF7yXO0kCNbF0R9QwH6hKGeipyGWPpmquw_i0o-Ve1qNcpNcJG-oic31jS1CzqqywYvbOGk8uSqWzmboZjZLK5A9KXzorfCbOr2I8M0XLNjl7wW4_rFYV9YAvOG7Z1RA90e2ksyxTkePkcyZjclC5t7j5pb7ObNqbv9O5eWqJ8ivUilu3m_g7ZXbVuw425PMqh_uIdWoxzoRCsaPXeoyiZAC5omXrh8ZzK7VI_3wtJQT10quKuYCrG86XJcOsUKNjw8-wBhXA75VfgeskOmrLkVCh7cKm8iGl7ab4-iuq0Ha7,1,1,JFK
Budapest,New York,223892,2026-10-14T06:45:00.000Z,2026-10-15T06:05:00.000Z,2026-10-19T00:30:00.000Z,2026-10-20T08:40:00.000Z,4,https://www.kiwi.com/deep?affilid=mihalymisroriflights&currency=HUF&flightsId=0b7701af510400008c7a48de_0%7C01af20a151040000830d8b15_0%7C01af20a151040000830d8b15_1%7C20a10f0c51090000b89cc2b0_0%7C0f0c0b77510a0000f4c509fc_0&from=BUD&lang=en&passengers=1&to=JFK&booking_token=HmMfQ3hdi-SxXOTmlxxWFAb_Irz376StAIV2LuTO-mKTLswYt8ciN-yVRyo_SLf5l-YwfDvDOH2n4jAJNEYCR8loCdXxGClb_CDP-ViGoFklZzk01-l6eDVPTw003W3H--vrvBz5wLpFU6xJjWllbcwLnJ9qksbF8736If3zL9Pho9SyggmGKW0nN-sxlTeGM1cuZjymXBMG5xUO6_M0u0VceOqgc4t16XiFLSCJer0a-uHm6iaO3iJBGPqHC4abd2CYd6hvPR6COzDjP3eNtoIulYhS-f-kz045mLz173z2Gwo5MCRv4N0FTD5ziR7FdMJ-wiKoqlTF6eLMMrt6Y8udboNjJs_ESELTC48ywMEXLBkapvVucKaWRzFTJRcjwqB-zGx82MrXBpdppdJzP7bmTkzqPzOcbQuh1CWFB19m0ReR7cww3MKQFXVc9X9CQjeocmjHEKWvgvzMXL2klfJq4eejCaOfHW-uwezZqsq9cyMoahzdPOkoyvJ2Bg_PkFxO-U8dkofCShdrZiV_tqLRGNbLA2SsgJB1OlpWcwXrg2hipee2MvUSxCZaQQaKQ1u6GWPLjzfewzRMpgb27RBlQ4zsU9PyUG5oaxQ_DhhujiaQrKPYdnlMv2kMZu7Iz4sflpZNwB99hFt7DDkyQ0I693RfpimkHqbTx2x4nu04F7lpg1tVJFqLINCXYP-hw2WTB-mAQ2ronIg6RBO5kJ9TORPnOGfQF54JsZNxo_vb-7ujGH-qXyCXk4Qdcp2RFgNz_eP7ptYY7bnw2M6aukemL4Yig_7LlRtF8wtG7UDHJkgKS6CHctBYLQsSoTqEu6pvp07LkYT8tbU52NJoDVE6kD2uT54jTPfjTrhy-Qu8NuPZAkM0DVrvNHos0X-pGgsjAzVmTzE6WWKrovApfqKzgyTV3AaeIYQrjBwnrzfBREWIvoySE-tGA3kKBHyQU4-i7e8GN7yPB1msdJa2O9uBany-Vj0_Zg8zDgCOlbDiiJbkNzYnyVytUktYn-IPaNMStS7dqYbloCf7y1z62kTaLb1TIrg3gEK6xI1UdqBcygPKq8hDcNRhzxRyLNazVPL87LkO6npesVJwQ5FCbnbBmLdnXDT3EmefB4sMUSwC3ObNCe-vVeEpGEG8cc3k0xtFshiO39adv20W6_mrGvSknvd8TcTtT9ADfJ4S1LIe1SRWA7wwFqJf2troV7sXaDdmi6LvmPG1Abu_JBuUQlaFWmGXwYqWL52bMHXo0lITfIFisdW9bK7k5DOBVyix7GU0gX9awmTxoveHMOuL90XTUHfjGHXYVfz5pOK2_zuFqk5p1qwNdJsHn_dlGIMzDmo2iyo9nOgR1QyTLUxZP56PA7nD4AEMiQkb3_P998oUcF4l_pD3E7xpzLfV27-f_yvFZxqDWlgIf8oC-qqDLwg==,2,1,JFK
Budapest,New York,223941,2026-10-14T06:45:00.000Z,2026-10-15T06:05:00.000Z,2026-10-21T00:30:00.000Z,2026-10-22T08:40:00.000Z,6,https://www.kiwi.com/deep?affilid=mihalymisroriflights&currency=HUF&flightsId=0b7701af510400008c7a48de_0%7C01af20a151040000830d8b15_0%7C01af20a151040000830d8b15_1%7C20a10f0c510b00007b7ecfa3_0%7C0f0c0b77510c0000b1979e06_0&from=BUD&lang=en&passengers=1&to=JFK&booking_token=HzkN5jLnjxzrnnYsJffoOwWF5LRyfObpRFYi5WrS29yO87xg2q39qbRm2jtfY0v4bvN9iWzJNRobTWWwUC-Dtipb4hIYV2uJROBNkkDwRadv4WglBPQgJF4z2A2UZ0UAV-c5VnEBlYEjfXI5oBFNf-yBVgfgl8TS0wGACkeco8cgID9uIrDt6cbMd6r6-xolsnDOhvZNycwC_IztOEgJYylVTnK316tajsGU1ea1BUbyXAMKBgF1clL6vGXDbJ_TWYlzRC2b7Bg2cwpzMkPCT9JYgEEpSNqNNnn7DXVE9tmB3Cpo9woOYVtYtdZuK59-0KfqEGaeLP0uJkSzrwHlaaVTruCeNZ9NuC937mzX6gCUiZuwCcbnHTiuHmk58iU_rwIhEK-TyfsmQGiHHo-wrULkjDA2ShPBnduiBUhGaUPNuCIx1UPS7oas2Sd8ZPfQNTIprLRV837rWL_WrrJp4cMB-n3Vm0udviY25XHEGI_cNCYUEQ06HZgExMpNczEGAb273Ct3OYvdHC18OOEmGSiVl98PGbbwBVNzStdfJC43we2oSdYawjSUPewgOhI9Vfm_gE5yLvakSVBTHNCONqXVQxBX0u1QlH5JLrTIv19jU_Yw6jrmwLbFupx_u43g0q0YS29k0enphw-FARNFX92PiwH7j2Z-DIsasaZUaumceSE3gdksVP6jsCAQ_OCNnBqzLX-mJ_0VlIesKbYCsJyjHG3cu3iFgi6C_FjAsPJrFgaQoDpGxUOY-LjWgvt3cvH6IFROMRwtUBEZjTyXjGKSpFE2DkDLXCJDf5oy24JZ7CoBKa6ZNy7ckzz_7yFJI8vl1q0h3sjkMymbRapVHl1XxBZQFooRmdFYvr8pA-XwXN17MmYcqDTqsP3H-TH-GIWnf5BZnHOBxYJ9Wvgrsdhew9Xl_Yhi0E-kSTOio9DxKGwdjIQTDyAlKzvIZf44BrPgQiM_XR4ASgn70jYiZOdDwIhf0Yc8QXYpbrvX8MyF3BAX_z-ZS0yvnvA8AcpEGgDvJ9Lfm0zT0b6jFliDxpvQdtNUgxHMrKZyqQOltWZguhQh-RU-zLziWG5keI8g6R59uxgN5TaeBwjx7syfLmfbe8-6atCfnSXEPp_Rjnlp5CRd6aET1B6NzGB41IlX2UrqKjig3VYcWM9ghCMRH0ZOaOA2ebXzkxZ9CiFnby94hTXhl-PvehWvgm2PqMfye-rYz03kwBb7ArWf-fF3zxXAI7gyUrliA5ipXD0xYOqFY1D5ta0nxw6CEHtxMbd8AxWNvCO1oFAWDFEPa8SkGmcCO40Jl87U0aJKAai4Cp4dBrRk2ZpUVjArdXWRxiLywMZ1ZoCMIsReai7Iqjzv_i0p0GtOdNLhNdGxCsBl4ClAfnX16DC5RBYO-3-wdYUBZfFnie9v-IR2QfVFRPd-NYA==,2,1,JFK
Budapest,New York,225830,2026-10-20T14:25:00.000Z,2026-10-20T20:05:00.000Z,2026-10-26T17:25:00.000Z,2026-10-27T07:10:00.000Z,6,https://www.kiwi.com/deep?affilid=mihalymisroriflights&currency=HUF&flightsId=0b7720a1510a51104fa5ce04_0%7C0b7720a1510a51104fa5ce04_1%7C0b7720a1510a51104fa5ce04_2%7C0b7720a1510a51104fa5ce04_3&from=BUD&lang=en&passengers=1&to=JFK&booking_token=HlipSx2-zOpdh4tN8JxsNPAyG-2Tw3HhE3XiY4ci8Rx08d2_QAfSyjpSN8K8AAP_Cr4ap6ytCzP22CtNLhZ5WfMx2to9NmtUiN5gPLp9v9VgFGYs6jzFgMLUgsieKsS9Z_5LucsEZX03eoZGnGijbT9XMVgAefh-wxDEBj4Nt_f8llZ2K-D-NuOOsvkPlawUv3Lzs37P4zqOk9-yhP47wAj_jDJxjtAcg0fC46ppngB12HdHDOlyRXpf3JlsBkDcnDkY-3q_UFYrJTucIMuZFDKZlAolIje91uJK5l5XbK8TeQrzWH2YKb2-ktRtHzRNc6bigeGG0Qw8-MQ42hjHGIRBuZh8X-bKjwA3_ijVTg5GkaM_S_PzeRux19CutsZmm8qBD8UD5xj-7wSzRl9S6J5QYiomIFetD8bcQ6cpVNZexi_-D7U5d0pydeNgWnkXAvbN2GiOQNHe0quqeXsRyDNiygyarLmVeJqrGmqBkJMT1iGl5DVMO4Wcrvf5fdqJO15TEQD2uZXwDnP7b_rAG3KLCR-D96dDXghort92mPCx3owzMsX6qqS8k7bgLvIq0f5dteRok8qEgIG_yH_Og5Tx-JkMtjYttzauJ5s7q7Sg8N8J7LaGoawIadok-sX9dodWu51gEqjxG-vHXDpq1V200LBc_nbC9tcykprI-p3dK-9sGeaFFIkRlHrjAITJCrbUWAy_R9Rs3qot5OYTaZHKO5-v3YHcrbY6WiZW0W4QMWMN6t49JAlWKJuW343LEKUXM7XqPumowwZvoGtS992zPngtTA8F1Kqa0Ypvsx383hVBTJN58Sy8YVJNHqt_EzwrieECTsgf7B-cW9q7I8Yon8dQSWmK-MuO8ScVjrgTOgnrgnqCIVFPX6jlwLDWCUM82NkMfBtyWJbVZ0Cj2yePNpLTbPbE0DU_bvOHOxcmWtYp-rCn8J24K3jRS9oWW1sk_DJCcx8oZPjV7Uq18wgez_B7OwJC02-PnEYgcg0WwCSbSs_WviKnoSzAwIOf-kOIVqYC6pjYmTEnV1OG8_bCRwC7kUrSqrcwvP6B4TAhxXsZz-BTAIc8jHgOmBScLjBohlODPUaECPAvcRe1JGF5JpjGC0ryNFBPk3o8kaQmlE68qrAZMiHfxCSpwTA_TWYk7tt3AJDgdGWgtxY-yD4GX2QiQXXyyhrPds2kxiI0jBfNAQEe2XFvTxfAg8RunVATUYo0QFlYiyNJ5Y0DtEfYSyWOi0qoQVoecrhQr4dKcTbgFS3WYSIAr7Hp7ATZXX3PHwZe6p35NBU1EVLCyxQ==,1,1,JFK
Budapest,New York,226033,2026-10-09T09:45:00.000Z,2026-10-09T20:20:00.000Z,2026-10-11T22:20:00.000Z,2026-10-12T15:35:00.000Z,2,https://www.kiwi.com/deep?affilid=mihalymisroriflights&currency=HUF&flightsId=0b7720a150ff510198be1ddb_0%7C0b7720a150ff510198be1ddb_1%7C0b7720a150ff510198be1ddb_2%7C0b7720a150ff510198be1ddb_3&from=BUD&lang=en&passengers=1&to=JFK&booking_token=HNW12a4RWpeudcnok8K1MJuDt-mVgSdW6rQoXyHBPbz-vmupD8C7GEFv2UB1LWh-JmjPUIxhRfIVuNpL8Moqra2VlhtbKuAif8jUpJLd2r_006VHKQJnDFzkIqvhvbVRUyYlK85QDP-XxPDTXb2aUun--vF6dBbzaiL1LLKklnJnijasht8QHbIsyyhCzlEWFcxzj_d6njTTCi0i5ZTb0tN-Y-Nv2HlycdciNa8tI9RSRzqq-EQV3Yl8XruAD2Ai1NQKxHhavvHbPRY71UmZ234e876So0zCmpRox17z2lCZGxRIULUTvsOOUjZ-vPLKXnfLtI2HLSYTv-2CqdyMwKsV_E3S_VZK_M3Oc54GrePcAUUV3BeLWoSpgLFHZKj9sYJkndKKnxFTuWmByLTYiNdxIscVsUkD2Imz71FlVcG71xp7KK0mpNgnjpVSdz2_Zba02Qrwov0j5LtfWC4X2Ppcatb-SkQ86GJUezSP4G6QERlRGKpGT1_82Te0_2SNrwJkYcGrAGlwQWb1vzsI6EL5o90tQmOnS3xF3qXaZHdsy4M1XsuTirhpigIPfAS7jdKY4ivPhRCIVET-UPAZE1rV8NyMMWpdc0tyE5L6Zqk3u7WKBGUEodAwiqqQp1Aii7UrFDmLeEumLIqrZXRt0SXVmMfpD5TU66G29WlTBtrnyYPR1FPG-ZqxHqqAqUwdWJiHafCFwTEA3zj4bTEIXpiUVYUZBI8h4Ml4GY8hX17sRqmW0vZrteLk1g2_Np8allxRorAdqEcN0jBWjiNGyR47HgbnYzA9fV_FlQJGD8qWXaqnzdaGXAyKslRleX-JGkrM556vvh5056Gt0Vv_OrUe_ZHDVt0vdgOx9ER6xasS7VUXQ1gtuiSil4SE8vnI6-tPiSbEwn41riQal-IB0V7UB5-ZnkuitEDMYzbw0vibxLWVjaq1DEcbJZao5mtp9E93jJXx7jSWE71N_X7_dzQlni_ccSnOM10DM1OxQiBrTMij0qdH7_NDbc-bj0WkjfC6l6LzKUWcZb9MunKvBGkJbiXOzNvWdJPHiZBCwVzZUQaZND09_SiwKLeg50VfqJ0TGyLv7ja_q0LoUtUcigJb717POfGIV0KJTLpFn52G_tuHiG5maz4KkvHyLJb9Q2kWiBj89J2uTFbj3F7Dh59OF6yNALQonBjG-e8naNyS9I4Jt9xiI7jeW27_wBQq6,1,1,JFK
Budapest,New York,226972,2027-03-28T20:30:00.000Z,2027-03-29T04:35:00.000Z,2027-04-04T19:50:00.000Z,2027-04-05T18:35:00.000Z,6,https://www.kiwi.com/deep?affilid=mihalymisroriflights&currency=HUF&flightsId=0b7720a151a951b042124405_0%7C0b7720a151a951b042124405_1%7C0b7720a151a951b042124405_2%7C0b7720a151a951b042124405_3&from=BUD&lang=en&passengers=1&to=JFK&booking_token=HN0jHQOLeYHl4gV02whzNT37Y3rWrY9hPSMdu-g5JkNGRK-TopjhZzzX5IHzwdVvc1kppeW6GgXIa3KJ2Kxr0zaKXWxY55QrozKzu73B2wFMJV9HyS0_e3CpKSKE3Nk--AhbafT9iJ4jJfMATxZV2IVG9qnRQYda2hxGxcPujTMsx5qGJiESCk3xPrH-yifocJBS5MD4U_HS7CBl785IKIkzz6PEOvV6Ede3Yv1YgTwCbJh1-SGaEmvhuighc_meK4aHj_lcIUoJqxcYOKhpLPvpQdEs4sV4sYilJHutS0P6ocGCTbnvQ1CYakilf0ACILUcrBkHyBY3YECwPSfDE8zZeahjRywZS-rY3HZraUyKD7_858fjQldDnrYUXHn7ABk15IftFAHIs7VFrxIQTy6irjFzJsQc4KTeW1L5QbQL-GhIgAhbftgOQpd-mUZGPYRDSf6sogxXSm6rv2MprZbW5naNApDgQzIKSxd2UtoXsHE8IlmhTzXcvLRzoJco4n8uEfYFibnLerNV8WNzCYhXz-U_9ZzJyct-wr0Pnou4WyHUPxBTdXb09lYqIqLiiiBW6_IjhvVj3UFySkmHAApYQtxUELZ4s82l9D_TzRg3bLOCprL1keq5oZ72TQ_QYNaS7ygMpsDvYn_j7Hl8jyqxUKAj7qU3WDTItDYKxTm04qQfz3s7_1uUCdGpCQ976_76HrXeaxLa63Fl4LRtZczGChIqzM54KmxJxPWbc6fMeAEd6FfCn8STqN2WNXdee1eoWXJoVZZpl0ijtundv3ip82sHEPbHR5ue_QvAFzPCxO92-nPDni9Gb_2x67q_vcX61UI2n7YzxwqxAdoDKZ5ESuiIu0zwQEEUkcvxVtYJwFJh4ME2dfl7gHFgGbxM9rt8s4zFkzEXdlqT-O7uaAyO3AEZxQlMUZeoglzyNZt4DMGIvczkkOEKEgzW3CjelAnDqJ-gE9jQGVV8PbkCElNyWqmfNJ_CzISlQ3Ox6EDzZZWQSLy37JqHtfr85OdrBeru-rTZQaqjWSngI7lvPZ1SEfgXkpm7hSEKwEB24a_3CATf8BRK00LLfqIDQJURvJdlrKHeI0LGm6lZa9vzu-0OpD5H_89jBMIIQiVHR1QrYNIfoTPsypQGHiDJHCbClRlXCAn8mvrlMfpGq2yn37w==,1,1,JFK
Budapest,New York,226972,2027-03-28T20:30:00.000Z,2027-03-29T04:35:00.000Z,2027-04-04T06:50:00.000Z,2027-04-05T07:10:00.000Z,6,https://www.kiwi.com/deep?affilid=mihalymisroriflights&currency=HUF&flightsId=0b7720a151a951b0f4e6b87a_0%7C0b7720a151a951b0f4e6b87a_1%7C0b7720a151a951b0f4e6b87a_2%7C0b7720a151a951b0f4e6b87a_3&from=BUD&lang=en&passengers=1&to=JFK&booking_token=HDYPsyKz4KWswFbuDWt3zHHDksu5YHQvNDg7TAXkzDd43Uuz7K5VpZOLoxp1-OiZzNQ6j6kVl8NQpgOdACFqu7cO81LWKj52N4--ujAXCVrjlUH-cZyioyjVS5yLjogMBR9RF1JFIYLdp-goPZyexrHz6cDM3LICWkGy-qQbd9EMP7QGRnfQyUL03M8znRegxM-zeUoJh6o926mBpspiyOhEqOHZkPDqy6BnqS0RacXHqYfE7VzuhntVW-cGEMMHZcl5MXITgVQPQWGHedGSjRLWALt__UUrUq38EIgDCXQhm205NaKaeNYnKd2myF7qjX6Y6FVGfSwEJtNKeeKoDhUIAmcrgvgHOJmuEJMRV1kzktjg3SJCsn5QcusU2pmJ2ZFba_WxPk-pvrRkukknzOj8cmRb-UhFjMZCvv7aQdfOKw_CLRmInvIeeD3RT_RU1JoD5UXwAE8Nsr2cjrVSaodRx97N9t7iNsoHxyLnz1CAX0fuSoFJisJkIWaK7GFcydphEDD2Ic3rjwrtgg7rH9F6QzXpE0uNq1lsyHS7gP8ikgTlbWIgz7nUhhezSIE7wrz2GQlLO5wKXvflKEsRsZCjo0gQRxmZjM8jZp4UlLMtxUhvvj9wl9KQky9RsytvTJq8FK6zO7nDsyqMKaXy61t4nxrjRZlBbDzNk9RXEBsPkD4tf-CcrM_8smfG9F-KYBY9TyAkoJ_BtKt48z3thpvvGhj6rPrzfNS94INbiE2COd3LkiWYLn0g8D2sJwLpkINe0EjHAwg-oWCa3SG975np4nfSvyGt-TYaf9PfM1-w72l6SRlNrP4QndS26GxDaApPuPFnhDrRG4TuIDE22ZAUX8UcSZmNQfD-r6c4ZXi6XqXrUKDWMVEMKihIYYte3qPccQ0yni74NnaBn6eME87wIzn1l56raQfdE0EamheZuLqu0098_C_jtTxuXd0tQycKZNN12K-dtPYySsIK_U3-oy61HLqDPCSiT7afI06IZ6AKqCqqMXn8pa7IMcbxTI-A1uoQj0IfTPIkaTA223Lj9c8Gsoia1VKMUgBc9TOnqX5VPKx1N8FPGJt8CIZvl3WcnoXQ7D9oVP4CaGecTQqs_HOmapmVEeRuCEWbLzTz156pFappBgQXtJavO2Ff1kuEc3l9NH1UxDkUaeeAJCw==,1,1,JFK
Budapest,New York,227280,2027-03-27T13:55:00.000Z,2027-03-27T23:25:00.000Z,2027-04-03T00:25:00.000Z,2027-04-03T18:35:00.000Z,7,https://www.kiwi.com/deep?affilid=mihalymisroriflights&currency=HUF&flightsId=0b7720a151a851af6351431d_0%7C0b7720a151a851af6351431d_1%7C0b7720a151a851af6351431d_2%7C0b7720a151a851af6351431d_3&from=BUD&lang=en&passengers=1&to=JFK&booking_token=H2ESApn_ibDC5CQh2WRU8eBCBpAkPjaCsYj8SIR3uUTDl1QK59QR1e8jRfKXAkxNcuUXMm_s-Ma0aq57TGRH_uZljbPQvaWXK9C4cEfWwdmrRqrV2SJGQE68knjyNrIIsW_gNnL1u1dzFOZzC9-7OoGjlYb1YtwcgTextgFXqqRFikLtOOYZvkGhhEE8A0Wc-mziH-vF74kbpP2f8osWfwY1BTuGfaSwupYQLI-izgzGyWtkJk4qiMoDR6c3a8kKTY-xx8YLHdrebeLiLaLixgBvzngWQFyS326Br3qlRAn_tJsLy_r2JadVz-F1xVp1Hl87RixAtjKzylY1shC7ZkMpl4YxHaLQL7gSFz2zXIo9C2Qip8ZAL0w-o_sHF4636bN29roRbHheCEEjUUrXU4siMivwcD94HlIHqpi3AF5mjWuLX5h1EdnuzAH--V8QO1ccjz9UFuslW_ZCrp4BqbGv15xJT8WsQS_dh7VjnZ5VE20G9mfm7E3Xvs1T8cxoCOoLqzJE07PZ6iViIkbG1Maq-7YGp3NKU8iJleNglnXALmBsGPSQGBW7Z3mrHsa9Ko2VQFBBSU_gwiPtLkMQTxgpWhBUXMMIaStmrv5af5lDH01qo0CWO5ESyBL1oIP7X9YJVnpiCwGRyn4LMJpWzOi09IqyvChtcuZDDvVCkqToyxsqjq6hvhnDhQSTbX02Tv3av1prdx2Opy4vBpTcPtAaJ4KCxW6ndabBlsE_SKfbSJmCbyNfpz8Jurx5yF0R7LRe3zik1h8bn93eEO6Og22hFg5JxFlDCFJ-i2s1gftfeaSQ7oZDCDNDy2YYS7eomEE2B0pvI2XygpOJ6On63seeNGWUtxSTaUy6qmxJzkjdvLKwv6c_pIBdYaYWwfIkzsKlOj9rC_MoXzoLn_AjlTWPR8CMQrmpqSu91wysx7vEWynF_tF0x3sS9PiW5pVUmmbKv7dkyf0KJN5DCA9hBCl0XBblOZrVD0JrjUucKHNc5q4noW2XOW3X2ojsbwDIr2JjnHZX-c0PtqlEd4KwYQ4zm0Ns-WYaqC1Wg3CKYi1ld8GzTx--7iJxurJljdX8gG80UHe6L-s1yXqlk5CJCSIAXOZWdhOqCC3bl2WennXF-P41ROhELaM6PmCcoD0S1gA35nT5YN6KwCDjES9qtWA==,1,1,JFK
Budapest,New York,228164,2026-10-14T06:45:00.000Z,2026-10-15T06:05:00.000Z,2026-10-20T00:30:00.000Z,2026-10-21T08:35:00.000Z,5,https://www.kiwi.com/deep?affilid=mihalymisroriflights&currency=HUF&flightsId=0b7701af510400008c7a48de_0%7C01af20a151040000830d8b15_0%7C01af20a151040000830d8b15_1%7C20a10f0c510a0000c02dd450_0%7C0f0c0b77510b0000d0caf941_0&from=BUD&lang=en&passengers=1&to=JFK&booking_token=HrQowL6EZfmHrEaxEicCLb5xLj-lKTlNjXzHnPCAwVuAYNbaw3hQ1b5HpPkQOXEU0m6byhLKBcp88FEtCVBQ7z9LGieF1AVsoXgkd7Hd2UsY5rMpByaqy_yBVhBXk4q-vEc1hxzCMAlpJI-DfQK8cLxmVDCzkZdGyFW98mopQK1aB7Ikx_51dw0y24xwuTo6A7_Z2CZX_O9S94cPAVzCgk_1ZpYMnrgUcF0KaA3ibTDsCgbGO2dRwMN7uJHQSz0Nt2jdTRhR-4YnHbhCPUnAZuOC3keXvt_kOsCaC88hwQR0G6ETbq211AyxdERL5rWkb-TRoj8Xjm0xS-1QncQV3N9I1WEl2lDN40o7EuTC1DaEW7OVsYj50OBTtS-4cc_n1mcE80b3QheFuag3ENGv98vjg3N9WOaX7n9V7hinesUTia_saRtNjZAS-Yx0GjwQqCuO4CRY26wkNHr00Yi5M-65-LPWx7p4gPOZERvvndqREv1m0DjecJh9LUyunNW2kxJKW_CqaGT1LKq4ubF-gE2-375Pbgwt6SfjB0e8AkaXtm4RCOnjnUCDP5ADzgaE0Nc5SGJAwmST44vlqJspqYMG2BafFho2alIILeh3HDjjz2lXw6hZuDs7DtKDvEON_Onf0lwqmoHzcmuWJXAqNg88Jr-E8GWrOZlhfK2p7609Kpq-9O52x8cVKEV9dykM20W4NfXgI96E13XzIQlAbEYdgTbXu9AL-bIz9kCX3nFqqNw88IGzbitfJT5K_2p0d65AcXZJhh5YI_KvzJdQ8Mt6_utFX6HfL6Oqj9L7UwL_Ym-8rVQQNzkseofx82QokqAg56IpY7SyaJc9Mi2Fk70RZM0OUa4K20CqVv8LUVos7y-36jTPbwNdwNjRaDBwt5LEM6_LS5wtCyzgCcO-pQSzdX1lKJ1hEAIqYkpvnwz47gumUkU6_IHYXU5l2cH4CvRs4Ul90fXtjsimluySJGnzyWkcMz28E4WJrtf5ISMO__CAdHRaaHUWH-EeU5Aaw8hGXK7C3-Ied31nmSB91rAU2gAwTZ8PvR3PwIhvMAab4zqFbJgdo8SYpx73dSJqkL4OKylm3t3SjvAwcF388gZDzbslkKYddE-b78LoRF7l1LZMr4wX-mdlS-MsNEv6yeLQSW15lxJa5BQ9TYVzRneO1F3IyIBRe1er4uO4fVC5NwlX0vPCXUroQFWKJjtYUXsGVvBGfcnCNN_CmkFqNP1IntrcGezvyJLZaU1IuuC8BS7R0fIfcAZeCZuStcMAprfCZGf0r4izDJNEcijJYTeK7gkhqTBx1gD_5OIddOxaFWJerKkVwRzNYx58OeGXF3o6WMVSmmXJGQwXebF1wfxhd7BMp1B0VXeWgCqSSQLdwlHvgPosaZIq06inEAi5DPxtXAZ2Q8ZR-SAE7tD7hyw==,2,1,JFK
Budapest,New York,231117,2026-10-21T15:10:00.000Z,2026-10-21T20:05:00.000Z,2026-10-27T18:30:00.000Z,2026-10-28T08:00:00.000Z,6,https://www.kiwi.com/deep?affilid=mihalymisroriflights&currency=HUF&flightsId=0b7720a1510b5111fea5536f_0%7C0b7720a1510b5111fea5536f_1%7C0b7720a1510b5111fea5536f_2%7C0b7720a1510b5111fea5536f_3&from=BUD&lang=en&passengers=1&to=JFK&booking_token=HCxIXLoFfONKirJTC7LofDprEj6wR--ko1FDeulvo4-6hoYS16VZ0KtXfOkkuc7fkgkknk8pPhSdcdPW-n0iSWpK66lnEIorRw2I50UNe_dPqMyEfiBX-JysTU0PuMMcAuWZ00w6ewsV7aJoodYTCTeyMP4tAtciC01uD4ykZe8RLkrYqM3jCt_nla-h7ORNfR4lvunMvmzibe8SjPKPUqK2NRk7AGmrNPTm0aiJiCQoUg-ZaRWjIuPeXlgzfuRth-xL47_zPfuXmJVPfj4ypezVPaBPLAGdahP1uPcWZgef-SbMTR-1AIhMuLvpfOIFL53ApGnkxzT4uVnH7giPMdUC5phzgMRMNRvy69V8grjD7CfL0kVNaJDeIIU6uH34eD7KNWlMNrTDiUpQ-S_XoJA55GIPdOybgqy71BMFiUvMqf3qXXKPVez7yoM-vXPwTcN7QSPKpIorCeRoE0hEpNJsPQZNz-bYi3TCqgctl03AZfqwmPTTlgcUaBRxSxrSNy1DT_bxWSZNrS1QdIhyJkQonrNjrJ_TmCbDmKEC7CrjH8CLxfn2sHgCXLMRUS1uYlB9YhE4GD00AaYZkYcSOmUMK86tkLCax5gTgCdFgJyBH2NnyZHz0-BJL3ICVSL3stYyHIP9PkYI9hBpLjS8JewKp1Rl66V8qPIYxk1MdPslJiesH4XusCUHW8n7KFMc5Ni-PIMELOdN4yPgg8fD5uvdnaGjhKeZ9oRu8vlRIHvADLCaMiOH8JivGHXMJQ8zzu_VdUtKUXUhBogFQZYSswrtX08AYJBLKu1hq9BngQymO0r1nWm3NKy75l7YeAP_33PI0V0G2oqnXTIfFwa0VWu_4RF2rVuAx_D72-yW0v1NbfM8EOm9BX_x4BSPhPWb-KR5GfbQEDr-Nj9rt79CKjV-t2_41h_b3TfMrnAY3EY5D0AJqsP4ahmFFoLJEL2ieHH9UysSCgxBnO3HIIr3wDnQ7Buphl0pAIWZWQ8ocY-04udkqFm5k1oM7ePswD1Qj3Sbr6twt7mFL-7R5T38mIv4WZu8-MzNyvGxOYiogIaX8KotQnpQdoA7hSMGWpJTzqRRM8ZprxRBqFRnwv5wONCAniQo-IUy0j65k1ZL5-yUh6msOvuO3r22b595XSLjY2C7ibqxMmEhH9LRSKLI3AeB7YO2SaLa2s4FYOxUrv6Qn_0qCctliDQApneeqWqcXwZrQVJrrxUetnIi3NI8Y_bQ-tsV7TTpbvxTeHs9LAjEVK8wCwxdF4ED22BMGn-UOc4yI1cPHPqRa_bEYZyytMA==,1,1,JFK
Budapest,New York,231868,2026-11-02T09:55:00.000Z,2026-11-02T15:40:00.000Z,2026-11-08T17:30:00.000Z,2026-11-09T08:00:00.000Z,6,https://www.kiwi.com/deep?affilid=mihalymisroriflights&currency=HUF&flightsId=0b7720a15117511d8858db51_0%7C0b7720a15117511d8858db51_1%7C0b7720a15117511d8858db51_2%7C0b7720a15117511d8858db51_3&from=BUD&lang=en&passengers=1&to=JFK&booking_token=HzARy2jBbY9bKOTD8WazQ77uKprza60VoLpDLA4S_xTFdsQo00aj5nwsaZ0Y4nTaTveaK0Fi2E-UPeCnxUlg1gTCe4fRDpQsT580v0P6gJVsn8YeUD-a6BR9cp1iedTNWq7txBnMrArXUnGVAWSsLX5M0r-0MyO8OHRfPtXXCmhwydq05jTTPN7VVbjPc_9qQ9LcUaGdUxvElJDUpsZcfeX-rtjU2V9cVGvTWAqQGjnKeLYWx7kSrbMfyz82IBl38MS5hQjj58EioertgpCF1_ZYJDz9nMYws2cC85mVuR9VRRHfmqGFiPMUk75qARfRQtQ_STPQOxQY0w71sflv-zP56_WE3kheAJYyOYuwuMs0nKlPS5x8smbgSrmpzpSGb7B_jIx7WfRn6pS1xpCNgFXkxNGWYzgZj_jsTsf2nTUTr4EWsWQ18MjS1qidALnYStZX-xD2_wvlBvrfSz-5BwUL33bHCvs7DcwkE5cPUpi_ZZ2PC6cIVkfWqkdMNmjqibniq98nmSUezwTc2NKa78Xw3Szn9CYqV7d8vyDjDD77YInRFmUB7yhF5L8vYFXQFOCebsYZUZmDVU5WGpR1eg-el9HhfBOMf8Flc1P3HgISxNbXpGJPjYphYX8OpcygWRxiavWDIZ2zwkhbSmskfB8FKb_fWySilTAVQiPVyvHP54z8PJ-pLR-HfIuPx49ecK0NYqZ49485wPQg_nr4bei4exmldT1JdQtZpiqM7J6dxHm0jXZePw18urwsJS4AzyZ-rVSqjLgsYKgNDDsRFBKERujHiKHKl0BUaxShzcZO2XaPjQGdXKBeIoRDvIM7dhurNuKs3sw7FFbNsyXBrHTbqIq7QzyEAaePmqULPPnqWMe3Vh7tBHeltWicMCiHb4MEljWoNewXu-E88VnboMhJ-0Tgi0uCleBMN2oIIhIr98p7bsyEukclayo0qjOYOeeFV3aEwMREcJo6YRc1CNXsC6ATMciVzJIRXcUaRdVKFilOBXezjE6kDTCSSkyUfXBDtWLD4lW4eYNnUlDq_YL5SajExdBzL6f3TlXbI4JcnrbHO51FDi_FVnx923zR8w0nul401eVhgYMAjmw727MIKqTL1eYJ61-2poCacwyOIP-m4b6ZdgFuXH_rF9WvwC6E881VshPFAvKydtNekROD-hID6yRExjQWK27-ow5h_fQISXJ0HNL1eRv0LsO1X7iXsKtjEGJly5YjwbcS7xiqStP1tzg1P6UWSC2OchjUFU9uHigIWqhQgJJXTSIdsPQ3oAmdGLHUjpBEtiA35n7XhjtUVPWaPr1r_K5WLV_c=,1,1,JFK
Budapest,New York,233735,2026-11-13T05:25:00.000Z,2026-11-13T17:50:00.000Z,2026-11-17T17:00:00.000Z,2026-11-18T06:15:00.000Z,4,https://www.kiwi.com/deep?affilid=mihalymisroriflights&currency=HUF&flightsId=0b770a225122000047799a98_0%7C0a2220a1512200000a338c11_0%7C20a10b7751260000f7ac47e2_0%7C20a10b7751260000f7ac47e2_1&from=BUD&lang=en&passengers=1&to=JFK&booking_token=Hcz9LOGbqmlFCJEGUlAudStDV4JNHe-38i5g1XP82Hv6IaYc8vd-lBHsonCJS7ft74uYD4iMxO0r0ejhKGwEQsPTmoy7LsTZPE7Y48LX6_OJZfZzvwZJheS2JfJKsCsqkqU4GULMGn0kbfkI828d_FXIfqDrxr2XamFBkpg7GN24PMK2uuyd-RggXYBz8kYZHnkGmgSIw1P3t7qU0Y2JXfZKVP5LarTGXudYDh_Z1QnKztJjS4pIrvhBkp8Zzc4zNfgpsYc9KkalTFOU8hDovGIBygtHlmocbRTJvfV5K6SGVL9J5qiDtX6V0v4aLTTscjZQsDnTZ2VMcJNZs2AMitCVqskfNqMsjCPJ0ilcYvjnxbip5YllepRybCETjLj1WsngbsUwzRLhshNpW4LtTqwlwgbANGZmLvFs0fegQJrQZ40vDJwgIi3n_s9esJCw9u2b8SCAR-bRzv0lvhERDPVrP9FTe_R7ZjJQpuCti0e2miaNTRMI5z32D1G-mRL398CRFnZnKZO0cWlKu_XuRmeaV_cx43l_FSqLuhYe18ntGsBFuKqhL2CTTHRFJ0-173enE5wNgKdoPyMzsNh-xzIMMkbq8AAodiqzGR_J7L4TTD5BWpO91EBBYj6X1LS6zpsqW5qlfXZij8jdtOQox5drjvz9UCi4Fu-DZkBfUpxpqMH19tWl4VGfVonVSzmZnPichQ2W4ZXnPhfLuhjUfBPYW4aZR5YANy1fw3Z7muJlfLY-fJ0A1izI_7vOW2cPW9YzMKWnJye8QvwgpG5gR0XyYmmWe9wSp6oGD6dEEVobKdIpXa_l6zEjoFK650PQUPgnRTrX29z4pPBUuNBxq2x24h9zYePZjLz_nw_9z_lrdLuiW4VSD93YNlW49xcORP8dJii0XXv5xacUJ4hH3Icnpu6pY0__03uu-6OIYdGADTEts8PfLyuBO4m3fo2PyFRjH2S-rGxCobgFRJ8anf7Ze45C3QOjs79_YKFKdVkF_zqOIiBVLZxg4w9pneWIFwvQJ1Lm8y7qb6EWaqnbx617nUObP13VTeOeHo1rSr40jGVRZ83GkIEzUU1GQumVkR0vEi1u4u9G2MFZAYAhUloDgkpPnNeuitwNWIgFBQmht_nTt3QlzEuNHPrAb2JmYO1ht9n9p3DQDDvgJdgXh92mdcHQTaOtHybp1OfGom5nOmUlFkEikWqAgAwVKxTm4rouIk8jHjMIySqZ6D_IElfSaWDqKOCULTT2uUnlQeaa1vxhLbmICgxF1UPAw_BlnsqgLRSjkr_NjDYJKluzTD6icXyv0QaE37Y44jGXV-QeF7ME-ZGYDZT1zHSRMe4zqptrUfsgMbyskru1f9_yCNg==,1,1,JFK
Budapest,New York,235083,2026-11-13T05:25:00.000Z,2026-11-13T17:50:00.000Z,2026-11-19T01:00:00.000Z,2026-11-19T17:10:00.000Z,6,https://www.kiwi.com/deep?affilid=mihalymisroriflights&currency=HUF&flightsId=0b770a225122000047799a98_0%7C0a2220a1512200000a338c11_0%7C20a125c3512800003eb2bb21_0%7C25c30b775128000025bd8509_0&from=BUD&lang=en&passengers=1&to=JFK&booking_token=H0ApVZIE9TjZm3GMHm1xPu2scKWRFNb0RFmTdHVMbQCpozy3erDDwdeYnvgO03fBOoW5nNfCo3xMQVfT8NRicZSgxxyaYzMB_TKpccmvivyeI_WOZXu_N8v4NUz9SL-gQ_c_EVKDHdwKAmyIxOeFJYjJ3SbeymxrP1T9ATb1CAy_Ic_mRsvilcAB8XT8BhU01wPkmPs7TseSd-wj_lo0qb3iDPYuE5-735Kb_6rJ6evBbmiLpwdwrs0U-WkYX7JT9CAp2HNWAZk9nKmVOdSO5k1yaHeLkdiP72oKEbwXgCL9OG9aiM3cJG9TGITZdUkhhw0LV0VwXWs5NFBcrdsKohw_xx3DkwnFZxICM1GNQKr5Sib9Vihx-SK73QgFife5S_lKVX46msq5nuDYSRFwnFY2MSbRzYrud9ID08nlvg5cs3Hu9pkX_veb_xhLaZL6XtYomyixMxPQ2xq-dcIsFlgSyUVE3a1rMDPBSuTB43qmpHTgtUnvIAdsn_W2tmxKMeP3zJj-UMydGYvniigkbNw6YkQ4Jp2CvV5Tod_lmCbqHh1r2gysj90R29c1ZILUlQxdbczjyk6Sot3TwPcqPM2d3bLobj-F-dc7ohFJkFz2e2evmCpHMgJT3RP9mzSLX8FJDfyWMrvBtuKRKQ4KFy9cbroztQHAndQw-ceWg0mrDUCZkz9kAUfTbNmLhtQS5pVpYx0AA_5Lj_Sl8MByPt5K_anB5hVTsZJJA5949jXd88jYmolCaEUgt9pY0FNU280oRYEAdpB3Hm0wlKBP6TtKEvWuXiO_AoCDliJNp3kXZ9SQptIu6xFsUFnUJ6Pt6CT7NUwcWyhbIgiR6uAAfR8-1t1Ykv6FyNh2HTQypcWLnueomGr8QAui1_SuFzVGxpZ-Pd20liXhdxl84AMci4qbxXxPDheZ5ulCI-IjW_WVUSeC60ukqTiQrKQscjRS4Qv7gXrCtXG7duUKpAf9-vRMXDVSCZniX_UTkNgIl0sNbTvp6wvM08UnXqufLaNnjMs3b3G5VYQnOPSHYoEX6gkgoNOG6m1mcHE4EWgxXkzXPycXaD50B9OyN7_gLjOp3jsIXYBBvblfAzPBNnhObCb0KQnj3c_nkfZ9fkob8PQ5DCNrdbtSwXKfdvNjq86i6_nwUNIC9mfhgxLdWbeCdigADhRYBs97kSPm92VRZ_PFrOhtTorluO5P1rreGjSJnTJkTiSopfxA2mVaIlReBUh-aWMRtYzTyc-fdshkSfwyA6Fqob5Sc-RC_-Pn3UBuTZ1ZqyHxkvO5im7s0eUgGB7AvxskjeyUko40YMcDgrl49PEGEIHsKMKMB-83ajveg6w8yivrGh9Vc9s8caEP_PrD3PxInJBA_4XiyEtfmbtEIlPZHANFulXhA-mhGxx3VI-M-Bz4UcLQuLYZKve--pGTJHIfyinN0-5d7CrB5bxo=,1,1,JFK
Budapest,New York,236382,2027-03-28T18:45:00.000Z,2027-03-29T11:55:00.000Z,2027-04-03T16:15:00.000Z,2027-04-04T07:20:00.000Z,5,https://www.kiwi.com/deep?affilid=mihalymisroriflights&currency=HUF&flightsId=0b7720a151a900006c9ff165_0%7C0b7720a151a900006c9ff165_1%7C20a10b7751af000034c8ecb6_0%7C20a10b7751af000034c8ecb6_1&from=BUD&lang=en&passengers=1&to=JFK&booking_token=HywDuluYsXzQa3ZrLdy2FdOBkUNM-dLV_12GAFKi_Tj2Yej04eAPQylq73jp7Lhb-txoNdHdl0z5EGdAjVP_ksaxB9Y5n0kK1tRNFEEdLUILa_jC1guf-cTr4KxKYH5hhCmhenRd1B-w6noo7EpMEEGbq7w-9DCibOvkcYZMb5onIS9T7l7FTR3PpqXG_jBX4cSI9xsBZWKgp2F4XyflVzHuyKAXd4dieLzfxeFmjbrp0J2h5gKs0wmiYrnGoEk7VbKMhg_aLK1BcgroXE1Vf4q5EoHXLlczCHHRhF3ZE5C6wsADsghudbdsihYXvsJyHoCEaCHQyGvtn-MOOQ0PiuX4Z25OuHXcAam7NBK61G0OOtSJInKZgt36CM9bq3oZ2jdM7q5jPN2VwWpL3-aJe3WSDFvygP1FbUp_ZuGJ8TkV6lpvHHDjqnX35gofHVl9uAcKIjYNwvnI49LMDO2EH7kgYC1SxmP9Zw30S6IBV_kPF40z7TUAXqyVecT7grXW7kleWQ50pQ8YIgFGFQV3ifthrL8DyVrRcenD39wS4QvnO1ck-c_clNiNv07uWF8x4mNeZBiKUo79Xn1raT2kb1qsoElFMkjyVBywDSWLq2i98bXxG89jTcBnOl7DN2rAALDAlFRO_6ZnsKMTx4riNEMi8bYPynkjSIXnmKKkbKfI5cSyFakJC4oX_k5eYYD0rXRyrCUzgt6bsjXbcROB76mrxz1LvZd6PjcnUel4WhV4GxctGMzRxRRKa6REyJhsNNMJRpuwQxg9gAWPOUwTOFRRr_OUH26OLx3v1fvAztfElBYIz7i5DEG08s7uXlUcEhfqfg02CCwENklFU8ef31tHp9hAGRPnDZtlUrsl8Vr7_pVm34wBcDUF8jJAR5eibcg_L1Z67ENheI7g2xmusv8t841x59sh6wv3hPgeK_4AFu-f3efXVEUPw_Z8HVRdXKg8tUvxeOac0H1sl02xLm3pfVEIUmZaPwPcpCaD42QVPUkOE2Q8mYTZCpRKxKAd5u5lZG5rUtdkoUhDLappLAbGtEKL0GyeJWP2UAWnppZs--QEyWOkbsZYVlaym-5blt0vP3qQifO40fZq7xAV2MFtR25CIlX7mRg3oEcRTmDBJjPmAdqThP0qEnisMTf40000-8nJTWykh8qkj-NVEmdw60hPM3mCnxlzIVBTHNImz1wemzm-NFDI1DOWe7MvOeCrn6LcbJAxUoSW8YdM1wBmNdcxo1kLrt9OAjj0jgaBtRGrR_BBeNK39RTt6bkNQjNzR4EW0UfOplb3N8cfedfX87COXumBSIuGjFtf4KEezsn70Q8cI05HgV9XGmyfD,1,1,JFK
Budapest,New York,236492,2027-01-09T11:10:00.000Z,2027-01-09T22:00:00.000Z,2027-01-12T23:45:00.000Z,2027-01-13T20:50:00.000Z,3,https://www.kiwi.com/deep?affilid=mihalymisroriflights&currency=HUF&flightsId=0b7701af515b000091e0f8da_0%7C01af20a1515b00000783ed31_0%7C20a101af515e0000bf9f6090_0%7C01af0b77515f0000d98f85b8_0&from=BUD&lang=en&passengers=1&to=JFK&booking_token=HQQJmlRSyEvulCtO1Ol5IFj9WYhwUCXAQ6kPc6phpYxbfPixQ-ArW83oTO0nfD6-GAwCI3HPonUkpK7Y4OTgFxFeODelDIwqCuN0e6-43oblOBr3s_ClAzkaXbQQgZMzqFkKWDW_B119ypg0OL9kqCvvrgWG2PUr-83x3kjJDo8O6JAVDNrtUC03ggHGEwKzO5nkk5GLbaLaTn3eXwOCF6jkzjJzO8_w27t7JzrJpu0vmN1FPr9bEZPCXJ4Pg9s4qd1d9O_r0rLfbgLiAJnGf2RYb-pNpvb-t_u9WNxt4sIOf7EdMF8009TB9Qc50jUTUwODTDjrQenkRn7wrdS2S4x04q9a179Lg0xG7UyDNGl2i7cA_TAbrQXzv__bkCADQWkuUUU93PBF-iWnJPEsyCfbmAZOy9uq9GhmQqDzzUC6ALS9UTkzm4srtvMfK5wVORTLyjFXGfSvfti6SLAfu9H3jaq2BeLTcDdY6jogUZh-JptX8q1UArDTi6z1Ymlz39LTbaIw12E-EzJPTfV2FrIoaBQZj7cI85vcIjsy0C_g2sYLKWxFZZZbVkG4fl3ott2ZylksX_RJYY--CqOvensA3OTjt5kvWbG6F3Q-CpnFSwhdX8kHKUyMMT5dhm-lZnhWjknnVPWtFff4WKamTTnKqG0zjUF1kWn5lK7hJ-AfpTHKqeezKP95-SnYF-5rNLC73YL8nRhNH7MwTuwfBpzW0i9TEKFHDv4cf-viSYXyDvTW0chpmHBX2yIIwrLbtSFxHIzeWON8g0nbEMjrWV0uzxbJC1AAi2xTSKn8kw_Cp6ipGzN6ClVFOtaf2EBHq0A5d5ryCRvHJz2iwdExRgw1lFOFEbbr6XVY86iDxh_TYwKf3avcv67W2x4W8_zUmRYAcscLm9KRY5fobiq8jfcP94Fm-3vnvLP3hULJvteglJZXFz8Qc8T0jkQvQT4d3q35JKyq6hCmfBRolb7ShLPWSW5bdAZj1xorcWE00BeU1uOoythJbmOb9wc7sCsBSSUkSNy0HCt3NsM3aSmcqeCrejQ0rkhBj4SUNxcBL7BM5WUJN0rFPQxdnyTnZ726RpfZK9iVlc4U-LpfOW9V_7_3G7own8GuZnabYyskOgbhW5oorQncEWcLxYev8jgrh0VagjrHyGwdNat1bA-z7WHCOGqCJNhAkv9HajiHWS7fsYzKbq0frq7JId-fpcjciJpkrOr3-uDYgdkv3GogmrrD6mS6r3Y-egv-IaZX3jfqpWmUqXcxlohYPlJJRda5O2YaHRmnkOj6o6NQGd7nyt5YxJVpefJdTDGW6X3kkerxMfUIc0XkyxB_l86WrlYNMnbjlYmPAXPUXFryn24RPCvKFwmqqyWoGFldBrxS2mU4=,1,1,JFK
Budapest,New York,236725,2027-01-09T11:10:00.000Z,2027-01-09T22:00:00.000Z,2027-01-14T23:45:00.000Z,2027-01-15T20:50:00.000Z,5,https://www.kiwi.com/deep?affilid=mihalymisroriflights&currency=HUF&flightsId=0b7701af515b000091e0f8da_0%7C01af20a1515b00000783ed31_0%7C20a101af51600000708ddda3_0%7C01af0b7751610000fffc21d1_0&from=BUD&lang=en&passengers=1&to=JFK&booking_token=HISw2tjSx5BXaypUxr1lAs6mi6d2BLrsNW5gbH6Ukkn28AUiHs9fhTDW2QLm8-WJvKTBEq__gaL_Sktc2NI1pbqkfxpaNHMq0F4crdMjgDM0NiJXvbZoPg0drgUM9aTtxD8Xf4c_ayUaxUObbN3-6meb4OhAPjq89I4hrpafQig7J3mdRUu_fbV365fzCNza6jGvjBugxMsjaPMF90N_njtnGaAvQN-dvnTtn5w-27F3CxT55Emq5K8uU_Bgh_EVqJLZ2SYWWptq-9la9wc8SlcUasZltQqWiE38PyNkRpQUnCsMsPnCgkl_VHWsrzeQbdFYBnEhxF9hbr5qe17V62njT-iYSO5g8Wqg36a9y4vaUS68FneetSwAJEl_TZSc-c8odVR-90Rp0TYEVWXzAl7qBBflQ-hT7hf1OoX1GGRSIsnnf-ht3ijC1X5VMPrUMIlPvhlMEgutlUU-SIvo7nUelmnXrHxDq3a0ln4JK6ZLdClK-NB_Eyk98USsaCHIguaVS6NlVI6CWJ0kHMkxX4DBzKk_wtEVhLv0iiylZtxE3MlhPRkljkc6iHwsHnMIVdEpuN4bFl5f0d02zIP0SgGhr2o9xbSehoj_mwDuLHroTfZg-yoqc1jK9DEJi4K_oEes6nMVCWwZB5_hWpy8c--gbsNE9EDjzltIiJhaaSHXpqONLuoXt1_NT3aIK0BOPPXmGCM2rlXUdQGxoymaz9z4AdRDG-BKDXHqETgmOGhbC0V27b-G9UqZjuw5JtzwQTU6-7dqJ8A5PLfLDLAkrIuPNHvmMs1CxAfPZPiG7JyEVw8a4LghPVUFbp3Vhb-wJ5OaVU0-EChSmsWWrPLwnhqcWXMvr8NiIe8hqtAGgDERaLxcMdIhPrmQ1thsG_gQm6hTq7kjHesy00Zv-SlnU-JvDFeoZ-Jf-bLKdEyZTLcg534hy0mNzK6g92ZplLhyjlR7Y5F4EslxHYZOeAXVVEoX705q87IJhvNCs4aHBknaRmhDA1gPFY_Dg35kDV89Wj29NFShwpmJKTMJMxQG54tr-yR0MCgYCWV19lXrRsSwXdA56GQSC5xwoV60urGgYghbPdYLZ5cS3LzQgCYLqnNHgcTutUOA7oCfLI6jasOdDDPjdtPFKoMpDBf0RJALR_hcYNh4EXARuLMTd0TN69BtsoQGRj-XgKTSwQAPMN1DElI-dbE8c3q7sNeiwzx-Uzwfgu2_GuAhBl5Evo9Q-QnO5p1I1uN9GnIH1BwQ9d3gZAOZ1Pxg1opAS9OBytGqBqTybj-VOVq7qyTOg3JXnSX-zaCm7gMd_P6z48IkS_6yUBOj4znoR7osxR6vGy_dnr59469GMhWn0xV_DmRO0IQ0ZHCz_R8Wxz381yrEZ9oU=,1,1,JFK
Budapest,New York,237542,2027-03-28T18:45:00.000Z,2027-03-29T11:55:00.000Z,2027-04-04T16:15:00.000Z,2027-04-05T07:20:00.000Z,6,https://www.kiwi.com/deep?affilid=mihalymisroriflights&currency=HUF&flightsId=0b7720a151a900006c9ff165_0%7C0b7720a151a900006c9ff165_1%7C20a10b7751b00000d8f64726_0%7C20a10b7751b00000d8f64726_1&from=BUD&lang=en&passengers=1&to=JFK&booking_token=HnhDI_X4AGfJ-2F71Rp21cCT0Ql04Y83Hw6ASd8m0MJ--dXa8HKdEUc7GobW-fvYb9WCgObvnEkdiQfjQ_S8BgqveZAWOJpBQVrHHa6A_wVBCjugqCorVsGHpqrxoAV7CHqtyYb6Hi6oUJH0lOL1rARKzqThRNbbkdB5zk0h5zy-SpJj_roupEGjspTLOYeGzrfdCKDDfWWwIIcw0nKB2hcBr3BYRz94DhdD9Q8377KL6msUOoMztL_fyTVAXckoZ8gvt5SrvzeSpcHE83sBoADwi9tI0TEGRbgo6YR_S2l4oRMzKnFS58Z3vWJ9jXa65E-tmB4097Q6Fe77gNrmKThhs7uA4MfbUfipgiJGGiXsPxih0buur4xMthgI4EBHvjFS91ugupAfiwWEaxFRVfbcOHQPq6NBaStL2WyG51olOMMRD4bIBurTzeZkpoVWb-YdOJtLwsOJsV4HZjGtfRWdZbeMASEeJqmpyr5R6BUOymclw5TlyNtj-kjUuE9RZZyyZcOhmjQIBvBhXqUpF4jtSyyqeQCLZ8vrRt1q8X1xgVD02eD8TG-1jCdhVJ_MowFeJm9u9sCAVRgwM5Oa7qoOcx20KXGZWENGMueCt4Tdc7Zk4V5o6GwvTL_MTmpCWP81iAP_Eriq924K6s3gTaEYWfsEQXeeNj3W9DnVObiWQlX3XlSRQ4JYVOVOAnF6vHWq87pVn8ibxzX_UJYT9YcJmUH2enNDkDCzPKFfy8kY67fT0by-wyB2G19pHIUbZRiBR0ZxWN6_qKjUlerbale1FAfL5Vk2-ToIXUPtjdLhuOSdZOdpBSq2XvVzj7Mvp05fb1FRGi_3lysIPrV5YCNyYj2M_gUgg2tWI01vfCsZFMilrTbmnz-h_9Z3AxZOakEE74M5vyhIXhKzOCCrqvw1MQGDqcHApeLgUUXo6oFMsVddxfmdXoeD4ML75wswVBwVeiNY27M10szZtC57TKSbmPTPwPRHET6zeM8qBqb51Zurv6PekJm9lAXLB8HjacOZ-5YrW7DZBGag1EhG2WjM1Z-YjDEqivBylvxBcQD2Ytp3z--hg6vfFTkR0_arbv0ocOMy545_R5ZgGuSkX1J_VXT03xQQIw19m0qc3e6q3ReLJsyTo9xF3lL-TyReGbWnO62IRHfs1lTZw8GcK5CZAHnp3WUTEEh2UdeBaY6vsXr8maUROoJvNHgS3B_7ghkzph1NnsJAa6LlNJ2k4feQoABzcOBu067BFeKTL-AuyU4N7MZdqDDZI_L8h3up2yJtGK3XoLEuEQTH3MbeDsqoA3mNJlCnYf-cB8njhreo=,1,1,JFK
Budapest,New York,237682,2027-03-28T18:45:00.000Z,2027-03-29T11:55:00.000Z,2027-03-29T16:15:00.000Z,2027-03-30T07:20:00.000Z,0,https://www.kiwi.com/deep?affilid=mihalymisroriflights&currency=HUF&flightsId=0b7720a151a900006c9ff165_0%7C0b7720a151a900006c9ff165_1%7C20a10b7751aa0000b34662c3_0%7C20a10b7751aa0000b34662c3_1&from=BUD&lang=en&passengers=1&to=JFK&booking_token=HoDNTK7gidfnEEczCujsLWxcPv6GI7dvyEPPdectnV2rinhBFHwVrFp2SudvvLvw7Yw1r3Up_sqCMXggmbP3X282Dj8j_F2PsMy68KiuSIw4ItftAZwoGbVDbwJOmZZZFAvqseq2b-Auv6U467S32ez_JGPQeEDdrz4CThIeWCAxb6FB_D9vMjd8-FMZi2kOvhTtXblNGPGkzFqnNPM9BMMUxox57dogdhVQCqzp6D8X2fC7khgf4jjx37W2MA2Qj4JUuwagtWb1MChtvGIFr4x2645lL9RGwM0VJhDFrITTVYiDY_mbexTMKIY1p-_bwgU1dGNOKdbf4m_4N318IjvgRul0Z6nSzbds1UNZSV6nQjMsv4jc7C8y-rIsyj2bCBkeZWlsa-fCTlSJzf_zBBp0EA-Dwkln5Ya4X7p_w4CZYKbvZdQgplh5tZ4U7DGpwxB3GPL0nrxVeSDiybJKQe_MJQj1JI0S65EMF2BX5QwGof3H-3IUNVy25zVLWkreAF4ZM8-8AyVXG94F0zjneeAEIRLRPqlQbyCE1SUyu1NiibkaLnebE_UKFjyWpm6pDzY9M0wKnkkfTm1VIe1IpgsK2vxJMHIne_--CqXDvejnhHSb6Rp4AaoBnraJqa_nBVJq-aOhHC5pc5RtNl8E-y6tlcpeOGBB43RBUxDM-hWnBl2kqIYWM9_smZblJX6DA9ghMD0_o6HC7XA6GPuM4M0L40uuq8r4Ztem9-6L2waQ8g8b8v0jGVfpD4HGBn1JtCf57JUDJ2MOECh3seO45Y0MoK3Yv2XwVvxOOlBqMc7o85Suaps9QftQ_2EX6zAsvrji3Bdu8ElWoE3PLwTsSzERW5TtlXy_0lOpzTG670reYzt8VbHxu9j6GzLLyit6lwzUi5w1-qOoulen0j55vDLHq30er7zNEjSc33CS1zOWd5SRcs7bmZhVBtNIFM6vo7DJEiniQw-fuj04szvj1Y6AbWzO4Uzwu54KOk_Bq5QuuVC-cKoK7cschVLIkcD70lnet--zGPtQqAwdweUSl2ZD1bvF1YpGklNxYNecz5hQbjPPBr606Ed8Aezsp8b2MfTn_NmJPallprRxPVeMOk6dHCOUljRYfestKcjsiuHqzQJ6yr8Rgus-qhz_DtxikUOEMh2IisL04YlCw2sDHjSuBZmv6LOffvOR171GPK14csSiIOg7E7BQR32PC0nSHcj_xGcHRvbVMi5Vgc86isL4BgRuhP3_y2JlixKmy7_DXBn6OxbX5UHe5F9iO0sf_b2Rs-JLcWhJfNZznkwJrp9Nu7p63XPkXc9taeV7E8D4=,1,1,JFK
Budapest,New York,237682,2027-03-28T18:45:00.000Z,2027-03-29T11:55:00.000Z,2027-04-05T16:15:00.000Z,2027-04-06T07:20:00.000Z,7,https://www.kiwi.com/deep?affilid=mihalymisroriflights&currency=HUF&flightsId=0b7720a151a900006c9ff165_0%7C0b7720a151a900006c9ff165_1%7C20a10b7751b10000dfdbeda3_0%7C20a10b7751b10000dfdbeda3_1&from=BUD&lang=en&passengers=1&to=JFK&booking_token=HefiCEI2xyVtM23ajvstQ1YJ1a3DNYG_Ywb9uDMAXRIVoRH5aZz_UWJo-4forvOSlng4xkTLX108heo8V4I-S5nMuNIcAIIFmvk5lT1jhiSB9kG3XP__50hWRvdGQ9TPcdYE-EGJSs7aXpLe4abKBYQ9OG5IT9Q-7oBCsRolY7BRo0W7Z-TmjHvjzYfbbUauCbBH2mzWzl4vmhvbAbZRKNWYa0IdD2REBID11QsiTDdQrLbtkVpyjSzqqVy0GkMjWrTGbDKrz2MVzn2Cbdg3CgS3SqqayaNffudrKWbPngyQNkjaDEKed3Q0pe4SY7t7CdKmafIKq_-wp3OSSActreAbFQjEbqUs6y3WXipnRhexri76iOdEqT6wZN3c2pOLww6OsoqjenqEaxZKcitbmwX2KLM4bBsEV8-EDeYQgK8Hh3sVF02H3Bee2necCYvysWkMTyvbRbuDl7EmOVeSwnwnjHbUjNdO-oIw_TuYprPt-RHwmHn_8s37oHW2KmzqG4DOeDg-zVKOE4ka3sK1-TH1UjB_7mZwd0zLJT49rsEzvuxYNbGxSHVzwhkVYBn3fHYTNcFP1YSQ0MI6DdcsUVXt_0RF9bZECE7f5Qql1R7a1nh2sGOiLbwuI6KpBMQj0l_6HiE5Bq7CAu98oNyQvMDNtartRmVNwshos6-3dOFJpaC9Yp23T3WtKhK5qC5ZuP27CXVt_vJGdURy_NXF1STjtqhiyerLWW7oR3LHdHxNPgkZo2mpHNeBfZumaXfToQW2qe6d-h4MLP3X9NzJG0TkEBGIK2XlJId17a9tCVCc0QpkR5T05ryDcMnZHs8DEhG_Bj5zfzEfl-X7tPoob7HR8QkruJ_fSmU_SYzqtkCCR2N4tlXxlRdDcBMyLOlXrUqaRqffm2PJ7zdy859Z4EbiyxneCjmassqbtb0Smx05GvMhwtjeRhumbvchoh1U1QlvAV26WR0jDR_URvonf0FKii3dzGLDnII7WaVsgv_DvcDA7OwljyCeUMTW7iG-bVQaKAonMJySQEQZVDY-qxbtR5aMBMT2Hc0b7k9CN2aFy05MKdI2RG63BCzLjDL-7O4a0YUuW3RX8l6z686l2tvF6H2Hm1bMctKQLpKB6LCklOaKSSzJ01wdW3GXKFrEKi6sSQEZgJtnaFRZmTz2GE_aSVnjil0yubDXv7p0nhxAx_5otQZWfvro7bYPYb5PfihlCkrAf0CYqeziJKmbHPpwAneAikXkCr60DvAY4IEUqwf00Nn4_fNAK1ZPzZrQX6sQ3uukkPzqRs2pxHj6pdSKNu-CfJAi9S39oKt5BSxE=,1,1,JFK
Budapest,New York,237682,2027-03-28T18:45:00.000Z,2027-03-29T11:55:00.000Z,2027-03-30T16:15:00.000Z,2027-03-31T07:20:00.000Z,1,https://www.kiwi.com/deep?affilid=mihalymisroriflights&currency=HUF&flightsId=0b7720a151a900006c9ff165_0%7C0b7720a151a900006c9ff165_1%7C20a10b7751ab0000931971f7_0%7C20a10b7751ab0000931971f7_1&from=BUD&lang=en&passengers=1&to=JFK&booking_token=H5wGQPvu-zAsv7lPNFb_z2Im-ZvV3uakoJbBIltBIV4RrIutmPBbei6zHH0txOlrhogXm5CCORWKYmKpzipaN1ANU82lu0SSZ23V3Rp08ICtiIRmwQdWfLLVCZBM52K-qHs63gBv1Eiu3vAYnLxy-3EAt3fXkeMo9SOL0VWQvL8tiVxFIE7hOiwgf1ufzawcNd9V8bACFIiv_6BqHnmUDHWt2VIe2v88a-JcIPH3hQ-LPWdSTGjj2BkSqnRTbAlkues53C3zMHs2JflrtzhHcw7FPJP_EBOtSBAZryzzew71VXwbTaEjsgYgTUA_IKy2VWu5fVp6ymg8ZoI41Bp5Rl9uy6XWFrEqvGupLsn2zKN9t92CRvl4xYuHRd35MjtMqFz_uYRMsI8BnRn-ujskfuBQpaRmOUOEmQpo09mCK4_EeTGjCCd3aJzlMvpJItadOL15ERcNXk_8qF6BjTMtx2vk8_Y24TIpnGh9WnA1n1t4piH7RV1-FFU-MuwPPQwHNGL3c_TpvKEB61QEnKbTA2l32rK6q_uYTkR_mCS1HoqTw3QE7jwaD7-FAAQnCHYZKeCJSnLWx1jh31NDJWd64FehLe35zqEKfRXSRxNDZOW5TYwBhUflN6fzA2SJonDMep2l0LbOc0yAG_KZbzw7pWr6uvMfzdBkHNnTikoMBv48E99D395AdfEY0DAKCIB7FEyqw2k14hXrJ0sK8yk8e120nHo59VYRJ5SkqvEjhCzsbkmWFOcrFQ3UXJfqLgt8BrwU0_NYP7e-q_NbaD0IhCcbMgMd1zU8ep40P42lMf1OMZlUWLZ0lQlbhXNwDcwURNXuO1-gtwDHWnlx3vz_6P7di6qqWtG4IsMQfcPCqJK2XDsytnfNzUCF_x2B16UffkhHhXkPbtihyeC5hsjc9J9FMlITg-hxLMNk180-idmnYCIJgG9Lm2-agquUC8wvPP0mXTe2FdegCvE8nuSalAUbqgfh7ZQcoOIrv05o18vPz591-jEQxzoL96Gw3bwE0kjnhngIz5k7xuuJbypuK-bQB9-336kUWKMxprvIzL3KqhrFwxCGrhh-HqogYuiMz8qQujl855PMVVOaBtHIwY5i1rR2tfTelle_1LrsiAgoZG_i3J67cyD_LJfrryzyLuHJ7w_NJ_fWdJMqJenLeCuvbbwbwZoNX9TOCk47r0dmexupwNJRVR3EJCr3cOR5seC2CWq7Gck_QtVh8D272ztxHITP65LLqCOAqNcuWVlytk-Lagpd4DFhe8RykQjFP_Ps33o6e-NJFxCOTuN5Rep2iiigoBP0dtdhcLlO2s40=,1,1,JFK
Budapest,New York,237932,2027-03-28T18:45:00.000Z,2027-03-29T11:55:00.000Z,2027-03-31T16:15:00.000Z,2027-04-01T07:20:00.000Z,2,https://www.kiwi.com/deep?affilid=mihalymisroriflights&currency=HUF&flightsId=0b7720a151a900006c9ff165_0%7C0b7720a151a900006c9ff165_1%7C20a10b7751ac0000b86cc29c_0%7C20a10b7751ac0000b86cc29c_1&from=BUD&lang=en&passengers=1&to=JFK&booking_token=HnddFCQYPPUa1BLsiT-2rRgFJlcgeNmZPTgRWyb8ziVNUJUmWBt3lmW8Rat6b7TaL3FmcQdYnRk7llINMaDhX822bflOBbslmRECAt_s3Paf7MMW00Cn72PvCw3I5H7TEa07wDLnCJ66_62RpGgmVMR4C4DtnL5gHrEo1AcGszRHvxfZICHqsdsNH4Wi2VLPfPX7TRFmpB70KaV7LBCkPIgPns-t7BsVjjT_5wxehgiZIEXUZB9sHfeB3iGZEGY_WlYo5FlsDy_6EIQvi3BcjmEccIpTems-ppxcCPdZzm-mNz225GMu69lYcZzv5MPvdxQsd31qOUBiyW0huRCyKOL-EgueYVq4fnhQhKVk519dqWf1Hbdb8E1h_Pf-3VK0-Nq4trXiXvsrsJxQrp1UKFAbRK3boQOU51Xh3aIbqxoJutB8IWC51Q10gI_HNWldPUeUd1-28RZM_jnZl8Q8ysy2kMFClNBSC_haiAapSAuN0EKkvBkXlvz2wiNYiG2c6jXi-zTYqTusQHxHrfPZ_xODGQPJJ30HDxfKS4LFBoetcpczhbRTPTbhTx-1j9hCA_WPJ4Lw_P-beOr-o57JW7vpVIaMEjdg6wUgQSNKn5yZ2LIIW9YFhTmjEpeq77-n31w1Z-Pr7SnyiPEiY2iiwL0XC8jafaNYJr2Tq-XdrAaVPH9lVCxlX6TzjLds3QKFYX-JQK9rrxN3fl9fXvSj0oX7Z1lfxSuawk64G9JpHIA2RwCisoCX-cV2llrieW3-KM6o1YA4Cq_jfXMcj-Tht0PNlGEh7ltT9XNvLxho-YYfJC3RjXAHiPGcCsk0CtIdSqHHSsZ05wmFQA5tDyK1zLQcpTBsQIuPh_5du4uDFRrfXxrw1GwToxAklYNMsPnlZ5zstXbsn6tKm-pnVYjpJ1xHSRhHZxXu3khzMcMACKtxi1-85IHRfPEpQY5_INrTvW58dI7LFxmK2XGb210d9RORwpOZb_Ef_azHnVKRa5njqC9AR4IcMVt4CAhRKRJunLNgPrPjupjbuv-SgnVkOFIOjvl3QUX3jhHKcMXml7r0ZuHNgf9rLDjuwi1_G3Ym013h5j6bg7-pCDYhzC-_L80_xFG2R90_aqkmuDJB_MWrcdAMPh4bm2ymC24RUNQ6caOLXWoCTiZGNBRUBpRfqVplWXkqgStleSV3NN8YePRqbj2qihO8Nef29c01ti-7wsEq1ti6xEVqh8nAtzYL1ZN06ZNXtBKm66u4H7bKd1zDHAoTRKfzeJtRSEYbXHkHLGu7hYFghPuQbPWYCYx8TRUng59KhXOM82s8jfenwwds=,1,1,JFK
Budapest,New York,240355,2026-10-20T14:25:00.000Z,2026-10-20T20:05:00.000Z,2026-10-26T18:30:00.000Z,2026-10-27T08:00:00.000Z,6,https://www.kiwi.com/deep?affilid=mihalymisroriflights&currency=HUF&flightsId=0b7720a1510a5110311519a7_0%7C0b7720a1510a5110311519a7_1%7C0b7720a1510a5110311519a7_2%7C0b7720a1510a5110311519a7_3&from=BUD&lang=en&passengers=1&to=JFK&booking_token=HCOoppAUxwbMwn6-Rv9osqZasp-qDp0fHXJUoUxQRB3j3T2T1qSRFmUvpJWZ9ui2OKxia4meNdTH5GqKg5sPdEwRJMnE_XwY0cXSEv4VVseaejJ8-aOggwRxovgz5FEiNk41nHFBJpT07jZ0Awy0uIGSwLjmlpowdwIZ9SaHu-DlyuqIErgZhtWkCwBN2dA4jJdrIzt1moCnpLv7HMW_b28IoRv20Dn6OhVfwG_NQr6T71iDV6OWr7nQvcj9_1KIOywgwDa97vEwxlJmljgdp7hqJS4jMUPOyCKvlDWEkknyZajVHscxkK-G5YV4RmnyeDHGHvz3tN-zWfoeDsBRevv1AZR7Of_AyyRDi9mt0swcr01HuI7z05HT1af1wAI5CucT1NiigOefgPW__xso3hfFkOHnk3vH4mXGhbdeeWcUIE3yRILwTiIXLYA48HuOExndP7FgQK7SIyVyO4MxF56_l3F-R97XgrbH0gETMVFzPYJCspLcWG5Oyf8QEXCvSSM4yurf3zaBWGWhAO1MTga063geYUwEUzBeLox5gF9So5l7PVujFOpftFZGhoWLoQMsDE1GwOhmxdVFBNheuDwWwax3wKolvmWWe8lJI_enogO8euFjcmCi26a-GkxnFxYFOuR0XX9RYLKd37nZDziPk2mAmJk5BbvfIUDs-QtgjTEHWHPDjktcZqW_A-EFtkfnkpH1wIPHkVX2ofFe07BJlwMF4Ftc2bhtjN6nhlzZJEicPfHhOib3vLHjgiZAcc_nJ7DkmhJxYPGKqtqhvpV7hKuXL4Ij8P0W6dlBWgLp8saDJ3JlMiWVEZXPKhdFzbH3Qj7JmeDTbx6WKRLcBUJmZpYJUklyieP1enQ8bcawqtlW2Gtrq0aSXRA1iB2txyCNWpbG6dIAm-R798rjuxCopB8t5QK_EMJ5uZ9frum4c47G3hM_F8MU76rfECyNR2c8WJBqqtrcb6mg3OizHXlwUCGVZsLCBfBFw-De4yaq9VbrZcYwIKHoRLNQfOYhXmO3tffDuzyp4VxGqM-ymJZwlPoD5hbY5mHdSskucZyshhmF6NUF-3XT0qj56O1rva5TCwHfAebjIh5K68huzHQzdJcrXg_QI309fPw_DQE1s6XBfaWI87l-D-hRGAogXM9mlEV_qVJ70qIoPTHvZ6WrycQ29obipHVQyKx4X1mpGULbIngr576PqUmJop0PQS5Gr6S4h4Hqr-I5oU_aYq3CC65YeBOoBcI6MreTgCUefC42WZiILphJJInmJ-vnJ-n_LQRba5HZFQPDjSQaKNhuyd1QwbvK-3BYRhftjMpU=,1,1,JFK
Budapest,New York,240355,2026-10-21T14:15:00.000Z,2026-10-21T20:05:00.000Z,2026-10-27T18:30:00.000Z,2026-10-28T08:00:00.000Z,6,https://www.kiwi.com/deep?affilid=mihalymisroriflights&currency=HUF&flightsId=0b7720a1510b5111017058b8_0%7C0b7720a1510b5111017058b8_1%7C0b7720a1510b5111017058b8_2%7C0b7720a1510b5111017058b8_3&from=BUD&lang=en&passengers=1&to=JFK&booking_token=H1ErVwYe-O3sjMerTLurHNaU9ZctLvmLSnn3N8Kqa00J8iR-mEvcCRYp5aB46cyX08SBflzyLK4InbBtI-qWDf_7UljclVsLtB0GnGzxQ9ejUGMhOLPJe30dm71AYstX3qr1AjhpQVx9pXEnuweFAx01IYTNQtxOq5mpZehbMlXe-pahFLNtioU4ZlxAWwoE4g7PHuU4tTAzP2lc7MTU-dQwld2H0BiL7db66QaCvIX5UjxbaHuulqMcTKu9JQ1Rakst892xtC9DnSngs9POIP85UEBmZ6iBQkkujUcPskMSP85NvXTjRPBnxLL8x-XNghMuynoTk9hbUw3sD6eJGuMrfH9kUlTyz6Uy128EzCe4OP8YPPsE_MrNQ7xeaW2B3CgTOnTwkgH638yth0KltGwdIhFaXNIT7o1n2_IYVL7d7ujULbzoahVW1CdRnWmSXsTbxTkrfjZln_Au0plWWFc5fVXnedGyVj8UMWNA6Lm_ggZPLQ2X7WuFgxEfUTUWZScLIJKnzs_tVkXMQfB-m4MTISwzw1sotpxa9DDxZICI0V7kALd998Z0h1Y_-FdUBfmd0KKisDRr7GwU1hpFOANET6-oYkNJfRMyp2VQQz4iC80CixhPtTp1uVXSnDIdR1QBv0GYbH1KMt-qa9AZa8uS4Ut-2kMteGzJXxz6RL4XfZNPPtoZOHhdslm3f9-ltRx20266cBDHXJkdCblNzUvK1sBucbzCawDLm7ZGpM_lFYgaw5M2k9qtfdYtuSTAz2AUke5CgkecK3TVc--Fr3yaC2_qRmhzoPmQ94GKLq753c4j2PMb_0mhNbSlc-CaxKqmQK8-hSdd5n0rVybIyx46e5uLYYq-4QXYgs8hYtKmOL0EdaKTkjBSEmRZLAsdYDQvqkigVB9vNCZPSNUinBBkoiRI-AjVWYe4AhqUr8tWRQam1UQA44vjxcapUr8uBQDEA0X8aJ8M6rKeEGFz3Y7rJLd8NM99JAIBYkY1zW3TimxSQbdAvNOqMo0_nGqD-kbAibicRqGu-dtTPmwotzLhwaWv4-3vRUxZ3O8M_WkwpqS-t-fBiF90AFux1SxgR1vHn_A0cbM7JQQKtH4uOVcu91FH3bzctBm-g-Tu_5FfG1vm6kTrDXr3fcvOp-Rk2lIZJWKZqM3t9q1adosmsPCxvx3Qe97zpUnmjk8lNhCyhsWiYGfsJ2YRjDTAMhijl2bqVo3OozRZCp-3fOiDVFdAht90ioS90x7cynNGdmZRlArMfFJe71XFyEyw4nbOIn9vDuiJ4Mh5Fwg3ua9uZfg==,1,1,JFK
Budapest,New York,240895,2026-10-09T12:45:00.000Z,2026-10-09T20:20:00.000Z,2026-10-11T22:20:00.000Z,2026-10-12T15:35:00.000Z,2,https://www.kiwi.com/deep?affilid=mihalymisroriflights&currency=HUF&flightsId=0b7720a150ff510176a77f4e_0%7C0b7720a150ff510176a77f4e_1%7C0b7720a150ff510176a77f4e_2%7C0b7720a150ff510176a77f4e_3&from=BUD&lang=en&passengers=1&to=JFK&booking_token=HoaEirqByEzEzXCOWIEChSFaot1v0LlbRAf-A3gWcjLpyVZL9_KhP1Y47C9aE5UdwjIg13rxwE5YWV7UnmjrcYNx6uDVKcjAXNZ9-4OT77FOK2XhIaYQLYOu7187fOWKV60HsjV--csj-l6INVVN_AoIKAGOiSoFkBka1iZPp9DdAPh4MYolanXua7CTeZWjtOTQrjWo4ALvKItlq62LBJNE7615ls6pY_rQz_i7EAHYJfUGyEFoAGa7KvYgJKaabEqI44LPN17BvGgr7sMm21yeF9Mms9gWugC6zw6D77ChtfHu3wdo_JZ4qMIOzStjAOrVtZmhxf4Cpg-k7wPt3K6W_Ya4wweJIkSel0b3XtqD7YsjqRx5HApKXgEXZZlp_kOQXH5Imsg5aBcaINUqBBDhcgb35z-hMV6ICDDKk4D2pXOiHvz-8Tp5VpQ5R4lHw2m-Y1R4ss1Pjo-Sa8FQpP5f0T3SC1Z9qSHs6nlIlp9E6c_QbK7ceGJK2NvY0OP3F1S6cxPstyJ2n1JMwYQX68e243Lu0FXXTqJDs7hu142zs6lBu1kl04XPv6C1NvLSNdZAZV4AFo8JliXdGTiu8guXbn9NcjXDAhmJM5ARp9A2puLNLNOTcuKSVL16s1RdA2O7yqz7_HxlBZgdnWRES_WMCI1M-DSqqGqhw62V_CQbs-DVrb2B03HdanvfMmCQIdlTpI0DJu5H7nlUyAUwOc1mb_UoFuQ-lAWk1AKZvysKLbgVWePH7ZFZkIwZfxrUG6ow2JpA6mKhzVE4VVi8cqVwuEnQA8cHVqlmzQDCZZz9-abvpCaUFOa6w0_Uc0Mf7P1eiVSUqpgedKNsSbDuG60AdqiUR9mGULISfaNdrronnSQLHRTNDeSrNYhLADYPZ6P9tpnkS9UtuXJKO1hJnT3fGvdLeKkAq6TNo2J7MWRB3588_fic-8zuL4ttvoyjhviGFoLRZXpXB3U0frrxGG0AjyW5aeNZY6rBZOlS6t54sjbKakjsbloIZlffXdCBmv_HnasrnePHoSMPtvpGE1qM4SYfAea89BULUpWpD9DFQXj0hbG6cq23_8UUzQkdwsrO3lyBz2xnQRpzedcPHVtKsuTBIlxUgemGiEjjqT86Vn51cfiNW03Mfp8m5MY5PpAvbERD2xC46uS4Lkm2ffVRtv07l4ZX5XE2mma8VOn2w-Ll5sQgKqC7TzDpEgmbE,1,1,JFK
Budapest,New York,240895,2026-10-09T12:45:00.000Z,2026-10-09T20:20:00.000Z,2026-10-10T22:20:00.000Z,2026-10-11T15:35:00.000Z,1,https://www.kiwi.com/deep?affilid=mihalymisroriflights&currency=HUF&flightsId=0b7720a150ff5100cc1d879b_0%7C0b7720a150ff5100cc1d879b_1%7C0b7720a150ff5100cc1d879b_2%7C0b7720a150ff5100cc1d879b_3&from=BUD&lang=en&passengers=1&to=JFK&booking_token=HWwv84Nj-Jkti6jxGDPV2Mp11Xl5sp50bVyxEouXswghza_6OIEtzBVjoKotEM3Jhd5d1v5NHpOkdAyZJyhWesUfQjSHV14yynE6Dz6SQKajPPYqAlGaKCIeLBKeDR3xPqPpb3jYLgjWewm8yEVmb90_h3yqhuUmyFBHyPoGgwlQmto7tEfSkfjteHt6UaqWPpgeLPA_YkRClGL8n_vOXT8hDluxpQNyrdZq4s-h-ICYFQP5J4CH034_MImfuoH2AV0QV0qic3XeF_TpevyE3FcjJebCIn2XkqNZPWRWpRiM9PrU57Fx3ACDrFJnRarMXOzjMydB6cRPmiTQLETPzTI2K2glzOkXQf0R4dzWU1pCdOY5-gd-_XU87vwWZbhfZKFaFqQKQVGvqeHJsKa5pYkBb6sMQBUSE-eANOwTCd2ZKT3WwBpQgA7DyhDcpl20iNGOmHX2R4qQik_MWYTF1CBiLpdQz8CnSf-Baf5xY58sGKzhEQIf6oEDLUINSetLMKooFS653VsBIEtbfg3U0lV_LVlAXyXavdpU-aHXxLhOR1PwzKpe_lz-p2d-t8vlT1Eduq2poySEzrMzYfzojkcwwqKcYYqVhJ_WBQ4D59rM5h8bESN566tP63nic2xBNmDqH-P7X4L_HPC5NJyy1CKL5cSgAsaVeT6flsbdtOpmxGsxybpX_Z2_UE8FTHgk0ZBjgShOIFa0DKMALhWdEUfuPPEOs6bRKnff4WOu1cpHP0Wrswn7riHQk1wxT7agZVIvcdAs6ZGTcYM2q3YZ0gsqWn7eoKpE9rPN0E_cCAVfyNl9MDDjvZTF_FR_D11YiFUs9mE-STHl_7RSbxU46LF3auxs-C8koJc_LOmJGJG0YpPwu3P_kGWdLpJjqXTEJI4EzrUXVNLKUQS5XT15AdffeY8531J3JVgLYivEBXgQ5hEG5nbEJ6AaPDUN_Ix3AlhQevwrG9anLz1KnPAME6-OYj1RhbsXuy_-d9QTSr5pFJG5TOHscXhjYeu84LU2sIMxqCGsxTvuoTdagJKy6wBx-jj58nprFubq-EcIEw_aT2q0zo37Ghr4FO1gcGpV3LD-jQte-wI89wkEuLQNUFPDK2X5Mwa-0NXEnnHnk9M2GZTQIJeKGi73GX3JA0HG4pTAotFsLYvi5F33XgMTQdDsnpVFCAQHE8QT8ZIWwObFJkMXvrqpwLA8fQ_nUOF7c8zbY7hb06-WXqb29BCwpFQ==,1,1,JFK
Budapest,New York,252322,2026-11-20T05:25:00.000Z,2026-11-20T17:50:00.000Z,2026-11-22T19:40:00.000Z,2026-11-23T13:30:00.000Z,2,https://www.kiwi.com/deep?affilid=mihalymisroriflights&currency=HUF&flightsId=0b770a2251290000c50c5f60_0%7C0a2220a1512900003c946b9e_0%7C20a10b77512b0000bc726849_0%7C20a10b77512b0000bc726849_1&from=BUD&lang=en&passengers=1&to=JFK&booking_token=HjU4vSZQ1e2InHBOk7roEytcXssTMkfuGZt_wTBd5ZhbSfwWzxcrF94UKSRIuI1dfy1ZRRzW6vm8I-if8b7H_gFmzjKWqddDnU4ty8uUrVI39_Zfeeyr4BawTbOqzOFSzdpCXc3qqVxGMdSCBCbIkPhtMXaxSO3Xz_xZbbqwivKxJ1zTQhB7EEs_zhaiOJrgtUfZp9Dqnilzcg8BIcDqf0uT4PHD02_2o1FP5gkxPtfV6THImQ0nhkyMQG0tlojsKw-tdkkh_Z0Ug5CEJR_iOmEFDcdasfSR53v3ESu34k_5tZ5GDEuHQwkoQ3Ex56NUlSnl3T_71yuCHhZVgrsjQd-BFHBi1IIcc8QzNJlP8iCHAmP7yWas4YnJmFwzXRxatqg2WHrZcyoj-eFXOpGn3mcSA4a3JaQOw_cp84Eorn1btXT7ZrMdZ7McRoZqaInn74YT-Mk0pDC8eDCsKL1GJZGyEhWKaxdiv8ADz_heoctr1Yu0XMTCH9relk5vZijAcoAaFMct9jQo6toJq3te1wCYHUujiKOzdUY2aWnUQoavsmT53LK5t4WDzaU-3imHeAz8KTblc3zDajKgEyfsUNpGY4mMB1hTXMhEUKhsV4liaXUT9ZSd17p7Wqw8rSl1yFqvw0RAYzw8zidocp9MbvWG4IBSq--Wmumaol-IaSUzR1Tj2YELwlkIFhm7YY4CZdAM2R3N0gbscGUU4FsYDCnARvBRmZTqwAaIdeEzGix3VFFMnsu5_3tZOmM0tTKS0yKqb7yYy9i7Gs2Yxyw-eLZq--RC8I7G_A-lwE991ljBS7l_084gZubrCg01_7-evkU5y0Gjv9hf63jDDUwuxUT16NlvrxCrttZnkHtkiXxhV5PpMOks8ei_1Ip8Pyxkf7yi5QOu_gcijeTt1jQcOxauP4knJplGBRm3ojyf_EN75waAGvg5CFeuvbnxhDIWgH1JIy0F8QtCybL9nWrFFUE2Qc_yzfKaICweIVV7t7S_jhYiwZgpFI6OdqWZOR3rvsGSc-B3TvLIv7wi-0TXlCdfshHT0qmRqH2OpgMKwmcxkKEj_bzQlTjNt4a2TvRejXsxklZYiMLJzVPxvUnumrg1eYpM3ij8813jXgU053Af3u7oC2uIIGkre6aQBF02jIt9I5e1QfC2-ybFZ_HBlyyo5xXLVqHI019hGwJY2kus9bcJSpbXVWbwMN11brvTHYijZ99i24J-S00EdXtrkePcimNQ3vWpqgcLrEMZVy1yilRPVWduwwQHlU05mO17-aKt1gkp2iLzlbbo2eMNGav6MYMHtcKHxr0lRtd1-mxxBCwYhLnlRpTdAGf0k3BcWVcX85gM5B2DE9hyd6gaRRcnOiiD-Z66_FClpR0_qNQA=,1,1,JFK
Budapest,New York,252537,2026-12-24T12:55:00.000Z,2026-12-24T20:35:00.000Z,2026-12-29T22:35:00.000Z,2026-12-30T18:25:00.000Z,5,https://www.kiwi.com/deep?affilid=mihalymisroriflights&currency=HUF&flightsId=0b7720a1514b51507e907725_0%7C0b7720a1514b51507e907725_1%7C0b7720a1514b51507e907725_2%7C0b7720a1514b51507e907725_3&from=BUD&lang=en&passengers=1&to=JFK&booking_token=HYOW0TasSQK2b2VnbEaPA6zpcFI1dVU89UWoNgyAs13ndiCFLQyxjfOyYs05zuc6-vYvPSbm2oKW1WKYv-OW9Uz0lAx8rWrkmPceZVe4kbv2fhpdrd25O8QCHTGCER7J0U0DaKFP0barPcpthUcmrwau5apsgZGZ-4-WdqVCzSqNuNtEPude4qWqY1dm-178tsDkNs8ODzbYc13ADGSetFPGahquFb9AlO_tm6Pm3_8LRQNfruAmU_knC6ElLlHFU3yF0Ewt0zxwUaXc5d1mROg4nWyXE4Re0bHrvCVMSNAyFGK9PoVM5YzTLE7ANC3vCH8kA7xddzFtmzYopzD8rhS58Au5aLdRvUVXnT2LeEmocOmN3o9x0mMc0rw-9JJIlY_6y8c7YqX6ffwBYKVb10sUBSndu8EsQ5pAZjIWNacr-ltcIGQs0BYK23Tlb5JJWknQWab-912BJpVF4gshc53rzrxsoqOLxwRj1zg7FQ0dsefvBhYLYmTugJpaD0hAkYb2PTxdG56P9KWjqLKd5EEzzxBnXKnUXt95PDRYUa5SGLqBaS9RDs99PYzBcrs-yxQCKHG8HgFMAi1SzqclIt_T4aDORkB6KytAtlKLSIQ3ZcPr3T8z61M4zPMed-3wONfJcoJZdsmcFNgBgBovPK3nJorHmUvf2YRmRIBwzkn1kytZbYV5eD_1vIMcxOY5rHIELCTflDBjHuD3N_HEeDkIqiR-YQwvqLL13a4NB459Pa79eci4SFNF2WumKrxnJdLzih5E6A7Vmqv0TX_w_g3MuxMokBCCdhwDkOpaDUB8n7PUNeggmcR2NCN54Pv5_ao6ypaFPOLFxZ6oPJMVIVrO7KAo7GGoFSmoUjYtji_Hc2tR7RAkQNpSRMyM1uBFwi1JRJNnpbBCWF433xJMEUKzmSF5ixelatwBuWe-AyVq7PX63Ke1FHEmMBW-icEvQqIzyRPWA3sysWLnBqXSRsrleVYDCL08QeIZlVsa0hsukNIh_AToecE-Cqxggpiya3CcRiCvpuJodqeKwle8uFnSxmloWDdSfA7liv7O-34yRDKHBTLSC8EPzctvo94NT4gG77rtoFg8qryLswpxfj4UQCdHlK6J_VeCpg6K-pWeVKLhzD8fiAopYudh9Q2DrV26X7Datx3L2HiLNV0dgUFFmEkVOmtzMIf9OMm_EbiN31GhdQoHbtCwZRYk9m3hPj0qViduhFOcdSfzrpXxB-AU3w5mJ6SlN1SJnSQ4HEds=,1,1,JFK
Budapest,New York,252537,2026-12-24T09:45:00.000Z,2026-12-24T20:35:00.000Z,2026-12-29T22:35:00.000Z,2026-12-30T16:00:00.000Z,5,https://www.kiwi.com/deep?affilid=mihalymisroriflights&currency=HUF&flightsId=0b7720a1514b515079eab085_0%7C0b7720a1514b515079eab085_1%7C0b7720a1514b515079eab085_2%7C0b7720a1514b515079eab085_3&from=BUD&lang=en&passengers=1&to=JFK&booking_token=HyMK4PVXxrnXh_98pEVuGKpG4e4gBOX02P1_gkPXnjaCJEO00xS2mJas0yAsm0IgGkFgNh0uoVXJjGC0HccFYWS8M5GDuxf1L2G7-EMDXCR0lECv2U9R6OSAAIRrxE5C2xfmrPYPi2w_vGiofR8ST5NPdftkgIm--GwaOMUADE-dO-xNo2Dg3rpnmnanlRdXTspbvzKd0Htc7KqFY4uG4q_LGw2FyCHLd45ZiNdM2pV4QZl2uZuOhp_WVZeRF6I7Dl05shXZ-E2R-tnMQIdodKvxAJQrFTLuwo340kZ6v9WMoNFCHD7uDQyIMOusjAzuN3ISDoLV7mnfFdUZWSnrXHfGtVZ8vqKnOvOEcLRY1yOfFo3AG8MTbNjrlNSNDoC2IDqXJB813I6ItfO3KBbv3L2x_YwUAF7RWlXacFcbTpUnWzkS91HYzhQCr8hoJaWDIIvbq_Giv3dVvoIrKMmsC4dCHyw863gM8ulRnbf8HKlXcFo-RCtsOpd0qWp_rYj3bwQt6nBR1MZDNqG_BMbmmquZeoRtKC2Wac_TRpMSbqVA-BmWOKAfx3mGHOHZ8e7ui-iiVrJFt6ppGpzLKZSnh5k4C4YwO29W1cH0VYotHRcjOIIkD-1k4JeljwQlsOBO-4nouS3aQl6iAc919K7adqezlSRCRhEOkPEFn5rPGGubCnDOwY0pJg05m2XssrzruLzsK6d8xruxWBdxFMdr6nt9t4q062C4zS1dc_ZV8qpNki3JPnHmqnExmyVerklyV3AT4Ts89hN-hJ_464wCQnN7t7eBitUMD02Mis_BAf6NAVb1PdKENcFXCL2QxyJUqHOlpVKQUq-sBRbQ6jLVhzVc1y0C8acD9L7I-Y7Cgv1GT0Gx7v06jRvI3hKRcm1zAq0Z8_9TwdZrNp5KmzrLZZ7DsS0w8iPh7r8Ia5RO2yWAFSINHQa5E2tYk5My2amKzcPbzL3eYXFqKgu8Eo8PoYv7A0GuXjIhW8Q__HDAKSPIwdKfyxq027H-ANEgRobC8mrv6qup1Zn9fPpr8NdWswX5oaC112Rv4Mrr7HLc4hjQfZXKX7NesV_z6qLcRXSAm1cycBjL5C2EQVIkfn_NCRrAI73M7W_GPVXwv913r0Gdef0HFzHevzTrNDnLCxBVGMwzVjd3vEecnklXhczVulhUbYg8PEdSLRWT8C8qd-pycYmqhjH_IMpw4DKeexG3fHPd31ehgbiw7-rn3GvW86XXCE-ECRUfUxMdPryXBvec=,1,1,JFK
Budapest,New York,252833,2026-12-24T12:55:00.000Z,2026-12-24T20:35:00.000Z,2026-12-31T22:35:00.000Z,2027-01-01T16:00:00.000Z,7,https://www.kiwi.com/deep?affilid=mihalymisroriflights&currency=HUF&flightsId=0b7720a1514b5152fd09896b_0%7C0b7720a1514b5152fd09896b_1%7C0b7720a1514b5152fd09896b_2%7C0b7720a1514b5152fd09896b_3&from=BUD&lang=en&passengers=1&to=JFK&booking_token=HVGPRB8u1qDI-_eu29V-xygScCoFNNEVbgOQnaoIVpVHxPAvm9bwzHbJ3stcZcc8i8iDWMoEIwIPoLp6j9n8j8GAuXot8MYNxA0RWZqUpv2mX0jgb2P9sJP4XAsNcNXP-dy4Bg2YkPce19aV3ZOqOoD5-5cJKL7kyKL_7HHCSuQl0R_NTgvUTpcTj3pPWuJEIIioLo0NtkxpICc3siSku4o-Au95R1BnT_EnBLS047mZr4YjBE_KtU9OG54bAzRig12iZ4GWUY5BCErspIlw0cgkxgNTciWPN2nmZnj-3o9Eb_mn8vLXZmqGMvasq5dITAes7jPOM-Okau-aCY1oHLjiC9BrDiooNETECKyAqQsoiw8KrethFUgKNjYF6Yh0rt42E4h5IkgBPVnBqiJLpUZHcz9suR9ws2m8JFNUtP2wBbV4J89N74hlK_dMVEcyUXwWIbAC6jOLzPMwq2b5MUfsAKB4Dx4arLerWLWH__RkS3j1T3FI-tAPpUeGkEX8iAAWSgHSyINaOFPhncIbUV0Vh6vE1dWHXj7NP3PV3ij5s25giHDBKcAdHmIfDZZXiZTJ0uSATVxQmMmQxtnkTU148IhqDnOs49k1_07mmFVt9Cz54649nfv9L5ZdgWjBRFcJ0819a8qCqUw3XyumYN2qhHWueRWgIX-YBwAFiBNepoXIF8uWQEQpamxAm9xgkpbah7nHJFxSXdJB7CimrNKZ8BKUiE2v98ALHABX6__c98vrFtBZ5bW4gX5r3IBQbO4R2ISjhuACJ6sdFcN9PniKZD7IkYpTPixBCNs0ML00Nx1OrCw_GuwGIAXR4UHmLFAkwrNiLTRcLcvrtSBLaJko1jqGf1r-z0xDYYWQ0Aow_qBc4SAc4AmVOOfSINWDue_BIX-bcRXC4OR6rIbPvQnG8-E4hntOTB3wpNtGXLyivpu6J1UrOJytDU6QpXmdmqeuF2-fkQEKMoX7rCExFmICauLSmjl-UIcs_ih4_QrpB5xHJDOCOzdsTC60zYOHN8PyAe7mqZkCyZkSj8IB9yF6eglUUqUTyrK-bCEyKRcy75BysXNMy6Mjn2sdLWlpTDcAVbHP7Gasbj6kr_xWZqumTrOBYaIY4GcFDC1m0_naY9w2WIq1h7vSh44hM9wbAjq4tzQHFZtzVJrwVuG_FpvfhAFjpC_uppwuEt0maMFn7f23C68I4fTmyQwWiUGHZyI5Qy3IuWTNb13SOSnCPow==,1,1,JFK
Budapest,New York,255551,2026-11-20T05:25:00.000Z,2026-11-20T17:50:00.000Z,2026-11-22T17:00:00.000Z,2026-11-23T05:55:00.000Z,2,https://www.kiwi.com/deep?affilid=mihalymisroriflights&currency=HUF&flightsId=0b770a2251290000c50c5f60_0%7C0a2220a1512900003c946b9e_0%7C20a10b77512b0000f56eaf3c_0%7C20a10b77512b0000f56eaf3c_1&from=BUD&lang=en&passengers=1&to=JFK&booking_token=Hu7KTY9U1254Yp2RH-O2B0-3XbDxNOPLjtOg6CTMyXOgZxt2tvplz2C9NJfxGIkI8QxPMheNTKl-bwhSKaz8-SCOWZ-zxhZNy-8jqaq4nDJhCXAfERyCcKBcC16rU2gPG-zTGZcoBs7pzz5N74Tli_VKpUQeH8QAtEUBDJ6q3ns5MM6FQuX7aL1r2r1Yh5svtGGzLamO1GIw_0VMs-ndbTEgMO7umzKtNqA3QpK3gJtlsxf5no1YufRgoQRZcnBeeY7zn_FeP6GS6Mc4Pj9MjWkmSWH8lNIvVH5tzldk5c3hsmjpWV6xIzxxMQtBBA_uZlk1SO5l_RdJCs1k7N8pgKf6dpfQkbZlZRQKBsFA62oRfu44dnQy7T_QcS5H4GlMs7L5cza1fqUV7FT8KF1uNUyntX39K6LfyER8IoRI6s9RuwQsskCG-N7h-C9KmZkyMKGTO01HsjTpt6JqEc4OtuEIlQqmyxRuVJLr22qtWG87bquHAsn-QEArro8Y4lfp_Vu1yi6a6MP7_2dd8_g05P6vyw9DTVpa-p62hhEZp4IosBWJAiahc7QiZxc81bJnE6yplSMh1R1jrHVWQIEV7cOHLXY357njujGM7oPS7sZ4wrPpVO_9fmJDxBZHa8MbxHW48mO1V6UmKB6MUpoe5oucxyINCs6bOWTs3u0Wb1riyIk6qw0SnHXfm6zTOoTbgpYXkSZyDx4m9EbQA5JhvAqQbQqUzhOIdhEljN26c4WTTkADBJDjFxJkdS5vqF29mq0tg1pK1kh2uip5l_2Jb1B8S4GkfZrnnZqAOrvUIytQW4Binke4T5J5qVJ2rJBSmv7Zz91Wov939XtZG5FQXNQLre0T14pcAF1nv7yfzgKYW7l3NWbYE6t7obgSsrJTarCzK5SulYblcQVtlk5D6SnYhVyCEULTZjYSwmvBie2Shjo2x4oYwULa36DEwIfccc0QNhLyp9p-8k-A8nY5Fn0AtD5u1qU_-ElG--LWh90VGxZEub7vrKZkcL38479eag2Z36E1BFOvqSoTJz0EAxYvguHt3l-U7_UBgD1k1kqjl1lpKpFCAXeZOTifyLMKeSpdwGAVcAd_F9n8QQrCGtnA507bnpeB9KLbOGvGOOfuaKiNf9uc9YAqhXx9hqdTp_euGjyzA1GaQvT0-KPX5gP-veczNkFDKQp6cqa5MNNXR2z8aR0fpl6D8LtV8yvb_t644Q2EF1E46remZleIimA9SBigxWSgF4tPh8uvkNNQv2ERtV4KLxLSVaYRYqrFlnVKyQ7GxzE0MvgQzL4tCdk6gaSmDcCR0AsoPxWfytWc5cEHQJZQT34rx9kc-cpyQVlK6eTmBQ1YHE9m_4Gc6LisUXMZsSsgG71cv6kdgwF16Ke8us13gxcZ7ZdhiakM6,1,1,JFK
Budapest,New York,257300,2026-12-16T19:50:00.000Z,2026-12-17T15:45:00.000Z,2026-12-24T17:35:00.000Z,2026-12-25T17:20:00.000Z,7,https://www.kiwi.com/deep?affilid=mihalymisroriflights&currency=HUF&flightsId=0b7720a15143514bc469841c_0%7C0b7720a15143514bc469841c_1%7C0b7720a15143514bc469841c_2%7C0b7720a15143514bc469841c_3&from=BUD&lang=en&passengers=1&to=JFK&booking_token=HOM2pxaKS5Sw1Lg5BoZ1ZGvOARTO48QKUgjS0SJqX3ZCvlhlzpxPak-1j0Q6gSUgwhoMhkM43FKXqPA0M-it6YoUOzNHwXUycLdHydYH7JoQsTUgZuYG8fsI-QLgH0iOIP1WXlhIICSoQX1s0JuCWZVLzMcT6c87th40yWQcoOqS_Q7fY3Oyb1mHFrkoTE1jtnD7Sr6-udjuUylNIVMJnm86-nrW5nfWAZrlNqIvz9byrDGcAhV833Fg8UwbNA_6eRP-eZGFErD2NfeC_86lvvLW163sCBcpNkJ6eXpsQ-rlf4x0D6bdqPszlfNTWaCR14oSk2DpuHQW5rOdqVIQXptvifriI9L1MgpExocVqNnD35W-gBo49oUG96gRwtd7Qjm5Qp4K8ctdgnaIGrEKvwtqFcN7sTWHCQP0SiA6X1qXIWtB-lluBNSimJZHfqdVe11trIkmRE6rR_3gMGvEdihHPSZ7FS_FkNn459fCiosoF1M71eGoHO6xRcu1EhCHufrgW-_WQ8HRPcyk_aWyMGkWyiYmiwIdpgMy7ATdhNz4Evftpzwh8iTpK9LyS2-4pqOGjfbWvknIll5VxVWEb7l5PZgb7WYIz6PQJ7mpZJHmDELQs7R7aRd0W9TJ0PWGoGYw5DLcTT-zgruWELkck_7kD3vH-yuwngyr7c9K67Dw0AEY0XzdbwypdhGaGpO0QxlO6L0Pt-8D6vD-5bKcBDsCi63Hpaht4MKnil5fGIFfmcFj6I3Yx7nqPKkD0Zc6WnHIfNU7o_uRCp7uUlp8f3teJqO81XCBTJmBHV2VDreI9tmjEnkYkwsSlLuifEHhs3uoWaYip1OOnfojxe0DYqtN80TfYQXOBvAVEINtQmUucQmkf9Ktihh2FSQ3CxcbcnWTuIFsx5OTRfBrQC5hhUU9grSGfDKrdw36YJPYwADTdgcW8jrW92xopOkJuRBvgqtIy2woxeUFCXXEyYnMbijr5j7_jWf6E7Z0jKoIpyELE9alBAn5ZcJUFLKPhPlQYITQ_mdjDxIUrwUpMtPkEbl097syRrONErUU1ZKtF7L5edhVPXsK3HavVP6wie8l_f8bzz2_KChZsc2VrA58l3KyytgGgc75JUqDFvmkU8ByiTQF260LZ95GelnnJMJJIpAEJAd4hjXnlCv2wLcwizrDjv8yUhqQS_Lqsb-1JnXw_lc9C6PUjEH46-NMpajgx,1,1,JFK
Budapest,New York,257422,2026-10-21T15:10:00.000Z,2026-10-21T20:05:00.000Z,2026-10-25T18:30:00.000Z,2026-10-26T08:00:00.000Z,4,https://www.kiwi.com/deep?affilid=mihalymisroriflights&currency=HUF&flightsId=0b7720a1510b510f7487265e_0%7C0b7720a1510b510f7487265e_1%7C0b7720a1510b510f7487265e_2%7C0b7720a1510b510f7487265e_3&from=BUD&lang=en&passengers=1&to=JFK&booking_token=HTIeNIG9U-0DWJYgv-0cB7MC2nOpsTyNZLek1UgknaMxM4h4PfdCz1l-uNFI8qq9cBG2cwATiIBTYM9lrab7jgqnIEafS0Ik8d-p6tlN02umqgkl7Qgii8jD4JOAWVMEp6GqUGhS_99wKliu3t7xEkdAg6kq5MHCwTmwnUy7qO2fZHkT9MSlqZqEopwlcLRHJfy-d2B5rrISEA5Q3XrTZqY49u2IOeWkGAETYJpVYU3XL8cTTACrEZ9v2vxI6VsdzIizo4Wi346f-QDZLrTHl5uv_YFFT5KbevEp-MlV0NpEo-OcgXnLh0jXSuunNfYYaeYJwnWIr8o6RMkgrp-T89J65Stkyb1_C2r60ZMcco3aOYjIZWO-GlMYLfMJnslZkDdQfkBdO1_mwx2HKLomR4FThsOKqwI3C_h-WTddR74TV2HRW2BrSFjSYKEKFelYVH3v8I6Pcu_G94mV8T59ORf19vLXZ98Ao-DFaZq94QNosfmMKYrlew7FH-hvu4RnVEo--03r85T0eHEe5xlOd7LnKaaK-1FTbZy3lXgJRopdgKwnsiBHfyPqpU7eyukY95rH_I9OhGUoNNf5fjzj65-ymCkXNwpSb9vAMSEUm14DQ_XsITMgw57GWfkfJKPdIOFnejUPhrLKX1wh4x4dXEMBaTWjHAgjmHDx3-x_VOPd8YFBWvufq56xoF2Mdk77-BSUghijXeZJsjNci6ZTV1MubxYLTD4dVxUGf0zr02UP1i4EGHci1GPRaQsjz-sFuPMmiRJ_P47fqL63Uk3cYNaE3Ha357JbXKfAsYQrIyWIAKdvKIZIMs8N4PQTRQLy-ptXr0QsiXGwMnYl9_Ldl_E08xS4KJvB8CkBTIfQN65yuAazIzU6twuH8bQEjGwAvkMQBHrGKtOdAelUfogHfKLOeQLg3LWUjIc7V5AzXfVWjbB4V7gH3BK41fKdbXC-d8uKPllK01LZtUBSXGSaQ3BQ8vAzxW_Ki2_SUZbt34_UOm7NE3tjTIrNW62VhqmEcFYH4OQZiU0Rjt7xQneMdEAVTsB4cM_-_BMb9s3n2C9cRTiWZjv_BDY7qUzK_YkcOwYTDQeYlVUJZ4DRH3-Dte9PjQ7fE8lQc6iYBpvTUJyRqO3rTWc7FLkCg3I5uWIWplCDAw5mrjR_jF76TakXD6tQLNJAuoSCQlPPzHJ0kOGerWAWwZv5laecxBFYlDDyVUcQYGLXLT7_fHTjOVLEHxgOKfvAKGWG4zL8iZnaWfkxVt6y0pO0uI2Eelh2PVHqW,1,1,JFK
Budapest,New York,260432,2026-10-10T15:10:00.000Z,2026-10-10T20:05:00.000Z,2026-10-13T16:15:00.000Z,2026-10-14T07:20:00.000Z,3,https://www.kiwi.com/deep?affilid=mihalymisroriflights&currency=HUF&flightsId=0b7720a151005103bb5f52b7_0%7C0b7720a151005103bb5f52b7_1%7C0b7720a151005103bb5f52b7_2%7C0b7720a151005103bb5f52b7_3&from=BUD&lang=en&passengers=1&to=JFK&booking_token=H3N-lAn59Yu1cnGYdyGoYN47Xv72DeJgIC_IPnEwNrViCkWA9a5JEfVWvJ9F4eflh1qVbJn9QclDJXK67k9deu6CTjHTtM4BTgc6_OHY8wRQJK-PgSOV6nYTb7AAuLtSW1OUSi8qQi504_xSrLieUeU9plmjW-9ZBaDoUcrP9K1JDxEOa44D_5dzLevPh0sB0DB5EPtL2fLlDlRGc_jsW3xS6XEeYpurrKMYFPAEEHU_zBlkzZJk06CRAE_40NTiYR1MiUyYeN_YsQARcHbakzM201FttgSqt8H_EKH83kWHA0mPwE-gphBPPaN5vM0mwTAIukspNUibXjnUH4uGp3hci3Qo2ZnfPPI8rhGy7-Zglk_c2KuV8IDD2patFbV8D6VHdtxY4D6lHgaCY4mZkxs65gns7MrBfckKdIPJYUTqj_eDV8k_fc8h_oDIIFmcSwxeTaJyLqhILYhEE7xzPUDQRtnnhS_ty7o3QZKpKu4ZItmCu4Lk5E8QRSfZOwypX0Ay7U_FnnAwXohPB3MWYmYLcS8HaOM15JicNdksxSiIWt4yGQASumdEDzeROvaNOSEv0oMvw2R_m-TvcNrXjhrNA1nVLX5ITuSX3XX9LNURb88KN6YjlzPIm0ZvR53qRV2s9YSh-Tv2hEOo-SAkdmKBo2t10UhqdFYuDJOrAnIO29Fg5gEZXOoNSTWIwDmKZE2Da-_FAScYhfbJem_EiIIonoi19QxESoHU2OsY367zkd1VY73uLx0uekw3JgUMbpJ163tS3zgjLWYB19QYzl80C2YSZG7YsnqcCA3lNZCKpS1LuAixF0qYzQ5MxFpf4L6n6lQd60weIB7mVAjjI3BsSHaOX4HqRxOeUbDo7-NYFJNNjrYJx9Xh6ZwmV-WUyppc-ydZJbH4vnWWm-17iJltuVhphoP1OhG-IziiNxfq_sPnv1v2FgQzwrsAxR6GEWaMfhKU5hphkjaDnod_Cvrn1HQ31RsByRFLDyWgTsCYtFyTHzBXIxAYWlMuGIegRk4vtOALgHxiJDduqw7Sw5qj89gzNLVDB1xGhiJqyjXSxfIgL5RuMYywfHIWoVpHIXotQ-Mjs6DB4vMBTS47XsDHk3sJNPt3EmUhlIdQbBHaJsaFlZGt9hJFXpt2Q5xymLqrARAa9ARPWCMvbc9qZvr9GtQsIyJkcIghVX2GfAcj5yEN45GVIWHqw7eg8oTWXsmsGGfzo88KfihZTnkeI8Q==,1,1,JFK
Budapest,New York,260432,2026-10-09T15:10:00.000Z,2026-10-09T20:05:00.000Z,2026-10-13T16:15:00.000Z,2026-10-14T07:20:00.000Z,4,https://www.kiwi.com/deep?affilid=mihalymisroriflights&currency=HUF&flightsId=0b7720a150ff5103db54931d_0%7C0b7720a150ff5103db54931d_1%7C0b7720a150ff5103db54931d_2%7C0b7720a150ff5103db54931d_3&from=BUD&lang=en&passengers=1&to=JFK&booking_token=HwBm2liR1nv4ngffSEybfzKeNrRm96Zskv5rJJ2rXV9m7FCKRQx-8jOgxz-efmBjybbwNhSSIvpWH6dTAUrzVj5RuK6qymIppH6sp55xHoGlMheVAMSJ85NvPyzxmHjgolwGp1DrOtCgniPXgdf2vyc25P04uTcw1B2ltKovhqj1JwOsmbZxrJINprAT4GIrNPVhVMWgUyEHHIGz3bZcJAROhJVa_l6xrnAt4AOOkRH2LuBGph3pA97IHIvUAmnz790sGBqza-uunF1cqiMKuEu20z0Tu2qFmD1lRlQGGuD7DmcLwXecAuhXznyaYD2rHYcnuzhfY-eTWlnAV3t9BzPOgTYjcZkVA35ajCVefP8yfSBl-3m1T_0EzyfFpwxG_wfX-5U9yrWLfqlHpAM13h9gjwv-BfA384lXbjVvDNy57uXRy3x7uVmDX22fOhCKzr6StKft92q06KG69XJnHl2uvmOPas5fnF1b8MvdH8X1fJD21GXIzFWNtXoyb-eW04dUmG_-1LkWgMmiQviGeLfYxcdvYP4DxKrl3zKNaino9edb3WqvHwoLttxNFwVgYL6kgNzxWb8MScHAl0wcr5OhVzSeiajotw_G3D2RxN7KjNOO273p8IT4O4ejrOQL9LXFh6GcDt5m1r8z8ISY1_aKwn1qaaQuxcYG7gqnFDRuaIz0gJWMPhmInvv6pTp7NT_aipDoFwmie7GG0UNIkKJD2GIqUWdYwSn0nUe-uNpCWLAteUz9d-PXhPidim_I3Xqdcl5rLTZllOSbf7FFvDBtWSasUKbuXUy2cJfXYGYtqyc9jw2D1mOW5e0Si3aPBnrszFnif4ouoE89fv9rwuS22fJk6ckc1LSMr_583YEFLepgkJHY5t0OChYJ1jXKO08442Kto6ElJOnM-2ntwqXzsTU0Td9ngHRiuyUVXEUlNvxbjzRNsiOWj1qIBo5af_sxclRYV7IuX3Mlt9LfhLLwokRXCbg3JWTzOI86rMZV-_9vS2UNQ4iV5MYLImIbBG7ux4RE4sbl11FPQPp5Y4Q_HV6HyaK7LSXZEewBCnA83mY82pSziMf3GeTsqj0gwIIqrj70wxssUTIHn9B3FXpNkYsGitwqGPbWbWs0TepoDtEKvCInnSdKEATC5Q4JnCstONmMulPwdRalNFa4z-cGiQnJ566zVQXcugWzLi48KbYWgRlIGYS1o7x7kZ02v,1,1,JFK
Budapest,New York,260432,2026-10-07T15:10:00.000Z,2026-10-07T20:05:00.000Z,2026-10-10T16:15:00.000Z,2026-10-11T07:20:00.000Z,3,https://www.kiwi.com/deep?affilid=mihalymisroriflights&currency=HUF&flightsId=0b7720a150fd510009b14039_0%7C0b7720a150fd510009b14039_1%7C0b7720a150fd510009b14039_2%7C0b7720a150fd510009b14039_3&from=BUD&lang=en&passengers=1&to=JFK&booking_token=HQarX_O1xvP3HjZo0wFWvNBLdRfbnc-ItkFBNjnoKo-FsO4jDnCs5zqu0URHes8--YjAe5IFhmqSIYS8xDHYiLNlvlG_e_vHtLNe02yul-38FaYu0zGZO3uPYf7y7W2ZNcwZcV9nD2N1DGlUzebKupi51Qd-fvl64KtckOuQO4kZxy5qBTre7QZerRLkar5udX_pbLCiEqk2PhUdzMhghU01IDqnborYU47yMqV1PXwoXu_kmc0Fo4DNyupgyJtnyt-ivzcs_BO9gHxqUyChKSFCb3oEEdagHk5ELOX20bF1nBvumLqUtnPF4Z8BNLE-NkMDNpB2_1nGfhbzrirWctftzX0fJGMbYiP2ENe-1MWPvHtUEJyceF41vrYn3IPKNYM42mRNV_F2FekFjFQLbqftJZZQ_TuyOmnknB9hNfV7dIgjNOzAU79E65GMGDvU1RJlWwoCZLLgYelQvH6GtR1lFCkgyPYHqMlLscNIP7GJhitIcqWsqRnYbMRveLyYf-8iG54c4PPnx4uppHOYEB5DG1QaW5BV3TM1HPWnRKvpKUQ0H7mM6tMygiGm-jjkGXV_0R4iOHeLvZmrrMoNFeO2Y9GpGOZEAVQMF6XpqjRAsCWd41Mmv8OWfbAcmG9AmuNg7MIaDCkWDk5N85JnWk3bGXjcZaN29LDroBNMFSrEJU6_mgK1-oj5I3mfHmg2BrwH2WoqOhgf3fzPOJUPosM3VlrHyVQe0h-5nAxNmATalDXXrfAL5D-fYibLpLNFU7-475EoolWOLCHVZSn9kJ7o2p04ZhTRhrr4yfXJSizBNS_Sp35otOFnJ80PXeniKi5itoh6KOF_fdOR_hgEYWCz2TufQljWpdZznqFLdn0iv35s-uInEKPipNIBRaX3FFFQWyS4_3kl-vD36PoMRXYUOazMwdXb_dWyG9v4rIltXsCYp9PiCFakFcsc_sXp7A6U_VtozTziIoB3KgPjngYBQF_-bh38u41fCMzfFgx82uLVAuskhJL7qSItsP7WkPGYVneBmzCfuKxb0vzQ0EcZg3WJPv9a1-knY1soHUf3lFnKb2zm_xQuSrD4bTb-IYl97Jl7lTCgQgqM-4CzEUZ560DTer3lvFHAIh9Q4kSTUWKEzhvjkDMSLevq_qOdnIQuRbhbeYVBJvD-U2Shh7m3HET5Lke_OmSCbsk3evwmZKchY6oE9nA9xprbqYHUT,1,1,JFK
Budapest,New York,260432,2026-10-09T15:10:00.000Z,2026-10-09T20:05:00.000Z,2026-10-12T16:15:00.000Z,2026-10-13T07:20:00.000Z,3,https://www.kiwi.com/deep?affilid=mihalymisroriflights&currency=HUF&flightsId=0b7720a150ff510234c2d274_0%7C0b7720a150ff510234c2d274_1%7C0b7720a150ff510234c2d274_2%7C0b7720a150ff510234c2d274_3&from=BUD&lang=en&passengers=1&to=JFK&booking_token=HUmvrJklRf67wdMgz-bok6tOn7cM7QgZOm2GIUWuA4Jii1Ge4TtSEba-XiWTa_6mgMlifUBrxUohzXm-tbTxdaa67gf5SW5NcgwEJVKAYtTfYiJ6QQ3clE3CNtQI8UOrb9MB2boy80AFBaohRTvzHyXMo7sCK3B30TL3VQmA-ku1Cn2eUfMyKt7IBqSomZMC4Ek2DDzTYIbXH9L-Y96-DUNdH-ys5BPhbdrftNmHembnMP4doNO2QUJxnKnFZQFGvxTXgVj74995esSD0JJNx_N_bFk7raj5bV5CQRiOQBRAneOcAaGblnv_lmjiOtST0ubB2DLeP961fqGiIHQRzCmlqSfrl1BzMw6SwZQfH2QHIH3psnIO3o7_MG3LY3QJ8DVADUlxRScuuQYffk04gFIvMmx336HyDy0yUHsKClL3uYZ0U1_fiyyvLcXYWp31b9WvwUkfb3mGHcR-qPSmH4NJOE8QVeq01zVtuBk71CfAc7VC-PRLkfta5RXMNlduEdGIGX0C8gp9w2ApnMxED4Gr_Ji4MymhEwp343lv8CJKx1ta06dT3_RDsw_UElMdYhGV83x4lbg8cQogwRqOX8mwQFRbC63YKKZ2FivGJX8pXcVOM9X7RiMwgMAwPVwGmcsZhd4A78am8szBk04fy3OTeIsRMg9f1MKhm1Tu1era7NIlav92HmNs-2vvBfs0siojAvsUdjQnd_MDwtbI_vf7oAo41DF9LSebqXN1VUArryE6fwG1wuJ7FncGl1E1fDHPfoWN-GwJby8wwkjwBYUgQZHJKejdr8EE68oSZJNcFF7PyAQK_EAhDnQ_QFOmbMU5GQXqToB8Qy18kSFaGb6LRSq2qgYx-fwZ1W6R3sEO192xGGTHzO1ZA_a38mnA37YIccqNEBKAx6Qcu4wkyp2VB4EGBxS0vMjhdfDrPsfzvx8B8NdoEromY-h-QPe227NhSprO_E9QV0rkC__VAJFU3wNODSacKKonj3d4zRg62cDBBR7q5DoWpR3rs8lm2VAiUArPvPm-ZTdA6_1iH5-59nDmO2JpGstcb8NXF7nS10AJtqdfC1UTYqxlYKETYUjTd0SEuHkFkYfbJeFxVw6cE4i2zd7We7VwN7DLHKJCd5y5x_GY_5UmWqT7_5ppJKVM8Ca7eY0E9KEobdagtv1GF4cOn8Kjd2Cexcs3q4FsYO26Y4PlmUaVppBz4Qnk6,1,1,JFK
Budapest,New York,260432,2026-10-07T15:10:00.000Z,2026-10-07T20:05:00.000Z,2026-10-11T16:15:00.000Z,2026-10-12T07:25:00.000Z,4,https://www.kiwi.com/deep?affilid=mihalymisroriflights&currency=HUF&flightsId=0b7720a150fd5101ffb2dc9a_0%7C0b7720a150fd5101ffb2dc9a_1%7C0b7720a150fd5101ffb2dc9a_2%7C0b7720a150fd5101ffb2dc9a_3&from=BUD&lang=en&passengers=1&to=JFK&booking_token=HMoFArHWb76j5ypDjeTNvgxjy0uYYH1Iww72z1N84TEzrMGa-L560DiAnongIOnrUnftIErsI4Oje53eEzyfytLpCmXVSblkb2lenRd4tPRbe8Ylm-mC03lI0aMRvtxe40YY4X_pFgOcAYyaYkkFBNeZfh5AEKkbUh-eTnANo6li752oKGvSyie5SasgAKOwsyULeou4UY_i78gjwtDKgvjWAEUVIiw_8YrFANMbwXe6ChIcw2kGy7veAc4J0ALP3BjU7aNp7UVe2s13WLNht0TOPrYraQLB2jOAR2RA23d3IrmJwjgFC7k5drrgTF8n3GHcIaJovLpc3Nl06MN9U_vEA-EmMzAiMnSxgWOy48KJadr4OV4pl8wvIdDrNz3pUD_uMYeWtVY0Qa3nemK3yeq_6xqpem--78NwS1gMQkNiIJDGApdckrHsmsE08t9GxVGK7jC-ZU3DAEFatJNSyBW-NEEBw8SexG54xzFFe3_EhfMNImWRULP_1VfuY7jiEJfh5yx-ICLGPgDRAo_Tabyw2pUiz-z4vqaZsp5Z5QM2Q2XQTWCRIa4W59_48NC2MwstIjhMQwtI4mmQBmbVzcb4Zl9frxoVlygNqK6Ov2jYj3r4YOlW1x3eAqMMBwnldnVAnG-TK8H9Fw3mLYPSbBNZ_kdK5-BFEtJTT-_iT-ee6FO1r6pgY5Xk644apXolwEnFpAC4N6HCdn7_s44Sh8sZMc9HBEQpfyeTHcHKjB0Kq9VDRBNX5WeVGpqPTjb0m8xLnh37gAjk_GIAXnb3W_INK6dtJW-Xvtikr99Pc8_NpkmaSFVURoHOf2npronj9gk_--9xgFGVFmVvJKdvI_WvQ-HwO8XUJYkyX3retgB1fL1CKDngtiQnHutA6rg1UNvck0itCoki-c_zL6QT8uI5SmVCkk-ToS2tv0YQpcNzGtzfLp1HmtPchm8o2l74Y213wPeY6vBW2uSi77CuP67VYA5XYoItujTUYn0ZftkRsZOgqzJXDkh6vmMLxuFVAfkLBb0lPsy5q-GYEvr_0z4L9sZHfcrGSg4VthGT83e1T_1ykURjpgQ4t1FN6m18JkzslYRNsqLjV8HJQhY4dsrXkolksM6hE49e2v6v6w97PHzwZje6uaR8GYSboVNOZf0K6JVAvpiAY5gAvM9cATDkWjotZ48nrRWbPj_WvmrHLbnU-P_ugUAGtj3cnqmEF,1,1,JFK
Budapest,New York,260432,2026-10-08T15:10:00.000Z,2026-10-08T20:05:00.000Z,2026-10-11T16:15:00.000Z,2026-10-12T07:25:00.000Z,3,https://www.kiwi.com/deep?affilid=mihalymisroriflights&currency=HUF&flightsId=0b7720a150fe51013e7dff82_0%7C0b7720a150fe51013e7dff82_1%7C0b7720a150fe51013e7dff82_2%7C0b7720a150fe51013e7dff82_3&from=BUD&lang=en&passengers=1&to=JFK&booking_token=HBI6i1orlb2gCS0XTB4CtotOq29KjW29zF5iBdUVT_99yPwfOhaDVLPCIQxObqeVBhTg5ZdfE-poOIL0Qf_64rrqFtL_76moNWqeQHGENONTkaEIipVMUSXuGleJk-j3taoBCLpkVq2ov4Nde7ZO1RF8gFqNC6cVGlEGXqIv5NHPldcin1BlJiwF7Lyfb07I3w2dDKMjVewc1GnDrD45E_ZqPI8Nmh-II-1Ogn4qMbTVm0lodXv9sDbJ0rrHLG0bGHkxrJ1VXAqwhDt-P82E9gJD1IcFSu_E5AJ_FD8VtL6ChkBTKrYT1E-fGGEa7pIlIOiW7GL1PcxX_IDusFLw2fAwF44GND7DrE18DusxVk8MJL7oF7x8muv0R1N6_whtcD99nBPG6diTMoE7Pw3a36osImfx1kI-UanZDePQZSGACiT8BAK8HyJ-cbzyz_YXhVL-EEKDpQ6Tj3bzn7qmCl2kZCAhGHpIX87UkFAoB2pSQvQ7wa3YPSwAINCcVGhaBFPU7V6Spsu3FQ1qe2DigBUO68Z5aZO3UEC6KaPeLhnwEXgB6EY2lBMvYZVT5CSfBX1PxHcxBacDivjV5CrFflf9sNa8LAIofknLs8tpatSEu8Ryv6WafwvPT8B0j26c1SXW5xz7mon7cFA8Bw4_mv4ktJ1nGs0MlQtp-AZbryJQ4q3y4bHDVfJrTOKRVqzwxecksy_BupNjPq_C8BpgG84hmgqNrC7DqTxVZjSLv918AXdY-1p_1b6wzBfZHVRx8494o02IGt4OIx1OXTo4zpTptC8rTacU_r7sRrwVyAwwXkeWcOChishsPr_EUod4q61m_qzcvGPmguSYbrxJlkIb4i3W1YEC5OAsWuppPlhopQ9IkPkSS9GTa3MkmvhQOaEdqNXZEs5VXXpr7wHG6UWSrepf5QR7DZCkxC_WCwyK87Qvsup1fWhgjUAzKo3CL-j9DniJQvHNgnBBXvmr_eLXPV94VMKWRXNsqlRiCY9OdSL6sFIMk_j4lou-P8oGTj10D-3ii-wB1hqgxNCbOsBCxzc1NPd7Fuotv6G4aLutrsMBMy6GQnrcWSqsZNnIY483sXIRo2Dtn6uSguk5RPoLOAwwaqji-LTINd382UfBypVDJ13hpq0sMLymuUGQq-nIPDkJ51fE5SfpoX77Cq6ACfMewXUIeXAOd9pUPtoLuo3EVr1MdcR8FAz5EMERW,1,1,JFK
Budapest,New York,260432,2026-10-08T15:10:00.000Z,2026-10-08T20:05:00.000Z,2026-10-13T16:15:00.000Z,2026-10-14T07:20:00.000Z,5,https://www.kiwi.com/deep?affilid=mihalymisroriflights&currency=HUF&flightsId=0b7720a150fe5103fb10b7da_0%7C0b7720a150fe5103fb10b7da_1%7C0b7720a150fe5103fb10b7da_2%7C0b7720a150fe5103fb10b7da_3&from=BUD&lang=en&passengers=1&to=JFK&booking_token=HoYkF3CXLT0BFLen9IFkA4pZN0AIrI9OfVdeCUXWt-lTqRbz4bESNlWTrYAMxU89SrscaPHrEaOjknArX5SW6TSugxOk9rWPbX-yx4grGrwXLs9Y61baTp-Kw4Yn6Q1TUpaHLcJazaMppSfDbuL5MfC4wmdLPbYT0hqaZrH-4co8mB6JmAtaewAPCRxrgartEkD-iXwFvcRE5uq9rRWuFynCNNYk8obnwIyMn3GeOwGyWpGuNLHY3BZV53Vd9LxnaIDIApzpMWVp1BuGPPpyDOPD1Yj4mIjHFex7USdUA-xme5HH25dLGMi5r4dqMVdHEHW7WX1loDgSY3JJWSoodjtbHMkaa2cz_mIDmbBpCto_VReGbMwmfhqsARiRAd5PoW-y1_loDF_hWY1_gfCzSekA7P92zZveMhaKHIy9VeTkjTZGUL_YrRHhbTz9QRH8LLbLxLfT4pf86INOdmfsvfbOK43d_PaLfV-BnqAJbzp-yY7WAsw6BnOLl_MLNKb6FvPdDGMDAqHrVs5x_fldB_W6iRRfZcyCbCJc-_T37PAdssjbsBGTNBbUHiQE4Mb1_iN7zP4I12TpHjhSPyA7_DEP3T7ELt6jUIMzSLRif6k00VkoiFtxND8S5-9MkbbmRsLtKaaTKQhKx4H_YJfk1A_9mN4-pSUCkTZ_XnT3nQJ4yxfDvTyx6-vT8RGEdamlpiN4_QKHF4BC_w61mfsbmvvgsDsM-OaWPwjJp8l7HInBA6FHD7YEz1xuD_FnJXe_AioBegRXPHdAEIOKQfywbrDR5PvdDo-BQBCZMrxtrH-3GLNnoDg0PdjEQsnLVyr8J73aKcNUfD3B3p0DSn3e5nS28-Ehl1ZqEalGwbcMzCPzPFDchToLgTykHfMXlG8WnDoddbsnjKvuSdcpaZGFzX8EyW5-icgUFvNkgx-rSEraYjhBqB69ZV3DT5_I3M1c-xJ_3P6sHGE9YOMHuG3s2oOlhjZs3fLLqzIAQ4y13F8Wglxe3-oSSFj1d9EdayBwtw0eb9t5yffjJogs1CgmwZeR4LbnooWTgEItTdnTX2TEF5ZK7dO2fbe7pSjZ9U09VebDzhaHBLXwXNQKrn8OmgdTLqqKD3wkhqf1Y3bATZLud1TgY4s_8cIHfVXapOixxoe5nTWS-OHIzCLQBW1CQN21YyKXf0P-DEFbTXufschQWhWRFoj_vuhdNoMl0Juhd,1,1,JFK
Budapest,New York,260432,2026-10-09T15:10:00.000Z,2026-10-09T20:05:00.000Z,2026-10-14T16:15:00.000Z,2026-10-15T07:20:00.000Z,5,https://www.kiwi.com/deep?affilid=mihalymisroriflights&currency=HUF&flightsId=0b7720a150ff510498668e78_0%7C0b7720a150ff510498668e78_1%7C0b7720a150ff510498668e78_2%7C0b7720a150ff510498668e78_3&from=BUD&lang=en&passengers=1&to=JFK&booking_token=HnWyAzmpkH1v-N17dFP12MQtfBNWQDPRB1Nmt9W500yIAZZ04Y9BwIjnK6fvab1n25Qrcofnj2IfkowXf7lqJDc9eoYt3AHDTQrVKIEZ5my85w9oKY8tpkzoktHlJBYdXSyhwkv4omPiounALAxoc1iYdT3u2jGi5CAxRBNK35psMZWySBWZopmL-lbLWggSzSQR3ZbmIYNTlcHpVUGta1-Ys1yGN4F-1ZudZ4BW9KGFiJDiilWA6uZ1M_lGo7SCe6DXj7q4KrisRrqQDg8Da3zLuwt8JkXHEZI5CXxJ4xI2i27raKZ0duE_--f0GX-LW8CMz4M1pHEvPFxmdqWmGdZ-_4vXJTYtqaZHmwtES2bdbGguWawBGfvjPbaChK1V-3k071LbfKJdsC_RBfGotO0lHfWZMAwmqwvkN9OHueeja0hkaNOaS8hdQW_FZJPizmONo-J3mhxeOsuc5bPaZM-1QUHnmd1BFQc6kCt6C_gL8Z6fYe2DaqWy-Ikro8RIpLSTsNJrPRMmcZGKLk4q5ofKsA8wg2oLrWgPyd9VPcZb5vlPZXHRjdqBYYDx0rXqR8VYIUW8uU7s_4kAcOQuScRubMrV9eu8N1kQDVo9tA0KyTHW3JMI8RUM20iR4wnBAHwljI67GPfsPUW0VTL39qPG_Fno7Xf89OH0zHfND_Se-9GN-3bBad_UWPEEOUdI6y8QPT8cZJm2DaXQ7OJm4aiT6MpMLYmQ7wDKXC9I4iUoJZoxd50nqJs_5CocbLX75DmDPgi2ieO4_QaYjmHPYr1iIsDND9-DI-4l1URxgFG85z7uCnj34TktG-FECLw0tYlA9T5sV48ckFMAVTATNfoQZ17MwO0nEZ9NBifRF951ju7IAXL0e-tT3QHbfBQikJVP76ThTmxkBHlQe4RpjZxvEZR7AOJp5u03L9102WFO_2ipkju-ZGRrsU4aeOAblSjgmu7cYdQtfaH9mytyTNe1081BgpRexF2C8NX_0j4xtEzzlgX8EgcR9b82kBJrAre0YdSdgCispB__lJRYwh8occj1n0UlbCrJJL-kHxtgJCkhmecpp6tEcQPM_mHxKtvfIqaOfUMUSBKFgAYbq8ct68Mucxuhdcdf8BVBJpVuFbI2aumqsUDYgMGPQAL2UPmmM74oCnLll0H2KG2TDTZpvA0Ke4EWcKLBUOnEVV4lpQ8aL5f5alWnQc9OI0XEb,1,1,JFK
Budapest,New York,261027,2026-10-12T15:10:00.000Z,2026-10-12T20:05:00.000Z,2026-10-14T16:15:00.000Z,2026-10-15T07:20:00.000Z,2,https://www.kiwi.com/deep?affilid=mihalymisroriflights&currency=HUF&flightsId=0b7720a15102510468f559c8_0%7C0b7720a15102510468f559c8_1%7C0b7720a15102510468f559c8_2%7C0b7720a15102510468f559c8_3&from=BUD&lang=en&passengers=1&to=JFK&booking_token=HRjl4X_V8Nz_qcCUFTlSmzJluPaHsxP7m-HJoyAySiO8SpE3CqZilJ4YZftWXQGq9b7hQqD4Nc6R0L1sW7Z3vN3zKn5jR6yUadQG7YW4bH6a-CYUJb7VaPYo0bcHwRPmoVaEwoPGae9IrYJ6mFkt7nSjde0fe6Y3C1Qcrmt1m30FQaiQSrLMPBqMnwk8E5iNNuOSa6Y5Q1Hw18N3sC-fT2ZXs6356CqajegGGI8QDKNEndiFAs7U4UOZIKhO4dFGaIdxETBvBJLp7Ef86X_CSK3buiBH1xL1XYG4QJRF_8_ce39im_k5CMFLsnfPk5gduygg19DdBrdPyBwkbdN3kJThmQBDweYPqHlsXN2tNsTBZxXJJ6AdRRcFHsAqdrjL50e4R4plxz4myKK8184RikHqh2MoWzTV2y0MHQse7WtqIgsb73ak868sEl7GW3sKjy_rKhdFCjA07ifMDyuCLHLkk_mPr3T-heFP-EuscxHQJdANOs5FojettNWqzya-vY8aZf6OLFl-Qz2fY9xwvExpnytRKx8Yk5N3WXJ5_zXGV3S_BofOpOUdbUd0-7EQ5nqwowa3dM9sxWKHvdI920LpNrIkYj4T0W3f7OgyqXEiNcxDlgF0HSUpnfKMnpZ73-d2NnkijgPLGnafXO0doDiFW9JtwjAyMMoM4NGXxeXB6M-EbKivAb2a9xlBRO2J_X7frtmtfxooXz89JsGzdMEcPgdkGf7GiDz04nPBOjYJ293gAR0S0SPhzVn9mLyw7AMMoxkzzbyhyDSkqQFHe53is8Urtw3qIOCjjQ_irPkxyZwosGq0m7GQvKaOrzojQeFIxjrpvWMIOeR42UljKsuvjeaWlUzRV0dOQntyrg8J7N9lEBmlT4akkfAwnxjs7E9nTwmUIqbRbPbVgYTZqqSfzwdNaXRJ_tklCbvqSRbmoklRor0NdOWFsBNn7Yu-2k4JovIVjTeIagIobWh6hBQ1XY1MpBbenjDCS7pGa0O0wEbNFB79_JhfUimL5vwIH3Y7D9i5BXRh_PTB7VpQkfX-rsuy_RlzJybPjSesXRQz2cWRFsxgVp4dnO-Ok_JUeIFdaqHyO30-6mB6n4JC-m8AHAB08xXAHCidLA8d3mAwdkT3nvotrkJP1qJfmgkG68-JGNCWnvn_oi-0MAJJFT-CBEVOmwwej0p2iCYA60TzQ4G_4sl_rFPYd3qSs4Smn,1,1,JFK
Budapest,New York,261092,2026-10-10T15:10:00.000Z,2026-10-10T20:05:00.000Z,2026-10-12T16:15:00.000Z,2026-10-13T07:20:00.000Z,2,https://www.kiwi.com/deep?affilid=mihalymisroriflights&currency=HUF&flightsId=0b7720a15100510254c913de_0%7C0b7720a15100510254c913de_1%7C0b7720a15100510254c913de_2%7C0b7720a15100510254c913de_3&from=BUD&lang=en&passengers=1&to=JFK&booking_token=Hf3VaRGRe96U6omT-IFHUEO07guv-ayD2vRGsTCc3XkxVRlzRjZrB-nZyHauHGPjBC8z-NsmqxSfrYJpJyEphjUy8ABUD4E0LUUAeMAYAg9kuI7wXyO_WL7vi4zl28y9t5aQP7wpZMewyp9BCbX54B4NoIQQGpgLhBRGrWAN8A9eGPIzj-_cY-2MyeQkCpdmFlTY7hrEupsiBOiPFNLceeVtsmAr0-fMtXDzLW5TC0VgyGVNPXnsVePA32cD3Nl9VU7fxMKLAIMaL5LvuMjWg6LrUuxGC6WTKD2ByCazZGA3xBD0V2JwiHFq3RDFDrf9S3-zZNhlZF1lRf8tFnfKoDvp08z5twMkpmnapaxSj1xvnh7kQFXZl7HxKcd2QjMwualLzPUADpM49wsIEGBIh44XtXZ4FCG41rbE1v-dGea2V93fsaulU0Tmz9BZlrC8OoeWiDyD4Rpq3cGVwZqM2XkKTiNmBQRbcLBKBCkwP9xQbmfLaO0-OYDrhRXGagx0c4Guutvoa0zlnAb-U7-q9ZmWINZWfQCHThbBp8lyfNcJWkhh--sngywItazXG8Z8QoGzGwSUPPilu0HM1Q4DjkW_RmCmagwgJctZBiBU6LyPC_hNXVi2YrElfMMH9cDo3AYPGYy_gTOSe2AXtTeMVq3c8snPsGPCenmvoKoWAM83aZHON1XAc3bC5_Yik3ulNkB1wlaOiQAA6un83m8b10f0g-zwYqqh5okazWXrYFAzK2pXAO-957ftZtZXH6iX6TGeqhCIXwSovSDX-Ea-usPHpb78Xj_Vug1ZeI9q2G8HzraoDawIbAyxqRhCvXeYhaA2LU56eh3wGOMMuc3RjJAPeoVvsoUXVs3RBt6FPzncTH4tc1b2FnsqwUWHx8W5PCDfF03tOpzqk5giktaEi7S3CqC9XdtfKK5xnNPnIkzVQHgTdmu-DLeAi-B7SAhtSycfFNu4oga18Ss_Ig0HsOttjOKTaBvHBX4Pu9ohVfXjMxMumGgBjYgUDS7NrJjcshBRgkmpb4sfWgP_2CS6qXEPD6A7EaP9LUFVIYWUOkh19yseBEZ3qff4drZQbyFagCqnqRlg_7LR6dpqpQSkLk5oTj4SqQMErD1QV62xxo251LkZa3iJVwFC6DP5RHMF3j9S5bkSTDFYliGiA9Jgiig2JvP9XTrf228u91dxbuSzNVGcQWYREhqTrR0Hqoj--oHaFUiC1yGtCowyHZv7Nzg==,1,1,JFK
Budapest,New York,261092,2026-10-10T15:10:00.000Z,2026-10-10T20:05:00.000Z,2026-10-11T16:15:00.000Z,2026-10-12T07:25:00.000Z,1,https://www.kiwi.com/deep?affilid=mihalymisroriflights&currency=HUF&flightsId=0b7720a1510051017e321aef_0%7C0b7720a1510051017e321aef_1%7C0b7720a1510051017e321aef_2%7C0b7720a1510051017e321aef_3&from=BUD&lang=en&passengers=1&to=JFK&booking_token=H9PNqiQyfFnwIMjJmxotxUfmk2SCm5eQ16NcJHk54_smGqwNlD5GVnpmoB9Pw7AmECQxUqHrV6IXUrzhS8Rm6dgAX2_DM1i5PyYONXWVYrkxhWOvQFM63ymlyR9E5VDhB1diFBKqLEOLqGa9IYgVgougQf84xNn8K4RZPTxI6P7VqPIFdNm3ROHMdf06Y_Jm4M_Tgspq8c01b8ffABllnX342lcggZIAp97NtHP9TbBZbx3bs29tOHCESfJPEHIQA7NqTxjEOZhRxKAbBDNFnxOIEGh2jn7r3ik6coxqehVjWSGdJmRl4dm4W0epPM6LHMpNpsTWp5meOuDuF0BYY8tt3YDTnagLXzomPcwghpiIuSm3BlNEDVAFZQzeybtWNsSPeC4onTMRPbRETbqVWOBRAilVhgnSIuuINyjjNBhyzhYscLjJ7x_ge6KwVjOVtxsPcXmi00OlZoL75eiervCvexfAuxfck4X1ferY3OP3QY5cXkTrB9nP9-WZI2pDN8ar-aOxBP5_6ntAGCsUxGcTN7uOpWe9SfkIlOzwbuQz99RuBCYUv0gnzWtAgD5jjXDoLCPVKWieR9Um7NslJSANUqEmCHHtWiAbps3D95lRBPiHpWY8lxUM4iqHvkTBl6b9CsdpLWvZRIG907d3lq_nPOm8dD7u_k3FAJ80lRLpg1r5npl2aj1vP4n9z6MC7Y29Lghh7xJ8fRFLbd1CffCw15QziOIXDrWisJ651eK6NRjBQ5Zuuxag3ag6ooa66hTNCHubQJUxFCx2xIQWiRHjcVLM_OD7ncBzHI7lJ3JnffV02NtG-ylSGEsz5GOR-Oqd6uqlKRc1VL0HsAmv64wnYPZxXFg3UoGmnLjnD8aEATGQMmkMAHZatbuMQN2cl7mZWz-VryVXwYoVQNCYj0ix0IvKMyrGYEIP1ufkCt7x6t55t5Mme5MhU2q4bX4ir0k6Rqk9Bi2tgSpO2LD-re5gIb_1TyWg8RHaMxxiVq6ssxraQt8JSXauHFqoOB85AOUG-dCB8j5VrD0Alw_yBKw8tzzdZzNA58kBRMK_JC8XSG_Uy9KWhJYDvpp_5UVct8QQiK3rqVtnUPndwx1f_UJdm-3O2GCh6KyZhoqBqK6R3hlxp7JA6b9B4N9DvfXhCPbmS8NZAXUmNZ3C3bzYNC72tju-qz5HxXgGRy9AYSF09f5Et40UsVCdrntX1rwOTdP0SYf3FQhSzd-dANYdf1Q==,1,1,JFK
Budapest,New York,261180,2027-01-30T10:00:00.000Z,2027-01-30T15:40:00.000Z,2027-02-02T17:30:00.000Z,2027-02-03T08:00:00.000Z,3,https://www.kiwi.com/deep?affilid=mihalymisroriflights&currency=HUF&flightsId=0b7720a1517051732f00dfdc_0%7C0b7720a1517051732f00dfdc_1%7C0b7720a1517051732f00dfdc_2%7C0b7720a1517051732f00dfdc_3&from=BUD&lang=en&passengers=1&to=JFK&booking_token=HBqwdvGnA2Nl3acx53PG-1C6iiR1RmqhLgAaVKb6KbG71vs7RsIvNXZMlqGZjyP9LrhZ703_2-xbq4iJcyAl3DHD61aSgfhjr3cYrLEUU_8xJnc18ODX6U14zjcQvZIpBHwKZ2EKPGVEC8Xl5ew0CW6bpjA_iPoJKUSupHDpHENhFbPLTcIAaRt-pdoAKbnxugWO19ETh6Mg7X5bVMK7oM_iInI14betra_IlHemUs7xnOSC0njgUlQ5FOpcYY9Wl1Z4QfBPalfi3mw3LykJu3epxq2zx7u5NdtgNTHq_2oicvbd5dKTPmftOf0rrqoziTXrxKCe1q_KtJAGOPq3y3uOS1k2NrSVC8lIZQMAGmkSesdFsUWnopajVb1zu9hE-C6xYFJy9kf2MTF30f978FrlG0igiGpxyANCnrifrV1RrJTXlggt-t4JY1gvt9unqaBDNPnPpHc7yrGz6TSuZLEePTz-RD6Qi8CstdU_vq7xi36fl4BRUPynIRTMTSLuWSMDHcz1P2BnUEaIgCsqF-7WnlHqhyTk6LaGhycfRoRdd3fiTf8aILqSXzXBAKY29YtW1N3VQDvXIqktLmW9GZkrHVl4l0L7U5S_Xf6Db-XN9eu5CKc0KqQBZCVZNjLqLcmtLa6hDbz1hKQ7grgQLIJL-Mm_LiRJirb10ic2E-9nr-vlhe-pLsC0rE8VH3kpP62Scon-xRAUNS1IEvtKA1hiBVUvzQ0JZjYlP_SI7LsuTBTFLBphJ54kbzDtlqQiOiCxgxDE0XudC8LnoguQmu5n7n5qxYRmbSE0JzVspgQWTtdnlp6l2EZn1iCype2tzNGPjoSkmUjtr9DyBTOwXiRwaMVVI4aQ8ZYyyboVOTcwhHQs8yGd44fPNmhVWpETpIjdwrHwUp32cZ8MYDOaKGsNMMUUlQILMKopN2tBASYX0XY6O195976lpt7hYjSrBO36XP9RbZ2WDHmrQwZnwqMYwvjNKlB37gDatYdF-1XRmlkubi9UHUsgLuDeqgf39ma1i0BQIIeifpH1VTuH01QztEL7Z4DQtWfx2geYY_DMczl6G0FUrbWDQtfpOJ4IpuzvmVpzUxkB7TTGIXs7hWjb1lBinjShtSeXed4mI5G4NAxuFltu3ZpBHLAJmjf4K0tVolPAVRjH-8dgMaVFc57CWqvegXH3z3NvoiFWNgu_IfSsqSPVjwiv8prID00VPrnGBI9KI3p1HIPMpmCmaQNN-Q6hJgAQXA0PyypeLj-w=,1,1,JFK
Budapest,New York,261180,2026-11-21T10:00:00.000Z,2026-11-21T15:40:00.000Z,2026-11-24T17:30:00.000Z,2026-11-25T08:00:00.000Z,3,https://www.kiwi.com/deep?affilid=mihalymisroriflights&currency=HUF&flightsId=0b7720a1512a512dd02be2ec_0%7C0b7720a1512a512dd02be2ec_1%7C0b7720a1512a512dd02be2ec_2%7C0b7720a1512a512dd02be2ec_3&from=BUD&lang=en&passengers=1&to=JFK&booking_token=HqxC_RbY_wUlLgzh4T9U6QBDBj20qCxwKBqyfQeOdsRiYFaQHUcbxgho1CxeizfOxxowk9m2hTga9RnWI61f8PersxrQZn_8Wm7NBoHn3imX7JhVoufvAKnHhny5k7LERKZUqp37YIZO82V0p5cS-FrzYCF6e6EyVKN5z9zTHcPxoOmHC00MAHcvisECwe0BUq-fFMi5F9TzgR3_-L7J9UlMBtSvrOL1G2sryPeMxXIXKmTPHjgPQXCmzN_g4e8dB3dgmIwQv-xYj3ulLnHisF9-l7teztQSnv4uUKkl7rkgp0DWSI0-3HxlEq_UE3yC0-HVglR8povOFq-MWUYa2t7v-yFNGelFQCD_XB6lRxI19Q9Yql7Jt31nB9hdvGcAPeVk6r4_liGAb0YCbigtlAO42Xw6bWbZIqrZZGHRAthw9jzJ3BGbFiAUZpZ2McHdr-OIw2qN-krnp9FpZqegSQ2U_9mNEVosUZbV89EvMdHJsEq9jRvzQVUzzHBEHbqqSIyIPYCzdf44dQt_EcH_KutAhDZFd0oIUbdYqzB4RDwmv1DC4_MPCM1B2-MzQYJsYP9axam4j_IWwC8BIsIVX33GSe2SQnM-gKFnsLpwczPP6Dl5k7YF2_zScu_IAnr6Tw8Wr8_qMYopN-VGy6KrkxDMc6_AKCm6TUnuQ43O_6VuytUeNMd9oIXjIguZTOp-P8LSgUJHm62HSsPJ9nd0UpBktjdXCKGsJGDZ5Te_l2wUF-AHchGxumjKYGpggCzzaVagHtB4-q7xUuC75VlYkRbmu6EsPOHEDkKX-PQsDT_RA-WCLQa8NHc7bUJBbDbhRzdV060tz_vugZ0I8SCAfPkEhRL2IxKmis-lU3j1DKpwRUoFhOtWxxaKANxBp2ncHhC0nC3LhH_sX3p3P3vZiKRM2QomBb48L8ILmAXCZO5kUg50lHbGXK3X1hfci1mNLFO4v7V28BhdD7aPTs4F1mMXzAMF771UfR5a2cOlnRyTuJUOoLpAwpjVy5bTF3Tas0X8yGW_l5EWmZ-yHyinb3OZHmVjog5A9uibAGGUxfAn7dXop-E2E3gtv5C6oMXkvp5ngFmjga5cPio-ABUzKXh_khIOs_NMqYwbB6McNUuMIkpO45SXzN48gNLoNbbFtO1imj6aYHgIa0YEm9m5e3kRIthDx0-SREVzrv5ME_eaG3AmLa3DRPztRqo67g5Db8qXUuq9SaNxPEbnA36ro3yGCIya7XO5EKho29baV6GQ=,1,1,JFK
Budapest,New York,261180,2026-11-21T10:00:00.000Z,2026-11-21T15:40:00.000Z,2026-11-26T17:30:00.000Z,2026-11-27T08:00:00.000Z,5,https://www.kiwi.com/deep?affilid=mihalymisroriflights&currency=HUF&flightsId=0b7720a1512a512fd4a8f2b7_0%7C0b7720a1512a512fd4a8f2b7_1%7C0b7720a1512a512fd4a8f2b7_2%7C0b7720a1512a512fd4a8f2b7_3&from=BUD&lang=en&passengers=1&to=JFK&booking_token=H4sMeau-TqfhncBZDQ6lAT0eSMA0nGfmHkvWu_YwCkLSU5-Ue8LSe7IPcy-JphJncuW5aljIHsf3AShXz-0tK9JsZuHDUNvueiLmaRclO9M1bLyOTB1jAmbRbFbtVG8y1PN_e8xnJx40YoMQI0tNreOiF4Iune0aKvGuza_8jkrLBJd3czd8-yZqGIvOOjgnF2kW3K9RMX0bLiBuu5s7rmJiKRXHLA0n74ozKn_8F_FQl7--X8mOiMB_sTAxKmOatorcbsg1tcWFtuC323i23P0621KDhjm7Oaf-1E8iG9zSOnZ4pUdRF7HRsuzk0MjFV9GyBMe1vYBT5qUeD_Pta6cophETr635vYYOB3HtNX4Dmu6RAL6XaePmC9qS0tKQ-Q48mrazZQ2DeYNh02rrGdka_k0LKPZJaiSjwInZspBHwXrL_19Px-K1TF7JkvcBQpzJ5G5VCWPIcFNwu1SoKS4kwH-_zRK1u04JQoU4yrxAruV_b8ZAc2eE0yGBMWDwowTDhB1u-lfwB0Etn3-5f1efaOE_0SybymphcpFzWtN4YjxQ2PLQT5xAALLLXJJlb34XAMIUcjOr5bi4VLCUGhsSb9OmK8cCuwVydrAMutf30NkRfcGTFXXundF58Ib4YlXwekcRiFrJc6hZDfCDXuY1cUb_tXOCOwzNNSYI1tdweDn4VtPhbsKPlu6rrdypTIEmp2NTS7B3LylgS9OS_sueNzbuDazLpR77QRUV0FGBYmzCyduw_mD0RyzyddXidtT0awmMutevV8rUe1OSy4iwG5du66R0Dr-f2iHDpc92r0ES77raC9W8zLwbMKVYV9Fp5flXxjbc-4yGbxq3-ummwd0BUNOQ6ZTzv8VX_IbLZgv09ic5_LByZ_hyCMMqAqNKgtg-K1LoMn2VrBgNWO3Q-VGckTmnKxyLQ9wImlOvPWD9jtukfdfuE9aqIgzdrUb7XdJMjz_UTUIbZNvv549-DGZF876Gxfq7Os478NA1O1nYHDlFoL6CNDaecWS-t4ayvqF-tKribtU-BtV0EIHceDmS9MR7bleglfE_XMHu_qDxh0lwkOD_EgT9P-9mkHvC66708s2SZBz-9pr5uiLrbcqPktqNMdnCS1kPiG1Wrj58GQTPnuQcS1P41HrPRPWN73tbmY6ZM0AjlYR9XhhMk05z61Xir1s0pDesgD-KVo9T1EOlhPlQWz77H9zS5fTZrasBa2w-oH5xUNbFUm7vD2avLn-PYgcxRFpb9Jz6wI_Vlbg2jPg0RNFUkSMq7,1,1,JFK
Budapest,New York,261180,2026-11-21T10:00:00.000Z,2026-11-21T15:40:00.000Z,2026-11-25T17:30:00.000Z,2026-11-26T08:00:00.000Z,4,https://www.kiwi.com/deep?affilid=mihalymisroriflights&currency=HUF&flightsId=0b7720a1512a512ec640039b_0%7C0b7720a1512a512ec640039b_1%7C0b7720a1512a512ec640039b_2%7C0b7720a1512a512ec640039b_3&from=BUD&lang=en&passengers=1&to=JFK&booking_token=HUi1opzfohA8cGQPBL9Kv69ZZLtvhgKryiClK4rj4-TnDGiYoE-6XP1GfTwJbDjIYQpsasm-8uwsDRoHv5TeuCNJmwxncIGWiMmMC56uUG0nrYwYQziQrsE_g8BGc-eUJ3CJUt-Q9s-4wjCL5YkYpCEZjyEv5NPgcOczwmAMx1glhn6cFAL8hscDBJIC4QWoq0u6PKdlN70_HaAdMSrDOkH5abUqaw31m_gQdpOkYiFtj1AewjcmjYgzuuLbaRA6jq8wYxrNOpmIC2_kO3N_Abtr5WVE4wnqr5NeiTP8Npb302rqXoCbSJSLu7HhQgtIes7wRXDc8jdsmb1DcyoZ8GswozmA0nUQ4IGrkq8nSnAl552It2whzjgVQz_wfpPgGgPN9aZukehdQ5qd6TEoArIcoXzJekRbYXfq_OLWS0_gY5FSg7VneDZFF1ix_Y2lUiCeN0qM-cy4aDtr8h_9HGEHeU0gDCI2sHhu3Pwru5nKpZA5nIChgOl4kU_ldousCx2pVpBQV2ypW0Z07SrsDeX1uhtbvolySIeVQ1wSb2DH3fNzDBkmg88-uAIlkTyp7bfqWrL2_0Flu_bueNE_NFMbrt_qdCLtgbfUXbXup2sV44KhAI9ZZm5orGoBF4Emz7s3qVnnkRMRkGi82NK9n0VSooLs5jXyDfqbpGySmoBS0JVjBbyaS-G8VghLbxCJo-wqYh9UG58ttxt7dDSjRCtoY1M67VB_mrcLnuKoCYT5H52eErdJjhc5DBrnnSF9ueJydjNEiFbwEula1iagmeMTrt1SrZrwFm1IYGyx6U4eIRmf-EhudZkKCqngFmhpnXSa3ZyRe1yl7y5altzfLg8ksRkMMNaiE2IHPTIz8M7uERYX__g8AYc7RKDpannSaZTsupw6WpKkF1RiLxRx90ZAqUVR9XK3q7ZOEryTZ9jEqdkD8nQiX6iPo6hcIlRz459JPAATppDcICF7LpmIzVHWprOZ_7Ihz18CLWgKifnioyPGeVWqcoG-1u2KBB4LII3dl1AgflVxe7uLCwSdNxKzfphQNE0E0udpx9jFN9TWk7KJAHZOtW3YYfMXMnyqOXcJNTAKNSIjhRaD1o2PUco4q28qp4O5MYVzSxQ6B1HMb1Cu7QKE_tYgeiWg_Il8s6Cy9T3h8GvnvSrPR80K5kmpET1qfkIPtOwk7rPAIGSi5pRyjKw-4u1zIqXvzKi2Nop9ewI_BO6J-6w-L4dO-NyQ0uYmzlW3gL3zwcUeDW3c=,1,1,JFK
Budapest,New York,261180,2027-02-24T10:00:00.000Z,2027-02-24T15:40:00.000Z,2027-02-28T17:30:00.000Z,2027-03-01T08:00:00.000Z,4,https://www.kiwi.com/deep?affilid=mihalymisroriflights&currency=HUF&flightsId=0b7720a15189518d817cc542_0%7C0b7720a15189518d817cc542_1%7C0b7720a15189518d817cc542_2%7C0b7720a15189518d817cc542_3&from=BUD&lang=en&passengers=1&to=JFK&booking_token=HXZlHkUUJyvCtDiIITVKjUqTVT2g3M5ZS6JnjTsDFe-tysAdgWCTuOifPncoXBVQveTY68yTjHLRbLonEh7qTO0SjqVDewG5wDLA5L0ThelAmcinExqBLnoRnRhGw3iAFG8P18BH60N1oLULKSKs4FOUkLQFfLQw-va6GnFMy6rJoL-yf45_CrigZ4925A8hssCe6ABaNdfYAFWpxfnrlR092vfo8Ap65XEgM4ERYYwrMmAfpbZYBY5JSkSG4G0c7TojJrQPGvJArf8fl8s2EXYkez4FqRv9xRiXAotet8906viVYJi5xuaj2-RFabSvQok6HWp_HEBjfupyKl2kuyywxry_9GI4SVf83_IYJR89VZiBv9kW1g-D6JbuDX3G1sFsh8qdAbI_VXIkBzC-2eKZ82J5jgXkXr3e-7Jp-XXoNYf_7j3N1zuTn169WPcxp_tAH8ntGN0sMQfcN8h-WDWGunGHGQmU5eZqv4Ldh_a-9fgLGSI1S79GlK2j1OdPr7ZQyxG2WvUq7VDFEH7HX9WTGmMD5cVP1YKg6H_1JpX5PtEPf2LG2Ia4MdiOfpzdr5lf3xx_yk7c3SG2MyY8RNnJt6rI7XFKCgSa5N3g6ThHpONlGDfTEUbI9FRHdNiVBd8EIEG2BXf0EhGWoiE5SyjjunNOtSGEkPs3Ala6a2NsaziRUmNRF3czA7Okh6Jq_Un2cgbMngGwUCT_xUAbBfdAR5g-9gmJqx-lyRyfq37xGtjdWUsEqc9KrbYlkgHE-R2FiGUGFXz3zLwRUPHOCXrN93V-pd66epJK23yPppFUS2hQtKHqDcihlnZvLMm1P-cgDrHE3LTLZw2evMZyHdEUfsGnYm4vca4AfXW0knCsJyQxzkWDIBx8PE8x3nIGYWrvNLOjLHoSWJj1-oN_wQd8Pu6YdFEu8lSiN0MlclRkXBNvhTTaUvD5BMaYcgxMYC2B9Zwei3XlmHA12AIFeeIweBevmH4xXiGo-EGOAGJp6L3j7ZAjulOhFXrZZeJ-QhWFzPlrO8I8-dU56__KVYf7FVznkjvMB8MBjsmswDtFPONr9THvY1_LOTLyNY0lUi1h79cGaI1Gokni8nZqCRgBgMJP7NwlKfo4jECe5_WYlp8Er7xhRFfLXPt5P1PRTX8M5pu5ZWHiFczNURHPz0aVpsJcHFlLGDnPKSd_SJfS47M_Pqgx5zzdLtzY5Xsn1Wb3ykHguH0bXUWdedNafTcgRSdY4foKqSGph0aUmOIQ=,1,1,JFK
Budapest,New York,261180,2027-02-10T10:00:00.000Z,2027-02-10T15:40:00.000Z,2027-02-14T17:30:00.000Z,2027-02-15T08:00:00.000Z,4,https://www.kiwi.com/deep?affilid=mihalymisroriflights&currency=HUF&flightsId=0b7720a1517b517f008b214c_0%7C0b7720a1517b517f008b214c_1%7C0b7720a1517b517f008b214c_2%7C0b7720a1517b517f008b214c_3&from=BUD&lang=en&passengers=1&to=JFK&booking_token=Hez_Gl0ssEqjsl-ij1bq8SSqbj-HMrLhS8LUAi1JBnLBhFg-ZRn8dytE0TZChYxW0QNFFsjxzPgtU1HVjhD3W0rWjawolHJ0HztjT6HSAqfEiE5oeJfbkggDbP69F37-mCYq0DWRqEfcDlBahkYdapzlNST1dL5ZDQResOYQScdkh0CuvknCMobJZn51hYf8u0pj_mE_iH7kp75ApKAb0rXH79DNFzMibxyhI55S5ntwtiwJxZZAsmcdIHs3Qu4L0-I90ucmnIl4fDVZk7arrnnjMV2QgOHY8-Pn1CnYtBOzsB1LT0ouGMasdYCjbPf7WUld0cwk__mhIYDBspUNp6QggDsbJ-Z8nOtgjA_ZK_XAk-M6gGhyzC4wtTn_eQC3lf8gLzMe75GdL_GgxMahLCey0PIwomPd_Km0sO1M2dR9-AI_qrIAbo0_yo5QNzZ71f5xhSH2g6gCZGjqwOXP76eT6KrCDoDyISeSUqlnVW2y4PyuHzIhbgWzmwWOGT4sCug2_l4P77PZgcYHOR1XvU5dyuy3LigePYtGw0gkArKVXaV4SXjuu90fcAZfKSQItUIDIzVOT8Vquogqt0XxFCYLepGtstKD6rR9lq6ASobdIUdjrYWMyFF9GUuJg9aPNZs5HNjYP0_SbGq0qiCDZLerC01KOttF92UWB-QAhAi3p34XA_uh5vtSdRQCo4z_N1wmepfJ1fpey_Q9AabCzsHg6sZ2j1XccNpWqmuwmIEz1GTr4_W3op9QPsevQzLp_L5LwtL6-4ywqkVQv7TmBdIlu5oaF2Ah0zwEyOD1waM954HaPlExPef74jjhG_nTQCoqoBeLhyKRNG_6vymifSirRsok2EqN8UWCD09Rq5F8ukuQyPJOYWorTvj9f9crj_4YCfl_9Tw7WmZ8dMgaygGQnexNaU7Km4iA7MdRB4lgmWErrjxAmdS8B3zb3cd3ijXgsu8TWe1HPHl6d3GS3tmNBUTfF8r-4wQgZZT8S-w3AYdwJ7ueLv0jFz8ZWXEWm-2jvd7sw3cFKKXnf3FDTY1SzOJ1E5cHqeUCPBt6ORwB0O0xTQGpsM4n3jQI1HTyS7-Ol_DFcYvcr5W3NER7LbTaRNln9RrDCIljksKwTLz4yTIcddZ0tRBbU7QnO5Gp4xAuam8Lr_gWjcvHrGyix0pBWwbathunNNOlhKg0zDXvk6CuPFK_1BeQmnyPp6YqyWGQ-p5ELAUlQxi07h8vTIZzALAFwk0CMAjwFirrikna7RUK30oCddVjFE7t4t38b,1,1,JFK
Budapest,New York,261180,2026-11-18T10:00:00.000Z,2026-11-18T15:40:00.000Z,2026-11-22T17:30:00.000Z,2026-11-23T08:00:00.000Z,4,https://www.kiwi.com/deep?affilid=mihalymisroriflights&currency=HUF&flightsId=0b7720a15127512b3c97ca1c_0%7C0b7720a15127512b3c97ca1c_1%7C0b7720a15127512b3c97ca1c_2%7C0b7720a15127512b3c97ca1c_3&from=BUD&lang=en&passengers=1&to=JFK&booking_token=HGa2Qoe7wQbHzOyYYg5s__2S7BPBTedLyGxp2SOSCuqPzTfDUPq5o5P3tOqXn5nuUxAzLoB3TMaU2b3QFkmmTjsKLbvDW1-pYekuOohULCLjdcTrozCV58PthTKyEtSVnluJX4c-ORFI5z6Aja4_K_pLwqS_4qA-MVKoxPu5sjoAw6uESs-G62LAwnfpOKZOyJ3bvmvCUPqSbwuiC0LP3jPvcL8DfIXaauL0PT7ETarQPo41g2m9Uh5LFfI4y8-hq3oPIlvNxNfrVrYLevYpFu8vv4wpAVY2tiROGOj4MqN9zEGmBwzMrrvckx79dEP_I6MkvXd8HdpdPIXJQ2kQyOMI1mal6tPDLiOPwR4lO-SS1Jf-AHmCI5eahUWrhPJR7NzfWk5o0f2sDnXYkUgDCAlcLQHjmwhgH-YMJ0xsDJJbLNKmyUKzW_pcty9fuQznNZi8oSRXmfAJEtc10ebJClRxjDCPrqe_Cnv9uyqEyZVf1zwAHB2tCGLqLEgGSELQbqSvtXQ12gvFcRDI1rL2RQKQG2rypJ9fnSHtIctM3rDW_x5X079pp_ZWQEjFi-31PXmVxxb1AScsnmD1KPSQev9eV4GX33W18nBH0NOuB8hUoeet-bqoJcWf7ReFGf_hK1Xv5KvaNUBVT57O03ZHKDdPDyrXTXxIeYVc6oRt8Bf5Bemapc3C5DkQ5dbUgIzMhZAaKNMrH-fmSKbbQb94MjmSFCiVRO5qdb1MzEkOJZJ0dKoWbs1VYYcy9XuI8J7voBy8syPZTT7aCDzRvpFWvploJlZHlgnDJZ6iTMSAtgRGgoRycOWe6oz129-9GKpI9HbOTSkzkrgQ0RoLrS2VcAU5G_-fjFbwEEGahWkkyspf2bu_oeLiNKGfohvSLk8Q1-7oMvWdkJ1LF2YdaS_tng0OfcrNn7CA89RiMMPX0R2BEwbPFrQBPiC4NXC_ujRYaD6_RdhOkvz4YoMaKVqpt_aXGbJPTc6U9zYVwwV6MGaQVpxt2_yr2yQqfMXExdKdLdEqTFjSFxG-XCoWEkC_5392Kr-uSh-vTBEr997hmME8Pd9SbNg9Xw-cfng3MyPYJzDlVyMB9K9P--FLgPmBwtpyUiNqyxml1ZzONfWXOu6MuRxhsrB2OZDk8LQ6YUYQHwgttr-Ki9N3Nh8wifGJpIqCHg7gt6--cZb9c_xpSsU738hlGlDACdsnFUlR0mEAkaPn-dWyaWcPBlGU2tKn1dP7_oVHBXt1vg_-ex_CkCH4=,1,1,JFK
Budapest,New York,261180,2027-01-30T10:00:00.000Z,2027-01-30T15:40:00.000Z,2027-02-04T17:30:00.000Z,2027-02-05T08:00:00.000Z,5,https://www.kiwi.com/deep?affilid=mihalymisroriflights&currency=HUF&flightsId=0b7720a1517051759677d6af_0%7C0b7720a1517051759677d6af_1%7C0b7720a1517051759677d6af_2%7C0b7720a1517051759677d6af_3&from=BUD&lang=en&passengers=1&to=JFK&booking_token=H_-qOAst1g7g08An88_NeCKdn51dYKl6_Ip89bbn05tLB2NJLaPYOfHxmto89jmFrx2Mmm0100erWW8plk8cAIG_W1B-91-fjVmnkafJsUbBZ5VzT013VdmhsGSsH-VmtV0KdO2KYSUKzVQNY0rP4qynCPTEHqMu0iGYo9PNKqR7O6-RPeB6tHVQf1XSCPdUCKEEEhRdAyDV9brGJ5EOCOfoJAt48357Caf6vnEoWXE8kGlCtSHEUEwTgLTqXLT6Fz_6wQ566LIVjYtB1bw1qNdzfoPZ8OuJjCTe_GHkWxX6HDSLPmkpXIHAU96E9JXhnHvfolz5awWxLPusThKBnVgpRhZkgzgzkWXE6uReXWlwPaZgH2oJa5QR_SSEZ8vIDnh5Mj_W14OxtPIkRERknDV-PUngjgTG8nLV7xt2xXWfHgcjrQ16xLAaovtmcSqR5QGPX7FZEFSv_ss2ekmJNC_wTqW3H_PJRMvlgs1CHaWyK6GJCuwWAu5BAyf-65byhsBIIIhXuRpEjgd1HG37v_8byT6AmQw8ABw2Cf44szqb6ZSQj3kEYOE1U96HX7CxSzKoNqP4C2bJRfs63a87l8c6QVDK5LUhJH964GnEpuwMVybcyYX3lcokjyixB8kSSSUyFqj7qG-9vyZCJFKgANfsjz_VHSMt2_ctDTqy0skzSnqSPQ_5w3mFWJoZecoJxMsLKL7z9JjjefaHKb4PjhId4yT2f1jTzVjqGY11z1_40R2Gr-jogdtR_FvZqOsIkndkTOOMR7DPuE2lHuPytkJJZ-1etjPUKWQkdYUfUV74i69z8f5KcRt66W6X3BZnygwvfb4hqKxtqe2-4yEq64R6InQaAxxHath6Crrwdnxa0XxRZ_zkihVjMbYh9KSmOVWRoYDUWZhsl8ZoO9ob8vrp-pTm3_CIL_bthnEHcWJbbJMikWyNNCs56z-22PD8iGyNejYlmV5dXJA-jCQMNptRoSlASJhtt33MnSm9NwC5BfmBjwGt2zKDG8Al2PMoGD9eXWLkhfiPFWV4oonhqZI9hLVy3zrGmGSEDlrKBrYLNvvMyPFUdhmdmc8PtGizGBePmp-Fh40iNE8IA4SFu0UtGrtfNM4T3QuR7ZaapXcAmwaCacJd7G0-HAaEG4jORlIS-08aVCmn1YMJR-WwbmPY_0mTIfeI1Q9A1-Tbi54jLLKUDu1KkfQ35KIEGA3LXA8gEG_dXw2Y3WDE_ypnudDGEXAYhpxws-MolIYjibj4=,1,1,JFK
Budapest,New York,261180,2026-11-25T10:00:00.000Z,2026-11-25T15:40:00.000Z,2026-11-30T17:30:00.000Z,2026-12-01T08:00:00.000Z,5,https://www.kiwi.com/deep?affilid=mihalymisroriflights&currency=HUF&flightsId=0b7720a1512e51332b0fa840_0%7C0b7720a1512e51332b0fa840_1%7C0b7720a1512e51332b0fa840_2%7C0b7720a1512e51332b0fa840_3&from=BUD&lang=en&passengers=1&to=JFK&booking_token=H2rV7NhNHUH8QnbfcCNWQyRDvQfsFJzVpqjN-mT8KxOhW8Q7aG6IyqQZ6aOihsj5FuG3d4YyiWNFBM67Q_T8DCsNJvvZ-6vNslSnVNVH4aMuXY25FZqsCo4YWL-NeTvEWVoH-DZxUP5Ew7aMX74_omwCWWRvwq8FM3jNNZLFJPjOYWDenSzpizCDXHcb5E0-KEi_J3vyAxHOKv0zfgPBCLrpCt0QHIB_taG3A27YJtOOm0qYpOStNeRh3sz9F97w9_fN3sMaxaVUSO7gdpE_YJQdi8IP-mMHY3DbGtgzEcpDIAKXzWKfiJIx6JNUgrCOi8OqKR1_9qEPirIrDGWDPUbAz0NLTU7M8ovpaYXp-TgF3awcKPR4f-ml87x0IMvt-1CDeKN7Wi9VomeX1WKD421-5AbjnnVvm-WzN-Ftjr_kg2zLAPsG1BeBuqVovKurXGgaK5mt16oFUn1HGYLvCjubVV98QQnas6-SYSnTeKFzf4uR7DDAr8ndnJRMAF2avhDVLcZAMGVYHqmxCZ5efbjkKBquwG1Zv3H-UXofytcLP-TNhwOz3JjN04wnkQu05d1MNvuZINcKcSiXQVtW3DLr8_tTQeBKaik8ijs2-QTZyiU2QuK67U9E4jKQJoU6IG0mJ7YXFka8vpfe0IgFC5BBt-DVTSIkgluAifrM-8BGJFZj-Vf7bGWf5K6ro-CyzLjlFwdiGg98qDaUlQoDqJJpNjuiNXwzLSli3sjpCnwTtsjdvdwZjjYnNOdOCcfP50-D93EddYOCHe3P4AeNF4fGqzZvXrspsActsfS77nhABvTOdPACkDpf-byuI3gV-09p9KJ0xjrIgO9_lxfjjHmC4GmcGnbz8bQYsoZKmtRUkQTlRVhDxjxA9NqoX2dPiVDMfAkcGoblYfdJiH7CqQcs-c-b8eOYJueW6wvYygEaiPSSTvJif59YcsuGNZERmlee9zfr6o-TDl92Nj6SBaXl4_pseQh3qGY-Y7QxfWk6AY2Oe0RFtH2nQItPHtTRYtIrUX6Ju8fdJqWvcR0Z51fGD1zlhs3BL3ESetGIa3yrKV3Nk5AIZWHrleS5HVKSx0JKkzkPOS_xBYALeJnGrDjoTXt8DB2Ahid6QhBo0sxo9PS-2AA21aTNh-eixK1ehj7ILr3Wm9LBfLEOt8KVjaU1k2fzeoRJ-v8AwgumY6CWrO_2JEOUA84MJMV6ReKCOkxVrpbS4fAa5KQFYUUSs217w-yF9VkGF9GJS_52G-A0=,1,1,JFK
Budapest,New York,261180,2027-02-17T10:00:00.000Z,2027-02-17T15:40:00.000Z,2027-02-21T17:30:00.000Z,2027-02-22T08:00:00.000Z,4,https://www.kiwi.com/deep?affilid=mihalymisroriflights&currency=HUF&flightsId=0b7720a151825186f0bda2e8_0%7C0b7720a151825186f0bda2e8_1%7C0b7720a151825186f0bda2e8_2%7C0b7720a151825186f0bda2e8_3&from=BUD&lang=en&passengers=1&to=JFK&booking_token=HPz_oHHfAj48WPkWX2crx7ymy2KCvyUic5a6kalTqWxbrVw5ua4q232X8adsuWxyNPe1Zij96bJdFWUuVm4wnOW8fNK9uCThotq6Bmd6JkQw3p7dMfJe6rBpoiJo1QfU--zSzs8KMV7QgDHpVByZwaxSHcwZHEZg63N9eCvxkntU0POKu_PpfVwmy3_TX4Y9oYfLYnH-FW0EZ3jlurrlpCmp9ERauqpz9lc_Rb_gMnDozPXwAAb-NP-7gE2wrHsHvxM7K87ovjzef11v-LzEro8jjYvM8NgV-z95v3zeCWRYfwJ-07Za0jSK1NfpSdGsld2stInwgjoGOsgX4yO_-z8EiRViIXxO7I6cUTnmeiRtJNkHonKwzwnt71VrkhEU1mR1G1hb-v6RbQJ-dr-uBpGmKJVVkH1it7TWB_Tr2m2eC4seXHyMlZAzt2qu1UZrmo5_IBrSMKpF9iJF4QTfl9v_lEATZNlg4THYLyYnN481s0kb5AiIpVyon0eZCYFKeFO9MoVLMdBZoz60GrYvoG97uWD0-oGusQTmjeo5s6RJYUL137E7HQwoFcvGOIYsx5Xkby6mlDhbLj-wncvGHAOAfKqAxQtkLLjA3HV_Ab2DLrUqfgQC2nbaK0BnRXkTawjGYcnQYsU9BLI_Zxdx6Yni7PiDpVOaH0ywgFlC4_Wc9hdBndwIyYYQVQ7iudLW-XjQxZElaOjm9o4QBQN9xZizfTFTu2hkjIJVtiijbYh_WXLPrwjtfwBh427p81UOEhAkgC1iQCN-YQkUb74MAV36mktt3jY8oiac9adqMesGB7uqAux8uWx4uVX7I8qdN82pEObD52yxJ3vwk6KohVkGh9t5VIMCocY--fL_WTtw8td2356KUGx99Rmkd2nGwf-D0mZiDERqKdi7doIKWjN4GW5KdyKQ3tYg44hmSYm4IAbfkj-VSf3xq8pr-d__cdHOAmb-vzN-XYasJZUOB1Po6-lDHUX0_hUPYHuQMIoocCOuCDRJID2S7Kl5qwHI98uysaV0BfnekKXhTyE8sdq-_Fy6xRv9QGqgd_MYbkzEZNm-nB-tS8Y_a9dAwodN5t--uPUJCjq_5SbF9JwP1iK9yYUmmHyPssG4P2FP1J9pC5Q7bi-Gb_lOwhC3JZipDAq0d4yKwgc2IXguyYhiG9qMyuxvBXPCHsarOd9fFTULpCHqRQbNE70HudKua-qtLIz75nRxU0fWAD6si63Ex3Uiih_KfjLZ_58gh50yCKHs=,1,1,JFK
Budapest,New York,261214,2026-11-14T10:00:00.000Z,2026-11-14T15:40:00.000Z,2026-11-18T17:30:00.000Z,2026-11-19T08:00:00.000Z,4,https://www.kiwi.com/deep?affilid=mihalymisroriflights&currency=HUF&flightsId=0b7720a15123512771ad4f6f_0%7C0b7720a15123512771ad4f6f_1%7C0b7720a15123512771ad4f6f_2%7C0b7720a15123512771ad4f6f_3&from=BUD&lang=en&passengers=1&to=JFK&booking_token=HC8LSB26pdGAHV03npI5QNDcFLK_GV1z_7UdtI_-1d1zb-fS3NZKscwFVGHw1ec9HBW54inqt_k16IUTDE7cXnE3vHlAG0uHwaf9jnSRZo36SzJ_N-2rkdUb6YHK921qkogNuOEwYKM2CUcQ6-RqJL_BjcmfoLviE58XOgUrTof1KfXEKIyiaBdaoDhKikJcFO3LzNMxZqppYuJWxvqHVOpDxoCpxJCxJWPL16GhMhBCmUVBYg3xaMDyNz4Efwbagyu9DBsLnT0yAYGQmoCDVf0rVURJFOl6WlJqjpwb17PhOF-vvojIqpT7ZXMZYtPrSUA8l9LZ8tKAz6iLYsFxX_oQYFWyMzlxtIU-3cyU_Q6aaL3s_6yAm3QTKIVQt4sgAxZiZO1R1xfUKkTwku6xGzsGc__94SOygjh14iis_bhwsVafqjAk-VuMMHZMmdhsFIjcsmOB6rhI-Uy4eSPhLon57CC53QMoaiiP9bJaEGB66xYKDZi2CcgaWgL74HshPC4-vHopuBXpsJl8kxW-5WMorV6rc6FXzrIDO56csF1dblz-ss5kp8eY9AhnjTKgeiOpMud8XGc8TBclDi_tWnX2Anb6okk2obP0Ev7R8ry8rTj6V2Rp6waF2vMXllebn2lKyoX5--ioLQwomaKtDzNjHjX0K4Wid6pCDE1Iinpi3B4fVWD8dvzPPbU3ZUwIbFuk_bMMXvCoAjKuAgqmp7Yl6vQZI5Hh0WU692w4V0AIEqqH-sajSXtsYlTP7EoXSd-ZBCfiOFfg3-L0Q8sjMi3hvjsHRQTfBGIUMnw-M0aF1FrcUCC2omKZogeWL2HSKJU7QY_EYqrYx1nym2x_YLeZJQo2n5juF2Iz0ExZ-CbUQl_X92mc2xtaKZvvqEPUXEFXbAaAKza79i66owED3IHDsvxfzvqOP1snisIkEFdppBHlrBTIoX7qqNffSS-bOddFpBpXqk_QCwCa2QQLsRFjtea9VrTBfozp89rANEnByNbtCrTyTBV3jJ6EHl5XeYROMYmspzFDSwHJYEq5n4gvKuqba7KFujyAkjWXiPrw2asEiYdlAoriXIf1xnJW4w4RMOWa-jRiTORFe1hfUkCoZvEL-NtEdDdXtqJuFrx8LXetuUDvr-ohqIPELLyPqLDnSWUbrQ3Rek5NnHw6JZEUAN5tcrIl86MhLg4couaEcGFyBJxqeN7wOq1Ie1XpZxGdGCFav8B852zTH03cByJcYyxIqlp9by-M-IWLnVck=,1,1,JFK
Budapest,New York,261214,2026-11-14T10:00:00.000Z,2026-11-14T15:40:00.000Z,2026-11-17T17:30:00.000Z,2026-11-18T08:00:00.000Z,3,https://www.kiwi.com/deep?affilid=mihalymisroriflights&currency=HUF&flightsId=0b7720a1512351267a077d81_0%7C0b7720a1512351267a077d81_1%7C0b7720a1512351267a077d81_2%7C0b7720a1512351267a077d81_3&from=BUD&lang=en&passengers=1&to=JFK&booking_token=HkD1pHoyX4llFNFLyEriWsJlDny_f0XBw03eO1bPXBMcZ70RhzUaZ0E-wRerWN9zlYx1oj3zmIPMjkCfTEOAP_xcp0CNRjC3pZwgZQzZb0Dvlj47uV-QRD9wv36ELZO-2HCqV27Z6IzVGKGM26R4-Ud61vEdIMmMBDudnKpHTb9jkB9leqV3SvHvV8WxDHJiPF--twtPwhiBmxhCniEi21sfrVa3t23eBSVfgLmqm9BAA9yyaO7u57QA5UhhXl7mDmaYm5HG1ZeDyQH0xPICjnW6ucRJNKFi3LXDESPq13UI5QkSNDdbTn8WjjF_hE8UlXsMrXNgW_Bkr77G0OvWSS9So6-MuHT4d_A6DUicx3Ycy1vrTx75n1fb0ZHt05QOsdJjS0fptLjVatoQuizBH3BXvLaPx1Chdavq_gfsZWUAS7y_KKo_Df10Y4gpQMjUi5-a4DrPNGJB-UZPCbwos5W6llNIbBB5qO3ZB3ctaAfIOOHM0H6xmzutwxnqWBlv4BUYP4OFQbeYV-q_-XL6-ShGJvHQ6rOztZ2FMXEC-NuJkaY-UR7bv6tRCIF_F052psM7qruHrC8gCg3iNMCgSBAMd_OUcsYw9SFOosQZY08NgxErUCWM62otJR7s1rj4ZCGRPHZTYXKeTirAewcu6w5BGIvVlgF9T_jEhjg7lhgpF_HbQ9AFOBRxlQJHLJy0acmt9clure9SwmarBYQxqSixaQVNUbnoTwVaq_35_PFPgkB7Ln5b_Sjw15pm8wd6f4xecfVoN86jJLk-Pen4uIKt9OmiSj6izPQOYZ98YkeiJVTqlVPrPYAMvtNYC70GDTf-Wv6WOo9RRbnSnZtK0B50C1sQCjqkQjWAALDOnucNX1VeR-zbY66uuLipfD2SwR5T21sWI35AX1TCziwJbNRk1q5zETYaJwhz5hXeWffwbbT-zKGti8vCpswys95DqsFQ6h3zHqXNb1so6Gm24mFNONjDdPj0tK-YJES8dxVQQ1vttXTAS83y-rvoCga4dZcys1ujF46Kvsm9I80J8rOiQjMW7jo0LmN2bG8PhWnzuiZmRJauAqdFKbmg05_tB6IjbUkjJKbS070N5QPi-7c4SxjgmyKzjJfuAQ1l7P8hAj9ueQvgeEQT7voNtqqYaX7jDerbTCfIY8vAuphEU1Kr2VNYaM66l7tXjUACO6fPn80Klc0cB7fVpByb-EcdU5cmPGSZAoAkIDeReSCJTDDDJT-2tbeXuqN0EQlUWEak=,1,1,JFK
Budapest,New York,261847,2027-03-10T10:00:00.000Z,2027-03-10T15:40:00.000Z,2027-03-15T18:30:00.000Z,2027-03-16T08:00:00.000Z,5,https://www.kiwi.com/deep?affilid=mihalymisroriflights&currency=HUF&flightsId=0b7720a15197519cae576f07_0%7C0b7720a15197519cae576f07_1%7C0b7720a15197519cae576f07_2%7C0b7720a15197519cae576f07_3&from=BUD&lang=en&passengers=1&to=JFK&booking_token=Hx4nQoJ-bzJUtRYCSlzpNoMaXX0gFFq-vVMZDJ1vIa-KD5LDzzIf7V5fz-5lr0Q7l_0kpOaUVtQT4cUnRDnkg0fwU9LVYw7GPDowBhJYPsRPDooPexIeE39JQldU7nBj20Rob_xpBXkl3MRVzfMsp5hQvbi3fJheQ6p13bFfmeAc_-gUG_g57BFP6kr3MM_65FWKRVwh0bpWPOFnFlwnU6MwgGMi68sKm5fmZnsv181IebnngDaVKx-oU0PyyOMpwM67yYsKEGd7r6xp2qUCGv2JBncsc7QsbhUW1Fk30OSZJbzHEFvRBd3JYnpcoNXxDdnJ4CC8LgFpU3r4H9ss0zUWovzXtghZFgXNTSE8jRZbGbaHdlLrSkLSoV17Z5bnWtGwc3JwIbDLpsGGx6eRmYzNlQMvb58aHDZnu1vn7-zxHHc3UAYSEgWJ1XU7g5plt0JooPPrWjBMla5kh4CzgHHjPAm2EOJo2sZPszI6OweNEiEDd79eCAlQoeeKfjnmshw3SVEhYoYZQCMaNI-z1924Vwzjoh-iJ8qEOMAppob_dD1czB9_xESuKjA7lPiQqg9eFn9ddJZ8eP4ILHlzMoTGN6frFzozNpqqZ6bz-AhZ6yEOad9gVL9COWTc9tboLF2cAFt35sMTSWkYdc98b8EZsWJ5krRQLdBirEppX66QSKsr_eo2tRae_42EzlaXqN7R4po_QfEvvBxDIGoYaokCOwr8WT06HhS2azwn1IW7QhRPGXgUGGUfNYh_ZVGpkxmVu9bTmx_3nbZXgIx_suPcMUpW7RPzeTXll_BIuDYutw0mpDXUs4r33AK2a-FGDPyziLt25RhJ6BnEccfKSNBVfOAilrnkDr_uVn-80NUgY805iTiQHPsT1oe_ae8hf30LE6Ed3O0cwAPFDoO09NXvQEdOYy6AOYZkT4wPUAtYMhGHDfL2MIlDi4fCocaM051DJuQlot4dPS7CyK2Fk6VNsmlhhisDAzcfzjIYneQQfgVitX23HO4IJ-OkbvE7JaQJaYd0GPRbzw645aNbXufkSlfIQDOOJhAGW8ae_X3KALtjd-DyEfRk7pfeHQXdCSMWDqXrMGsV7wDhyVqNwGBB5xTs1Lq40xu-PAAcfQ_5MnEoYdM-DrO_Sdj-TFFmn2wQ6fIJg-kUXH81IH-NXPR2WnFVLXy8himpe6TPIPRlILI_42pY4cSSRiyZFeWPxeVJvUfR1niAecWrlATmnbrIP1Yq8lOw5lV5CzjuQz_w=,1,1,JFK
Budapest,New York,261847,2027-02-27T10:00:00.000Z,2027-02-27T15:40:00.000Z,2027-03-02T17:30:00.000Z,2027-03-03T08:00:00.000Z,3,https://www.kiwi.com/deep?affilid=mihalymisroriflights&currency=HUF&flightsId=0b7720a1518c518fb1f79bc8_0%7C0b7720a1518c518fb1f79bc8_1%7C0b7720a1518c518fb1f79bc8_2%7C0b7720a1518c518fb1f79bc8_3&from=BUD&lang=en&passengers=1&to=JFK&booking_token=HWDvw7zmriNWUWL0Z_fvyhbSfNHpsHcpqACJGiFHrD9S_UdemjiBD-or9uZixCP_hvP-_TFz35ypTXGmxHDs5hwn7nkTKB9H7q5mJ3CzfIPULVRvWxWmsegSbGQsynIlW3pQXuOY61wtkUA1orfWQWh7-a2peYMcuj9FU4HeIKowuyuzPyCgo51UgXtIpYXxghBHeD8y8K7TY82lI-S_G7YsnfbgLb1CQpYSvT_KEBhzD4m7BzMRnE5U6szcVgu_XyvVegtPMiDYWsLRfW25mKuDDrfL8h_zTPk78it0uXeJFkRBsUFXNvGNRyxet6UNcAlXT2envZWC3wWNRk29kddux29SNT-1iykHw22_XiQOkZcB6n56Lnn-hqKUwGquQ54dgFf_C5ZqqiHyENNpOBt_qxkH1vW5DM1dN4S6lVJ6IWSFNs2rB5BX01SLIVnnIP4DF5NZgU7QwC27iYKnzkqFDoaTjOFPKDxu0N4NpD2msOmGDGIPQb2mzowVGSsLqZNIrOZH0ZJCS31kL3RQtQB2HrYySpm5JER9uBa0oeZTV6rHWnidyJxaUKlNCQjfedwpKt-TZ6qv1U0p65uBT6SpewxECuiTUjBzFGeCQCamtOkNLI0gUBi7gzUwU7T56iSLdQ2ybjwWp_IWvMh_vpjGYBSbD5aqIdLPpGcKYo-HNyEQg2KpKTEi_MfHNGN_6a7uvK65_K6Z8tWEkPwkqdturridC2YE4ETkdH8gMmzPe8T606e1mjHxFbuzwCoWP6AAiLxPPkBpdM_Vpe-kOOsv0-hMvP3pLpKf6Rv7lTVoa8YVnIIZfAQWynlg9ivZgKRP-1zkCckdFWxxDq-YSrW48zQJn9e2yA-2XKAN2AqYrdwSXPks1k6ShjLQNdCOQklzRzvj_UBO8noMs89xX4ZwCXcSxY4yPWyqxjpVUdspt3fGMUI1z2vzzo9XK1yqFL325vZrIuktpW0Vv02Ge1haB7VpT5E2Q4ZXdTcJaJ7OaxFu5gSt6D2wwBrxKsZUBHhgCBVy-JCQs3IV8RpsR71GkPACpIKcjIyyc1QJ85lp4p6IgOCmh1ayS5cs8M-6WcPHB_Pj31fSAP5XKEfvZy03RfRyps5vCaOxiKZ887KIfcfluE59KxySlRDYKyRWUtmZXielUohKQaKYAFnIjYBFJdxc4lpB0ESEB6r5w_7fD91WKzvBjs0MzgXh_GLeVBHsJYJZcfATmsxNwvyJbXFQpnEIJErJOO1h-uFs62fw=,1,1,JFK
Budapest,New York,262474,2026-10-08T08:20:00.000Z,2026-10-08T14:25:00.000Z,2026-10-13T18:20:00.000Z,2026-10-14T11:05:00.000Z,5,https://www.kiwi.com/deep?affilid=mihalymisroriflights&currency=HUF&flightsId=0b7720a150fe0000e10ac441_0%7C0b7720a150fe0000e10ac441_1%7C20a122f551030000151af0d2_0%7C22f50b7751040000c9fd1b50_0&from=BUD&lang=en&passengers=1&to=JFK&booking_token=HMTTnp1wVBW01hA9Yzgh9OG3whc6ByM6JgrQ21mGRfKSeuFopEgjtmzAD06FOlQ4h3bxfhyDx7jvvF-_nYi3_LamHIamY94ZcpZuMrdzqlUSiJHx0gheNtVUb6ex7jgsnrTABwzdcFQU1tg78jPkxhXcM5cwE_g8sCxZElW3RnR8YXAUUY6QakNWON88V78gls1f84LWEogY4Yb-3iPlokONGcryI5JbVK10-xK0ZeIARW3j6APsHFKOJ4CWRXG-yW-eu_65nPW-93bx-LEQWX-7QsYhVoZe0T7RWaf6Qn1k9aM9xQfO4Cptf1LMJThxtUir4bDBporWibFC17E8ZRVFh7Q44Nf5cs_JqK2EJ5e2YbGRTmwO6-zaDDjNwKibNuQtRl_zmc_i8Y388TfNrZRvMON_lLrd1x2LSd-k0AkbRhUZmyr_5ha5qtHPvPhK-1bHzuCPoJegHnMLAMp50kBpbH5NkEx6QYlbLWitAT2Fha_wcrU4vRO938QCoB6nriRxroVaEgxySoo3ZcpV5sdHN6jH6J_xffTUiffLhWbX6AJRKb6nW6WD0R0_EB9sVVEITjyWasRoqnbI8kTJ1HH-J-A99nIHb1YGsARB9ZfGxWGqcA9qv2vLjA3wIIqsQHxLh0YD6NmxM2TZP2U-C2FnLCCRXFy4W21Cde0JjLYqkpQhlY1KoQbhtmQLlS81akoq-_18Jxjt27peQD_P-r6B8ezDl7nflERxO7wPNtKiBe_EaokOrFbkcgbD6BIuSqMHjto7FBOHOhtr0ZpZZgMQn9lK3jSoWbBIt5hPMPBxeS0h0lDCCXV4T_HdWVDPhwI5yzBBm4DomngxuZosKtIhMFWfd7A-PkpT7O2qlpaNxNw0K4ihW_3DBpbLVVxI7Ld3zPIDKhvjdLROuKDfurURuaGErnXzG5QLXuEjRWp7X4daqZLY7wGVmxjVj3u671gO95OeHuxlqAHYB6fZrkQkz9mKTg-RHqJSk5vZA8jWaA9aLG5rxqLnt7HJrExHl2HP0RPVBXcFFqBA6TxAPURJkQCGilt4CJ3VARZWfE6e-OWdIz-sqEm5W9loxEC-PE-fdhAV2tSnr2THKLnnJ1P4P0AALH9QZz6Zxgjh2a833jFeOKTjCaZie6gNetS7DaUYKjE3BKwQeKLPx09xUpkt5e_PkXrZHIPrvQgwQpwL0eX_26wz6ctsroloFofMyEWjl5QkQ1GvI0r-dYxGN0XxKtYLezA5t5PMGtPwIKpKFWzngXW6Pb4XQbi42wSFySnLLyBcjum_PePFtRcnCxRUkLLDms2YCm0Vx18Jmv0Y=,1,1,JFK
Budapest,New York,263553,2026-10-14T08:20:00.000Z,2026-10-14T14:25:00.000Z,2026-10-21T00:30:00.000Z,2026-10-21T21:05:00.000Z,7,https://www.kiwi.com/deep?affilid=mihalymisroriflights&currency=HUF&flightsId=0b7720a1510400005e9180a8_0%7C0b7720a1510400005e9180a8_1%7C20a10f0c510b00007b7ecfa3_0%7C0f0c07df510b000036dfc165_0%7C07df0b77510b0000ee2289e1_0&from=BUD&lang=en&passengers=1&to=JFK&booking_token=Hivh11fK0KK9xzS8jUmKJ8dyOiO_7SMKv1-L6WVOeaSm4fOTrByPMiqEkPko3G4vhq2XKlrJ7EiEPldsCnOnJHx9SStTDj-bKWgplR6NQ3oSSHriMgyV_WuAkzsu-9WtTwOdOGF68RlUgll1eF8IwU91xqj0gJ7Lpv0pMobOGKZaAM6tJHfHAqtf5pbPKmbZAC0SX9pLgbBSvP03WDnt2wJWDgwsleWl6JdEkP0u5EyJWFYuN3J-wNZbFFXShTC5mHT2I0EVbEGVK6GOSv8KvJzcaTx9hdGHWMATZ5PqWclp2nhW-mTc7txosRJMhU-_UKbr4W-Y1DjSWREvbhC0PYTtyb-syctt4p_Qc6gDhl0GQJsTvFeFOPvGdUcMy8xdMSZPSVbbpFV2B2wldhPvQvzaT_n6OvLj2A_nhDjwaPd26rfV16Mt43VLvFCDdCZAs8tK2Qo_l0iJSz3OCZyDGDI36VkNnIVctUUqX4ETy-IumjLtaahiVUgO7EGdHl_-3xTAph7ZdvQyG9DZIfEhIn8JL4-P-EPAa6eg7OFpsHdJnF5BQbEZ4np80sJWt_b-w1PYH6FljKn_FCthi-B0XauUzaMTMPJ5lBA5_CVLmIoLjGC2WoCs-ggTNb1JmcoNLOvg_aMZ5Q832zu95_nl4VD6Rn6qvoIK3g9hTU_peRnXg8g7ioRAPCHtbhtQiHsG92eGQKTW-PVslxnYPpA66ulBaipyDRa7v6jS0k_rcXPpeBi367o6Hyvg5uuldmTsx9zZwIJM9k285QRFEhQtznShKQ8L_0ZZHxzChnOJ4Q-VkNrkzsti14KcfCa6iIPC-TFKQamsrzaQut_SkvPvZ7U3pPyxk8PGg1jNw4xzqPretNOyOCV3lNBjWC6ixa_B3DvWzFBLwmRcqlFfiWbiTgeqe8_0MeUZqAQXjpz-bX_mzbxecxvm6Wewv8grYSlG2E2qeBcfDL2iuIBgbCY3-6oRHxje9vSf3fg6KtpfmZWeYYYRF3UpTScXIVj-YM42gWedOpm_jCmJ07E1vbsaXHxRv6mpMLTnOZax4tqIUKT9WjUYHZnt_wl89pqUWe0mpvP9ONBPWbF_KhGJEatEcL31dZ6yKB4Kdt_Owdry4OMXy2P9qgHpqJXb9T4jUlseGoY6OGLx1pSwh9kmqiwcv2WJhrn5Jr6hBo6q1zoMAmI973CxzV4X7w_Uf6nhbgfgMrz6ejdGXFOA3j0ov9E2HLeieb_--PDCOaZI0QHaD2ORSThoP12DTZkvQc9EH7eN_ZxyIUIfGEnpG2r3Z1LTTW3isWOQhx4MkUFYKw5yg_VQQhfQRkb3Y29DBu1Su6pC9FHER8Lrqi7MSToayjyJ8__B59dVpO1k06WbYDkOILsY=,1,2,JFK
Budapest,New York,263581,2026-10-14T08:20:00.000Z,2026-10-14T14:25:00.000Z,2026-10-19T00:30:00.000Z,2026-10-19T21:20:00.000Z,5,https://www.kiwi.com/deep?affilid=mihalymisroriflights&currency=HUF&flightsId=0b7720a1510400005e9180a8_0%7C0b7720a1510400005e9180a8_1%7C20a10f0c51090000b89cc2b0_0%7C0f0c0b7751090000bab93bbe_0&from=BUD&lang=en&passengers=1&to=JFK&booking_token=HG26BguvpyvJvkt6cwthgApfnFxne-zKi_yVar_c01tIVKZqZXUPjK3KCLxayzWl-1NY4zX783PTKV6Hww2zLUpcFguQp98NhJ3dGzBn1BhcPFLXC8i4_v4O8fGioolNr9uyzvCot787j7t-BnsNNxCKCzS0yUbAOvrWcw3pjYrpY07aS645AKmPk3ixsKZYh5Qz4vPwmfOiGwFd_uqfvV_1PbRAfWiwwvxXtarcp0LCSMcp6LWPT9vZWIRAeYEoYjAB1Y_fwERgJmkU0pjcU1tjipSq9KmwjO-QdhCzQsDLIKqScu-Nw3q4tAiIdoYJkGU2V4Qiv9ACU9H5Y-iQEIhYVGfM2skFLFWi5XFnYXYR95WY-Gz-hr18b9QSLtYWbvrwvZBLj3QueiroI_lVtBkZd6Mx4BHMTgP_Ry0cfugVjvnFnns0biA-krA3WRma9WLWOd345BMBOMrw8xasFhqVYiKPODaZZC_txUo-dp_LtA0TSnRe-E8av9N_CQvLa_49KHiHH_I4AqzMR8oiDiw7CNJjxGuxKT--WION2m11tDXyvWTepNW7_MtBoFiobyTH2Jrd-mycZwXBbNMhkPflYJfJjKwIykljgmKvPc6F7L5wT0mMFY3pVSyjjlmgvCZnd3ydp5QMdV2YeVGgf798jFw9x8YOZP5fx7Cg94QL5c0KBFZc7ALQzIK2d2C_06KQAU_nRcMsJxcaqgd05WUMtM6dbX9vxjD4kMU7et4LUXo7_3zVEPk7x96pCTJ1uNAl1mEut5jT1lggst0d0uovwJxA59ehIstKZ-vCQO77_YkG8OvkIwOcfPphxs9pBJFlSL_a4BXmoQW_PvYJMzK_rBRkXu5w6UebLvfTk2ck2LD48XaSrCLBaao7Nd7cktAOqf5DBPI-guTS-8xXTrvq5TRO5zltE-RvpB5-G9302aluolLzMVe9rYgDeHoQqI7Qn1KSk_HWRZo-G1fgzST4_mf_usdLXIB1lLPTPv7MQgO4HSWEIoDelp1oj9M9rOi1YCW28B4SD3OYZ0RgTH0v0WQgknk6t7h37XcIc2xYzRsx4BscqWMzMNR_EdLcZ5IiymlwQBixpKjgUCmYIBgwtPgvB9HKGoupEBM-v5JF23BhAutfgDjyrQ7-Roj_Z9U6a8NW0vwGQs0GcVzzpabnF-PvlRtT5dowAiZmQfFgUPEz3tisW9puuLkry1djRU8vfslYvE0J0FLRazf-6vX6raMIkt4Ptr4U-tDQrPJY_qvwwLD2EPGZRu2guj5kctcuEhBruL4Ji80pBIUKwdQ==,1,1,JFK
Budapest,New York,266159,2026-11-04T10:00:00.000Z,2026-11-04T15:40:00.000Z,2026-11-10T17:30:00.000Z,2026-11-11T08:00:00.000Z,6,https://www.kiwi.com/deep?affilid=mihalymisroriflights&currency=HUF&flightsId=0b7720a15119511f3037b1f7_0%7C0b7720a15119511f3037b1f7_1%7C0b7720a15119511f3037b1f7_2%7C0b7720a15119511f3037b1f7_3&from=BUD&lang=en&passengers=1&to=JFK&booking_token=HZ9wsbBGcnraMM_rJ-3p1MZOw-f_ViIAbdn52_rKN07QbDqTUkXpAkeGMB0J5u9CCnfRi3098tee3GNSOHIzZDtO1K2CYUeSct8OHfMjRXueZiCFssctr07EtwpeSUhHlnCN7SbczmpVagUzgQRWI3P-TqWe0ZOuhUeQKkuZDTqZaL-ByKPtBw4jRIOJrcl6ZKxAIPjD1y1BSg8fG-pI9bROZEbid5uApwW2QqT_YZfTFvJ75VAaMSu1-aHzIV0JUnXVgfYlHA3s5BPHGo0n-Jq8-KUUZNxs4JaH69xXkgX45J5zPwdK5iKHajXugnuH5F6D8b94eK5Qae-oipsyX9BMTcSA63nSNfLeqlI6QMlMLlUfMEgWz77NqlnvqNKwc3BSf34pqUTmwmCvoSa17ISQ6Q_pBvDOaKaB419V5trqdupiVsMlIXetTCGggfdkbCTrO3lXBnpwi3mXYs3r-IEUya7J4WbmAhib1gXrqMWQQBmQq24HUmSaCL24iR5IRCfLUS1gzuXv45oN4edetnD5luSq77n8rgCgeXA4eB6ZYFiZFze9AFBIIpjZwuFTHau3Ds7kJ-Efu-j4CYYVqtJ-jrkU1XSSy5LDY9HPJ6bgNjWDd8IDFAD37YCQxdS1DkKhI-SPY76lYphxUYaCLrnhR3cw8D11JcU5GLOF-g1-73IxzGXXQUOW2Ak2wi6QQ7EPxkuWEze7KcJMmcJ95MrFVUgvbfCgsICGHXW7bLKjBRnD1PL7Z9Sipo8eWglmRyq-AjuuNd0iwSW85OI69GNuG79DaKJGgIK45GbVKEIzmzRV3cT7ihcn-71xZ4OMaBzH_gC7FYyKtnlofZwWm3f7A-wCOnNiEzsyQpZtgViOWU89ALZ4dcbnqk44Qr0fZ8fgAEC1U6kqJMOitgI79aszvF7WLfSTGqeP30Z2FjswZ5lANo-YlNSkuYmT79tEuRzPqkV9TMoYyPT8Dk8GP2qheSsDf9GU7GP1E3cPDvLInjFBnWgv2b7En5WWDat0xfunekZGR00X6DdkhVdlyJrz5MQXlLFJ5DDKMLqabVkr2Mbontdp74L0rH0ghYg-IL_fb5-IRnhe7-oWcmb1UPJvARZux5zEAL-4xPuSxCmpG3GEMEUzMMq-3ZFWsedtMfwkJuJQPBJV-fm14mQH0KkPUylhDVcdCxT89HE6wAGcR8xBVI5g3UlsgI9ikfzBK6cuuxR6eHO3kpKlTbXWR8A==,1,1,JFK
Budapest,New York,266421,2026-11-07T10:00:00.000Z,2026-11-07T15:40:00.000Z,2026-11-08T17:30:00.000Z,2026-11-09T08:00:00.000Z,1,https://www.kiwi.com/deep?affilid=mihalymisroriflights&currency=HUF&flightsId=0b7720a1511c511d21bcee69_0%7C0b7720a1511c511d21bcee69_1%7C0b7720a1511c511d21bcee69_2%7C0b7720a1511c511d21bcee69_3&from=BUD&lang=en&passengers=1&to=JFK&booking_token=HGqWauLrMEByVpQQxfV7KuQA2qYq4ngWn8s8z-jpgXReenPNCaNrGCkdp_yY5QfmGOny-2I79JDdD9jJJjWxcS89pnJyf6ULmu2UC29WwE63QdRSJfz4VhVpENv2NhRHbiFE73BK4xt5QhFMpIIgWy5pfYBm6KnNrSed4L576q393VtkBxS7y1zi2bQ-rUvp6F7txAe2j8U-oKziT0TitAM2KTTN7pWPGxOkr-JvZzjHCJEciFdyD76aJV_JjT4duIh5hwOLBCfHQC28MTeYr8jGPzW3V2nMGpbT7Qv5ETDn652baLgQVV-EmTZ0qRUtTb1sM9NDajfKF9pVEt3UMgjqyEamPjVSHul59mkFZQP8Y3_R2rhkG1PaXulcYnay7iPApREEVNgGi2UqDjy6VTEsHTMSfXFqliyyhH3zFHk93klCX3Eqx0G_WNY3l6rUbFx03mnLYYBW5wu7FbyxXmpp50u-1-SBP8qawsWj5U_cGndhG4T6wy4Oi4_AHDdXfGuYLbVvmfyi5r0M99kscR2zD8nWiFAlxW6FjE6-qc14gaevWOdeEnXfpXlvlH2dCY4AXNwYBLkF36W3pHhnyFQAnbOWWLPqidf2zeiyq3D-MrdYhPcK7YfgVIfWfBY2DbpURGGOYIF0MUTE-FGkYU_8n5JICThP73Qr5LL8R-3xDIFrkCHVGQTg7elxCecJ4_AweCxHWZRqEBGEI72eT_I_7rIHas8--DXJGwQsmF9IguQiAbHnaSMb82oHx6VRagYgCQp5dxoOpRv-XyMDEei_OST2z5LTdo9XRrX7F8kJqfg5YaHMQfM8alOmHnAygSG05JpLIp0fUc62Td36updxQA8BsVfzsUuDJigs70c_e91xg87PU5DU2KW7TfttOlRcWSH8rASuvxO_4iiqlyrYORMML3bE0hxIUf9z-uHNYorw0JZmDqfuJY6UvRKi7qKdddRDeN4gmwrtGaD5pFy9GTq1oaHMA5t-nX3smNRNwEfU0h-1uRvT8xjx7vLdaor_cKyio_8kofG4hyQ8gVEMeZGtCzK0JIBq8KC0ViDUDdpo7ee_Vq6Ji1oCIejLMMxbL1XoF4mswtsLtuSE42Kx0jl7J0QM9lDwDPBCfUj-9sGZ4BaErTFp3e1kNPdBFqyUSTUZTbUm-gA2NQeB7HKhkbL4EYyTAyypnd2S2PKl-sO0I9o0Z8dKl7wYZcsK-,1,1,JFK
Budapest,New York,266450,2027-01-13T10:00:00.000Z,2027-01-13T15:40:00.000Z,2027-01-17T17:30:00.000Z,2027-01-18T08:00:00.000Z,4,https://www.kiwi.com/deep?affilid=mihalymisroriflights&currency=HUF&flightsId=0b7720a1515f51630d75dd4a_0%7C0b7720a1515f51630d75dd4a_1%7C0b7720a1515f51630d75dd4a_2%7C0b7720a1515f51630d75dd4a_3&from=BUD&lang=en&passengers=1&to=JFK&booking_token=HBwfCxBFZJ97p6lLZFR2LwoA4pWAG3fRi5ipJsSS6rDymzw9rQ-Yl1s733jYKC3AMby8GAJbUMl_8oO6_D7Ggk7ba6JJAy3A8Mk-Jwuay8BRS5US__LVEPm-H4KOqeYrFtTFC-SXUCloh2TCOagbJ7rd26rXTWgoBDvdnZhdjVpBi7CupZNbSvFyn9FsStOno3DC5TS8TqYydg0vJVP4lrTVFhU56s4W8dlLZDzGLwNd7w643kqGeeqGdaMWz8tqLvzd_rr4-uVCGfOqDUYNnSiO71J8VhoTp9lc8kL8jwgLvPH_57ku6YQVOErnAoBwNJQifqu9iR9MIqGRyHOvu6IURuidGBj4SLggKe9GLpZx4Tg4vE4BPebbAPh0v62QVxbJCU3rAvISoTWZ0s4Gp2q23aw3RW-E_mUg0ab6UwBrirIQl4iUcEqGosGYy7za6SiD6wQYadVxeOzzU28zH3njBH3Ku61zqi0ZSXRI1dbqSVsaz8M-aW29zNLJlxb0I3HTSViZaaa3whEj75izVoQG5jGHeEMvxUwrIXQBzwOB1kxR3pvxNN4hWht3z0N-mTd7Xn9RMsCGiArZrXm0UD9XnUmOaxbFcCb81P9rRG1RG-96LJujgTKw9ZBT6tvDvGpijAqXFsjWDM0s6xOdWJcVqDuqBnrRUUnkqTUn4QAMWDuwc-e_rrXKuUaI-NAxrzY8V98HYtm6nC9OVPaIValpxc2Qt_F48JJbgI5kBkWLArspDxcFoC-EYvxeKuJJRe7zxgG3zjf1zNO6GqVjYlqPl666FFq-SQQRFcYd0Gk7cBpUEQ-Tj1s6YbvW6mydvZq8zc69_SpmSpkDCEkxgWioy-J8GmGCCYCLdF54ErJ8E9O71Q6oJk8fUYyhOjZmvTuasstmZvE_RZN8k7TBxASbFcPIKf_OISjnPKC7ewB8RYww3clfOf0wlZERjkl9DaTOTYYOAujghMGTuU7CpjeLPk9F7CydY867fBQIEQNR2-yJpEDljC1zwclKWrVYSV9_9gbh-hIOEOJRGYpF7gBt2U6wRE4-UFjho-Lte8W1Px2g1Ygs9rC6b0VfiESVwsmM0QM0vFMxSc62zNMoZhAHTca6fxdVDe59iiNMG6J-48yz23mtWkEHzROHOgiawTPt9LF7s9yYt7wSCXcidAH3--HxnJH6LxqHPHseAhrn9PmTTmYLOEr5KFI2QFop4,1,1,JFK
Budapest,New York,266562,2026-10-13T08:20:00.000Z,2026-10-13T14:25:00.000Z,2026-10-13T18:20:00.000Z,2026-10-14T11:05:00.000Z,0,https://www.kiwi.com/deep?affilid=mihalymisroriflights&currency=HUF&flightsId=0b7720a151030000ec645d64_0%7C0b7720a151030000ec645d64_1%7C20a122f551030000151af0d2_0%7C22f50b7751040000c9fd1b50_0&from=BUD&lang=en&passengers=1&to=JFK&booking_token=HyPVbuezbCWVNQ-LA3TKTqc-yjO0whAvyfRfn8Dr3pKYTGy4527_3_mvw7cRewU-NQrmOhKh1mSKgLAOcQpDKw-ZtMbmhDFV7nlCEvGkVVr39WQvMqdRQy08i1znmCt9Z_bF77n_AEKX0ECVzlJUCmWVmWcpo06NaK1IYifkNl1ZDHbbZipuYjrSDoFP65rXsp78Yboy93JdULY644o3jbLp2Cj4PuV1hKeGY4welZyXWkPzDJYSi-WpkMmjAXouDXSYjPcKlenowK4QiUlS5Jv7cmikEjeMLkMXJ7_XAth1K_nf2AB7qcej2Ttgf7oozkVmGPGgs4lT7HPTwU2Dryn4lIm9NM1IzwDCimEliJVk_vBnQ3W7lZoBwEXhYu52mADoq46cM4Slvs4L-XRo3CccoJ1T8xdNvTk3Hi7tNyspxTi0AVSKSoSmb_NHCP_Eu-lx5U6TevSrTpc91VZXBZlWKKrbiQEOA9-xIFEVNBiRToFTj9qXuny04b--l022lL0qUaVhUc_B59cfu2L7fZIbPjdimNrmRrwr5DtI-FJUx2xDZ_ICUmjZMUCAMkMmBHWeA2Uxwi-qtDQLfgB3qzJQEzUQw2qr1uTCFWRthce-I9yBjOyeFhf3Xz79yumJ5XQPybWjOVBOINi5j68rdj53zyKLc7Wvmzf9LRTSw3KRJcy5pi6p7p4_852hLXNOhkWSTpSYrQz3s3bilYWv9QgLSLxm9ijZgl6xM6cXVxLDhYPLO3uEsxhjLBj8gAFLMwtyXJCbyNX6BtynSYxG7YRiQZD1tllJZTjHLbqbp7SkyITH8lZVxnHHZ_kbMhv5-JxAgnYuLh_sJ1LLoXeuh61th0kJZTunP8F4YQH-3WEvoTy1HtC54slzK1SeqvvGblkCGV2PadtdEExmUx7WZGwDYIad_ffTO6gEfLA4XKgdeMQYadfE-iCrhAJk098d-UPgrswqlgWLD6uV5z6HPwdddnDKo54fYxw6lSpsRLwYe2f8Nz_DYED16xtVsehg9sNz1Uc-NMOoyty48U9mEhWLmT-jQkDMNSdmUvfqt2GUaMPtyMOd_3WCQ2vh9u0ksKQlN-UseQQ4os5Eh3UisVH90RjFWP1cn8P8GvBTGF7_Delc4f_BVeYvWz0ZRWgqi2_4itebpHCeBOIKSHeS_sgN-el8xS13Z9fgZ67XpWz3BWjjysh2syI0hwbF4zdvHOYIaxVVT5S2Aj8QDxXbexGUJmhnZZ70FUmioDSqMv8gUwDP53ETWPCnXmsvLj74J5Je1r8NulQq0tF7KLFsMlFBHicmzOmek23rlY5bpnv5furJAtoTCGRQwFL8InFJg,1,1,JFK
Budapest,New York,266562,2026-10-09T08:20:00.000Z,2026-10-09T14:25:00.000Z,2026-10-13T18:20:00.000Z,2026-10-14T11:05:00.000Z,4,https://www.kiwi.com/deep?affilid=mihalymisroriflights&currency=HUF&flightsId=0b7720a150ff00002843a2b4_0%7C0b7720a150ff00002843a2b4_1%7C20a122f551030000151af0d2_0%7C22f50b7751040000c9fd1b50_0&from=BUD&lang=en&passengers=1&to=JFK&booking_token=HwsnQTMBLvoad5kN51zoNTDYNXuAN7HdSmBgqwy3Jgz3X2xTd6kewXylSOJT5RLxKhYY4WPnj-OoxbkHGKllGa3cZlelhDsRfUuagVxxtPjMQqrFslf0Y5_Rf81452vEmgAH3y4q3ieoKT74grtqbHN9gKWt1SCifo7fB59d21Qd9Z8EJQqyGzSyT2pceeOrJ11XMLBU8Cf83P1pCDrGi3M8OU7ySm9Ft5kerpKtJX2fAWte-FfekwdkKef7f9RANTq7Zk18YvtnZCf3zyssSAOTV3qndQEBg2LxDKE00lydQlkwtC9U3NxjxgzkSQFHOj9qEUCF_GNQphRENM_-5d8fMGMaI-0UnBEc5WVvHVOEmpWsFFuTFukgTocGB600Qe4QQbOg5gS-18AWbb5xui1PfaEthMdgj672LlFFJbxxA6cei3xT6rj2Vtw7wlsf_bGbfIzBWyAhKTcRBY54mw3B6Mb7aWT2icGbnMktOOovrHKGadB3sF1TzUicDtPGgy-qKV-O6Q_PwVVyMo_Zksqh04o_yCVEpeNZq3fmsxQQoNgvpavvT0nq8oAWaOjcAzBDviwXw6L75VM6a6bKaXSkP4QqlAKMo2GOUaGNk2Qaej_ewzoHVdusVkFKCpxbwFHDTVFuGQV3O1VicjtqVkYUdsZoDBg45XSrJ0xbPsP_MlaPuvYIYOim8Ni5KU7hFtU9DOfRmXzcWX6yAC6BQ1STL8AXY9M8nEpGdhFdKZwOwB9K96DPu_2HEt9-IFyCltEHAy2_3Q6BZ0lXDWalZedtJ99LFLYJYWRGA8Zl1oY4117Bqne8K4vGhP6efQMekAzTGv3jl9fiQT8WzdSPMttr_NY7_em28nz6dhTGaansBebT1rjH7LZVvpsTWjaVpDdpTmUJnl6sEnlykePFrRR7i9-zt6iJPajxz1eqhtNEwSe7IPnMxj2N4IBhX-GQnAw85CXXNizdQYAzJ-flRIkz-cfKsReqjiOYXOXlpzyOnkMo6B15Rvszwh0rmVf7A6PvWLincLSyJ5zozBDFL9uEem66TnTpeL7_Wj6dpe5CbUW9tfLK9lxs7wuc2IDeXaXmJpYbN1Xh7TX9Zpko-Ou90OvF3ywmWEawtEQwLNEQJzLO0CGHU4CWXH2brwfX7Y35RemMWXeRuK0eplq7im0K-Lq0vqR4WQl0zjWxeOfDwt2vsmr0-c8g6vKWq8IirCIMmqTwP0P-dn99QAJY-RFR5PJlwdnXcW1D-Y1vjclI25ZyUDmJS_1mKXyY3LFYhH_zs-JolvY6oewevomhTChpm_yleutvKmhzYDJ4ZKbE=,1,1,JFK
Budapest,New York,266969,2026-11-11T10:00:00.000Z,2026-11-11T15:40:00.000Z,2026-11-15T17:30:00.000Z,2026-11-16T08:00:00.000Z,4,https://www.kiwi.com/deep?affilid=mihalymisroriflights&currency=HUF&flightsId=0b7720a151205124aa0f9915_0%7C0b7720a151205124aa0f9915_1%7C0b7720a151205124aa0f9915_2%7C0b7720a151205124aa0f9915_3&from=BUD&lang=en&passengers=1&to=JFK&booking_token=H6M3gJCfl4MvLxmImuXXQL0GlTjwI_kKXPtb0v-3Zybv2iHA3iBlaxbCTas_VgX0kz-EaywYNFZkAYkISwsiNACdz6QdOhU9ikI0L-7yQiWs8W8r64b2rXFanXkfo_gxXy0987cLwJUr3HN5OPy9FpTA9ENBfptT9gUr3pq3XgH1llSfbJPstY5ilUSBmUCdtrJMi_9b6KlFtwpCs5zoKJDq84yOX88Y7x7RxQ6ONsqjypNea1FstvBM8tEu7O0OYYIo93oQHCaPV78NbMEVK0ugzkCiPLGh_3vegnRTr6Qyaa-ELMqwcNZZcAHr8Mfvbh15Yueis01plR-jD-u6tn5rtJ5MZpjOZjLpBYnxje_sNg_1EG-B80oOjE_d5iZUFBTHcHIuQgRrHIE3WNw7jEcsnzE5W1Qz-GFGuIdPXivFCjO_UNZYGiWythMOHwXHIr0qbYchr7cgApsuKL-2m2X9Zg_8VUTaZFzeYNLxdUkxikqwWBJG5O2upqRJXDPvxJKxZOw7pIq9b9gcFc8Bdpnwvb7ytSuejyV7WfauDa5rglpQympVGTXdgpd2K125eC_qKnJYWNEUik33X-Ug_jJRYcDE-yYHrn6Yk-ezdgUiu7ZFLZ-MxPwsgYPrrdmsHvuTFrmy_GdHqQwBEjAGYT5chdSvz2VY-c6S7A-Qki0a1KaTsnD4-blkFEz005vZtT4yhkQEkKPiOuwReHcWtqiw1YSeNBkKTA7N28jGThwsCfKveXE0smadSVV80xoPd94kgYTqQX_mGblkCFMWlWXaXn3kuueX_bCqeU3HO97hrIMeMOgp2_coTrldlWbiQpuXcaLN3cpI-JDzsr1ntIi2KEzuiB3Bn0z7nb84tYVg9ED9Irrj8fM4l8QQO7dBDBT3wSai3hWK8kdJMm6cQP90ZPAbzEdAABc5_USWCIGqhKQrhh1tCgersNsden5Jdr-cjEtYvZSSevsxfwoMwBYbfdy_Sdfx9ERY1G173b1hWhqqyBgqVpVcULu2H1cDtb_llHDoPWCByRkqyQ3I3CCzlazX3d0NYD7ZdNo_EBG2NY32p1_oqnfTv-dKJzGQsALTTfR8tw5h-6uzak2p1XbTt-frOHYsHOkUmPPDe5ISfaQLq591jRqImveu8R1OyZnsnsULD6K8rb-Bzh8os5QCErqHzV7kkMzoC98fSZGvejlFW5EBLFTqDGdAQNhbD,1,1,JFK
Budapest,New York,267669,2026-10-13T08:20:00.000Z,2026-10-13T14:25:00.000Z,2026-10-19T00:30:00.000Z,2026-10-19T21:20:00.000Z,6,https://www.kiwi.com/deep?affilid=mihalymisroriflights&currency=HUF&flightsId=0b7720a151030000ec645d64_0%7C0b7720a151030000ec645d64_1%7C20a10f0c51090000b89cc2b0_0%7C0f0c0b7751090000bab93bbe_0&from=BUD&lang=en&passengers=1&to=JFK&booking_token=H-YDpP9KrWvLkJ-b4Uxa_RhlzkVkC_bIeLUsnj2hs3XjqgOSYsrtrItX3G1TXt6F0Z5_e5kbGlhblW_GRr1kE3qPQ0ffErITpc7zAt0sgOuAM-6dZ9jcVwPhmP7mdIwVPk5fDkq9Z8OxKOcQRhKDRb33UVXZgSYFCjpzUXYSEMEVaTUyihS4xLaddvecftG_uSdKCp3lCA2seW8W4iDsUflMEM4T3_AIfUbWCV2v9KnmS0_qWuE1sJ6zM5EN1E_zljZymAHqW0oX7eDSFmwwBSkRN3tsjfcOSbki_NgwMPtASUakNNizEhtEosuxX-AnyZUgd48CjX60r-zCGxPEgEcwtIPs67xpwfYemdQscRaFISHjYm4kK4WrBLZjfp0pkEUL4KRno-z4vaNoSKp7FExhAOnJgtsHXAeSjP23OAYGvVfVoZEJmMMiySMlBr0H5w47-gASStYBTqvG57E8Z9GhX3TAK6Hogt7xXNkrvS5YY5wPzI84M8xTZzg7OB-myEqAywrcgzBX9k4izBHHg3ygtSHhuIIyUDCzW9nENZTPbA5e9bQpno6Q8EEK6O-HkLY7kX_-P8JkXgWxwd6GfcRKNwRnldr-4yXqy9217VWRybo-k_lx83JrpHdVncdqRMRBA32-QKjKbbSTbbOA_eV3-8i3AYPokM-BmhZ2gS-xzNq653QcskGPg64ZtBTlQd5TYnI2XiapWcBfAMXawDFAU24DwrJdzfJyeMC0gAHBEmpd-I5jgDnqkVqDK0vL5VFisDwzIROR9QHA5rm0lARxrhftq8lGnrMt0f5dFDHvyfpp26d9c-Zo-Flizz822--oMJzjq7gIm5tlTQbSV43GIYBAL66ZawllcyPPkk_1AtZOdK4rPzh1Pv7kKnxpyqs_fs1iSexHeIhEEOiQeBnVA5NrZ0IUULcbU-mdcDptQVVa3Ht6kaPg3LtZYlZRukBKXziFNumRE1kXbVfdktloQLIxCHcxN3TR2f3kmKpB9uBs4JqrEmzyZVXgTFjAEo8W6dFSneZYRge6iYbnRjIciiOG4mXwsN8mPXDD8nn6W1TWQ0IqUBVBiGJelUaLJOW2rW0Ekhr8BKbs-t3VS7azWJna7dEyejEvG_v30DIQZnw_Cxnkq7ivsEt0i_CYgvp11Q0sMxrGIpWnWleRKCn1SR8SztMdiBn6qAbiTZxnI7dJWOkF9D_LK1ebjqJvV_9V1p0SnVnk6RFre-Wy66dzft6cg6kSJGBnQ1nKNR_V2PcWdU9b1jxZjjzLa79Tm8tBGilbU-rovnKp_EONslNHeBMYr9MCOWY4aQxYpj4YcMq8jANGGv7L1c2NnvUUEXwJKLeJXF0Gjebfq7soObA==,1,1,JFK
Budapest,New York,268188,2026-10-06T14:25:00.000Z,2026-10-06T20:05:00.000Z,2026-10-13T16:15:00.000Z,2026-10-14T07:20:00.000Z,7,https://www.kiwi.com/deep?affilid=mihalymisroriflights&currency=HUF&flightsId=0b7720a150fc5103932a9334_0%7C0b7720a150fc5103932a9334_1%7C0b7720a150fc5103932a9334_2%7C0b7720a150fc5103932a9334_3&from=BUD&lang=en&passengers=1&to=JFK&booking_token=H-FxD5RCm9MYdaSb3TQNx4bZP9zQ4Lee0CtUs8MmCZT3C4XeZIcU5yBpHLBnxIqSAdetP0ucEE_cF1WMylKFl1lwLc6zSQWW_F1BOKHP870sh64V2WUAvMDAJSG6FTQkm6cM5Es8YYDpuqfE0_dmRgVe5jmxmSpByBmRVfmSVOk2rvt1n94nhscEc6sQkjtTDbopTuQ5940gL4h2UCQ7_BmOfUssI29_Jri4CgtKvByLuLWo8oxhYboG0EczdOrohEsAouuqGlU8iS4_IzF0rKFOnVEXKMGTyWHtwEIjz7Qt73D7tQw1NIHWddEzWl53SYBDOKXDONoPUBq4zlSAcT8_dh-M0dvJAadDGIk-c6c8fDVn4tvAGB2o92T2jhxqbBiocPOo7jTzvVtv3VKB0kvNRe5MkdJTmNFFULRgU6eKV_2GbGEPtx8o0rbmwRIGGTx8cOCTDxKNMxaXuLfMXQ0Q9n-Pu608KiMezaSrsnCkExM_igKli25P4IaExuGGN8oY1r-VkVLGsAjTiQlmQNrEOAS_W9zEPe2lTTUbAAOPWJpd9HNMOlvzLbOgjIB8lHx1O7zxWy8mKoQtmJj9GCq21KasZAcvlS7XLRCzQGaBxX8CgLN2nntI8goBiFAXd06whKvYQwSkZEhgD6tqsXSXHI7UET2a2PfrQt8Jlhe3xa69_2h19MzayTUZVljH4Uc-xOuK7ZVVFstN_mamNvRGh50-Z8LWxmNCJcHuirpn9ebFwi2eGHhNhdOF9QOCIkrEOmhFdvkzOPempdXbXQMvSngt4o9HRIJYyGO76zyqUkoJocI6ugpkxpS91xklOQi70hgQNaKD53QFDITMJT2cGh-co0hl5JPaa5owTmjE4gAsoujjjFwxJuwHJChQJGGEjo7N3eb2Yb7D5qKqXbgKSg-RELwKZOgRp8TPbPLmrJwRoNedlX49fkGr1Vh4eR1_-oGPb2vyt-hCVCZXKW0T5b0QyANU01TiR0VSgjNYfo3UHj9W6ARiptiVJ6kpdiSuJvGTATddD8yHRfQfOERDrD3LCMcIBByGnSMUvx53OQs7yn8QfsOvWxcDdHeo8ugt7jOuwFi0eS4PGwaI8IsAS1P2t52yh6WhhOOo_zDP7o7b_zyULoUznnPnSTFSoU0vlofkCqpuxcpxhbK93tUa3iG9ZmjcgorH2a1vk_TnyfNkxVERZ9gC0RNteZiPrt08ZgJB54usULTgeUcmL1hBq0NRhgUomBQvGAeSPxl188LobPj4ydFVFy-aL1y1Oy3YHPVN5nSVHMjP5CS6iyII7ozRVtMXm2sSWgrir_MrXQwE-sCNJLAoxyTKMI_1M,1,1,JFK
Budapest,New York,268188,2026-10-06T14:25:00.000Z,2026-10-06T20:05:00.000Z,2026-10-13T20:30:00.000Z,2026-10-14T12:15:00.000Z,7,https://www.kiwi.com/deep?affilid=mihalymisroriflights&currency=HUF&flightsId=0b7720a150fc51038988868f_0%7C0b7720a150fc51038988868f_1%7C0b7720a150fc51038988868f_2%7C0b7720a150fc51038988868f_3&from=BUD&lang=en&passengers=1&to=JFK&booking_token=HFxX5rcOincTP0h33gwTRjKCQuYBCCT7W-KX8FyOd_U7CPa3NrL3OozSW0kLfi2xBmZYPwUZc_1UGgosFYfBVLwcAA7PVZgf4sT7zcbm0RyCV3FvqMstsxATuj2TjpseMVc7SLhp1Z2lXRh-4nMVOPDGhnPRKHVXWB3eMiJtAK4KiN9nv4hFPiLGAo-cf5R1N8rI_rm9g4ejQ7DNbSlL3M0P8nuWvNMycWsgnshNp-Ja86jHj7Up0HvlpPYqrOAYBmfHburKqkdTIS611IaPfD0L0D-ZcyWOTQBqW79JiYv89HTgM9GUR32XZP21ItxnV2na8NiJDecmI9t45k5jJ6w7nzVu_T32j9fQ3omNEPEAdA6egf61tLwOjkk4POHiEVDrpKF1T3OUvbkh6FIk3RAH5bFtOuML7zdNRKQs-WlzBbqOoG9r7e4jd-PmXVgJVa45RBYOAg0Z8_BQDlMIVFOFQsLwEIfUFFEwp24uELD6EsIiBupMo2_C4xKP7sMuvRmNnSKUP0CGwN81lao1LyzJRsLB2Y2N410yTP3CizOEfdpb3ZKLJ3HzcEYUh0BNfibOStdC87KlGZCFwkpljBmdOvn5yRiTDnuvsMuiBQDI7kRQnSosrOKbqzkTe9eWtPL_cwZDuIXrPEB0vh7SZ8QpAKozbOe4jk3n_C0oolA-5fM6N8yw9TXKRNL8BBpOox9fbmkumufE9Klwiab8OBm2_Sa6YXNfYwrkOL8WI-gAqEixYH8IDTgXOqUEWejOzgyK2Rj5HjnMsAHHAeck4qtjBwQgjrll6FUjjdXCGCMQXMhEFcIh_kXW6JiT5hddrNT7urzzLAm7kQBl91EkTsHs6p9uCOxuX1yMYvcCB7YMqhIOr87v0I7HnBK4gDO1j_XVSgS7HfSzDpiqg1ES3HUTrNL7BzNq0awh48ehQvpU8HYzpuqgX1N8xs6bQQvg5dnK6UjEW4IDVVvEAIUHhVOMGZidoRTmDAEaQj-5bJNtDe8zqNeX9GOwY9wU9gLwMVJSplC76rYeE8PejsjzgeTbSC-OhzY6qK8o29k1XPXM2XLxSJyXduhfNWaVAQYYMcp3MnXqM-YQhL8_Dp8AhXbfzbbSCCWQSYHahehXFBbkx5ccmywd3LSb66VOfAbu2I59C_d6Nn2sPcBBcr3CtJ9pIpuRmyyauUMFOJGrRWoYYh4gcwJiJhYRO0lKmNC1PoiG73EjisWnCz7Aj1pE5Cz_tOLhl4zvjr1Qr2FQI7eJy8TLDms08Ikn3F4DNwrjdQ2FwH4CouDuBUPkdJJKuBIl-MVEBBpUs42nZoknANn9COoBSTGEOc6eTwRE33aJv,1,1,JFK
Budapest,New York,268188,2026-10-06T05:55:00.000Z,2026-10-06T13:35:00.000Z,2026-10-13T16:15:00.000Z,2026-10-14T07:20:00.000Z,7,https://www.kiwi.com/deep?affilid=mihalymisroriflights&currency=HUF&flightsId=0b7720a150fc5103769c5e71_0%7C0b7720a150fc5103769c5e71_1%7C0b7720a150fc5103769c5e71_2%7C0b7720a150fc5103769c5e71_3&from=BUD&lang=en&passengers=1&to=JFK&booking_token=HXdaVz-RfIbVCJNalzhLSVvvQ7fJ9VQTc9z6BWPx8NyBEM0VdAsXHG7TmkH9h-O8yhub0FiANkNAHu2YBG1sqTnr4goh96fk5_OeYvelRXTrgr1JQxGikvFIwo6DXnA8wyo9NMJ8n3hhbm1RRr78oyX-6iR3nk-AtrB2rltE4JJKVVoutAVW0-ONa118mGulbQrPyVAdWIit1ZM_aNlMRyV6qj9F99-qsDxD9dq_l9mCl523IB5g8IWU6ZTuM8O81mCoTr4pgwAv0dOiUzqn855eKexmA3YWvQ5QB0j0hg1nsk48nvIkIRaq5jgaJ07XqTt4NKiMooUY3v-0opsVHtuxzV2rDi7H0WZ-rGEvUJGLmQAVLvBDg2bfa7A2OXg2-kmbkbHv2LdvtMYUCdC9EcVRRAmtHU5jZCx44ZN6eVcn-VR-RAdL9iGFXTQBHut3WNcmV4VYNXGZIF3Ezz3bNQtssr4aVNiki7fBDhHtA2JIprMIS-RS7Q2_HuHC-WeVyP8HyQFAxF6aeXK-kHhQzzATIbyAY1uSge8QTYUK0erA9HRqyXk5Tk-Hd_Z4hGZFSjWZHXZE6Q48Szx77IsJRafgNi5E3VkBM1QQaYCYrlnnznZvprsQrWTYWrHhchIZLINf2UNKpzd29w1qAZIERL8MrwH9qejqe5XYwKAR3so6eeaCS0ZxrJFqSxYq4dLHPIyCf_hwvFu-ypV0ihlnZOAz1PyBrETF0jJUy1DdrA0Wyy30sw6B4kQAabERkP6DNPVQwFlhyKPOwuJFhgdDFnwEv9iyiokslKblUoQDA5PE8wU6eZVQe0YzonD4AEmx8hTQU6o365qtrtd8DtmhHiwx5_kqrfUiZ0kn1ZONpEI5AwobmxJlIzLfCmR9-agFAXif0JsQgQ_2DxRXMMUtRJjyzgPcE-jLDZ-UbThNs5973sMnB4LXd94RQyIq5ga9lSZWvEu0cb3ARG0b02vvVB7mZ7ifbKJqh_fiFSXA5XZCGlpRxIUPAIILUZHEZaHgspzrggoShL96Rio7u4XjVv9nCvW_0dd1x8vQXpAij4Lu2H0dPIImfVOGQ9129kCNkaQJfBK5giIMr6zoAUmlz99TGArnB_B-2iffFXsEbJNjSa0iexgCbFe1kKCjZTQwsg-8n2JVDKvHQGTOHW96WE8k_07fDoPjnXg6EaHNv9KzhVTC_WL4ChLU2KYOe6-A6pMjMiIL1UIgKR4YcBehyPV41Z6FxPB0YioKK2uCDxZzdPlZHuxZMEKc4tiyCUpPCdKTK1rw2zopdI0dq6LtyKQ==,1,1,JFK
Budapest,New York,268188,2026-10-06T05:55:00.000Z,2026-10-06T13:35:00.000Z,2026-10-13T20:30:00.000Z,2026-10-14T12:15:00.000Z,7,https://www.kiwi.com/deep?affilid=mihalymisroriflights&currency=HUF&flightsId=0b7720a150fc51036c3e4bca_0%7C0b7720a150fc51036c3e4bca_1%7C0b7720a150fc51036c3e4bca_2%7C0b7720a150fc51036c3e4bca_3&from=BUD&lang=en&passengers=1&to=JFK&booking_token=H255hGeDdL_FqX8otufRU1_QHYlNwf_hrzoySiGnlCaBJ9Dd9zJ_AI141jWbRkDvYQd7J1nuELQKEgiuzvvitPh4wi0S2brAkWpqA7jHdcjatjkUdr5-RCqVrqTJQdb4AnOJNh2HjOjGtOBui0-weeGAEEZrK9MsWm4lZg2PExsBLEXmP52HkaGoP4HwFZp5cwQndiD9tLFPi8PPlIo-G6eqkfCFWCkxTAlPW0tWOH-gs21eXXyEEKkaD6WVRwUQzY-2kQqkIr971O38F9-rvzn8L0V9yxxfdFW7brgLZpwGIyXjdrhHYGQBKyt2Piz1_jjls_ORlzUv0xHivc4VsGqCwfGG8Sks8XYsWcJQGPhvI1jLf5RsZV2wGw1mSuk6nIDM55X7nYUPMawpaGoGY9T_2x7dpv-hW3NXHl6SWT73JKYYx4jxRgzyn1LexILxIweU77fgmh99mM6SDVr9mT75WdSy9eD4A5Rw6S7G7T3X8ujPxBYH8rDg8py6V2orirH0tLAFlC4ZpTG6_jEhE9Gpu9zM3UwCV4UWjauUxlgiDQWv6sbTykeODKqBkGH3ex2IDoMshVZP55d8voWBThxJDLgZLNoh8HmuwE1mSS2N57GIjOK1kh1466eM7w-HdN0QsO8UlbG16_D63734jRkicLILKoiAC1q9wqbAB8BPShJUOdozyKjFDbctrYnqMaVX_ceN71RJzD91Uli57NfoPm_gkzgqkbD3eF4s4rG81_aVrXFzYcZMZjkeXwEKkbsDAzCvn0x8n-WU9pXG1PI9pvo6ep4kKkGWQcAhKOxewQJbhhhF4_ElisSmpnVL303u8onNQd7F-Rn3z-tSFVltPrkI26sowEB0Fqce3Pp63xkEGK0D0lhD-oK-rpvJZ2byig0EGO7rXReZWnORhRSB5t9iTjn4C-yWYV12ck61fHsLRlFDqoujnrWYG0tAQXNIwQqFtVJfqjN37OcIp_JJjBQCMTj38mpEH9mb-KRJaTS-K-SKotTHj1KL3gATl18wXegAw8t6vgQMNk0nzpDj26JPLFARbJzpynYzLNeN2oibqsd3raSf_b_FfWyFI6CgkJeWvQxeOVfJUiOhnKlFbbbXdNgs86CN0B4ItLhEUOqSNOOO_JzycwVFzpTeHyVIxqmjzMXgrmb1jSlWSA160LV5S6UBsgm7Gs1COPcqCo367N2EsjyfbT394WU-4ujmjwUuOLsaX9Bwca2mSdA2qZfKHCt_zbMklNKAefZwSXee6SvUPzcFexfMs8KPUzryRMu8sYP6qAhKeMMd6zN4Asbrrngsmdflz8sNbD2Q=,1,1,JFK
Budapest,New York,268920,2026-11-03T06:00:00.000Z,2026-11-03T22:00:00.000Z,2026-11-10T17:00:00.000Z,2026-11-11T06:15:00.000Z,7,https://www.kiwi.com/deep?affilid=mihalymisroriflights&currency=HUF&flightsId=0b7701af511800003b66c145_0%7C01af20a151180000fe1065ad_0%7C20a10b77511f0000e35ff509_0%7C20a10b77511f0000e35ff509_1&from=BUD&lang=en&passengers=1&to=JFK&booking_token=HcePk7tqRxK900RJx94ntY4Br6gOlwKSogRR0qmUnDN13HfdmUvcvNsXeapXIxWNwmJDNz1_mLBqHcCkt31C1C1lTPIy38JGr9eEbWuYVMEy20pKfCYudQMVwCveg8QgZhj1j3DQVkqkzMpCBxb6MMx3TnM3FhQZPysRO8AfuxURbpGYktZZ5JyurO-NxHzjBWY7P4xR-LaXhLZOasfvhARkergCm9M7ZUWRrTLk7EqhiaMjKKYya-i-wXGd8Tckbt1tKa5v5aXRvFBhpmRfQ3B1gkHuayxcp-rmjQYz7FvpPyMDdLbsilHfOwMmYnc65GOH24BalgbSBzIpQmb4W-S-GYFZouDxsr11gXLV2PsWOROwTDrpsIOF3NrzQQEFtKyj1kVXnF4k1PEeopSObyYb_kvaPlI7LBTN7thY4cXNujIpo-4WE9MqyEqANokGTSx1XYdtrGcsh0cksX6HK0oUsWvCpgiGWc_x0ZV07UaG4PtsFVlZ2Srn_fBdpqJdlmfO5Wj92DT0WeuC29mid-Cbb0UERyAcogvxD1FboyeiLc5HHhAAvMOtI0VpUZn-J3h0qAdYCLKjNcbzi880fUQ3n1xYRwQh1YcH9ns9JKCbJC6uBQZS2I5OX2Qok6KKLqQRbdbU-iAS7xVSaYNG7bug70goXXam2LqiFsSo8RjpItHJiZcbgVCVmVTdnWe79rU3PVi-433Zp8z8sFTp09aUGI7-TPacg6fi78UZ9g1UguONfHntlk9vqruQe75mZoUDZjjayHMX5i2KSR9Axae-Bl5KYoaOLlXS5GYiwmAGpkfuMx5Yh0TNwpQbRUKiUpCZi1scBgh-uwJkQd4miyCYnu6eT9HKmwnhxqIvvnmijeKrHiCpfmgSqWcLs668-jpmfptXc_v3pCI2lsCgq1pE9hvdJJRXAx-11sYgGZsEJBKuFZsQ1N8OPmfQiqXjM2NtJsYoAeiaGr3jru6DojYfxQ1WZ1gQT2XIXTrWh_G80OGlfw-SIvi1BkPwY2Z94La9SMTCwiXbN3l5qtP3klVAM1Q41rEVp2QXCN5R2Hw95sggpuMCtBnQCZPzU9nfffHG8y4Xqz_e4VQIKdStA2qDFpRj4_0xiHd6uBbiqkSWoT7Ut8fbvDis5IyiyP-3bfHYDtJdf-_tmRtfaXK3uxBW71nHMSMl_wBUfOT2nkfPlN578UPmKbFZhNaTpoHFLDL9T5NpVSkMJoN064GibmBo_bAEoxf8shdagZYsbwxMm9CD6v298x0NUpwSppt2UeNVKKDiAQ0vkQkgMsEevTjFVCKK5OTuee02fq92k1qvgwB1l4eKi9A5qMSrfEg1Fy6vLtGsUXgnw2FDrZMWGrQ==,1,1,JFK
Budapest,New York,269789,2026-10-17T11:25:00.000Z,2026-10-17T17:30:00.000Z,2026-10-21T00:30:00.000Z,2026-10-21T21:05:00.000Z,4,https://www.kiwi.com/deep?affilid=mihalymisroriflights&currency=HUF&flightsId=0b7720a15107000034ab62d0_0%7C0b7720a15107000034ab62d0_1%7C20a10f0c510b00007b7ecfa3_0%7C0f0c07df510b000036dfc165_0%7C07df0b77510b0000ee2289e1_0&from=BUD&lang=en&passengers=1&to=JFK&booking_token=HLNSms1n2J0h6QZ_KyRDsiFgR__G4NStBh43_U4CR507pkQvanfHebU0vSMd-Oz4mG8vZsL9l4lMfL4KKGKP9MJttjbj5bGCwKXcOQiGGef1UPo3wOUHHAyUO25aROMS8TKnOrnRu9CVJ1CznZJq0g8sFN7hg8BKJJCRchZyQsZKCFV4JwCNGYBn3KLFpmNLz2471upcrPhTYg5eJLBijJyoIGMUAGp7smUUhZOXC5xyhobCBV-ybLXeBC700PF8DSPBznJ_1r3NglHsgFkXwzOPBFoi339I6-AGBg6mVwiDYmmE2rhhQ7TQ2EVgVaBmgwAUags-dxpDdGsj07NHhxqY_8_iH8a57Lo8aNjnMc8QmGPvKtoSaNI3YXH0e8lj2GGpf5XRRJkF_kaJUK3cAOR9AkCBh8g6YcDYoFFk_jE6AB1GRvrQOr9uXNRxG0WFzJ3gC7HWEpwMcN5IPOlnqQsep-j3H2hntC4hHJF42dq1MlD-5Pm_2b-zo8Id4RutbBFNgnOQFxei1jvZoaSyx0oZb-DuKTWsybjuav_vv7jwz8C40QAvbloidxWgqCJ0zY2TArO42TzWRbh1JH0vYIljtq0q0rOIQ8RcNcrM9mNK_Gi1tdxwR--HxlD5RczuUOUKV-AuMaog3wMUUk8htlcvK7ShECeVeyZUGx__t-qyCRHQBN1fGu6PYJoVqT1bhsHfA2PKHy4vgztWfybxV77TrH8P7sNF8Qk6DtV-52BWp-l1c3LXjiEtNdJReIbAEqZrarlW_uvk5VoDhdGGiIH0Q0xKvnZnKikZDBJTUiLzlWjbdt9UNi-UvLTlKC_aCljH7_YRNbJdYz7J1Q4pHsCWjWrHu9jNqnoxfM4WVb916r_Bt2TwOzuNweuFPtHIuS3YRwngRoLtnoTPfRlWYXLFpXXNnW3_9Nsgd-iyElwXp6mTBCZ9BtXYQMIbp_oXqvlqKvZd2d08zCeLbYDiDHt1eAp6YPEK8yIj8FN0_bNlfRETduwDlcKGFVexR0RmpXAxFmoYwTw3hfy2IMclVKtd2dhzL5uYmuT0VVrqwKdLevyEncvtbrBllDZj-NPJhRfLIWPxnIUL_iX4QIdhKeWvBbzNUsZa2xHh30Zvv3uk0yr_JpMKWt8mTzI-Cq005iDR01uP8ymnFdHUbucR3f8swRxs-7kcsCNEY6uF8zijGg9Ll1ibI5sUS_2tJiRuvc7l7DaHYiOWR45GQvhpmf4n9KnJxviyzvxgehfhHkZje8kvoxohPYsMy7I1Y_PXBVomANUbRSBpldRSFuIXnN2l6muYDp_vos045G-UNoMh5Glq0WGfru80_4OCKxH8KH5gxMMZw0CAy4KFtUw7CZhsM8iKGTKq6l4XFVj9GAdV32rUkZoyWVW4F1NFlZAP0Uj2JlAJlCya8sjTLpBCrLg==,1,2,JFK
Budapest,New York,269818,2026-10-17T11:25:00.000Z,2026-10-17T17:30:00.000Z,2026-10-19T00:30:00.000Z,2026-10-19T21:20:00.000Z,2,https://www.kiwi.com/deep?affilid=mihalymisroriflights&currency=HUF&flightsId=0b7720a15107000034ab62d0_0%7C0b7720a15107000034ab62d0_1%7C20a10f0c51090000b89cc2b0_0%7C0f0c0b7751090000bab93bbe_0&from=BUD&lang=en&passengers=1&to=JFK&booking_token=HnT0Es3kyKmdvG1ucsi0s5TSvE0rISA6L76k5vIm9CF_B3QmZY0jnJ3udRKdXhAJtImEH8nIrtej-NN1Lrt0aKyKFux3eH8PpU2GRT1naEj5eNr-NeITKlSuPvya6eFd4NXx94-_VkKdD_wgeVEubdh9dX2d3y6YvV1dNz5-n2Ui0vuq4luVwKsswLxoBYRFNyJsbou0riAONrdAdSWVEyEJ2JRIRXC4kQLyl6cB8Y_z4aY8ZxDth_eYdOXsAVbx5CKYkPyaRMxdJcMuvm2IaADJr0V9DEiThMQrCKsYNuuvv1_n6LXwi-OnDFErx-93PHJZ8Qgh4G5D9Kwh9k7Td5y6hQJNa8vmTRDwEzgI5kKlIOzWat8BpPng1UpXA-VmfPwbmKN8cJj1yqWwc0o1Lt7R7dU9oQ1_YWkvnRBMlWLSFoI5vFa1biQuJXKD2_KzmcS2B51Stsd9a9UZgYL1pnGQHa2M9UB7aWE5L8ze7rR-C1iDU_KS4c4niCVI95wYIQzFL4aI6Rn-FGFR3Qdj17w5qs5JTBulwEOpT4Mvc6q0-rJ5OcKuqOdyAWOCHn0OkRWrLRvLqAWDFkn3EW3SlZ5FQILKEZqXmOkpTAWkTAVXV2XDC4QKcDtQK3P58BKkLI2FP2HZowzr13U8n7YXziw5nHgGZ_Ke5h4vwkebBCCNoM90pgaGWlgYndj-vwMsfLkymvz9xkZKlSHakXohX_9VbXHwN1vmjSamXKrI99_cl8ss1iFrBuyYldP3BmViwAiJT4S0aGJkaw-qleyOQN-Su550Eoi8mu8cAFr7Hgf4xK-P8lT6Il2sbiEkxDPnByqs8pmifUQIzDHD047KDEUVs7_C688Pd5A5rEL9vaJ_vwMemGd7ifEXI5Ow8GfUGTSUrfvafvWVIerYGcj3hndJhyf90lV_y1tRCHhzM9OSLprbU7pmWuCB5fepfe9qg1nMgivKc2F1bvhe1zQCi8TsArLoACIc8Al8RxGtfKQj04-nfm-oGzElFH03gi8YThLbxeR-GdD1H0waaV9L5yL0J26gNNfu4ydtRV97JEv1stHVrCe_4y4ZtwRpSVy3EpUGKo0U3tiJXPWFJXgKe9EBrDOrmoMFSYzZZoyJeDfnBQiR_hgUfqCQ4sueemy2BocYI1xRajyY6y0rzY1HccJKfwu4HhLe-TBCVXJ0oIvoXtl2IWi8MMHMkal33xWyUt0UbwVDlxPd2d8TLvCs6tf7co51qi-pvKG-gOPzGtAfnypfiV-n1154-XSRGIWGzP7ug6Bq3VafGxpO-pqj3NYy7S9tiOdGSHBc3oxtCaNlvLBZP4cCeenh-n4Up2QVa,1,1,JFK
Budapest,New York,269884,2026-11-03T06:00:00.000Z,2026-11-03T22:00:00.000Z,2026-11-08T19:40:00.000Z,2026-11-09T13:30:00.000Z,5,https://www.kiwi.com/deep?affilid=mihalymisroriflights&currency=HUF&flightsId=0b7701af511800003b66c145_0%7C01af20a151180000fe1065ad_0%7C20a10b77511d0000f8da2870_0%7C20a10b77511d0000f8da2870_1&from=BUD&lang=en&passengers=1&to=JFK&booking_token=HHV-kYp3EV69e5SjAzdRgiLC4-5zE4nEmCEyCN0QtBNgBi1hjoIw6tCCUwsNsGw-JUmnLBYg_fBMhHaKXXCBEdcmxPVz4chPlLZJf8hkEciLi-QfhUMWkWGrPoQfy949PsDc_VBMEnlejYgccVfL4lgNoS3T_o36dIJs2r-E63XHbNCgqG5q2HZ5HWqbANwKxwDr5YEeLK_oQgTJTNFsHsbTq4E6z8mWfjh1_Jt3vaJlAldrLefzrOm30ZDhbckMFZvFIPwKKofK0w1WihYROpw5Y6B5vM-4V-EBKDHtpaZQHQlMWKYgQWukZkmIypC6nZyV1uIEet8r4Il4A3uGFaPfHxPaOzoXk9hRNpyx_KKjqzN74IJ_eg30uysElvJVqrJY2sXQPj3Pw6j6qJ_oKQzv5od9eb6L-xT0Pw3Xf6U8C0dmM8jGR4ejTGWdd8SHjh50vhXRbL02yrxGbywHiHR4kZbgl3dcpxQMfw04p7BofUxZRrr574Poby_YazJZyCP8pLhkgoI5XfeCCOOVUu5nrJibs9PJ7rDMd4RlYNseN2AJuo3mMWh_KPYDapL714uiehIP-wHUN0keBArk_ujbs7KduUv6qgufnaVRirLK2fka72I6Qhtv9dPiH36fnmqNqPImffJp26sdg3vmOuf3Ky0Ln9mG21J2z6c4VL7GFhSlQdRqe-KrgdbK1L6lSt1dOY6q3V_l99DisM0JkxFbK4cdLpIAX9_2URG3Ur83FYET2g6IkOkZ8gJ-gIL94HPhZ03AJA7cuezd2Lq5wmxbRIR62XbLu2GOR4adoTTIc08HoCvTGrIp_xHTui8UVuRhHQOPpVWQFvjcyqOI-E5IEbq6rFOe2_K0Tty7Ti5msu0AGnooas7M3acrNCqMkL-YwCB62kMQs3rq7kJVo4j5OvcBrEs9pgvguBlPRZuFNnyh9rarwR1DoLmG2iMxB1xDgdWmvGoRXVVJIVVUwkMLTRi9tTWOKY1MIY8Es2KiiOhuGKCGc1x05hEOCiyt7VU7HlTAtaSJ9uGwdVz2ZL6hEBp-_Ynu__mjOlv7X9O5sSSpdqnwIfGi94tFcZpPFQ3nBKVr9cgCOTGZXUbFHg0IJ4M5CsO2Ic0nR5RZLuaWQWz_5qWa78XtY8TQ9LuqG2Wny1_8I1IKk3uxILU0i9AzA04JJzL9J73JjBl6sjbTHiR6Acqk6NlD4f77qZgPad3MZm-ZyQWfLSAMB2t-jus--fJg9_aUYnCxa9pgFYjxF1Y98cXkIsMbjlx7RmwmzCAQWUTKTNvz5fGn2F57wdPtAD_SDENsJah4vrthYpdB_-mIFa0eqNuuEbw2Zhqm7ioUFsPMSGRn5jSgAgeAY1Q==,1,1,JFK
Budapest,New York,270216,2026-11-19T06:00:00.000Z,2026-11-19T22:00:00.000Z,2026-11-22T19:40:00.000Z,2026-11-23T13:30:00.000Z,3,https://www.kiwi.com/deep?affilid=mihalymisroriflights&currency=HUF&flightsId=0b7701af5128000092a758a7_0%7C01af20a15128000057d1fc4f_0%7C20a10b77512b0000bc726849_0%7C20a10b77512b0000bc726849_1&from=BUD&lang=en&passengers=1&to=JFK&booking_token=HkAyMJbwePM7H0rY9d1J7b1mPYZGa7EOQQq5ktAO2D_I0geWbYVCmilc69ZSr7MSkValrTbLlPtDOOagqc73PtgMT4HLNPxjPDkNr5PYXBUnwFK6RrgSxIr0bP-i4AKtfzAR88FKfQaw7-fDR2mooemZMetALzr5bKhVE36H7MVu1HS7o7wxh1_m_DEWep0WykOa7vrFX_hIHyUfdO_sP-naxAgcZg67Gbs4j-RILeTFrweqAD5tHIkZO5be0HW7yvH32mZqCtn1T37n9ASaDN6xbqmEPUc7D6XNt5DCnPCKhWv0Vw19lfQm3KMOAD4MywsHW28pCSqKYCKNnjoptk2k3E4jG1mvuP0QDvTOTxFT65376nmhxPllLMPSyZZboOihxmFjYeYJCOAMFGZqmSnX3Es3Yrrz9MYxAn5vH6FDMZu6ihdyblSdLmRMHnMmFbSCo32gcVNhcsARsJBBwwUcOzFIvhg32iO-alx5dlYj2bZrphOMuuZHP_ohGGqGK5hKrcRMGsqxdgvoGXP9M9j3ctaSfjo-a3FbrjOUaSuu5mDs2u3wB2ho6npcI9yvlkMCFzvOZUjE1KBZnzUbVkbhC07Ind5ixfA-Jpbqf_NcVksX1jyud7G-5VdyvhbwrhB6_jD9BAv9MGs14nRNgt9LjACMPuNjL9M3TkNAXs2c74ue3G-iSXGf7_c6MDKgxjcCw1XksoU5vZ9PgIyeJJqOGDojN78vbAqkTWSH8OTFISESi3-VW7b7S6sv-hwL_J1ezNpCiGFnWyAoKQwRuZ8F_n1kDYodDSL9cc23M-5luaHv4y3oGFAi7ceC927EbJoC5qpF_vGEPzahcw6VcBpb7z8pk2g8dMrvFckvBti76POC7oLttZXxJs9kvJHgsuC8e5UlJuFXqsHUle1K6RasxawWSysGdPwPAimORQaL6UG6ODpQkEokY1THV1A-wCC71jTsYteEiDGP90JMZM6rmmDWrnpxZw2rG9THFym3usjeaJo_DEIO2Cs5V6ssjYp-DCIVu3nuMJC4cGL2KYX0k1k_7mPFrZH7rQhygTXO8AaWLUlhQ9H6UTFGJIAbvW-TIW_0mL6tNp6N8hP-Lm3ufHYBBzGTNgj_3DJAqkY4An_pfXNeiYfKQsBS0Sy4Zr2ol0oo5p27iLOcBH_I_wZKnDQy2s3ChjZTyN1UUhcvGD-ILNX427OU7S3_drTVWjQTWfsEK55R-5x-BDlAaumtyuQ0EIXHjhZsPBPR3BFRF5Fzsyx1ohrMKd8OUXfiNwaPOkK4KuMPWKbtTxGRo6WBYfEBkn5A0ZgoMHYo4CAcg8z3MaTKbOqFlOsSW-JikarJz3fWthcS3GGUxzwMwlA==,1,1,JFK
Budapest,New York,272406,2026-11-14T10:00:00.000Z,2026-11-14T15:40:00.000Z,2026-11-19T17:30:00.000Z,2026-11-20T08:00:00.000Z,5,https://www.kiwi.com/deep?affilid=mihalymisroriflights&currency=HUF&flightsId=0b7720a1512351282e6e1800_0%7C0b7720a1512351282e6e1800_1%7C0b7720a1512351282e6e1800_2%7C0b7720a1512351282e6e1800_3&from=BUD&lang=en&passengers=1&to=JFK&booking_token=HGpY2E73uSyNWKjWD3nT4LdNZvML4t5CZYBuUKEQUvPiyjUIgAH8uG0Ujlo6nPb871mkzymFE_51Wa_FAURgj1BzWrwRDkWb9I3l0uie8YQon9tofRRboE3wu-kVaw08wTgF85AsvkcSi6bdCHm4gPu8KU1Zxox3Lh0oIF77_F8j3XJy7zdOv8H-d7RVguLkA0HraYhw6juTYdfqiodQMghgsmrJxJsQKzA2aJyf9ul1NylOPnsNw5iDEcT-XbK5m6mZRZXt0hMpqummoYqzYvmvuPzpplgK7MzWluME1YWNza4zGiUWpjQuoLQkqWsuGI2zSioVoJLewi0YIyF4ZVPrYq0ZGZXkpwrnHc3HXEEM6gVc-Fu4PQFnAQEiZr_rE9m8qJVCayJ-cda3uroWcvl6_JsCV2ulJdCshB3Vyg2415PcXDTDWkthQckCl3OV5kGn00xtXUBKAX64OTxWz-w-Mkny7WM_c_QT2J_LwRjuWJvCS-3tZCOMQKr4CuM_5E1knk9rmTxvDbwMlsp_tKg73acEUvpSJFsRI0XIpTGQl-R4w-wKI_mFfDlRH2gEQZmHl48v0C34PgJ56qRo5FRtPdwrFmvDX_yUOJvI7k2D-_ToUT_7nS42IUV53Zy3i3Px78k7B9s28HwD2w2l0LD98bMvtpdkn9Q-TcWI1qp3X6CDK6em0r8HvQNHj1EMggqprKuj1cf3_dg2518D19arjLZqeaJ8fsGnkyVNr3GTftwoKK3mn81aklER3OUbi7Izw3SlLmJBTUwo5S6UArS1ypMcvdIHgzzXKMwgjub6BVMUkxkrIabGuD9VD707Z5PQLAYYhDK8pNYGdw1Hfx7_v9G4BvbSmX5H-gSELrIfFnX8OjpjGEXnt1b_BVxbmRDmmB78hQvrZ72BTcUJbnKiSte0vI1wTQWl8G1yD96O9CdxmweQhGpM7R7DWLbTW128N5wURcXQ4A-bcU3o_2RaPXR1in404x4A5s_EgOfTSGCaQ1HeyxUwZ1M-G20ma9xxdsagQ19Rs3bcqp2JchtPn6UhxAR5btWCtfaKVr1nzBfLBG-XCOPfFD8CNenfD_dDPhOVXZsm25CpWh-NECrkiqN7S2sdO66j_6IW3NLV5KOrFXJz2yar4dpJmWMBC0a15fm1mC-GqY-FjlHsHBMe3YZIh1wZhEF5OaWhHcg8K2XRyOXtR0FpQ2BkTbG5e-Lfx7b8yFBJo5-9RRvZpDqbh7ShLPJZYJAZF6o7LPy5xlf-8kYXG_C3-2KVzuL8CafqGoXdGfEZcgJV8r02U8Q==,1,1,JFK
Budapest,New York,272991,2026-11-12T06:00:00.000Z,2026-11-12T22:00:00.000Z,2026-11-17T17:00:00.000Z,2026-11-18T06:15:00.000Z,5,https://www.kiwi.com/deep?affilid=mihalymisroriflights&currency=HUF&flightsId=0b7701af512100009f9f0dfe_0%7C01af20a1512100005ae9a916_0%7C20a10b7751260000f7ac47e2_0%7C20a10b7751260000f7ac47e2_1&from=BUD&lang=en&passengers=1&to=JFK&booking_token=HthcjcqlmcBLtdmLCUVV8CtnzA9cE5kuvHQS9bFeIEiw1j8yXzKCTL_cblZLl64HhrGtE6ZcglPI_OEJo-Vk7JEHWEpD_amjav3L8v5UBTph_FrbJsqfIx_rguYr_g3dED_Vs3priBcKMfQU7nsdNk6sXqkZKqCewT-xo17HGOgon31ESs_xCeh7Jj4Epp0VklXdOjBdSs9OwxxWYlPkNebn22xT1QzMazibLZxueMeVdDfJEG6-_p_irxqReo3fSuh9MKrJAivgniU9qJVQI4k3IRv_yLZ4p4O0p7nxTGxlrFmCeXqZ5bt-qhvojdVbVXVZrsFn8LiwZMGadC_10IeYIB-djFsanS35826wRGS03crKNYNDFXU-54D79B0cddd0-a8UE3eOp_mDvPHutf9l3Yb2BnnW1K6PeoVsDD7Mu6CB1zIyHHoCqJ7Ci7u2pmf-naN2mEc5AozPwQDOSF0PZUiVy2PS2H9W4NhzEFbp1pu_nzt3cNfpP8alyg4h8fRMD-FkKQYSPum_lwH55p4iiwMscCLzoMwnzN6zqtC_6fyonJf1e55MqoJ9KWA-Gvv40A6yJcBxPCRdOIMmAzEIEcq6t8dfRM1I1ulBZznWJib-K2yI2CaSLSHe5MLAowzlJoS1qLdiPgKa3ufrOmJJD5zlgChKPieAqXjGt4qyAibEDSUdfrn26r1kU-5ROLiZETxejnCXEictmEhk0unJcvuuclqVyEOLHxoU8pi9B5Yo5twIEfbzhufALE2S6ZjUsp8Nfq5FDgkLcnDTwb2pBJ1iRWiZUarRcDcHAe3wOME_M-6BC-LL-idkg6PpGoQui29yXlLKsxqRU3VeqMXO-5V_xaUcTsvcsFXwzixbD5Xq38gY5GmbXinR4NnStnSiYic-yx6DqqK966rtthsieEDPGYgUAnLU4o4ugEjlLIGbtAF18Va__NdXkr6rroXdyOTyGkbbxhmv0hDrsOun4w4O7Pn3AgDAT7lwmsEtdWFGrjQChHx9CdgPURTLbJA52ig5kofpw-Vub0Tyet1EC_StiVMS0bBstGVbv0WU4UrlfOn19VF7-h_4i_8P9iLET-XEKp9CH7inBLZysy3X7btC8WGaiw4IGpmEBvCw_Ur6BXCoeYkn_fEPl5v7M57PRq7UDVkG8UmPczazIzVdofZYz002FMRqb0GR88dDQaFR7TK9gPzNgDvvpa7BbIsXrmFlKCIvduBcozl0QfNgi13ludE3x1FC-nIYbhdOKlZLzAQZf0prLgwXn9rdFtT1sgBeCYpPL6nmIQNvzu5W2L-w5dfjZdzReke3hVwKJH2sp2TQCMjMCt6_dmc7mcqMyBsmxHL8PVhupC4YXEbWFr9Dtac48wqEXo7DY52k=,1,1,JFK
Budapest,New York,273444,2026-11-19T06:00:00.000Z,2026-11-19T22:00:00.000Z,2026-11-22T17:00:00.000Z,2026-11-23T05:55:00.000Z,3,https://www.kiwi.com/deep?affilid=mihalymisroriflights&currency=HUF&flightsId=0b7701af5128000092a758a7_0%7C01af20a15128000057d1fc4f_0%7C20a10b77512b0000f56eaf3c_0%7C20a10b77512b0000f56eaf3c_1&from=BUD&lang=en&passengers=1&to=JFK&booking_token=H1zjgKVm7TbiaFHU2qG1O4DJH7AQCOUhpU9EvV1ACeFZhNanUP0tifCvaktv5CXT9il_Y-woCY7mcf7ou9-N0UMJ58sai_Ru0c_6X92YEGqviGIItOy3BRoWXDmzonNhxW2fAmhYA1gTEMmqYwgd5UyBP60-HD5zN-bfkZ5mgJsGS9op8XfDnQ9KOe0XOyK6xHoAtbFzRhOAI7e-pNYJXCuHux7z0m6pplkNGWdxE91c0WO4D4bpYVlqP5nL0uNrYSIoQgSc1WupaDbOvRDc0g1SKasKW05eOVuyBkPOujeb3uLIgINOrniZbGYKNXokuSb-CoCjg_wtHWuKBPdnoeunMZQF_8C6b8wFNktT8RbdICRMWGra57Rj2iJL7mR6TeTrX5GUac2a_V8MiqSER__9EtJmitibIIvYosIclKssQhDh1mH2T12VH7D_3Oe55TUs9dhgB3-5MhB9d61ycgH3X6zHbMoNX6G_EWBRdsmiAs1erAQRVFr7mknUgzgooPqYx_0f5_R59KEAoMQmSIDi60lTyzmb56bh06Vk6O49QVxEE1Tixl-sLeJfR6A_X-XXYWXnfzrE8o6Tya9sO1lZRdbN0NGnvnYMqCgfeoJlTiEK0gUjtLLnOMs27WJardhMSoSSBPhG3R8hB_w7mARy3P2nwGNUNMLPyQDWHCICeUNgvYbehYmIGfT6RRqjbrqMjD27FeEWPfldHU0KGGCtBiWC9FQ48xC72gXRqG2lEu4_JDL9HO7UEDuktifD0NzKATcAFtP0eOIrRTAuG-Z76XbS3yJc7F_tAL2Q2zlGITXhJM6f0BkuRq2gG322zviHTYsDnMZoKzr3l6QxBgpvsGfWsRLIP55N2bUll6kDsDEnLzFzHJ8BCMmDQpVwgQMRkveVd2PyLA4uANtFnp-cQGFZ56A0QZED3Uw5ZFZtas7Skk8G2a-gMMc5ZtC280lFSTrVGg895JmaTeqoHEQrVJot0PgK2MY0onuQIzGn9ZwTypOGXqy7NIIUeQ5SHmFx1Ml6YRAqFtbKchFoGucR0Jqbz5zRfggIRa6vANI3HXGhKnEuuNjmqhtC9vR7VSKRktkpI4Q55nzWrHkGiyDM3PD-wavg_df5uS8IohBYrOPEQjb3rv_0D1-ET8mZZ_TCuCJLhaDlFxwEuKMK-Xe9CVq3eGmiSruqT1LzJcFAgwtCALii5TdwtNBv0B-jzOakAWHUKCtutR-pnjzyLZ5WKFHPKjYJ6pKS6vuI2vxCabNGtkPFtn85psVezKStJjVyTcmqskTekOpo-Fqok8YXZmSAf0oR4mPJFhqmew76FaDSI-T9S42HaHsiSlBc_IdUVrOera-pkHC87PHccoQv3GAsr4KiwBM1j2oINEiE=,1,1,JFK
Budapest,New York,273975,2027-01-09T10:00:00.000Z,2027-01-09T15:40:00.000Z,2027-01-12T17:30:00.000Z,2027-01-13T08:00:00.000Z,3,https://www.kiwi.com/deep?affilid=mihalymisroriflights&currency=HUF&flightsId=0b7720a1515b515e7faf7de1_0%7C0b7720a1515b515e7faf7de1_1%7C0b7720a1515b515e7faf7de1_2%7C0b7720a1515b515e7faf7de1_3&from=BUD&lang=en&passengers=1&to=JFK&booking_token=HCSLtoq3sG8-uFVzhz5imw-p7KXfubJjeroF8XwjYSs-q5ZQws6hdyBnC5acM7kXryXmL5nb52WFitOmfiQHu6Hc00E-Ldqvd3g0Mc5aAOXRutA4T3vUnDSpXzZqoltvA36YTz26VhJuoZOrr_QnW8ZRfIfdGNHxPUiIR4C3dFY7em9_LFM7rEZeA_DmOwS-2q3XilrgesmEEs9Wcsryew5Y9avv-u6D8K9ODtjWkitLYOFhk_LuFeipz5xvmXpPP9PqeYB1ccv2KSFKzzCU0IiTOdsLqvQ-LTQkHGHuMJ9-NOokWnUVn1viPb6FLxdtD-Y_UIQL0ClaFJt9vAf6TAngZsy-vukzKDtqUZhYKrU14N0gwWG-f8nwIRM8Co562ZJBocbznKiOEaL6D15i5FHQmpmrkyXhIg_P5IJYim6Nis8AiZqqO8ZOoFoMDAJ3bYIJRDAjvX-mZp_3LNVBRZFJaHIL4d5Wx63DMdi8c39NMB1ix9XA7bWvyURLTRd-X6C-nxLm6alRIHELt0MxwogBVt59AsCNSSgBR1Hf_rNl3MFktCsRelPtEXhItSj6dv4k5VdccnDob8Vg-8DciLlBlmhY7wYJnyowruHrsGkHgTUqAbBniJiYu4nJ9bReDzVPR5jWTcemUI1ILISl9NIL5F0r4Y9cnL0LMxvB9w0BiFrbUW0LIjo0Cut73h8upRbkUSHEUXm9hRY9TQWH98t2bC2QC5qugl7KelClfYJ1dZ3g0gX3AJ4fQRt5h0Hd1BYsxcvVmQf68-5au9pACNusf0UDyToJh7W5beIshIXZYTFZ-vYwxiD4fnmZ-RwsFXCYpDpkUWioxN_jrvZruKOxy5yR-3k7Wi0-pruoqK-lrAXFicgLwk9LpiLrotIkRRk4XZKynUvMQq-G4DFamn1CrwIWfQiwJyFMZuGvGYOF-xS8UOvi590QsoI9jRr2P5RvEz0XjDMYiSMer2jRJv2K23rPJiVpDfxdPMbuxXC0zFg3hCJpluJIdVWAZemkbnsvJb_f-Jnz2t1xVCrhV6G93djZHNF_enb7EmAFvDrSyoo-cZOogpdxWbvayGhAblG4Gy-1MEt8MhBDSSvKzkQ-efNeJ7X0x4Rvcgc4X3zhOQNuU1KgE3YOSPbf81Hf473yPh6DBfDwo1y_wZp5R4Gw13Iz_RIK405xU3ekl2Cx004yvvBEXCeQK6UIj0zMVFq1EQAUD7JksTf4saMsEzr-uMCFLrCfUXSvzkv7uSdLZsmJNhUNr65jFig8Whfw7,1,1,JFK
Budapest,New York,273975,2027-01-09T10:00:00.000Z,2027-01-09T15:40:00.000Z,2027-01-14T17:30:00.000Z,2027-01-15T08:00:00.000Z,5,https://www.kiwi.com/deep?affilid=mihalymisroriflights&currency=HUF&flightsId=0b7720a1515b5160c9b65ab2_0%7C0b7720a1515b5160c9b65ab2_1%7C0b7720a1515b5160c9b65ab2_2%7C0b7720a1515b5160c9b65ab2_3&from=BUD&lang=en&passengers=1&to=JFK&booking_token=HRLpLUWWBJlumcQ7TH8eMHQAU1xO94mw3xbpX7Nm5afBmfWWThyIhm6bJpxumhBjxCRB1wLjAjOu9KUl3opXlNhP3HuLr9R61ZG0akf_0aRwxtKMyBJXVkCQ5I-T4asd5cGtPplCc2x2J_xGdHgSvu_BxYmNq7Ld-T3WQvU32ezXdC3WmZbXgyBCM6YipASM_BvxD4f6kMb9iAt8YR1RNllGF8DpLxZpop-mI_MtEoyBYxUrSGRlr_yg-0KaCkkrgUVvnziz8FxqSXzu_gD1t3VKtS7q6DPwmU-M48q7bt8kCVqFt6eVVmbs60uyiKw43Cz5MujV1P-PUPLynI0vyIx81uTFx4vykjNA2tLpzzv2mfaAA5tmy-cmqt3EWKZs52rHtM_dTASrOfxClR1vOFdX8w6Hqr-AUuNfRrsEAwO-OWp5sQlIHB_Yj5TqLm4bsqTpvA3XT_vo6SAVcR1M728lCY7keT1aqf_GHl30PJUt9NZhkwJ0CY1DSUqYunG1L965ld2GydSKkLGoslwr2QygmeIHPIN-8mgMS-9xROrRxXPbyIHSR3JfeDbkZopaRtuM8BaWPTfOG97i23G_FmV38tshe_GoqLpTloxmUwy-qTHF8mXgrpp8z4HKnUi5KOvwcLFIcgUaEq7aMiYNXds-dkV6vgQbNulkRLn_wqdG8CnR6SHmEh67ni1njjlgcW19e0l1xoOqB0IDw4JRqsvxi8YTz8r3VFdYFJTWCsMm7mIFeS5hTjvJDbhS5n6_kkXCZLBeCdWChQsJ2WFWiDHJ6c7d-JvbZ6MjluEn_UlxTH3T3adYHmEGyaru4oj7D5Z-nA6iEWDl0NNAGA_Xnbn3e9K215HzH0fxnPbZbrLJdZmEHTvcGOKLYYa9UFFA7s1AJYLdEMl-3UQvKYdW4HZ3V3w99DhJpUKKwbXdXLdRsXxa3jJxa3j3QOoxEvi0GCcmuURuZW8C2_oVxr5chSJQce3V-sVPdL6shQZUjlR0eHvGlN8shXGe68VBSXZFEyC2lzHUMnKuPNli7wxSSwxctUQNq7xMFFCLXhx6uiUovt6_z2P5fx6l1hmiLO5DEXvBX5US6Tkvkb_YGvy4RACj-a7yD881LmtW-GKpsXhr-9b__5WjQGzl2pEo9brWlce9_4aW2kdUgLsAlOYCvjggXcCCs35sKgOOpaLsYpNtcsudhU025Ro0FKrdzOKdVGpuvIndORqCiykRbW5G5LYLb_IrZbUSYTYWVGUDEL9yG8QVOlERjFpxmYBreQZq-,1,1,JFK
Budapest,New York,274250,2026-12-17T11:35:00.000Z,2026-12-17T19:05:00.000Z,2026-12-20T22:45:00.000Z,2026-12-21T17:10:00.000Z,3,https://www.kiwi.com/deep?affilid=mihalymisroriflights&currency=HUF&flightsId=0b7720a1514451479625fb7e_0%7C0b7720a1514451479625fb7e_1%7C0b7720a1514451479625fb7e_2%7C0b7720a1514451479625fb7e_3&from=BUD&lang=en&passengers=1&to=JFK&booking_token=HYCYVvF3KV3nC-A_VoswJbaDPO331co4X6cUdWK7S0Bwd24kNzX--cROcaQPZA0n7TqPLUxuf2YHchaBs-QdZAe9AbTvSyG5sWSiYnFl9ieu5N61qZ09qwD1w0UaAx74hwmR6wrT-Jffp5rpiG07H13SP8OZrpAys0VfPvn3M7SN44RGVaYd-FwzmCfDMYBlkOiyhI1LhnjxduyvzuXq19fkAXLPa9hGuF-T6hpzgbeK95_Yx1zDO5iA3v2i8P4enapbx66CXSO1I13hbMhTxsvnPG0x2Zqu4ymiPkMMyAC9NcY71bJnOVxW2tqnpg7FT8s0s77o8P4lplBU4KURwRJhpEPSaJRvykt8LQSgdWkwbZwmlB94j_2GW3E3zwputPoqAZXbMqF3RkFizghYXycmp0a-qm2P5lYMjqtaBpbjiwvN76dEdgbT6SDkLHEHorvqe6E7Yr855wRFGpTBITJGZOHo-v6D7lh1Hvpg3VTKp3EBV4tVLbPiIHiBHm7762Qimcxj3I-G1g3TchDx0bQ-1wUPnA7Z3SvMxAvZDhLvaUnTwVgeKaCyvnN_pZLdh-qpOJClrv65vPQEBWnyWt51I76Ei7EvyZEuQvApvaZA2rQr5WTEofCzSwa9THj9IJiIjgzCRmZtCB7qFROA3xAusCH9VxJl-j1s2b0QPIaQj1i2JHtB-rA4-Hpm0S3nK5OTymstamN4UIZyIlKgNo6lXKFKqkSPRGJqYh6QsgiZlR1Pf3zsyyIGrAvXp5w27ZEZ-LxVEjOacN8YYv4Nn4gSMH7pDxGGvPw58gQVrktRqz9-4C3GNFNEdGaO5VYnqUYEPOQ5-69LM4kf3X1ciatEGeWgOokwcBO6-j62-rXy6-1DdtT8kG0Cg5LUN8PPo4rJQ_EHWdFwS2GNqVOllAQoty28_mm1pa7TziP5GjvMtqHwqR0azvwFuPV4P86-nUIEgEBdfH6I3jnV_QzSdKuCmIOIVFf5z_Qw3sha2Gim_8CFDojG-kRonPIHTG1MVV84SifciUrLwypcuIBCqEeBO89OdfGg7CUjt1L8yun4PgpPf4pJFIehvA7ee6Mz5xloJTT0-QJiprVFfg4uo8-GFTcR7G4GX8D6QdHieMaeMiusbdZNKzKKxKyTg6_XGHxLJqhoooUa-IbBLItE_bFtkSRgVX7OkWa9sO_3Dfu3c2DqEpumPIprzXTZFm2HEEtWhdtxwBgiI8Je_ohy0uAjo494uTWaKYvs-QRuKoi8=,1,1,JFK
Budapest,New York,274332,2026-09-30T12:45:00.000Z,2026-09-30T20:20:00.000Z,2026-10-06T17:40:00.000Z,2026-10-07T10:40:00.000Z,6,https://www.kiwi.com/deep?affilid=mihalymisroriflights&currency=HUF&flightsId=0b7720a150f650fc9cd595b1_0%7C0b7720a150f650fc9cd595b1_1%7C0b7720a150f650fc9cd595b1_2%7C0b7720a150f650fc9cd595b1_3&from=BUD&lang=en&passengers=1&to=JFK&booking_token=HVhYiaPsPzrdMiwsWZwjQj4jrl78Sz0ryU6ZZqVVYs_6XujtSAMg_kVCXDnF40qfFlqRV7txWoEeoXKSJeJeyjTy4IYxmYj765IPCqwKl-IX-EoF3jwUsSTtufe9yBemga94_O_bWztGJWEVzihITR35bTp2YVXEUtaKgKkchQMMS_eKxuLyBoaFYyL8AxHEmO56KnNQbtTg7ykiIyKlzkPA0U94LKB7qcttLHxPfYuu3VIdg0hQFo__ARJX8AeE7tDlW3fcQbC_DiwXw5saRfmVSahmJiQDnyUay5zgonQNbUcTM36aTqVObieNJrKQwLWGpJ0vcxYvTeHU6nwbmmvMZJrBIOyfv5Yi0CzMJJ7jFqJQB9kaYgXxkGOZaKDkBJFxpNxkza5srXKpqtxlF0_urijo1Br4fYvI3flVDi__feZ3rSmufEY92Fb-UhIStctuW6Lx6xHn_PCMMhdbeRtHsuA_2aws5QGgpU-jKCgrGS5YqH3K0fW5dJwZhSETD7a1HeVCSXV-TfftXjS6JBM9p79cETYtFjArYh-Sz0M__YwghPMnn87QPjLKGKV0-ERMvsh5fHmR2S8YZ9ciJt5fxSWoaT_AmZa7S8ncgrtnUZEZ1RMF766iR7sUA_t9D64SbyJ7N-cqOfaqd8O-lSbelq-55btlu26-r1Jgf8GCb5vQcTKfCPz2GjJ-febDgLNObBnfFS2U910OzKlOfXZU0H6AjW1rRHudrThs2AjwuY_QUFpSw7knptg4duzedp5bllEmwqH-qZADzchMKyK-A-uZ2ysHhC5v7fM1YECxuk_6LuaOmm1xc1lrv3HH1321L7-A9fX9liIbVtX7p7ayA8xSksRYAcd0YbC_tyl2r1aMONu3beBT2sXvxaJN73Hxmsf9nET4ov-swnQ2hvCn37nI9Je25WFwL0kGhe8WGlu78pLtMg6BKsszFXvlkZrwiMODblgY4mJ9bQfqjasj0NON3fPTNI-qSURTO5zHfiDC0dzpKgnauiUeRqdkw7lTZTM89FzQpSDbRZaG4tzVqpqqsIxZRsMQlSMT_ErdIGWrfutAJqnjiFQm_IrqPKiPxKBcEVlTK1R9LRCEZtgXQRo0XjEgkor0TUW-rsbnkcz6uvaybX63hcMgRaxh8C_Ei8KEzOWKFnmMY1Qm-0PWaMXAoK1JSg8k3FsWKH_M=,1,1,JFK
Budapest,New York,274630,2027-01-12T06:00:00.000Z,2027-01-12T22:00:00.000Z,2027-01-13T21:00:00.000Z,2027-01-14T12:25:00.000Z,1,https://www.kiwi.com/deep?affilid=mihalymisroriflights&currency=HUF&flightsId=0b7701af515e000081199417_0%7C01af20a1515e0000446f30ff_0%7C20a10b77515f00002900e04e_0%7C20a10b77515f00002900e04e_1&from=BUD&lang=en&passengers=1&to=JFK&booking_token=H0OlchMe1jZ3C5sxM4bWT0TArURUPj-MbWXywOR8oA8i5i5F4QQBxSzYHZclD0Ucu_1-fs7JeGhSYkVqfNiObP3zTYjjjlCjCNxHNPZMCiALrp3Y7or0prSc528Gs6J0brmnlvePGfDkJxsghaKsLhCupAKqGPWUXoRhrBAIhD57AMi8jxa3MLA8kZUmc5qgk1oSYs-bxJTQn2iT43OQ1r73cga4aLF-hBJjFLBbqeY908AKUJGAavccT90SjDeXDaHLnUN_T0heMAE8UV3xfwASfij4JV2NgILi47o5q3unr9HTzNRjPCFHbmUSa4jPY78qZwkX5rpw3XR8dVUZnT_xxRNaO-bgqSVH0ZgFTBwwcDlWhM9CHX3SF9IXvi3q8D17-iRmQ3JxMid_icb5SgGpW-i0gblJCeb4O19Ay60D0w8uVbE_KnJC_iD5y6OWhKxP7XxSDqEDJeiweYS4TJ0wJOg9dB6FjXlIyazOVY2IcF4ZpMR-pHQ7wjBWZBW1-f5f-ike982_6pwKRECQjV-bT5xVghtdJG1oI0fMAbw2ELGkViTR3c_jW_wAzAqEVuF9fCt9-sxto-DFQF5kauX-zC6a16xtfZHFzbFQfMc_z8tGr09ocsxbH75JeAL-_WMvRFXs1bNBJeBageEw_pUx1hC7GjLpMf7yKf-LUxTl0QcwgiwdPgw0F24d_MOqykGaN9bZraeCF_J90PpVL97oDmX7I575VfigKM5_pBhIUPwAh3_B4mbGUG_gNBenRzgiSlHfG9E5PmC1z0i32SBc79Vy8XuyGTpl1KaAOQBrmAAj7R21sRjx0qCaLaEqMTyzYJVxoNAXQDLQJ-WOdRPN2kWBrytuLk5z_JE4Rf_63X888eMBCrTn-U0yds0G-vl05Z_7zn0Hvc3A5HTfcMLxfuF21TcD1sII7nF9P1eqaTPesxSOlmEAJmR_e_xVnrJ3arY57C2Jh4U3g67t0qnLnVu62VlnxavSQrZYiUIwtKLPj9Erff7TWuT3IbQSMDD8gCXi5ugiuDxVGC21QALnFttOlGUDkBdhTXCegNgCXakVRyHY_32JLQYmnuU8J80wWAbJqkjIg29e_o4kBhASIJN5pjo7UQR0NFGY6i0kMjGf8RGbX_Afci1k9Suhb0Hxlk_ZmU_MgEomurnembKYQPmTJo462YZkfWqScs_Z5gmAEKgygqS4soZE1Ot7EQcJzkh2bBmqbkQNED2RDusTYjq3Zty9ls39lquDi9zq8HdwVDLi7RhCEN6CDElL6E5TZDevWK_Wh227_Ih5mhWckNFmAKgO_1rYiUuAPIxyrJd8aWRPkBozM4NG-haeMoX3myquFmTTb46rYfrAhiuWdy428ynqp61oYst2VVGo=,1,1,JFK
Budapest,New York,274682,2027-01-12T06:00:00.000Z,2027-01-12T22:00:00.000Z,2027-01-13T18:30:00.000Z,2027-01-14T09:35:00.000Z,1,https://www.kiwi.com/deep?affilid=mihalymisroriflights&currency=HUF&flightsId=0b7701af515e000081199417_0%7C01af20a1515e0000446f30ff_0%7C20a10b77515f0000920d37e8_0%7C20a10b77515f0000920d37e8_1&from=BUD&lang=en&passengers=1&to=JFK&booking_token=Hxklegfh2HtGbPg1VSmPuq4rqqf0AOwjlv1qH_OYB9LzPH9_dEzRcRQGIfug-XmWc9_VvfXWAhBx7C4nSLL6NJrs29sd0uuZG8x3Yw0Wy0H7Tbbiujzg3pqAobV6LzvPN0hQ0z6rtjNWpJYCByNmhKr4kQo5IOrE_0UZMdtWEdtMkG91ndEGh5aC4UB_k_C4hM1vcn3stNV3kf2Ss7oAJ4e4bunnPwBdhVKfoCPEuH6UyNfMYc2pQ5qHRTjc5dF06KH2OHosPa3BOXicLk3rC23dBnjBrQsyswU0nW3ROhOOXoPc3oIV9-WVDFO2CVx0GcPy4xqtQpxTWQDdDd--DyT3PRXAnHSVF6bYdsiEE8CqYlDLe5Edw-CYn2H4Vs_JjtL6CAslCT36SI5bClYYoe1_jrsrPPd54D0doDVhQM-nR-KLg_iOKpgPy_d08LaEFmApAr1v2iHNM-OuysLdqFafWxGog__TDS_ae_qo1auGbHDL8xskct_bZZ2uS2tYLRvWxtR6T26M7xDXkwiDf3FUt2BmzXLWLg7jZ4pRf0NvgYseMH4ebqt44Ek2qCP4I0bkrsat8DUtMINAPtSU_oiQ-i8F8g8pEvWWEWvl5fPevNqpracYTrXHDDd1ktEa5__pbngkhn4D1B4r-itLS_7E6PNEILEJXhC3rzBxQF8T2ZEGfqPzaTMbapKxdBlDtloOVttQQvInAIrRcy2q0HyJyN5JuoAWflws5e_X1KE-Lf6csYqsPDWkACMOEWUiJ0d-W8hGQjARtU1qrcldvxXbwS58HJAdNs3CdBi7CBiIGhr5_szklRJGruFO-KLvZMKdWOae0E1cmSQgoUq20g_WdiV9M2IvG6YQBC8HCcAR4bYX_-2msSsY2tRBjv8EOB32pvMMY_gC1OAUZ43WNCVB37UhqHe4Ikh-y_O4SoX7orOfU8yZujcQPLFTqVhtrb6eZRjre5EoYE4Mdj80J-0zI8kOacEhLUfKLWN_A6ceOs2YQxBFrKuiZ290CeRp8iYVED5ebrwgnT3Ob5K29pMG3mJ_r0GLp8zAOkSK_osue99ioL7W5IDBZBOu1_nVO4p6fMLRnG-E9xtq9YYLksanM952McSZ8md_49iUXfzwzEKnhahMClnO14zuNN9jgqe9caLZNHpHclFZ8Eeyzl-BdpFrMy4M-mfIjTQDMzqYiwdN6Kw1bQqcZi9NFmrSOBHehsfmmZAwaCdmC4FtUTf3OrB9oyokgwLlQqL9NkTPUKhpbAvh7fWDXNawpOooBMjghAPkQVaLn4kCA0WW5ZHuEdBELaMk5RzT0B53y5eVTwQQoXrTVIqcy2tCBvlo5NbE4n3kGwUFpaTD12QFkIu_nIkiHXh310XxpNgfz6zc=,1,1,JFK
Budapest,New York,275108,2026-10-14T08:20:00.000Z,2026-10-14T14:25:00.000Z,2026-10-17T00:30:00.000Z,2026-10-17T21:20:00.000Z,3,https://www.kiwi.com/deep?affilid=mihalymisroriflights&currency=HUF&flightsId=0b7720a1510400005e9180a8_0%7C0b7720a1510400005e9180a8_1%7C20a10f0c510700006f4ad9a4_0%7C0f0c2333510700003295faf3_0%7C23330b7751070000d46b84c8_0&from=BUD&lang=en&passengers=1&to=JFK&booking_token=HlBsQ1DnN9QjqPfQxTmF4zuLfJkzVbsp2zIZ9ZQOW1MYdCqZRr0TLrhWgfC0YAoPvdgUplZgpbA40c5I75MjoqSR8rCNCNxQbR8l_gcv1yaY3f3AiFNqGZiqhpJmOQfvq6pEznwi6x2VOaJ_YdUD6OeylzlXT1Fwn_8O6VLd87hiJJBHBfSi070s1U-6HSJ6rT5mvVElDmhSrOJsLi0vPxPL3erxnsOmsirxnZQy4nllb_1RUIYwW6WaYH26A6fLcDlASz2lVKa4j78XDjcaP_SNOodJTVcj5uMVZk7dBT5q02bo8RroILPhFgVQ6pHftlCFl6xOXrbaYIqsSH9bxYQou17PjReD0EQpHz1pij5Vr9vESE4-O8ZpJThZin-bN1K4VKtXs6WhEVLxeJsExQLvKPSMc9fwrSw9npLUv7HKcm1j6q5UZLOzjUviY34FhxC9IP9fXzzEWDcmvdVTpE9uD1U1a_KOo5Bueqb3UlAq1aYjQurEM5BtnlG60DaL-rN_BNzCAbglpUKoTTM1QD39swIp3tGmNpaJoX3ZjbU5HnBC-4E93c_VonHeIukffayUCaBqf2jKdw1iPyZzN5we8GiuYtREiZ-wGJPSls_u-nsDRaz1nGYFc70eujiMcEM9ecsTaKddvux3K2YVO32EMMAfE94mkm34703JDFv00XEnpGm84LnAphQMpAhp0sn0MtLYtglml-iFnEF--qQZdCrDK9DjuXiqAPlK_T7IRUyDsBzy3N9E3Y1v45gfpSwWX6X49sNM7dBLolzKmtX2kqoKtW0I4PpQzBiKS_CgWF4jhOUML2V7z7UQ8Q8FlcBqz7LgeY74I-cR0GIVCpgIRWMmIupvbEyW7lJxWSc7FotocvflVj2KLTfoHHagfrgcQBtLya9YGoxDivv-3moFenEJ5oEH05NC1tZ48YmuxHM8dqmvuk6BG4gtpMwqCuAfUjCSJE7haQ8zMpM9Mc8arCFOhzTHenXZ2Hd40Tfb4kkb29j8ia1ya5l4iaIfVOpw7yHzoLdqkHDN0HyWcjqQBBoXafgBvcFJKaYcqWbRzlKrVALD8zhooxdZLK-wOpHBBVD0_Vcm8FWh_xsmhpty80d25CNHbMEOjt3dMYHC4MA6rsYPZE1LTQsG69Fg-8Dd_k05giwgVEjzSkPgKXF8EQ_5nz100MKe8ml_jXMaXhT5POtERo7HZOdPot1gGcIrtwZKXTfD1BmVDC2f-VvBb7FxaaDI-pfPggEVkZyPP288XCkZgWwS_MwT-SLVCCLRYQNNfTX9vYKkS1PeS5B8d6odw_grJdTJZAExqydZseNZV0q4AgpAitl9Be6Gr3MAPeGf2ZezuSuoOSQOUgF2aiagCX8N5EVHY7OU1iL0=,1,2,JFK
Budapest,New York,275432,2026-09-30T12:45:00.000Z,2026-09-30T20:20:00.000Z,2026-10-05T22:20:00.000Z,2026-10-07T07:50:00.000Z,5,https://www.kiwi.com/deep?affilid=mihalymisroriflights&currency=HUF&flightsId=0b7720a150f650fbe7372e50_0%7C0b7720a150f650fbe7372e50_1%7C0b7720a150f650fbe7372e50_2%7C0b7720a150f650fbe7372e50_3&from=BUD&lang=en&passengers=1&to=JFK&booking_token=H9M4RuCPBx07UuCyRxhXRYQ3YFxUw8Xy71Dji26deYrD3ueDrFQNRiZ7OgQDdsk2KrhQWvFyAhCEAZAU7cVuy505mC_8kgOvoV36j29_h4BK7OdnbwzL3d_BdQbrTKV9vw6FqW_ju9CIvBLylwo7gAr39y2j8QBamyIOjvTy7Z_Az71KT3yQgKEl7cfqsyyZpoagRf7-baBy0jOtSmcVVaQjk3GpxYLHoB-el_NheQcVICYIrzvGQ9YDRyiOVqscjFNjuBAYJC2JsZe6gmhOH21ZvzUFOGEEibawZXN830vFXk-6ElWyGoRW8olN-sPBeS8DwS29gUbGhwb3QQNeQUFnkyvLHhmmBCwG2POaqWOCSabB_6LQpBvLKBOlFw0aCibfZkhETNKrI-qRcyDJorkU8d5P1GmCqtu64Cf7xNZEvI-9J73vmXL447WuIth8EYMCxd5IDAXJFl4bSZ5ZmDrUgbjhKkUjmcSnVHgRqO2g6VbpGNksI07nb63YLubQ133riv8V7sf7ShaNs_-S2mcmJIKXU-oiEv9iHbdX4lfs33N3a4MCp6dMwCFies4Xozu-BwGQgY_v4HjEktl0iEKmajDeFwgy5ghhcdd8a20IKvJsyorKWx3vlaOzfLhZA-jPO_p3I6VmC10co5pobCTSaATn2DtvTfTfQV1WE6y0v-Kxv36_MxwngfSR-4_8NSnUbTMebujY4FxWUekGzKmPvfjNpsDSBdgXPPQDhf1-TWEIqUV7J2dq8PzFBJJWwfjK0IMT1sxU2yu5-EdFxR8yQV8ld8Tj_m6LdyqC0IDmQlYlb6jdWwap4R-Dj5ISFfjmLzI3hIVXpw_4G0zBxtnC18z5GEQrk0dYTbgP-mWki3Yl8_MxjyuuBddW4rQcwBPtwOh4VEnuJzWMOBAcgwytzZJWgAqNyjMqGXecok9_eaA2TzMccAO0ToqYPUtNSQRLgdUequeI0Eb_UxXIS_gjIKODPqFwZ5N-Tc_yVz6L4CTpAcZC34hL1kAtrdLmmGGB-pyJQ4rzC-rShfap3MtgWntL61Wd0xvkAAADQioLEDIKXeC1Tz-g3cPT3TC4nMUO7_kCNoiO4qGbZzo6pz6Pu6g-ZoODQZqL5LAJVUV8m6W3sCA5KcZSAbkHHsZogHq98rQ3dwnfS3B9_N7GFfJIvr3NoHfPmW7gIGLaDFjH5kGrD0MFYjeBfP4dmgX2u,1,1,JFK
Budapest,New York,275639,2027-03-17T11:35:00.000Z,2027-03-17T20:05:00.000Z,2027-03-22T17:25:00.000Z,2027-03-23T07:10:00.000Z,5,https://www.kiwi.com/deep?affilid=mihalymisroriflights&currency=HUF&flightsId=0b7720a1519e000099436a51_0%7C0b7720a1519e000099436a51_1%7C20a10b7751a3000046b62c10_0%7C20a10b7751a3000046b62c10_1&from=BUD&lang=en&passengers=1&to=JFK&booking_token=H5Y_rcbpEZJj0CXQ3SR_AQBvjUstrd5nIhTUYgT2PCnjVnv4WYYni0xs1289_viYA2qo5XeEK-DL6aZPSUBsDmzMlEnHHPlpeGDc2yAnKZV9HSxZqr_K_o-LZgphW-XbR8H_Q4R_a079LrpRHLWtzNBLFRYhxBNWDQ0k_HigrUAcmPWyrCjn8DsByEtRjZm_wfDD-pSTmAGf0B5TMCSHiHKPDQ-AHTrbk9kOdC0OA5B9Ds9HMvAP4xdiJqVdYnskVRAPHNYEWrPfHUGpxglRJmFVlVOGUh5GRFpnr8LPECVbzA-5uSMPty47dla_6JwncBfSvEcorA7FhMumXMwq9dE5WrWHqlWy3OBg6hrK3F2HtwCg-ud5daS6ple1egIY01nN_R02HPIlQUvQFNcKi3iKgGs6psa72iMZ_kpZi3QYxfYm41L-Oo0JRflb5JA7tvG2mrUwZ6FNh34dSiStF6wpQC9RXQ8ZKRwmaM4gLbzx5qKqoaYMW2zxeRgX70kjY68-LPFphJh7mU2ROfBl-Pn_ZSnX15-XUqtcTnITltmZ7q9Qg_3jhH0CP7sbUTqHnbe55gIQ0J2vxE_Z5rc30tDU3Mg0S_0m1upu1dHsEKxq41rA89aX6RhSYfL-9wlYrgrvqm6JYDXLSCLbts_zgDSmeYPX7ITgKsECA66efXHYbHJrR6Konie-b66DPYakS4SBQQwQ1zlsSgpwzPTTEdsZg9VChqWlwn4aAzpUikPstvkMFFv5WBxanN-9w6DwbN_EZWgQdp6hnBqWZROYGMHCpn6S8Nu0kIB8vDkXoVXJxgw7bC0vM01MVkYV8zRP2ZQIOIOzgjBIT9cf0JT2vxqd-FXLvIRYPQBdzEXHFyxrIz9G1o_-CnXOo6RtexsQuOvvC-YjrosrpLWNxaklbZi60_n_FmmejqS9QgKoVRCWyraJOD_LINLEM6EfqqNfh3LiqXBjx05M45oUdMRZFuDoL3jr0iepiBH9XyfQ_gBOT5jMG6PeFtZMj3CWwimHM8euszXTLuvkwd1ZS-cTpMNYvc0dXmLkjbjLpQxyenlWTrbuN_43qnvPK38bvbWKS8rGdWMzhVJjXrbkHXI4a0nGsUe6k2eUK9tBzYNE_4oAR385KQLcMPBf1mHiaPor-cUNL76LfrTxPa_IDhj2EQhHBwwD8c2yVTkdWVc8bTZoQnUlU8cycZJOymQ3Im6JCAvpY4fKwg60jRS_YZZngRt5EeFr2FHJXJxZNysm373Hav3Fuz1bmNOKVJH6JSxW3xNLl-Wu3mzALTNtU82D6eh-OTOwj0m_IGQ5vVsvpb5Ioky-TyoYRf71jN1mpqjbX,1,1,JFK
Budapest,New York,275639,2027-03-17T11:35:00.000Z,2027-03-17T20:05:00.000Z,2027-03-21T17:25:00.000Z,2027-03-22T07:10:00.000Z,4,https://www.kiwi.com/deep?affilid=mihalymisroriflights&currency=HUF&flightsId=0b7720a1519e000099436a51_0%7C0b7720a1519e000099436a51_1%7C20a10b7751a20000b3b9b8c5_0%7C20a10b7751a20000b3b9b8c5_1&from=BUD&lang=en&passengers=1&to=JFK&booking_token=HO8umKjL0TVkWHHMvxIMg0ff-qZ9KkaRfV4icX-mFJ7pIx1AjGrcNtgC1nckz0FuZkqrmdLDv-oHDCCX4w0uYn35qNCLqc-zxZfiPLZk4untKwATjkSy4z1B2_-WTkcgMH5znLqbnxUaxEN_MuCKL1WzExMXbpBpcHe1FV1-sO45PBqsAtLQ8hGk1aIJfjOknSOMQOZcvvIzVevEIvwtNgZTcs6fhJRGztf5hHs6DFHA4M0zh-zcpJWvRqVF-qSuIKCGSYkd9VMeL677FJF05y-V4wSP28TOpfUVa-F8PQOCapqFjLI0-5VBOhudzhXpWboGSp4LSwz-6PhiLAWcKHmvH9_bXXLjS-3eBF40Ynix9UAFL98pDJ5dfL-RDIhnh53vMgGr-K9DhQ5QHCNAfm0Dd7yIjDAImTTBdwlye5RRswlQ07QNgzQIFzTG50ux2iZ9JRj36_GZPpGPGHLHN85m_smHMTdhaQYfZg7YbJ5_SauaZp45sMd2_elLeYJFmxJnIxZoYiMVNAdXPay-km8oouyKRyHAMewS0QE7_yRg5i2YseSnw6RTYO41KJElsvtnaFlt1hrIB0JcwqURwgoWg-M_02v-nws2UgymNNlkzSWRR6tDeR0UwVlHHzrZLjHJR5FuEf_Vrd0WU9n2oBGzT3nTb_Vzr_IUQKrqSmXpgniUA6nL9z6EnKrCU6odWP3N8m2tqpRV4P2fQ_RJGQ8tnfKlCiQTAOrSd8-5q1yi1rNetllmBT_c6f8v1BWklJNeSPhK90WpdCBSHGnbG9vjF6b3nc5fCwGSbITTFajmNDJ9izrEALQk5pIJJK5LXnYmiieeADlw8cyEJM9z2LffQMLYk0Y12yQXVw2B_Q09tzcYZDlhRRN8oU3LAn6ddZc7ngUv3_DKAqAFc0lyer3wJMw154914YQ5XF4ecVGtND04IvQmWo6cwAXWNp00YfAc2bqMwgmtRJimH6FpuVRAlwPQkZR7y52ZDF_YAgKs9DqMt2W4M3S7XafMXaaGREsB9aXShbjCfPGyqp5zQcEnsj1LKgDVw3-u6PKJ7bdTSd0PcO33jYIWyhcsjEHnafXBMAde7yC25YeDK3epuXpocNjeXP9Vnps0Rsks8kEknY3N1ad8cPiqSwrTC_Oi0Au8prV17Eyd-cv_2uTq-hydm8u7xCJSvkeAfSW6o45OdjxGaRalcOpsyvkcWLnNJjpbnt0sjC1ixJ2FMh47brjVk2OxF5ZW7NfGJ4s5Et2-X1zg1hVoaPbCEzFJC-RMW1gv-7KUThu9LrkYoWIj2R5j9-3ML987ZNyHyCzGClsJ3L2gfjWpFy7zCvrdIUgp0,1,1,JFK
Budapest,New York,275639,2027-03-17T11:35:00.000Z,2027-03-17T20:05:00.000Z,2027-03-24T17:25:00.000Z,2027-03-25T07:10:00.000Z,7,https://www.kiwi.com/deep?affilid=mihalymisroriflights&currency=HUF&flightsId=0b7720a1519e000099436a51_0%7C0b7720a1519e000099436a51_1%7C20a10b7751a5000038bd79f1_0%7C20a10b7751a5000038bd79f1_1&from=BUD&lang=en&passengers=1&to=JFK&booking_token=HvGw7QIOR6_K0wMQpIcfK4YjGX4MycoPoTLE9hqpsnoDr0Xgkc1xRuvkJ0SIxTR3skcLsU3P6hYjkbIIyFi9x4FVFhonUSNu6N0Vw116kQBk8-ITyQiXJ0Xhgs0WVsxmXTOtAIufbpTt-HFrVSz-Pb5RtIwpIuj6e_SrowEYsozIXt1kQDqqy2awvkVA5KHfY_ZW7qbmXhOGm6ObYqRy8DReiw2-CUX2qtDpwtm9bNIapT1eWqPUYhmZPsF35rEicW_JPHKy6wPhwcsdqerOrsg0xeE1R1LWQ9AWFqcgaN-_PMOGZNrQMad3fHfKku8fg_mmJ9_R0J8Q3cs7LCk46X_Pd4SB_PMcgyjb7ZJ06iyfoHrjR4ls5epSO4plro8R9wikLMiRyl3FiZhZPcvn0DdG_gjXM7LBMNa4Jp9mHKAYVstl_kigGVbddhmSMN_bXIHeIdzQArTrybo3Rsx5puShBZlmQwJAwsqsz_0jfJd27Cihrm2RQwszcOtz4WF5n6UWYyJEAp8oApj3OyyJBVNOhKJAzgGw9j5Qtq1YZ31iWtVSWOZTFTZu-m1yMSGXA5rLCUY6FbnU4qk51ZxLTbbsoTxF7GZ1r38et6M5v2r3jF0I4PMKdNlgJhGjIfbP_m5bzqCfYWbLU01olxGAO0ESnX6vLmIO3KkD7KwMPPvcLJ23vWo8RNrDuAX9hdUgHGRrVpVu-gPDQzmFNUzU1IP1v7TmVScvNHm-_rFpzHepuGvm0clFqgaENaIadLGHbBgDVqZbtkpPMgZA1fbx7M75XE9sLgOfbS1pZdCatJCy9-F5xVXOMqkD0MquwVsJgcizVLCbzMenBtGdEba5zRx_lesMJgjX6eNusEFHrGNI8Pmwplf0HMDSGQTwrdEn-UFLbOpdCN-MDS151kPmcZlAhooW_ZRuz0ZRwRfgpPvx_u22X6Nc9aMlZW4LzWsuMlKobpENvVAbosLbB5IJE-rO7N6jnOhMUkaUcsstqSCHDwtLGdNu64ZS5_xVpvNqrYlZ6T7l0QnirE98rtWQxyn4adDv5O7MBJhgkNCZCv5xOOXkAxtE0922pl2CTBRk1dRkprQ8tYKxYNIdDJAsoLvpZi9X3i1Dr2A-_GtHdqkLHGQDIW4Hd9C-a31iiJSg5iqEXPWVtSIqrIHzoWI670uad-5hrIN-EuoO002efKwSglmle6SRd-IISqfUjEpqQRY9Nzr4syNdowD8qan2vuD9FXrPT9QkjOzOOilF0rbbSOkl_RAymcPP3-THxdoINlhyaMBOEOYh-uimdHfrQ9GjsyRMcOLroFf-JG1_Pz97LTGF3ofCXsHxgEumt6Yx2,1,1,JFK
Budapest,New York,275639,2027-03-16T11:35:00.000Z,2027-03-16T20:05:00.000Z,2027-03-22T17:25:00.000Z,2027-03-23T07:10:00.000Z,6,https://www.kiwi.com/deep?affilid=mihalymisroriflights&currency=HUF&flightsId=0b7720a1519d00000baadf3e_0%7C0b7720a1519d00000baadf3e_1%7C20a10b7751a3000046b62c10_0%7C20a10b7751a3000046b62c10_1&from=BUD&lang=en&passengers=1&to=JFK&booking_token=HizIeIaJO5OGpO9S1SYS9esURU1DgZgZV1M5OgdUQctHQiImZZe7Be34-CHB53KdTon6XGdpjr5JEnVG62ejL7CyXu8bw35TOxQk7368ac3OKOhRl5k5zNtAtQuuLLbJ3BsUT4vGo6ax6wSjT7TN2ktWWp-wibCjpEGqprxa9CKDVdDMzgrmtpTBweVB3OY-MNu_EYa7Ark3Cq2BIki6vx-l7FsT1Be8n8bIVCuuurdBcmTMsLTojwXPRE1G-v5xdvNeiNoAbN-U1PWG21Kp9jqrtTxWeV4Fl67RTGs7nwHoyxAbSZVeKWeDxnvjuVpAhW1ILRhc5X49bxXgons1Dmn3nOG-F5rDl5r0S_SUIj8i90k6uHZ7nRyVFXilepfQW7slonvBQ3onvHrONJE5CYsFGYlaYjL_RDBJN9M_rLJHvy6E0C4_nPZXPvLoU18aG8DvAw7kQJ4uIKLWz_ehNLe4Oht4sLY0Zq54ROwDxGYvfbYDZxf_RMj6yeqr3EUFDdzt9ao1mPGEUgKqXqmMtVa81Ebu9m-b9ajfl4aFetC1fs69g8L-eIKiAwuckKRJ1ZKTG00L0MT9W92kyDgsLtfW9csXRF1ReHctROZMUN_4bnBkFFUvOiA_LlqAu7Tc0BIxN4da952xC6Wn-3XIrUoHZi2hkX3ap1jYRSG5rdp9PQscurlZ-rwVH9-MTRcgd5ixID_CHFUdZymquPWZqneEWaelJFtiLJl_mjH3UTs0eepUl7W8qEC9flzLCxyr1VOYOGMGeTzucS-2fswmNCwzVULbHjhpe9LWYYpGqbDod02NvU4VqZcCftGYuf-zYVsKrs2Tekq3KAt-gHPFzG4tkFULkJPlfFNOCGzpT8hZepxDcuiFpFNHP3-Q2RFI9CQTW7kbAIMoSeZNKJl-c7_SHapTyofjs_Yi2h7-yqv8102ge1mwMAkzz2XsnP9TRSwsEwVxkiUsv3fPH8BYsu5masmpRVVhM2qmAdpC_VZRbS67pfSNw251mhr-4R-CgO9lmKsh2FPu519XTrVzISNvk7-UVolFtS2x4_85BiZ67YkNIdy2JsdtdU7aFMV_tXxmgbyO_YR5UKOYSuRbxZw9jXhoBEUxg39h76y_FQN7gP8qeg-_MohLUD-fthcTFfPHHs0c9Z3vzi_-Z97z_aTGhuWI8T4J2AGPbd0vNhbFdB-WrTWKwTV8JCQ_8uVPhslBzpE7N_GxfFUxZv_XNKZUlxyTLv3y607e3X60tt1R7dSOEgUrADE8EhGLkCIxDLt3KXwoblNEIK72CdUpsl36sHAf3s5XU5ttNn0Q8DNk=,1,1,JFK
Budapest,New York,275639,2027-03-16T11:35:00.000Z,2027-03-16T20:05:00.000Z,2027-03-17T17:25:00.000Z,2027-03-18T07:10:00.000Z,1,https://www.kiwi.com/deep?affilid=mihalymisroriflights&currency=HUF&flightsId=0b7720a1519d00000baadf3e_0%7C0b7720a1519d00000baadf3e_1%7C20a10b77519e000032705d0d_0%7C20a10b77519e000032705d0d_1&from=BUD&lang=en&passengers=1&to=JFK&booking_token=HBKcaaTBIMkYOyxFYXZM-RRfjkEu1jM1I6fB1xY5yLsAXB0qAIT2xkIUEN8tHcyVyaukex477ezwNsJqiKJBCSxumPOSXObngG0qjMACEd9TZrt5ONVe6u4uiny7PdgZd-1PA8uzz0E18WqsFQ3jduuhD4bCk9ufVLxI4zs42ZXaPaA_2W7coB27WBxifk7w5TTNq0rQa3YgteXIOt2T_6Ig5l6GwmpHmzw7nzyTCO0SNjhiDSE2IeMhIm3vDpqFyhzYE03aLUVUv1_BO-rOaG7BVz5Ozeu6BdnbdyZbM01tzzyFZj8yZvzwjjIcQaP-mDaNxIAC2khM2_KJqWfrZ2W-9wDztrE62VBE5uwVP5qz1Ses5yIyM8BKxNRtDM-ntJFHkk5Y1WYSnc_d0oZbPduuFCTizxYvf4dCJSjLuMhmmJ5o5b5rKTcUprgR301p4ta3ohY9xg6v08oaRiw1Pba8NWiuI2eMw45G7_mMRB3CBFTZ4GauoHy2d3Y-6xTGPOdOxEv6nTo_pLjykZbK7bPI10sjNeLgSePPJRJIgF_MIeMl4WMpyAdreLq3bZPgqbOo3RJLZVB05OqI7iMyNuXfa2IezvGIuQmtOlAnpybsgMWrgWnl3P1emYUptmDoRfbQYOhv3Yse3xtUB1us5ZXErBKbrRwnAbC_5_a-NyEu6ob31BJcQq_1fZy20p37pfSk2qsVlUYJIcXVNbNcoutcKBlhoN0spGwRuI4ExLpvT_j-GAhin0_vEGpWLpFPnuS8O0tfF4d7-gio56TkYcN47nSAQPQl6_aR5aGlWadqq1aaYBnCZAvyVqxpQNOyYg4p-_-dv6GyHs46XQJZ1k16U6m8slTuaf0A8mvPqT8juOcDXl4L2M-JXiIp9bH06gImd7T0Ik0XQNY0-zbj07MctsvDkAGamPhMzhV8HH7OFvL4Wk9qD8o2ccwl40_pKrOaZVPNFLege3JJDZEXeBeA8H9nIL1uzgFTg3Fjnn3ExTW8qn7_oIwzLFBHq8lCeBtRcozRY9ffdlSt4slBdFUarwex2nNrqnKc3RnJe2j7lcAJD1YKgxei4c3qc9bwf6bz5ao1EHlXMf93k2peIzsHcykY5nc93Iq_PlHEHvT5e0uK4saCSOkTSiHI_yYvCvHKCPGMTM2puICUIwHYQ3ojtAyIl5jjGZbELih_xeUun76smHdZY6m8pBB12ArwSZdANhvxXbv1Rtnt1h6FXbBFnxlfnh8c-OoK_x0LXhzyKdE4U3OkIN0L12HZvhzlAuCjIGVhMvgc-ORmFWOQ4ACKXM1VoQQeJhXvI5Zpyk18=,1,1,JFK
Budapest,New York,275639,2027-03-16T11:35:00.000Z,2027-03-16T20:05:00.000Z,2027-03-21T17:25:00.000Z,2027-03-22T07:10:00.000Z,5,https://www.kiwi.com/deep?affilid=mihalymisroriflights&currency=HUF&flightsId=0b7720a1519d00000baadf3e_0%7C0b7720a1519d00000baadf3e_1%7C20a10b7751a20000b3b9b8c5_0%7C20a10b7751a20000b3b9b8c5_1&from=BUD&lang=en&passengers=1&to=JFK&booking_token=HlR-GFaq0couWttHPfgRqp91L6ctkzahmG-Q7m7O7isxEGpJKPSPV3tuI5gcoVjTjG09PNEaQuESkPKRtWGPKYUvgJ15k5E-r2gIb1j2wH1NR--kUtoZBp-bKrOp2a0bK9pI8UVVoyOd5EmbQr85BWua8ra8fYOMdPtyGmY21vWefGNw1KNKnX4WkepCnK5b_DbMpzkZlqrmlLTTRdRfwrIJOaYv71_m91QKvR0xaWACdWETV705wUfFO-QxCZ5YpR7Q_1vnzyn6Hmgs5IKzsqSlSWDKdd0A7VlHmzK2zyeKLoEr2GC2fP6Ay8FLUfOqjM-K49nw86muwKFj_8bxydKgyijqqFq-qUDC_aWGqWtOmM3-oy0yQ9AxKPnUnCzyigfDB51M7tK-kJJf4qhZi1jujbITGD0ivB_044w4mcOQzyTkoFRYOMPSNLsvL1g6ctn5q7K0jslqEcqQGaVM9PhL8iahMKBbDmXwSZRa-KTXoLKAM07SuHdbqaVRBSTFLYI2jydsYBF9Mf_lxCCg7srFKrgs8YbVLy7CR9j_V-TLzOcZee5rr4dC-9a51Iyn9ADJ8hXGYCklHg71THjsAJPX7abXECXNorXPk299QKFOjKw5XsHiTR2nhGD3LR8_yK2cby5WdmHp9acBfYz5oxI49ntyoxRusrfK2KenIneWy4AvrL9Bhf_TZLbd-X9pA_0Bd-wwEhZWLUV1OupCruBaZJsWDG_d_Vmz013oV68anXD634_-PeKZIg2r1qu34kl1m3Vksg1Nn72dhREU5T_eRTozDymDCYmPla6w_WYFWGvBocgMFek04DDAYFdR4WX9uwfRTiRuflOFXAe-VsU5PyCe-KptcUfDJKT3sDRYPPKOPF1GNLfUci68b1feeGFohiEctfa7PAhMY3qtyjBQpq4PaP7INmmb3j-wZKCZf8PukMuijO12bHomA7saWJnMAgKwv_IkyRfD6q5HLBuphjI1-mJY9OG77IrzuTKMpHVKqNdO1VvghPYW4PMEE_dFhd-3zpPAbD8ugckYLf4lmTPVWA1KQj3QCI__x_zHShKOBJ41Y_cePbHn4nsr6yrmnTDUXasRxp9T-yqJFc4OgoIEvQdjlMeXyODz8GhGJUew4x11RtyH8e3r9xGA9znnMDSj36LXmOFXua1mKVa90JUnnx-BB5AshB88NgRvajnKx6GGSqjKCpE1vMCGEzN_9wnRVVflSUZKvFE1P4WOu-Pa-BxHoZz63rPX3RDwJyrAMyHtexBWvtmW40VT2g8DQHDMgQ9q6V1p8IJYzGJhP4x6SWTCK2h-9tNwu4xDaiVD9kN6qB0UXIWjAVKXx,1,1,JFK
Budapest,New York,275639,2027-03-18T11:35:00.000Z,2027-03-18T20:05:00.000Z,2027-03-22T17:25:00.000Z,2027-03-23T07:10:00.000Z,4,https://www.kiwi.com/deep?affilid=mihalymisroriflights&currency=HUF&flightsId=0b7720a1519f00004b5997a1_0%7C0b7720a1519f00004b5997a1_1%7C20a10b7751a3000046b62c10_0%7C20a10b7751a3000046b62c10_1&from=BUD&lang=en&passengers=1&to=JFK&booking_token=HpUHgWDfeTRndb9ifTlkTOaGPbvxM_98sgjva7lMYZs56N-f_F6fihG58To0gYF_PvDC3iEN250CLwnYbjoY9vfPeZqWYORIDExVMYS8kcw1D23eit4CWaOXe0QwHlHw7RfxuQj794_2065H9AL8L4xDwOpzk6Ti3OoLtJCkC7nuKCQz6kgLrLkN2g_LSLCwTh-398yowptfB5oeB_zRpT66DB9Ut0NnELTsfh1KkGvwM7tbPi8LkK-9EZ0D5bNfwv8CjEOatpAybGcMqyzJFHPIiJgL6ISYKi96alXTABgwjoO-8f8wXQsVt6n2QInrDzoK59LCyDvKWJIqKfnKPnEuafFuI3AGD81kz5BLih5cESGn6ssEXA5qrLsh5gIpQku9u5-AIXmYp-y6O8f5ung1azaFiA3ofzCP-AemGI3IpSDwcs25auWATlf4JaGWflx91uB855Gpy_Vaf_lNIXIunH3yHxdm8DCdMRUWB3nyyHCGdnDdlne2YTbIkbPLzMiXwLROWj0h3aOTs_Bqkcm-vhBpy6HgFlN9QhzGXZAWH13rHsYWmkU6EX1C5Ce01pclbS1NTD4bWk5dAfpKsjztn0WGMPnOrGPEdTYYzAKsMaJYaARQL7lItDcOolmEx4kBhQNuwm-qJcgqVeyZyfbqqPvMvo7JmMmtaj_yckyN7bVvcQjYpiWnUP11WU1l6huDUyZ_dEdDsAI5vI0LAY6GiRYmQN1BQY3Nwrc9YLK-aIC3hqa4Gk7NduwW3Ikmn0srtDIc3imrDif2bz9ezA_syHuMo5N6ToSpjmffOPk8a2abDIu1CeI9EXY1YaA87SIL6lAeO93xY6JcI2dXDUwrnOU20eSqLhQX8uAjX1DFR-l24ljRLoFGcWjORbZwlCA7e9TLVGlYd2hKLksiJE9qMdD6d66wJxfDqpj8-W5ZOVtyrqzlS6d_M83WgVY1_x8142eTZwQb-3HHfsqAdJVDXn4jzADp_TW7I1rIRtWMLY31PVpLOLv9cjdcnCr_fJSkNV1USwUPwomGwevYzWDd8Df7bs4Sl-V_yHsPOSEmhb3q1R8EqZ_XBl77y-43eKvTohaGqi3AaUrJWqBkurz5ALVzpcvAEs4PzZEQyMMyq80f9iQMCuQfyfziyedthmB8uUw4Ttn9gfsA7hO4xoO4IQ0N8-bixoATF0awLuz4nIwQb11tAFGpaR8QTflIKSStDiCEGplp0D5tuRS3eJxXBm2r9jA10H74AxmM9MIS_E6MBZStmO9cEyeHAoGjg65AFEkQzGrzNHg8w3sEXr6GnKf86ltnFD01i_tUuvMI=,1,1,JFK
Budapest,New York,275639,2027-03-18T11:35:00.000Z,2027-03-18T20:05:00.000Z,2027-03-21T17:25:00.000Z,2027-03-22T07:10:00.000Z,3,https://www.kiwi.com/deep?affilid=mihalymisroriflights&currency=HUF&flightsId=0b7720a1519f00004b5997a1_0%7C0b7720a1519f00004b5997a1_1%7C20a10b7751a20000b3b9b8c5_0%7C20a10b7751a20000b3b9b8c5_1&from=BUD&lang=en&passengers=1&to=JFK&booking_token=Hl0YGofW9-7sjKLKp93XBJP824tGRJMwz-e733ujZnkC3RexiRLmqsFNtJ_ApEpZkSTTPZ66XBXKsidWsfYaIA6gIFikJNtHYaaKpV_J-Dzi2AgXQ5Lpj7zXI7oYhkY_FM_8lZ-O8fhfhT2I-hjtfNy-xs7uQCZjkXJlYi697dahAdUn1-A-GKMVgx8Um8pJixpXsGGpPcDb-G-NCoqw57C6ikhoE6tweKepYzsKTsndzpkFJ8b8OU7VCnlUWnKLs8Ast9z2MO2wuhvKREl1QBLsnBqIt3TzAkrWFu8ft3fC4kgKizsmZgu7VFERkonWoIjhYHbMqgQlRwkC0HfuKveW-3M4Kv5EhVAbx8VIgMOTdqJyUodYDETRGJGmNWBwi1Nip30i_IOEf9Wg3BFAEJx2NXxc7UDOYc6OQP5Fba3XUfht3aNph8i_puCtyaXUi9o2TXBxF7aIsOvudO7gIVMvxah4uUpxrYyAmcmQVR0N77Lx-IhQhFGyLxCA9Yy0_79ssXHp5X9Nf5XBUHdYNmfo4FysyD9xG9j0bTU8U_YQDcvDbHGUcv7rmPQ963GIke7kK9cN9bBwGRdpZPMAi8QaVBNdLMIrhhSDlN9tynUiKqSd8R4W4DvZ6iiG62IDx1-fUOqJrimdy_UUyys9O4_4A-ujdgn15zsVDvaO5m8aWq93IONqoWeGW_Q0QRnZ4esUdxvqHJDnyDHgq21EKyOdxXuy85kfrgyZX_Kv2hSVLxDd-3vSCJ5EzfcaO06S6TBxNCjR1cvh19eCt1FGfZkorcLZoDj5C8WNuwgXNR07NrfyHugDkhnc7-4KzbqGEENqyfxFPDnJkx8acx3a97cip9ylsxXcR6f3kkb6XTxHsd0AB8FOyXRo7FJKtPd95gXTY60-UDR-Q374jodrrJDDSjtuMqDeoSsCHY896HURccrroKa07-l25PItZXi_ePW5NaWmL3eQpMXRYLpfmlD-B0i0OR3VOG9Oz24Eb3S5bGuIs7vDbQnLTqnsqrb-sVWqCjQA2MCghAcIZnUkolbGR3-qkgXnu_wwlVQZdeyv7rzS3OB_lxtsSJ4UVIOEYBAtgB_HPFTga7N6TQNk7z2rI3OGjAS9o3nPiQO62kuUZA10oxfWJDZMekasJGK7OWqlJXJSOxhbXzc2cxTQQwJMPfWVJMi-k5nLDieffhYjZFSKAW7oitHP-8fyvwUP9Oifwt0Uohv8ZnX9188dkAwffNkZvG8Gv5QzO7QBRapvH_JakvjCkt6-uIVTEL-sT2ac_gz256_8Ds9FQmhPN3gjKp2fZ80AggvZPCC8db8ubG9IdnT5Lu1-UL4j_4MKQ,1,1,JFK
Budapest,New York,275639,2027-03-18T11:35:00.000Z,2027-03-18T20:05:00.000Z,2027-03-24T17:25:00.000Z,2027-03-25T07:10:00.000Z,6,https://www.kiwi.com/deep?affilid=mihalymisroriflights&currency=HUF&flightsId=0b7720a1519f00004b5997a1_0%7C0b7720a1519f00004b5997a1_1%7C20a10b7751a5000038bd79f1_0%7C20a10b7751a5000038bd79f1_1&from=BUD&lang=en&passengers=1&to=JFK&booking_token=HtRrEIS1lSMXC5P0efI6PCmHwyWOmP_U1sY6u3tKOd0Ufa_gaPeLLgk84CvIip9U9rLi0wVudIsi9pKb7yarwOTrOXBySXbpXD_trxElfo_7A6w-E4_oDSB_g2KGA_a3a52IUG9O8iliesE23EOtgkEt9bC5USYtxlFcL4n42x2o3s_1kz3dl0VOec63hSACZooY75-O1w_71QmazXH-wSCUjmFO_6JfzAwMLTTfGlqshPOjN0tb_Ey05HccIgdRrDbYea-iL1HOkOKNGI9ZDBNv9nGyM8XKJe_2iuGbzdIFuGI-OnskzXzPplw8GQ5n_Jk7JgIA6xKoybc27DAJACyaypvT1IKwUnQ93RzwuUfNWs3G2AhfLk9pOYFL8hpIR2rcVDTVOYXqPdYb6L1yHDT_0ZWkCrz0q3MGVqgNPj1g0iZQLtga3V575hzQcahciNK96RmLSiTJ35Oaf2d-3sqjMOyoyrFS2lHhaSbYJPgSfBzBxUzgoiZUFHagSWAqQn44M8hwgt5iCsDkiWB6YeO0idtdERiCGFLc1WFRfszQ3aua6Doqy1zUy8szPBUQ_LnVlqau2Qg98mSXbLk9esL1qsCQWG1X0hvrXbPjtnKx0S6DEz2XMWOPfv1vsIw0gjus_p0HPWFNgCwX9bY70i6JDmuusnBsNnKR2WsZb2D1Fwy7pU3Ih_L1y3x7ZjfcQN6rRvgvfFN61Ol9EumEeoKfEpj8moRi7EyjnuRayyvTLDbmOXGYKuXUGwC7yMQRmFQ_jcs5zmp9qDPUksi3xjvQ0j03SdjwORKmgPQNzj8AQNE1sx2mObLKKdu_wYLAl7KOPc7yIzV7L3fgsBng9zfdJ4-eNfngCspq_GQG2iTPamxHE5d0SShjU0oPslCU7lWtOOz_o3tndj7axkb-dFbH0j5jOVGiat3UefvYy4XkV3VmMLhxAVy0rFM13Hj8662tWUYVaPpNUTvBQCYIpX0-quR3Cm78XSZzWgl38fkvUxhyKE4X6Z0rxsUq1GqxzCniuEP2wz9uYnxxvlotFs2esIdcv4j9ICnpiRQJlGI-PIWSHA1HBZs8LK8gXrSAJ1SngMe-g4hsB9-cQXc1Wf4OCZvzhvWY20UKauTZGjh-wVV58RWOqOvKVSAibiTQADUuURK5wdJb7qXS8G9QHcyKe7FOLW7Fb24HtiNZNKMWnKro9FGNdnvCUdjWFK7bKDq3MGDWlgpZL4FcN1HyDsqUnOioOjObWwRWAtWf9lfaqTOLF2qXPJRWmqh3xFRNgQ-YIkkmrgwlnhs-zPweRTb__nR-SHlvB778AFYtf4Fk9dNVFZHCsrCkju8knvm3r,1,1,JFK
Budapest,New York,275739,2026-09-30T12:45:00.000Z,2026-09-30T20:20:00.000Z,2026-10-06T22:20:00.000Z,2026-10-07T15:35:00.000Z,6,https://www.kiwi.com/deep?affilid=mihalymisroriflights&currency=HUF&flightsId=0b7720a150f650fc276de62f_0%7C0b7720a150f650fc276de62f_1%7C0b7720a150f650fc276de62f_2%7C0b7720a150f650fc276de62f_3&from=BUD&lang=en&passengers=1&to=JFK&booking_token=HTjnodSaNG8cyhWQ7F5VIEgnyoAqPt_9Uz9pcj4vkgOUrBVbSvVIrujvWeAgDM3cZ38_EuvYVrs0SCqSWFKezeXP759Ub6EMqmCJQaTipi45wtLGwMZPIxGNiLNQdSK6drZFkL3E0PkvF8QNigoxKrH6vSnCCH_Ok7VpNPuIvRwwpKvgOYdrAYf3PSadwnIkD4DpTEfssGujGf4lG3Ev514CpKVVN_SbNJTcrR5BRC91OEeg8n7u-vQKQvhKc56fZ4ZatYzjDnq8XO1Vy_EUuY7DnAMSenxCZFAI0goYYOKxZbvqlb8ae_L20tWG4L12ihFRzc_tfTnvlLd3V2OWq5O6m_DQLKSGMo5eYkTWPnJNp6f9Pp9a4X4-WUc1BFP5kvq53Ykn46Ch6TfJZHSlXg0g0zxWEJSBeEkmoiL9DLDUe8-1wtSWgFx8uZWa-kNYIsdZiV1az9VCsZHPynq3IYZLDuy9lAkv6JImQjeHHjUWPIu024WfiwLYO2GJw2YdfwYXeKTcAv0zw8Uf6wVfAMDrGCZh2dsrrahEfxQeBmiw-WIKn3iHyrYbzjuIWblvyFmUHj_wysvLunypfLjCrzoaI0TriD9wtJX2xjTEibMyWUV0XXuv-1qdPXnPR4Xc_M5Zd2YSWdLUppFg7HQB2Yt46MwbYOUwVQi8BEf9ueps-FgrfXKDkroXyLTWU0knkx7r2ZoVxIyiWzVaxPkCc8PKOfiBeEYBq_9HSGGx4NSQsqtzHLpGRzAoD3E2ruHq9zoT7ow3EYxrNVihylUW1Q2ZXpiyh3c121B9RNuP1EB6-vUszh6vn7ah1ogGWtTL-TxBa8h8xjnVN6NBjjdI0zssTQfZVIOL5w2KX1YwS4jdR4FmgCcGU6L-geHzbhJTXaAhuB5-SSQG2PhNhdoldbfsNoiXmrssINMNe6-k4c1Gvqf5t5ih7ELpVSwdcEhoiZx1XVj7_o1bV2oTs9pE2bf4w6qLPlsLabLSXE2mx2niLtkbpeR2YbrBdv6TeqVfzvwui20nCzG5Ehmz-_X2HOc-aXNVS7QCcLIifL5SgzKM3Wvy-U_avhhMKPbGV1Bw_1UI_bpgY2YaMo8HL4LU98QFiA_2lP8W-4pu1QFkj9uGXx_OES5Z4Qt_jkqo-w-IaInGoFJYaCWKhgFlu1bNqm0DRgETRLTpAsxqJZsCdKH0=,1,1,JFK
Budapest,New York,275739,2026-09-30T12:45:00.000Z,2026-09-30T20:20:00.000Z,2026-10-05T22:20:00.000Z,2026-10-06T15:35:00.000Z,5,https://www.kiwi.com/deep?affilid=mihalymisroriflights&currency=HUF&flightsId=0b7720a150f650fb8769bd94_0%7C0b7720a150f650fb8769bd94_1%7C0b7720a150f650fb8769bd94_2%7C0b7720a150f650fb8769bd94_3&from=BUD&lang=en&passengers=1&to=JFK&booking_token=Hju68M2dnXVJS0ItLC06eIwk7BJKu6xs8Of10wNo5EG2tMO7EG6vQDuZXkn4y_ueLNA7DhZZEoQdu_FpMVcQYMFb52dGng1RRjIkJOEk_jZ9UNcLiv105tuMkqDFQuGSU7n5aMF7RniWllSzVJn9UyqKmoLNUrYCMo5TJvh3eEWTDTEYQ_TZy3qZq7pse1FPd9Kia49fHML0fdbIUT5WtiEHnFVPHNQSRkOJM9SNxI6QJqHCwlt-0lsdc56Tdeto7NTgN2AiF6f3fVD1IhmMiFygiNQOqbIjoAatoOsmglINpOI8erBcqTFM4v9GI_FB6qz31GvYo7dagzFXVsjlSJTFhE68LbCUb8aho5-eQZJPWqYlMLWyjcsxccupWwJ6f_yr8M3-T1dkn7TvYgpTwlDo0D0mtCA2lB2swN40OomslUKJ6W9cI12Kg4ssojKLQeK0DD8gWpXW-1qt3h0nWP-P0OWn4IJKf-HIte2sHZCq_nX5UPts1jkwh7EGXtIWH7pQM3WN38eODFJx_sLtlATtrTcHxKGcshBGZKaWv04wsXl0dyAyaVhBHVx32m_PneDauttC98k-UAaGILIi50GTIRDKp7_c0my10QofEpynwYWerAmkcGmgn3ODjMUkax5igS6Xr-kTniat7vQm1F-dkluYJmSxjjraXp_ADSfGITPYBCpkJzGFMuToL_qeW7YrGJ-emeK7eGd_yi_m7kmk2XrB2P9xdrwPXc_VHdnVax9CRoWxiVvIJGHCQ0FbP3G6wgXAjAVM_0y0L6e3miKQRwoT33T9bRO8lsjJbrJtzX-qKAULgxET072GsqPabP8Lyyp_7Ms__DAgS0ruQVQ2Jdu-J7viFZKa_5ajmU1sbr8iIs3awRPaBPBs88J-cHhuRbwnCX1j7EJjflER6wEcyor9X7JyRSEk8TK1XKTlJRmUOTd1qQPmpSz6XE7WiXzMMhaD38eryMZ5TCXuW-Vy2J8UoHumWbHznvtmBBemDfHJqCohHNXhpc280KSaV2RN4C16aET3jPZq8gWXs3O5i5Ep1QkqqlN6OWoHdOZ-nNcJclbE7zDslM2wY679EEWdmYtl-38yUOkmR3KCoqwYbKkCTpjsiFBA255-l8iCMqShzmcDBlqwUrP2YAfwmjEJOiyJTGQ36ooxG_8pRswbABT25D_71n1aU-WCZ4n6m_9OLWz2z94KoJQ3P1hAMGCcHO78PEs8K8SqYA_2avg==,1,1,JFK
Budapest,New York,275815,2026-10-15T08:20:00.000Z,2026-10-15T14:25:00.000Z,2026-10-21T00:30:00.000Z,2026-10-21T21:05:00.000Z,6,https://www.kiwi.com/deep?affilid=mihalymisroriflights&currency=HUF&flightsId=0b7720a15105000029325c52_0%7C0b7720a15105000029325c52_1%7C20a10f0c510b00007b7ecfa3_0%7C0f0c07df510b000036dfc165_0%7C07df0b77510b0000ee2289e1_0&from=BUD&lang=en&passengers=1&to=JFK&booking_token=HguxahCwJ_lb4bAyFF-j5jEOm7NGQ_gc0dkNODyg25bmExtpzlItHfsW0pjZVwXPUm13N5-kt7NwYJkx10lKoyjEw9mnwm6iMB3-TdmVx5NyikgaibH7NS9fH2qh11z9vO-94xsuxrBeKqd-OpTCP7znH2v6IY06AuzR4q0v7LYtbNbGEXiaR7M7stc4bVrout4rxvMcZCO2AAZSMEWvtXjYVQni_oAXtALlAujMwxT0LSxAID_gBB4PUG3_7m6jUKnzXsw83uc45P5b6ieCEbTwwSrleM8Ne5_gH6EylEFz4HmDvfT6ZbV-qtx4REwDk-rh-3HY4OrRA0ka7dR8qPvjOc0_ROq0JprCngeHak1QDRQ44n00rgvuSZpIrS0_gGJJj-f2Qa3r526xSZadZad-SJ3ZT_aLgV0ztDY2CK6bfDOBqljNp4Rp_umShbCQEsHRGaz11J2RfkcWy6tPzDWoYkkObpyTMF2RRv3yvG5BR0nJS2c1xOwF7hLqutzbqnljtR5SH9OhtD0wdSmQc_1FbF52dQ90FwPR0HnYXKu3SjkYZi2kyBM0IU_3KpOE9PwPjpOy3NLx7lE7-up7zLaBjyeCGCwpv6sMU0witewWo5Z_H-jxS4xiIPRN-yJjlG0REfJVgtXHd_5UhekgHShw3fQS6zhISbYj1m9DQYRtQLf56QJs3KNEs42zdtPg0JgQcRzg0A5O5s8ZdY_21o-QNCnaCm6Se3NNKAOiJiZ2VQFjji3StJSNDQUAevTb0oiKUf7x8pfKMMiVhEO84KHz3yx_MBjMtOSM2gd4o11cwmv7l4fa5oiD9a2nbc7abfw76JwVA5OWd1PGrP5spePCz7znLttaZXtiFuQqcd6JPC8dzv49olB-n3cuelW8CTVAtmkY4uNBV9wf5EoaZl6VkY25z2rokd0qoyNhoQqpGrGeTuTtH-vKxsfcCgjh3KDFp1Mbk2mfqMTLawdHIT5FeybGyxdsjZsPuOkR7Na3MD5rRKMDp1WHdZ4pb7maUAxyfRxbSw1fitTG82Fnre3HngYW7un7t8DS-oRmJeV28lSJaK3b8i-YTEDgBw-SKc2JQDCKPqUCLykGLMKhisVuIIW_u95hnzoEeF9ioHS16Bx66wTwlNYbdb6BYaQvhwaFQRuk7IuWVxHIFqFWCL2gbfFFSSTCJu4Tf5_wqej_DmQM5auxiKzn-ri8UPYTrrN5LDeWSwVDAojpnSNfAr8s6vL7pchLPkDZM9lB8smCt3dRIycAHMaDsAXQU5tPaeI8BNBXOmyzUcIrL7qB22cZ9zIDv4ThozlfRKJURNMRnmQW8yDRJaJCTpcHBUF8wy2DNSyUrtTVJePAjqZci9CPU8HQILmv8v3TjIrkVK_MrjMm9xaDp1EraHZDQPxFCD8n2uITRo3qCEAiaU0D3Fg==,1,2,JFK
Budapest,New York,275843,2026-10-15T08:20:00.000Z,2026-10-15T14:25:00.000Z,2026-10-19T00:30:00.000Z,2026-10-19T21:20:00.000Z,4,https://www.kiwi.com/deep?affilid=mihalymisroriflights&currency=HUF&flightsId=0b7720a15105000029325c52_0%7C0b7720a15105000029325c52_1%7C20a10f0c51090000b89cc2b0_0%7C0f0c0b7751090000bab93bbe_0&from=BUD&lang=en&passengers=1&to=JFK&booking_token=H4Pia8N4loUhuNDzYqQ9cw78gGxjESwOke5SDuYgzS8-9wOvwCn0M4kx26idtRW7pxdifo_MygjrSbCcHSEOoACMjo_jkHMtMYCsZyp2RSemDQwP_QYYGBfdbDHtCD5BT10qhFhu6iTud6zphpkrDE8gCpRJkPRl-Byu7a3usrE0jqYoypWxhnmiyh2x0yafp1fs4JVc_8lKbKQzPtSMSaUf7VMYC-VcpRvTKNu55dbkLXFF47k05w-8R-aojM8x2bz3anWqLT9wwmFJzlonoohNjms5bo53cjO10gZwh60HLc3TiE1MaX5bf7Q5wnjfysuQyu14UmyrFhkw-HF3K8zCEQPi9MhEDBFXWFgJfT7fUlTbCHDiQnkCr01Nts3gRBj-BLoUOjf0BpIfds8lDyOWbwEbPoH-KfEibVsn1ttmnYDMZVF1rm3687HbaofS8tk0dc3xcexNiT8ceHZWAbLFaCpNAgxZ6-gm77Ps9NIpHPQcic7WO8tCm542oDt4XyBjigUZbkcJiD5BPLC7gCFMiSwc8707rd7hq3CSfvnevneEGjsMPyEf9ftlZ_MycZurNnzhoEkw5hh0hh15ef1Mo8cNMMfgtNbrDqP3ENzLJNU_j_SjsvuRie9CqZKiqcOfliLHBfhUeR05L9ARTX2bXy6CvXc3iK6xSz42vPN_e2G1o_piKvLiUt7QT2MZcTJUyhcAKq-hX7dc6G-bXrBj8l-QEQXiii4SAoyBxPKvsuAgNyhPtju69F1MYj2C2e9wF0qENkeonpvOp0XPBfoaVhZLZ4aKgRvCq46tctspY-YgziBda3IALStT-SYxw-JgTtFe-PTYAcw5zpJ3DGk22PoNYTrZce6Xd2swJXeuFoDVT6_cFg8itOhDU6WNXy7TSEyudDI4p6ENkijh1-jP0kwN3XhiB2ne4Xgjw_gngx3hv-2B2KWSJr0XqjRwc7pFGaCVMRrBiFFOcP1P0kzjEiZayAqPVsYQpRLsKJtpHh-aCqbkZXQK5po_jwLNj9aAmbD5ZWvlov473a8hlq1iq-_bTJrDG79SEtEi_hIzoudlpP1dmeI7Uth6VYrArTmonpIojhE-7cq0DQ8z54fccb6qUDIu2-_DpNpZlbydAcuaU-Ikrp99xPWq1u_mHVBkqYmnC7CW7UQ383dgSqy1FvGpiDHDEes2TGh5uswgrhO7QnAeKJGWXFUn7Ol9RE0_Cl1QcOVDRyuRdIXhAqiX1qeq1knWWgypnuo3xkwsOTmPnFe_5Fw2xHIZ3XXVFr5JK8DcpdofERHbwLqYv9xDBgv70_x8T6skv_5q9_VHqlILE9x0V45Q91KaCec9Gewgsd08cKgU51vL2sYHd_w==,1,1,JFK
Budapest,New York,275888,2027-03-16T11:35:00.000Z,2027-03-16T20:05:00.000Z,2027-03-23T17:25:00.000Z,2027-03-24T07:10:00.000Z,7,https://www.kiwi.com/deep?affilid=mihalymisroriflights&currency=HUF&flightsId=0b7720a1519d00000baadf3e_0%7C0b7720a1519d00000baadf3e_1%7C20a10b7751a40000764b414c_0%7C20a10b7751a40000764b414c_1&from=BUD&lang=en&passengers=1&to=JFK&booking_token=H2fUtgVOoKv_6sKdENOkPnh6hOCPS1K2LL3GYUTPxHH4yGM5oCxzLX07PTiNZphCNIkX3grjZ4pzTDsLljt4OU1a3xOrjI10dcp__Wun6dV9RYADtBqNXJ2DwaeTha61Ger-JacjbJgfOVLPwsMw2g4iBbADempDNe_j3K4wmstxqrJ8VRWyuiJlWrE4VK6e1hBkOcsOyIAap-FkdPa8oyzgs9E4I5GXh5YLaZ7bKRaRzj8KetBbFhTjYvmEgH0m5Rs3hNcfSwsuNeTWf-3yJ-fXokB-uMDoXX9X8h_IWWInxM7yIp99cIg54yCcBBepFV0CKPdrk9jFgMDpGFTxfeBPJwg-q77qmTGQ9zfqfVagLqK3QLfkqnSqhqaSBAClfcdCMRcatL0791uWRQB_KqIDvWbBH1V2k9PLIg5xmeZn3fYUs-ypMQ7m-RVcmODbvnf3v8lMy6b800DyHmMM6pRgwZU18q8gy7R_B5Zk5FYigXC-mGjrTene0laqG4W2t_2Yzrto1vnAWylZQC6vLl99VCbjHPrMSP-0yR99BuAn6zlLVH1mXQVckXwg1L6YZw3gTFp5HTxOSmM3XyjnP7IN3H0BPcj9z-G02G0uKe1xLFN4Ci0gTZMvMTFn8xvdU3BVPw-5GYKwgSkaJt98Knu7harSDSaUdqE1gYt3XiE4qO1YZtABnOjiRTYpDLZ-26DnWZRzqVzZiSoscuFphAK_OrC1NGGr8hCDj6AcQAgP3brB0IR3xrLPIlPC_Tpv3Vz4oQS3P_4t0r8F-gBv2VtDctP40KsJo_m-d1lr5Bxs_SyePzBh7Pa9SchsbgqHpzDv4XT64WQEud3c3adJ1ACj0nKg9bFkVors2EvQgQvDfMZNWEI6_N5Q-WdDE8qj3CiAyXLVv27nNjD-Hah8sB-faS4mQmrvvo357z8TPrvzahpXQtCA9t7E1Ghk-PGCWOy2uCmkB8D8bt2qtzT_2ZwEtITRZeC9mNINb1vm0WkGkcKaHN-Eq-os1Bau9ombnBxwkhxoDbfLzOwDKETvXD8oFKwkCwqDYpCiRxhRMsCwEUaOVHC8uF8cayC4Wgp-jn6PCwWVx7b8rg8MnwI49AZcqC7HCTQBqcHwWHv5Kx5ZF19xfZ6n97RLVKVoblEM8fLsPsl4S08mhUmqPZhFq0YGXyEZ5NgVoB-2isFgwTMc48z8gn9dg8dCcbhvT029wdRAr4E-dHsYoX1MFLsK27sq4VG3CWCkJijn4fgkPVahbf5Mp81CBSREZ55I_qCuGYoMx_tIr_wsT8JaUFXjQNRoU8lHXoNWXhbAqYDoQ4Fo=,1,1,JFK
Budapest,New York,275888,2027-03-17T11:35:00.000Z,2027-03-17T20:05:00.000Z,2027-03-23T17:25:00.000Z,2027-03-24T07:10:00.000Z,6,https://www.kiwi.com/deep?affilid=mihalymisroriflights&currency=HUF&flightsId=0b7720a1519e000099436a51_0%7C0b7720a1519e000099436a51_1%7C20a10b7751a40000764b414c_0%7C20a10b7751a40000764b414c_1&from=BUD&lang=en&passengers=1&to=JFK&booking_token=HOt_a30mMtrVJR1oaGxslZQgp4yCoI3VucONLVVI4nGiXbB5L7mYlY6VvFEgEcPWEoiE04Ixchj5KxFbM3Oj5CkNEwkUnU17xULlxplg5KUm-8q5SvljfxSAkpb3sjzvUXUbgCCce4BgkU1CUsZp2pwnd4zlfibHm0a-f4eol8bwu5mx16SLHrDeWHCitl0Wbw-Dn-o_x6LQHoCSmGXXsRf3lW7GL2EkKID67MwSB3G6kzunkTchK5eMcpXrWuXN8FRMG9cbXCBhIbsJiM5JkIKHBkxE_KELbZX7T2-dMz4u6WbFGN7kUlUh63-FuH2BbWfS53ZxgyDZgk6MO2euIDQUZITvW_KxYSqDjof4j0yOt3qqJw3LG7LSlTWJ0K5WgIeVgoDtPeLujf8pYfmyP6WaWDRTaJq212spvwESOkM1p5GdhoypU9jIHF3WuXqe46GENryu3dCHLsy8_pr23wA4M8NZEc9CWe-hAxR8y55gFkWGGlyrwYyLQbG8YOHY4urV731YTQmFSPzfHmTypARHj474qbJuNTAwQ5MY9DQJazY7cIBJ0ijXY8AFdcgoIdZc9xflSaQlVuKjsnwYU6lY_tEx93IADhc7pkqfOdOv_pUnfYvGm0cTjz002YnTuAu072TOnYq4gExE2k_iIDX7gT21oMCDqpobIfzmlweRYK1uyURQOx66QBsrF9hVvY-2K1U9lpyDfNQf_Axc5L8ixPuPpWB5yV99qxN5VxBSvJXJJbekjNJBkm78uIGDIdJtzp8SEgHTgpO5Qgqt10ZHN32qoybhvJwN1tTlyeotQeDRiwvJEBd-zQLmlhXNiXuFn0TqTf3E_yZihx0QBL8oxe53pbK9drTRSLJTmHn06Aw8o4_pyhT7_P4sOYTpHrRsKkSmRhKt1H2d2HDtDbk8PfIVRygC6-ZBKu0zjT2MI6QWDGntJF_oqUpvSXNVlFJkFYJWTLqPqImC0xCllfUBL7bpcwFLNkKtSHZWp1MnSM4Q5vYP-OhQoboTKcFZQb6htqPCUGal8gTxf1TKucv0KGr45uIs25C-0Xn9rxNzm1H7QDEZ2_ipBOmUPwShhMUISyHUV8xZwhBUggozjmu4y6lQ37qLOrn5ULL7zXupa5jAcEAoRE-VkKrpor9nSRgUyuWo4ji0rhSaVmNyywUucDE5ENSU9tVcK1nU_Hg007dI7GhrPyMiA9u8NEtqgO41rRERaSTuYb2mq8vwc6rs4tAwaIx7PGbvjb-gyNnaU1BhbYlPA01HEgBT9weEYKqAi3nk5YlhXPbXsDbAREasEyPGaWcaK8PxrPvv8bcY=,1,1,JFK
Budapest,New York,275888,2027-03-18T11:35:00.000Z,2027-03-18T20:05:00.000Z,2027-03-23T17:25:00.000Z,2027-03-24T07:10:00.000Z,5,https://www.kiwi.com/deep?affilid=mihalymisroriflights&currency=HUF&flightsId=0b7720a1519f00004b5997a1_0%7C0b7720a1519f00004b5997a1_1%7C20a10b7751a40000764b414c_0%7C20a10b7751a40000764b414c_1&from=BUD&lang=en&passengers=1&to=JFK&booking_token=Hps7M79PlTiQoi_Vxb9w2EaSiN9AfW5yhn-yH6aGugT1F_lk1rzwaTL_PcLAXWbbL0a8BFBbaY-MQlFOmtzxlPoHOas0HCUcmW7PUBVzICf0-Y_F2LDRL1mkM7Q_rm5c2QffKIF9R_lR7ytaL96UaIKS3l1u2_HNa-9S0o2pz2mQ3TvkIIpsKwVDtuZYx_4MVuiwmlViiA9TXbJcAfk1ydIbpsM3C9zW3Oy1fe-ch5aHlkJ8mbev_qEJXqOeZFpwmgEpUDghhcSHGx-Fc_-c13Wpxf1b72SGxh9447uLV7HMFAJllKJDzIIoP5YWPaHuoL3TK5ls-xAvynJq75d5W3IkSK1-N3TrhtOtjfq0NGVLKIOlG8jEjPycHbOAVJxQUEEmvvWieARdUaMAdwMk2WWNu2yp9u6PqRpYWp92QP2ian1j-i1iMcfV4m1E0KzOtvsyxSqwp-e7ZB_kqWb1dIvx9pDG2ZwZGdkb2KajNV_w7nr1OudYc6jGmtFwb1A906WgAXn76Lw0ZaCVy7Imuk9el5jniwu69-A0LRVcsUkjfHnju4LXUlapjYYXkFwdQEUUON-U3tauwh0awcrRa7O-_i45WbwMxYkPwUlBpd777jqQxBBMDagMR6VlXnXptVehZpWusiyVhTfvEoDZK0m4kniMHXXeMAUApDBfAsYGrAQquWMz2SaiSaRiuolK9F6lWhPFi6uE52ovXZ7krPvaHp6QMWZj0lgUcm12UGsGBl2rlILVGYRR2WLZoQLEs2sG-HFGmUnf_rGmMjPZrabW947QB9-AMIgT9oGdOzYQjU1AiCqTCavk-xhcR6MGJYqTEhpTHPg8Wd9L7JKcwP8Uy_8SsNbdBR5A3ZeNuskzZuurPbzY0ONucYEbiu43hH6CqnIzGODva3RntS8ZEwGojbW6CDUn6_P2pxRITWliT4L6Fn-TPb5dmQu045MOUN08L30xA7NUU1rNzglrOjsQZZ8cBKTwb7Elwcc7LUmoBigaErjiPq2g2zZRWq5L32IKpel88-ETy2RPBNaFJhWXP_rEmd1LTVKFV87wA49-PwP6XEAlj6xFHNkY6HPMCHRx4XMbLN4A7DiXzkdGGg1fsEmvueAbgV0PzSlP1nTLhDfEZjHNyERZFAtzEtCIXh8ZzfIpheHearPInqAZEscZrvgHqbg26CAnmBXB2Zrxys6xEjHAkDUODsbaLWvHxYPc7Bor0gUiFrhRhuEPUHaDKlvVnsohr1f4F_TIxTXlX7jZPj93X0A1SoGCRFW7aACfYZn8JOPwwORZ6Mli4JfqbDacqK2enEEuH72HvSkI=,1,1,JFK
Budapest,New York,275942,2027-03-19T13:55:00.000Z,2027-03-19T20:20:00.000Z,2027-03-26T17:25:00.000Z,2027-03-27T07:10:00.000Z,7,https://www.kiwi.com/deep?affilid=mihalymisroriflights&currency=HUF&flightsId=0b7720a151a00000b2715de6_0%7C0b7720a151a00000b2715de6_1%7C20a10b7751a70000ab375a4b_0%7C20a10b7751a70000ab375a4b_1&from=BUD&lang=en&passengers=1&to=JFK&booking_token=HuAoAV82GlIvpmuo7vDJdAS2LV8w-1ht-uA6pwERp-RuGSYd9y8ai72TPQJlJxdeFlLDJzX7YZxLCuOCDZiVdXk5wXxk7KDNzOzeVjKA0Lq01tkhk10WLmPxZz13naKKQk2BQu0karQV7g9NNZ8sYKcGWki5qSvkVpZeVfsTBEbaAO8Ssk-9aOOssLtFIPT1PSHghtM-4eI6JdVg2zmM7KboYlvllaLos6h9pCwLY0yi_0FXORC7zLyaIiqF-Be6cY25lTFDFfRUxxmgCFQPPtJ8xy6DY0Hd0AL5SSo18hOz5uNEgJ13ASWPqtaJ9XbW_zaoKEf4LjVhPmrBXYtCxuLI_ZSEjowEvr_IkNcgODsBZqedL0Hlcd5piX6eaNwxny_xG4mwA620NPGf-POdp1ONjTzO38f-dkPlegu-azVhHaMGEs_-PldPvUnNyvzk1wKvSqnoeJ3K6tndAkYMko_J9Aw4CsdX-SwU-rvWg3-ov4SMsulcPQcwTJxfgqQoVg6rurv5Lzsv8isxUpzMT6_1xpmFL83GpkwM4WBo6No0-CY5zBr_KO_wjT5c5ME8yNe7GskYw7tb9DcCK1OhcijZ0SZJYQhsigq-Q9_d9342ydfgAg1_to3sKdVpDSCJCXCtSw7-MgIognGTHNWrAbq-keszw8zNt8H4TpU-5J1peKI8fDKwe99s6VRDy0tFll_EJtiucN3-n3vPDi0lMQPbzPH0RCyPH9wmu8ElwYOES2CaFG7IYvu9v3u9f7LFa4vEQZE7ufy41eybkuFLqyiRHPa4AzSc9g0dG2k9YX8Y6RgbVbvGn0Ml22NocbGHfHhdDF3ScS2LtEX3ExFpaw-9fY6rEGsHDspCJ4ekZpmOXbuuuLFmAApNE4FLz-AIcKj6I_3il5_gOIRkVhVAM2NzTHHaJjQA1dpzqZJIzm_pYiTf2m0iuqMpfSoNHZ5MISx77TRTNGEG_mEduGY6P-S55tNTVGkrnygQdWn-DMhS1SolGu4EU8WvzL7D39_FbUskSj0HnHWrs1YQgzaLgswxkRvULp2Qoul3wz2-FWvLbPUz2hSmIeDFlxDF99iBdBsRu4Hc0jkw-XFyMhig7oAch8OhcONQ8yXPkNxtPAn3TNTtHiB9JXud7LJE5UW8pRuYzlMNXysro9g15Z1qdZroAnvURRyikl2AXTjbN7iyfSLZRURqOnFb-mMZzZEABuZAwF6THH13vmac6vShgDjDsXHhnT3BKP2itFgpmhtH-bKh9HMXuJkdIw6k3u4WuTcKhgD1uwbNN4vxbVbh-xEOoB2VYc4w5m74YgYQgZf0=,1,1,JFK
Budapest,New York,275954,2026-10-14T08:20:00.000Z,2026-10-14T14:25:00.000Z,2026-10-20T18:20:00.000Z,2026-10-21T11:05:00.000Z,6,https://www.kiwi.com/deep?affilid=mihalymisroriflights&currency=HUF&flightsId=0b7720a1510400005e9180a8_0%7C0b7720a1510400005e9180a8_1%7C20a122f5510a00008d2566e6_0%7C22f50b77510b0000f65a2221_0&from=BUD&lang=en&passengers=1&to=JFK&booking_token=HwOUJ4NA8Ldroh-4pEJm9Yy6tsVrc9emcG2aulKBmHitTEIO0aNMT_8p29nAGlalLT09eRSfY_f9qXaQnKI7WAfE9LSlQC_NmTeLbsGzAQtkRRSdm4FSCKh6pGro-jThRkyC3O18Vv_wbjJyyzs39VjMMrUL8DyOrkqoPbLgbVL176JmPiGNiqzCYCyWOV1RUuNdA0NSMX5v3zP-IIM-eCTuV0yh5wfXVOQ1P3u8G0yXlzKTnapYwQt-6y8EtqMgScmwx4Z8ElWUA-ogNqvrvUgya5i39UWkvMZ83VZNjblwG_QO_S8_NnJEg-nuOTH2FmGA-HC5lXv5rzFrRFe6pQCNIUZhwZBHiNMz3vV9rtqQm5eyRRgrsYsY7vBXIi5sTgwzUnMe079HyzdVQIH48s0ilVGNfZ-jAuZ3I6HaSQlLwRHPz-9DrvtjtExkwWbfezHfOgC9ADyPLHiJ6D7hm2l-U8N5Zw9J5IFwy3q4xDjM8keTc1u1RP_QOg_7LepjAHSXEo2wIh7EIsnTNFL48zlk93iUiw-PkrIu1r_jsIuG7PpTgJrQbJlZmb3zWau-IOIiD-EDVuPIstfGWtYoAu8ic141BNC0dlm9pyLZrt5qBei1k57fLGWTYt9q-vRQyqcZYW6fb4LBex-w9R4gbVZ0cPHpQJzLK4a2sdWw6eEUxzC4slPY0TVx34cZEH8L-psV30pQepg0w9dDuU7skRtTjCJiDbFc8pBOo1CGRDzMGyXsvhta7hkOlbjuIngbjVERrcZ5DCK9saIBerCNT3HnqHiprA4cwE04Isrk1900s0kyl6ycSUO8WWW-4NEEZnZyu4_fVwxT-BV1vrW_8qzFUCOOPOzclVLvngxSjGMbQ00lwVtQTGCVJZjL0evjr-tmQCaysOV2UZsSe8M_tf89GMSmErkiwf-Jj4G98FnyoKW8-LZ_P1WPgC1n__Y7Yrrt58B6JXvu5GCk_I5B-xkOySSiY2v1CEguZLNFEqb_eY1QuC77t2tUKcnK0MX9uPYhO-0mEVjGIffBu3YmIxtd45Pbq_ZUSIXQPawRI6LEvr76qp-AtGLIHpAq0gACws1auGaBD8MKiADCFNqakdM2X87Z849-EQKYmTSjTIH6s-eEycvSCeLmShbjIPY-Yo-EDPSF2ajtI1lxMtsDvYAV1YKvAPE4Z2iJdsiJszgZg-75OnzVFS3bd1p7QNaQ_zuC0ns78G0YSIc4-MfTT9CR54c7lOIBgW2itvDydPhOvskfRyBU_QcNPnufKS4tHQ3SgMhmQEWvqzGuYwIkHeN0IEaLqtuMpoB30V9EKfnI=,1,1,JFK
Budapest,New York,276068,2026-10-08T08:20:00.000Z,2026-10-08T14:25:00.000Z,2026-10-14T00:30:00.000Z,2026-10-14T21:05:00.000Z,6,https://www.kiwi.com/deep?affilid=mihalymisroriflights&currency=HUF&flightsId=0b7720a150fe0000e10ac441_0%7C0b7720a150fe0000e10ac441_1%7C20a10f0c5104000069416305_0%7C0f0c07df510400000978f814_0%7C07df0b7751040000d185b090_0&from=BUD&lang=en&passengers=1&to=JFK&booking_token=HTuHOUfC6qTg-rPtMiBPl3TWCGu-vP0OWQ2TeT6giHBcUFClg9DsORsy4rpD_JuyPNN3ikdVqzj8N85DybvGg-A968TEu6HeWg2rP01VoBY3ypLol2WMwlLruDoNaFqTzk0PABh_VbbZ_ZUNzkByUBjJUMlZdnzTKalEgR3Yvh-M0f4ckCcTxPYy1VOLjQexeJekypC5Yxrgi1hLhaeOPhZDoDcHpK-m8yJiMDw33HF6b3O6tbQKYiQktEk0swze-cIduwuzXufcvdSLj7Xa8RG1g7aeTxoulkPgyOBMIVpwuIIJDfAszCgR5DDEDSWiAOaTe42nZMtv5sVyJK9bFETZmzvYKz3MgjSF5BHojA6_hEchtrvU96INYUpl7YJ02hCeiTzs9qS-AzlTexuhUY5wUFdHOI19e9NLO2jsJucN1A14aKSB85C-GGCzr4ier2DqEYi2EOkZKsq9KrlNis-rzHTLVl6P_q-YjA3SF3F-dWOquWeUOG7uc9bp8Ph8L-8UQOj82D1_UuZJyyFUVdzTwImXw0DO8NXVdyu1_zbiycOjUe6aRyBIrR76yOnXi8T_cYHd4RhSriCs1A735T2NDRQCaQeroFY2eliOZLfJ_86RNgYoqUZwF32svwDq6P_8P7tQSZNHteOW96GExcPJCzrG5kBjOQcwmKWe9Zc0CgeNM25WE3f5B8MYuXYhu31b3HwFhu0HPqVSuGmht7Y2R4nS5r4mo_hfXjX1U7CKei6zJ-9YRZ0pLhUKbj7iX12VssYpubH4aBpWOAL1h8rxZ-0ickxPtDN9zTQna2_3uuIXckskruny6OrUzldz_G95v8EAaI7Rc-3Q881SVyZjdTjX_DHd0fQZfm-FO4S38Hw1o-WbK_dS8x5pb9nyxHnq5eZDYSCg63_4iNqltmZtmk59eIu_GgUJJJk4BJb2l1Hn_j9AkLzJWp0oqE2ZqEhWmTebc9wSmpsMUF4AOoEvLvmM5xDHwftwFr2rAtotasYXLjsaqDJtGYpe2Tsj5_MYRjuVUdJKpm7Fp58yJjISC0dGqwsdLS_MAy25RYVS74A4JUygX0SZfjak71ogjLjKt15_fOFCxc9x4BuQIQvpx41-M9aYJ7Lp6xS90jkeF56VSwp5Kk1LchnLONvUd6U-mr-godUVC4xFkoVSgSuLv5iwUguYi_PM3AIZKv2T_UFFJWUMom1P4TMwQrfLyxtzLBEIAHcjoH-S3iWasGRkKefbwlJ2W4_uww00jzrIWTNvmmNZAh5qZsdnFrqkSLnPwyJehA4sziXNb_tmcLTKNX-C2ofPvwayoavu_UIW17Paf8ah3tiNYHK0ddcD7LlTcrttjS1wFwIfqwuTbbOMN7CINv0Cpax5U3VIqUevNah2aQ0b6YpnXcfo3Xe4k,1,2,JFK
Budapest,New York,276675,2027-03-19T13:55:00.000Z,2027-03-19T20:20:00.000Z,2027-03-21T17:25:00.000Z,2027-03-22T07:10:00.000Z,2,https://www.kiwi.com/deep?affilid=mihalymisroriflights&currency=HUF&flightsId=0b7720a151a00000b2715de6_0%7C0b7720a151a00000b2715de6_1%7C20a10b7751a20000b3b9b8c5_0%7C20a10b7751a20000b3b9b8c5_1&from=BUD&lang=en&passengers=1&to=JFK&booking_token=H7KqQ0ObDRvE6tXFR5xFb3KzLu9e-uCnURY9kYMU5zdvFNnvQMh8H0ul1Nhhug3wISDSEAY0-KfQpVDNysk3n2UMIH8sZO81qT5dn7ZjC1HXdZ6n8rYBENgg0ai_9UctETrXkJt7ugglZvw3OAj5IMmd20rN7kP9jeQdAGbYL2eyc1rh7uKgbi1RIzZh9gOLnEBtaaFleOUD2qS_9ru02PMtNslVZvOB7RND7iJIgoucFR8a0_icchg1qM0VMaLgAZ_kbPJRxGUv_2UyRhk20rw55ZeDVvebNtQXkc-t504ASJtpwcAz7O1Cf3I2Ds92VzYtlwnsWwXfEeYsR01acV3lfJzaZNH8vhTfWJtvTonRUBnhxFOB0Ynt6cWDqTKJZ5ODX2F0ZkkMpeQm4ZB47mU1hEpb3dcj8twNtM7Qapkn-hfFya0sCAgLQNfV5BKbmpARdCYVJnnbhcUrbk__OIep6foygUbkUcgK_zzvNvP8_u70JAWd89jX2NYnpbVDLWIjSi-TJwxLpxJi6fW3ZmCWc3ZHdXh2-95XkH2ZOeB32spfNN6JApwKmwn2qMFpnn4LrbvYVfI9evDP5cupYt8u8BDPJ1sqMpIPcS5MlCE_wV5J-vYP3pvswkPkdh9pIzhF4bU8Ei6VDZ6V4H5He3HfS4fiqfYABo-8LPvbBtvrDN4i3z7l5t_hjxAJBSs23PVDaudr3MdopdcS3FB5L7GI418v18qDgySLZbHmMAs0cJG0mbCYFStm179B9z1a6LXYJJnUM5Y3DSBtCspRLwB-HQjcMpmaywp6zfljJskZkL5YGX3l-AMmPX-e8yzmidK11e3Tm33m5q7xT7l5jxkHuOC_KLaZpaEBaOgAf60_5ooobpkChbph5MqYTK4RRZpyPU5x7Gfvi1wedJ5f-3KoS5hXefVnjtxB7KTj9S4LN0_auVMgvcKcUbveBPjkY6aretu3nkpbAF8631xDNJPcMr5-I6lunX2t5bZWmv6wL1kLnwcFgZWyHvNtCJixcBU3sHxTZUyif1x8IJT_cFDNzPP1C1K5N3AhLSklU7LY3DbPXUSgo1xkiGpm4BbCR2z-k23VWoHsFeHDN4-az0UMzZ9bzT_YeMVdgiSDQOapG_rfGkQ4Dp8wxW6I6WXHZW6ImBXlYHj6ALFs2Ucjwa7j4MyVPnZMnOp_7o9VQH9QaQiB3Su3cZJgttZim9IGDAo6rs7ffYdgVYUjhsTDTaKGxcxfXHgDjnzR70nim0pTfffIbgevMHQdqSj2Hc9u5MriYBIOef5GpIRVBY7Hdf-UZ5zlkuLs4hySdQTZS_dQ=,1,1,JFK
Budapest,New York,276675,2027-03-19T13:55:00.000Z,2027-03-19T20:20:00.000Z,2027-03-24T17:25:00.000Z,2027-03-25T07:10:00.000Z,5,https://www.kiwi.com/deep?affilid=mihalymisroriflights&currency=HUF&flightsId=0b7720a151a00000b2715de6_0%7C0b7720a151a00000b2715de6_1%7C20a10b7751a5000038bd79f1_0%7C20a10b7751a5000038bd79f1_1&from=BUD&lang=en&passengers=1&to=JFK&booking_token=HcWZiENw4vKjq9Z--VY_Gyt-v1Hurr4AcA5q8omH9jKl8scM6zrM1iAc7WUcub8Salu4PnJhnviLRoNJSeHNw6qpxU4PW7KnczKg2zt3m9rZzNe27gz51RIQsm2mpcIQw7J3Dn3X_kUGrann92FuxYmuxWl6R_hR1Ht8aue5M2FybWe_OEfbpY-qcABHDt9QMPbqL1DqC-KGoa7hfRQDsWqETo2UjS233jynndkqrGTUZj467htay8-YxEvESElkj0n5lmeARCm8vNtDQ84eM3c7g5YSArhMwsPBcMPKhDI6dkZny4OdgfKqzLMh9vqvXWXdarDgbfvtht4TUp7_t24ozYz7NU8Eo1awufT7YfYweA0kHsmuyHZJatCmQHtxKbafnpU2yNPACl2-2QEl27pfb8_ichhRbRK7dt1o_sF8Z_rj0Y0OyhInWVoG91oSSE6oTvnk2wXhL7UOrnqULIs5drkDORyWwauz7JZvJ9oMIxEVfZPuqPW4QedMw1UqZDTe2VqUA04HAiGKLPYA8h6pZ5gvz3p1Yte_bbMdavuDV6RXI11Ou3bx51zv1Vgx3ff8TqPqQiUHj1vfBwDJFxQoBq2jS0S4lFmxvB6BivHiBeAcHSswcDEW6bGKBQK-vOYa8pXc1HO8NIV1O3fvehmR2ZXqxF3YCpnlVdqZIhH2iGTHSQ55ADwm7KoBrsUSx_g_ndP6BZik-etd1MW6Ydw2qdj-V7AvYdeMaFjPbGp4bL-GAi9wtdBJnn6rDPYAOjEQIic3hq7MH4igiWaldD19J0a2et14Nqk62VMsGBalU8EUnD8LdkpFK7KWSJq5lF1kiu6IprG4MUo5KWKS2Ih4Isr889DmHLUP4Wu7hO3vwydvEPSitaXMuhFS8N1kDXNWW02D-eilgAIwgqgQ97PYL9kxVZWR3PyG6KogSlJRdvXDsRpfA0EdjLjGmlVXtPNilyYTTWb7LKC1YyMpqAz9GAWclRdeFdr4ANSMl-lcIzXp4y4SiQoNfcc1cBQKt72lVpaVAWV13hdOatR8PSuUVhYNDiP6rH6rmYY0oUjVqPrg-SDQC28n_EHdBTO5GHBaxupFIp06v8VyWi_rVhE5oAm47QRAxSYXMY51MOaj8Kh0Pg6jrBpdguDiu2ZlWFz82rp6nVQNpnOT8CEdo04bYC9P5Vnfrir-KVofZW7PiJkjUPamQcmAfxNq232MyfHXoUboLzRmBivRCKuMz6gRsWTRvhFbNWO7BDypCS4PodbhWXhskw_-U1LZ4Ip8T9wY7yp2s7zLNZmZ0r3n1Pqgph7QEH3IEAwe7-yxO4EM=,1,1,JFK
Budapest,New York,276675,2027-03-19T13:55:00.000Z,2027-03-19T20:20:00.000Z,2027-03-22T17:25:00.000Z,2027-03-23T07:10:00.000Z,3,https://www.kiwi.com/deep?affilid=mihalymisroriflights&currency=HUF&flightsId=0b7720a151a00000b2715de6_0%7C0b7720a151a00000b2715de6_1%7C20a10b7751a3000046b62c10_0%7C20a10b7751a3000046b62c10_1&from=BUD&lang=en&passengers=1&to=JFK&booking_token=HfQU1vtXptuRXJfRYTo1xYj_zAwBZ5Nr7HzTY85Q6xWu2rDWrKCI5-wFvxq6zUEcOZuYOk0kENfXFxufibgGZe_UEGojOKAx7KhBo69khTkikXOV2CxZY4RCAsip4LCBgYM397ERhXO09uNvOuXuRdtoFebmGg1OP7POkRFAGsl34-k5_Ne7wCxI7AJaoJNoRggDnmM4g8sw3pmdMiHR1HvzgChHq0xFtpacM6BH5cHXQSIpDeAWPc4dUHLbVTN2qJ3GmrDaZ6sTSIA-1D5FRLDnlEwia-i7OHaGQTF_fWOIITBqsIQwej3LIjBJKa8yERgq98WIr2_vbQ9bVqfHYiklyDD_uqzGIloC1Q7sqAGsP-LYReiQdMCFpskHKajMqXr_wWmu5OFjFbQG8yHtvVyrPDa6agPRaFbH93pzxYdZXBQiN-SXOs5GB84osLTJ7NYQC32ABU_kwyyEzUSDf_OfhNpWH-V0NJJHyN50LPUieEC16H3mrDgbu6sLUz1BhqEFmo3QzxgL8bg0Gd5wmvnQQ3Ce7dagA9ytTC-URJriGG82xXpBLhZBl2OMfnZxI0NURTdL8oEc-wuDEJd-PUZoFTmf8WCtCYR3sC1HRL1M0VXKHeC9IckqH_P5HcDB1b2LM0rJetQEgfxK3B37WUd2oWsJbMQpCpe2DlQqyRL0B04RlnM6WKOyfmAgR9e2OewRuIgGXahMCtDWUm4SRHXF_m2EaZBdma8TWsnB4h56PBodtktQAqvrqv2M-Ei9nPFKOXi0QGIYdMXgqe-fgHVMTfvCT9fyoF_J3qey0xXPYu6CE9jkpHGp5AWiA34EpHW4ulI7MW5K6IDHoTFYQUEVlZDYthSZR3tcenksgawmHMl2PFDz9XRfkZdHvYqyLZqnSrfcjwdaimSJwlBxItfYVqFuiykDdo9fnS7ck7KBbXe-Qacn3kdCKVhuc459uqRp1JwHRbFJpy76hDaUXBKoTOs7UBpM3mC7WyXc_7ELOAAF2s7KStPUFvHzJ4hv8_LIJ3LDEuq6ZRplY5lqgtMoo2dUDl0GZsyeAlsldta9YMxWkYLlJca9CXlNVxjfU0a0xonZ9-C1D_K4OMb6IUjSFrCXaosHeKfDRAOKkGKGr2yITsvJcIR-rihFO-bwJaJvOa8_E_G_Nv0NuzpetHQX-6rmHVXO3XNHh-U3ZvJ2AO7D8JuQhVvAq9p1JIzoodVxFrRllQ7mpbc5X6zaiGriN28eLaiWctxa6xo8U3KCRg4dsiGThDkA15OQZakHa_zKDxg_KxLPip9uNGoGlVHX5wK7MXdSa0d_nnfjyAj8=,1,1,JFK
Budapest,New York,276675,2027-03-19T13:55:00.000Z,2027-03-19T20:20:00.000Z,2027-03-24T22:00:00.000Z,2027-03-25T12:25:00.000Z,5,https://www.kiwi.com/deep?affilid=mihalymisroriflights&currency=HUF&flightsId=0b7720a151a00000b2715de6_0%7C0b7720a151a00000b2715de6_1%7C20a10b7751a50000221f6c4a_0%7C20a10b7751a50000221f6c4a_1&from=BUD&lang=en&passengers=1&to=JFK&booking_token=HjEvPsAILshc6gw45NypnYr46wXXmqChHlNCWQJp9nLYxwDAylw822UWIyLNDtHXqiL99_Fs-lSFKqpXLskwMWKagHwjs-riymyPEbBgI33TuSf2duemVAWgnN18VoO1Cp-846aBQSfEd106McxJbyaDL5d80Bwy4GJn9Wb5pg3BgF69efvyY4Cvajek1mlwFetwcOTPOYoWg8_snH9VeGlxxGulvOiQT6OAanrVxJXclZZZh3YsAgfXotztUPkxM60dc4w5JvGQRURZT6KE6Z8uDysPHk_Il17yyKeDlrULQrk70IxwQOLNxwil2uGFuaJuF2Kq-bbpUApmyutsIMe3_w-fZ_ORvBkkWVBSUOtirdQxm4K_xKioD8QbJyJVIj8lLwleT-YhYH-wjSYyh3XhsnUZo2y0-2-WGfs0uTzgn08R1Gje0bJ8hAtn_p-5o1oFTYh8GEnEXCWrh_NXyzsmIPcGTvlCfooMvVl1FqGwMM0LTi_ljuUulEbadMLOuJNi642oUW6j5qcVlU2Usxve9P2Z-ZYa3aS0B3_7xHcsa1MlXY-8jormrLOw-cEgQFePO0phnwGH0uTTxKHLfUbGZIJ6n2kQVZ7j1m3UYezdNMb_PzKaKBvX167SGiMSB9olFcFr0YSYqI9wY4w8isK_YDFPwg7RkT1cxQxxeCnypX1BRQBTQBM2LOHkjJitONi9jwIrJ6u_9BVyGeQnIZlP3uN8C7qblmnY1Cj0zxF6wv5rTiiAX6Ty-TZj99KlVHR1ZxKqBqWXXe5LzftZOFFUym_HIwHpgCkO0S6MMiaN_oFISh_hrU1u5A1WwOSeDe4NqauRcZdhbxV7eWW8H3AWm-Fe9qglq5WQqT72O-GgGU4uBWwSnAcNyyPhcVkUqVJ6RzDIaCaMQhdGWkQQg0PTeqSz9vxziEGML0KvjQMW65CfpmTZ5_kM0tXvBlnlvIg3rsGl5hwicl-groeXzCO-XSlfoI9egx2B5_iv3MzoslwW81KrVFKg1dYMprWix63w2lgreVWKBtvpj_Xz4LtiDRFF-L1XjBAljTithxJyaQXSQ5Qco1de7JJ4fv3fXjYP1X1CjI0PQjZz22v0rYqxJ-DMp-Ir7vTKeU2dpgG0hiNGVh8Dv0DJ7JYEaGqxggWVKK5H_Ymwt7SXZCW7X-vMyt-LLm22Q6pl7-hcp_vdK_wauQgsj7yQn93EU6U-_uNPPCCQoVO-w9DYqIYkF_rqFUHbiLIdrNoOXRx278Sr4CPtPgUUeiaqd1UgaXxbdAPMbnw56WNt0fcShCER84X2Iwmg2Ts_A9X2mlenoDwk=,1,1,JFK
Budapest,New York,276698,2027-01-07T06:00:00.000Z,2027-01-07T22:00:00.000Z,2027-01-10T16:25:00.000Z,2027-01-11T07:10:00.000Z,3,https://www.kiwi.com/deep?affilid=mihalymisroriflights&currency=HUF&flightsId=0b7701af5159000022ad3b19_0%7C01af20a151590000e7db9ff1_0%7C20a10b77515c0000d724b8e9_0%7C20a10b77515c0000d724b8e9_1&from=BUD&lang=en&passengers=1&to=JFK&booking_token=Hl5LNBlZSF1cAf81Uv9Zic0tBfkgPWGKnZI6BpHejZDuTVsqfDUOph7rS01wEdkeCaL-8a3VRGe6gH6gJEb9nCkPkIVs3T7OD7j5rEsOcpKn2NqVDe2AUEVlVFsbS9YWOHPI5m5NgpLIYGd7FDKXo4YHguo7xB9ywizLszE3iuf3QFDpb4CaNPK1w04Sb42-dK7MXKsvD6TgUn9fO3ssUf3DDmJDylerntECg5zBZAZvwXvJfVMb8IOUnpaUl5cRsfUBdYVeh4LDo5opH-jnqhCA_j6CpeM8NC0nO8e1L6ThVuJiFIH2_HCWQKWnuYLeQMnxpVDAQGZHTO-PRW0Judm4OeunFM5RHi5_pGDFefiOEvRvvYDdlVqfFltoLYahOSn5VkjWo3OR55zIWZovRG4mTsWT-uVGKsJYQr54s1G2dtnhzFirbOLmvloaaXWQKOuUJV3Z-FppXmSfR3yYMRVg_01L8APisznhGq7WGmtFOCt1d9H0x_mqBUx1utVr5xnFBbZZCx0xbopj26FR2JH9eG2PcnNSK-LzyLzINuNLU_vYhRiSIWd2rpHLYXKJmohsQ4Y5uSPbwT2SJyWFLg1aCBuC2pf7uZ9ni4-zmI-WtkCmUQD1duzOsO1s-R_l-MS7RSzTKo3YppzFE88HdGu4SfOy2Dy81MaaoA2G-_4ooLcjlLUpji19VzCCijjXXY3ms5yazt5lpvYv0VtoPeMKXa6-Lg6gc4JUgQ1yl3CKnRqT0NDPwiZLJH44xq5h2cEGND4y_3Hf9-dbfIsNQRLT9TwLfAR7TeuhSN1h2_-86btceoQiqkfuQ7_3V2hgw9DdZ0N1TSpriXR4uKH-cgMViaXg47r8xTF4aUTP86l-RZkdWwexbCChmXiZfaUQkwv2rNKVH132czIqiZ3y2W-NEuiJAqymNWxzGQKGNqHxkhlUusuQYOyV8mnJZn9kVtsMDmbrC1p_lNj1NrLQWszgfunvswdjr3o6vBT6d4WH6SaS5LkXUkhx7LOOUYVnDxPx55tqA_rnkzW8wIq3lpgvOOVD_PmfD6BZF-2-uXQySUwuqTAs4NxbdM90ZiPc0Jm_E2aTO9AL4hINJFEKZR-8ibHe0r6THC0A1wM25r9tnNC8D70Dbdm10yApKUDnLDf_o4zK9gWcNY8xvXi4lZ4DMeJ93HzPuBowcqFm0bC-G27zJu9XHsf9sqNVa_UM6DGuIeFvxikmD0uu1FUe1wIMgKJXW364SZBZBIbKFavtPwVvSsO_te4-gWeKab7FpvxuXmm2_7cSEy3VYER4tC0p4ynWbm99fgQoj5D0_b6AVl589CujVZUNp7AVwE5K2Jd4l_l1V9wdPusuXF6CqtHUSdelvRBYDdI4JPXeb-tFS2pZQAfeiKCakBWhihT_t,1,1,JFK
Budapest,New York,276698,2027-01-07T06:00:00.000Z,2027-01-07T22:00:00.000Z,2027-01-12T16:25:00.000Z,2027-01-13T07:10:00.000Z,5,https://www.kiwi.com/deep?affilid=mihalymisroriflights&currency=HUF&flightsId=0b7701af5159000022ad3b19_0%7C01af20a151590000e7db9ff1_0%7C20a10b77515e00007705ab56_0%7C20a10b77515e00007705ab56_1&from=BUD&lang=en&passengers=1&to=JFK&booking_token=HCoHWKYi4H_Y087ozALd2FfslsYNqPW-ktuvBcVm5Sgb7Qi3WQOswOP7eaUQi9m6HsZY6JPz6oV8JdCx5pbkBwRSd8OjsLvJFlgA_AmW0tcj1OWj_g0elIZeUNli5aDCU2dfaCYKkariSEGbknk4Iv0bYscvZYm4VYaInwjTziXN5BTha2veUK6W7nYGwT0uoUvT2SAEoTCnG5MUgKEQO_bCuIYzFxoC2Fc6k8aMtzHmSvTdEb0jwVaUYYqV-HKaAaW7sbVcCL4YDdPm7K8gjJ0pxLB85bhH6DXQlFEubxPSxH3-5hNgKQDNH9DUW8DHFR4fqE5SXfvn9Z3a30eUUDXZKzlIqLWN7ryoKbSWPDgXm_ITG4jVU33bXwL6EpwpJehp0RgT3Ht3FQS_aCZZaVNcZKL6zmjqGsiIU67U_H-kSpK6wfEsbBSyqVzkBTf-jW-obI8doZDRgnlKm8pd0hZNgGjUwOXzx3Yvblsy7BMg_tAN_E_w1tIeBObLxTEgvv9a8mEur9zTEx8zRN2W7q8SOGriEky3WO41b2aD28CKAod2RJWFPRQPGki7gj0JQ1csc7jGAbRpMQofLyirD-0GfAswO24Jc6xYXztxb3FZfOYASRCCe-0j5MMCms5ksGuL7MXyNK4g641ZIjUVuBxUeI1VtGWktq0rPKxlrivcaIHdVyn6fZ_1BT_wRpBnu35CdY_45vQU4qhitZQMZYjnVWShXzXJkpW8uky3oiLFXV8F-AeTGhql3s8o4qg07tA0Pkj9kjQrgbeMjmU5bKSa8PBXlLkAbftEH0UAk0QcGTr1TXxkHJB5Y7pHdS9TTZQaLXVpIIYy7dJGNRRG438W2Mv0xx1dQuEwi2sZv_kYmpYCmRDmhKwXd42rLlZ9L9WD-Oe4-AsXgdY4BO2rZ2YpnN_xnBJa25b7-YLWkJ3auKJEecFgZ3TxPq4T7AKDPUv6_IMPf_N13vRgNgLh2MhL8ggrp7_QrMzBKd-2TrzCeVEz1vYpvZff6SrUhgCxZMzRu80lS0oDli0Em_6UdEL5VqoYr2ofoYxizgvwTv_UYx_I_-Wlcz6666e8AW0EDMw1_QDFcj08inOKkVsAV6hfdXoRDTyO_FNGJlwZDr1QOaPAxXaz6sGGUvnVk4AIMzTAHRugpxlfLaJlm_quxHi-9-sfaxNyg7f8K19ru725cVBkstRUl-Ne0d4IaejjcdTCPWbYIAExpVnLlb-DQKxe7eHJpBg1wQ98UWJ_qidwoxTxduD0GMOlwV4JkYPl6nIoTH2AzX_ATT9ZimaUzCJKI-Wzz3tkNgdjoJKs1P9ubCH2sdgnOHEC1dQINOCW1Y_Bxy-ZRB8NvrUeOKK4A1SKbP4Z_-vYikHgdRgzvsNMlRM8ZhPu84O79m7wj71hV,1,1,JFK
Budapest,New York,276698,2027-01-07T06:00:00.000Z,2027-01-07T22:00:00.000Z,2027-01-10T21:00:00.000Z,2027-01-11T12:25:00.000Z,3,https://www.kiwi.com/deep?affilid=mihalymisroriflights&currency=HUF&flightsId=0b7701af5159000022ad3b19_0%7C01af20a151590000e7db9ff1_0%7C20a10b77515c0000cd86ad52_0%7C20a10b77515c0000cd86ad52_1&from=BUD&lang=en&passengers=1&to=JFK&booking_token=HAeXzJRQWq907ut39KdK1uIYBlKqWiqny28LVDi6rDQ0S25msN_Omj8VckQ-LMtNadv8q1wQHKEq3Du59TnD4X6Joftpd73BLs-pjwTVh6US4-V2bnsxHos9VxVkZTlhxHwkX2nmXliCnt_wGP-gNaf2YTfX87coE4JaFuhUbsVCpZOO4eEZuZJBxriTFoM1n_7yJxdRI-4H8fxl58GkrM9ts2FsZJNzy6KDu4B8u9OtbI_EJ2rhjWkuv35oSx75dyWnzhh0HwVwtC361ULIT6lu8LuG6vT09L1EBhVGrf8s-efKz6hUM_y-ZWKxucNW2bQSwXkWzX_vuDlEdMJQCs-wZ6mBsPx9B-9VOLcNmRIK7VJY6y8iL6yVG-KC6Doiyj2gTld4EiWRXkt6r5OjLGqqECIGXHjo3eRhGQQ1qPLxaLHGUbV1FSu7a6ZkQ-iosbAGI5LSGWDpPg4jLOfgH833epjRJheZCqCPA4a_ZVCdZe6zV4zGdkLWHvuyZKMRkMQuKxzW-NxYWCBAQ8vdC0DB70hWQTTc-sE9Lu3ez3zuaTaC3TNOIv8nkQ7ddqQpMBCBoLumenNUHytzQoTeis97dWvz3qAf0mzYwBj_T_bfJSyg2TloKuNWD5sZKw1OrGTBK-ZOw7iNrFQLC7ke8j4hxsIuGbBFYGB2Vltap2qErMlIyQuM7bykbMliOCJKfm1HTRKGdQYpzHtKMcVkv_6VRRIKtlMzApnZXx66T_toh_fhypqkH0l9hYc625dhVBwqQcHwGe3yOzMBPsdJOg1q3mKI1JuL32qAMO1KjMI_BrpiFqSyHaQ6oGnUzf2NXtOxeHwZij05hTWD9INIy5HOXyZgHPx0WaIPgPR_LYwy9wKd0E8W_lOA62qE-VXly3-qsQGPCv7dRyJBhIerCZadWu4BgLNtzLdUt_z62DaYfV1eI3X3OKYxVSmrL9LfesxAKV8aINApcfP3V_ETKbAcJCKYNx0sdyLgTfLluWe6fwwrwD-C8DUtqR33OIlsRmvt2vGwQW1veLOMSQuXZLrM42t6vQ1MTO0WT07Q-GHAKOOadjfcCxfwEK-bCWoXGTayBRpzEysBj4ICj-9MCHa-tgbqtl6tP16UVnbBMYt41CRrQn2pNMjZYOwjKYq_oD0n1NQzyxjP5IjVaj8Z6X2bwphY3AUVdqQ6518iCgGB3svz2yexZV2u3P6TDoA1UFnGu0FNV9_tKG_SDv9M7vlkgZQMpf0oj43MhCSIv-hHjyrsYPsIupu88cHK3sjBNtOQaBxAnRcmf-Q0z0mC-JcyCSkiS7jVwbu0T2KRoksEldBXGxQe9Pz2a-NY5C-7S5MlJyrg48R9NXZAKr9pLa2SsxiKquGJAhOGU0_qNRzF4TUxC13sTEt9S8OHxTeXO,1,1,JFK
Budapest,New York,276698,2027-01-07T06:00:00.000Z,2027-01-07T22:00:00.000Z,2027-01-12T21:00:00.000Z,2027-01-13T12:25:00.000Z,5,https://www.kiwi.com/deep?affilid=mihalymisroriflights&currency=HUF&flightsId=0b7701af5159000022ad3b19_0%7C01af20a151590000e7db9ff1_0%7C20a10b77515e00006da7beed_0%7C20a10b77515e00006da7beed_1&from=BUD&lang=en&passengers=1&to=JFK&booking_token=Hf2HtoiV5EqIcohep7UqcfvXFYnBK2UGxFu8KMhnqG62gZ5_8ENM8NpGg-lj6aB2IXZaw8m3ZBqWSR0_8Ne0SmH8VGMyXRwb2q0Wb_4hxK--ZjRRb6r_lWJPIx2c5belwYhWYt7uUw0N3zHZDT4A7Q2XcPJEjw6vD_yLMet8lJ1jdGZ7bwrXBtm-VktawdPLzS7O2zMxt6VzldSsy32EzWnGpVR6bB2LV0e7nf_ndYv8RX22L9xBgpBgVtHVSdYynZzcPonMxzA1Lm18dx9Og6cT4-CWyFyraFwpc-CCd-G8pg3bn9hmTDGzKVBKEbZF6oQ_71qXfEAoARMN6tvmSnHRoLMTKlYsfSq0NFc1ODI1hTL75ug_NlhnM0QI6rFNjEf1zyFWI904tf4_-u5n3vzDLMqKBcTkDfAQVTySOis7cExB9DJp1nAjGBEke5gJr3C4NbqGxMhvwt04jiq4s1KLUIaLOmudDXyuptqhNOfJjcS1TV8CuvdTUT9m4qbL7N7cEc3h3ZGcQCa61zbfrWQ7rrYV2tL581a4oo2is3WmYeUENJnHsf67SuJdEkMBpdN_iKWroUvhIApUWvIugvlyGeogDy2TENwJpC54y_Irr4RAIYmuZuoWGXsEuJxEe57m_CbGCAgpZ3fslNd-wOX9G-VJ5CW24LDUX6nIj42wPd8hsafDWPROiwywqnTgIy9koe16Zu7DccAVbZcEbGDnQQRW8_jFJLPct2ZHtNXF4mX0Rcbp31QKwlX_bhL6KOCR-6H9pDAIiSi_UfYOt3I6p25en25ItoMt3A8aQnyjTUWYX9s_DcFuBMHxJhmAhL7IJJPbSV458rhtN7f4TH_DCIYpo2sIrU7CVbiwhTvUQmMuaJL2dG1YObCx6N1-V-hAp6_VB4JXMqGDJuTQ2_2j3EsHwFA90eDVTq1A_ZB5Bi1qEHWt7PUVXSNpytFkBVM7cb0LCqaLi8qbhRAf0PdGQG30N_I18psP_03lhfbrp725HsLIS-GwBifF5Qvw08l6v72U_O5_YL7CFrEycyXf_x32qCzCxgZsffwcP5Qdg8yezotXZRLT0bPsLEb-miRQQHSMKgfZpufGC2xtQPGuQyYRvv1nJ5jrx4ZHYk1fSiOBxhM39vugD6_b4iAEXHnSt9br0UPKZiY23umBeKcRCGpWe14jiStysBs5iU5MAHPklCkZrdQqG8bBlvqw6BY4DqRDs_Ma5Cksz6rml87m8zTT0McPvOUpIrrFm-vy4ZyNKvQWnAgZacIH1fw-a_gggOJRxxVl3jBU7lzgIuJCdXg5oRhHS5f9s5iXKeEgR3E3oeyARe0X_tABjeA46cMH5Ogrn0X7IKBO-_JK4zVWQAxSOVs0FZTNOCtRhx88=,1,1,JFK
Budapest,New York,276925,2027-03-19T13:55:00.000Z,2027-03-19T20:20:00.000Z,2027-03-23T17:25:00.000Z,2027-03-24T07:10:00.000Z,4,https://www.kiwi.com/deep?affilid=mihalymisroriflights&currency=HUF&flightsId=0b7720a151a00000b2715de6_0%7C0b7720a151a00000b2715de6_1%7C20a10b7751a40000764b414c_0%7C20a10b7751a40000764b414c_1&from=BUD&lang=en&passengers=1&to=JFK&booking_token=HbwbeAy84XRZsOFDhg4TtNu_BnUeJU2PZ8sJK33a3X4HSZBbEFvNkC49cO2xk8jw0YpJZuDEZXfEU5WiaAB4b1cpKTxOEbglBTbsAZETaV4TrALC0uzMYISZb5QQClFWFO6FaTDaMTRWSERnUMFIlcMf6CD7qnGfbVuTIbomn69IpveG2VNJnEPgHAynDQvahOtHebi-1ynFE-8dcZsJA6IcaGlydSceb2MmQd3CnQgUW82EvCD29F8HLwawhFp9kAWQzePMJxlOOyX6kJY_Xd-LO3JRWi_3NkFKT-zZc_sVXGVozxBZiiIvc6SL8M20WotB9NNfA7uzhY1o-B4Cs2UtEMAr_mG8Tb71NrONfsYEStggURODokV7_0anacfmY3ljlvJgx0x6P5cd8FBd9B53zn2s3A4E_d8wA_cRsqVaqXhFyLLKH1EPaexF7EYXec8kOKNnJCP5NQ1eJP_jBaJvjZFh13yznLW79vO9Oo72mGOmh_dk30-fI_-cAl_IIVJXjG74LCI84BNDtpz2yQAqy3g5FPbvemTdVEfSYSp4Xktr-arr6PShKDBJESw0qCiDH0w52po90kBRsEFd2HajKdDqItfM253WcX2CV8wSi6fWJp73QPONEz1phZ9KJFDa42tPYFw10lRVFDxH7Dy2cknhus-rhru_YBt-OdCZioyMYh-WbIcsMU51k5smd7KaQJBtMXUa1wpNv3RTeyKZueczAmNg5f-XULo_VwZSaJ4QtkgYrYkU2V1PEibLfe5-KwiqoS8neIWG26IX7i134_A_CuDAcfO2LMHQ7DyBvA0YCOLmhxDBPh-CKIRLyXSlfINCfcYm7n5vz73PB-EIeNFItfmBmI8Fm94dAyseEghY8rk-UX0-laKh3SA0X4fsR2vpnrjN0zlFeRxAWFJ3OkXT0CpEyIbMyGW-MRAwkFE3VdK_zoDQy-SIaoOfY4hMaE-tQXxFljESd8eIuvh924OZjIgsK8kAe6FAb24alD0ZonRASA0C2KINt-uWGUbgwHve_CsZrixt7-Q0FVPK26L75ZbSsimqr_DlSF_kz0pEOkQCIXQdN2obKzT9fMlLFaBQXMoFu25stCwk4uNJ4lyfAywNhX2P9vb7Gu9tIJOFnsHG0FfkxBJiWFffW2TskW4RJlKp4ABao_bL_uCJuQ5I58JEovhdAdC_vWeo8bZO4rGg7k2OXm9tk_4_rJAEcHnuJnfOxMMo9j7fAySh5awvHUMnjjXWK-m4NCin42iyM5_KyNF0eWpcLTfkpH0tHw4vr1bj26suIMtqn1fgdcIlmDoP5ABLfHz7znow=,1,1,JFK
Budapest,New York,276959,2026-10-08T08:20:00.000Z,2026-10-08T14:25:00.000Z,2026-10-14T13:25:00.000Z,2026-10-15T09:35:00.000Z,6,https://www.kiwi.com/deep?affilid=mihalymisroriflights&currency=HUF&flightsId=0b7720a150fe0000e10ac441_0%7C0b7720a150fe0000e10ac441_1%7C20a103ab5104000012709533_0%7C03ab0b7751050000c31bdc3d_0&from=BUD&lang=en&passengers=1&to=JFK&booking_token=HIicS1sW4dK_R0ayfKGWnpYWZIP-TXxSk8yEbbwFYNMzRs1cwSV5dI6GIdtw26GxpXF_iz6C8VNNJvPJwe9_6Lztp5IOYkDY60GhpxvfMbgZulhDT2tRmCivUFgx1TQyTTUlpSqqC-Tijb1msmigxTW-lgvKitmFraACpPliSy5epa_rYzqdCdiOZwFh5_HZ5p5HCDlOMxEi0QpAjfa12nRMOk88EdNElUV27QLsVqIsv8zt2L9Vxd6tIWOhcsPO56Qt3L9aVpGkAuuy55QWlmapMI2_aFqXcTmC-uFDoZ_5oCdYZx1ck25ReXADbWQJacszNLF9JwYD3M8hLaxU50BIDypo4H-HCMH3eFw2hrupo3oufsuBHLk1CAoAdBqd7rJAUXMMv25TTHXuqzwqEMkn0KQBqVWFdTJevJaWU_EJh0RL4ZBFqDWaeqhUhZ1at6d-ilJ-fX75ilIRAyYEmpHSunIRC9xgS5BQpac-QLDc3mvdH7dTIDv0n5zc91c1bUoxcSkX-YXnqT2abJoj48q1TW1kLSv2kJ1MtJG3F6L23ld34uiarBElicCsm2Nx_1MrpsDt83gWzGkzMfzFAnuylNP3faNn0_JVFqUuOk8Qi4m7tqBtPj-0TScK2xn131rMKVTm0qn9W4P6jwwnLq6Q9m1ZEwl0MTSciAJTH8E6Yu2Vyh3x477IVEA5fZHmLjqmm2Lde5bLPgScKRQcxUW67IVop9f-ofaTcYtSRUDmmekEMo1BRBLjapGjqmwYsOJQ_hjJTXfdH0M6QKh-kd7uCaKc59bQRY8KtnlOoRQBpKwOfbJVjbSO6fwcsneDR6pdYrtCXGvI-1YQzyid9p3dhP0arC4w5ziCIuWgNPv8F0_JDZplaq31-bvu_bgdcj7AKLKmdZNEXmUAtYxLbHvxvpzMQwLxQc_znl6QcXGcejPeleYlPOjiyYq6QRz7DWSKMdIWdZAwLvy5X56IQLFHqr4_ndWz23pD0MkVwc0AbRS43dsBjsXyXl6YHfMfwjVyfitaNWK29EQ_NKQRAJuGtCYTws9NNpDKNQtwyhRgk5m5XLICSWggaUYDW7uPtXg8S4e_1tR3ebz6-WADF8C_I9EZGfvekbbZx69Uavj-_8BsRFMguscgEZPR9Dhd9_X84ciwmxGU4u883wu8SFjFhGyV8g5qiA_jl5LOQcXxXhKZXioDHUxi6VwDDCH--_hag-rXYPsToR4OHSko-VPhLY98dxIgDUTgOHUvTlsKaibxlYEN_JMgqXgWI_bJdY1fb0PCaWVf0EOUrJ-7o96i7vddyiGdWjt-TQIua4cE=,1,1,JFK
Budapest,New York,277131,2027-01-07T06:00:00.000Z,2027-01-07T22:00:00.000Z,2027-01-11T16:25:00.000Z,2027-01-12T07:10:00.000Z,4,https://www.kiwi.com/deep?affilid=mihalymisroriflights&currency=HUF&flightsId=0b7701af5159000022ad3b19_0%7C01af20a151590000e7db9ff1_0%7C20a10b77515d00008b25fa2b_0%7C20a10b77515d00008b25fa2b_1&from=BUD&lang=en&passengers=1&to=JFK&booking_token=H1N9kJ3LM4jXgCCbLGNoSy2wJwa9hgT1fEvJMkRdDS2G4l2WEnD7eH9E14ZRgqbObTi0M9HAz9CfwWYljA4lvLfTesnyxqa2kaRLfjpnAZwKva3GCKxkhPgahZAxFqp1_hKH7GC2s_PQ4TImoa_GnlNZH5OAGUHn09iR4sCZ62QAIbdKBPZy4KjhL2C2PRYyMQNV6FOJXIGIawJT_kpgIX2J6U8CeteYla2jOV1Lu97ES6kgbPNtvlkOF9HM57ORIUmzMj6uI1atP0EIJkQZCOq-TGSixcuv-hVlTFNYLRtjRnGt-ZoB_uIfB8YRg0DWOekU8UB5ot1c6VLcgRwD6qkCG2sG7AC1meXG9t-m-sYOgcuRgTmwU8zIkx6GLLVtrXDtIo4ZeCgVh1z1okKX5Na5KAr8pb_lzeFAlrlbOuRA-u4ObE0J6WFwlVF5VYOsbQA7B28jYhRdM5_6RU703ccHUt62PFRqURqKTXm8CR7zx5Q1zOmw2iNfsoOnz_EBGtPySkh5z8GDCetc5sGPPR0F4eMDZTGPM7cj0_ND4DcRflcV2919WtHMUD9Ao6WfRSGOdL3lzytXpfS9Z7JHVI8tY-qLa6Mu_0JcUKkhY8UKLq9YuZpNEQVxmtQDODuk5wvRgPyMsFm8ItsrJo6LnphFBju9EmPhX3d1GGn0ToarTB-HYXg4cfRRmLG24vJVCXNjojgsz1JD1ZVCeLg4Pzw29RtIkukOvgICV_Eln37s2In5tBChUGu9cNKhHD499925uLMNHjGegQMIO_wbyjkWJcw_-R6W9Htc0vG9ufMB5eVZq7SHLK4_LaRr3Tr7vO7Z-5UXY5C8F9EavKKTspchSa_JxlBA7IA3Q9xEnOoxdE-TrL4n3xDYVr8OY1zW0gkaWnMi9H4pqxkT8xW3igcHnhBZwzJ94qGuXJkfcMQ8Gj9EoFirM04-F7nMJslDAG_9knEhjRvOnOHGBYLYDE8vb9-k7HyZsadYNRqmzha3jNpdlEIeGyRZb04UZns0IW4H-rOa734IIWQkEQ_eQ3oCvbzgt9h_nwTTNZJX8HMcPCN_gfd-qV_L4PKqElHGwkgVYsZK8_sflfOrsskfgLLNylCTHTtsMd2tSXHOxlxe1ObU8ZKOl2FDTOdkrGZ6VIR75KRhLXZANAZw1Tm0r2DvjUMZKPlCwN6PKmkZAA9v8LfN9zHD0ph81bX5XdA4fapNIjD2UvGfQ6xxfnToNR77Rg1jzBiMg95bnRbv6civDLHHGuRh_vBQd8C5rAIenkkJo2yZz9khogkDZNZJrnrABYdNsFxl61ajHkFo0sU_2Jw7LvLeiteeOQ3xeK2YCYEy9N3Y7PAztqvwWfV90YmX3de262tvXxopfE25sPIBU8zZ5nzIcbBEHFiYS4KQf,1,1,JFK
Budapest,New York,277364,2026-10-08T08:20:00.000Z,2026-10-08T14:25:00.000Z,2026-10-13T13:25:00.000Z,2026-10-14T09:35:00.000Z,5,https://www.kiwi.com/deep?affilid=mihalymisroriflights&currency=HUF&flightsId=0b7720a150fe0000e10ac441_0%7C0b7720a150fe0000e10ac441_1%7C20a103ab510300002323b452_0%7C03ab0b7751040000f9ac0480_0&from=BUD&lang=en&passengers=1&to=JFK&booking_token=Hl4bPDlxpoY1zYhWbFs9zfaPMcrQhJNyIT_u04GIXL3JW8cWw2caUIox_hNBKaqSkjcymU_R-lWLZe0RXe6PwvHoaM6gVtVYu9oKmYGLebMmZj3nLXKhpiLDtfwJk3lwNCxN_cbt1iskc5rUGcOBNTGGyw94QlJP40itUsTUeexlcQK317Myx7G3dCr7sx3QwREc86bCcmlTDWb6NsFJ6hWpNNpygW1yopd6SHegA2EZBNyS91-0uUphSezhQ9ziALXnwAPEY1Inr63-1ZvUgLBdYb2zfMQsyC26d1PJNuNzurr6fc7YFktwbKDh6S1RkdG4SyreONjbIFoM2KhQawlR6CTvj_dldse3bLrMM-N2UL3zXnSSPZRtdgPQAj5o8i7Cyqx0qfNj6iwYImylxVhq-JZaN4A1sfVUorvMyAH5MREM2-dNLQH-y-a8cCT6n9RVNLljh84fMRPZUDBQ5PPln9zl05YxdXvn2qaduUik0RtnvhOkga-m8dHdWCebLAKdJVLM_s2OjjGc5jyonle1yM44RV4kjeF3xf3RJxbQbMJGad1QDmdrTdoE_b4DS8JpdPSec5xxWEdxfyxXScRmHZTCIorQee0_3dO6wHtB0XsYDqdwdLo8Em4nfBqzs6ztJBgTjPRswH3KoI3BdeepWkCBqI9XHN1uHfPo9ac9hNGHiJ_E0-mwLnqYHJ8PfDXmlEmd_SURsX-kxXaIUhV7SXxvy6AKRmbybr71u29SXBZbOmrDSOnPv1QET8ImQJzU6gyasc_1htwpk2WbMHk-LTo3HuHXT7gM8Ydj0ANuNop8YB30WXcHwzlCpJQUFvSiXFWZyg0fEOENi13I5ZEPAnTQtWGJQbKQSfddGkmPWrp6WNGJtw0RCAqFWwzVqga0mZA6clpZ6Ezjz71TzQz_3i-A9nQhGeNbxaXfZUx1nYTXIuOQjWV5Gqll_YWNBekXM_AZVfJGcCpEa0TDQQYum58b9VRqSOJ13raDDaMO4qiHvAPKnagSPDm2-s8iql8gxzgf_wnB-UCiyoxKlDPEK3nNCj04oF-XCei50vwGVIhsuYFJi7xLmciuf3IIhKbZlj6WahdMhpUHLkOm8EjdGtAZTqBlWJj05eO67iKtnlby68LKJUmyMx6hXExV7ngaF0chdQAWQk3za5C_kezn9Kw9DU6luz-YhDNQzxmHst51NsxE0bxdxhTAviagDQ6YvHGnwLvw1o7HvEldEHYi0QnGrzeuVIwV6jqTU7lL7KZ5VnTqNumHxiWbqOCA7XnuU6Q2-unL4eRoQ6GplsF-9B15ZstwVweomiQtBBFA=,1,1,JFK
Budapest,New York,278304,2027-01-07T06:00:00.000Z,2027-01-07T22:00:00.000Z,2027-01-08T16:25:00.000Z,2027-01-09T07:10:00.000Z,1,https://www.kiwi.com/deep?affilid=mihalymisroriflights&currency=HUF&flightsId=0b7701af5159000022ad3b19_0%7C01af20a151590000e7db9ff1_0%7C20a10b77515a0000975469e9_0%7C20a10b77515a0000975469e9_1&from=BUD&lang=en&passengers=1&to=JFK&booking_token=H1ufNLy018gqqZLBYzL5FG1MsRgRwPuuh38g7cF4G3F7DT2iylK6TOHhZlA7uYsq6wqHD0LX0zqWxXdgkU9xPOXZi9sJ4fJcaBtanL9YrA62v8Ld9AhfmnTwriwXWOhhYjd3iSPDv9aM6pPbGWKQHGNoHVE873PKsoQXGofxqNivQ_uRbNDY_jeYQPf573T--EjzTEb4Kl9eOOxkqi2gZ5cPtuuzd7Jb3-ZJc5nWayNSnH_qamN63elfKy81HOt4wUy2Zl8dPC0iWKfw_LhXEd8tji2g_26TUPN3TUqkyUD3lx-6SL9BAhQUn1EivMHZsWR9CitWuRl5LxdVhZiAItq1_u_uB0cYthG7DCkf8r0BxKz_Kyip1SZqq6uRIXos_G781IFQHFaotqHqkA6jG8jcFbypbha4gSowAl6IXCwmXg_tVyLv0jbE3eTQVykn-ojoShph9CcTffob7zqp3zm9QvM2RWs6lsTmlZ6rdY2UyQtbQU_fdBccSKqKrJSK21q5cG8Og7DZNbzwaiZbMWn2wJPJ8ANxH-OTQb4HaCaD75oQGxxOeRp10b_khc2IQeiLzsHMYPK-dWlQcs0Dc4ssjBYJb80kwsUy8_G3bXDuD__KpRGkqY4KMzgzzadjJy3zNca14fPCWeHc93qKcpj47_h-akM4XCpNsQP6H5C80E7FgS-xplP9p1cIkmCNDbrqPnpRY9ThcneCnpoyOD2C-faeA2ZXCo0u2QBc0P8vF-h4R52gpEOgS5WyiNHwZemPNPcRB31gRzmxqoJ5RLenLauS7gJfM2qDbp6kNNOnXhniT0xgSp_6y2ifBlrPbqncP5hldp1RywsLJJBjCWKpJHFSHBiro7CLrm6UWhBvx9ARXH10ODUg0ImSoJzz6zCKYSNGO3VLizELeNZ-8FsnvJpz7Ddyp1ul4P_dplrnmeeogDprEdQLFi_zh2X7jU6RwvJ9lHtiEoH00qkCfV0PGY_QcJaGI0FHPNiyXiVO094MxNiKr2FN7Pqk4LnOB4_3UWa88XWGLbBCuI33AaIrnZGEf1AznTi9puzwoNoxB5V35Ls5ZCaFtNFe0yFH87dL6WpITHib_HmMyiMTCVybxFKfjb1XYffiKplCHyerGn3Zb1wrC6ZWRYda_moRP_iZjfEh_3b8TggXgluSrZm0bAe2nKQyABlijI4PRpiKdPem2o9OgiCZdrLrYZTCapN4xygWOsVYQXOKd1KoS-rOrnwjmzZtNpwIDr5O2B6vwXll2Yk1Zx8bJe2D5fSDOvteGp2MOd_UcUOUJBTAkK246gmQN2lS_9lXQgVX32jwnKocvVq_hb3gArTkw7un5852rMbA6ulgbB9cJJUYzYDConZkzku0_lsJb2fSNKma7fIdYyDoBb4hKrFjLql_n,1,1,JFK
Budapest,New York,278309,2026-10-28T10:00:00.000Z,2026-10-28T16:40:00.000Z,2026-11-04T17:30:00.000Z,2026-11-05T08:00:00.000Z,7,https://www.kiwi.com/deep?affilid=mihalymisroriflights&currency=HUF&flightsId=0b7720a1511251198138acee_0%7C0b7720a1511251198138acee_1%7C0b7720a1511251198138acee_2%7C0b7720a1511251198138acee_3&from=BUD&lang=en&passengers=1&to=JFK&booking_token=HHRN3mkVF8W_V_I1Cw76wYC2CnxK_i7H9toO-zyatG_T1-kL8oQkRrOM1Urvf83FiKpkh3IAw4uav3EHttP-TbIPJ13uhZPSRSX_iZDR0zhbML3McXBH00pakU24G60Yqyig7DvkOdffiBQh1uVlnEKRACJgoE0ZDRRuNZwx6VMhPFx3oLbceKiIG-68xJQq4tLTkMdG8UxLY5ndVKMMQFVHzbkcb8blSaPbILIQNveXIu23fSe8wBYd7qaSjyWT3pYwF8y23bypAzAWcRSJ6xnGU6N6MYGwcliTgrKUGdelX3v1eE1fZeL_kVNhU4LG8FXkXZQXcS1BFPbyLnq5PdiW6qX_unSkojGzfBhfZfZlmxflGp4Ya42xnHAuo30f_l0p_FUiJ80Oiiqk7y1RLVO3EX4rtKPmU9Qlg1P6vsxJg51Fz2i3pF-XXJ_JntUO0NiUFWmoSRuV45_qdOHDxRXnRmzFVWJGx-jKbcC_3qU0_uLCM5m7EDYNdHIdcJYqNh6QfCGkdkYgBncEzPKJpPw0K08mmoChcvCi2jij2Xq9MgjAW9tw0Kw7UgRtsTZXvgVFn3lxCpA768kY-RqeP8Tm97qqefJU7qlxIulyuJ12SidxeNxMh3rtYUoOhSfIaaRgeKU7H0D7H4GvvSYfB2LUx65V0TfXnmUPCv215Ue0aS_MZYFDI1-8HcMnOgFgZoe3qr07ftn8a-DuxxWcQ9aO1j2q58j5BPHWQLR9-x3gw6ec99z28ANDl1Jqkr5WAhfn5m8X_p7Ng-o14qf2JASTSlOB6CJu042mHXeffh7P9ynWOL0h810m_Gt1jXyJpD6--AiR0jyjpWOZCuJp3xbrjnlOhoMsbSqS05xd88IEUzJQg-9rn_kSND1SX7BDpy6awNZdw2b2YJ5Hmi5IUJZVpX_Dv3BOLS604hHQn5AtsBrLTlSRFAu57IBSDUIf6Cg0wDmbfeJj-9SkQHGAi9ufaiLib7ry98hAvIpDsLhhQmvLFZ5WUkFo-YmxncScvlxEKZVrO52vT4zaPPLOINdBccLrJx-UU9bBCx62Jd-KYu8J8OBo6nFbWFvtd7NmZEvkAkPQFa74cJREoS1jLOCn2Md4hAMFX96LUXGw_QogayFYgWPJXgEa_8wo2cHz5oOtA4lj_7EvIODkXHJBH5uZACyBowp7sCVmsNNr7ZdPVSPfIxk4ih6GHmplXnn75zSg9QkNvmiG1kglp32v62PUpq30QukHVggc5yuHu_PY=,1,1,JFK
Budapest,New York,278644,2027-03-17T11:35:00.000Z,2027-03-17T20:05:00.000Z,2027-03-24T18:30:00.000Z,2027-03-25T08:00:00.000Z,7,https://www.kiwi.com/deep?affilid=mihalymisroriflights&currency=HUF&flightsId=0b7720a1519e000099436a51_0%7C0b7720a1519e000099436a51_1%7C20a10b7751a50000e5a6b211_0%7C20a10b7751a50000e5a6b211_1&from=BUD&lang=en&passengers=1&to=JFK&booking_token=HFTChCeeuBGLtae68duPUyW24wmt1o_v4u-tQGFFtuPHVEPCfa9S4Ob2MEFw4H5DyAulQ0CV5nRfEV28nGyAKbbyKtzlNiSeCVjsQCfPcFe0j2juuJ7CgqNNf-alsbT55UcyU0ybgFyRng_e9zy7Uo1kvTFEiNzjIX_dOcz61JGR9xtHWf3n37g53ubtNR4Usuf2DpyDXHmMpWKU9_dc0NQeXLXeR_b9PiOiBxH2DbTrscWv0E77pyrm1ZZEPrflMCkra7ulae13CHDJPtGgA4vdepX7zp_DpnMAuorGLPA5RR7WGtJKkOMqNEEeGnJEvE7Ybkeg8TVy03UliS5F2xDXgh2-MBzi6YpKCdy4zu69dnpatQsxYGlmNVkNpKV9S4_0NxW16w6SgK_pbWhOdsX0t9FiyEYI-gFR1dUKeilGwHMdWbDALLqykTQG8PwMiq7A4nApLFrRlo7UCtlc4kvtGu_YwXqHHP8rixdPLms0d8_Lu6KWNE1g0vYa2c2j8KWAQiVZrVOHMG1ZfV5OinuzIrdk8J63Mz5V7xrUUYm2M7ye5lUL9K-hskTvoEq_aBzB3GwikgOlFtId6EeqvrqHVrI3qStO_rYTP7LWO5G2mbrLFTRBy0hSm3Y9ZkA4w7EAPtbDFjdQXwLaAyj58ty9ipzn07OB-v9QZBahn8KWwZMsORYDwfYYz3_ohZC8NSL9xrqGhVyQ9Gg2T1KL2Owp4URDFOM2oR0o2e2Q70b3NBW1v4GW1i3Bxo4W821tYAVBmafQsRd8ogpCuXuD57G5LI2XJEKcloRCUSP7rPFOXymGhMWG4tIRp0bWw47JRGBCaRwW43rXVxx1Ir-L387j3vQU3MjOk8XvHS4dgU5NnagLss5ZmWmVI7AmMKInLyVI1bUKDmqi2EFj50F0_P9QJiS8m6jpzxVEZTV6gEeigV4AnilAipJxB-EvaOG-d10ylNZZtgK8c2fn8oEbgpajfQQf-k8EWu18H1m2lAMe4l16zmnOwtxTknQkAA-SF0AW-YYAZssjzRO1obsHnG9bPrh60biiMRFfz-5rm8LEcRDZoXNuZhUc3fL1xSs2NOVRUBUi1JuCHIrMz7mJF0uXMZtcIl_z3c7rBqA_Mj4bcVtCJ4lQi3KNyGw-zelFST5efidyUgCL03XtRwln2TalB8OW5NhkW2ailfygqeeymH4cxXoFTr8aAlXa9Bj6qlbzFSqiKuAa0oEto9e_O_82dgNDUxMWdSyFizzlCh1XkVeeYy6vjVGuUC_heyM413R8xAIclKltvmJyiOuDci4Es2-BVRN1iUgi2yMxfkkLHeOZDdSbSxw77G9Y-Gj9o,1,1,JFK
Budapest,New York,278651,2027-03-19T13:55:00.000Z,2027-03-19T20:20:00.000Z,2027-03-24T18:30:00.000Z,2027-03-25T08:00:00.000Z,5,https://www.kiwi.com/deep?affilid=mihalymisroriflights&currency=HUF&flightsId=0b7720a151a00000b2715de6_0%7C0b7720a151a00000b2715de6_1%7C20a10b7751a50000e5a6b211_0%7C20a10b7751a50000e5a6b211_1&from=BUD&lang=en&passengers=1&to=JFK&booking_token=H9UQAOKcEamWEWc0gBzfJ7w5wmiGlPf8GCWadoVPhfInnv5s6uWBBlzemV0l32ch7R_H1krWy4IyohyU6uXsPBf3tJQDe1yyEE3aSnIvPyeBbwASLJYGsZmVtaTAr2S5ER9i3IOqgQd0Hal8-pAY-Sj6_Dh9UY_dvggn73g9Ohivyg1H3wrkCBfqVH9XWzvfrFvXgp-nS-krrT9EBxeuGKqA4AcdL_98zSez_Z2O1KZlsKp-wGXesCzV8Mh7p-AE8hYsOMxA5Ci9KijePo9KVGs7ocTAzyjU1OsMlRVH4jomj2YdhZ66rHU18CpVGi_ADWWixWVNIqWXp9GfbHD-8e7wsbHwXH41yyuQ2SNgCrROKWVj4_IVHH1kadiDom6IAVrdfP87w0LxeL3L90yqy78tziKB-OxvVFleFfS2giuYjgV0oStDEIHbb6hO2h-iyxVThARl5SCeZmoT40Y1LKeRLlNnZyWSp9fifUJFG3cN3ghfmRCy8Z7e-ugzR5b2mrvIuDlPuA6KfVwfNFHQaH1Bl0j5ujfqTuaLDdXotIlHDfLvYmhfHMc4lJQ1LNyWBHIXLklq7WNlpQkuOVrv-3Z8zRnJd4Nw28ooUB8PXIMLltMrwTTqKhnObdwWBf2o_lpplhukd2WLPPlQT_m205i3aSckdVGHwtWy2xQmTAp4n0CpLw-MWiVToxSSVDBK-VWanH8zOlyCBu6IP-Vslsn4YH4hav7iUheOo7VQG4rXlmwwVqBHUcfCwYQprc4h5UsvVlwVe7_atQ6Y4Jl3t52PxgIya9Tb1dnoEMgKLD3SkjzjZGQcgiLMKNVoQF_XlQ-E_oGFBw32fnQkdzpT3sFwZiwcBLPnDpFJ04mz-DovAopoGqyvxUEHBgKHFpcOMhltmVfUTULbAmBMJJ0hZNocrw46W0JigH2iaXIhyCKyyzwsYPpqShIUuUELK19Qkz8ShtsqglqZODaeOX_xrR5zLBy5F9C1Ez-RBIiWYP4GYggMOOMS5gPjyhqDiXnyCXgCHrJX6bKp-9ROnRvsa80Bx0pPeMpMDuVmxJDJ3a7KCgePP3cg86Oi-rjGk16dD_R9ua3gpJmvu3f72yL_rY_JwrGsDm-F12unw9_3TWXMzMHkVhkMIwh67_B9je77eG2i8rNJww8oztphqkFwy2np5Z52aLGNFdUJviZH9_srael44dRh6QuYE6yGAjy8xgMEzHP27Dh8bwFrvT39xS2Th4PDfNwHlyC5h4JYF-5_Hy-J3DM3OvDD1riqVzyJxJCUBkJX1BVe9i-_J7RvnIL4SoowEDk_w42gwquGbLKbt17xaVOlqruGbEWX0ykX_,1,1,JFK
Budapest,New York,278737,2027-03-18T11:35:00.000Z,2027-03-18T20:05:00.000Z,2027-03-24T18:30:00.000Z,2027-03-25T08:00:00.000Z,6,https://www.kiwi.com/deep?affilid=mihalymisroriflights&currency=HUF&flightsId=0b7720a1519f00004b5997a1_0%7C0b7720a1519f00004b5997a1_1%7C20a10b7751a50000e5a6b211_0%7C20a10b7751a50000e5a6b211_1&from=BUD&lang=en&passengers=1&to=JFK&booking_token=HlaxWgW7s8OoHcvfzxI5U7VQPC_TC1HIbRZTywmvCRPh4B2sip_lMJIRdkrsiPSmtFlIhroClG1IoJhfTiEBMuPx8vTVchavrrPwXVf6NPjNjwteM0GujBCp0YEcphbau9EAn6kXNauRmK_VBWtiGvQvvzE5UAC9FoV-ZpAKKFI0P6ITBuSi2X36HEjwnc0yPfIwU3GmiFiK6F4j7X2-c0YyF2A9IeSYo3Ysnny_B_VJR2VT4arMABS3SG_Mk5UJjki71qHJ8habmbajV1AjzSUPOEw43EeaqzyeffWO40doxVmMOZUgbtxu4elmRzk5n493h8HeY0D-mPTZJwOt0n1p47g6B3rxtKdmUw6zqhGE9k-JErUVWMbYJTfkc3G4iXzTC0Pm3PmGHxl5RyP76Qgi8Y0XHIUh4XI9D2lvHbj5BiEaUTDx3umgK4-irblqJM7FEjoLNtV6fWt93Ftnw2vCdbG1I_thYylen2HYk8CSp2YPNQBy8zxsPbzy78G3BgzSG9B49HN3CaCht8cvf0OX5dkpGnbLtAgIUzj09iIAJ2Yc1uLI2xnekjsJRsmI5ar6M4iYDtqKGrPGuyKgk5AygKNXynkGKH-idYOgQ6wjARyNn20y7xRDEJyl8xO-zFQlfVH48Ht9GUFrhIcDEvbCJM5qMmlQTxLXriLwEHGAfn6SZ4b9yL0iCzzMXy7dvNUPVNylgDC5xPBtxeO7xClchdBN0ZIXz-7pmMvL8QmjbR3SVqcqDfKKoLNSVuG9oRyqT6rk9kFFwnEQyTaz58iNB9BITmtPGZ-GcWudnW_5ZoIoyePsSP3EBovBkafqn1qy8rp1BYCz3du4Fsj0slyey77W2AbyVASqYso7cZhUTlNYSR-iTCVgpf2y2ffFvJ7d6RCjrE2PxeX1cimgebXCWa810qnTKA1OdBTDO034lYDxnsyV7OCpijwGGPWuanZh5jLNRwvdWG9GL67-OBuC8na30FEBBL3tO6G1HHVonTlAYUoTO1FxxR8g1tqSC57zybIQtjNXMVMHmn4cy0OjeQKrX0XSRQIfF1alxP-MB6AIsE0d01oHhR6GQd5BAoZiwPIA-KSWtDp4nmFDYb6BKLSlxM3SFGa9lYtZbalm5im_KJH-En90gN8W3kMDEfeL-3j6XfCVqO4fNlECvecAaw1CNZl1vLP27Un2GJz42OSQmZHJrnnF_K38-PUTIgdG8aL2jDF-rHmRs33JFH_inipy_knlXF6KdrR8uygu-nCTDglpbFr8CIQNuEaHvEcuDTQguQJEky-s3DFTDJ_aYROfSszWTeSM0kyCSBSTSSQtaEX7HxNHsuV7V_vNJ,1,1,JFK
Budapest,New York,278737,2027-03-16T11:35:00.000Z,2027-03-16T20:05:00.000Z,2027-03-22T18:30:00.000Z,2027-03-23T08:00:00.000Z,6,https://www.kiwi.com/deep?affilid=mihalymisroriflights&currency=HUF&flightsId=0b7720a1519d00000baadf3e_0%7C0b7720a1519d00000baadf3e_1%7C20a10b7751a300005cd2b5a2_0%7C20a10b7751a300005cd2b5a2_1&from=BUD&lang=en&passengers=1&to=JFK&booking_token=HUoLSfOkngh3pA_ysT39G1PxsRQGJ-Wl2EixFUEPnbG3ScZqJmtZ0RXX2gCBpvqHqSFajpNjf6Jgl7ztuWXFZEs8mgMC6Hl0uDNHEIcQi01Jm7A7y5o-u-3cvOecsj1BZK97HFEMRPl_vZxDmrErGI4B_mWUvae8C8N5Ea8tqszmxulY2KDzh3d08Uy8NfPM6riBwEd6H1sU4Kl8D5-AmipHu1P49EItENd38lcGFnzjptVocub0JjIuBVT0LTc1ToGYmQdN7hf_BwWnswX6oQfRIPdyArlp3pcme4l-y6cTUgJHLsrSt4GLlr2lXyX2RaPX3j9LuI7n-VOjWUTwQRaigsp5TCTlRYbr_VCdIIf6YQYoB514eIN-7eNhGmh__dtCv6gCf8PrzsRueRKS5r4d-BKdSSsBmS06QgsB_bkpsMY4Ljad7hJl9LKlpYREDs74fiOUldOZyFkFRZ0YMfad7VCeb4tzst8VsSDDcFRt6boKRQxtxa0zuCrT4GLJZWbQJcZZqSjjwYk9lGM5T6WG6mR-TY4w9ytSUm8gw5tYaovqZHKg6nQPwBt9e3R0gsYdexoqqKgrlDJ_bOIh1GY-UomJ_XCboTSRUc60dbOCVhSh9IL0FPc_MWAWfcwEHfB-4J57K1BsnoN9pFLFAXwFyp5WXZb26Ankoh_5hKdEFVc1Jb95QjR5rss_H0miLq0RL5GX-tVU-lPLUraaODEBW7tOmsSsNJPEl28QKFUvrELS6GIV5Ui9T-VbW9XvwdfgjfvZXtwt_8QBQp32Oainm7A3x8f_OHYsdJrpZ_b3N8KODDEefFo0eXbR9Unl2661rMC1UIkCFHKJ4dVH3rwMi8W-M6cx01-fNQQrHzKffXOS4_7P91D_yLWH6E3sZkPNU12QSBsJlREEOUTO02v8IfXttJpl82AGJ1nrApyF9X4b3yreJ_XqMxy3YdMDAy3CmV3eF0gJXRQ3qaEmkXWKDEpEfxk9i9In24zfqtxXv0Btt6IhtGc4Q7PyPw4X3Xy15Yf7azGGG50DRWox7Vi87FQ_Zdm19hpAnfzbQwQd7fsFf3UlbesLSUgeXdqixP-3OfyPJE_Q0y-JFsb47c4wZNnMu548fy5gKU4qzf82UHFVQnT50mMXWqyySL2ehrGOSNR8gSFXD6RLcfy0o6z69NclRIf2FoAGsbRkzUqTA7W1tH2devOuak7yn2hqZv3UqLSXjDf2bAP0cMOWEd47go8Mb-RTtsL3N3yvLaZyWKdQ2E2c1z8BDA4bfSsquY_GnRbWXfTAdNExsgLyEKU4i0QcuZ_ymzPw9NzdK3YmfFjnjTGwDoDR1EBmde0yz,1,1,JFK
Budapest,New York,278737,2027-03-16T11:35:00.000Z,2027-03-16T20:05:00.000Z,2027-03-21T18:30:00.000Z,2027-03-22T08:00:00.000Z,5,https://www.kiwi.com/deep?affilid=mihalymisroriflights&currency=HUF&flightsId=0b7720a1519d00000baadf3e_0%7C0b7720a1519d00000baadf3e_1%7C20a10b7751a20000b9364cf7_0%7C20a10b7751a20000b9364cf7_1&from=BUD&lang=en&passengers=1&to=JFK&booking_token=HiMIZaOujvyWaqJRcalO8HYaqXjz-ZPhQbtXjJJ1aTTKKo2KhR8ijHNHbfB38i0vzEmclKbVqPp4P1CBtuHu33HhVZgP_E6adx3SV4zxe_ntvdJfW_nPpbiwYeamO1_wVSG-LfY_ERUzxwlYWtn-Q6If4-C1S60x8HE2PtbCLET2zwmTRL4mOBo57fOz9YRfJB2UDH-crbgeLYJheV1Yu1sM0hNVHLgjjh1n3HXGOl-uMFJ4JCKbmChSH4oW5aQ7nCYaIsiM9L4LvTHke7csjPMNhIbjUdIshnh0-t06A9G7gy6QyunDip_KHMtv-ZvXb15a1KJFwUT4uOwz67ysxE-ZjpbD1lZd3UtH74WvdAfCTLOjUPL71JrcENgPbJ5f_3flIoKPL4wsrg6gr7UPktvRdUakH0MPDRZrzWIsUjlQBYczssIDu3JznNRgwyoENxV_dauXJhh8_tg-apI1bOTqOIGA88k4KVYExgREWzk5Q3_Zo6-t1IVkLiBLqlwbq6fugkwU0CfImMP6a41eCzBstKqBG22C6GZSzkLWgJ7DCZIzL5HSDGFjsWsOYgzfPRFw1n81HrDfwkHhCupBN4po5U646EFdtJFIcLtXerU1bdsj5ew0XvmfUv5LbfVP0TSTxTCnCQr2JEur4j1-6tBd5s2H32ypaZyNvgn2YtsnRi2tSm1yHx-ZgeP6qSh7zV0amMlihPI3IUv0s5cV2pZfSGsXezWPwrGm3RN5o4PqaNi_7Qi86Kcye555-wDJU8SM3qLI14F258Pv4dU36w43daLLI9tw9ccXjD8s5d3B_8eI5QF_NAcI8w5ixanXlB2oI2gCIQCl2gwWBAkrtlAOTYagHr1bt6PULNi-lYOIjdgun7SjZ4M0EJ4WaYxRg6_PSKLO26p5AX18nAZoLNqCo36B3kPJ0jZxotYjQ9JnOP7xpq9pMaQ0AhHb2Ar3rJZ8ZsCnadRftetllL3imhjVrp0J2zZLixKkcGEbvI8p-AeXM2CG1VzD7Dv5YBnDBpkTPD7L-oa-BAipMLIU2ASR63HbMfiNzgJWmXIcyQnptSM9wuG2y2NLHX6oD_Em2fAVLejvWan6P3R9Kioy-8xGBNY0uT36qWVy8XCeg0LicALudD4-l-HsO5mSy6ImMCitIa2V4LlPirY9Wmj-RABCPjYxGfZsG1uh-EMsFUnRvYU8LLZGpWlJzlf8slbQIyFIVQTbGtUpKp3xv_J2m0ao0e2R94M5xAco1j5ApC5opY5uqTZlWym5Vi89-n6HvN5U63xJ6WgEPMAy1rdgy8TXpE2FdJ2k3ahAtc0mTpD7frE5z-0jPYuWIbmwFFejj,1,1,JFK
Budapest,New York,278898,2027-03-19T13:55:00.000Z,2027-03-19T20:20:00.000Z,2027-03-23T18:30:00.000Z,2027-03-24T08:00:00.000Z,4,https://www.kiwi.com/deep?affilid=mihalymisroriflights&currency=HUF&flightsId=0b7720a151a00000b2715de6_0%7C0b7720a151a00000b2715de6_1%7C20a10b7751a4000024680160_0%7C20a10b7751a4000024680160_1&from=BUD&lang=en&passengers=1&to=JFK&booking_token=HNlbq_yrrdSq9ExD-voog40IidvFDUeAJdUHLT25uZssgADCIU37CbRVF0Jz1GRdTEqVFTUQM7jfe21Bb0CS3KzcgcVReStum3tZKHBB5GP0bKPevb418YRuOR4DI7QuL3VcD-IyP5f5yuaowWIvfjZ2a1op50zk27Fyp_sAH9jkMfc7RaXj0Ft-18i9nkcj2JqQPg2Eih4EOfQ4G8tVhdo9LmsBxOwePFastY-GntZDeuIWKS3VZbiy_1MDpk7SxDEsQKMsdFapP5T-RRBKl55aJRJ6kvc0094W80cQaUEofhV-l3hVXxrQ5KGFWy65McW2BGnyI8V7v9OAtEsgJNEbJOXWuAl3aYlDoMy3fSuO0sxO-ZWLsVlz6d_K2K2OZSoHxjuUFmE0h38sm2dm8dsiW2fDtpOoaB15exCEr6sXYsGV63_ZvhaDz91hOfnrkrdhBAU2D9YngLrvvrNyqFSnt2BttypXF4_USceHZWpHONMiehSjzXweNM1uJAGlxj52z7aTKCa1FLOCMnLLNpCctRTyLwnr4VUSUNGBEuglo1HzthjyI7NI2M7cP32bYj_Jv_HjXrBMgUnmgrgAFoM3ngs8aZfLmwmQSVxYpKZ5t8QCvzXWqxH5_6lUy7r6yAf_9hW-Sbqtixq0HnHlOASWw72mVQm4Icck7GayQGvu6K_J0Q2yDlIXxYz2kP7Ik6w3CFmjXR7jV1mnDsDrnpNgq1KDvzcwvNn5HzqIYeCQYdafbtCk4N5jo0_wS1m9tnROccoezhEgIy200zpH1HMR9fKNHCAUEFKFfad2EUns67Eh8i7S2YY73d3eWYrXjkFWDPfz6RIChVwvU0nRGMgTsBTq4_JrDQh27qLT6gts0w3AOqM2TeXXv8jF7HYQOJVLkoCG2K3qMOCQZimr7bn8CZyLivrEEr7WCVJ2uU1Jh0Gtqq86wU4wjWDQTNLCIa0ARzGVvdAaaIpHhbXWE-NTXoVDJYju5zwsov97iRo-BNIr0NjweSGIxu7CMrW6gKWqK3AHOE0BNIXXe6TXVe8b_1q5LiSC5XfUDzEMNr5fwwfWVW40LU3LXwI_Ah_ROIMedihjQmr-SkRMOH7O628xXj5xcHfdJ8SUseV7jHB7OxLJGHKowmOsBhtTLV1xb_RHGsHa6BjAbc1R20vd1Mut9qOmtl3iSSA5Unith1l0W11t4i3TJTnBnmGpp1BffOYQqGflzm-0qV7QBZlKD77_k5gheDQxa4HH_e75u2_0cvCPQczbqlM98FrxoPA90_OW3QqSfgCWRKTK_ocA5x8yg4t1SZzCsQ6wmaD2KVpw=,1,1,JFK
Budapest,New York,278913,2027-01-07T06:00:00.000Z,2027-01-07T22:00:00.000Z,2027-01-10T17:30:00.000Z,2027-01-11T08:00:00.000Z,3,https://www.kiwi.com/deep?affilid=mihalymisroriflights&currency=HUF&flightsId=0b7701af5159000022ad3b19_0%7C01af20a151590000e7db9ff1_0%7C20a10b77515c0000d69fa566_0%7C20a10b77515c0000d69fa566_1&from=BUD&lang=en&passengers=1&to=JFK&booking_token=HLMEmAWWd_p2awqpXCdlGbFZ4Y13Z9mpbFOwJx8ORy0S7W3bcOaHgXT2f5fwM8CMAZCqWWW_Q2YJFEmF9rnwolNXftlG4EMtJcBuzMw8jIwKPaTsbtyK4MqlsjGyWcAT5AgbWsxQgxGXuiRGC5bu-6osaAFlcJekQMfs5JTVo7N6gXKrcGn-whtqx0E3TnysnXYXVRhPVgJgOcWdR_u5YvTOUuBKqVSwM2wvjl_MIWBZiWgJt0_MlBVcGBTHHnnLRhI_1bBmwJTUx8Fxz6fTxcBFgjy1Q3WIAqRbYx0tomsg9TGjboFuQRiCThI41krK6Zj9hOsXw2CDBOY0-2otq2Tup6Tg4-TpxaV__1CrBbyjhEdVt6Mwlde1m95yKWd72u-TrGqHG6kNs40SH4vedSrmfQNRyrCMmHKXeyGCE54qU4hVnH9nNXyek4ITn-E0mKNSZN0P1R4ZfHA4Cmikb94W9r18Ke6Lw1WzTfRTLIjGyfGlH-1Gp9AbqXfqZ_XNjz4tZ6GIdlOpR2HNMsdpRTRZneIYAy4BfRGT6vh0-oJKh6Wq6PGs_47OUpzqkhLG7QI2_TMdwjNnvPAb_uHu12RzElfjsMLm1I8ptObpJvlId17M0In7jSY0Kf3NGwlt_LT5KT6NmF98gfn_6UG61Wkg0FFelE6ICZwQnYP9SX90-jAWemWI9sfTFjJuDkzH-glIkgYvBQJ7NqnZ1Y6SZWnO6GE_XtLlmRjeCPAaUNqBS-0_o7kU4FePdFJ1RUmvdDU34eTe0V-G1VEdNIjdHWvSDcETRR79ulLRmm3ayF-t9AMzaleLlfubw6Hota7vjX40BYBGXW3weWZIVUQHaC8gQj6e8mE8c2QpgWSm_IMpCqrnVClggbwlaYF5VueGM56gW4gd8W-t8CwfLVVnK_zAetCnoEYPDkzwoFEC-IA-acEaXaSVVy6GSz8JlnLNh3wRaUWODflUPIOAqsSY4p3fhU-0MzS-3qYjS1PeH_PjG-GDQtI-xY135AI8UUFRrxZvYy2kUffP0-eVfpzz6K_UrSMILccQIfSEXDvHSt9Tj2xJm2nwOtUInIqQUWpanvS9T9LRp_eb3GU98jkACBEV5TaCp1ksBuHPm_HaT3y7qvynU3u_tqdlYPmo8M26FmXBj5DQbU0nwTlqSf2NcQOrWkaJQZYcByhR846dU_B9MEwYWKgnJ3a0R4xJVMnMq8Ovcw2gpN3nR7NELDZT-EbIdU8FhSxi4TUSAh_ILWOAQTOMB4EKWxXjdDd3fBEKscZYRi-l6mDK-P8X0qPC_jnLKnD7H6qqY6pEpB4mQP52lrtZHrdr1Rvf57Bu2jBaxwgcjBad-Z6UX7xW28BVWnoXSkdMFjnHhU6QnP3VDi9g=,1,1,JFK
Budapest,New York,278913,2027-01-07T06:00:00.000Z,2027-01-07T22:00:00.000Z,2027-01-12T17:30:00.000Z,2027-01-13T08:00:00.000Z,5,https://www.kiwi.com/deep?affilid=mihalymisroriflights&currency=HUF&flightsId=0b7701af5159000022ad3b19_0%7C01af20a151590000e7db9ff1_0%7C20a10b77515e000064698668_0%7C20a10b77515e000064698668_1&from=BUD&lang=en&passengers=1&to=JFK&booking_token=Hii0QUpexDyAdwwah1kHb-dvMjXevyiAf7iwjycNMS_XNyRcxC0L63y_U2alFx9k4Z54Tm3MhP5LTIElx-tfsXNttmG8LHkCj_RcRQ7ZLzKIiuLOkghHI5jKOKjnVcq4jFMXj2KmNCR30xmlitCaSjHQ6lKTJVw67PR7hN1Bgu3LOqJC-kTZOvRwsGaxzCF8mSDl75qaDELRNDIeuWGWLSIlEnA8uWbTcXjg16NFvP39UyBitgqm1QxPDEcAeeK3_Efwm9hSiWnhdmHZ_IkzbAi5-x7mo4iEoZuWVhDpPhwmjuvtPmRJFIpefQgyH9LlBv7M7n56tnsNryvevtv7-kMe-uIG3yYNoSPmGilBXc3Xk8EOAYi5WUpOZ1OBkCmD3Bte--5xH27_sduKHuwmm2Nulpr_IALH84-2V33ocNIJUBx3smC65_-JMB0Jz_gND64h_48HlBAM_NNOiTziknUWXzLRtjoamnldeVG30Ha03N8XHxZTvM0IjAXN7E8FR34d6W3rLc35E4PuTIXzxhDBaY_e1rHP6Pv2XlOtjqGEf7eARCd3kNzEeo0gbj5byg49nXfdDzb3bse06djP6xhnQCjHTF6PfzGs9QsG5ZEIE-Gy7AvLc9B3SSClLxxCX29dB5QPLdNlDoDmNlPdbwlKBubsyRKUr3IJeMusqr1n0bDm5vtZev8att7iH_XEjHOU32k4aVPtxbR4oMC8m9xGShFhWu2HU2szKZDW2fQdwLudNJTNgz1PsWsmXGhQKPhSfDXUkSCNQpAydxQQN94F3DxnjyvsXniQu1o2_HLCApSzNwpP6TpAN46QdH6BzBRG4y1DkBNfTXpWTBEl7WM-fUK7AFZagZX0m0_j1hh0e2jeI_r4VYLH7LO-VDK9QMoQgLF6qXrvuFx39DTOkSKoRiErfwuDy7SAmOaPcHWrzrcS6C0p8VBjhnLuDg7qQxGRcH3fsFWNoo3Fubwn0ew6OTvRnO0gpzqfkCl5ASU4xukY-s-p5dGtM0NJcn7Cs36FeJSmJ681562_fOrBF4yXr-vrw3AofXaECJ_O_bVYLGmpXXkAqAwHLmhj8ocNLIZJENqzmX8iRfGyyVY1NMPvNDutevMGt4OxoXxkQt4DHruxn2Uh-JbADI9nqlBclPuIcVcf84xkLmpmWf70LJPtJr8163h5GSHP3u3h-c_c0RhaHtfr_eBK8ZTENuJgWuyKNfogxSFq_e3atkvz1ruC3iKmCUDBdww0mL5H312kPeK6zj1xQ1N2kcPOKutIXhddPsJexbtzXhai9rI5iQWYdsI0bVmGRoO6trbtufhagmJdocYTccWBGwxKp7sfjyQ6d2MDIVuOuNdn54-pYDba8T3QIrmwZTUM3Yi65kYY=,1,1,JFK
Budapest,New York,278985,2027-03-16T11:35:00.000Z,2027-03-16T20:05:00.000Z,2027-03-23T18:30:00.000Z,2027-03-24T08:00:00.000Z,7,https://www.kiwi.com/deep?affilid=mihalymisroriflights&currency=HUF&flightsId=0b7720a1519d00000baadf3e_0%7C0b7720a1519d00000baadf3e_1%7C20a10b7751a4000024680160_0%7C20a10b7751a4000024680160_1&from=BUD&lang=en&passengers=1&to=JFK&booking_token=HPtCQJjxPmcnS70VoOUrZPMSq8s9NYJRyWP9nEwqT430tXZBhr1Tu2ghEjcpXU9ZHkLW_W2vSrqlWQ_BLzBXhg9TM8KbX4xcOhKiIqfXvBhGMwvgoIF5qXhThXw7cry57007lWk1Bxk-NEm9GnGPw74TB0jwYPmxv5rZPNya32m-HrlJ71e6ZC3O8Y11BkVyrJgsF-LCQno21KyFWYvY-M1z5EnT0LUmbhQdPb-x8QHfaJvvbixJw1iPJCYQ2pMfRW5tjQAXtmWc7nTGrHCqUhBwLMFO6MHgIcneAPypPI-XLekl8ZVwk-ciIcmxuk3NqjaVLb2T6-gTzbtYrn1VdQPlrWL-a0LY9PpsA1h0zp8bt6GjVNPOmWbihoIL_tckdJYjQckcMiPSNkdYisuUTKAsnxlnMk4Sw0mluzv0Fy17vzrr9blZKUfzTKdWImrPMP-NoXUEtTCK44lkDW5iT6q0nHH6JgMxndDcGdxQSZGgjTP-ECSxBirYPKRAp-L-GZRWy-quvVRj8Z2R0GtNKrlBppt8nA1E9jy7n1VTJnuJC1lb4zza_akDJIHtgr_WvteHn8NQyo0KH7Uv0kjOotK6c6nD9qtBnD0Awh_BdRjeAtwN3FZSZHK9mzwauOxZ3-4VZGrEb38HbMP6lmUVhqDOEsmtFbpZRudEcWY_-JVke9O6T6i8JWLjnVzt4MwtrXMhGLYBVcSQUS3RZYo8C7KD0zUyMc-ECM0KUueIwVn6i8cZS-iVjv_dG-SxRFkX0jxluvBuLuwwoBRFrX1Sexi7TN08IcFCFFJgBLJvQ-uU_hGpw9sQzDba3ccKIOEli0A5YDFI3en9yRJ3PAOUHIkP2jeykrPBHV4rS6SaeYfQ-fWMqocmmh_ET4zzNAPS21PWS4y9j0tPq2UOsnYYNWfTETOqx1YX26ctnLJ6wSzKHTOjcYvVyaIii7UqOMNAFuXPd-CTf3rRgvqGlq6Ctmb5XXer5L8hR49aeMI3-7hJqwdo_Qb0gVsrgnI-XS5N4n5EWyWrOAPtL-JnxQgGmPtzJTIzo4ZU4ariSFq7fFNzETygpjOcI3TnTz8HWf4ZAn-htnMpWW-oYFT6OoIvSyP1czwtwDVG-jOHLlRNvl8cYcGWY3dz9DveWzZsYSPUbVoiDd7jzfh3WLaaflf9l9_JDmcciPqN40kaSMWOnZXye2oZBe7ztgNHijrXWYtbZ8M3cki7rSBeYVyn6nwhB5FM4GOEU-teGSCAjS5dCXm84EYTY_pAKF-5TPAN7JKhJCSX2syyGOG3CLFCCRhdquKOaJ8RoPn4nkGKJ-C34rhI=,1,1,JFK
Budapest,New York,278985,2027-03-18T11:35:00.000Z,2027-03-18T20:05:00.000Z,2027-03-23T18:30:00.000Z,2027-03-24T08:00:00.000Z,5,https://www.kiwi.com/deep?affilid=mihalymisroriflights&currency=HUF&flightsId=0b7720a1519f00004b5997a1_0%7C0b7720a1519f00004b5997a1_1%7C20a10b7751a4000024680160_0%7C20a10b7751a4000024680160_1&from=BUD&lang=en&passengers=1&to=JFK&booking_token=HVUWhIXVL-cHTNt9LbBQjwN7PBYHhFkG7__mHsMhOHKq2NRpC5LJRBkZYgiXFwibuZZ4Fdovs-Jrm8S2KIyx39RTHFQe7ln9YytFFeMo8SaqVSh1UtOcllFsu-PlszslCnOmlNyOd2BXLoapL-oCuRALzBIRzK9KWpC-KhuZ6Wis4kWSNpXTlws5m9C9C_zzrta0hhUlUPSmUgg45gYYoZBHtD6Nmaz4m7T-TLZn7OICrYvDsQb_e7GZXtaYgzs61OeM6uwFWdcBuBWapjdrfcQAyJnlajhGjbh29s4NsLX0Jblih1ATX9LUbvBwLOJLH0v-BqAkbPzb4cUIuYe4eZg6HjyuR2s6LJdk1_cUONVSsIOo80wDktyYKKGYNxagB0s_ri77OiuPq2bB6vyIWhNB5jy2ERik2cDaNZuPBtfxKPrD7VsC610f05cbMqNk_dNylPxAo3ChnjSOpTjsrhLWqNSaPB1jsuwviU9T7RMtJISGJqD8_m18lRT4daHb2xCUu3x7FKLCBXzqyTFr9fYTiagu1S6PwMtjC7ZuX83TsYpclqOicok-lrVkhGYdEt9POg5LUce3dP7qk9y68W9YPLOn4gpbkVOgsO4XMneOp8TTek1n6e6S7rPkx6qXYsUYSRCpXBWIvCIOHjirk4NBRPNyrPCWTA2MKMXo3kUm98APkMAQLRqlfAf0Qa96teaQkSK4Q9blCYwLhVq21Wuxn50hmHCqBi9GaAACVcVqRfWJSrdmjMQLsvuU1xCmiM47N4L4DTcCDppFY0JK6vyHQVgrIWZxE3F1AUsu6Y3cS7TMJ56slIS_VxrwipEEcwODJXi-ZW2dAsfMCnEfjp9EGPb52Se5oKW5_SE8W1kwPzVFsb3adFSVmB6fO6gL24OhFFBKJ0pOWxs4ojtwwC3pT7FIi86torI6OOWe8NYSNMNqw_cGZTZGmK2kvM1ao3x7WIL94IZUTMqfXWfZiAMKztkWQ1jNyApcl6yDwGWVV2ZNjpUXY6jzbuGix5mqf3-eqEXc3_unEQBsdJVg-sVI0LdGaXaqKeMJKMzQjdksTl3ioE7bvezbGB3Eg9uPvjmzd_eqAKwPKfdrhvF0ZuuW3a6HCZkDxf2DFcfpD9Q0JxqFVAqXnH87WEqryRutQ-S-dCsUO4daFyMT4acHCCCnRVIbzHjDhPT2Y72uz0gl80J6zeDBysifT7EXsDRIBki0ETnW2c0BzvK0CCjZNo8Mr1JZnP8P32j1p-ztAMZDcBGE6gcHJ5NOAmZ7tOvCpHVNIJcJnyABCM-1GXGtOeKmhD3-Oyjn6YtpfZm7ozso=,1,1,JFK
Budapest,New York,279133,2027-03-19T12:40:00.000Z,2027-03-19T20:05:00.000Z,2027-03-26T17:25:00.000Z,2027-03-27T07:10:00.000Z,7,https://www.kiwi.com/deep?affilid=mihalymisroriflights&currency=HUF&flightsId=0b7720a151a00000029a3c01_0%7C0b7720a151a00000029a3c01_1%7C20a10b7751a70000ab375a4b_0%7C20a10b7751a70000ab375a4b_1&from=BUD&lang=en&passengers=1&to=JFK&booking_token=HRguddUEV2dgLRBTKBhF1QM4vyweFkJEGUVW7uk5O-kJQd_VmzMNzZQ_bi2Ug9LlNLjrEO7CjaFE_ojqu1lhSzwrKYZhxqi0wjOUnZjs4VkBmFHE0eHrfzhMPB33-LaAVUmF1U0lLlv6RNAY_dkUb0gFnttFd3hU7cgND79MMEdV5lq4jvWS8FDZXLj_9XE5xU3dwq1S0V1O7-hhv_1_ewTcpEetJ_8KIFxetc9H_PgA1qkpS3kfHz89CU_9ysuLoXUeEpKFFtGw7w1dJAb-nC41O1XXtrlrsdbF1KbO42kMvT9M0jX5gRNSeoQrDwYJ0qut1mAgD7UBc2qD92-vxBomK6gXvZ6ciDG8tAX_Fam6NgN5kYbJluqQ2-hvO7BBZP61esEpvoHBtJZi-2rNcA5Xhk37ARaSki9cOBjWLfi9gn5vMacV6rSNQaEi9d7IJ1wkq8aleYF03REghDqgDl3zhJ2UO90UYYkZKGm4huRLFuY9cFajpvHUEYsCBQfXQnLCm-IxyjTCDwWeIdpUqeemgJ2TTbo6JwE66T5XRLa3j4rq96Kj2_syycq_qkp-iUM9vz6MyGbkwLFeLu_FNS4x09GhvGDnvpjtiW_VWpgriA4kXTTgxNKTgkStlhlfeFmg3mTbseVI4AGdRmhwvzzVOeZGWvXo7g5n5b971DEtOkMKSrT-59kS0XohEPm8sZIgmfj1k10N0BVOXUCFoPalH-yqPHtGSKXpCPUG9i9OrQIS1mE_1I2v2lSJp8Yg11Tf9NF-ZXLvKcpzsn5t4-ui-nebYLL9iESmKYpNawqSs0vnHbKmUdSfuVKnfXMwl1bjstJvzuq6o76G8ZnPkuStxiAc4ak5CtcQAa1Cq83zYaIS4dkdKC4UOxJUI0lZD-lLDz7mpgmXWmXfrmD5Vyol48kBNNnjs3dRQZrYYd_G4XNEA6dRq2YI49CAVcVgAs9u4YsBzt4UgWxwUHTQtM7aRqF8MA6kwrM-nrfYV9bJ07ru85s3lt-tdUzg_GwvY6CzbIQkYDdmCtmC_yqUPeAOkuPKu5HnzJYSQSKMU8KeU8eDob5MEe21NWe_bcUyfv7nN_MO1SCxxJA5kB7eNGYNrLj-P5AhwJLaQzdqphd4IGEftl-CeXLDw7t-pxqgT8o7rMwcNPCY3wh6Lc4HKKqsiI-wLJZuJ1idvlEMuB7grVHTOk7DUvGfngY2tTMro0k1ceu31kr0RlO0ROHfKUgdw57dIPLHdq0YrDGaSKQ9ZSipyNH-Mp4hRZIikeUoNHDlN_eGreQU5lEGvU3TBeIEPh_LMnMHFapUcWtNmr3U=,1,1,JFK
Budapest,New York,279182,2026-10-17T11:25:00.000Z,2026-10-17T17:30:00.000Z,2026-10-24T00:30:00.000Z,2026-10-24T21:20:00.000Z,7,https://www.kiwi.com/deep?affilid=mihalymisroriflights&currency=HUF&flightsId=0b7720a15107000034ab62d0_0%7C0b7720a15107000034ab62d0_1%7C20a10f0c510e0000e0835b78_0%7C0f0c2333510e0000bd7fad8e_0%7C23330b77510e00005b81d3b5_0&from=BUD&lang=en&passengers=1&to=JFK&booking_token=HC-Wh4cQdMT7uzI8QJILvg-n7wE50ZEwKhe3ja4r78eTYWibPJ9-YJD_yPCOCZpYX0IESaXTNDzL_Oj3OZv4RIjbvCnBxxHpWD7wkbG_UF0Al-KmcxkHiMYW7S7gqzhNPW99kdQrPV_xnSPQGwyPFjBROpeSHRYSwddI5bcvI18KwQIt_DzIEuQPxEcN21aGmXf3UP40lAVm5Ki9VnjnfHoFRgOJEAppt6yCF5yieA0wfiNpLVHFZa7Xu7033BnGlY81zb5ijPhswVzHqnTcG9qihuChs3RLqTJobhQwf6xT0V48fv5Q40-7fg7oGGnrFu4wr3P1sINNnjNawtw0PkvaXOGGxcEjgJaM1Q6jcz7HLVcyw3HhMEUK40Yw5Ipi1n-6C4SSaCDk39O9YF_Y5JOgbv5YBYdh4E-RoZjGPHBYSjdQ6zw7BLFNMVH5JKsLeVvRODEBLK_i5XOV3WyqlvGMW6Fv7cYGwPahnz7ta2KcZVfJ-zx3Crs7a6_J2e7WVHSRQ8hUOU0k0cVJxw0UR_LsrdVA7-Y1iPJMsRFQTrxnEsTtRyUfnq2q_C0Lwzv_HGO6hxF4dw-HVVRp8dtsg5epYbj16WESyvIyLw8GcDhPN14QIk12Us9o0Bn_q35di1RJvD2X5-4Sag5Xq1rN2cDPk_FEEYiZPJswaPf_IWzxzgx8ZPlbEs1luij1O5eCpIg_EX2NqY089WOGR0Bmc6l4C8zWpETMOayeypUttKBqc5eo6V53YUQ0IrsSmEjTI3GdnPb9UPXNu6DPhfiFlJLYDhrH_9HxGPim5vCvs8c4snrXAX4reT9NCd2aMVMjJkK__psyEwJSDj9FYyKrW-w3nhaDLym7TcngmIBFmZrETxtY4yyMWRQ5O1vgZVm4mkeJnAcjFhzkqbYVWOHKLXbVCbeaNHi-ScSM_V_7yrP-ZJg6_5hU1WD4F2_-Zw8MxwFDNqZ30xsV0ENzD1afDAWKcK0f2mNZQ61VBw2y0uW1YoMygj23Fdlb5Oh0353T05FzpY8ri4FDIgHn_EPV7nk8yF8yVt5LHgdheUKN2Txha4eM52ahtVQ5rdUPCiv3zz1xTvTNv9IpSAV1WpdoFGms8eTYMoP4DpPjTzj8PilGjWwThXL8DgaIamE1AJwraN7dxdRekGYeJSpzYTKdJA55gR_HmcNe4uDv_D90Jx4r2UW9dk4qWPMgv9uNE9vUtot0v1kxzAklBe529Q1n8IHbeJNv3qKdhmSz4GaOZozoD4CdrcnR5fGQDtOcZIx33LLfdLZGY2aJvvtGzk28PWMAFcaDWGeAaCPd1oGN7_nVzus2fM4mtHgkUA-5hAth23pJaif9fNrtTc256QqpsNXXT7B5IARAH2vwo5fmJQr4GUnfZC-FisHjUcyBUUG4KKHHnr5cXpc2k9QCxkD0geA==,1,2,JFK
Budapest,New York,279182,2026-10-22T11:25:00.000Z,2026-10-22T17:30:00.000Z,2026-10-24T00:30:00.000Z,2026-10-24T21:20:00.000Z,2,https://www.kiwi.com/deep?affilid=mihalymisroriflights&currency=HUF&flightsId=0b7720a1510c0000d95042b2_0%7C0b7720a1510c0000d95042b2_1%7C20a10f0c510e0000e0835b78_0%7C0f0c2333510e0000bd7fad8e_0%7C23330b77510e00005b81d3b5_0&from=BUD&lang=en&passengers=1&to=JFK&booking_token=H2XNWU5n2x4jpvKs63CB7sgOEwZuzwSXXFqha5-6JsXcl--B_7gyCp66_q5sJFsr0OgyERmwvJfJU939Xm7a5vlHVaPARm4VZH6ehWCS_ueq3Bf3HnY03MXqlvzHDzbPdVJy-457asp0O_hp4lAS6vOHldG7V-U3Ffh5nzTqDn3rheiaHs-8-4XZ4t3SzcYS7kMk9MGwVz8IEvtCU1U3pdrHd01hLXd69_H5Ye924dqNWQoTgvYE8OeOCQyg7ibpBS-MTbIJ5574QtlBOJZmH0TvOURMwrhDIScMu8D6jolXo4kZ54NlgrmOt3okzX_QU5UKt2NGCfqtlwBLBLeCaIupj4RYTi2oZHEMEqr4mhKLLiaikhoxmCGbdw0AjgdAePSuCEycGV2Utb1u-TFKisgIhrR9k0ixHJlKC7jvX3iR_CuGTyYAY1ZLRda-8ntntzQk3DKGM6wgNIimkaTc2AVMjYOyCELLUpWbZnIqFwj8QBMob0QMs-NXizkFq55ynoSdCB2WYFvqXleL_1jmD4mYT_qbLd5_yxyDIMy6dJjqPKrLdB780Pbr7vuAQAYeF_Aul2YqwxTUYSRacoqK2py_ked8GIf-7E5Kp2SmUg20FOQlg_po4TVuVH45T6Ld138bYY6_Qu13MzRnU2PH0WcKCGjYEYnXWkbbV5C77CtXLPKYffvZ78cucLsrcsxCJ_9A1fpQ-vaouNIq6ivS3bJnd5rGGUnTSbbcY4YRd6Rqo3qwJpYe4PGilBsy38BkqJDq64o3c9-qLiiUSySMmPHj2Op4RXzID8unO0BkKaBCInAxLkhp4iWwUTcvnHpgEtoPsjiGd6s9tT3l_8qW-daw5ZCrWlkb-EQsUzmCn1IZRXuLk6OQy4z18qXnTYNC7BlS2GEmFEq8wVmXfrMc1U3IkTEMV7r2vqR_JQ3KzH1d6Cl6Nxv3WyAV_zDA7apU4YW4cicrWN-dFy_8a7_oxI-HO5AFQCu9RTED_QjzwlBDy9TVWX8J2XN4P8dwlnrKoG-d7MLQb6FyJ_dv5OPNoriobsw6dKRE6i64w8--kgg57_yWWVv2ulzV4npFYUAKR52C0PCuwI9C3A4ZxC9gaqrDrhm7DuwjvYJuXod6JGg2msrPWZ6T-5yuohIMzKF1QXx13U9AMSsEgLO_ctKUOxA1Xyp9U7_a2jVCez6axicy-JBKlvD6sgvacWogGLO68wRrGd4vMeAr9uiIJDTTLR1ua0xeC4j1Hi0zqflnQBj-6AoBZBhmw1pv9_9nV-_ExE9CD80Ps20Y1JJrrImlgmN2I8KGVg0beXdxjXxHYSs7S-w96sLyTSsbx_xqtYN7jaKqxWceLZUBjwASeoYlexbyhvM9EWtuFrFoNNOAXiFPZb01pkIiCl9inBIoHNVkHPLjriGVaZ3g8LbklqCNcUg==,1,2,JFK
Budapest,New York,279195,2026-10-13T08:20:00.000Z,2026-10-13T14:25:00.000Z,2026-10-17T00:30:00.000Z,2026-10-17T21:20:00.000Z,4,https://www.kiwi.com/deep?affilid=mihalymisroriflights&currency=HUF&flightsId=0b7720a151030000ec645d64_0%7C0b7720a151030000ec645d64_1%7C20a10f0c510700006f4ad9a4_0%7C0f0c2333510700003295faf3_0%7C23330b7751070000d46b84c8_0&from=BUD&lang=en&passengers=1&to=JFK&booking_token=H3WjLYPufpsnatA7Qv8lp3Kf3ER0SFsWFtjJirIPHTclfMQbSL4xbO55G9EcEogNu2fDpHjxyAe0a6rkHTcT_YXPBQatTh554TdSe4M7ik-wG4O05zfjtaygE1GpTp_jB52KcoQiEtoRWmeEw0WYr8HebRy7viWoY_T1lVxldmoafcWEqoDReCzb-ONR7g5WFX6a77MdNJXUacQhWp6Wf3MoX7FHt9-lmYBI8bImM7Izf_pBeNvP20BRTB_9YJa8aUqiCRayrz2WU4yg2_hWscFELg88bHlFHEoAfwKao_LnlDQKOq6VP6sqSNGVfF1I94j9WKIJRrwxMKYQTssvAQSutcmY4eJncV1bgQBkkycZKR5pNAWQXfrIPiiBQOvItj-cvjlqQwOWfZyyHGgEX3XYpXFHMWfyvImsk1L-KzMAVWbXIbRMYL4YVltM5HNKvYIczhY4kD9mhAFzSoOBELNuq5gAWJXfEMSFwcZ7t6zJ5JkMYxPqptxaQTcR_bpT0y24eJhLcrzkk0Mqsw0G3904uAwp-imsmYwRZXCZSdiW5pqlFag6OFLZ_ubpXa-9FqY6iBXatLwbEPm7F1oASjDz_q6OeG_HYS_eYGSZ-9pp_kkmMFgs6FlIYDkYRwhuHW37T_6X-ESQeRwT9ffgLO3W3Us2Zjp2ZZ149hiEqdhu40x_jnfMnYNEyMXWKb8eCLkUZX4E2bjdHfHtdLbI3Gm09gfs6LFwD0GH0DadsrIwsEhDcC6I0Q5Apm_79ETxynVzbaYAw-qsfcl14rQ1i8YB9nKd1S4Tm2flhL2C0fN9jsxyaznOY-rCQOdmqMM8pWg9SC2p4Ay0vL7-pNTYjjVfAwSRG79hoVWxETwSOtNei3y3FnsF_ZQjsmbkzKbpzxMzjQxn4gHMBsEdpzn56Ok22MGtXsvtXaia5VnQPmjBFfjqJ-FsEdZFa8-60s3tumdfR7Mi8zXWUDuWGBZ3q_ijLh1uPcYFx9TXdCd_HUbTyew04FU-BCfVkbcoc9tm0ARCu8cKw4Dh2i6jzr4zG9iEt-Fve9YTXKZPiLnog4MfebzAmjnm7AqM_AqQJqC8LGCS7mlCIl4GkPFJveAav9m6nHNPuAPbVIhyZxeff2BR7Wb8GwY-lyAAT13CTz-EECDx0pQNGHHjfiSZebOrq6_mxLlQldgL-80m86xLBOc713ig7EYtiAvnUIxiDmxBflFs_TDI4bX_pcP-aDqIwWy23d75yz6BOst0GuCoja-vVTNoU0FIWJQoX1mOM40E8u0L8CLkr0u_Wb0r7Mu_lAr3xiqe9BG6l4jwGxj3yeQJB0laHczMYiBTnCLLNs8ZSTxSu7lKqx441uazzV07ypFYv7xgPS3ZQ-ygGdbFFNYBt-XQ37gPGCemmrQr4T9Y-v6sH4XEwl7cbsVO88rZZYA==,1,2,JFK
Budapest,New York,279470,2027-03-28T11:25:00.000Z,2027-03-28T17:05:00.000Z,2027-04-03T16:15:00.000Z,2027-04-04T07:20:00.000Z,6,https://www.kiwi.com/deep?affilid=mihalymisroriflights&currency=HUF&flightsId=0b7720a151a9000014002ffb_0%7C0b7720a151a9000014002ffb_1%7C20a10b7751af000034c8ecb6_0%7C20a10b7751af000034c8ecb6_1&from=BUD&lang=en&passengers=1&to=JFK&booking_token=HLjJ0gau2wvnK2VhFihgkMWAzJbsRBWAdAU3DBrWnDr_CgWNN4JuSTSCa1g7mE7s2JGFyI-UnLEfzAjpjdiHuhlwTphBED3Rsc7Bxq_JXlLkQPGJGKaGb1GNbTXrfpYJbHF8OkITyydm0o-uNXRSfJzoUoRvkzon-hnQsJuTTEIrVk3mLtP43Kb8MGaO6mMPd4pWLIU-NzsqgZGukW_OrdWYw5YdB20N9ETQMMPa3QiSMuhmdKNZV1LY-Rs1rkr0lo957PDdjVOvy1hPzHQ8qsU5f-NlLdS83YwGnBpLDHmkMQvkbWdaDg5hJ8JGgrN8F3xt3p2hudsUwXF1Ax9cgFcnKW1hsiAdXIA1GhE2VYFH1jJRc6_XlvFQYkmQjr0smPMdialPGVGB5PgT7r5AtUNnQVvH6_6run8ZTqAcF_PyX06HYBxWKhzQCCirKMHpyBanSheWJBWKp8qiFNL0TxVdCpbrhckJ1LKw681wUNp-qic7yIbsIovcezLuQiDtxzcakc0Z7D3peokDGUpfLQNFQxmybGFdF9kyTndlmoD1nskaA9g_WsAlAcDWvPuNx3EPwNqWHCNfkrnUFHO0qq8fu8LCPudcCK3nuVbyEV1n50BWYsszWJsnR1uLpbC7_369HTnDdrAs2Tpw7xOZMzWF4dGnxznsxMn8_g9XMWaCkPzK2TDeosGbXgS8PnvKBHqnwUJu24MAj2jKZunTaEfd6z2fVKUN_TOPABToaI5uk48UoFAfxn2nxJFtMQPXZ7jqIe5ZdcEURoIiHU1BzplwNX1g1pJaCxz5Ku6uR3D9QP5gZHDBH3SYWw6NoruhqNLOjJoSo7jFU5XvGR4ZOVHlbpHuVXM1YxJAJzCeE15RYHQqEv4BvAB2V7kGBQxPW1wS1-XrKewZYlqtmHg09HqJ9n69ay-cSAEgcNn5JRvMhPnBYqGcxNDHAEHs5mKrNNAuZRttZCK_R49gKidO8XLQkwpzE--gdMGOXOxMXI6GGVeDiE9-u4z-F7QlDGw7D9i3BfEFVPntzKHBkGszr9YkIzo90pfQtA_9hFn0s_R1dN9NqWt5je-hgRHTaI4_C9Tm7NaN9CHu4Jl5nlb3EGpY_LpdBjKvfRjghILiSMCXTHG_ANS5SzfJDMbLnB2094nz6HYEwIFfRVM8CH8AnEMARmG2SYuqtz8HzXH9FqZD8mDO-Ksl7o5_YxSK690mDjhTu2rLEnfrES565Y1Ff-5Nd3SzJtUrC4H4HFMhH-rR5zqgXDDlVIXIv6mQv3glX0wkSQ1uViKpq7nmaxFqpQw==,1,1,JFK
Budapest,New York,279470,2027-03-28T12:55:00.000Z,2027-03-28T19:05:00.000Z,2027-04-03T16:15:00.000Z,2027-04-04T07:20:00.000Z,6,https://www.kiwi.com/deep?affilid=mihalymisroriflights&currency=HUF&flightsId=0b7720a151a9000085a24cde_0%7C0b7720a151a9000085a24cde_1%7C20a10b7751af000034c8ecb6_0%7C20a10b7751af000034c8ecb6_1&from=BUD&lang=en&passengers=1&to=JFK&booking_token=HBduJzYReN5cX84r0UDgrz6nzMbkcNHcNTvPLt6ce1UVFHhi2NfPcG50cn9R9QvEJ_Go7-mdjIQmK4L2oPku95XRr5s_c0S5fFZC8YzsyHkG3NkGRcpTNqT0wdVG1vdNQJj-P31OTB-Q-T5mgpbPHeyLu6LZ95ltSp3oMX4Nmv_P-CwcANEK-ATHKjKpSayoW1a7kJFi29157PoDOR7JcdSSCiVAjsEHau7WKgiRN5wMFf0mrMb8OUgi4RWom2LcfLHIAReFwLIoUa3RyrOy_SbzagAwBbhELnCuZH4LyNrG6GmDp8XxqAYC2Q-gA-kDchyZAW1msYxsAdQ0jDB5zF5JOwB7Qfl3z2y270gxyNGr71cSPtgdLyDrCoYKdNLvwLXBRd2RwJQWhvIXEKDCsVuSH8304zwVjmSSTnw-lYeEgMti9_MTh1ZFhTVck9iyUeoV1RUjKfKvVyAF3ENicDdhiDgfZlbAZ9RGw8wiE1og7r7eUFe5NiGoJFbQ33m5Ly057SbzIJdDhoZvFQOYKYaVPY6RTMc4yuad1tv0jGTdAPCVodVT7Z44-qJPMdKbc6HR-XK3r5qZuvTVyy5j1KTYoeVnd3veFb_cp_eqyMUFLCUxMqk36QtVwxwynRsSzFjirFO6b13QAZo0adv7tGZUWbMOAcZDeI7ZRT1ZrjJk56QUQjRCBeQcmOlCzK5PBCGHLFUJSYYcQgk0LHkjflZ3c4qmyI92jYSRuY4XSQqqC2x4Qw4DsTonMyl9LdJpingVcItM_EDsn23r2exIBawfovFtVqkpAXEKLmYhYTjHtb6cmVknn20U0qvwp-jELqF-AClMSe4fOkCCjLvKvYpsba5PnMqIBIPCu9DM_YG8BN_K5lVMl2rp3rSaaDzrNKDDMz7Cwq5gwskMzlK3p2TCedYvdwsrFQS-gQG4IkBoBDjhDvdI5Lm3vEILgLGdDNqPfcz1viX-9bhpVVUqHDhMbQWSNFybM1LF33I-mD4OV2Nst7xsVeiCFleK8-ArARwHPn8y15L0GcVVmHZK4PxifuZqugh8vaquaUTG87R1TgSDqCnmwWwNK4mzleKCi1y4drseIzw81ZsBA0LgYkhGyWxWgVXkcV_6hOZMtnQXIBQkcRog-q_r88Kt3n5_7pbZkLTceigzMqU-hKuWeMRXKzb_n18yBG5tsD_m0BL320TbTE0BKncURJ_RRLD_TGBQyWxQXuX-HATJsdyXOCAab6ZFZTM0gY9mOSi6FGxh0k9fYu8mfmOuF4Cgl_Ij4iiuAr3B9tRN2iLFsRzxohQ==,1,1,JFK
Budapest,New York,279531,2027-03-19T13:55:00.000Z,2027-03-19T20:20:00.000Z,2027-03-21T18:30:00.000Z,2027-03-22T08:00:00.000Z,2,https://www.kiwi.com/deep?affilid=mihalymisroriflights&currency=HUF&flightsId=0b7720a151a00000b2715de6_0%7C0b7720a151a00000b2715de6_1%7C20a10b7751a20000b9364cf7_0%7C20a10b7751a20000b9364cf7_1&from=BUD&lang=en&passengers=1&to=JFK&booking_token=HgxWX9lFIILia4EEQAvwQiHJhdRQ0adQy7XbBq-xkeJOvvzh43ets3h6DiZId9chdYBmHqFbUyN6SBDSsKFXvgXKJiAZ1QlfYhcs4Z22NiHL2B1LjUPvQO47wG0OvlgDFcph092Cm0B2yLny3KqPcf6H76xI5TWnzicsdU0GCTtnfzmPxJGlhMEREW3bZZNLbU099Zu1EVtTA_im-y5jc3maNRECe0Q7-cRn3NH2yHDA4JvfXMmdOjbokUSEwH9CepE21-ycGAhdhOnrdYBPRHkD22StxEXIdy9SXkPpn0mBhKmTD_2Tzk4QPaj0Hwlrk8dQM9R0wHnx1lEA4G1rLw0AcKgpAKi4KskdYY2IUPmccEV8z5zkglIjRy1pdv9gf0EQw3LnLEUDoGaEs27c6eR_b9cdbXKVdp1V0BjP8VA8vSCUedASCA-Hoare1hT4svNzgw856pdXksyfYvk4JuQ4-TTsPBlm0_mjJDJohMmYCdch0vZ75SQ8dMc5dUc4VDbpFLVeh5ihTMb0AFjsY8g4C2k507jG0fY1ag8QBJkqpMLj1Xfv-HRDqvQIgUYOIcdvHV6q9w7kffCKenWm5h75EoUB3y1apVptIdV5wiKrfOGNdgOvsEKFaSND4_WJRB4NstV5-LH69KVS32nt19G35peek1pp2wvrNvXKxn9yaNSPQPJYLYS4POuNdhebd5MRpNjGv-zqiy3BV9K6wgmgM5qf2NyN2X4HyblKcuwrVoZTpW8Tx5AWWeHpOTNCvyPdiDNis11SNYjSaW45mET8BG_wROVrzvT-aX6xpn48Ab3YPdsI48ztMItqh4ateEbET3hOS-rc7ESuwU4DJ2a_1pxds7hMkR9yHOrSxTO6jA4aggJQ1_O5ajYG5XJ5uOd7JsUWZz-toYMNHxNJUrwrS_xTppEg9rdytMn4zwpqBUhy1giLHnFe2TjPVihtooouKCZEXL55iIecTt4gOa8Tc61dOm96h4hKAVDwI6DTjAP0IIFTGLaMwqSq_tbm1UhVqyQGOCga2c76PnhxPuYfXf3Pvfx7HdIkC57Mcz42LMwkcMTvMgWhH3x3uPEYNQ6nF5TM37eIEiRH5ib-OkRtc9-ht7XMPcEXttt01u1enr-f9f01cZXO8kLUI_-ghIDvYJmfdPFS3UqFGuUKOv6MKQRjv3VpIiNgSD7SV3-VHpAOlMTVaOCk5Mvp3QCTujrUdbTwizvIsJoezLnCYzDaKZ2NFr2H6WHrkvCHoMKLEK0j_pjuFXMuAPjUZMefgSr8qomWNLdn1c_Um7j_WoOWxTok7dA4IqHzcFylRKpo=,1,1,JFK
Budapest,New York,279531,2027-03-19T13:55:00.000Z,2027-03-19T20:20:00.000Z,2027-03-22T18:30:00.000Z,2027-03-23T08:00:00.000Z,3,https://www.kiwi.com/deep?affilid=mihalymisroriflights&currency=HUF&flightsId=0b7720a151a00000b2715de6_0%7C0b7720a151a00000b2715de6_1%7C20a10b7751a300005cd2b5a2_0%7C20a10b7751a300005cd2b5a2_1&from=BUD&lang=en&passengers=1&to=JFK&booking_token=Hk3dqLCf6SsejhsrWhKIbX3z0tshdqnRv5pcFxqF_KJ7FmJs1X0C4IRd-_RPqpkZZWnqufcMFtjal6e2zrNucKOxRm_hfVyIYXnMj3l0TkjQd7mDIxY50oKn7XizDJr-rrxZcwpVsSWSE6-oHANKRLVvis8M1DqzUL0YX3dv7ahbuf5vHWodYef4ovQQYWwllJx08crFu_1YTN5wdWLasN-tyfaR4JkZ5Dn7V-G5h0aL78_tGh2hi9KykTe3FI0X40iHIQFNa9H10t-eFx9gIvSqtidxyvB6eriLxRLjT_gKrJFm5I63CkpD4G8vaLLGRD5RT0jtA2TyZ-4MSB00WAJYBWyDpldzbYvR-Ip72jx4BMc3Vm0KplI-7b4X8SDuhE1pLz2XYk3xXPXHMa1selwJ-3oLDuDAukPksiJ6pw3lUASoai9CISorasy1Chr5dg7EAqIomvusFrMtVF6VhP-s6q8tQIBRG2x5sV-CowrNk6QUW7DhwEwasKxIggzUROHy1yyCmTiKQCyqV_KTRXAb0fqjkMiJf7GOyPV5DB-aNCbv1ls9kupCOzlWNvplQ2YgiCUvE87GzG6ts0eG-ECBt2NZj141RAWvFBGhYWv9rKiqagYd5IS6ZNoQYEt7vsIGPK7jvSpTuLqfUGcQJJKBZfKxb38Zg2QBiPWguQGd_esP_3PZDg71EVxqj3-_gHWM9L23D0yj7ErPsbu1quHwssIK6Lj5BhFiGiU6EkIv9r0i3x8xtrJFwV2-oHFZB8RH49zH_0h4TESFyG-8fohiqkRJ7NIBvcPGDpPd1WWNYuTvFOXul6rfRpaQaegEVYdQZD5f2aBu11u2IMcmTdMCdb399ciqEkr4OYxetMQYwlsUGFeXf7dRaSOFVe7Nm5qKmIt7ubY0PoS7WmtYQX7Rk-zVMI-fjBBYytNhPPmuPdf10rCrQKVZbYF1diZW1vg47EVSsNp3HT3-WMZW9SqU7Nh4Wa8FbIW9t_azNGIstZt5QRr3xXeVaezHfAAmhylReD01AKh0sn-Ea24kiodBM26s0T-T0Iigc9Jh0OcjKGEu02ubkMDO8FKEvgaILH-4dCN0XLeEKQmZL9hPiZw2-t947kOvxD3DxocHeVr2OUMfCafrvc8wVQPbUgEA7iXbL52EPqckDBvLDam-6pCl1oMXYsOrDMS8ssCzueyok0X879Y9ErdpRIzsMRmNoguc5ede20rMzYsPylxNhCEOQWIy88cksl5-DJT57ZlBhAaCa5sA8wI0HaOxZcTGqLZR8Vt45oGmHydJnLtptg4D_EglU5WG7gqygKHDqBs1s9h9vJ9LofJOeOla2Saj8,1,1,JFK
Budapest,New York,280041,2026-10-13T08:20:00.000Z,2026-10-13T14:25:00.000Z,2026-10-20T18:20:00.000Z,2026-10-21T11:05:00.000Z,7,https://www.kiwi.com/deep?affilid=mihalymisroriflights&currency=HUF&flightsId=0b7720a151030000ec645d64_0%7C0b7720a151030000ec645d64_1%7C20a122f5510a00008d2566e6_0%7C22f50b77510b0000f65a2221_0&from=BUD&lang=en&passengers=1&to=JFK&booking_token=HIE_ad5HU2fq6zWa1N7VbUiX0LrwX5KuthqJy9ROSr9mRjTj5n_b5yxS89-V0-l1CUWbUpajmgNxhIhol72XUDl4hhsuDvjyH52l3KPWLTWshBzm-5mCza8Yoe7diXpKQ5f6WqNKleh6Ls6siagUxaoAvZBpaZHCmuNp_gujwSSmbpCh2tLvuA_T_Dn7hqeA41rwkGxXYBXE3VNgIeCe82UdCAvKPjqt2q78VdSmm7p3HKlGBKGiAcNkVX8s2tlQzd65xc7nuPUazrl0YydTn340uYmqgln-B5ESSvkj5zUdmkhq0wJcDYeGFDq5hsp9_blMlKDRlASLV-tXghjCZQjRyzo1_7lJNWTHwucg6ZrieUk8eBD8VSgzGtRzPEiDNKS3ibo2uo0lT4mNEYiMF78GzNoZpUPerucd_NTdPXazcUh2nxy4EmJBAvRF_tv-ER5DnipbF1ByK7OrBCk_nSMhEdW8yxmvCzEXOGDq5Hgk_iqNeCYo2TZqQ6GiI6LW-VS2FSaEcFIlXadViRUo5caXcCKfXp21k91HEmKU-Ib--8oVIEhT8W-TjaQkr-PkFXojTY1kFsXKsRn9d_Vg1Px1AQWdNlJHX_IEy-Q7hfGAO_HI401BziJyZWaFo9skIEsvu9aH47Eev9GpAU4ymrOgHO4BuDhGysBSP2G_eChdhJPS5RimXd3s2aFOVM8my3Dszl8rLISF7nLcyVGNiFGnbc1iPWirY08-Pgwke1X5WgAwNCaai3MnOmKYcOIEs-E9-AF-Btov-BP9WCKXOfge5O7629OkwagJrjKALJEieA7jSfo8s44ZdRIryTdUiVeveagw_TZ80X3xGVA65eB5woV0pHfXoeGVdsdumbL9IaPC_WfwHEPukZfjiLK-J3lToGurJsuz4eZ73TDJZZGMOCITE-foU8K4afiXx3IM32QR1XW4cYbjTWpxNeMh2csDGx1wyPV7-5aZPsBpTj1Ol3IsCavcCtDH0FYfT4_oY-PwtD7QV7P6BvNYaRos48aw6G4wOdobjjZ2dMyk2ApRVtKVc_huN9EzksmclSgHu3TCkfYdg6K8Dv_O5nUvngQZFPz2NPjomTdCmg3JOyrINhECrQ3PLbXOuT_glnpq9DkPA912-tbCIdJh2l5nTUzQZBFa-v4RhdzEWFXxjOHiJNCfHJG8dq2vfZ9ZrsIMRXoeoN5gxjYzmY6OW_11geR7nHGENWqudEM4Mrbn-X_6I_qk78aIy-77cTtGRAFZ68wHVBXYagyxccq4SsTDeDCaTnIraO6wJsA5_EGwYys_RQ4y_RUNplo9x2kzZeIggQTfJF1rGMhJzt7bpxdtp0OZ6VAU_jbdx4_L9qp2eXg==,1,1,JFK
Budapest,New York,280154,2026-10-13T08:20:00.000Z,2026-10-13T14:25:00.000Z,2026-10-14T00:30:00.000Z,2026-10-14T21:05:00.000Z,1,https://www.kiwi.com/deep?affilid=mihalymisroriflights&currency=HUF&flightsId=0b7720a151030000ec645d64_0%7C0b7720a151030000ec645d64_1%7C20a10f0c5104000069416305_0%7C0f0c07df510400000978f814_0%7C07df0b7751040000d185b090_0&from=BUD&lang=en&passengers=1&to=JFK&booking_token=HVOMv9cmy798etGwMohrTuv8GjWiY56l9BnIsxJRftdngnwGaeiP0WsmarTOCLZNimtjCyK1XuxRimzeB7jKen2_a-a1Y2Vgt1_xrg2rj-g-T6zOiUulktYr8ITimnh2PFmpVpIII3BTrnRlOl2tMmLVe6H5e7qrr5voWKDuUQE5txGOWl1QcyNoAg7k1WmRE4-Dln-LTk7HsnVhGEQbxn1e9Dvh9ak8QcZRKo_srJv_Lt2l_CQFlTtPHayHicLkH5WG0cE-Lq5LZAP7KgEq6pADKOoYr8nXeo_ZNggpTLexLXhM96zBvtI_YCK6bcXDS_RQMLon4CswJ-mKswrzfuvBk5skAN8ZdAHIE0RnrLctrTGI6sFUr6ubFAd26cg7PCcIaOgBt6ThAw-kBh9WkVSVna5dpDSHdoTL1JlGq0aZstSJ153M1W6lSu4MHty1Gq-x4Pvmttdo256SRt3mfCeCBZ2yltepopKrgQTAoxVa4v8kamQZhqh2cmVw5gWNcsUUB_RI8g0ymLUc44UoyXKcawgc1E3a8MYKJGmddLlTxbCYFVipQKwVbvRj0XFL6wVMoGsX5wXvfMJSSugEx0S-eVnYPWUnCWsIBT096vWJo_Ijq3u0Cmbl6xyeMVYdKyVRcriM2l7eyLBukQoWktIPT4KzNg4dV6syD1CWxrtWRhnCRLcqa5z1HQAXDeca9HERm-VJ-73o8fC3fXjyU9kxKrN6MOwcqg_VWE7R68SUK426yIH6SNLF1qyh5Nl2NvYj2TdZY3W0B87smy2fxT33lZ0m1Az_S5x8GNvJGKT1QAQQirOrN7h-vvzV8MIpEvupF9mDzxrgVBmyil1XERT92QB55BfjO_vWAKkWl8Z8qFUgcO0I3sXYB8jMykIDe5Bo-WpwDBCP6Jo9bSyoH2FX5psv9OdZQfZt1KXrY1BlvkbxUHky9acHqRSaBgr47yuMYQoVy3COXt3BvKqN_gZteP0QsZyLF_YPUDilrHzCVxxZsvw16UNPxIm3BSDcbInDbGmCXkpnZXF1GomIACIE298pfbR0r5vqp6l1oMGBzRnhzaXb9nmPAsnNGjzfdeR0laQNymnZnNYA1SgYamEI0VneMwMHNLWopu4wGlyE-lmd4qioTTdaA5Iync0z9U4XiiqOW7-iKCeRCxEpCOKrQt5stP6IDdrsCqozlLB8T1oWi6zJ_JTD3Vv3Skhmkydke8KTZTZs0PuLUUrzRJmkUYjbNWcHkKzQ3UKFSwsuAPf9Chv--K3YsOlVfP5xBockXaYwc5RCJpSDjVCh_rV8EU7mQUGkTCSxb-NbpJ77McyD3RryJcSq2L6AwczkWuXdoYLmoI18gTgWwCAPVkNuXzNBai8cY7iWbdfdUEK10Jvi7EBxSIWsWjfV22l4UINz7NxZt0T2dh-ckidPNlw==,1,2,JFK
Budapest,New York,280154,2026-10-09T08:20:00.000Z,2026-10-09T14:25:00.000Z,2026-10-14T00:30:00.000Z,2026-10-14T21:05:00.000Z,5,https://www.kiwi.com/deep?affilid=mihalymisroriflights&currency=HUF&flightsId=0b7720a150ff00002843a2b4_0%7C0b7720a150ff00002843a2b4_1%7C20a10f0c5104000069416305_0%7C0f0c07df510400000978f814_0%7C07df0b7751040000d185b090_0&from=BUD&lang=en&passengers=1&to=JFK&booking_token=HIfFLsTdJna5YE8s31aor9BbUnEaOYljak_Ki97UqM1e54eZUntNhMfV7m5sCo0Ct6kvhGi1tSBanMnpy7WAr-UEsrWxgPTDWpUarBXXhE9tU3wU2DpQKrlhub3RuWjP8DvWGbI-JBuRUsfiEXidPawWFDc_naVNZCRDuV7OWnVD7po1Nv15oDFFgmHEQYOBSfKQb3290E-TnfqJWZgbjMlQdV2u0r09TGToInT1ee3J4OC9orQiMjHkLdxjq-vBdsRt-ycsP1DuU9K6AAoDNz8YAGa9XfAQF3j6OVLBzCUJqg527CvtDOmz06_ZKzPeFHxaFBLZOUMyLXnC_YUrJGMR2CICDJaovJkLWvJiFkrtnPun16QYeDCAmfvHl7kCW9ZF8R0xkCRLTPdCzs_A2SzsL7oyQrrnOjDoYJqah2WFbH1X2iCX-8T7PsLDEcnO29-m3ObiRWpvNb2vIHoJo6FTwaCqUmxIxgUSyEhvSsqhPN2oyhMsfhs7GJUJ-aQcIB5-bwFVq76vFv00k9Z0yb4tyLoCM9OSGTi1iZI4KnPo-PV7kGjHRrDBMw9dVDHT1NV_FsuvNH_y4xEpPRu1WHXaVrRShnNHI9ZMb_CGwJZ1jKJGZIzvRE98mYT1kSrGqmwWcNxXGxjSO5N7A0Fg4MMsFWUsfS0jyShOykzC6ZykVQLVxi25916r3RB_BbdmnkuOys0C7VFDFgUdW-gvNqlm2EFTQYGQ4_YrCDhI8k_N9BH_Euum7uvmIfI-N8dF7011MrFt9FajLTZMXaBKGxupFgAyFjY0vN9_jsqB8xP_U5S9UW9pv2gz3ZUU4VkxhPvt1jpuPSXcqclGwrrGP2ZIYy4xdqzlhpJ_XS-NiLu-fvqflReADqwfKL5BMKLCEuMZSEMr2Jt60PRN5Swd6sXGUj9EktK-QA95egeGrolzK1Ts57aUZO8MDNqWKgRLna6t3KO5XEUMtFiwQe8CtJarjlPPL7TQ65puAatopGoicR68B8vsqlxoAsRo7Pi7tj8BhGNNAkZDBfwTgHZdQGv7zRtz8CZQFKBeruRWdeg64B4mgsDWE7jOaLUPK4Bw7dUWQEKy3b_Tth4bi4pGOPBmBJqdaP6iHIOuDJqOTiMHnqGskR6e3oQe4o29-lMk0hQgXBv0WjJC6WMU6vmfAxlAJL2L1wCiCiihIhbGJhKt8E912_KlYhpMTUNdisxwetXcApTqXhPUZkQyskibYhw1MoQrg7RA-zlB6BaJwS4-kGVnyZCA1Jf1RLyKivwKdR_zYIodpkw8B9q6AItRga-I-thAFAPbSMVE0RsweTtl6_LrHRkEAUiPtAO8jxtc-aITTGUP6ao2ico0CGZHwzh7eKP5CQKemvA796aJZ0Sy_KpESjaF945mjhCLbY8HX,1,2,JFK
Budapest,New York,280169,2027-03-20T13:55:00.000Z,2027-03-20T20:20:00.000Z,2027-03-26T17:25:00.000Z,2027-03-27T07:10:00.000Z,6,https://www.kiwi.com/deep?affilid=mihalymisroriflights&currency=HUF&flightsId=0b7720a151a1000001aad971_0%7C0b7720a151a1000001aad971_1%7C20a10b7751a70000ab375a4b_0%7C20a10b7751a70000ab375a4b_1&from=BUD&lang=en&passengers=1&to=JFK&booking_token=HJ9tyc_D8vXoasYoB5EOP3IYV51UYVaaw1CIm8hxF1t9cAdhIv916JGshIQ6jJtldjJu_gOs9kxlYFH83-vFdWMQLWC5W8C24EK78tihEA6D9U-u757iINQXKLvIuva8aqwqL5FUU7kuoWvrkE3pxkoPSNCgmLhvOsOCMVmoEO5My2rAsXyXRsY7f1yIrHnXMFqDt4nPIPCxnRRIGtB-mgSeSUD1fmp6mzzdmYarbdDKiVLN4NTBBvzPZKYpAV2Z39MTeaJoEc4osMS6_x-6U4mNWxBe8bFVYRPKQG9--rJFviYNoGFm5tmE-eSmK4C1ixscY0WuZ0mv2H1VkHod54gLyZ0hdr48AFuw0nKyvDIrFQX4wIoYHlScsAWGkCYK0dboJGL41MM9IhGvO5SQzywe_IJ4IMrr4mzE6hUvSVr3sl04P-bphiqn9824spZbPQLgXeo8oB6tQLB8wlI1mFBsr0rmoiz15VWcrXIW1ppxZavyKOO92UC0N9nFtXb_HKwqhkmzSH95JTw-8oPZ_baMx-3MLRFeaVc20hfjBg4p0kRTnnqN4qijbE5NktVuhSo17m_XkALnhLRF9N-3riDYf3Wn10TvIqbKikRGNG6N8LMq5tcRpNkj1T2VrSFoNUz6PIBWK5iDu0oEd195zD6gy9N2lCs4X3-TSnWiu-GX3tTFJAXHdCf8U6AXhq346fCxP2YNbJT_S3cCisQmTDkJ-XWH_d6GROqDoXnN1SAJw0CN1T55KiXg43rEdcv5lGwkhx2TmJrh7dFoDq0GPAf1arQTb-7y7DIvCpFKrnmw8KzvaIjUf3zSk3Z9jlMPvp795dnER9ClGM1ZzmbK_3BxvnIu-WYA4gMaytU2MBbEdGU4uJLhXa6QWk9cgryx_f5kdXARglccm83qzHR3MM5hKuWrNJ2Jm1ac49YTq3e6sTiS1CaEw71l2ozHg0gppM53U8CWUG_3fBZZ5RIueOUj2MOuQnJil0Evt4BQhgXJdMco6D6l1p60DjBEHCw6Tq_htJ4BIUe0AuSwv3Tawhipl7GJCL8GXJQ4Y_0GFlzVJAxASTCPcxxInnO8F8FYU0pvsyIH-XFwyZXtTVD_gqAigIzpgpscxFHOyxXYRhLurJrcg6zEfH3tBwSq1vEhuGo8dMWL92T6wVgfy1fzjIsEkKtIBxdrdKhr1iS74uEW06xvtISsvJLFQPPl18BKrzlLTs9IorkovELy7i8x8eX2DY81MFAznyliuN6m74Qv0Hq1EoQBw6ysFkdNlNj7coCXWhhK7FVktji-aYC03Bg==,1,1,JFK
Budapest,New York,280338,2027-03-25T13:55:00.000Z,2027-03-25T20:20:00.000Z,2027-03-31T19:10:00.000Z,2027-04-01T10:15:00.000Z,6,https://www.kiwi.com/deep?affilid=mihalymisroriflights&currency=HUF&flightsId=0b7720a151a651ac903f311e_0%7C0b7720a151a651ac903f311e_1%7C0b7720a151a651ac903f311e_2%7C0b7720a151a651ac903f311e_3&from=BUD&lang=en&passengers=1&to=JFK&booking_token=Hl-IKFNQHalbe15t7N4x0DbXbwd2JV0Zp_G8vGD-qU1nmnbUeUVPYGQiHBrVNOeglkOKhDDONTf4j6rxVgu4tY1reut5Icu71z0nd1WppjesZYT-n44Nc8l9UnyDqhXU_lhKogXjKAu6VCi_NECCnKxHLLWOpY1-_r0vJeeuZ9PKwYzDCfTwQ4by7aBHJZ0lM_kmDUL9ji9MGwmGUa5oSh3GKcqcDXyMacW8-n0ma2_POpPKM3yEcrwWrYL84n9B7d3wy3SK8Ywgn9kvTSFLMGFXS0-FwCR-ytA9Gt0uw6jkqXJb0a1HulOfE57wBif4shhW8JADFijLyCoABAP5x7SJvZMoCqf3ouLHNiPBAu2BG74i4cW6KyFSZeZBDIVhfW2sCCz4g-jOu4FmzszN24H3aH3i9iTsZdPRvpXzFETV-u0frG0uP2NYasNQDCwcccqbwpm8KhPC9mGt2JG3NrM2vd3_xQoiTTzta81rC1qNnwaK3zQ0T_OF9bYpQHKHqGycfDXqZyW3qbhEpj0OT6ztsqkaM-vIiaybqRhm9JYCiamn3g3y8dWjfMZsRLBIGzVhv_kfTYEWPf7rEHijkKRr7wkphm_IUIbcj15CHhKl3hv4xEUDqTeCY3St-2lj8fp7LLBZaFeUL-JrLTOKYQy19TFaVO7gvH9Y_at38tSNbikoWYReBTWLH9QhwBTYQIU1KdMSd7NurRTpgA4c9ok7YEQ3cHlxoBHDmwpjy2myAimNY4YKdktvdhOHKm_qYBzO5oF4DH9ttjLGuzcqpJQiXgHKFnz2yq5nKnKN-YquQztr1i5MxVG6eAU2m-06t0UF8KZGhbQZqmJKPqM2NcEKIptegSYts9-sQHY6xNAcfyU9k3rqzLkRjE-AdWoqmUAw3G4kXpTFrmig5NZOzIlHKT3ZFcz0ioBhyp-YdqYr5BM2q781jmra-vVfi53zeVOKNEwnm4Km_NtSPq6g4TnUTA-psBegTtl94fRlZU-KHaZ9xi2xfgWv9vJM6OthtPjvATGDlubpVHZsFUKmw5HLVKcuQ_aNuNiRUomIieiLsmavedvD4Uvza8g0iFVvbWEdD2Fbm6P6ax5OnEH0sNPc5W0eXK1iVgyO2XeYh4iiNuRioGrUqwVWKvT8xc2dtIOwsCrHPi5qSPwMwvsXFNuHMWq6wjY7zUBgH23s1xbyrl3Dn5ShYWOrDqk1ETLjQTD86nPtkKHC553kOLG0QooW3GwS3KrDoJ1ADrKx7OESiA8jwaD9ZXAHULuPD0GIJWUcaWT0QIy6N56E3Q8k_xQ==,1,1,JFK
Budapest,New York,280422,2027-03-17T11:35:00.000Z,2027-03-17T20:05:00.000Z,2027-03-22T18:30:00.000Z,2027-03-23T08:00:00.000Z,5,https://www.kiwi.com/deep?affilid=mihalymisroriflights&currency=HUF&flightsId=0b7720a1519e000099436a51_0%7C0b7720a1519e000099436a51_1%7C20a10b7751a300005cd2b5a2_0%7C20a10b7751a300005cd2b5a2_1&from=BUD&lang=en&passengers=1&to=JFK&booking_token=HOFswo4Yxpog_uI7gyFixkef7zRMMawXgjW0QYOVVCmDFU7BfRX_zfjNgXMTD-RXt9bc6K022CagD1x5W_68Penf35iaixfnHXcHgoEs8NCzWbuQmOyFlOBwkiQaAdUDZCLqKY3LoYJ-uUzGIsr5j2-_y-K9pwuc8vP1WKj8L6KUe3kdoB-tLObGuhDq3Qyu0WpKYgnfXnlI8bd7sAL9JjVvxH6w7iaTTF1oYJLPEWJwqdt_O64wbboOLXTOZ87qM2W6HmdWhJ_8VgaoQedalU0Q3hTSQR99gWONdT58KnLPSQaYXFKVBM-6D51DAXd8PPEa1oxopx-WhkrD__119aWudFP-kAcGBXkVl03jpfcGm8wBrMU1LjzCe3LanXoY7AyVE6AXaDzLXnSqT4HtIcPFOtTcKQKfCDg8LqljitJVF7PsTa4-jqOM9sNuMByDv1tO5hZlPI6ZIc2b16iijTn48Npm_aTWDCSUfWhX2QafQP7P9KDavjaexPfu2ZKWbblfxb5si4PeBM3m5J9mrgTaew3iySxZhQRnhNzoPoIdyez9QnhUwWTEgipX-7upFjC4nS1PrV-KnWSNZAIlVJlMrIRn59ULULobJ4LcEbs497Dt2T17inKoWhkTlFRHsYMn3lCtH2ylyyp4dBXmg9YBssIpKiEoQ8L7BCVMifWet2Ct4-Vy7d31w_3ygwmcQyzuYgmhq8SnxYzCeTDHmF0OOLOaAFmV6g8hFSYz17y-mbf8oVXdRvRfF8fF3KajJ_V918Fo43VfPBT1yi3v_6v4H4ygFeXFxSBhCfMOsMEQgKHWdvmeIwSoDFbAimxLWCiWkCdBTy1gitElAEn_pGt9aJwKR7tmikPDvxlI5x62NFhEd6shxMI09v3Fir8Ema_0SP6h6vYOL8oO3zDGcSGqx-a_l8kOdkz7mOdY5UZwFKCt-zYNuw04I88hhcHHLM0H5gh1_Cp_YAOXohhjW7aBkZv_Do2GQ8jrNe3ynyLe7fVa_iPvo0M_ScmIq5luNEe5BKQozIKtbpJm5nW44brtPtm8dcfPoiovZm0X2kyClc0-FxAD-W19Zz-vCGkEWI4ZgmmQ-XerrxCb29auE1GX9qbsHaA2l9YBrPKI5gF3merbN2eOr7fLfhDkUusxzjd_RIUqV0i_cet21z_MShL-kyqAAt6ssp7gfT-Hm-EBX5IwJa_QFMSxcA7LgX0bVehls1bZOczrvbnEPjq6wJceGyN2nz5Shkz6MvzlTjYTQDLAX_q0LdXurMjLxcKOsTj3Qx8ZeH-JaaoCGZFmclXGDgA5ZGcnZLbGajAXiYQs50bk_Lk9q2hEv6RiTt-Nn,1,1,JFK
Budapest,New York,280514,2027-03-18T11:35:00.000Z,2027-03-18T20:05:00.000Z,2027-03-22T18:30:00.000Z,2027-03-23T08:00:00.000Z,4,https://www.kiwi.com/deep?affilid=mihalymisroriflights&currency=HUF&flightsId=0b7720a1519f00004b5997a1_0%7C0b7720a1519f00004b5997a1_1%7C20a10b7751a300005cd2b5a2_0%7C20a10b7751a300005cd2b5a2_1&from=BUD&lang=en&passengers=1&to=JFK&booking_token=Hs6GvJIjYu9BTbsRVJN4qX2kAvVI9nNU-tZzqUTiVNqXV6buWxTVLpU5pYpPQdJoNyLJvH7556jiDs89a3VhhmdqV_l_spPNvy0_OI_huq8CPFURSG1VtpYQApGqPxFAJ16o0kkSQ1SGDzgcWP-apYVX92W5_ABaEBGCCpYOJe5jRZVBQ8TS7_XdALOVJrjNQQOxeD_lyurjOAxu6t9XGiwjHGdnxlEShInp6HFBX4hgh0ehwG2UC2OGh8enqH1-6L7_NkXoUok32QwDEPp7XmaSFE1c0ahfLsv0NEoPMUcSTbruxDWgZBBLrQ7jPR0wsB3XMoDNYsvfYaL7RrQ8O5oTenyP-IRhDzOBdBHKF9juLEZDy07FQG5U13ZDnIEuVL0hKI1JoN1fP_TNSmqgX4zPgvmnJILZMkszecDJwJ_Lif0V3kdRUDPQ_w-oixC8T9MePu5BFOt_mYhLakp7s4d_UMKheu3uYi2nI5Zczd15Ego_GqSQ-vDDux9X4hSBNJwf-tmh-Ei9EE4vFAs2vq0DOuRRdOQgssznXapJ2oua4tYr_amcF4w0mfgUBzLfTaIl3y9IzqcmHK6HCj_43xdWIHvcRXQTIvZ5aaE0B13-plj9QGdJUgyK3en-sCUJuC1YdYcnIUtKFz9Zd4313v7GZtr6cltZEQ64fPtAf7Er3pQUbfX04lFo8XwzZQsZsaZZxUNrpyfpJVFeEeSo28ViJdcuKU9gaIMzeRvMC8LIjGO19Tm9CPOXHGpT0yubH2DiGopK4II6_fhTwUfubWYCuMxeZe_s_xVyhhiaD37D4MBv3c1YwtIa7zllAUtmW9wi7I4MJ3_LLixTL9V1KAG_vcA4CiUq0KeQBkRV1MH5uSk8ovN2-hGIZk3v7xZnpMKL4MAmZNPrGskcPcOFyS20Ct0vphodF4bH8qRXxtZy4OerHuibCZyS7mQrkyd1hViLLhVt_7Onaw8ljj_T00pF6CiOnJXqbfssOZAWJU97TwXlhc1eIK81ygxwJOSx3GC2sXOFZmU-8WsIuRhOjulvVSuWATc86cu_K_T5rZGRDp7TbgstpEepPLdwgz5tiNqDbsuP87j5OFiDRS6mz_r0aqBDflGr3NtYSo_EIDloocMxKaPLlfF5OID3ls0RBWa9bYC7A8NS8sOAeDxNra4NFcU-o0n8OAcV9gm7lcrnJzZjEot9K62pkahbbaOybAVw7iX0l6JRnQkceqrz1GMZ_l5CGIt7Hu8Hqf-89bdiQIa7u6TB8UVzmNgpa2uIdvAUd9RjQck3AV1E3Y8ZbxpHf6KPYkdqwsrupkW0p1aYOD7_yqb28G__CNYTERBtV,1,1,JFK
Budapest,New York,280630,2027-03-13T13:55:00.000Z,2027-03-13T19:20:00.000Z,2027-03-15T17:25:00.000Z,2027-03-16T07:10:00.000Z,2,https://www.kiwi.com/deep?affilid=mihalymisroriflights&currency=HUF&flightsId=0b7720a1519a0000917c4dee_0%7C0b7720a1519a0000917c4dee_1%7C20a10b77519c000083ee09fb_0%7C20a10b77519c000083ee09fb_1&from=BUD&lang=en&passengers=1&to=JFK&booking_token=Hxl8Ueve6HPnRfSoSkZKKqS-AAV77mCT8wkWAM9gbPRl0Ma2mI6P4cXGiMgSzPmwZNvQkFUIcdn58xvF8NuCvACYPf3lIdleNZAyE1Duts6EXj0D1NLTnepHOSTVJcB46mJaXdMzpLrRd6E9jwkelp5zso9gLwnqPlSZk_zdU5Aym75G3lXAuw6DsTeH1r2jzypBZuRMY_ElMZgTrgIOnCTLfVT8qYrSPBc7p3g7DqsMlhgrsL3JQOrWrMGe-uNuBCqKJNFzujV7PjuEjxHIvmpDwMPJcDcJ6PrT5LUKH6dbBwWDEl-pqloBTUOafpg9EDm_qePRaZ2h0sS12jTecY7nlHV4m0h8fVplv3gNP3P3fiWMlxvKepB_6zMRMH0LGNYx136MTE5H3WCjSv41tBDK_8xZWoSG3D5QUIqTEHmsaGuNbFp44nGRQ5EYVM5AVbrUFQKJ35vYLOx64-P7DokzERXIxXxHXreVaqe2RBFXcQpePAOYzqazVc_KfdMoVtrqNyZKpGDQc58jPzjLSmcSWs4z3VljNbTRjv5DrPJmg9uVk8Xo-XWtGNJP1dE0B0fTbhmc_6rKnPAgfGqZh2Je1b_eJH-6RADbf-Zf9V6D_Kp_Y6GTf8-z1WwqvcmGF35a9lK3lk1INj8PIcnXNL-i-zORqgplzoN86XmLcVguVjFlbPguMADrhRtmnywZZK30SGgHXCK1iGXKO07EKHbBkWGQlTolx31JvN9m9gc28ml_0zivRQJVWH2u0Cbn5noqb67OKvX24aMde01HDTNiSy28XeXZOyVDsKp6Jf5UiYN7z8RKilXNs0bS1z4p-JJB5B3Yrga8RRqiyauhy8X58zHCSSiJTqmE9U3obkNKSAeD43O6tiuezH3tdrZbO4zoJgZnS0ey--bkLcGv9SCbN2yqxVptYW5G75W_cokRazVFe5GxUc658p_s-xN8kSGoeOaxNi4t5Sp_vZFNWixQor27aKopkwEc4SZ8tYokpzymteEXoSE2Lfdk9QaSfgNp5WpOznOeCfiuCYUArksqVu4OumJ44u7hMW3of2N9WoViWSctCcuMBuCQIdxJgBupxXC34yyAcmElJ6nxD9Hr5_7r4Z18DlXBOqqGmwa0yFRog3opRyU_KRWH56xkPURU6a-QF-AmOhm7w0VOHkFAn9PKVxU7idRzIn_cxB591TMaiHkDrWFZEXi-2LghChNBk0jEtbxWo6X1QDJukSuS4VWcpWrbAAB0BV_NyBUEM2UvVVzHKuAvdbiJ7ST74hqYxaCWbamGnLB2I5bJZSg==,1,1,JFK
Budapest,New York,280630,2027-03-14T13:30:00.000Z,2027-03-14T20:20:00.000Z,2027-03-15T17:25:00.000Z,2027-03-16T07:10:00.000Z,1,https://www.kiwi.com/deep?affilid=mihalymisroriflights&currency=HUF&flightsId=0b7720a1519b0000cdee2a60_0%7C0b7720a1519b0000cdee2a60_1%7C20a10b77519c000083ee09fb_0%7C20a10b77519c000083ee09fb_1&from=BUD&lang=en&passengers=1&to=JFK&booking_token=H1fnbX_3Em6r77o5JXuWahnuM_AGTYTOnjXRQ-GJTu1IRd9N93r7Ab_cnYJkyfdsSDWTwGTKziEnAHIUXo5Ro6e1EvNsuaCRHWb6kK8zZ2XJPjf35FTPQOjOdclI7lpisT9TJqoGGvky2o9DA80GGELwlqzTzSdek7-hZSt7Oi6dMfW2ZhJOFCn_cxA0M9F1bZe4SKdB0jnpw7kUc9pVa18I_PobH4R51d1cAnPJ4d5t2FGmsCaW9EfZEu0xnGb3BquBJcHfXXIYDqSLFVsNkmPCCizebPVcv1hUdCdikgPXnbjZU2yMi2sZ28Sq0GAiI5MwPYGDyfC2TUkurfuRA8AODtgShZTZQiEZIFz26vE_3gfc37FZ9UYVHKN9_GfGQAmntafqi6nKGgRq2k8M0qN9fKTzaRvmJN6KzuA97AXbcSZ5ife9izRMz-JEea6cLp7COgUaIDwS3fWP0PqJmE65MIEp5pzrHYb0jBZdd0S2g757inM3QR1tzpXK89REUhSTJREVQI3ellB-QJaRiS2buxpZReIKDx0Y1jyEE4V8YlhGPNYcmXc1smcZ0eipkBeGgwouUXLY-Dm2OkLpgOzZT3Qx0hMO3rUIB9t3LN8f0yfTsA3-hgwvfXvfgLmW5kUPCXJHlONjucsyX9t20stqjkBGEOG7NrknjAZH2_s5ojZ50x6ahatAmhRWjNhhuZMlTv_AuUdJ87K4B6krHMb5zYFLXYA6ixYsuGO-A4Zut_G23JEKk1uBWfRb3Fx8PSNV5rQv2jwFrKpQhPGv5Cvoqy6mJ2-2F1hooyCS-oFgYFmto6uckl4XXwAsH-u9Gpo67P9iy5ZpSyANCZS-OdQfbyrDrI8J5LT7sWs7Je-FL-9QMzwYyQg-tFLBeb18NSv4z9Agb9VWE1nu5LyB4jaj73LQfQ4peh4jkiy0kv1dDZz9Q0F7KvQyawJ-ZF9P4Pkd2xAZXLi1173eyKzwoCmmjhlGiPjBFPQAZ5B7wnVoJ6zDHg_Njq804C7-u7KS74h0XmKaxb7NETnccQVHL7tpZLdmr2Vr00u6_tOtphaIT9xn57Ijwk1MNRAg_NIzCFD_8z8cEv4_dnL-Hwsonn0E4vtJ9DhldqQLV1q5srEduy8Eb_H4FXj70-8UF97dbCpop7P23BLG0YG6--L3cOML--wD-o6MfgRxFcPvOePodYCahS5Exrdpyo7UFSNk3mOuvQf5pmwgVCOId7YipPrsOGtdmtYumA0QS02n6EDHLB2VxGbtTIDSG1wxL98iktsHLN9mwjLx-hAWzxn624hqhpz_KLfhxzgZvQ_p--_k=,1,1,JFK
Budapest,New York,280630,2027-03-28T11:25:00.000Z,2027-03-28T17:05:00.000Z,2027-04-04T16:15:00.000Z,2027-04-05T07:20:00.000Z,7,https://www.kiwi.com/deep?affilid=mihalymisroriflights&currency=HUF&flightsId=0b7720a151a9000014002ffb_0%7C0b7720a151a9000014002ffb_1%7C20a10b7751b00000d8f64726_0%7C20a10b7751b00000d8f64726_1&from=BUD&lang=en&passengers=1&to=JFK&booking_token=H7t--K1S_rx1k-fNc8_JjRqQVEkQIPDC7K1Cg_dwkQF4VA-NH9PQQHKjTeLHMIuHpfMX_fvB6Afnz9-zVRSlKBUEZAWm7VdZHDsJSaAkbBWV4Wx0YySXq-30pF2dRbI4vHB598H0Zbu3cmTz5Z4TYZKuaMoTDc3mdijfxZSWCL6FjUmNdvuaeQlhcZ8vQLWVnnptBrfl-TpgH9RDMJC9v3kqQFH0BMgwMQ1upbp9Cm0OcoJQNF5R1EEfMqeo9RO9MwJ8skSY_uSF9AM53UKoE5or7CJH7mMgU6D0mJUQAQdAkkcKjQsJ0jRpkareskgU4ePDz2xMRQ6Spe6C5jF82AXnijAt72yGbQYZfXbkBi7u9rJeVVZ5yFqmlQBgwlVDzslaRxdQHpz1uwW8pqJh1_QFKgQxEErt8Dgqv0ZR7-9GUPo_t_tNoBWXiynnL4SdnC77IK8QrxfFi-lv9qL2y87Sgr-LZBk_6_MXY3lINj10nunRI2KGqWqyQuILQRol1tlXXjV5xFC4nMBf1Pp2N7kaZTHio_47xjXFf1KgHWS0GxsO19u38DBq_eYnOXvnozxKYl3BMwjFRRk88RFT_7Ypip8Opg2rr4jC1bftuGntCSvX9EZyfPEAw6UBXwqfAj8bBXl63PryPWK67pKk-Rgu-wA59aIexywU6ppx3_fYHSn6NczstONKm7Mr9WcvDXqWt1HYgr7Ku_V_hgZT9EToWTFKmn20znwAYzWUbPuHeqRRPo23aoTe5Aw7hGcK__kIxrTN5gyPaQmCxE2Z-JcSDIdUeNJFLgO0smS2ew_1LXCYudfoG2plVmiY03JDQGwf9-mgyl24fBYyfJ_j5nT0YvSRg13pBramB8YcFD1RLDpualO34S3YHmrkeS386WdDWDnUtEsemNDN5wycgwTQ8IneI7-Ck3AGeyKaw73upGEFC5-dZuQt8dV3R1uBSU0EJ-A-ptuInhGZSyIXmX5aIR34uLzkvk-kHiV1Gd7jcxpL9lfZFLyeHaQctNb1DUvBkxZTm7anqCEo43jUp6WXAz5AbxHOcLYlYVY1aeR7nX_khYSfFd-zi3HHZqWOwS73_0wb4kPI0H8qfG6-VDB6NO-83Tll_j-dLJK1Jnp8uouESJj_aKSqrICAoDoXnfdkCSz7REWeU6fFMR-Gm31Ugga5yaZTXaMODTbQ2rYWhA_3XYwPFW4tB65lX4_EzD4VGqyqpOYgp_ZiqWhVPv4ltNxKT9dbTuavEdL17rpUEjcS4BDIkEc8Wp8oViPmFuPMWqrDjR7RitdkY-QDrtw==,1,1,JFK
Budapest,New York,280671,2027-03-17T11:35:00.000Z,2027-03-17T20:05:00.000Z,2027-03-23T18:30:00.000Z,2027-03-24T08:00:00.000Z,6,https://www.kiwi.com/deep?affilid=mihalymisroriflights&currency=HUF&flightsId=0b7720a1519e000099436a51_0%7C0b7720a1519e000099436a51_1%7C20a10b7751a4000024680160_0%7C20a10b7751a4000024680160_1&from=BUD&lang=en&passengers=1&to=JFK&booking_token=Hg1l-69XA_m254bYXz0JRCz3sl6JgiQs2PpstU4hXS31FXb9HNysD1MvaW08fOiWo8zoYN1eVW82p4lqermPY51lGhIDDhdWA9lbBYmCbwfUMoaqJSCWPof5RbY9qTHo4ZzdU3-QiySaEDCCPvJRz986rRnTSTFvFCNfMEszHPpJvpjp5PLpKXh6lHmd3b13eXMmU0RDpTkh2OYuWenB2_AFrMyP53fOIsfMNv6Dcq0rYKMDuqMceQylabQvZeRJD2sHWrS4_HmEHOcp8vJ-KyQ6-SC_FSgtE4pGpMpfJUH1URVWDY1mdXRPE0-yNyhdxjPpbnYF9njj42lbnJFMX9R65hMY-TELeQtOTjm4EhSPfK2ZhOFK-CmHI7Von3-YlXr07x68uRcbaolNev-lWeE7Lc1Q594LAvO4QztXUhlOCQNx8kchDsU30UsnSKiuweYcHO6bokwOvtzu3xcgn3WzbXjUk28iyQouqFFNXz4F49VunvyCDWZNttEUtrDyRC5-6dTIrJkh8YQamdRotXMSKFzoI1bXVQbJCtdvvz_ETUuIpmmzS9skmbTGAFobVsy62uYjn0y7k92fq1tl7mjLHwuyv-JkHB6mqQdbfAmT2fpWgGWzq17vjpzCzgq2QkVLdSgcA6TUYqB3vxs2SpYw0OE70hxzJCYHbRdtCXTEw5AIPOv36jIxltETwb-zcwozfNNxN6EpZR6eh5CLS327xcTNqYLT6zdZVcIRqb3AVRoO8HVoqq1h3s3nHvvIQFdDdXPdsCC7peghOlwkSw77djnZk8MSHYoaaHAq-6YGI-J7FwgNG7QQv8DtQLFF26TYjecP_hu_PYP7MNUbxJ1XeIAKnWhDdDwc-x_JiLpBrDIVlQxeL1Tg0zgrWvkjIRkJk4oQ4vA5cAvwbWw1UCw6R1Jl_TKq82PeN1VlX29mqmK__Sqp5RjCTvaL1tTgCoeNP71VOvFci_GYYGYuPIY6XapVJcMkXUfvkIPQIB7Z_3G1zPQSoB7qhOUgzY4nwWepuZYtkYFSB7kIqrfFOdgH8Obwsc_l7XKW8-ORP9N58GGs4FEkUEjSRcu_qFXH-Th3ekXlt-SWuYCD_29-1bIcXP_vcy_SDoRJ5psSYgXt5KHouKQqGLkTQQA7nnUdM4kXCD8wAqw0G_95azlfueiTc3Yka9TeZe39mpOob1PqDkSiNm2bL6ss9YunCyD46OUZxrKyrGpcp-gdErFFP62cYvXSDFO2ZnCw2rWQ3jeyBOySX1t_ZSQTLXUoqWY930-KNogXf0DVH8ZSxjh3S5Kx0Hfps1yK1IYnYjF_sGlwyjYwrXW_FqE6jK5Ryka_5,1,1,JFK
Budapest,New York,280769,2027-03-17T13:55:00.000Z,2027-03-17T20:20:00.000Z,2027-03-21T17:25:00.000Z,2027-03-22T07:10:00.000Z,4,https://www.kiwi.com/deep?affilid=mihalymisroriflights&currency=HUF&flightsId=0b7720a1519e0000dc8b1d29_0%7C0b7720a1519e0000dc8b1d29_1%7C20a10b7751a20000b3b9b8c5_0%7C20a10b7751a20000b3b9b8c5_1&from=BUD&lang=en&passengers=1&to=JFK&booking_token=HhXKJHzguPXEL4EPZdszIPMqiw3ExCu2cCx4RxRjoWd79hinSn5hF7MlR8x8EUQN29OG9FVGILuW0w7j1rVqvabLoVXn31FCrKlhyrEE1nds8RSkXL0b5DX7M3vUEjKq3sNi7jGqHr3_XYF0MFqgcinBgiTYLGnpo5X1mhFcQJSz5_1I06apUXXcb6Y_4jDDESo1qgwZ9942Mx-BwSk9BWf07nTTZ5U9u_RhfbzP0yvIQE71CWKtZ2t9c8raoRuEgDxm6TbgvXByklNdTmC3xMP5t5_pKeF06c2PDJqPWW0Od7pFvptbFJhDG16y_igQTNbuBWQhpg9C0q6fqFeguDDc0wfWLowL65gnPh5ifgayuFxgRNKIRG4WIa47E0nQzcWrWof8XcfeZ0w40cdfBwzxkHSYH5RPAHuQ7QPYLQkFJzpXOKh5Jk5emSncrmNlax8_szjtJ38UsroGw8SuFQr_239QhebrPsX3o_hfRBijIG21auzbAGaLXKAjC2JY2rOUK3S8qMgTa3S6pOHJzBW1VEaiY_2mlokV-mhmq0dwIoOOEA52dzHnfMqkrTCIJetzbiM5yic7JFOi5DmfjPS-IukoRlVhdgXcR0q_fqbZjucbwGx6937yIQjoPBX3KelRFc1zlmAPD3LVgDTOVgkk2Pvzdk5PXhiNXgwQfOW3mlWtXyUYeyd9BjDIWwFhGhLR9HeAos9xTctk6fkhB5Di5mj-l2BKjCxY3EpLVTu0iV4jpqic45NxRKjqq1losE63oY9UZyoyl6euj-LgvFIFvDESOcz7cp3lTbkqSZjVvIW95t79bJXdJNF8ixFTDb-Jyat1P4VhpGhhOZQyoCQthlR0luS9-rhLw3GjRKwd7XguzW5_SA6s_rx4Pcqf3agvViAunQlUguz6Tm7O1qND9CCLMYO6J__0488EO3d6GWBGb5_k8UWxzKndYPU3z1vwFzBdoegxw3ulvDAkLyhNQnc0PwVp8uKpoYr9JAgP_F0I8CHRFzmD5cZEOCa34-a6Xwn1xDzkx6zl-62geoFFmi_s4xe9J0PQkJ9XXIlyUfDcTk9TWui6H_hHBGvnTmCyC4sEkrT8rpmbsZErvHoWT8sCRmzxjR6ZxcMJNikVNpXe0vqIwryTiS4qORN201FfWy0qiuuGD8xc1Nx_EDjBW9Q99kJo34b56t2MhnSGFn9wQRmJ6FZ0MpLHOyJQThF-26bea01XGvGs2YH4ZG92NDkrsXSvysQB-lW9NKJdOOR8-nWtna-7_z79lZZXz_LwuG3kqa7AMXxUUxgEZCw==,1,1,JFK
Budapest,New York,280769,2027-03-18T13:55:00.000Z,2027-03-18T20:20:00.000Z,2027-03-21T17:25:00.000Z,2027-03-22T07:10:00.000Z,3,https://www.kiwi.com/deep?affilid=mihalymisroriflights&currency=HUF&flightsId=0b7720a1519f000061e4f5c8_0%7C0b7720a1519f000061e4f5c8_1%7C20a10b7751a20000b3b9b8c5_0%7C20a10b7751a20000b3b9b8c5_1&from=BUD&lang=en&passengers=1&to=JFK&booking_token=HudVAjDNzhra4-zgYRyo0FstvXPiPpRUgGEIvHzjQUOLnAVjubcLBuiJQVL_0Vl_njXiT7CdY4LzrpBISHzisi3K-n2EiuYavUfE2Cev4LkgleSx9nb_uK9GktZJ3x2BmTx5rvkasi1gOaBjLA_8N0MLI0OlhFhm2AKGWmL--MImYzMHx4My_ClEQZJc0nEv7sHpmFrp_G5YnvnbOlcBf20D3H5jS9TTHtDaiQJ7yohgmqkVjRy4kqj3L9V4bV86Zn7ka_gTPuNBELSXjK267-UWAIdF0hCyqntOovMj83jV7-DtGxxRyGajiusvHTe3-HqfCXQPTWM66Qwb6GoQyKgwZ02FKwH-pCxF1D2F-MIY06MgM_RZiMfGYyyTvpBkhxOTCQMxBwx5G3OwMrM3iw2FRxWMBa5DT8o8RjlonmoarioPtn7sa9Jy4aH-dMaPCkxld6E5uj7lrhJTIyCW9MB4GTuQCHYj3sOMQhU1lEP0ZVr26wh-Q0fir3m9_0BSC3ig71a6wnpHHALtq2OFraLkL4UAqWbJJM2s5y2TM9wrH1MO0VIC3rOO7sJFcdRMlDCVOIl7VwxgNzlAyemluZPM7dO9cWuPQOo4Rk-b70tY-yhGbAs3eWXFxUU8U7VH-ZQ_MARq8zhj76GnGd5FYn1XubumqmNNgd26rNz5mhjP9Gh7EgQDcrx5mN7L4vuQG0c8a56AfH45vbqW-9_igTGjAAYLpYL2UroNj_TM6-FvTDMUdJfkhKazsOuM7QKZwTjPHV0q8jln-qYwqgn0EBcXdF4hc4UpPgzFCLRL2MtkBmFkKBGpq9wOEUblfKk59VUauqKM7pqbOS26a1_rcDEozRq9TfoQQ8gKrE5bewqRbIbDlxJqD0cz3eNPZLu7IdODAzIQfjCFzdVZk5diW778Jwz2hJ178Ox7fWCJauHo9gh6oq95Hynt7sMs97q3wKxHw2ta3wo_Yt9PLy133_Ul2l-8pXnJ2T22uBI6idPN3E-rJ5w0mkXHUvlVHTsNn2HAoRQgg699rpHF0YUQIfTPUSTqkZP5Kv4ts2yBCcgJjibDDcq8O6D3pqgfqaO_YqAbc2eoDUcliaxnMLmZzb9fRl_Fp20tfXZC-TvVyG5qeWtuRd3OkynP29dLCvfhScUJcu4Mr7r-OatilddR4oYz8TmFBbOwTD_V2moZrxnfRbGsoU3SI9DZ_SpekvdhQ28LSGwtYU7iFPTR762SmHBZUvT3zRBBCs491dHQzTjvnvmfWoICNihczO6QFXma3zq04wfguExvMHIcu4XVf7A==,1,1,JFK
Budapest,New York,280769,2027-03-16T13:55:00.000Z,2027-03-16T20:20:00.000Z,2027-03-22T17:25:00.000Z,2027-03-23T07:10:00.000Z,6,https://www.kiwi.com/deep?affilid=mihalymisroriflights&currency=HUF&flightsId=0b7720a1519d000001148855_0%7C0b7720a1519d000001148855_1%7C20a10b7751a3000046b62c10_0%7C20a10b7751a3000046b62c10_1&from=BUD&lang=en&passengers=1&to=JFK&booking_token=H35Ll57OqrHsKziu7hpCEj8iGOvJpZQtKcYjew-Lo6LakAmb-k3T0L90p2ixjUsoaEp6hqWNN3AB13NpHoVKGFKqIPD8Igc99h5MGDqR4yNus1A6ZUgElO8kUsBXxTPCZELlDpiykqp5BQM-07iLzcX5IF7O1Tv-zuj9d0XbNonzHoHqPwx2i7jRsV60IaiAkVP1x9ylfQoqjwUGSB7l8igjXE3Pm3CO3Mp5O-mGHZh9SKg8UveEtUK7-DFVE86ak0MjoJ8G8QwCH28KcLHnI7wyKh2HmKJRR2cIrZd_NVrnWuj-Bwb-IV3U4syVFBOk5RBQ-CvEvolRY-74OGMH03qVgRky-p9bDgdFZkRJttQqAJT5T-RPAxyIy7CY47M2ucWuG_1pCvNUbAcgKF14jInlES-u1FhBne9ecAQAST3KcmICI5nEc7QfOkd94DxD9m4QlD_NBKjLcMDrGw8EQ6j5l7InWSOMNfWq9s3arksGXq9Sp7TAI9H6ZEFvo1scdQo7c2S14lskQJjZYy32V1dgXyTK0kT4KHOoz58SlQOjeQ7masaJEs5tavlUrUc5PH1jMEkzSPZWi71kukNYTHu5u75MKQi4SdyRHu-qtbE13Kp_8Endib3fwVukXU0ePQYW46exjfwcEVRwnHtYXUvPKaD5JVtoPorupy_jNf9dexZYbwT0Qxx7ofast2lDBXaoMFI6UH9vPIqsLlZwVqdAPTcOg7U8cdrw70hadV2onJ5iPaRixYd1ngHjSw24izwFzfm2ho2Jpgz3XNcINo7ztcy18gNbWFBZt9O6LCYTPB-B3ePHos2NW9OaV7rs7SCq7CK85GgotKkYBogPHw-MEnRoWWdVP7tTDEDC-w9XWR3-HBr_xges5qDEPxD8XR5v3sLtXrZD2TmgT4J_hAzbEBquG3JkM-FN8hmEHMT-wCJyRymJHOCvYsUJTHjv_kGqUaEYo06eIpaEFMHrr537BnzFkXyNMQqQcnoQstLRDa8w834jFXYbt7cALPh_X51AgYsY4t7gtHdUBMdzv9uNTyosDCjWGRCFUaNbUQ7YwPiSMXMnl3FfrxUOIURpnHrV2vwmzG6XPuCDRsoiRUxh5XrNjQiKUUC0LXZFCT7i8E3Z5prZWg3_cSzMz1JVR5zfVoU6V3lGn3LNULAmQagXxGnVhKcNZHqMiaxrO7rpVM5fLIafUSf1iBPht28hKvXHL0q9x_j059B0QuJQFhERQKE6FBoowXsvd3WeYgWjb1DvdqV-l48k17b2lRCdH0kHG5t7_vw8VJhkC2s8aPA==,1,1,JFK
Budapest,New York,280769,2027-03-16T13:55:00.000Z,2027-03-16T20:20:00.000Z,2027-03-17T17:25:00.000Z,2027-03-18T07:10:00.000Z,1,https://www.kiwi.com/deep?affilid=mihalymisroriflights&currency=HUF&flightsId=0b7720a1519d000001148855_0%7C0b7720a1519d000001148855_1%7C20a10b77519e000032705d0d_0%7C20a10b77519e000032705d0d_1&from=BUD&lang=en&passengers=1&to=JFK&booking_token=H2mzzoNrzILUYj3KqbEPSLcMSgm7Rvt751DQPuKc0XFkQu3c6wQ464DhsMs7aP7fShfHNfE_YorplaR2ggVJVUSs3HR5lCo2drgpXO_1Y7J1vr0Ug44KlLDmx7Z3U3ljb6h9_c6j69hiGVAFysWbjNVYtd5FAeZ15jbhm4hZssk-2jnVEWK9xxr-DPbxwxLafkCqEYc33B583QlWZsXASmUF8wo1qHmyt6vG1jTcd-LpMZlW9CjC_wxVeInyvzHd9QPWX1u9_g1R-iGFaymyJHcAshmq5l2uys6ZQiFd0EnkTAgLB48OtzkltsdcD6HEJLe8mNE6Ie4Re7zitEc4LVVRrQ7Zw-d-jujFbned--H6GiJVj6Abyndfo2MNtqANtOaq64qBfF-3-pBJvc1Tcq4nuJitQqb7E1FP5YWfzWrnRBX29Vid1fLl_fM-NFsJTa_u8RpOIxNAVjs_KtYXGp2kyfhCYXTe6jhb_IeTXcpxBGIcQ0XDZGyspPxOepn5HPEe-MLj3XKNgLORfnA9f11Mu9J5pp97Wp1St57lr_r_qxHZddFbsgpX3hB6dJCyQEcqP5Lz_IsZrsSwaABnpUw38irtCqf53fYdI1_3oa1PKbn1V9xXRXwlp4qASOlrDXXzegImmzd827ipX1iuval7fqxzOK6SZQsgpoAN8VAbGi5l4EV9x7goi2TdkHQnLIC835FJoC5xtWfkWNEv29MCIiZMPZos7kGYHwum0kJriAn3iulsOomgBdwS9LEnCsRosMMZ5m0561w0nuZCujufuFAxya6849teqbblaRmnRy9-Sap3I_FV4292KPCntLxowyRHjoRJjW7VPT305lX9p0MtdledxgO2mgYFh6uoezVW4U3kBUY-v5uNUi1GCVheVqrog_ODtuxiPBY5cF_MGON8qS_Gytl8DMA4cOvsXNLimwDj9eAWoSHpbri0gXno77I9-DjEoLddoSrOVozmZJ2jzGHY_moHAsxQIZR9v9AUYfuzfUl7x7KwCJk1Hc8RI5qCADB5NHFu824KYFNODw3sYyx6ewxQ8b-VObACxSHvK2TMxeqv8PWYl-fF8uEOBWO_QSFHmECoar1AQ2mwoR_q8GFMU_wFU7GoSsONRONsSylF2BgIx3x82sKbqeoX3KKTQJCnWm-CJ2m32N_wID3PpWd-bYRNgs_7z1z48n1XvD-qTcL2Ig_5-wCKegseswXgdjglnEzoNPYzWY1xbhe7-DJRRoneyv7PMQx0OmMeJTHgC_kRCn3PxxgFEywMe8z_vz7UfOaXldK9Rvw==,1,1,JFK
Budapest,New York,280769,2027-03-17T13:55:00.000Z,2027-03-17T20:20:00.000Z,2027-03-24T17:25:00.000Z,2027-03-25T07:10:00.000Z,7,https://www.kiwi.com/deep?affilid=mihalymisroriflights&currency=HUF&flightsId=0b7720a1519e0000dc8b1d29_0%7C0b7720a1519e0000dc8b1d29_1%7C20a10b7751a5000038bd79f1_0%7C20a10b7751a5000038bd79f1_1&from=BUD&lang=en&passengers=1&to=JFK&booking_token=HaKrOetx3aGvlwRWmJy9QpS18pRJkukELQzu32G3jMeGNivVFdUAD9zLM0a6Op5UYPB166rq4XqqP9rGsgXK1lVaRJI_yK01efw8n2soP1xTsmiMd9lStEeQlWrQtLoyjIeWORqka01XS3XY2OkQWkbztatOirjvIYYMKw2Y4BhL4rQL4XNHRaGhkA_N9jMww2p8GJm_pcUeTuXX1WxLJ73_7UmjiRKWy-bEzRRIm4Ny6eyjWg4DYicZaoNaasLEj8uR3eJKdRhEwMGhvUuk8gvs2yl5YakanXkNJg9OYYOG6QgL8Us9JfZD3QXgWUFtthtv60_MS-U_rIP1uRr4imQY7kg7s9QmkFeNhP6H2cRuDV3rGFhwF9DwX6w2p47Y9BJbUAyuwjjxMStClA9wZDeX7miPPvdTGJkZ6tTT4ochZBt8eN9LMS-5Ay2Es2p3HgVkUgdr5hB_Czt2DpajWBP-rAkEtx4QlABcq7-F_Mgo_QeGzzmIBgeOimCs078su-ciBJmhOsl9CmSdmiF6YehaGDycfmVAl_Lf9umeUOZB20oYKYRZhSMmPw9XxhN0QHmDE-wDdjCbBzoK_d7S3qxVA0Y9QfFIVdgStGIREpXZPrJnKpP74uolqb2e67Y7uk0xw7zXqOpuN6IB_uPZLqgnRKbt8ffhTK-mdSkB3LzAkw2G6_TFWafco15YqFaCbLSz0CbPTznRkpqpsYC3xYXnQnds1FVGFGZCR55tmY2lQlEB8zEMn0SAFLiuTnekJSZIsk5nHXsnD5ntgmfE2jzvFOAj9gS8uYdIkjjmmP2wANcGo8KihZUTJ_3cfXczKBxwKe7zFblgWPdVV76HG-HfjmYosxMEOXz5mrmjqN6w0VlxnPBJwpkq-9MrsNWrvS9XTHiPf81U_NGc45ahot4vsCGN5_6wUYAPASL5mo0ANeqeQ9rAEVoqLZo2qDBEjsfoGKhrEMEvGlBEHIbXfcmcpoJVLPDm5GkHiNAIAs8MgLgUrygx6TWeXnQob8VkatFTTgp4pLlj9RpVFVQlnWet5Y_znwqT-S-Orve9T6jA-waL2j3ptWSyZehgRIN2GiKwLK76IYsyZV0DODBI-G-u9dSfd6MJwm5dXJy_BYwzZ8S5cOv7jnSCmMS4vsE4ydLIVQOKvRmMB9tOEyhPyzWlqef2i9tIQ59tcn8WECxUevP0xTC5gz6BuhtAOn4IWMt-mIgWGQARdgqU-kU1D5hkS2Rl2QYKHEdy_EyA27Ao7_B1Wc7Kvrldwd9IdPcGjDLHiTnvrW5e6kiKiGNyUhA==,1,1,JFK
Budapest,New York,280769,2027-03-13T13:55:00.000Z,2027-03-13T19:20:00.000Z,2027-03-17T17:25:00.000Z,2027-03-18T07:10:00.000Z,4,https://www.kiwi.com/deep?affilid=mihalymisroriflights&currency=HUF&flightsId=0b7720a1519a0000917c4dee_0%7C0b7720a1519a0000917c4dee_1%7C20a10b77519e000032705d0d_0%7C20a10b77519e000032705d0d_1&from=BUD&lang=en&passengers=1&to=JFK&booking_token=HZvWShWQHYoig9cNfiEmm1GxOVRn0gbUZnfU6Q0Pzl_BHO88wgTCxsTeaiIMdGND8i9hn-8hGCEulicZeSxA0jEQLn1MAghBoDU8kOlWrwi65f9Rm9D2Wax8J1Wc7Q_rqMdDZH0ishDU6v0fy8Xa3UfibicHuL-FrxJiPdYpg140gC9-iYU9hu3BrXwln_QsfZwOoBraLjNk0TYJIAJD0KdBtCZG_-09EZRSuV1h05aiLlmE5C5NprIky5VvPvQz3WqsWNnqKY8GiqGN8iAZiP42eAjDJSd4jTvtEh5t1S0r3s3TDyAcJBxfLKIc5VQzsJ570SCX4l7Viy34_63mY5bS7q8cbPsB0Ea_niUeRdgZ7hz3Ms5mtweH-cfpLgQ1gybIvYcqk34l6-FHCyt_GbGTnOX65y-CcBZWM1Y3vNo3gtduGQLPSvS08tL-NwhJI9BQt_Ml7Caos_Lddel5XNMLvD_6Uz_5Bmnkspg9YQhJgV1wrrpsADtSsk0Uopetwrph-yerJ9FFfJdtsSEDId2unVvIfTwHlUs_u_tG0BJBkjWsPjS5meWlfUUiA8CXreoZovySxzbvzQ1sWS3u4hMidrsXI-P-D42mOKNTwfsxDbqRTXwvpv4BeycXlDs9kv089iuyc2mMxrolEMftpVP8U-3AHrD7CZwCz-ERJmwCdWysi2KqMortfLBcKiFHY8rC0ySuvLRzrPu_sj_3R-SjiT3y6LG2aY6AA1a1gBwODK86um9UqmzAcyqJClZbQjcqGjB6BRqu1UsjO4hQCOfAFlkvElDu5vXMJERHduR9YliwI9gbL-Kq8kbv3DZiWUmYEmMiYPdJ1pEUncGGc4MsSjoHsI5IPQ05fB6_47IQZGTAoqPMfv2Tc8IvL2HIzjZp95dSuNJXCNnrcZa_hxKMhIRbs4JoQxNuuZrEgkpHh1uOF2wUwTfVcsCEhZwoCDK7KGDW7hvluilppBjH7c-6ZJv9KjEj59aY44F1jyUa-bWP8bxOT5K4ht8fyZ1lE4Zg2SXNqpjVG1bubwI06IkpEfCuKw0vUI9Ey2vUzi-wdmXt-8s5JbZ4sCsNbXylHYC5SMHELX6TPakOTMeaM6FpnzNuQc5yG0WGSvr9RJJt9yC0coRzb96MJwhj_KFNglrI5TI7ebRhBze-eSxNiUuFFZeSBgJDAxZu-ezQLbeOlq-65uQtP07rjGbCPKSNaua6fxYCRSJyTZ6Mes267NanYxtY0HewSn6EoGmbyx9Yi4878LV74Xuhf1oSlHq0qz1OIjRvuSA3DBv1_1lPQUw==,1,1,JFK
Budapest,New York,280769,2027-03-15T13:55:00.000Z,2027-03-15T20:20:00.000Z,2027-03-17T17:25:00.000Z,2027-03-18T07:10:00.000Z,2,https://www.kiwi.com/deep?affilid=mihalymisroriflights&currency=HUF&flightsId=0b7720a1519c0000f39f64b3_0%7C0b7720a1519c0000f39f64b3_1%7C20a10b77519e000032705d0d_0%7C20a10b77519e000032705d0d_1&from=BUD&lang=en&passengers=1&to=JFK&booking_token=HRAY5oUB-jDuYoAy8G5oTiXKZ-9ryO226RohUTnOXbgmTFbTvRcfbK-s_OUrYaRwux0_ZpAqvEX3FfCWmJTOL5j7hKHwTRhvfsnzVxPQ7geAVMVSihoB7hUbYNfGQYboIANFgVKpgqKpd-E6-DYec8zGQMHczZOP9xTJ_9S04rel2U7vm-cw2Lo_zqwJKeGWA5bRsWsDK42KpVx4y4dmUu5OGFfLrxo0r0tFoVkLBDRjKmYBQNzG6xrnQUfzyhqXLnQ9LoT7uBnPIN81N31VEhhzNRTqSvNaqqFBxbgMSpLN3cNzPiT24VTBmmJHer_eXMN9xHVGLERZZ9wubtJOrfPZYzdKHnGrslsXYlvQWDWoTdUoLEtzgRrlKJSeZbBGlEG4MdPsmBORqZtjjHx6IQTtSXBEx6Wj2ihe8MYTHXPwVEi2t0ubDE7q-P4RZ4Uydnmx_WIfr-sLu7KjoiKbQDBsIqzaRTuurynQUlkDwUSfUm_6y3QV5EGI4WSHoPklFUfyjZxAm_yjlrWu7csXf3sAHc0dTFJiz_v1j-f6qkzbolnj0cDhNoeMWiN7ZTc-3PMPpBOZrIWUekxCvJXWzomtG3hzFzRKH3uOg4wE3VdzISVfTyA0ZPR7qzbUSfCo8moJgxO1P3r7AvnZSV_FKjzIprTb64RuDz8QLE33dNEeJW1-sTUI-yYtvF1T9GdvOzRpyv2UHsTix1LQjdH7rnHWN2d3ad9pp7g4cefD8MzBAbknulDCsXcsLK8VbJDMvi_WgRoozrEsaW6gPnM9D5-Hx_akUTB-Ifnhm5Vm1iIZNs2ajCsXun8JXW4ddbFZPpQ1v6afB4QKjfbfkFyXMuezg1q1NZCHLreiVZiiVfw20oHTInOSozNazkqBK3sfO0psrKmWTvRJuT7KO-9h5qIrZfozICTo4vp9-tZE8xj_86msVOIGrjD3zwJmYFM6FzlLPKUKAeKeS1SkavOGAg1A9sVVcpKxM-ZdzsZjciHBKEwoLDnRg_VTEK7MMttbhg2XeQHYegSvhRkjjoToc9cUjahcf8sJ3RPC-THcja30OjIl9QQsdr4x7vUIjBAelPIJgKrQYIbWNtuoVBsd4xQ4FKoejyPtD5jieQrhssXh0P064mpaMrcjJ49khjHMQt68KJXcQomUB87AYL-5lqnFk-Ev-yVo1hTtWRXkorwQtgJVEtQ1KKocO2agX5XE__qfidTquhOYx_aN-8ZyvPn-AojRuKqEdQxMaV2-tM5DdUXupMI1h-HhEH7OogjDvBPm7Uy6_0NwmkpB057CcEQ==,1,1,JFK
Budapest,New York,280769,2027-03-17T13:55:00.000Z,2027-03-17T20:20:00.000Z,2027-03-22T17:25:00.000Z,2027-03-23T07:10:00.000Z,5,https://www.kiwi.com/deep?affilid=mihalymisroriflights&currency=HUF&flightsId=0b7720a1519e0000dc8b1d29_0%7C0b7720a1519e0000dc8b1d29_1%7C20a10b7751a3000046b62c10_0%7C20a10b7751a3000046b62c10_1&from=BUD&lang=en&passengers=1&to=JFK&booking_token=HDBVva0crurB85PaYTlw86Yoc4VWLOO3FgNzh-VfwsIZowq0L5K7DnaFa4LsYjKlMn3lYvO6QSBp5APaxJyC90MjEiYmuQzor7Nqruf6Gm5axxNQ2O-JYxq71OyuI-lNBd3AnDkAiUErfmaM4CVCqKqAr60zw0zyUVGFDgzS-C6aNfDT6Rt64U_nPJ0yIu2d46Ms9OyQM-SgL11zhWQ5gnkwMo23QbbZZ2Rvr255Y3dPRNtBALO8E8d4N1ZZGkz0Jzxo1UhDDcnZ4agarW9NErjdG7ynwAIYlbTFEc2GYvivoN-0W12UJk19G9pvstmfQ455njk8PZ6CBNHL8ahDqfra9wz-MjOSmNq-ILl2gmOpb-bV_xSmoIsGepRCMIixLODUlslzYZm4ML_XOM7FovqoTfp3V31hjt0o1lzzaCx-IN1PXxKoTiGqXSYqd1ahjG3RD7Z70vqMLkx8ZzYYPGpBOBWXsd-vTjIM8aDxpw_BkhdStIUx2VDef_gNIpq8rSSv605BTRnLumrauksdsigGAF6T12Bs9k4M2fnV1UKHc0fu5EazJ99IOGLqdmjyOE1jumP2e3mLRSEYYNhmCmU9nr6TKT_vy6LidqmRFM7tGhvlQ2064w_jjMvw6q_BWGYxwak6P2p1YIR2DdieFVL7qB6Xcnsq3nqLARKbsziMj-9N8AJnOKsgTEyuWfsZ1lQHQPVrgqNPNVhSE43f7hCOsXYXwZ8ZV6Z0IgZeukNp1_aj7PalWKzpCWT_GNPighOPIoo8RNRqPq8EIQe7_7Q6CE5BQS6_IKRm9RZw3dNP15W3hK6qd8sAQB4PktPQ4rCb12Os3wspPO80rv3dC8llIe-z8R-iYW9-8GbeTs17l_qD7v4BPorgezd_I05UbjFIuodhyIN9kYK5nmXRwL6KATNCYPT5tDqictr-4NcJtFnKd1seP_fkyeH7iU03dE2VAwbissvkJBCgoWIV_uI4E0k41govIKuEMKX80PgZrHjRRKasHg3LDNvcEX4Har1JymOON7ykaVbCO5AsYRmBm27_8exLjL4zAv0SH-wD-JjlxObqBhOIpUiztE91pMW3uTAzpk8E7EbYzsfJPQnsPO8szAmE_0hF-c21E8U5qaJk05z_UBGblJ7o1awMmVjj-xluMp2fiMcjcJkqyi1H5kGZHiSESFXVQGnmmaS6l6dd_8RWeGKbLH2LHUjyE8yfpVFEzp-D304j3wwtBjos2xUWx9vmKPURXPd5grOh4peOMW-wqa2_z1UiJJSognKhqK8NLteS24rqyRdYeJA==,1,1,JFK
Budapest,New York,280769,2027-03-16T13:55:00.000Z,2027-03-16T20:20:00.000Z,2027-03-21T17:25:00.000Z,2027-03-22T07:10:00.000Z,5,https://www.kiwi.com/deep?affilid=mihalymisroriflights&currency=HUF&flightsId=0b7720a1519d000001148855_0%7C0b7720a1519d000001148855_1%7C20a10b7751a20000b3b9b8c5_0%7C20a10b7751a20000b3b9b8c5_1&from=BUD&lang=en&passengers=1&to=JFK&booking_token=HtYhOIChrwExsnRjBnM9zoM9IiUhHFAOCT2O_4O2q46OKh6_r7Yv6Jy8A50V5Keug1Gsdwm3kQdlEfp09Alohj26F2x-jFg8e_UxHTZNbXxZREkn3Rhxxv63REoEHygAy5H7VQ4hKZWYpqnY5jB6gSvScPHW9EZO0k_qN6xbBk8nJzH0qtQi-vS8gY_BF4P4tpG1Sb4nMzp2_9bWQsrrrzGQ5EhpDYlb_I7_7m7Gln6JtQ1NxRVvpOLKaS2s6fx3XPKav1Wh6S7-xlSZPrglg0eTRUcPT9mPyzYeCUhzfTgA7WPk2BQaY3w1C9lzx0VmvnniPmXABl0UqUT48ExCJS5Ty_kMXdKSCgte95VaPj8RvLDXvUCIbvF5J3fKPq4FMRGObZOMZCe-tV0uT4jw7e2j5kPLyOKRcEl_NYCD7SBaXh6cZPONVvU8cZ5EClvDks_2ZZUDtvj12WtiNbTMdfKiwrludOW8pqvXjEufewo4IcQ_2shfZfZphJ90YHhLGStzO9iN9L0v9L_SsGgm66OItPwfXU8-u4KQK1YVXUVZZn5Q3-q-iRbgo2uFt6CwnAayGgcTPTb_lMXpTxTygkB2Vaf4CS_b0Je6hxKrD94MahYF1dparwfKyjFlLsDrtLbELJd6LNqdm6H_ovI-s-yo4o1RdFiLAFAZRYE58P6llVifd_0tlBzhyLECLZbz_G7IXMPJlwVrbxqI5qiirkadK-9ZIy03ciOfz4c29FbGwjXWP_K459AwhZIgpwkFatVJUWe3q4jr3C5k__lOKmEyINOr4pLk-jErdrQ_B2r1uIuoQpUcxbeW2VPsPv6kyrU0rV_PwrWePT7bhh1CkgURY9Q_SKi_eePhABYClHpCipQWxUmjWoGul6_jkz-N8Z5HqxZ6n4bKv40kRoYdqpQ8RU8QcWbCcf86Xj0OF51KIEA53S2jyJINOnOzeulhPJr7PmKfwHYcQIeOTpEmFVbFElXSZUuBAUq38_75CYJWvkSWZJWE0cC5vmyJKM7Kts7NyLP0EKYVcdQWNnPLIpBbM2o7rnJisE2g4DOgmKb43nDjL0oc-lFL4spHAY-9aTwA44c8iNpTVcmaUQck3endqrMlAZUtf4IZ4PY520UfWU9P5u8JpjVLyePs1YngxJFnQXeeWzlrTVLDrOCzKCbmtKU7twCFw_18KFGrq_3ItL0knjhub612ZijOH3hPvceVMfzVOsm-9xEhcSTbEHiADRKW7edng7oRcmtkYlPU5eCgi0iDnii2QIqrY4lBx-VIgkqyeJRvAcnz_hrZ87w==,1,1,JFK
Budapest,New York,280769,2027-03-15T13:55:00.000Z,2027-03-15T20:20:00.000Z,2027-03-22T17:25:00.000Z,2027-03-23T07:10:00.000Z,7,https://www.kiwi.com/deep?affilid=mihalymisroriflights&currency=HUF&flightsId=0b7720a1519c0000f39f64b3_0%7C0b7720a1519c0000f39f64b3_1%7C20a10b7751a3000046b62c10_0%7C20a10b7751a3000046b62c10_1&from=BUD&lang=en&passengers=1&to=JFK&booking_token=H01krOUdUEn_FyKUZmVtQF1rZ7lZLoSjCBLI3g_vGov7msTpl9XnAPybeU9aqvR0HPMND_ndb0ds22AeCPSnCb6GMeZplqESF53uoSv1G9sOnljYZun9adK29yMdumoSyyYiVlnBZ6FdaQBCTXdcRj1pZAUYeIJByePDrORCgLZEYlcfExURjy1zboHFO8eBbB3Bfte6PD0pb2Nupc0H4vSQHOIA2HWg04jWKblcH_ziHosBn5IZXqeoiaNMzd9_GcBUy00a6o6CBZyEA7AJdeCeUgn1IrlwcY-vr7RDVtVAEv5W6BKtGTvVzy1ufflTt3YKGBFftlxUG4rOYnSoDJexMze_Qb_XnUMoCH_9-hZPcjMy4vr0E67d_AWX_1heKHD0fDfz3jlqPa8TH2VliE_Jq0Fm4u1MLd7VJRwsu340sF5aMC1frJhkjs_-_coD1tTTZODoOLRe31iVeHTQ1zDLQfzBMf8dz8CSD5S9EwzJ0A6hkpz0iAVtBgqSeF6ox20SA_j5bzb90BdcoOJN5S7Ha1RxscirhFe2rUrglLYaLTSn246bRo-7hWzQ-DY7B1TgSm-nxtiWI8bHWCqZpxaiFHsg-qrQO161E0XdEsJbhvNrk0Olp-23xyMUvlZsuexn-5n1wuKEsrKrY_BnvEHLAd7lEnpoRcnZwML_o7RqKSvDw1U_7PGn0IbJPB2fqu2Xe2sxqTCE6TppMkj1wZYOtHW3LstCNwtAWRYTaG206y6WqrLdc31K6OUJZwUu_Hz01jrrg-Pak6GpbbpnV6LvxOK_d2NfuUbyXekVNFcfbuIuWqPw25xqnuWbPVIHT-jsuLF6MqpZiFoAZd0Emko4w_x4jXXHu0OfDC8L7yWA4EBZVekbKD4aHrM3pXG12AU22o3aMxW1Ggeb50d2jj0HPsLKvocy9KdOV16xb1O8j2y_RZHYL6b3Fz8mZZcCLhU9wRMvpJFikW63jo9rr9BJbJTtD_r46OsFkWeShBm4lx2zjp8fRfonb6OSQmiMnKCyuau6cdOEXYKYxw9aI3AgRwNIG8ku5jdFrsOcIC0zi0hJWSylmu34sNwa4yVpy4ExI8_UTemxZE9hwC4254EkLiJd5RRbdvXMQf9EmQt4qr2N1P00gMNVBe5y02j83ipmoWx066Mp71LQhnR0Wshni6-uxfAN24UcCNwSjr7sfoNllNnregYovY85rd5ruCJUIriJmmkvQayVb3AjGrXLxwWfj16mOLDsQ8rNO97Qe2Xgs92q8YhHdZGVWMGZoeMTHEqPdtu2voH3NxZZbSA==,1,1,JFK
Budapest,New York,280769,2027-03-18T13:55:00.000Z,2027-03-18T20:20:00.000Z,2027-03-22T17:25:00.000Z,2027-03-23T07:10:00.000Z,4,https://www.kiwi.com/deep?affilid=mihalymisroriflights&currency=HUF&flightsId=0b7720a1519f000061e4f5c8_0%7C0b7720a1519f000061e4f5c8_1%7C20a10b7751a3000046b62c10_0%7C20a10b7751a3000046b62c10_1&from=BUD&lang=en&passengers=1&to=JFK&booking_token=Hq_E5TWsRTsvldLjbtOxfMfjCEs-2Qy1QbQw3sCMSrIS139Axi8WvnXqYGQHrM8cgLQnLe4RGNci0tjdPAjWgJxnhRnCHrrphbJVQD_XaiafkpsstM1RFbPfLZQLomLiOWhiu8iCEzb-X5965xtTW_sllQ4_9twkQXulmCaOL6YkqSoR2lGALjvQoAawi6IDQIfvPLCFeiaDKceLCPKzpbEunQQ1M9eOeQ-Z7URQiFIMlDdmJP66NVr0hSWg5pqZUEad4Vhi2juVhSta6EEnRoK0uIepqR7RwNrupZdE0U5h-QtnGGCyNj1h2Q1-3wQEEyi2rJ0Z6vw6T8h7p3rgHb1vlrwQLrKhD_Kze0bpTrBdJmtHc9nRqmwK9GhbB7b3KdryFlbY5BipIsdXerVFN59UKdi5CMXnCe01Cy9oLZL0eay86Tro-KoLtc22jD0VY_cWOYmfDQ04pnnWYDFXCM2NgKybJN9pkSvOb6k_KHvv7s7YyKaVNayvY3ok2lcrs1zn_dCVx1LFcltdsgii9XDBdG2ERpjGFY9U9pzmI0s_bI_usuXfmMPaZ12UP7aVXGcfBSESkwPg-5s4BQRRRvB5mQtW_QR85wCLMmVI0FeTF_4WPxTbduYmnqkhixyMFMYYDIailQ3EZFv7cTdeIYgAMClbuceuFmcC4PPZtROoAFFqenuEcV2EYBmElKdabV3uw2oK-Vqm2H1WcMHl38TsRNMTW6C0xE5rNpcyA8rOuLdA9QctDdmrWzapyUTMyVnRdcw5Nded3kM39jPlIh6QGQXxjN8uzwCxPUD9I7qj5_FOaCT-pnH6ftWWFJmRfailXrfyfNGNH-m3Mpts5HoCv3IiKjWTHXZfV2ZeZJ9eUxueR2xBmROgpbs-x_L625cbhy_14--H7tK37OBKiz5oBBKXDlmR_PHrThs4JUZLGK-60jkpcRDjA69Q7plWZwSt9xv2QfnvYRecUglIgK4IFxkjmxZNjysimr-L05kfQ4CxYdoBN6DjXzPuiqxubN4wJdnnPYUaqDwUUGDijfTy-ap39KkMJfTt1R_1obtYbZTt1bGCiIEStXIgJlgF-ynvA9vFIcB6QeTP87BkOlHKVfzF6-zJPwIfW1k6Mdt_-DAa8kI21qvI8GpUphnNHGcxD-kgkqkx_lAjU9r9iy_v3n2qY2wplPchGB4QGcYe_LHZoqbdU9oJgMjvbrgmZoVk_oveStggxlrsG7-Tsu-AdrkDMLs7HILeYrM4S2il-QjT_W3fI3YHFFhQi5KHuhPYyPmF9_UO-KnBU8BPbsQ==,1,1,JFK
Budapest,New York,280769,2027-03-18T13:55:00.000Z,2027-03-18T20:20:00.000Z,2027-03-24T17:25:00.000Z,2027-03-25T07:10:00.000Z,6,https://www.kiwi.com/deep?affilid=mihalymisroriflights&currency=HUF&flightsId=0b7720a1519f000061e4f5c8_0%7C0b7720a1519f000061e4f5c8_1%7C20a10b7751a5000038bd79f1_0%7C20a10b7751a5000038bd79f1_1&from=BUD&lang=en&passengers=1&to=JFK&booking_token=Hpm0x70aKI45VdscO5VU_qdOV1JwVfMl3F3HDOLE95-ix27zg1YThxK9I2e4-atrJjMGU5PlGfEfrsZTt5_tybpA4mye7RrbPSu2QmBcNVPDagcKWoKd0SrhG4NFhi51kSBHNinDIB8W4RmYFf8oCWGdpDXPq5dXDMdVMsx8V48K0z1bbDiV6dFS9QiOd1v8E2saScjaCiVI4Wzeq1Pt5HbezhGx3_wFbWASrrFIA-Qgn_Uc54l9Q_Z7m9YUpXk2cl2Z0lq5qzd7Jr1Zjw3ZHLNMRoCqOEY3iwezfiKYPHYmul6Y0MuSDKJiFpBWV1CvJWD2euyEvagpK52cPfMghY32tso-9oKfZaHN1udjaIithjsmaNDIKMM2v_PJePMh4Ot7O0_zDpldvkzFOmqOZ8rp__O6a0Shdo7hhDpal8x2mTBsvpQ2p6wnq4513BH3p7l8iKKdvxV_gEnx07PAonrdrdKSEFPWjeNJ9SgTwLhfLq0ctGCUBx5PavsPPBv50fSH9dU7yXDnBO0-RE50xsjKtOfcfknnTj8_f_2ZJWqj4VfbNAiHecabi6IooS65otuM1KbgG4VWB4N_B2htIPMu4lafnA45amWC5cXwxCEhrZ5xGjNW5i3OtRQ8OUYqp1_Zl2OSLU8Swp-FQ39OBBYmd9jOTKrnWJB2fi4l4AdKBWp3dSlAL4Ejw6Nwes5i5j2DoK5GtOW8-V3xYMb6XnkNYPXwj6YfcvHUAhL5FYl3FIXuZBVrABPOgReps16bcdyP3_OJKvqxO7gbX2xKA1wvnnZg-fU65t5idzlmI2lYBpZ5wQOwfv3AGXlN0-jejxWaebL-gjVG9nnEUDQ-81qjAB68iJYMsfHRQIzam-l0kfoEsDFPYdaPJEWwHaLediET5eh--XDwY05W8IbZxcU73Z0JUm3xRaJI8WpOoADJNWd9laSzycTU6w7Vpo-dLSFI97welEPnVglIa-XxzuM4596JJYW0asuLmXI7Lxg5RWOv2nR8f9VQGSYVv8Y5zmY7ETrcuv6Qf1ZXXwHRnIt2gWNmge1wHiD2Pkwec-smdOByBeAyb5eKqEJoXEKdTQs4_mnEC27ywwB_yJi0Tv1cc1GRlEg9FcWWadkNkV7fFiTdg65eVNtZ9WqmHiJRRXWNXQuB2nuw91JjgMrw_sv4KsVnktALAHXlR9KGzqfMNHid03fKcE6gSFbc0gCPUHAvM0xQ1xDjRfNxfEe3fOz_JRQ_PQ34nZ8bSNocdaGXzi3YDkGu-wI5e6zGRC6Ht7mgxsXZxAGsWqdg0kEZ48A==,1,1,JFK
Budapest,New York,280769,2027-03-13T13:55:00.000Z,2027-03-13T19:20:00.000Z,2027-03-14T17:25:00.000Z,2027-03-15T07:10:00.000Z,1,https://www.kiwi.com/deep?affilid=mihalymisroriflights&currency=HUF&flightsId=0b7720a1519a0000917c4dee_0%7C0b7720a1519a0000917c4dee_1%7C20a10b77519b000053b8ce22_0%7C20a10b77519b000053b8ce22_1&from=BUD&lang=en&passengers=1&to=JFK&booking_token=HGzLfecKYmwCSuq2bJqsXtdenu9wFSMronWAwA4G42QfSefVTuE_YQ8X1PJ5QKWQxqpGIMphcWXhoClPbstRa-Cs5GZnztYaWWzI1Ebj7URlg1Zs0mqn56yWcODWegRnq72LYohq3dgqCsozkV9JKZJExNW6DMEUNOeHC19cVjZIZ30d8oXyVqkhXjyWKUVU8Xq-BMmmaMgSfbA7hKcUylOwfG3pST0NEVWTa9rPXKD7e0XiJF4R63uU5cTxqoR_xCr85kQkXjEqu9-45y6--qOVGfW5tO3TuelKcIlknt-AoZjd0VzNcdRpgUHjDa7ex2FK-8mmMnTPemws118_MxbfbaWoQVCNAs23dWT3j79wb0gwvE-s76Vf8ml0l5kb0vbBjWJf15il8wdjbp1i_1kMylAjafDoFq5qPDOvllh77vf2IT-XzZOHcexqTJvNVLWQcdY5FsR-sVq--7Mb7DYQIpTcMluHyBRh2Eeok6pZcL-kDLe_eBOptnt4oNNo4F7NqgIbeB1Qf3kbdCTNwZ40HFBQF1yGq5y4W7pgubzUJPFKmCfDaqCODXlOyDK8HBCErFPeBD-cvrgCjsL5_FzN4JgWsEtDbdB_5YcUvVOI-wIMyuIW4qdeJP8Knf8gH_aIvjRpVSxzgd9ENCmLvmTL4AM_OJo5JUD7K4u-4dZLIr7b8iTElivqWEQkBHXdQLmyKQkFL5HcncVr7VaeCKYorUYkebUVYuH9Y47amefpnNnYYvg-ldJgqg8NWUzQs6ngyW3JXH8xpM4coLaoBmxG9LyO1OdSqlS9TlUToZEXiSgT7_1bNcobLqaNrC7pbtpoqXjVek2WKtvpD5s4MIcDPnNcJ1ZqGdYw6phhkVe1bfc1eD5ojFlHE5CsFINNNe62NoQ-V9DFd4d6d8nUnWN-NbsYjajc289PMAUDHAURM8VarqE42WrMyGfy7qexr8hBnKLOKhYrwc_d5ameKeaITLcOsjaysC1oiQ9Cecq8Wk5SypzRleku7eacG883kkOVvi8JDwQv2lGgY7zDhpPdgN77UT5zXd7ZTO8wHwRHH2y391HJmyGtKjXOhZDctNtEYJT-iGZ1YdJkZvRdcbSejBLAsBFovxpTrfOb0xrI7okmD1nJRsxsh_8dg-EfQN9l-lqr2vQIYOmRKUcQ0LTcuv3lX3lAASjtZJBG996qEcs_fB43RH-anh1dc-0cQrxDxhDQHV43juuy0D8znHs4XVqg2XkORdLmlBR7FYGZiJqpE2pB8K7juitfw2Bgm3o2djdEkQqfBLASfB5LVzQ==,1,1,JFK
Budapest,New York,280769,2027-03-15T13:55:00.000Z,2027-03-15T20:20:00.000Z,2027-03-21T17:25:00.000Z,2027-03-22T07:10:00.000Z,6,https://www.kiwi.com/deep?affilid=mihalymisroriflights&currency=HUF&flightsId=0b7720a1519c0000f39f64b3_0%7C0b7720a1519c0000f39f64b3_1%7C20a10b7751a20000b3b9b8c5_0%7C20a10b7751a20000b3b9b8c5_1&from=BUD&lang=en&passengers=1&to=JFK&booking_token=HLZm5mDvdsHoAH2YrVSNgEmjCwJv-KTxTUSc9954DZl2UdEJih3UbY-BuagLu5pydRCkHxILhFDqGWV23z1KS76Ytt8kH1Xfl2QPE90OUh7X4Ai3c6l-HDXkj1yxWNChocNfamFAGsf2MHxwLOLp0zOa1BdGPwWotaGFge0eIlnPwrahzapf7ARiGL9muQ8nbhp-srUNeXAtlSl9giXRblxj_TDCQU-hP_6cTI4J8J56LqLsSRT-yx32NQWfBOOtnUFufFQuZ8e7rf1LaKu1pwugcVNujC19INHwJLT-6CgK_1iK-5zOYzIalr3TR0-tGwqm5sqk7978GXRTdiHN9cFCPKrMgs452_rUYgdPOJipM6GUyWhBnzE_FoRZZUv7OwU6ZfBBeNaK5FXz5iWxTF810vRQn8q1teySgWtzT0zy-bjpm5F_xy3NQ4KsUn2AGfihJGyea_P6y-iWd5V5iP7tkcUSilFXJbcaQsBITJgeFFIgNX-ZsJ7JDvJiTMHWbj7CUhI0U6EI8EaceRDPGrxf2Y5GrffGvoW4mHJEE7u1OKkSQU_RQONMF75sdiJCXwDsZiJIA-DiIWf6ulKdV5OrSiei6ueCUKAEJVfaJ6zcMSAo2HO9M_XeIclbhFwqzV64K3gRLIEOeLM2KhCFUg0rLK5STSX_EBmm92xmkLOX1cr93-Ftz6AtPhhCs1O06f87QU3PluQovflrJZtCFlCUcd8FIfdsW0JiPlTFVocStR8u3eIMKPxiz9PMsh7cUTL0qdnX2xftl0jhG36LkSR-7yC_3F-SuBRkYERQazQYgAZazqXVZXjc7uk0KdePcS5QIpmRm_qhWsLtRpnWwZGyr2vYEfZvQWCtZk8CLZoEKR4boaA6YTkKRDUslscrw8-7Z5RNCaIsBS6CUmfZ91ae6md0fm6DcJPTCCGH-T2uViJKTngv681rvc935FK6IqsgfXMaSuIwIDpJc_XYKEDCKTR9y42Dp5iE4jtzIursxRmrMRkcCrCwe8eiBku44JE1ueiwt2-mZ3vIYwnwurfwC2JWOeMQAiTSWT3qmVkimg0tuiT27Yxhmu2OkuGUHgPciTVB7EoJDtpg23noHFY2-fMqL2Mnmb2GZZKYfZbUuCXskMivc8XqhtQVWqfns9RPVu69oJ0RtgXLgd_e3L0s2fqjqlzDf3WsUuMK7ExPn3gNWUzrebhnL1oroRVrIrHzfViv6QxzKxfi0b8nUE5D7sUb9B4kTSBB8ojISHm-4u2zUXi4nemz2u6Uu-okDDAEioqrID6s5zTmke72lLw==,1,1,JFK
Budapest,New York,280838,2026-10-14T08:20:00.000Z,2026-10-14T14:25:00.000Z,2026-10-20T00:30:00.000Z,2026-10-20T19:25:00.000Z,6,https://www.kiwi.com/deep?affilid=mihalymisroriflights&currency=HUF&flightsId=0b7720a1510400005e9180a8_0%7C0b7720a1510400005e9180a8_1%7C20a10f0c510a0000c02dd450_0%7C0f0c0b77510a0000a972492d_0&from=BUD&lang=en&passengers=1&to=JFK&booking_token=HJW_LgK6o3cbAiwzV5e0B5gi-YdRlWB7Q-wtpJohAGoIVUL3NY0Bqa9zEwq83C_Q3qf6FUw4xsHeY-Q77-9zgCbvPSLEmW8fknxT8izOxZvpVGC_EVzux3DAE2VLEVoO6OXOojuOSWKoxLXqIsKWZwnyilXEatAKl-cUAhAVJGpxMcCirW967L2LVp7B_ixKPpPVpQQqq_858L-NbVirDe7bG0Vb5aQ0teQk8WRRRQswA-iUVIUcgiRaKcYeTJjlFZ7ZNWyHGcmhsdj3-YpdP9BWxaR8TTb-wA3Ku_SBlN6FdcFIYP1GTsrx5MnoII-eLnWppmOioql_06fJ1Ccf53OcjmeAChrfpWuWAm-B7C1WySsUHhlloHhVwOKno1BFZgMuCvQja_TefVmJxhCbl1QiRjmAxaQQzmRM5kCEM2z7gkZzfv4y8roEraO2O_FSDBJZJnbSa2OQt483AFf2O6O4ZbkoPRaX5AbXaTgG9M4FQPJOjFwqhYE3IvOY9xf6dirhUbeShAIt_4Iy89f8Q5mwTYcJw9xOxCZdwKycmCC78-1Ma9Wob0jq2RSa8tWyI-TFcndIakNKSsvXQX4-vd9ffbXgk9Unr6r9NGmhEtugVONX87DBLV7EoUJEWqsFQuCAKVCb86Hb91UjHarLWuRMWSWJ1ngHR9ivKvpWwMrsEPuIt1kCtJbTrHh3jHKKKVchFXHo1YiRLdKO3jHWnqv7fjFdA7MI62g4wUs9l1hwj7UoUiSs_q6CIXB024dE_r8oXdGQmRhvpOw_8_2sl4NBEqDc0nHf67-9RcqsZehurLcYV9ie7PuCbTCwc17Xawwccu3kofYEuDcLCXeG8DL_CqupGs6L9Eh0oYkTsFD-1sXV6TQUsjie_D9U5asq3HqBl4TLd6kuaYbdeOy3_lccGrMrDXnLQcs8jGH14AJ6jOciKNTCv-ejWpuy9q1LFKFrNf_1j-zRTPiwdVOiNhfiUmzVOsgpp1j1oOci0_dTHIU2gonDj8fuKbq8CvaOaLuKVWOloMV2k6u78AKKzcXbY8sueNaZQLdkRDNw2rAuDiMZlFGlLq8OA4HE7ChnPBaXYs3V1Ei2wsPzJtNAYz3Iwa_aGFCqKjgpAcP5tiTsQ3faie-s1DKl8lOJIk-NebcWKCvNYcXAPUdCHEtlBSplwWHfVBFIAUPBXZyMMATtC699Z_siaLXElHGNPhjECqgxUtA6ug8BLBy_n1TokYn7h9MqSJllMwKGFjVqv1Rhr3KvgxzvuYpkRoII2nwWy48SBbmNS3Qx8KctK6WAAgDX-vnIpZSzU-3ZoDIkG3RY=,1,1,JFK
Budapest,New York,280902,2027-03-20T13:55:00.000Z,2027-03-20T20:20:00.000Z,2027-03-21T17:25:00.000Z,2027-03-22T07:10:00.000Z,1,https://www.kiwi.com/deep?affilid=mihalymisroriflights&currency=HUF&flightsId=0b7720a151a1000001aad971_0%7C0b7720a151a1000001aad971_1%7C20a10b7751a20000b3b9b8c5_0%7C20a10b7751a20000b3b9b8c5_1&from=BUD&lang=en&passengers=1&to=JFK&booking_token=HjnN2Cd2hUC4D5xTa-aQv3QsJCBnVwiQPaVp91b4SvXYcsL5_MIVNp-qxF47SJ803y5o6JdHeuKjCMrh0YUfDcAzVWK0xmOortd4GjAVbTi8vByk-R3QDYu-yoEnhjHZoHREZ0-dXDNbZ6w0qamACggmmNurqYAUzgal6SAP_HrUPlNim3OI5R7K0ReJzBayrbKwlxV5NZZIoHcdqyvbOJcaqNGmM_TAKXnVnS8XBnFSebsR7lHXMf2lzH4ZGEEySrA3oAe9SR8qaVI4NhjPwBNMkekJBdXFA13mKFfVX08qMOgfP-cVg_PReXykWHIBXigqR_QeEwPLAEwYQShYqbYu6pKT4XyeB_RVkONw3SrgNhS4SbPKHmjdmN_z6U79bJB2dac9scm4NZzeLGRigdcwnqyrWPFPseu1T5KJyHd7xgxtoXtvSKwkzSuntZOCpXO_Y3QQUP8cu83q1h4eID8OTRAgMBIcvmHKAlQ1UZiGnFNDKGugbVKaxh0mh2Vys7otGC_afHpkj8TSszsvTbM9D5etJz5oo0hYAIMThNvdSGgzQiu-1NigMv7Fzktj52Xk74cYMNjz3psMCCEKiqgrBqNm0bl_V34CsCdMqPrdLOizelF-qA6xe6GeWpcA6766s8klgfDv-AFVxnyud3axBLcr95qj1As908VnEfZGjLJf7MW1-OvuHebdaklyh1oel4v6SsxP-kgMVcQ-5DYUAXpGNjh8OglA36mr4qFCxZr0-X8HI0jiOaxf6mnKG6kBgahQkxrfnSTlnEHI4pOR3Jg2B0gCvmwk_eZ93wW6_poimVesASm8XWpdVwnDTxfnuIJJfIsPIC85L9llJ3ayueNB3F4YhuULa2AC0ygEHfV0BWn4uIF0IOHqgcjBO1jbIxBYCyq1WoWTda8kOjb-UgpxAwstXtjRXiLyOC9d8CEOlFmn4HdosAVllfPfvBkZD-c-lnSpviEJ2Tk-uk3m21igbjjzw5eMNP4rz58JIgqoaNjYnQvxh5el7o-5hX7p8atXdy3Lp_OVhXrtBh0HoBAnYAatU71SzeqpT4o2cGdJp7Wt7kNmjseYkwUd__rFdsperzsflQ0l7SFxTsSWM-B_9cBOD3omIh5847bLVK4DwvK_nznIyz531yJcrscN_BdBtbgvMWjiAhZ_zKYjceK1wzjZgiMb6tq1JLpsc3xNjmgc0W9yAgwviD9C9998wlWpI71FWmXYj2laE0sMrMhV9pZmOrpl4B34Fh8yNAaYGgtstWZ5qobDDW2WEA6HFVPHiIlKLAtfwQE2jmvIaBWmmBgxAy41eWEW1iHI=,1,1,JFK
Budapest,New York,280902,2027-03-20T13:55:00.000Z,2027-03-20T20:20:00.000Z,2027-03-22T17:25:00.000Z,2027-03-23T07:10:00.000Z,2,https://www.kiwi.com/deep?affilid=mihalymisroriflights&currency=HUF&flightsId=0b7720a151a1000001aad971_0%7C0b7720a151a1000001aad971_1%7C20a10b7751a3000046b62c10_0%7C20a10b7751a3000046b62c10_1&from=BUD&lang=en&passengers=1&to=JFK&booking_token=HKmjCiVYVn2n-ATgc_rkmyvcx3T93sO7AMbH6Yoxp092_7Re7k4o-qjJx1betMJbXmD2JcEjYfdN5fXgYI-i6-7LKas0KD_-NYG7YBelW2zhlmmReG8oNxv1dzBXX0mL9a0uSEW_EGlm13q_QP1l7n2YWW2PCXhXvpA8mnbGgU-cHouYR00H32peeB5C0A-okQveMb_WVmFITm0vpdQJEW9fAJs1CfSdRBOMFIgFmj1Mida-toJBgZVlcJwZsQX__HsPea6UWs81qJDeEoLzGabV8q8YanA1WzeNmaF4Uj-_4fmIywrhX557gF8gYhRYGC_vECKA-57K3UnzLietV9t2a7R-5-Lcm4zOzzMdonzewdTaCGsDfSL-nbbguQDakFvneKsbQsgn7EKx2HbrFKQxpYeBQTZ7Qk-BzzrJ-CG3Ni6XHbs7-w0OgF-6D5kOOdAd_YiwCJzns0PFBATkLQDxwy2Stl-cYhzYNtJJ1oedhRMKZRAW23TnokYNSQJojkzkcJjYP-aOzQrPW4Pk0PN-QqC7uzNx8oA9oKGSpW661QLaf7pJ-eSixBwWgy4Htmt9l2ILtJ5cUU_J9hLr27vd1Hj__6wJjGoX1d_Ke2KuyP8-OSvKOA0qYwb0P_1SF1knmLsH1hAarZuKKmSFfwZFx4dZ0t6VahtIju-1tYLY6qwfaY5NzzkfUo4lWIwIsvHnZTmIfAdLcNfIWaq0viYfRVsiuap81X-HeAlLQFMurIEsTKiluSwCGeJbcFpReswG0qCuRtYDBRoh3fP07SglCiCvxU4oxZJogg2xpwBKx7dKhcJBZoCrAGN7-uS_TaJC32Ubm0fWsdHRNBrmgFqrNAWMOdFSaWHGepasR1co0mzheP8sVI_z0lUGQ1mhSkhZUKTvA8nstb5LoWKFt3nUWCeqDXVnQbU-LNgwT6U2-7ELttGFjfEAESe6sFAjwfniSmfS0PSOkSGD2y6PNN4_6qxW3R5eGK-_X9y7NSzHctQDLJ06Ell0Yk0BjJgZEKHXyDzWq7b3JdJx9kTo8j05pDe3wVfmqRkPtNb373yje2KS7w1HWYgiXYL3Bsn0b6LIrIECckWnzB6R8zd0mB7uUXHwNPUVDkISUKLm2RusH3QXYbqo_2tXsnFyjNImaNP_xxHsB6uFlmMlbT9mevkJRC9Ejy2j-sax2i55YjAek5IE3GO_FOhg4RVWW8am1uvDbIVGQfekxGiQ3-7__EOoGAcrvS1v6CvpUI-Abduuh2kresJtwCMyD5MLyJTh3_bvB_RD9Cj6sEryS6AgkIqN7JF_RIXgU7rKXmDuQs0E=,1,1,JFK
Budapest,New York,280902,2027-03-20T13:55:00.000Z,2027-03-20T20:20:00.000Z,2027-03-24T17:25:00.000Z,2027-03-25T07:10:00.000Z,4,https://www.kiwi.com/deep?affilid=mihalymisroriflights&currency=HUF&flightsId=0b7720a151a1000001aad971_0%7C0b7720a151a1000001aad971_1%7C20a10b7751a5000038bd79f1_0%7C20a10b7751a5000038bd79f1_1&from=BUD&lang=en&passengers=1&to=JFK&booking_token=H3x0gmV24P0C6hkVtiNJ1Cz_scHYKXeIts0HkiXflA7oMVRTzEmKZfz2ffuJ8Wwetlfh-a7n49GZ0i8xaTpxOW3LZMah8wNyxefuo58HOeCf-sOIYQRkRzbdmRwT1x0z7scL480rx4Jrx2qh7b1Z_D7xGiQxbR0eZ_wZakwnvshTMUsk_lhctPF05BYI2gEcszXWAikd8Gt7oAVfdawOn94W6PQJwzEvBapyChejMftWWMkyc2WqhIBT47i6EYDbNi7XzHLnVsMt_BH27THNxkYxlB-XdcsVj8Na-pUONMvy763e3Uam6MHc94hLSlUIRM87zO_v1A-xdJKz64qp1ezA53k9eJBVWpgbqDjiMNsj83SS-3kZbGJ8_Zf22FMezRqKkzQXz1IjK_Phf8vmFp12NFsGWqs0X_35S1fdzh6Ion3q6vQAhNAJnjKCJJ3pL6A68TACdMI4vCxNvzL_vjUszjmptIWSlRQ6rWQGpmgfIgu_saoqPu3QzsvsYqGtdCJRQe8o28EMNvd0j0Osck8gbpQyFnLETLS-l3eQRTzXGuugAwZJkeoRcWedzRyp8N46unjy2lxGBWx4HzrM00aJF9Od07JNu7wwobHCHPAleE5te_CZxO_Fqew6I1cCTG2wH3B_xVjTZN-nlJf_RhgqfOX2kHWr3wQZ-3XgZiZBqggH85YLaWvJUJ1XMYGT4UUadFqyG-LARwUO4xhcoqp5iofTRorE30A5LLWLO1_cT904_bUoG9EaaozKhA8iIgmJgkJUHQhFzG-6BrSse3YtfUzsr7r31mo-b-8kXVZSn8rDfbjUHx98iIG_BF85WTaWNQSGcNGZoN1OOWDGp-mwsTc15DSQWpAEzochm-waWYuipOrQ17--_96lrZFnPXM4KNWg2MObvBnolI4CZroVCCh0p7uTXQ-AY0Va5Eq15qjF9rH0xGg5ndvM2PXgic9ndi2C9plb4iPlb4CCo6Y79f5XdEp2HBk3VOJ14yLMaENBFU2L4xcW9lk0qjAQC7vu2xwp4QGMwTerOyc2LuXJmY53LpdNdrBlOZDisquqITn0dHHZhQ4j5gFZczma7HKi1knan-cfcmMyUNSlaU4dl7g5K3DDhMMwwn_MySHBi6i0que0cB4nKCcQjK-p2fGr3zm6YuvFqJSQ7w1eqVDEdsicDT_53AMS9WixK5YsQpBHHIRlYxJ9OQ9SaKE101zn01MOl79xONsx7dnclRdtVSMvuDFPUCBAJEcKNIdHr-TTKAkwGSE-i6kDbIWwRB1-ft5pmMABWre30q11mLzoCMETi2e70PO5_wLjJNMg=,1,1,JFK
Budapest,New York,281020,2027-03-15T13:55:00.000Z,2027-03-15T20:20:00.000Z,2027-03-16T17:25:00.000Z,2027-03-17T07:10:00.000Z,1,https://www.kiwi.com/deep?affilid=mihalymisroriflights&currency=HUF&flightsId=0b7720a1519c0000f39f64b3_0%7C0b7720a1519c0000f39f64b3_1%7C20a10b77519d00009c3ca267_0%7C20a10b77519d00009c3ca267_1&from=BUD&lang=en&passengers=1&to=JFK&booking_token=HTrdLEq9sk-yxz7y7IiErhfKpWEMdb-uGZ9WrvSOmGI0gAD33qM3Xe7TQ0WImSXw_mxxeAMR2BYgZ3jid2-0NBzXew-7unts5h3SbtrdS6XrlFuXBTcNWdsQcmg4SOOGt_9oS5unp-vxZei-aX4sbzWM8ZUCZZVkn_eUUtE2v6UZn3aCmoJCEZ391lFyJZZuf8sN9enxjRnkpVEtgBSMeFbOQpTLaTyqW2ci8Sbsl9WL4ElqxaRA5-dHoZqNJXznBJrJq_CZk0jc_TO1jtncdhzhMGRI5HFWVbBOhu3jTczkDbHOeUnX7iNzSXFNDt8asl7NlWUZkUzG5Z_WiWBKZHd4WNKrnucy6WayF7i-cPsW6icFwGKjF1pTd-zWaggyOR5tWVDK85Tiojpb8E6Pihv7EPjIFBjaqo9mx5r9CZnn95LQicuACUMDvNb_cxK1lLidweJGdMssGw6O9IX34EF0t3kWMuUVmJoKQGe2wFMjloyaK9DeajpPRjCFclaiOoIJZ00gPxVK6Kjm8aYKmiU-OAda-PvpGHfXpO0fzovR-_S98fjBIntpA8_kswHDSCCcvERrGUvj0DYg9GspzsDChMRLFpRdRnNRD83nOjShw_MJJTT4oN9eMjzngOytl03NckWCMh4T4f0PDdWVwjLZLaltgmFB1nnCq1t_k4moC3aYSh4t-yncW1xLjvVL8ZnHTDh3vFftuNs0mEmBH9thbNf04NlqpldO70hXO9uD5kUAxmM-kQvwYGo1q0SWu0h5ae7W0jBD3lNQUaLNwHIorsZdtluD-B_oRLvllarLBIdSdJpeyScBfhUqWqmJwbTq9hPBgxxfXtQmEMZ9kG6_9SYfnPv3Zw4jUKsHRJO2L1JohDa_xMbO95Habgr5kuKlTHjrGecON3xihSBEA3EIkz3Z3BApIiDgamQYhupIxZq1OIazcdSikYhT_1OZ8faK3wjIXm3dsacU6QwrxUeKOMxW7lmc6jZTBIgOOaSZBHc2bpYr0ARxyQEyyBeCRxMtt2KoOZa2HOgt6WLA4uLbiOjYxpy9sxZIV6FdGCtstJma1xF5R1cT-p0Du0O702KJr9LbxDLtRaDNumGYyhTEke47BxCs-0bcH6hZln7QulqWovsuCWrno-_nk2uASl3tTA1vgKMhK_d40iKRvqTv0dWvgD2Yv3G-8m7mowjgcXZrVaGh_4uwEROupVMPYzDU3VetX9vDMdn_NMXeQCSPXAIa7Sgkm_MnP2ztHZ2udInMWBZjh5cCXohyWpw5Nov_o6g7pXlf0o5hcWxAjTQ==,1,1,JFK
Budapest,New York,281020,2027-03-17T13:55:00.000Z,2027-03-17T20:20:00.000Z,2027-03-23T17:25:00.000Z,2027-03-24T07:10:00.000Z,6,https://www.kiwi.com/deep?affilid=mihalymisroriflights&currency=HUF&flightsId=0b7720a1519e0000dc8b1d29_0%7C0b7720a1519e0000dc8b1d29_1%7C20a10b7751a40000764b414c_0%7C20a10b7751a40000764b414c_1&from=BUD&lang=en&passengers=1&to=JFK&booking_token=Hde_L9-hkXTWzj2E2ESWX1WyAtnJ2L-ZdT6H-bjrAQFiCL4_cLeV5lSk8w34q9KA5mSXaNQacvuMwOWmxNi5hdtdBJTpYtMaO-UJUJ2wapJRB_O5_RJXwP6xn2QHa--iak7JjxLl_91FPZKyZxa82nyYHUn7hhH-W5f-3QyCCnuLFf_pKPpywm5mKhfLpAeFG4-U74YDzoOO-5XsN1AWL0rGRGC3kX2IJMKB_Mp4hJFz2k8tW6smpNSRGl2pnZmAWqAvTYRPDDuBItO4KxvTElLrXK04BmncmfWRe18tNAXWUG8EBSI_31o3FjX9aWDtxb_sW046YPNKArsHn2FbuMo0ghKhi-_ALpFaWCKPQQ4azCdXwCUZ3A-bO1KcFpSD05X52b_581KSVrp2AER1ATnGRq6x9YtWJOedhWBnk221Jk3_O-4bX8WNvN4ev0gZFnwDXhdJUNbqCQ3XBrR2F-xOTYewYTl2QEFyPUr6T0yDIuWsEeF5yT1YfjMOsSFRzLgCxlghTogRWpJ5DQaQEwI9xlvewUQ0vS2N1NBz02-qjhK8M5X-4CBs0YMoXiXtlXFsKvh6fVVCaS8E67IIjwyqELOEjqYae_HTeOIaiazpPkcjT6hCjFnGKs_-8MBy8LcukV58tw_9_ov0YdWPa4ilamHQdRdXUnDbJK0u9nabOVRi9fVmbbrQgeiVgLcs5GBOh5RkVPzGWwe1OVw5OQQoD2rMu27X8uv584rBGmbU1oc3FBm1HVM9USK9x1YXBe9P0S0DTani_MXOGifujSAJgJEdsibiR--17qZscpEYv58tBjMscus42dN6ibL_7Dww_pXpaeHYph9nKxjEd3Pls44EJ_hUlU1OazRnuJS5dy73kNgtQglyW0U1qoFwsOplW2s4I_Ls6sTwARxIoBAvVOGlB9Yka15sYFWNmfFepXoiU9zaZ06Nh0dI9pZ139ip1tF6VM9L0hLx0hDZLKKTxoOc8oFiOuXIT17U3gUm7_9setpTDS45xhEr0MCV8VcYRS9gK7-O2YqQIDJrQ897DGZ0c_JLmrrdnw__ZSxiDeSnn4OmKIOaN1A_vVQ4TA0Am9zjpx_sH1AI1P2psdIawu0OmjysmTpm4ST3NbTSbmDac0W6n1EWdtfuLC0xubwTtW9ef53niYyWyIONbgPikL5sF_FlS5FZ7SzEy5u891vhAItVU2-KpDvkomz8nbLnJyaQDOEGrsHMOqKWuskBNyc-1Qlx86hVL8OSAY9XfsYfyunupRCLhSTp6kNZDWL6LQK5K09Sr-esEVgUOMUcxb3ZpssA_ZwanYt6xmeQ=,1,1,JFK
Budapest,New York,281020,2027-03-16T13:55:00.000Z,2027-03-16T20:20:00.000Z,2027-03-23T17:25:00.000Z,2027-03-24T07:10:00.000Z,7,https://www.kiwi.com/deep?affilid=mihalymisroriflights&currency=HUF&flightsId=0b7720a1519d000001148855_0%7C0b7720a1519d000001148855_1%7C20a10b7751a40000764b414c_0%7C20a10b7751a40000764b414c_1&from=BUD&lang=en&passengers=1&to=JFK&booking_token=Hvff3-3w2eYkxjTlnA3z7t4KbAiqujGhFvW9ffjIZwz2ZliL08Xd7T2J-2XkobLm5YTe0mionRDZCxbaHudB9yipMhNL42I-1Q54E8--iA0aHXzYjyzE_8I6hReLYAIsk309ETMc33pV-asQmp14QWDBIxYyRneOMOaStWxvEnIDKBavtILr7Dp-xbEoe12bakES25PXkYrPjW2MgfCFVQ1t7RDdOmYsoKazPucPq4VpVgU76rTyN2422jpS8W3ThZowW7HwjqchvWlw8wfNSHT7fS1Ziuhdvd28PKeOY80u0RMyTqNPC9CFcP39etw2-26f-272xfl4k46KFh7Li6hpTKqnCDPZmj_D2P7oEBcmWybMpb42L8MS8_VaaQVQfDTdlv0kKT_2NX9NmSylZrMmFPMAmkFGCCai6XMm-2lsHVTSNiODJ-3-wNmmZ4In8BfofzRW9w3Q32SiTYO8bDahfyl15a7T1oG32lvjAXMsD3hVX7_ZPLwGxxDzDhHEm48bgRPYfoMGoTKW1BVT5kLeip9aiqf0-XtecwiT8uru9t6yGNTl6JqDQFVPEr39KbtTlkdnvWkzh1AkLMi3i8bvqQxNH5gPZZiYNdY16Mw57rDLP7qoq2j1T_iJdZSTc2IYljIn0KdFPWjYjxBeJA3dY0I7COH9g7USB0dZtRwDbFWq50ZfZQcXvRVGWBKXOF7F96fSxvbFiQ1QPB6PiYzuZ7h0WiM36DyW0TPjhFHwhh8ZzO6bhbhxOtNbXRNputAHLXCL96MnyBKqcO2MxWSkGOQtQHBVIMew-m25BHt_0Iy-l6P5GFmmMeTPCcft02YQZEx3aR8r9Rf-FHVHeONkg_AyO_G-gdw5m2EJE3TqunSN7Lw1xvzC3TS3_crrJzG3TXK39gJNTMICioh4ZO3RE9gaizPGHK4wS0O2U1y1rkFM6guOPkVIbYPg0vhtqI6IKbzdDjAkyIW3SRpbqOQE4tBWcD589QvnGMh28t7bltjIVK6aAOt7vuLvrquvS6IFEcf_yNfopjdt2nI31nTImDoQ2MmS8x9Jc-q5F9SPWJqBlUgNS3pAlBmVicVaCWpGWT_tfKK2qY_7yy8epzLnT_zKogoWsWQLbrPzhexOEsFv5G2krVMUSkuPEj6SBliyyLvuI95CCjaGnbEza6QZ-spZWqKy8qwUwbk_4W0VL3o5o3Utjwud61n48IU587oiJFZuQs2FY0-jdu6QskhCcOJoDQ4KRby9yQzdgwa8V_L7I-HG5m_jC_8l_UQcIm54QFBff7FiC-R2GSciRCKMBOgahaTBC30tyxmKhnUY=,1,1,JFK
Budapest,New York,281020,2027-03-18T13:55:00.000Z,2027-03-18T20:20:00.000Z,2027-03-23T17:25:00.000Z,2027-03-24T07:10:00.000Z,5,https://www.kiwi.com/deep?affilid=mihalymisroriflights&currency=HUF&flightsId=0b7720a1519f000061e4f5c8_0%7C0b7720a1519f000061e4f5c8_1%7C20a10b7751a40000764b414c_0%7C20a10b7751a40000764b414c_1&from=BUD&lang=en&passengers=1&to=JFK&booking_token=HBH1fYv48ZB2YygFWEMwoNLMHAJTqxmV3KcGdzh088_GQAxgwawcLeWsn_WjEnchh12rqnH_tpo6CNlKPpIbmf1GiwZdm5xzRN7YZLqLcS14m0eCQ4z7fq33iZwU4AnyAFS5zAGa-LGmcSGgfuBczLI_atLusdYaF34xiewDx0Iq-XJ_x4REMQbwyw90GlIRfEFQ3-ErbioFKiA2b7p_mzBNbmbIJnwTjGQ3F27BElnqiwVXaH-Ui5WYgwv4h9cs32OT_O9hESlSKPNPlUFOEIVQC7PTpJ4mjKDE-vrwvZr8Vfsxtxf9Fl8ZLjj5sl2pCbvh5FSLuskXv-LD9vk3wHSAEnN_cpKFp45pgNAgEki_5ZPZgj4eGadUqFhR2Ui-T39a5REsYyTc47JXGgxSidt-n1obXbF8BleesQVYE4fZjPw8OWqhUtXl79dD9zeT9QkxsCLadAK6u1QVBu6sgon4s6mmZZm-EF-37DYNKqKu-vStdXpOkhz13ts_owGZxIpuTYgtpA0FO3aAwKpDg2M_SBfcGQ54RNnoyyQiZT9zuAveCMe6q-M2LBE275b_3Tr90XXnE1tT86d1T_t8RMIMx7GfPOA1hcQQycpqkcLSJQOH3nD_LEgc0Ip_r_tB4gSy267cy3D-Es1VObGfEWY-4eYPlDEiFjzuH7qPJZjt2Nr5tLvXMeo7N8FU3BjLVFSFq-3FJr-A6ELwrj5wp_PrOdWKsesbDLY3NJUCPVIMYbSVMSEEGg3BlhrK-d4bKbIrh9Y9CF25gpJ6xxxAnFGVUWyIFjAslobR6gDyJ23Yw46o6HZL9XUJAuMkzqJRymx_iTM8tB3nOLlmovqi1oSRKnXf_qUb4YeSt1k07k-nspZ4VZQlbfpDf4tHVYKV3AJdgPm8OvYqFCoyoU9T_hwlqPmtUR4RP5anoWcvKEYomkXw025m1Sp41cii93O58fCOVz67Y2gBbzs7AtdIkq_ySDiDX0IH8m3qjnsdIozAEKuCVJxNDHb_w_certGAoRmqVqxxGLmxb3prjgzeFZBL3wib1kO48LsIwvMo8ZjHvE6UDrPG3iPf0X2n0SJGtRKc_UgoHcMDAtHk55zD44Il4e8BQTo2oNV0CE9A5AF6oIfIoo7mcrwoUun9ZBIzolUGU4OV-De3ZgtFkxjnlIk3uvZdh5JRFcBgPjHu1nOxhUjZyRZxSknP9iNeG3JUUdPyTQFu83sWiZuNXciSFBcR7baOnTUGCUfSMY9mGj9wUgX9hGHLOyapS7HwffOYXRSHXbGwxvOb3TD84BA7jDA==,1,1,JFK
Budapest,New York,281020,2027-03-13T13:55:00.000Z,2027-03-13T19:20:00.000Z,2027-03-16T17:25:00.000Z,2027-03-17T07:10:00.000Z,3,https://www.kiwi.com/deep?affilid=mihalymisroriflights&currency=HUF&flightsId=0b7720a1519a0000917c4dee_0%7C0b7720a1519a0000917c4dee_1%7C20a10b77519d00009c3ca267_0%7C20a10b77519d00009c3ca267_1&from=BUD&lang=en&passengers=1&to=JFK&booking_token=H3vztNpYgj_XbHFNBcauXv-wIvKHmrx2upGBe42anfpQycworAmeCHONSCb4JHa7paRsqjGvUYsFzh5xlikoVWBa-FPFCDo2dcwWuX_VZeOEB4OjyHvIXkes2EpEZ_BCjp5fBYGcLVaJWJfCYyThqxP0NyDBFQC_7w0DaZXrhU9WxqmYjc9DFzRpFxtd-iORllBR9YeyYZe07WnG7x6j-DLI3id3JQh-xtK1GkWHUmvdsp0s7h6x7cRj67hma6DCge5Mf52hAu6hjBPuuvhqn0CDidMROUU_KNQ1BlI9yD6JkOsyMBNBt8AyVS8G9dgu2kk7Es9PUlWsGXkRfDg4KF1FJ3ID4EKKnA7kL4Ci52lkAJbbW9cdb-9Y4Ca5p39-ReDcyq6Xd3x3ToYAElcJXdNAV0DBv5Iap4jzMCilzqc88etasYWe6-NrLGbtyc3jhcAYmFE3IIeuV0dMogsWVj0FMVN7kdekPBajpf-S0d-D-OyYwuHizOkpOfToO7i2AqUCYtwvUJb7lsCaiUeAUNeIhjbeSoSTHpKd7hmUKP6pqoZSZNawBvdsOFluJ7QJf9Sb4r-dKtvrjPETVr8HHXD7XnINt5c71dVlJ18IPz5qtFKUwDdwp9qcd9ErkMaPWjOFl0l5w65z7Kx8tBS7QKebjsaPdBzJuKJpvp4F9DgC5Sn1oqLgMs6TMneVQYsfdrRKOWutiktZdXTsHk5xfdg5FHR8Jo0jO-x0aA6ybeeo60WHVaRPwNss_ral2DTapnNq-YLl8LwbNtYksZovjfIcVKErMFsfXrKtqyKmjtUz8qaMEZcUDiPkxY4QJZD24u4t6SqToFyBue4ANPcrnSf2dN_DforqiqaPSUm7xR748ycdwturam5tTb99rSnJy5AlEgPgvmhejX0MEAp8dPggw8xjRhws-SwssPDKja3XABy79ZzHJF_5BKON6_O5DtUr6e-eL6Yc4xslHQ2Y6_dbfNfDUdZNnN5x-kkyVq8s3syrR4kBOKt4XA5_KVBweAS-TEQFycefiTMHTN1jqIrdJCCigeIiTJhRj00FP0gl17EFZF2Mj7QT5uIquEjyCLmjNO8QXx_clWn2ujH7BKXUhyQi4_bb_6mAqN1cIiz7a3iSq2wxn9AFAxf_kIdLv5QPrba_gtYFnqrIAKcPXERgGBR9nZJtnOX7XKWPk8P5cyCsl4ldr7UBOtnOdLq5_Y401kTmgo3JchMCbxkI9bUbyQluYR2pgJKmHEwMAYSEeSyXPwSkCBr9APUM4aYqUW1uV_fCjb2xm16tuSKrekw==,1,1,JFK
Budapest,New York,281045,2026-10-13T08:20:00.000Z,2026-10-13T14:25:00.000Z,2026-10-14T13:25:00.000Z,2026-10-15T09:35:00.000Z,1,https://www.kiwi.com/deep?affilid=mihalymisroriflights&currency=HUF&flightsId=0b7720a151030000ec645d64_0%7C0b7720a151030000ec645d64_1%7C20a103ab5104000012709533_0%7C03ab0b7751050000c31bdc3d_0&from=BUD&lang=en&passengers=1&to=JFK&booking_token=HFvRhH1aWZIFiqkdWwTQQZGXU-XkmHmUmQl087Eg0aoTvcNEeFQBFqlOUH7lLMWRlynYBS9RcJoDFYt0gFLwcHp31z2hTBnxMwIXQImvvGyAsdzCs2SOidV0d6sIml7Kx6WXFsNoW0IQ6qS9CKZCDRm-bL_MPPuVmu1H6B91vU_Q8J9jyOMjU61LnahyYAA0d1UrFkqm7sVKmAf4D4fh75fx0x-g1hQTE_TDDmK7AwK7tnsOYIBBwlHiIekSRFcxBRGQjOPPLa0JXwvQQ-OQeJgOBJXj6N1apRl8t2dtuLSPFBkyU77fYwa_A3jk6tzhRQvuKo-3MJ1twu00tQHVUOPOn5s7CJF8oJTl8sNKVO_FYzw27NAoVUVuxLhD0QjRA3WUe5qY2Q_ZsUnJLma7nO1C5TeU-o4I6DWrkm8dD_1RhyUhcyHimZIhMm5giLrbu6q_ajCnDbZh0aJYz50guwHRmw7DGDOjp5Ymy3o96kSnYdqNFrLkCZiTH0P43Lm4wflLLnSBpL4wNRGwJ6REC_bf35kzSLlaMOIsj85YF2iYhBKThdCNofoxY-rwp4NfB9jpcVyxr84cpAOdbZwQOTRezKt89M_rKDCYRdAevbFxPKGXHzXFutqvn-6PPkWuPq_y8G3LJGGQ0yfQlsf4cP76-q1yeiVz_f2hDMqsPmI53cCO_qnOf62F00YPvUX9OOQ0pPTsSc8f2rokOv28Hih2RhmK0rVjPnCTkt0VPl-x1QFK8RCB6K9UzkCiEo0T5SDvA_z8mmbGqcQIaZtOONwLZhn2IhreIZORQcGWTcs3_0ZxhznMJuWdf7opRLbJAlvV18uN7Pi7YUZYjrRXmq6xoranKMOmbLTDZSKangbsEHkxssBr_auN1K4J7Vb_2fIQ9-IB9atjVvEkzfiG66FXQO2Tr1J4haz8_mm9UMSy73ItE0cZhAjBVIOMxPmpmU3FySEKE7aaYOA9Yb7clLXL7-h-wBAXxVx3gLWreEFzeqKyTVnraDEcuPJn1SvewAfABelsLzqZh0F2q5As9N_UNh1vXXmrU7UxQhfgk2flTsRaEKpDLOT-90kSQk9Or4U9Tck0OwUpR-8Uyf_e54bKN9XUesrlMbuPwjX7Jv9lDCZiNm-ORKKzdg0fhZVd5FaflIdMWRzmdvq9BnL3cdZYTWWTAVIoEx92lNtr4VOf05MrnKwbOxx6AupJmnbhN_WygEomuLWZE5h6aOG1oRS-OWOunqqTjaKZpbbXAnecqBsXrmEeYNMzoBk3CqZfGZHhFqKtWcgSiRVicRw4hW3zdFKiFv5OwwF1GI9YEr9GJuUBEyMjIFZKYKQ_4T_Sx_aHhwOu_9nxmf_v2LZZtZA==,1,1,JFK
Budapest,New York,281045,2026-10-09T08:20:00.000Z,2026-10-09T14:25:00.000Z,2026-10-14T13:25:00.000Z,2026-10-15T09:35:00.000Z,5,https://www.kiwi.com/deep?affilid=mihalymisroriflights&currency=HUF&flightsId=0b7720a150ff00002843a2b4_0%7C0b7720a150ff00002843a2b4_1%7C20a103ab5104000012709533_0%7C03ab0b7751050000c31bdc3d_0&from=BUD&lang=en&passengers=1&to=JFK&booking_token=HHbl3ayczwciUSkJj8UMo72YL_clY8jup1RifXNkLFyNTCfvoH2c9PcqXav-4IbcP3wDAtc9WwuTi-gavwilaxfDEwpd43QsZiw06hm3gJO9V0xwegluOKu4q-aVgzzAHY9BoSmyxYuhNZEU_XigZ_joi3Dq685yDGGx_B0uSd50BKkhhFZSKEs_VpSLBrPC8PrtlMm4xHDvkuIRd7OUI3dCysQRkiVnArlZDdMYds-dehsUEWJeKB6LqF46yCyb2r24YuuEcFjoLeqtc9xrEjuAoz4VXE2IKKgFDSBo2MAZ_InIpEnYvODwRDQs0T5symrmDiM4FWR0m0DXyiCNHcdDPyVxr0sbwdd7Vuj8Wt8BocAx75JUV-8yt8iZhBq4uvbJIzCwzh0XN4bVo8mhT2MFBbrjmpmoHUWScxtO_L9R2Ho3S7KrB63VNBnmN4VwEqSFQ5vRZJ91Djih71jh6eysJJRnke82wgvrKBCUvSkKk4RbcqkfMS3Ib9q236xm3hl8eDI1vAB6gzTSssoSWyohk9OlJsqnvMTzTSdYmBr_iR0egxlSw7xxC4kIcBSbyrx4RVR1b2YMeVX6PVsL_hwhi4DDcH4J0NZSRnmH0A9Zsqg6XorYEqtPFAhV7P3qhiSYV6IXQY3lEYQAsS0w41aK-vpMEoXu-EEMrlFqrOGsdG5qbP1ieVAFAg5rd8duPLottEQvF_1kNVeltDXMM6WmG9cGGv-k8HEbAxM0jMv4Qzx301YNkrp3-p12ZuW4MAHZQJH7bJcfyJw0YKwP3512A4pn6NUtm7rtL4Kws55YkbJJcwdW7Mzs2IFdKIJIrU01GFzkNuDffPHSKAplcNe44mrrx1PbBRn4QyyMo2VIbgBDxr6tEw5YrLPd50MVy9RZ6ms0LjpzvMJrxsWK6qYzeldlnUbmw7T1d8OepnjBxNVyL_CJ2VOWTS1Fr-_FQrNrhKbA51nq1Sp-LxLTqRys2q_4pOrp5mVOICaxq15H9Ps7GxbMo0BR5DnUtpgm_69B5GBEk9GnM6ngFZhM6dFtRyOycj3KBOz1YWEIYomAZ1jWjdmtm86o0oEGm8muaeQw0Hz50mAxpsdt9Ohy4AqmtqIYtl5vc-LYkIPTYsnAz_PrruUGeMo7q8sf2NrkV5eAI7TFEVEJlelDm0hKxm8VmmZf-fbTEL9XW8caLouXgLMXck5ZbMhannajnrRfESZPYdwkEpEFnCt5pIthVmegUDStvaNiNEYm4sIWMjRPTl6yVwkbk4TFBI7iDqpVdS1AKbfROaCM6R1NMMUX954KE_ZefVXl-186QFNX-oqx5Y7w5_7YsSXCCS61zW2lK,1,1,JFK
Budapest,New York,281091,2026-10-22T11:25:00.000Z,2026-10-22T17:30:00.000Z,2026-10-23T00:30:00.000Z,2026-10-23T21:20:00.000Z,1,https://www.kiwi.com/deep?affilid=mihalymisroriflights&currency=HUF&flightsId=0b7720a1510c0000d95042b2_0%7C0b7720a1510c0000d95042b2_1%7C20a10f0c510d0000ebac266f_0%7C0f0c0b77510d0000ac86c41f_0&from=BUD&lang=en&passengers=1&to=JFK&booking_token=Ht_WSdJwxHsomgoDcSlsLMEC_kJA5MsocsDGtVTKqQS2kGgVYIe-u2ZPsXMKLaePsUIhv2XT0S7SeH8OLp6kAh-D26dmRIGykMm7QbPLoPtg-yc-oS9bI56XbwvX9BuRwpiaaWXRrsqqNA4If8DFhro-1zYkIFLVVWMonY8dK9E4EMXlDwgVmGon0zzR6mOg_5UDo99CVzID0i0p-JKIVRnAs5-orI6PJgLXceLU2OOQJrVvEMuIFdoH8GuDE0gelyK1LYzWRYR7-pMN-COOtJXgLTDGAOKQg2rgHLgcU3KzyNXP8ax2_87FLMjN1OxsSykWkagRvgua__j9NX8UCytA9dRJql5vgEqj4z2ldqe3LQbDaxQ1Xzlcck66foe1Wy7CUIk6KMOY075LWVV_r2yJ3pxOXQu75AwjOlfISoblsopTh3jx9a2qzPOMmGp24WHidDeBe0sHFOxa9hBYhnYGpGF-IcqTP0reo7TXWGMOJEVhelhbmvYWLyMH1P0abMkFV6o2bjNNJlgui2ESph3bCNHUm9qzv7N_-VLCAkIVDI7-YAJdoUx0CMlq_O_cpZwjWr1ujPZsJpc_EiHVhd3zwIDV5Ry8o8e5vujpFuoSQBX_SSJFHLgczEkgzKCYzYwAiES0LE_UyT22onsNoHZ804pqmTyV5QpUZcyh9JvIvL9MnBbVzEJHELZj1kV9L9eDXJNMIeIckEUegs9Vm7MnHFWjJLfU84vi50XuWCG16GqaT9lC9CAG7aQQpgX9ChKhOFSCd6m6Om_DG0OI7c-1XRx6It7zzHrE-4he0b1ZnL8U7Ff04MXJARuaFPHgAhq4H6Z1jhhpJ0v8Oodlpkw4Ggd-slVxIaBa3ARTvOyVlyhRoL4TgfxyqSOL-ySUnvNmyUKFpvrlRdxhQdvlc9Ldkx4CSGHejihS7PHeh6Mwt9trAUq-tYVKWcJUOj7liYvQiVaXQ_7EKI7r0gBQsoRfG7C4kjVmO1QpY4v-FLd1oUw0jbkAhlXrXLlqlk4T14nQmLsz6jtx2ukc4Ie5dTk93lGOFqGluz1pwNF4kL0kzRfwFmHk4f_ATjyClPwLdKt2hISBRdOXx4M46KatA1_RCc1vJcv3gQUyYAAAaGdzNGbWGWNIK0HmcPW19lh_9lrK_OBDJUM_kexSAk0Ppkbk25tSzCGYBz6RO58B_Z607GeurJ4htCYpx-iyHjgwsJiuon8ZYQUk-Db7NRFcL7t5d4vwbujB3ZJioaepnNhF0GWs5gVFRVjw9omW6g3AVV4AwSHAIooNgwS90cBc7ysDo4TL-BbQ0mWf2nL7Q_oKAkubgO-2rieJ_SvjD15-F,1,1,JFK
Budapest,New York,281091,2026-10-17T11:25:00.000Z,2026-10-17T17:30:00.000Z,2026-10-23T00:30:00.000Z,2026-10-23T21:20:00.000Z,6,https://www.kiwi.com/deep?affilid=mihalymisroriflights&currency=HUF&flightsId=0b7720a15107000034ab62d0_0%7C0b7720a15107000034ab62d0_1%7C20a10f0c510d0000ebac266f_0%7C0f0c0b77510d0000ac86c41f_0&from=BUD&lang=en&passengers=1&to=JFK&booking_token=H1CATu4xbYl5Z46vgev83Yf8x65wySkHLQT0iWcL7MvCcnIpWr9hXX6rahYSW7eGpfnK1_0ofRfxCnmmF65_lOiItJbYrOU_7JFKZLerhVFaHULx76i-xM1Dm9CkuDuyb_NfVFhfZreecrHMbqTA-3GhlIkMcw53X2eWVf9IZW6-MCkzvTFlMbTAyHxV0esXbuRq_g5CCAxGBEzyUw9ahrvWUX5eCOoMAQkqMWEd_LBRT4iM66PpciMDe9v5OJgr826u3TSiOxg0m10cVWfb9O7fiGm1NIZxV28XCaMqcfpc7pSfxiMgnXDn0BvjIDHpKDfTvDu-s6FXHYwgJPV9-cMx_eYrBfS7mqcyrVbTES4YTlNEt64ZHhqZyWneNnlJWTnnVoiZZ0sHYraUS4qocxBOWRqDXZu5FypSyTO-65SE9lZU6eaH4ZCHDel1t3FN8aZLAg3Ymy2JCdpxeGm5K6pp3NFu0CjaxWirN9YCYltAQJecy8jw3sLBIZSL63P3y4Z9LJkm6cokGDOVWMa88u4cUav1hMOrmXOLWXZTwBIAf144C6m8oaaYf_pDdv1hmUrzejRg1rIsZ_K54bbsnUeOCWMd0Ya9ry5spjiIXfFTCLC77JiYcKsPBPYJrrIyvtjupv83MO7MxBHxO4IcCe3suQPF9YOVn3Z7Mv5dlL_w2ZwPi5aaBcuHQWNW6KIY7bJ42GYjD89ISXDZarMTOEdxSCdbZH01iwBjWtH57SuQQriIO4ZtdGNPCvo0BzgpsOhg_t5vaX0gLVwgw8M2zO0IoGYUFGSrYOpTlZhn1AU6XpS1TP8XoyPRx8vo3Q-Ee1c79DlvFRxo-W0u0VaEX71I1WPMEFdpi6Rzp88B-v7mRN2O_tUU0K6oPVD2vVRUCMFt11YRwxwS6pip7jkze4Khs8EBrHJq5X5nq1M_HJKjnpBe2q8Qrg-5fDhCS9DbGe920djzdQIWJclQbAeWzYRfhJlyFr-Ab3VMfZ1tl2RPa08mNzxovWtS7TIcS6-TBYoRyiW0apQpjFDU3p84FWeHwRZD77Xjg0zGswKAb3dhyp4nCYmHqHvmqI3Yc5yrQUdT6NH-1e03VBohaU2EsibS2YIJLVPWSZamPSn9TEqw0whWlnxi8GBISze4_cYuboSAEVCHWFsekw1CGAlsYCk3QGxEVqhZrERC5z0SnwsjHYjg4IXsNIUJIIUPQwy6Ko3GCtskl5PWjdMMo_qscnzr9QSbSbORX6KZuFkMGPzgUVU4adk3aIkMoPgaxPc3JHusg449zSb-rCteryEvyAW-wsfBVeBfFP1QV8YUuVFqYjjuWYPidguZaKpSVE4GK,1,1,JFK
Budapest,New York,281151,2027-03-20T13:55:00.000Z,2027-03-20T20:20:00.000Z,2027-03-23T17:25:00.000Z,2027-03-24T07:10:00.000Z,3,https://www.kiwi.com/deep?affilid=mihalymisroriflights&currency=HUF&flightsId=0b7720a151a1000001aad971_0%7C0b7720a151a1000001aad971_1%7C20a10b7751a40000764b414c_0%7C20a10b7751a40000764b414c_1&from=BUD&lang=en&passengers=1&to=JFK&booking_token=Hq43BG4U3qNVDwYKIr-b9FXA66SYIPsZqpw7v50S8LWqFB7gwUbKfpxcFWNJTPZMMjBYqPTFFcmor5CLBKXCHGZBMHEhY1CrExWSXvRnoCOfO8ahW2rNsqD4no5GpYWuTlbnhoal7HGqmsYYMOci8YaVEEtTBh9uF5RxVG_7cDt6VPFhjjMMLnpzd2a0mmzuPntTKfFH12_p20WxjKEk2tdzJHQGgxvhEZdF9sPxr-v0YoHZw19KNS9QTCX-9en0sgSOMCyfax4-SG504aUbYnFvTvAsPkKnmUU_pUMcHBjWIq_Zta9nZQ3JYWSYRGwh-ZvpHU2-VECuFTQENQmM3ibzx-wRWAgU8P90GypY0sRASENkpa94GjqjLN4NxESPNIW58iU8ADvkHTyD9LY-F4bCO6hqTPKyzcr7Tn6QsYrA3_NJ9EZAs7s-HcN1_Lt0PGOJ2WuzdE6VelQjxDi7isaQXBdmLIE9I-JIrn-0-6hfzKNfWKpGM61xnBYbLJbXTk-MiBNTbr4uFQuCoMB9v4M4rKD2hq_6HJWGsU4Qv4HWxzHe3DqGIFxMzUamrtrMc45FYjZkhudP_tkabZJ76UqScyQix6r_SG0kgw4MvxnLBxZtDwHpPvPd_tfB3yA2TJqDv49YgPaEYGKOe84TMojHOp_vNIsEmnBRZoT7rF21BAIPpoG0b4Qufmbzi-Mz2gSZDIVVsP03Tj0hPzD1DQBAmwB2n94f4YuPkEBXpzbGrr5fxGPcdgDELzk9V7GBj9wYjvcM67Z1EFlV8DA_z98CwqDM489Tqn1hHIMNBO1P22TbiAUV2zTh_SBuc7QKC5TyTkZxKq-jp3GUPkvMSPxNH81swOHdll-vwo9Xa_XvWUCoLHjSusQWYyW6KFMRFelGotfDcTCCaKfxxb7I9aqGPivIo3xUylhAZW1mEHLct_uJt41ayJWxmTgbT7OlHXsM_g6qR6rZ9WpfeyQ1iJXcbErXL5NpM74RcfVm7MNCFjg33kiEJ0DEmCEX9MQhcBoFrFjgFyOKmJXN4ckiyH4Exq-acxk-GaaeHUHtbiEgdrVBb8vTItfDJBS_mpXWUecgHkdE6yj7arzKVvs4eLFqsQuZUiL_YyJvTQqiNNnU4Zd700nJjfJMFCddypxE_AQtMLN0S6JBrkUTCJ7Qok1Ub4sKAwltU8xI9L0T5WmK4EGfRjRo5edt6sTXmptOnuJ7FoqiiFQFSUfuE6QkrKrP3gmrXO1ZLm8ZHZqizPs3lH62EN6q_vb4ScTJy_H_tpuwqhTeZEfwv__0J6BQdSw==,1,1,JFK
Budapest,New York,281226,2026-10-14T08:20:00.000Z,2026-10-14T14:25:00.000Z,2026-10-16T14:00:00.000Z,2026-10-17T09:35:00.000Z,2,https://www.kiwi.com/deep?affilid=mihalymisroriflights&currency=HUF&flightsId=0b7720a1510400005e9180a8_0%7C0b7720a1510400005e9180a8_1%7C20a103ab5106000087add356_0%7C03ab0b7751070000587b9c44_0&from=BUD&lang=en&passengers=1&to=JFK&booking_token=H6XlOgXm4YqfyzbhLJfHt39bxnn2VPo5pO5CyZ6Vr-QwVIsh15zfqnixYgDFjJ4nLgpGb0EE8a-DzslGVRbP82EQCbxR5Ik6DhKJT9oiwhoPxceNjnEkmn8H29lCeUbHGjy662Ev7S6WwBRwrtgtig_FdBVM8mHL8JXGTFEumqz_RUyC0EFSYb56OMQHgD6GhAnm6Wy0wYZuejADv5zMr2QKyR2mamD-U8xAEQOdNuiyra0WA9qDP-DSZk1CAccQwYYT-AVTIABkiuAEDFyCIO11FfyzRkJsJS2zERq43TFWlnt-CkgxZAG4TzqtqaYdabb7ehj9aaAgUQNu48Wh5OA9tF0o0aeHnE6lWmDrEbU3bwh-KtU-U0G_HSwRFNUE_CZxyRxB7cJY4g61u3R2ruUMbDK1ZNpRvkHSi0-BQ65h6pJLz7Tz21y5SPeK_nOG7Ngt03ByffvP1_kI5lo-TARP7dDBHI4Q8g74gZWSMI6K11PGkZol-K7QalFs4R8LLBHk4edI7IN-S5mu-P5dAO2iaHpqZLFaGVI1UG2VFyFP2Cgt6590PayLrZyvvJqC6y_Hh28HnJnubEcxLHfZXmbLps7JNaZcNCQ54kQ0xdwo-eDFBQsL3Wql-PWO44EPit5FLvXo0IWLGown30TBE45BXMtsEZPfT_XC8OD5opz1kQvfVmia2a4j-cwkhTeVOiPTMvX3jOxEADHygWjmuE814TPP-z2zSMnXxpfPAxjf8QTgQw0BaoUN5KrIMd6tj0RUusCn5N_6zU5sIfXHQV1_JzgtKRxKhfNBJEkuEJ3wkk_-vVrNTnhiD3ymv-bbC8uthWDbb05F1nhLuNApzkkyTcZUov7mRi4uax9ex949896QOzhP-ktfNp5Q2drv8DCPkd-VUwqcDr4XiRcz5HXjhixnABJtCD261k5K8eiX2-K_aXEmRpXSP6-7mG0KfQq8d3oDDziQx-PGasPcPYsYm3teiziJkgZoG5x98EoXwxzX-pmb7UEZO9u_uwLon83ed7cPENeP1R2EpC_4i4f1tq8CZIHe7vrNHA9MLaHQoZfj4azPIe-EMIPSXlvMhBFS6nfg7S5Ml7xZU2FcDICHu89GvA3T2iHQ8UMKwW9AwBRh5yGJ1c4XHMKBCJopHHx8yQJxcx2ixg_v7YGB5dyaOvzxv2866KG_qOjy8v8X7qgLUC5GgeZ_XB-OCMwxe8T9RwaaVDpwux70ifsI0xotiiq_lEbS1Er7npdZOVRAOZv_RBylUwBzh3y6fow-NcQGmoLrcaBWC7fQT2XpPOYgtZT7rWfb5koyws9Tt_tQ=,1,1,JFK
Budapest,New York,281451,2026-10-09T08:20:00.000Z,2026-10-09T14:25:00.000Z,2026-10-13T13:25:00.000Z,2026-10-14T09:35:00.000Z,4,https://www.kiwi.com/deep?affilid=mihalymisroriflights&currency=HUF&flightsId=0b7720a150ff00002843a2b4_0%7C0b7720a150ff00002843a2b4_1%7C20a103ab510300002323b452_0%7C03ab0b7751040000f9ac0480_0&from=BUD&lang=en&passengers=1&to=JFK&booking_token=H4cDR-RwP4dwFvaL807Snzih4pcSr7a7N4vgRrp728bm1GTSNYShQHl9i2XBCWRG3G1T1ZGTs9kpdDu6rxHZw2_4ZY_6APLVNtBX1WiR39lrtE637DPwxaZpyvdfZZctgJsEZldYNYJyWGOO6r9rlsPhsOzyuwYqxdi9q8HuNg76WYquwf4JXNs40jPj-Mna_k3SQGW8-clIb9MxXPi8FPci-nsD3JwNUkFLMZlWA9ntCIagC14SolS0OVxnMHYmYTqKuZ3ilTP74Tg7JFvJpGZvpvZ2AjTBnigFpIzayNuQejiVPkGq8xhVoBeVZ8eBxHoiF-xrQdoLPZf-HLYjST5ctXgFbsV-ViLZP5t_bdos6nER0SXpBlgU__muyNew9Q2YwTREFYGDlX7YvpgMzrSs1OCaRpvnzJSG-XvttwQu4jYg23bHsKh0evhLgg0k-9t8FnOCsnV69TUUXRJ3Q9EWf2WX-az8VvDuwRXTzqYHMXzdTH9owYCVu4YQ-TvaAild0Rt_avEiZYzP0fgxRp9OerwGsYCvbGXnVd7ZuKKT5UZ_s5IrCXWJJbUPljhaTkpiqwmYheTPnMIAewSKnHEhkq6wGjvI3SQ3CVgDWh0VIYfUT7mbmsIaLX7tdFtdDEiGm8N3TT-aA52JfLtJrruYBGsCQuhPUIevaziQn2dF3CuaKbpxKeb3kPOQXGqeFBhMhgQZyaSOvtHx2L_b1CiqptQIbQE9hc-XGz02kHiRp3QRdfbNNMMfmOeAZ0_kNc-AfUI5Can2aK3Fi5j-OZVGDW3QPBOxuCcuzGQ6wOzpxdeCn12Ya1UvjM_J2poIiZnjxOvhByEufk9sH4OkcoS94Ywp4U7R6vJ2vn6iCtWza5EpFLp7e3tclQkZyyIZ9rZqt5OwiQdtLZlwZLN_c3QLri1o2FO9IujGb0RSRw3e7ybrn9K4WXFX8LxgIjga2tSRy6PWtKVtp5n0jnn4cNd3QzZC_wfz_j9DqMSoT9DC9ITA9MFB4IhIWBL0WPm3PaQ_m-qLMyEyvaw8RV74abmyYKnrP4-6Hq2QwmDEO6-p4UWi-LPNb1QMSGQV0Z4ZgkU6oEYIiOavmNLUpd7vL2Thl13NV6E5orwSVdZP4wOR5Xahc6iRQXG8z7pZFe7DVvQkTiJbg6JoZCPKuhmNYiH3ZmM7W_1z5vQYizB2Pulhbf8sknY6QixlKC684Y_fA6Ys0RyZUDaeShmQVvLIhEnBDtjdEkFBwhDUyIy0jiBekUBA11ROf-Qq6E9MiBsMefCnoR8AXwvyxGQrSMMy2q6jX07j1uW6eQXTGoqbKAulCmITQZbES0dfhGezxBBOk,1,1,JFK
Budapest,New York,281599,2027-03-19T12:40:00.000Z,2027-03-19T20:05:00.000Z,2027-03-21T17:25:00.000Z,2027-03-22T07:10:00.000Z,2,https://www.kiwi.com/deep?affilid=mihalymisroriflights&currency=HUF&flightsId=0b7720a151a00000029a3c01_0%7C0b7720a151a00000029a3c01_1%7C20a10b7751a20000b3b9b8c5_0%7C20a10b7751a20000b3b9b8c5_1&from=BUD&lang=en&passengers=1&to=JFK&booking_token=HKAHBHeveleLdoP99J612F1b8I6ayGfPUbYz1hW4KxmNENKaDzB2ZvMXULFhU19d_wizoD7QDr0QKsqpdfCseTiTmtsi3-GgM7ECDTB_adTTvXH1BksWYK3jLxtPgUG9b5VlyBoiyFaiSp95k6Vz_XmG5QdkjFe9HXne6U_xN--tOtLYcKqTVCP2pE3iLAhY8f1nxqWcf-sN05JktLFJtBTWQ-ndwI8LqgJv88wJhzymnac2M20ESLFrIL9LjAInJlVPVLs8OrbJ1HSTR19y1wVctPHZ74WxdQx8bSebTjCfsPteS-5eT10p4HhLsR_shExrmuaiby56GTFZLgAe8Gtgm3onfwkx5YvphC2MP4SoC7oDY-a7zpH9gJrCi_7DYt-xj42urTCaOcVEZe5iqaZTzW42QUHW7Lvj7REZRWhL5IQ5f22LGixnD9l3Omn-bLWV1EvEhtIXDAVFXwy3kRHIErrvp6YSX_MA7KGW3axS4QIW3Mv6VO-3qyCTzlwDkVCdIktXioTootzKLqdSv1FJS8-S2tYwB7YMa2cePZBHn4nk5FvGHfyereVcvt7rdAUCGYklsWEfNg3dQ5OEtG57bjX_GBijmpNUK3pi2DzDU-vLJ-2aXMMmRhc9bt3NYvTLDZV6A8fG8d1Doxr7pL3zj8q8vDck6spkwJYEpmFkQh59HfjYI7hDZq0tHic_MGzXOjr2MV5NnnE8LqJD0MbPX1lfgCS8E_F5QrFk4xrYzHXVHlhF8k4xE0LFMBYIe8oIHQtXjJYO-nk3CjqF3I7ilUPBW2QAaNcBvFQtPLOy-LLhRG6gnTthtcKULv3pCufBFrGmsgV6umgy5EznoIporminDWSWEEZaiIa_urTWDeJBsurdeiIbnUh_6swfPxVLXyBOe4OE44kOoSjoiW4JOOtrCa_VG4rqJ2DIaYe-UZb1zY_FaEYTRyw0U7SJqS5rYZ-V9Cifigi2HCJzhG-kWxVwPAoCZXxO7GovIrW0dLtMI3CwVXZeAMgl6bwqctd4RCnkzI_fCbV2b6U5W5JiTmE6eKr2bU-Bg9-NVqB6Msdc24ymIPrX7Pkw8jLufe_oD2udTSUj7_2apZm_WPPB7llZie79buIoa9OCqMyxy4sJofYzONazjYeoncOaN2V_y3GhSgonzETNFWWLYyyAkJf-tTI_-08p0Yat5lzLih3VpPHMhGUy6k4t0UdlZiKyHKw9h0mNRXlYJ9Rk7Tb7bm57jK3y-hsJNf6b-dvf-M9-BnEwu6iTSyMf-mLL-sLywiaCTqLqnexODbZ55fHdyEroXycFLKxN7aXPcvdE=,1,1,JFK
Budapest,New York,281599,2027-03-19T12:40:00.000Z,2027-03-19T20:05:00.000Z,2027-03-24T17:25:00.000Z,2027-03-25T07:10:00.000Z,5,https://www.kiwi.com/deep?affilid=mihalymisroriflights&currency=HUF&flightsId=0b7720a151a00000029a3c01_0%7C0b7720a151a00000029a3c01_1%7C20a10b7751a5000038bd79f1_0%7C20a10b7751a5000038bd79f1_1&from=BUD&lang=en&passengers=1&to=JFK&booking_token=HZHVUAxY9_QsgtmJZs1lygYesnP6iHyqK-eM0xiyv20zCOOQnJPkNLUuVJuFvXraVzm5peEWOOpiSlYOleHNx5xsBCn6-RI85ARHRZjN984SpElIj-iZ1YaR-DxICkWBk5cuhxmfUOVtg-Z-aN4kBcp596q3N-Ky0IALWfLi0H4MHSlIIr4XPx9sAWuGLEEVpnKS4RUDdPDy82hk21YWifpsUV4qB0bH4slQJNUbWNlyX7NqBd7KPMhf9l3JmFw5Tmi-RqeRvXs79U8Wt94aA-vDc0ARLgigYSLzwre_mxTasy7WqQfOV3jaKSS_YFm6K9JD78GuTuXy9oIdTED0f47bU3kx1pLrF4R7TfedcK8UoaYCHnzmAGnH4U_afqpZ4lFpp6gWLtuV8DF5MvHKpP9BjzFinVMdf2H5m5BVSxrb69KZ8wD4g9UrGotfU9VDiIvi3_2UtRwd0AKXHgnwoQkcfNLsIHiL1n6u9Egu6B9t9O110uC0L_LMqtISOkqE9iMQYaKhaIrTd2UxuVbRl5VgDttaW08kM6LyktTBUb1dpjwQDY6uAGhEdmrY2nCcrCkPXskEziNkJ9dUlk8SUGmtpYi3QraPW7LiEnB9VF-XI97uifGrotWssk5sOEDqd6APwzfaOTQnO9AUOl_-OYwAWgeAz9QQGOeoF8x0nixV3B7dvygV3gLjHAO2U5U0TfBEll9bk9B43-oMBgtN3toC1lCNoy5e6DNgJDgsADq5S_mwUrhgihM5u9aleCT6drHfNq2yy_JV-PG5PZQhWMHP_zqSdGY7CC7T1-T44xlWpt953TAuq1-4pey4op7IK14Cpy53KiLnkX4MpKEXYePb7enFx-BecQ7nvprBZEGQTFYgLRztRYWVaMllojyg1XbHKmSxcoarVPG_GHEiX8XTwYSEKYFUNOutkblKWZEiuhQW3C5yjzxqpr7bglGKo4oYnfj9RswiYyGQpDMMhI351Hpj7nUzj3y9yLNgwKVOGRxgt8znZcwSzgD1IuY8CCbPsafDlPBtIA514yLyiHj1gIPJ0F8bZ4VfUDlsbCNnKnDG-u11DDa_fdPOcE7_OieiF34dKdHfISTgHoMoGxSkod1gxyvt5xGh42BmY6flseLF9zZxtVepi8u6t1UGeuh8Tofqa1kOFrkU8mXJzKljLKPekrHof11sHEeyEQUnAQZi5j8A8W60wPpNwKJV_wtyxd6D7gHoC_YdtenVDNE1eUDPm_cAmrC6Bk__tyEEFw0pWab9fWYcwVuEPGuElPIaBl9ZuGszAhkSIsnkseLxp-t2TscEOsxczGmTheBc=,1,1,JFK
Budapest,New York,281599,2027-03-19T12:40:00.000Z,2027-03-19T20:05:00.000Z,2027-03-22T17:25:00.000Z,2027-03-23T07:10:00.000Z,3,https://www.kiwi.com/deep?affilid=mihalymisroriflights&currency=HUF&flightsId=0b7720a151a00000029a3c01_0%7C0b7720a151a00000029a3c01_1%7C20a10b7751a3000046b62c10_0%7C20a10b7751a3000046b62c10_1&from=BUD&lang=en&passengers=1&to=JFK&booking_token=H6e-7jFn809vzZccz2RwXeeDebl1ObGXZFbwZpKmyxSMabLAOiisYSfSN40uU2PIow3amE3Y63m63O24iiWaB4eoJeXOqWwkJxzShQ1bh8aSH-kdxz_QGzMLKgjlAioKzoJ6qhYcFPfEyQw1p0tFN7BBXwKkKxZUy_an_BrDj3btXnDFPGGns_R4_Co_MIoLbiaDGslmKCCBh3-Iss-cqKk4MxNQeLuFg7zJWgTmQX0X1mjSEftJHASqaIVyDebhmaKzbvcANrnS_s_cJZtO8-Y1Xwy9GV9RV_5dRRDISv1_2fN7EfGP2myndlqa27eESddfVNjbi0ja1yLGBkN-W0cceeuRf8r4sQtDbpQH_MwMK2sYTDAnWTpH4dNhg8kHr2u6yndgoI9apP7UzxSSBtskC7q45JdaIwzLGRZll0M_HIW3CIsNGaEL89d3Xvh6YNHM4BaKibjGghav7TliuM0mx7J3YoW_V0KdZvasREt5aZj4diali2ziKict-KdSTawp5XJK9FmP9TDiExyIXgmc2qct1OSQv2mj4UeeaN4SCecyy1Jlgt_1k9QD__81JbQgMdp7meX6DHbNrRkMt9F6fgos-8zTLsdQHy5EIJu7aoRJf8OdCc2NqWRGaThUsh6hD4XjLMKSnQVZU9FIMPddV-GEOuF2674jTL1RM9yG-VqAioxYP-Shy9t0w6Z_Vgt93HUUX5DUG8O-dVI2yY6hVUEcaumuK7cFeLAe3_Wkz4P5A05ul7ao9EFFJvoxx0kZAD9uQ1TEtowu12tQ40pf7INHVBLLCCtjA2qrlVM8z5aIpdgbf23PAjt8deTfarLI37ANAgJafKUesGMNKbNVu4n4jTDxIsR05286fRUlPRK4VHsVTkqSm4nRSF3KhMNrPG_jN8KyjFMKQE-PFZJUF_W1iqfPTbKzLLqe3Ttz8FSyTz7_QTz3449-xUGlXJ4pb18mTpy_PyWOczcOmIkIIimBkMa1iemQkMXn5NOfAZ80612GMEUxIeTA1xCQ3X8-BxJ34nkk_qmSTLb0Y5rmjhcMXm1IDvsNvVRRWyf1Qz_XZHFqDSVoh9X6Gzg0u-R2vDK_mX2Zgk7Loj251B2YJmb-TckfkZLtoSMqdFkuRV__V83-WxEXsxWjMDUv6EWI59b1R_LJyr0FfrclKHmdoigWNlCXyKIORdvaYHIlag7Kx0FqRk50__j6vCGBbbFxNIpnZZ_MPu4NUsrDh3C-j_Lz5-Ts60r9Mzs0_zxtz5fmfBuBzrPwL8V2QTk-I1MwWSpPNThGK6rrmJbDnpPvc459u8w9iXU5crQJ-ThY=,1,1,JFK
Budapest,New York,281852,2027-03-19T12:40:00.000Z,2027-03-19T20:05:00.000Z,2027-03-23T17:25:00.000Z,2027-03-24T07:10:00.000Z,4,https://www.kiwi.com/deep?affilid=mihalymisroriflights&currency=HUF&flightsId=0b7720a151a00000029a3c01_0%7C0b7720a151a00000029a3c01_1%7C20a10b7751a40000764b414c_0%7C20a10b7751a40000764b414c_1&from=BUD&lang=en&passengers=1&to=JFK&booking_token=HcqjBIZ1fC6-JNmg5BVM1zXMBy_SUcM0Hncl_iFyNVvfEW51EO_DJhkRi9gGti0H4d_rljUIAz5DAcTaOYObtyVscFeHOPLU9AvZPXITyCMuaQKTzoBe5eFaiuwiAjCCnt0Kal5h8zvVsGkHqmiaeXPZKnAoiEd73ZNQCDIh72Yu4OVq1HcCFc8v-MoUxJEFZzgOfbksKUWcJAqyWpRArEYucPwJOHLnW5Kkh8q-scrHJ4f9e9xNevbsgXhsYqvxShDh0EWDz-grHKA87Bz8R9vfhLOrhYbxOw3D6GPTijKL1rR6Vrl8sxXDc2JT8qzYGX_I21B-XBTY8bk7uTMFWF7tgV_aIpVTvFWtoqffgc7o8Q5rJMq7pHvEhi2OqsMfwwpyolnNE8DkeL4zr4ezNx3R472-SGyOZDNjG49U3COS_cHP4g3ljNa1xUxpuz2BOCF_LOcAee5toaTCwhAkXcj7sk-uhFPLauGNdIlz1PmB3cYfEZsbRWoLBsDnEmXFL58iFSCe19MYSVGKF71QfN-HL7fvuNRGkSri7wRQdL8GTIky6SQnzKDfimTsiTpCLHpj9gyaVcRSkN2_OawyeaO_9eY0tDEYL_LOmeR5veamv-lTCBgoiroo9DBFJGeKQveg_6WW2IyTsO9JAteQf3-nV16FgiOWGlkEau0s2fUyhvAl_vd7MBJ-Yn6Cu3aNOUt7XuDaZJbG2S0jFKhK-csBWqUgTNTocy1ebLLeMiK6jsd9vnm9QwqTo3dLMUBtr9p9fty2SRyoSrI9dAWsiMF9DVXaeNUtW0cTrf0LpHq29gXhAbOkqLJTAb2A-51BMHMqnBbf_P9VLTHFykctTwEQZfXx9iJf99jh6zdNDuPZBegsxQ8MU5tSU5Fp0QM-bhxoNN2gHPz2fcyjdFZmRO_zpmw2LJlfpazs_tb9hNY4ymc5zT1tT7pIJJ38rSgnyTgx-vC5CRKGCi1JzkUz71vx6zeyzvFumIijbqGuGZo5eyWLpgdUvhXAKXw2XhY_EOalBynC7c0NxWaQTG5U23Gh_pS2G7S2NmRkpV3MewEedpA0XBN5egN68o0jJjs74Gk0-wN0-pBxEWQi3GUYZdxodbeFdpEPjfdT8HpJ4a1Dt3mGhXyDgfbiVoEHj6NTKO7E8yS-XteqM5oA8EOJ13VqFCskLkNjnQa11X3ccFsW9uR69ZFsBX_O0IBMyqufYGp_wDO_G_7nRmV0bSG5MXnVODH-TJ8_DmBIsBgfGY8KyKpU1Q4mDUxmXPqmIiuT_xckqpILyEubiJZXrOpjpUu_QMBl_BEbnxpmHtq5XqDY=,1,1,JFK
Budapest,New York,281921,2027-01-11T08:25:00.000Z,2027-01-11T15:31:00.000Z,2027-01-12T23:45:00.000Z,2027-01-13T20:50:00.000Z,1,https://www.kiwi.com/deep?affilid=mihalymisroriflights&currency=HUF&flightsId=0b7707f0515d0000122e72b3_0%7C07f020a1515d00005b0a7329_0%7C20a101af515e0000bf9f6090_0%7C01af0b77515f0000d98f85b8_0&from=BUD&lang=en&passengers=1&to=JFK&booking_token=HAOuF2Zv6NJX08rJY3gIj-IiWUglOD4wyEzypN96HUuorNL7OgIXbMdQGx4OplEkIpsv-b7u5rgiY7HpN-LwBRYOUYoKUOQyFnfFdXjOvVxHJ0JhyZqBVnfJmkpIHDAoDROM1uI8WrX69tAmfrG68fSTMzk8steiqNfTZxLBu3M3cfYA6fTx35lgKeKv3qemOvzXY-F0ZD4jKivdfiHdtJ6zqilA_6QVqJi8nf_SdGsuWjnD7WnTzAJqtryQfetLyE_E_iI7SGHq-N0OJZnZTjhX-h0GaMXEAa-1S35FA9iB-6LxeZ346wbC6JMFFZAvaQCNoWSfJRsgS_fPYfYHH_84hDo2ZxlxXp7Tpx8_phwmYava7but4HjeHC0zp8F6mqCHWeqvc8f3U1xlDuRyX_dhDVanYOHdId2BhSfrUUc2v0_aff5V_CN5l1eQcdqIFAcyYWaTgWkhycCRmoMSfuq8J8CNlQUgMbvun1IpVUJBsKsDhD0l5HuecxS5HUA-KMBbKZC8Wvx8g7h2sigEdVzZ73dmDA2iP5E4Te6uTMjXzpNkavKmxfzl0YhV6VK6qhQz7HYqV73NQBhLaUQVN0t_xv8bjdhdoZ0X6q3nBnIj-Rm6JXcuJGOAwCIVrfxIUUqi0tLdBBey_OmYoF4EtigtfQYcDbmlX2iwXnOx2H1ZdY7VjWU6WZNb0rdZ0P7jrZSUIWV1g0Yj1nP9MkRB5WvxFB8zQEiKVJWzKpvZcAWAgqr3FLFXiluXdskjz2XgP2s1tnRjxMUNIZujaAVcDkZBJ3m3WOi7SlXwIe8fvb-OQSm8jzVgS27av4i5gOpwSQLkv8v0NcwRqMUlm9swyzhAeUK1Z_gjfwZHKhdgL3Oh2Tum-mmrvowm9dthHVFqaclzXhZ05UgU9h8wPL0FmzquohZzX03oUNUUWkGW9taMr0DZ8I28dPSfjzUJwQ8D_oxa-6T09V7lABwOmQ1isZJFOvNumstCNM5mU_bVP_9dPU_zk37_yYrasMgBvCmf2_GNTjQJZLjQ2xkEoA30VEZ3PocbcWutJTvJNvdfLq2typXSyeB31yNSJK_wlrv6StxhF3ZB6n5RToD_R5X1efhzIsfif5I1mafGV798iwlGTegec-OO3_BmXSJDrikp064syBqpih9CUPhqOY_oVO-5YGh9GjElpAxDcP5AJ6cMaO5rZZ7zrxvm3-z5lhKb19c48gWlO7FyAs6XvVm_6QKbQTmSeHiOwXXqzO-ZFj4Ar0uYBZua0AbRmVrmPOv_econXBzYaCtI-tzhyPmAWIeL1lVnS11_yk3kQaOUbS6n0WHjDq8LSKK38A57Hjc8cqX6aJZk2k3jkTg7x9WPZw3PmGeW3qLAmCANUgLgC5XQkqbb-KBFYs0RZWfCxX8PA5RsArW5iIep7fPXx_nDZ1w==,1,1,JFK
Budapest,New York,281985,2027-03-17T11:35:00.000Z,2027-03-17T20:05:00.000Z,2027-03-23T18:00:00.000Z,2027-03-24T06:15:00.000Z,6,https://www.kiwi.com/deep?affilid=mihalymisroriflights&currency=HUF&flightsId=0b7720a1519e000099436a51_0%7C0b7720a1519e000099436a51_1%7C20a10b7751a40000b522753b_0%7C20a10b7751a40000b522753b_1&from=BUD&lang=en&passengers=1&to=JFK&booking_token=HTbIC_c3eX_21XmUt0zQtwEeEh3A9yLBqUwvLS5jQnUdbop25DM7XGFsX7BuOb73b_eRYObjHnIxZufDfXvJ5b9RxvmRQHBYXjEpL-e-PwQeCjCrOCwMxcFbshIvSbRervPBo7socX-EXwp25WXRIgKlRPRE58UwHxjvcz1yoJHhcrzmKVtbkzG_YdpJiqrYm0jcLHr07kN7FjhWLjFRGGIP3OlCrXl_hun_Ghh13s6JqhLuakhFmHx9hZLoFnnRy7KtvjcBceBBGX9fr802DLN9j08rLVgvPDOaAyti3C8ByfKQLVAut7fgKA4zCU2RKTtJa8_RIwZo_GLTMzIYiEvc5M05nSN4-6ohYDGqpt_vEu_CN2oBEYZlEC1UIzaE80wjvSnma3E3VI2EG2x0wRO6Ozu6Nll1VGuoyTmMooKk87defyzzT6I17XDsCTF099PBRAk3j6MNPH55WLQWC48MeFmYfrtyvbwn2TQcPO_f2SyDDZun1FsWBpjMKWaPVme5NE8kpDw8CsxNda7xifRQy-l7YAK4nNlvP_c4jyjJiX7lodIe4BaEZo6E1LhNdgwEYw0LUHESClTeKU8QKYPndmTeKHisr3LsKSsTj8G-GrUtXl_gQp3ryzgBtBsR5PV2zN6xEbQapxiUK9ORuowTn9bjkLJcRR29SbGlDShVJvmMB-F_XX10T4audoIe80GUQMAWmyWoPPveHeJbbjRwUclI8a5Sxb_gucOWWyrKrrIGHitgZ76WKc9FPhBZdC0K0DdHOSJRnH8Aqut6aJWSqC78RXT5y_S_D78C_SROyZdGj5c03E8MeUrPdt-q3QloZwClgdELHCUGhCJz1yNtoJN44oFH8uLwOAY6ar9TWdqhQwmxxatxcElzCFGVFbqyOERpVrcuWz_R5mNBxyijDd3vt8dUozuEM58CBJZXbgBF-Rdb3UvNJF6JlM1wYUslHcxQMtzFiSoayasqa_jSPVZ3uF8TxjZX25bAvcZnzdQRq7T6GNuKpd0sqJ5NJ2Ja_xOX4cBCv_eeDRLV_vS1r_K3-JbScadC8KIHWMkHESVcBDYZZKhfbuPQy0ps8Zp6F9BCwk_ibShmGDhpYHMhM_FHM_ENXTa_sqsAvfzoHkSKetqDzBkDl4-KxB9CF7z7sMIEUqhVHL7PL3bXBOulnSBdHeVXoyUUjqSWuKWSUMxiVaVJYhzRQE13z_5NJxPB7JtcM9TxfkFnomxZgM86WUD18P3TYh-ck1qMj7Bz-THVe7vbVsQ0nwtB5rQLf7TyCNjxgho-7D0UusEJr9w==,1,1,JFK
Budapest,New York,281985,2027-03-18T11:35:00.000Z,2027-03-18T20:05:00.000Z,2027-03-23T18:00:00.000Z,2027-03-24T06:15:00.000Z,5,https://www.kiwi.com/deep?affilid=mihalymisroriflights&currency=HUF&flightsId=0b7720a1519f00004b5997a1_0%7C0b7720a1519f00004b5997a1_1%7C20a10b7751a40000b522753b_0%7C20a10b7751a40000b522753b_1&from=BUD&lang=en&passengers=1&to=JFK&booking_token=Hmz2lg1rj00V1w8WIXwKMJVgP_G_wstqeOf_BvtbHzdtEfglTQnCAydWHowx2iNuIsPmA9d8PZrPPuip0jKLlLD-jr89LvO47meKH7_pm58Gn2T92WugcmrMLV-WfmRkk70sZOs_4rX4_P3JEYnc7GfCfsogAg9m5pFZFhNbyoJcASp9hSzAB3fu9GRS4-2XIzMTbPm8WH_aTiZsz7XLq0baC2MT0M077kizfMmAZHS-MlN3hG7OnIdG6ElChUPQnlYYwECOGD3stxxNhWIhd71bkRKVkHPK6RtbU_D7RAH60iIFb9Ph9qCuE0FGqPPMi0ZbUHaY-mSccDxpvsbB0w4iLeKe8aqkAF37FRIswLaXi5vLAuG3Pmv6YVPv8fNXyvfViBLnHcb4TnFFM0IwgnVPAvvdctP_TGt4mtORiSSxORDd2IbkznvCECLuNL151IjDfKK68hdOQaSaZs23qQfhOSiBojldrPZDeMdcqPQ_Bw6RI2bB1Kox0VjQ1SF0nWJxfRaiBWfk3rHtLXJZpOL5NOUU7ckBVIBe7SNy8BaJow1zzKk8u1xhgCWMzNKaV6aBlLRGZuqPlpbH2d7W18IO82OmPLx87Z7u25VL6mTS4jYyWq3zKa6TpcS47Iu_RxFK3oOK7NDhv7gzn7OLlhVRXmsK3pwPD9F60RBwiTpsvbHBi2wsWgOZoBJUiTkXoBNk5Kh0dnrogHyfS6UAgDRz30p4P3zbB-mX9LVY9EQVmhDxNt-pFMOo8CJ2zivxtlQ1vg8-rNZUK_2vUaBMoKT-SZ4GubFkfOgDN0lim5ZTfys2nqZADQfU2ZY2UQsOXEvU7bdDJK9DuFVhiFVn7lkhXLbfk6XJyg0qIlMGKaWMFLkbHdpDeN2wLtnaK-ynZhuh-HfNeJgyRz-YtrxRT2WJaVcznoWyoo-sQAzp4_3rsP7mXot1S9-J4v5gO6JhITGbpMPl-stigTcNbcY96aZOlULZj8s8I23yPvYOw4ceml-NsarnP0kb9g46gkhMvPYtK0MIeRmHmwtRMDbpVbxFvwFGU96lzEEm870c09m1QSQeJIAkqYxrWSS0lX93LxwUo24ZIRhI-a-JVt0wgbjp2CqC7DfF_NmeGx-cl8KVc71vSyGti8Wz4qSCpKwMfEpq3KfkprEiySVBQ6ozNZeOb2pzRb7ll6VqOqt-hrZJ0mZhkIj1M3UeY-nmcefmbAG-DJqlfmxo1Ar3wzqPTZwuYs8vf7J5-qD7prtQ9vc0YI8j1ilneaDRjyhYItF36mHI8TwsjGVbadV4sK3iENg==,1,1,JFK
Budapest,New York,281985,2027-03-16T11:35:00.000Z,2027-03-16T20:05:00.000Z,2027-03-23T18:00:00.000Z,2027-03-24T06:15:00.000Z,7,https://www.kiwi.com/deep?affilid=mihalymisroriflights&currency=HUF&flightsId=0b7720a1519d00000baadf3e_0%7C0b7720a1519d00000baadf3e_1%7C20a10b7751a40000b522753b_0%7C20a10b7751a40000b522753b_1&from=BUD&lang=en&passengers=1&to=JFK&booking_token=HPyl_Gr9jEX8IWCyamwG3EejJHRv5qhy1t8VEW4zs9k8bGQGoKIM8xqOdIdJ7piieL7lbmTY9T5VT86WMuGxrpfVt_6nXUOqOJqgxyI0mGwONasPSEDSCegSm1gKzv48zpwoORWiJ8KavdU--sN1hF1ICbe5gjkf2fpZSAcm9Rx98QQVKy-CcH1ttq4E1nDvv2bLkQYLgMM-LfzQTnjd54iXinty1gZgJtRKu-6AQVnoBThDOvdwl3j4l7D5pVBxg4dUnqrEixTxLRD02blZvmlhWui798jW-nCea72egwmka44Q_S0LZAVeJcj0xgAf95LIv36wtfQYJ6g5J9FE6b1L5jL9_pBr76lzkGLy3fpP7zesZdIo1iqo329_Szy8Y4MhcIz-eo3Ifv7-UqrVDDVYVokf5I_8G2c0pUVyO1nZVpDPdqWHi_mt639jGt0pEjKnUg8z0nIteVE2ZjmTOPYEIsfnH3Wh5RuGMBiMIpKKE73n_S8wiBvLfFOPne2WI_ltABsBMrP9NdbXH8f0291X83XnhpMGsXA7r37qN_Cvpkm-g63OcjTCzCgC3L_hWZ_0mvLrfL42tFg7t7cpA2wb7XRbTnMgOonlwGHG6ukIYp1Sq7jQ1M92IK54TjG9Whf22MjvJMXf1BQDmKxJjd-Il-kpLD_d0OVoXR09A5qaZsuaM7X2CtiwwYZa7dt3G30zmheAXxAWlCsIVHFsCxDI6mijGncYv6kGkTnN0eCkxItkJOakeqzmBxK5PcxkHHQKdCX_-yuN0DMQ-zQnGqkDOzOtVj8JVmaAFKMEUfsjlN53oP_F5KBcDaO_nJ6JIuXAifvsVglRZXi7LXluyqC47dzBz4JHoYbVpa76PsnJ4WqjqHJ2W-Zdw_EPQWQ3q_akYKZZjjUXErw7WztFUk0JgYP-telqZZ0PtHML0ke2dEQbMRQOyCkfLDt9ZMhmGDGI23XOUIqQmAdU6onKYYIExahbemxviXTxSsPl8gofDgMfYNXGLd3Ol1bGRqy4IBqYnmdEb3ll61Lnc2lrl80g2hUbWH5iFJNfSESCOHzPftxPegAUZ5rHaJrZcamiwL4FVdXaLWoE3kDy5kquLI51gQHmcZ96EV6hZSbIMHqhZ1Cj79zI8Em5OGsykqWhR3GB6c8x5W0Hx-mClLC-nXpC5DbZc92Ph67Yp7OsQHwkTynFzmHCOvzk7QXf1qBkjRhwJeWSEhhX5CPb9NzDnqRC71QRbVBZzUb1VfozFFDzl0mg_0xTypx2Lp7fL2zTkccWTxnDs09ldsvEQ6A_51A==,1,1,JFK
Budapest,New York,282014,2027-03-22T13:55:00.000Z,2027-03-22T20:20:00.000Z,2027-03-26T17:25:00.000Z,2027-03-27T07:10:00.000Z,4,https://www.kiwi.com/deep?affilid=mihalymisroriflights&currency=HUF&flightsId=0b7720a151a300006db2244a_0%7C0b7720a151a300006db2244a_1%7C20a10b7751a70000ab375a4b_0%7C20a10b7751a70000ab375a4b_1&from=BUD&lang=en&passengers=1&to=JFK&booking_token=HMbalaCteRidzYVXRQ4Hzqotv6YG2qSUbR4RObCQKzQJczHxFzEOqhVWvIBLopi_VRVTq8NyyLBxwoWGjaZ15f1PnKytIWShUkCR9I1KbtgB-TUotDG7k8dxY3O5R0Wb7jHVWaQI25yXZVd3sXSXliIS9u9BuXTiqFHlQdmzI3DmrYJCW4S8nM88SNhqrZ9cCZCXhhZLTgByfzdzz9UvkVU5sj9KQxzfA8Mr7SII6X86JR8imXyitw_x5pSAFTv-uA7o5bjWRF8iTscHlxe6qaI4qdpX3eUWNzUpIM3FuxUZWu3_X5J3GrapaxD_RDiE8sDNHzfdCOmV9a4Wh5pdfKp19ZZTDFed-s_2XPhYvlIjlc0pNNWWNvEz-PNdsGtGxwukVmEJIJ0T315sfcl0Qd_oPGOnD2CCPto5a07BPtIcl2qYqReWVjd7yN9haXg4QPrOyutlyQoFjDLitAwOjA9loWIurHvo2tnoq3Jfzt2ux671xiIt0B1hDQSKyOOBqoKS_JiJCf7hD1klRyHqtp2nPdhs7eB1ppin8JhjPJW8A_lX2BObiq5JelYT0dxJcsZcOtDOrVJRfxeeiqO2FwJhzTNTr_bSl0N_yZ-wANiccPKWqfEVU08l9g37K2tF3-O38tLKWe1t8Y8Wesn6RCTp-RW3qwrCcM2LZ0EQP3SSXMxKviBSeKs8w1Zk3GOjgD8aX5-_Cw_Ds5JMhkvC_BXPX-KXHExdcB2LZZJRdMonL0NylJpVtY-38BFCc8EFoa8QV0d0Q48bxCWG11KoN0hfLsXJLIRyuDJIbkyF7yhENaaUykFc6oIJ7gYHqJZnMVZXrMPJpCDAHQBaJKsVUdQSJscvMd4PYx1uTl7AF3LnJOkFRZe3RrDjP25OeNdJqzCs48FUqbz4E9aDv52TJMhpitSXtV_IN5VSxzUatyzfzCe9_5aJumbhJ1XmhJnnp9FEPO5rRj1iSuN6XcjjEc--DKEXKPn-RbhGP2SS8MfayhAHvF60WCsy2LekwSPriWBnKI0-Qb8B_2aPXHNZI3GWA8xsy1puRAERGx9AvDoY6XzoOZ7uWm1LoWWVfA9nJcH_lr7yGCcM5J5YdmO21BIV0XvkQomb1sIjK4FfVFjsS0lB86pjSnk6zvxQajQjD5x1T6o_S-Yc21asIVwVtLl_MxbnLT9SQszwx-RA1Bey2KOzAo3W464yXFAw3QvXYzJVmLHTy8KrqOR9Bi1Rq7fB3_ZMiBzoxzkgDpJxv_vaaW1thPhQV0uw9xwktMgpLFILpPUMVR5l_rhsjbjpc9UeDS_YrppQxMJ_g_b3qd6I=,1,1,JFK
Budapest,New York,282142,2027-03-17T11:35:00.000Z,2027-03-17T20:05:00.000Z,2027-03-21T18:30:00.000Z,2027-03-22T08:00:00.000Z,4,https://www.kiwi.com/deep?affilid=mihalymisroriflights&currency=HUF&flightsId=0b7720a1519e000099436a51_0%7C0b7720a1519e000099436a51_1%7C20a10b7751a20000b9364cf7_0%7C20a10b7751a20000b9364cf7_1&from=BUD&lang=en&passengers=1&to=JFK&booking_token=HYXVUqDM5lQFylgUnMH15uCaWQGQjqlHYtprIBjwFdoviZa_u4JK5AIGSd3Wv3GaZJcrAxauuOb_ya42iQnxDAEz26-0Mh5_WBYqPuJILfXUGyBkJ-ZkNZXaEX14GXty-8VsHc4HrnJYyXizvxNhPn7jXPksqys4rIboRHdBBX2n_PWCVBCgb8FQHL4HsLM1ExrR2BalgF4a1Kup15SSp-q6lngtDfTHtLDbYSia9r3Lhxb8zA9qeGU-N1IV6kudewFhqg3Z_WBWf2Esn1UnUDtMSzbbXLfruUQAHN698Jo4UIey8O2kIYYNjijtkYKR4SsA8eeeVgjCFeiWR7EIqo2T6W2vc4W-w-zWkGPZ7w6weTEO_gd4TgfGbiviyHp9xXU-3tPTYBiqd9T7OmAuIG_M9cf4YBBsBczAhS14fehnCT3qx9aWytd-0lHHZkPIRzAgDjJ-LrxtBG52dagPjtDARTNy-U-CbTdxfqZH6iT5VIaoE76a-ymF1DixeCjWZoJiI8mFZvY4SKKqTrSt39m8_i6us2HymvvJnzwB40Abuiv9hKmVx68A0fStRxWsikuoviUqpt_jVNb19fbewTljEPFkpp_qkczc1oSWn1UVufh7SOJllVTnpPiusAv8XVcIb7F4IbuQvpIFRTPwNhJRYN2umm6vVD1qMDSAHr9ZtzRBw4QwNM5j5gNu6Sf6LlneOIdyHzcu4qHUbicW7vYT7ussNjhBSkGTKqmh-jRPwa4VsXGbs9kjufsyynvEhXp0mRnqb-9zTAFMsBa2sKGnxDgTyk7OxvdC8bpHt-kw0U28ZbAgxdU0ivGOx1t0XYMjKi9SyGEO8lyuwVrrATOrq9gun1UBmCHenENr_HgU5CHj1L-52HWp-yQrde3A8iBKeeKjrjXsVl31kOr_jE1EpI0nxEjZggnN3oBCyHfnhpQxKVklVgu6rXKZFVY7AFzuOCvQyq-twHZhOTt36O7dAVuguIt8i6gWKuGcNXRRAU9ScL_2jF8WEoB8XZvnCisp74bgxc7A9DKQd-CVb2O0O_qhkNCF4U8MHLdu9UFdnHiUj2SHELnyUbPDgjNxyqU4o9bOyRT9293byWIhmYSI5SIfVYGj5iI5wuqrWxdyywkcN25CP4_WLQf9VQ0f4_V1Jce9U9sx3BHsDETeCcc1AIlqLiOOYg4X38BKI-Uki-snUmOhfyC3ljuQWsZB2PRj5OYpRdSZNKl5xKvYf8VmoqtxVKLZ7ArQES-_5Ak9b4mq8DdtUyybHlnYXrRJvRjhUU_1QEhGomyhg1kb4seODrRrhDd0p7N_WLMyHMacyXYvTvB-ApStfxUBFb8ND,1,1,JFK
Budapest,New York,282166,2027-01-11T08:25:00.000Z,2027-01-11T15:31:00.000Z,2027-01-14T23:45:00.000Z,2027-01-15T20:50:00.000Z,3,https://www.kiwi.com/deep?affilid=mihalymisroriflights&currency=HUF&flightsId=0b7707f0515d0000122e72b3_0%7C07f020a1515d00005b0a7329_0%7C20a101af51600000708ddda3_0%7C01af0b7751610000fffc21d1_0&from=BUD&lang=en&passengers=1&to=JFK&booking_token=Hwj073gS0kBrXvKaCV_4dla2fU6xlLIrvDiR55J-bkHqH5zS5sQdkbWb3jc7eD5DvaQe6d0VsttpBYT-uNf3b9og17N6kgnrklGrQhQxTuryNNrisa5VaIzer_5mS1tat7uy8DdDlC60XyJx-MF8yZzyM3YQ9NPsISj4pMWfLhh7pVZ5sOgT2Op308tDr9jF-5DHV9UsMkdwOBb66bLpkFIghw1l_4jJxLAjJZN_C5OMTFZ0VoaZ8L29noJIHE5uYZk1rExu0VzR9snSuvNTzL6bl_FAq_hXpQ6rUlVvjTO8C9ITQRSBbPqm770IIIAzKxVMnjcLHD7RX1qNohFqWrUGX3l8Bp1KrnfsYzylrCftH6j9Z6zjZLoJIlcgg1zicP7YAmLaQDw06GTL-YANFAqTBhUvOA3HuoAdnPa5_dBn2eHfVVWov46F3YGDVgfotStGfss6uzPV4E1n2szSAs7FANkXzbl12uJ3jPrn20uaugOyX5jPSVs-Has4XZxACo-Dnzw5sh2lnx3WJHgOj1E4pjD_aTjgbJsAgrP_RbQBUmnN0w_jT7FR_aN9Ro1_udWuE1vH5GkXIKJJLrk1AJCyVy-dF2tX_HeFTOQhgJYqwjosluNVWr6osbBRK4Ibxx1iWyUGK7EwvThmgYOFN7Of4EsGMnOl3JdZncxExE9bNKbrjvnrO2lvR9Ud-ny9VU4EoxAgDGWGuJSC8XNWeMye7_hwldQ6zIkPIUCbqqW2fhwk11Ka2csm0LgW7jDkzfdlgZ7PNckP_Iagom8LRFqd_TvnzAFKJPW-naaR9XPQJt8Cz7VCHUpJ4z8szzzSfUqWe111peh4tqZSDjXuexYs951KfTqo42yC9vOIG0OLtBVK8r3FJGhvlg7pDNnxtNTDyjtscJUtY-FViv5BtEJyqi_K5zOs247km8DN218WpL2k9o-sF9j5eVFZvFMoQQNC6YGEl8rzR9Vci7bsLimllOiX3F2X-ugxWVmxcP2QZFJnlU6059Ud_Rn1boK0y1VMcUQdJoQTkD8kXLgaIoo6vu4VA9bJhImm3je2DjiDeRUhbWDMrpQNHOK7QkT90adhLf4wZ-l7Uz--lYikVKEIv3y7Y77FAxxUS-x308sJMxUWkpzsI389HZs059Hsi_2arW5IqX_6OxJ4D5ViIJcHmM_xhcF49XBFAI5xyrNGqUyyPs8RuLg5vY3tIxds-4Kwhx05VMFLQYJ_zOH_XBRn1eFv7xPBWUX_TxQpy3T8f3z8Jjict3AOZZY16x16t6QowtiyV0GjzBN4FruFjMax5f6g3a08Bn9-K8FMBqBdRouoGIa_U9NZTLl_sg1E8-1bD2rggQTXxL7WR1Blx1K1hVsqC5Q45JZOiFaJqlT31X1LxSszTfKItMlQ_Q2sF1fowukGRZFunuQM6NTPoH_T1Qjj9NAlMmYvJIqxfEjo=,1,1,JFK
Budapest,New York,282181,2027-01-14T08:25:00.000Z,2027-01-14T15:31:00.000Z,2027-01-14T23:45:00.000Z,2027-01-15T20:50:00.000Z,0,https://www.kiwi.com/deep?affilid=mihalymisroriflights&currency=HUF&flightsId=0b7707f051600000558bcf0d_0%7C07f020a1516000001cafce97_0%7C20a101af51600000708ddda3_0%7C01af0b7751610000fffc21d1_0&from=BUD&lang=en&passengers=1&to=JFK&booking_token=Ho4BAFONdg25iA_zuht-9tZbFEvfSrj26NjDjtIQPcxthgM7pYHNSjRoywf4Gqes2tkOBbQWNxWwCMRpNMDZl8kqIGDZP4xYtcL8wQclktzpotOyyQRs031offFUntOyVBdXUxtJ_vxQuVquMkC9dMwGgfp8i1pagvOdZ5GP5rlD_GbDdeH2ZGZIXgdhzrbhmcwBdDTmqWOUpFfHorLlQlU4TilgcGxn7ibCadNubG7ElB1h8BoqE2vh3AXZPu-ea9n9526FOEDk0dLJ6LT3iLHiDvSsFYd6XnIvwVgbkFmpfKLStaCUnmN4g4nNKYqlDCyYfjaHcyo3_m9nWL_zFSgQJIA_LydKp4FFVXgt89sQDiLHBLziM3QU817k5swiTEAtMCPey4rmZCWF2en8r6a22nfvdzVJHTbIdzs0VqDM9WfVVBkrMoiDn-2V8LK1EifaIJv4qRZGMHog0jF9ND60OPpOfjdwcCinIig4VdgquLtGfPn3RmSy1kpZRjKPasWRdp56qC4dWXgW0byHc4yNqTGGxl4qOMHCwhLALj-G1ex7gRUqSoG8Thrh_lVU2WkZtnKCr6lrHS1Y4jMpgHPs7SjvIY1CgdI4BLZit0DWsZuN0eiCQ-e6DxrhFvvPQkOu2FsuMQPQwGNyfDfNlIwAOvy9HnNnrGHi6-RHGb6otTy43TvSBlwZdnEnEx8tdLD5PIz5PPp1gu2auaXli0K-Fy1d_Bm4akD3C9Oj7LanA0cXjVKMDSSNuZhNz-b0dey2s_diCw-Ynvu0QaVH5HGmwyfvxoW2N_ihXIXGippHVncHnfmIua0w_lT42cnup3AIHkgFvRe8OfOtXxShyMcfYErSndr71KWZFe9qDuyyTpTQc4hGabHHVm-gCQyqOj2Y0blZEWLeWWxJ4EaX17nbh1xP2OdKHm28nRcs_itwiZZVG3MH78m8A7gZ07TV4mtjZlZx3mm75Y6pBHNc-1R6p2_hoAmF6WQMuCI4buobjNOuc34sFbJGVmxt6noSiFFLHd5oW2mXkVyjjiKx2OdnyqYjYpcZkuUN9UfLTAF7MepxOtZ0XCZnJqQhP7zF0cLYuhn__OjAZ7WjMVf3N56BxH22an9KVpIgy5s-wXKcsezpfEwcgg3o_CDvqmq5AeMyT7AV9XhaDZCjhFCJuz8-3wafpcsH0-D2LAcA9UQ0bdymw5Yp8YHtUbok8pf6VXxuIUt4fpd-zKvo5RG6Eie_rJHscy0GArcx6Z0O7pTbVRpBs2NB2aRkA14bH0Qmkf5DlwATj4hi41MlkeC3crkhPqBgRXU8IscXgW2VNWnmIRh3j5GcWJ5viih2BiJXwTVaQZs1pQXVGzlkH8291RVStIxHUio6FHy1Nhj0QBfq8NCFanTdYhg6mCoLhRvcAk0RgM6UoIkA9m2i0n69_EQ==,1,1,JFK
Budapest,New York,282191,2026-10-17T11:25:00.000Z,2026-10-17T17:30:00.000Z,2026-10-20T18:20:00.000Z,2026-10-21T11:05:00.000Z,3,https://www.kiwi.com/deep?affilid=mihalymisroriflights&currency=HUF&flightsId=0b7720a15107000034ab62d0_0%7C0b7720a15107000034ab62d0_1%7C20a122f5510a00008d2566e6_0%7C22f50b77510b0000f65a2221_0&from=BUD&lang=en&passengers=1&to=JFK&booking_token=H7YBeBhfZhjjwfW0J1APozj9gLY_H9GdTeHuYZwlXjSwFrygG5Fw6e6WInnlE6-58Jz5W7XM9A4aXWBty0sy1nYttuEfeOkjJPQ5lj42xGEi366u68MIM9vPoH7cKcKHuu5qOkRdXNEZomeBTqDx5chZVvyVNiWOn-U1GiZ9LUlZ8JeGHW7vGRBOv_DuMwgV8hd5KlA0tbY74uPSl1ZJhy2Li5gydUOjEdT11juLwy8TMmcc5-XbGewms0j9WZllFXBENavdqHjBnxbejlFS2_5yyRg0hjoUBgDsQJ-4PWJBpBaVmBJ1g_qywd5EhVYSSnv295ctVTRePFc5NpTdi62QJMqqArVgVCfr4aI78rCfQl0yTuBwgEXoDwQaj3QAvVNRME0JWU8mWzAwsuw5U4Vqp-WNtENNvIpA8-uDUfEUFETvBWHEqK1FPMiDNnYGp8mFnAKfpsGGOr5o5Uhp5mgQTtaJcnVhNsy25QjHbp_WurWGk6Jfr2mIcRmTQ2maWF8s1fissqSH3-d657bVlAp5FwU2rPcuSgsujbyl1Fhmy65chCsnYa11GPD67NkMidG8sfzk1DM_u8KGmhtY5iYA5XE1-yx8rxY71FJvzW-HH0uRX7TDYRN7AC_-xyLLU5sDboi1IHv3JrsEAg5XhPWJ2WR7zodZ4dfucLCrdQB8FOFaEb6wCwApiXRFyf0aSvvgGTR_jifF7FJ8FIbNdr-XQnKsYjptuVm-T0BLnUQ2K63Qf7_2g25tuEneu6XiNX4Fdl6O_ogKWAUwsmb7wU-Hm2wYqrYYRAYHf7Qc_KUFbHEXtJrsGhoXcPL9PHso_mpG7ZYnmKMFQBQIPgG-Qws3ujMLRQnrXM3v4GwkzTR-s_EZpmEHwOfRyf9rbOpdWj-9RgCSz74YXssP9_tSZV6TDlVF8yzfNsewZEGjK774Z-QT8ZklHF0XodkCsGu1LzchiuRzPUnfPGkkSv6FEWSmWbAAssaBCW9BuZIRIPAg7jYISsCr61z7dxq3zhk47I5xS0_mD_bAaoqwXpfsN21k32N3wa8fre-H4XNOuO-gwEp4xA1lbMGHgyODPCKg_RLEdYoy2eqHDAA5GrdHWKfW6xuTDB3lHB5l6_SK2iBlgbgek0sLKRylSK2EmVqiOSmY-ieD8eH13axRQaKE0u7VqlPvX7_E6MwZRMFPnLbuVJrK8in5BcRq_K3Vd1SgRdteZAWSHV-NGb_OOlMRS3Abb7htJEG5SslinEInEv6177FpIwNZElpnhXcXxUlGg19cCJHaipbuujGiYf5MKw-5v8-jhUx8yUZ-t5Y6mxTiVj6Ry1ay1j4dm3cvOHwGxnG-ssLBI-gkfk4naDN_gPA==,1,1,JFK
Budapest,New York,282235,2027-03-18T11:35:00.000Z,2027-03-18T20:05:00.000Z,2027-03-21T18:30:00.000Z,2027-03-22T08:00:00.000Z,3,https://www.kiwi.com/deep?affilid=mihalymisroriflights&currency=HUF&flightsId=0b7720a1519f00004b5997a1_0%7C0b7720a1519f00004b5997a1_1%7C20a10b7751a20000b9364cf7_0%7C20a10b7751a20000b9364cf7_1&from=BUD&lang=en&passengers=1&to=JFK&booking_token=HzlOfR5vW0Rm2VrwGp9bZjZGTzZmDf3R-8Yyn9Ktp4QUQE6Hv9hxWTNzDU3K34lUt5xjNVj0elR21_TYy06AZ8ZfyReSIKk1oN6rwH_jvtzvusUbKSFU9UmTpOvJgMIEjDyQ9puvgGq93Dj3GLz8fOIvdcwPvrhXRYk7kNgP1TJeXQ2I-sbzP9pnZqNUIvo0lyqg1Pvc2Oq-lyK2f_q80MASosucrKhODDaNPq3uWM9IAF9NyTIYJI4xXMWgQalpZPBkce-GXyPWG8dLRXlIyE8pagejNxKYv5yDPK5HH3ZFe2MmHVduesO5BQ7C-0alYsdRU_xdwcWejW31WkJbdP1QkJbio3ivS5GYrr3Z81VNELgi2e7q5DIbNBWRFjaC7AitL6i2t1Sz0ZYi4CfU9xHltp7OOWDPlUuy-zDjNw7x7vSmQSch2ogjvPox3jjKdXlZU0MJGlEDR1smQLVtXDauE6l_ZV1mO2qq4URtLCr1cd3NcYoEre0d_OSn5Eaz_fF05a6zZ5So_l-5afMPsZgJufOJkBOmlJZbjXhVlElQ20sW1FjZRiq3JYU1n4Iw6Nd3FY822mVYZvoB6yr8THx8EVVqrdYzh0zGk31X6JAv4m-VvcmU4_08XDFdGaJqUz7omWQuKZpbGbqqyuzpEUTpbWgnVSFVWmuLQ0l8eX8JOvilj94XE7fOM1F4EAAr7PamxZ2oLoSEbowAV1gVT4Aa8tfzKuTAKp_GFDCJhsLWli9NWn6YZyecrachslqhG_4QlDH7MGTAivfYOdfkVHvBMQXPEcTDU5XjJPxm8Tg_G5Eap7fpQfvlkdfBweAcxn20yn3SdchSriiwFsXvl9o3Xqjsj6RDFMHRYxI-dQ64KXu6EsuhMKD7tGw63HwuNni-xmyf6A_tT0u0Utxvm3LOWxG3G9vbPhV3sGrBSFw7wgD-53fm0yorIoJfjyMxmDnWPctzd6mvGzjG-AADU7Pkza1RfqLp5oYEoCqfwt1QvwEEBuaA0XrUFNfvw7n9I7WwM77bNdBYyxEU02Y37O7GbI75kUoo8CUryp87iIL66u-hhIriR1tcH84IM29rxVNygVRhX08PAII7dEqQsaZfP09LVgEn2hJaBLJCho1Sw3pkZcZkzcv58uaOZKM6MSdPq_1zrdmrc-JDUsP8-IsWDxlUBt7GtHMOdKXF595F-VNiiZZIqippkPoIET77auG1UVB9zQNYK8gCDSWJHFLofOvP1c0sLNtI1igGsMOekgk2RlMZIDdT9anojUDMz53qBseb_TlC0a3VRnjJ07Klzd-xvvQup-kr4FM7WuQryyc4vjPLjUU5xmQKlL3Dz,1,1,JFK
Budapest,New York,282235,2027-03-16T11:35:00.000Z,2027-03-16T20:05:00.000Z,2027-03-17T18:30:00.000Z,2027-03-18T08:00:00.000Z,1,https://www.kiwi.com/deep?affilid=mihalymisroriflights&currency=HUF&flightsId=0b7720a1519d00000baadf3e_0%7C0b7720a1519d00000baadf3e_1%7C20a10b77519e00009d4266e3_0%7C20a10b77519e00009d4266e3_1&from=BUD&lang=en&passengers=1&to=JFK&booking_token=Hz-uTL5Nj95ERD0mWnMOtB-cztxzqgLtPsX1p3k5-WrxBbJUZ3--Jjz7jyelJlSsEL7Oha6S4Cq9Ztk2FwnvFRsdqyb7iwSAqIfhbvIq4fsG5vnKpdbYkQVksW8m1kgxNQpRV4NSdazbqes8h003L2roODrjmsRWnaXdiL77xOw3QmCH0cE_3ZCybDmPPhPSDuUHotCdvsIhzYcrpgjXeUXKhwQ3rgDYrJCTGroHcrYTQH2ztl68S_FQEYaY04yteViIAiUN4dn5CW3c7QHwtlHnv7WK7YNcAiOzIIAnApSvmaUq4TSxc7EMTd5pYzLmHT300_A3WEC70IfZmCCfyXcunbdWPFXbq9twPpGx4HDQmeCV8L3WhEm6u3e31BQ8qLBEtoyFxwZrGn10CrR4J1WDCxzsZpZGGL-XLGpHw6dFJV6RD-FsF_ZfCdT8-sn64OEEmOF4rg_TSDBCGxoFujyjWoN6zsDu8DeT8VJSIVjcAjl0QixUwqGg7KUJmcbm2dIUbCN58K2H1Yor4PgceTnPZSK-LN7WrkIi7sWZwNeiDpmuP_ASyPyCkiqfuSY2wG0s674S55YSTLQgBE93ZDh1egDYDqpClt5N4bWnY89UmoRs3SeVwLo1Xo04T0SdBVaDYhAdSkVyVLfH7aoa0M7un4GRpVVsM3qWVZDnpy0yX-Ph12ZSkDrNhxH2T2LyvEG_MSJdM-mbN9oVVJ5V5v4grJ7vUxu3ZP5yY-ObXUo25Ux9_-eW0se9LjicyKdvJrY2gh4plogtkkDuw3Ts2hasfVUvT4fvYzXDi5lMs94K0vwpSRn5h8gyyF6EmyRRxoKf9hh0fycbOg9Vv3xtTsiPU0Omud_t3jkJZ_smOVfte_8op-SqJNMAc5_5nsB0LiY3xqog4xA9nbLJG9HXeuk4BKF4Z6Yv8hsLEXqDm4hbEBjZ5pFmeFaDqv0Arec3yO4bkodoviyjyKZ8FpoT3AoQ780LJo6o0DXSd8WazC-rL-g19usmFT2QA3vWZdB660-A-R7BQlhn4PSv6d1kwTcZsND6Iua4khIiFxWjUS6jxw8X-JKF4QkFAHdt63WSrrkRCIu1dJoFbO3owrV1jegp2QnC8yw3eNfLVtNGAO_uM0wqmkawEEhhak-Om1d6M4y6sfxzMSU4eMoC--4_4SekGrcqAUAEoDE3L1EkZGh7-NcUh8b0ULBUSZQZFZ0bb_Q-HmVuJQ1ECHSDHQVG3zRfeORtdjDRu0yAtXX_F-dpmoeE9RrQFp0K8v55yGQyhjMJxNdIqYRqhsH7oEDlCKwXFi8Ol1wx_z21O9BCRKB8=,1,1,JFK
Budapest,New York,282311,2027-03-13T13:55:00.000Z,2027-03-13T19:20:00.000Z,2027-03-14T18:30:00.000Z,2027-03-15T08:00:00.000Z,1,https://www.kiwi.com/deep?affilid=mihalymisroriflights&currency=HUF&flightsId=0b7720a1519a0000917c4dee_0%7C0b7720a1519a0000917c4dee_1%7C20a10b77519b000009814d8d_0%7C20a10b77519b000009814d8d_1&from=BUD&lang=en&passengers=1&to=JFK&booking_token=HHMMZbjm3APadVKAe0cgHrfqTlNSaXm72CqLdhFzdSjR6fKBFK9TBl9hAGZNOe4ulqNXZGcPyKSM96h61NM90bm3JNNgGzYa7d48IIQE6yDURKQ1t4N7UsPOq0fyWJp5FU2Rma5cQBNA1-Rz80hsFuZ3ldBRquz0VL5W1BT2NqdqXhP2_1VPxBa6zZo1wDiFwZAOWxz7XKEcxkgj2Ova1ry_6JclFKQjsB32nBfGK7RsxA-lcpyO5VV7AN3k-gdznqo2oSLOMAFlc07wdf8TsPBeYT5FngJPwOBuxteThN9ILtqGsOo_Pe4e_nsfvkxgdDh02qu-nLBApjUFwvncEq20yTv0m2d5bqm1G70-0osqhKgMGodjVaROQW_vMt7BbJ2mRhkaIKrl0OTmOzKZFMvdKZBMofc_mrVjwWK_yEJD3czlvMmshr3bBybhtA0c_IIIDTgUQ2tv-RtOSvIZSDNnlf_sB74CzUg7pK_D_I_uh0uvyTC072T27EmAvjRTiWCNvB1HYmOn7eDejdyO5IZAwV6Hh7Uve7ettLaWUpgIr0Woni1FPmHzArXHulVHNcuclqaUFugUW3EgVlfoQZMEUmshRw2IRwl3fGQ4ZrKPKVjnIem8FwmKipcdSXh_ta3a-ZrzidHzLGwtvylBKgZBMeWT1WR78t5YtWeFTF_ltvn_nFX103OkgkDLFrwKTMP3NRdX0TLT5WSP0acGXnI1KV8KXGSFLnpmKDh0qAUBCQO7ToeCwzaBn752HC_fLovYKg6sA2GM3FTzDmh_RCAIOetM6hjNlCjPjVjHKkNh-9D0hj8kkrKa5LxJKR_w9n8h4cXJreDPRumNWVuwlrzSZgbI8HNrobPHmMydXAn0fDpf_Ye0nm-e7sGplKPwQyRORAofzlpsTJweoEmL90c8RA1sqDXyfuANw_m41MYsM5PArXwdZAwE2Vh5HE08H3Slebx49uNahwidYv7qfAwCs4GfIq9T8LT_Xg9i-O__-o4WjbIjH5BMOJRH02hszkgTa0H6yoOf0kLJD4Vp_4aRFnU66ITVwsyrN5Sd3sjYsZVBN0FYuQxHMegrXLlUQu4EHrvWNGnn1z0JRg_Q_PR-rJii5VGJVfisIGtk0qA4CHrEG5pNqZ5D4aKbD1-bFuHHUg8d4a2BxSRX8SvwZ1NgrCMOkJTJEeXptHae-BjB4MymCA7a04VEJJnE3PfOzJn5MMntphybtKHxHqz3R7IgcnBGYJ6htUFWuypF9iZvTzpqMULZmW0tr1YlYiFPe22J_mgim7uitzsWVPa_cig==,1,1,JFK
Budapest,New York,282624,2027-03-13T13:55:00.000Z,2027-03-13T19:20:00.000Z,2027-03-15T18:30:00.000Z,2027-03-16T08:00:00.000Z,2,https://www.kiwi.com/deep?affilid=mihalymisroriflights&currency=HUF&flightsId=0b7720a1519a0000917c4dee_0%7C0b7720a1519a0000917c4dee_1%7C20a10b77519c0000deffc526_0%7C20a10b77519c0000deffc526_1&from=BUD&lang=en&passengers=1&to=JFK&booking_token=HKDVt6DRiu1MgkZx7lOzIcveyrhV2mIzTw1_NFGlpG0IzwXJg3qzPHewTmwwixXoYXG2_Cwr38jjZk1XCfB8PLrdJV_iRevNmSj76upIPkxOWu1ylqZVnAzGp9edfDIEr76Dqy3xx740h9e4dsKQ6bW7exVTW8c5Y8xCZnycDVU3uE2yjgnUaSeTKsyuLIweRNSPCi7pLCR9MzOfY0njUEbG73GvdMR_hMLvvddq99gqp3gdvZPtdNrVcFfcnjLYGPlkak5qD_etwVAg1efrOgsk2sWEhOAafC8Wg-NpLZ1V3Y-1x16GwSgPuHJNo21s-o5mkfE10ptICbSLa3rVfh6UOCozD5_HODB-BulVTtnss8OU0wZ9ib2rPVWmlmYOE-SRfgETQFbG91FQm6NmYd83Tt_4OiTF-evQ9NjmWzbhzB3xfMhF6QvXQz2L9wp_wo3cQF8wauqEMT8Jc6cTN38M01E1dTq19gzlzEbawGpBZijdJ_wsAfkL-WCFsJYrxQAPAEr8XBAMnHQQfktaDhvvxuevFlPfW-vqL4cx1QR-pqneEfyJ9RHBGHoOPAEsVCC6GG70TxIJrdPfUYGZv8wwiGCevtjND4NHoF5ZNj2-62BLWqvlVJVCzWYtg59wo7X5tzfuVyEQejTmGlGUcGlZEayvbU6JQw5BKBbMA_Xyv0N1FRysL2j_yNmiNoMVzgwqZ6AwNXjA2YF_T5Jg8UyRFnL0dJ6UcgT5d29GJ3oH_EmsfEHzxvmuoUnmfsd9rj40K-jHfxOQtRcpHTzzrBZHpVpKVH5wgb7e8urIwRYrVqxCqeZIQ4M6aTIyMISMVJ06BrWWOQEWb-QzX7es17Xvyz0_3Cb4Ko3BVRyzm2XMdHLWedrSsqUptaVgoB3mtSttGVcJ78cfc1KHay2nRwD_840x8hfs1Gtgd03z9CZe2nkr8ow5uYYSsxPSt83THGhOzXS227MyMlgAmsiz3S38gV8DCGgfBjLPmCUjaRDTtIFVudNrmoXWZUCepikVwEg3NxxXeNXzDp-FIxj5Jj8Gm_-8e0pRLjjDhK5L0TR9JECHWtv2b-Mb8Kmzd3xLmLaRK903-BJSg5xRTmwX35FjB-DIaNAQwR9UB_eaJX6jBVm4XTUkOCm_V3faLJ7tNIt83zi2U0v0JtBAjndP8yvo_mHcW2O5Iws9RK5ftrRlUcBpC9SMpa65Dry9yRbWkNQrrjOH8K10N4u1KeWiDMGE849M30BtL0gp5qEhVvg9HLOVjdpAPdXojSXholoQlIc3EDjN-BgVQe5V2AtxRJCp3-5klymVkfkcp5yG3cJU=,1,1,JFK
Budapest,New York,282624,2027-03-14T13:30:00.000Z,2027-03-14T20:20:00.000Z,2027-03-15T18:30:00.000Z,2027-03-16T08:00:00.000Z,1,https://www.kiwi.com/deep?affilid=mihalymisroriflights&currency=HUF&flightsId=0b7720a1519b0000cdee2a60_0%7C0b7720a1519b0000cdee2a60_1%7C20a10b77519c0000deffc526_0%7C20a10b77519c0000deffc526_1&from=BUD&lang=en&passengers=1&to=JFK&booking_token=H8THJBtd0R76e4PY0eZ73bFQx4a32yzxRGEILMGfGpQN4ugc_vFjvTIHFBt1HDAp5YLNV_3Dg0Sx5KaeHJexm0j3JP1SYODBFpxtULqOIdIjk3Qc3RJEwQvwNnGPxlFfp1Lhsfa1XjFQlVlnXlkxzT3fgkex0dhM2eAQqrLfZBR_Lc-XvnJOb093Z9uNGDpK5qB1G2BVpKyAu1EEyGbWeaszy9YMgkN3MiVmpkQ57FQ-uyrXpnOxFyf0Ri15Q4ncM5PBdB6new4QTuhfZHuuaS8pTVVXtfIYfwnIbEFZ7ARvshbtMuPXPgG0BGzgWIr6gUPY84B5GMyBs6mgoI4xY5bSN4rN9cfHKwFNgTB1FXS6sXjt-KHxsBEhXYC_Vo6UppessXjo_7ryr0NykejXnhjZokcNS2mu3lF3nqIBzDSTCqcGmq3XZJx5A5w07xkhOWZgghNiW3BDOaH6oF1ivK7A_PufHnNJ3RM-WkAJPfG3bP-qHDENtXjKjml0NsbqB6Ka8CZoWVda9XyOTWfHevSnNwEktGlIGFiV-23tilJFhZgscskMsOVU3QzK6DxJbJpjEOyR4LnAuFzRLDiJtYN1mxwJK2qByPhg0kAJh_VbzUjgA-G6fSkawq4R32YjfLCZ-iLZs5SVInWrMWFP-F25F0T8txHu53fhGlpkmJ8bVU6QugTxCGwH-7ryI10QJEBQ4mM68G_93dDUCpbT9pn824lwFshDrrxzpufPqZSbuQYHLOlHH8BuHOixS9wECh8nUrCZy-QVjZAZEAaba0ote06iSt604gxjv3vMH21MMrxhUSjNRzdcOquDXpy7SmIAjqsWNNW4NxhSXSoeGER5HwDWfWQhHa7aDQ3fZuMKpG5me9ZmiHZm21QJyix0awfRz2Y_M9wo3ua2Gvt5d-bMVY4GhXtOT5gz1meCtYv8FzBxrDO27Z_0WwwWssUw7PZOXzEKqjT_OPHyHBqmlU7GuZYQoG3uSpvC2ypJFIO5Fu9ZluAaM32V3eOlVQEDfc-lm29_neXZKCoxTijcpMVXmYsw2n9DvhSTE13or4VMr9WIkmX514BNLo56XZ7uP6tEi5lIRZqPa2KT0cq95Gjgx18tJQHx3OiBoZdoZos0inegbkjAluNa56FASzbY-iKJ7T1WE24NPWo2eitKyjtE_-zyr08QLko52cGgwP7zJt5RvFULmQJKZHv-x5hPel9B49at8HvT19_qMd_cyM7vDipTIYipPAp6PkS5v5r0f2Rw--DlE9edFvjqhVpe33Pd0WY6QuxF9U9RbDitiCw==,1,1,JFK
Budapest,New York,282747,2027-03-15T13:55:00.000Z,2027-03-15T20:20:00.000Z,2027-03-21T18:30:00.000Z,2027-03-22T08:00:00.000Z,6,https://www.kiwi.com/deep?affilid=mihalymisroriflights&currency=HUF&flightsId=0b7720a1519c0000f39f64b3_0%7C0b7720a1519c0000f39f64b3_1%7C20a10b7751a20000b9364cf7_0%7C20a10b7751a20000b9364cf7_1&from=BUD&lang=en&passengers=1&to=JFK&booking_token=H9CCrCq-VZZT1qaZO1M-7PvWlwfghTM1fc7SiBNC2Jh0JiOvHG8tTcn6DfS7ZC7rrQDOcLgY-qdZ0oVSxrN2PLDE1LMHccNW_5JHBm9jfJRGzQmOEgYGbYE1oRS6jBrXPllyEgVwaRXyrE9ZY46j0p-0lqhwR7oxpkeLd0kEL8mELgYhGcDOUd64PlSuGcXNKhMfeJHRD77M9wKcsn1eFgRmk6adPOC233fMO0KunawTGiWdIWqWJpVQASV6tiBtf0zfTvUUkl4uqxh-MSR6jTTrpvkmeiIrkedenRwyQl8xyZ_smkZS3kWibOYOcp-_uaVs2jBZocd5ZPgaMeQZB4oO32Mt4OA5M44Ht-1iDFSBUmGi2OMDEqb2epq8CmB_V150eAWr0XFBeiojvLJ9GiRjQZkq9NTGgX94UJG-W9gObbk9fO2aEjfIyU_saOwiH9krWErBQulmO4F2bgsHnYPnpBHBn3BJAU7JiQyelhLMXZPRAEtESoxmfdM4uql5ZRuOhf1bcNhgqTIVno2Fzho4cgcNhGFO0mFQjThme4-AU30bbMZwb0lYDgd79Zjzf9USAkvKSAs_rlme5qdFCEAycdMHqBeZC0e7hhCS2PDPr32DSgrhh5Op5Qo592-dWXI8wbhiYSZEbqwJjP7JIDT4bAWmJAkwRKWnTxZfoBhSr4H6O7aINzFuRwcza4Q1G5Ykk_wdnEXKBAumyGgwik5mLWzhN3gXiEFwHatfxe51mzlBWe1EbBHIWOeOEFcT9A3RBBJJEwRIZ9Oyw4fK0ZNM9OJh-WkPKCbbdCXf2wsa9GoWth0n6AN7vuxKAcmlvr_UA5Iw1EtI97puAJkUsS1FjQ7RSS5EMYYWUrPwnxQF7t2lKO9Y2ApSOfDxSGV-v-M74-CAv6bTpHUUhCllhiQ2zY-x19W3CJO_XXWz42EZGhqQtkd2nSwCnCC6EmSP4PJSISggTy2qBeJIIalgThMPBDbCBMjDvCxAxhOxoj-rO_eYbo7I2SpXCG3MWcvSRf11u-16ufynQ8rvsxMlkIt6da5_H4-OyHEtGyPuKvvKYGbEgpmh2Ltf3WM2Ocf2dCao-8UKKcwq54L2gR7z4QO3i37e4L2nfOHpnKjWL00DL96TmC-czxYFH0T2b6Bh9qwqGQfNtgU10nJkmrY4rf1OVVRKcFcwwOR108tWFJaH9LtQIcfLc6fV2ttyCZd78gaJjaEjI2_IvDT_jtbyNGRZ0olSfxA-kE51kyqHYWdNKQ4sfCiUm-0fnBvl7Y4JZN53jhzn3G4yh5-vy39ph2GPTRNNXOxblSE1kO5EcVZA=,1,1,JFK
Budapest,New York,282747,2027-03-16T13:55:00.000Z,2027-03-16T20:20:00.000Z,2027-03-22T18:30:00.000Z,2027-03-23T08:00:00.000Z,6,https://www.kiwi.com/deep?affilid=mihalymisroriflights&currency=HUF&flightsId=0b7720a1519d000001148855_0%7C0b7720a1519d000001148855_1%7C20a10b7751a300005cd2b5a2_0%7C20a10b7751a300005cd2b5a2_1&from=BUD&lang=en&passengers=1&to=JFK&booking_token=HmH1fO44KPhDg_vSZ8dy2obewNZYBvsIvmw4GKV0mhfsdAzbtFhtBWG583Q3wm5FLAXL-C0AZFSMQV4ZILUf252IAPJK9qmjWONxcqqosVQT-NkrXVXhtAeL1_ZRxb-vGOz8LaqMyvHK8bfrQF03JlIn1Q3pDd-4YfPpmDp-Ui26xxKWgkOWKPBxKFF88EtNHLHZtxFSYaTlmXkgkxndVbOoRF8KKq79p86vn1Luz9qNWe7agYkvU8_CshipSncaKuzDs01FrGUluLWdKE4AU309Ncnf6CIx-Sl5kGNS6mPD5nFqsJ3XrtWMILNpvUQn-5rYg86IBnAanuQGEzvbVvnY9eKsFsrhIadyvdQLgZ3DRBwCiUcjzDkkmq2G6yUfnfyDwdTf1DyFrSa0_Ncq5RgQ3vDZd9gBioqChmceaUKbt9tWU2ZQ6IutEMzxsMYMduK80HKrQc0Cn0iaCjYvVnR63LiIg6aMlq3hqfYWcWBtoHifENOZyXKSfWLOPwcUb8TTB1hf3FkUYzzCcAOrspHtptusTCyMIsKvpA4uaD0Xunq2zPJaBVbBbBEeLDzQqUc7TZg5mj7ddjXGi1OfgKRwEUmmpCBnRFxeuAuNa_pcvRrI_BAfzWzQT-YX27dxC1qDO3--5Nm6RaqjSC-eSaORV-ePz6vxxrwfJ_qPYxvst7Oluw5u4H_cro1AjEhX9C6C-GlaigvwsdznJyeb5xaGEqSttg-Soo7vKwrr__7GJ8ONE6enGTfL9CjQkr716iTmi4A46HjUnAcHea8-3dpfGUUALogucIzWRTDPtM_ny8_pM9V64a61KGfDKP5emln_YYWT_wFdx4OeesPvtxqT6ZgqcXGPAIiVOagLYW4MVWMEpbI9S3iq3O-9xNrlm9Qa06r8bvZaygBio9lEu5wPhG78GBm-_R9BkGqj5VhmivLrb74N5wqVO4EfTvhtw5Ns6pWoZBxT5bZIYHuPyc-Cyy5dJxeBn_Re1f0GTLy3EqW-7Rvi20vCtJFHhh8fjn-oaW8IzrVnQWx4QSFaV-CF76MDWxm__-hsUGtlzb68kg-NSbpYmLVHCenOWSVwboKxnyaWAlHObmYQ-1xBC-zBO7pxmjCLF2E3NM--sVNZUIHlnwmA3jU9gCwKnr0-v9Cy9yPimeSakX6W_F3cIB-D9LeOFGfhCtWUoNHcF-0xBb35acQEmEOgf17CV9vifdQQn-dLwSJPxft6qgBKRdYLmyqNKxV9Ymuaj-BxUi19RCxNlRn1Ie39ojq-BMSQR67_Eufw86ryQ_E2A9UIF2FsHjCBJiqnT56l1cRWI8vM=,1,1,JFK
Budapest,New York,282747,2027-03-17T13:55:00.000Z,2027-03-17T20:20:00.000Z,2027-03-21T18:30:00.000Z,2027-03-22T08:00:00.000Z,4,https://www.kiwi.com/deep?affilid=mihalymisroriflights&currency=HUF&flightsId=0b7720a1519e0000dc8b1d29_0%7C0b7720a1519e0000dc8b1d29_1%7C20a10b7751a20000b9364cf7_0%7C20a10b7751a20000b9364cf7_1&from=BUD&lang=en&passengers=1&to=JFK&booking_token=HnTaDSAoFSxDMZefeQhkMmd97vfNXUmttgDzRh3QHOfCj4FKtyB2uJLFc--XGTRTVyQAwlLpgfHhgDVgFSR1HWyOB1r-2fjKBJT0O_4MShqEK0Rq1mhjFutvK332ne6GLV_ZoCi_gAGGxUOLQv1FYVvsYpEHWpNlTh5DfZOxDSxUx77oJQVZLWRsY-jMzfIXFcYo5wI0Rsj1jybSouGHFpkj904bL2lwYusrItHgX70AKO4Zc3GeVmMpTPj4BZ2RrLOCsqKLtIOhPeFqnMngnrEJvtHKaLBXnnVcH6SDmg72fAB0XIv6Bg07opNWDG2fZcewljpKCc3dd02LJfIdrlHNbQHoLLtYpAIHWeKfO8eC_F_A8JOO7ks3SISPXsf40aBBHJykiHpObjQhKDMgQcnXhhAon_BJD0Bd14r9Sinx0PCXSzZbOy1BVRjkLFtqFLXZSGj0y-FnI3Dj9IMCfcYlBJJUBYvJ50qmq1ixcGjM3HfqdX-IzKaKe0Ie4N6VpcAmhO1AXhrNgNchiCBq05F46AXAZpjBIr8RZe9aITVTa5dSmlrkOuICQwjoW1lNl3G-mBOFrHIjsclfv39qsFAhtl0R1gTrdLEf7icYjjOZ4-YjpOwjOy5XzSKKakZQKgerFdjGNTMj9U6IHqWe4UHg5mBxkM69Lt18rju6hO5S11g4Vfz7RUBar2JninsYTgkN5OwH_IX4BUQakQY5by_0oit9PbJ-HfU8PEpWttZ6rpvHGbU1-t2G1PEoPY7hjkeli_JssY_DxpBT76ZnXr6x6AV8rY-ac4gkhQ-mh8lh_6jS7J7bUqifFjkBLveKPGxlJs9LsmWDPCwvCjflz9wX49QAWi3AeyfPtWDX3fehZXEOTkc5H4gneByjhQvwVBQ21HjUJWno0gUoZEpR05mXwEtRNPvon2FxqmOT6CSO15QXH0QwKB10501VeTL1lCieTjtZ1tJBf2NAL-0bKhQP_knp_O49WlH_GIq6GUbjPBi6rd2efRYOiBENUG-_Wx4OOdqgFdXFyydpDwCKnAZSQa8b5aEZ9zqbOM2uQ8rufK7AO7FtW8-cvK7L5PORNVpdbOIgIGEQK_oAjqTcKUmCQyg4DMMrVkuUsWnVLiiIhB2R_eOf00iC6R07M0D52IJXGZyTT6zoEQSv9sYHhJjFTG1wIxPhqtLkvnSTDy1zSA3xJ4F61BdJekeRoHA6nx3OF4V495mGplHNPmo3F2ZAZ7dkGAv6pA6F6aN-AnimPp5_inZ7nTqrbf2EBL-CFCRqZAfsovLZ8wOELRl70Ug==,1,1,JFK
Budapest,New York,282747,2027-03-13T13:55:00.000Z,2027-03-13T19:20:00.000Z,2027-03-17T18:30:00.000Z,2027-03-18T08:00:00.000Z,4,https://www.kiwi.com/deep?affilid=mihalymisroriflights&currency=HUF&flightsId=0b7720a1519a0000917c4dee_0%7C0b7720a1519a0000917c4dee_1%7C20a10b77519e00009d4266e3_0%7C20a10b77519e00009d4266e3_1&from=BUD&lang=en&passengers=1&to=JFK&booking_token=HKlL1t-u1TJtMZBCaE1PP3zoz11IL3ZkxmQcyyop0zBjg1uKEJ5yB-zJYUwwIrIkK4_bhZ0wXwUhFw9bpGKsplnZCpnopuQ9ee8T7TLXKuvwAWSGnQSibCauuAHjzL8EUjaUng05zv6mqOYuNiVZ6jFoXPwfriVlX0Uks2-6A7BtcnzH2FQCRuA4X5lCyiR0KHgcIJtaxYxXLswiK1ZgyOFt7tmWyiMkP_ag2GoObtZxoeRLMFyRsLy4WvuIFVrdvXCTneweTqayH53eSRl2qnxTkSRRl-Hd7pVAkxPmSYSvuWq_WsGwFEY9WzHBstWHpA5sLEVoTEqivnOyu621ctX7aFwFfT2fYfEhgFPs0Z1ZY1pnQ84y1oE3HbFa9fMee-XYwkI1LUIQewlTfhLd16HJZD1vc5G9fNMSLzFAt2Y4_6ILmktDn79R_PesHRxWy5PVD9j_OSxJ4kiA6XgDMm1GN2yktCOgSfokaLOyNu50m6e_Gac22A7iGpY4Y7I-5_0DFARzVBdVeuyp_zdQPGrsD6lZJd6cqPIAyYH0MHivDU3UOckSCnoYSVTsWzmW_gcWc3qrX9hM1Alz5gkM1OvVxA9vJSdaWk-ZKZLXmv9Z8ct9_SGsvW8hAqryse-zqfCpIad6CpiAhS2hbBa7dyZv_rI92IjhuzWH7pGaE5966uhcQTf6EUUbJuK_1C4YCSR-_6F2O--UCKg7-L3p3x06MY2ruNzhgxxNjlyuo5wNh44dLv7HJBbKhMkTWNfnzrYK67AXhNRWtz0ZEqNVgH3OqJqi8rcQT0Z-MGqh-4R4vsOTIghpbuU8EO0SLS2ktb2lkC0xSi50q3f8fOLd9sSlcQWGLXmtGnOdyvE6PlhFZzjgYrSem12FcWdpS28Ilu_-uOjTf0573y-nGu9MMY6_Ts8iNjz4ciMKweC1agwAKftTgWxzywimCE9pfEMyMy1GJTzDN19akzGW3GRbxk0GTZ4CTInnP-4yKATIGFMcLapuNO0Bag9WhdMHMMBYCPpH7SZpb-UDknAyWd8Wzl2CXldP8U19ToLSoXkWfxU3a_n0FDQfh49RoUoeK013zQO4iIgzgMxRE0YN1m5qUPN3oq8C1IkXN53oc3hY-l_fmn2RgC_GTip5UmBrqfc4to1HVL8SJKfZh-B4QoyHXk6gG1ENM-gw9--L2Nb4cuZQWrgVgsFsCR_A3ihSpeeZQ9GmFgm3bE6VWqjR5HD6tnAmZrE7I1RrlvbJcx4qSRkHpbrxDAwqQFB4wsFOOjYRu2tyMMliMUVEfykmN67hG4w==,1,1,JFK
Budapest,New York,282747,2027-03-18T13:55:00.000Z,2027-03-18T20:20:00.000Z,2027-03-21T18:30:00.000Z,2027-03-22T08:00:00.000Z,3,https://www.kiwi.com/deep?affilid=mihalymisroriflights&currency=HUF&flightsId=0b7720a1519f000061e4f5c8_0%7C0b7720a1519f000061e4f5c8_1%7C20a10b7751a20000b9364cf7_0%7C20a10b7751a20000b9364cf7_1&from=BUD&lang=en&passengers=1&to=JFK&booking_token=HIHaNxqLxh2PYGRjNWFqE2mtC2ZAR1mbFxWlwy9kEqijol4WYZGZaYaAn3y_4_RqeNJxE7X3KJ0R-bBpR4IzvaoKSdIr7y4kDtsqWWOPks9F1AcxqXoW9tCKHIBuzEl5RWLg_CmUHvdm5yjRdez4wYaRQ6rM1AX88PDNILDq5LyJxAWD1bx3te5r3nC61QsbV9e-gC22t5AoD7_N9rQzAfxUJ-JVAMiUuyOoCZXePOxz2YpudBxTS1Y8I96C8Mjnl5Om1Z0COKtT4sC04zRgtDeN-4f2Xka79lL6nq0yUAPor9P2wOGRnRyzx4gN73ukPqriKT5mDNU3UBmURs3ZcLZZRocSO4ttbYxzQIXHDtVr82y2SHLznh1WQ-T-BXlgm6V01wqrK8srbuI3M9xZimFYIF0XA-t8h11YgB5Niyme54L8QJBIGeS9reW6vxDUVLbCg0DcoUyURT4y1-8R3bXz3wS-lSae_jdBc4eBJWnsIFuN0uQoo6KtxlBQu3gxex1ksTY8CWq-8sC-3ySehcilEYk26n-f3ey1VTWITS_Mh7gPe9HBZTFo1ieiXe_4x67WBCShOaeaR2Hv51CIRkwSNR4vehED_An_5MUUULIO0697aPwOT6u3KmpT0pzPzPbcyCYcU3rbgNIgiw85F9RYoHenDO-0GICowz6IuAHHp2mk-tXUiqhhy52A3TTdvYVXzvBpICvP0X_8TXqPH8YP_mhQrC_O-TBzF2AuMhaR39BzH-LwK1xngA93I5fSjkjXkUki9vY30cSHQZspntLRyUpg7ZVTBkKTQ0osUBe79tmJ12gLHSxr8UAE5kil-cA-b77jsK3BV0od6w0rwVUJqw5LnhlAYKh29eFXJefQ5AsxPpxMuGDU81vsWQU-geDGDqrlhjMI43QeOx2vdL7pSL4q3I_umig47vG8QVMjTSFcrwG4wmpbeWLP8fV_KbKArtFwoDpXEJXk3IrYbByOqU4_-6ap9rYdpx82bIPsDH13MnsDV9O1eLbnU9gqgXPyKsPNa1Qf6eTMcB8v8_-djbekiquQJrX5ZQ3kZSJqwKsGtBdOhsABfLPNZnV9Lkir7cGOZ4BaxXPjFlFgFvvTm0tv3DF_6QLgeeAVsNcPMMrdaRcEGztvuoaM0SXQaOFMk_BJh95XJGgmVt2KHWZDHmWbCdRNsYS6PlDO2qkHNgcXN_o7EUW8vHMFavE7RrE9KaltoxZHwhp_TrL1HUpVWfbBV6tNEJoP23LKY2Ty6loXVlGLtpS8Ar7zEdaQQIMwOU0YWbJnplPULGDgfjMSRno9n769XOQvRCSweX8s=,1,1,JFK
Budapest,New York,282747,2027-03-17T13:55:00.000Z,2027-03-17T20:20:00.000Z,2027-03-24T18:30:00.000Z,2027-03-25T08:00:00.000Z,7,https://www.kiwi.com/deep?affilid=mihalymisroriflights&currency=HUF&flightsId=0b7720a1519e0000dc8b1d29_0%7C0b7720a1519e0000dc8b1d29_1%7C20a10b7751a50000e5a6b211_0%7C20a10b7751a50000e5a6b211_1&from=BUD&lang=en&passengers=1&to=JFK&booking_token=HbUAmqi2Bx2HKBbDaixQGFE6NS1Zc0gdxm2wMZip5td4vMu2ImujMhzAuMF2kBnaoDKtjb_QxtMbhzXkSNItsrJsKv0rsIgx7UjKuOQ53Pf5YrK1_dWd8e17OIVwvMuQFsCaWv9daXbS8MzA6XzQvoAq3fOnjXS-MvSxzP4EMBUCBz9z3hgBTXkioM8Q3N2eI2CcQyytsf0Ut_WzoXDm3yqVglLk6POKLFYr4_8060NBIdmPZXScF3-6egsGYmkIRqfH3CeWf7RTLLeP8l2ysMSP8tLkLMpgWWGvCQ1M_2l8C2rA8RR9v0OBFMmnZLeVzlQ5X5s7fpmAKOdVKLmT7-rWUTMCC9paZWGxFW5QolCKCucS1f22SNlJ4bZdPj3HFrvS1MSLVyZhX6RUwAU5PSr_ez3nCU5wQTy7v0zaBNwe1PxtculSMihch8fPCapdMdEZ_phhRfSFTFVHA4KyjZj3EZgd26Zm3L486rXWLi69PT_3-qeFCWOEdg0q06WFnZn1Qxw2_40p5bGn4GiiXn0rsw3WsLZe1mIo881SMGB1jVbfT2P8yMG-tlK962328Bndy0Z3ASIWy69rknKalaPA-9MtznoTLlJbdpJaH0J0Aak6xzNSla2CVEoyMAUxsU_LPIpwCQIkIQ1lLqDj4e2cdcyht4t1ux6J7cJ079PD2TlE36gOUWgLDPwxGgcqOIHLIGgGlVyuzghR2BzX6c4-g7Aa8rkcBzbALoGgLk2ZKHHZfG9mVmLO6gtwApLTrlCd5a1kBO-FsTlh1ReSTgJLijboNiv_Eml5byCH3c8rkkkpgK87YAHLneSwHYmZkGnl08ILgrz7f4mTw8Mq2K-Lbsr6jB_Zi9MFr9_zLlnGIA6UIodMsF6WSoD0krPWrPdUdmL-6QNQMcdSnxnhWUfpwUreZ7yFTL7KjpJC0N--bd3HOUGZu9MEmVf7vS8YDiXzxYw27sFcuoJpC7JSIdjzHRDezqbIpgNM99hdDcokIiR30PX8S7bNS9KHFpIOaVskLs43ujrzX8kk2m1ct4yP1Ol6cufyIFNO-KDcszQ5GBj9GR0Sw5VOMSFkWdvVeC9JCIPe77VHCvkHZaVBBi54Woz2DviqT1QL-D58y49YIt4xo9zCMYFqRQh4iU6-hRXGpPFtAvzvR6DmN6btdKBwarpa6bnFijcQk0JHvAcZsh1gS-zpIPQYdKlijZzM36s_3ZYGWx5WWuicNWr-sjhGotyqJwxpnhpnOHXucPM_CHmCYe-yxcUjJuYLnFWYYFxX25j7mM-TyHsU-k8ANjQ==,1,1,JFK
Budapest,New York,282747,2027-03-18T13:55:00.000Z,2027-03-18T20:20:00.000Z,2027-03-22T18:30:00.000Z,2027-03-23T08:00:00.000Z,4,https://www.kiwi.com/deep?affilid=mihalymisroriflights&currency=HUF&flightsId=0b7720a1519f000061e4f5c8_0%7C0b7720a1519f000061e4f5c8_1%7C20a10b7751a300005cd2b5a2_0%7C20a10b7751a300005cd2b5a2_1&from=BUD&lang=en&passengers=1&to=JFK&booking_token=H-jQ8h1lHbDlbewxJNTlMREtVMpG8UQ6pFVH8ENyPcuWxYcNfQNx3t940PqfD3KtZq3xkhTJEQCz7dekEiLdX8_l83KCD577Eu7_4SErYmUbqjvBRMiZaUEFyL1aylvne2N7_zHkGba1p90NsYBPcUpYMtWO8Gp24aQkrkwBQruVKFyAFmaCzDCskQ2waw_OhnjUNEF6ZQD16UaIY_2dnImlLhk1UBA7h44paah14VHUCNFyvxwB9ob00oh2TfuceFoLeIcK0RSJpfKUnuQOx9xtGDzWFPJ5RGpz7P7vvgklEJvPEPgSpl_dtBBggrd4s3R7vKdf570NBZggMpNkRqW17SApOQf3nzl1qgDNx_Bd268kz44NlAQkbxjtt-V02bDzN-MqWhhMRSvemzrkTFB-i1wCWWszZcf4eJM26WLWrUsYf9Ab1PMJees-ZKGOvsALtbWOOJNciFcUbkgWUaqkTMPY_MentM9qM1sPG04Gsc69jTMKfOQ3wCKuqLg60tkBzlTYUjeLJkv92JRNRblu-izHvb9UQaENtp2MSnB-f-SwMxWlh6eEq3WnQHA5GLPjTVnAZuR8fUs4SQSIZVQOaDZP4RBnw_TQD5okWElD0d8m4t6Od89YSQGlxH6J9pSHTa3VBqXWNdG-ipZRirLGvym__gIe9LsBayPMCgpNrt6NI3pJ24KB1TpPhBVvTNgMdHP_cKFdL1ifuBsTm2SL8e1UX7jgWAPOMk4j8sNNn4ydmtt7waRDT4rPWS1hxqwETmdXdIpfqvQSetf4wWSuRYk_RnO0wdSu2codlIv9CJhZxtanVTox9d3A5Q3T0BYA6CmgTnouw2N0qJDuUkHK8QzI5BThy6glUS1H0GyZLjgHqABPRyEq2rkdWAFiFNtsuIWEh4PtcX31q2o_wCpqUhE-cJpCDf6DiVTQB2MdO-4en4xEEKiQX8urBvxkbhtYk-1mJgEyooK7FtaaLYR_qxXVPgVM5V9sPpuUTLM8T6QOkPAd9Gc4aEXQZXNZxr6s4XmIknCJDI8lCDe9DuEIFEH-kPj_qVbWd28G-urB1_RNOWyfoUi72FidbJseHIQXs_SU1MrW55c__jSuF0Uwi4sotRHidS-6U_zjUzEWdhtOBBlidbnpqeC8DIhLFe8osZ2qjZy9sLW-6kFpgSNHR9uZxtqNeNj886YYmykqIA861Z8_3q1f1yWONXd_g_g1UrJ0kOXW6TBWjpPOxgYmvRXt8R-mKAFYeSnT9x72G7cErR0wVrjLSucpa0p_peEPbZnDRFMN72iSoPzjmfwZ_-BetlvUOlxtm1iHpXgQ=,1,1,JFK
Budapest,New York,282747,2027-03-15T13:55:00.000Z,2027-03-15T20:20:00.000Z,2027-03-22T18:30:00.000Z,2027-03-23T08:00:00.000Z,7,https://www.kiwi.com/deep?affilid=mihalymisroriflights&currency=HUF&flightsId=0b7720a1519c0000f39f64b3_0%7C0b7720a1519c0000f39f64b3_1%7C20a10b7751a300005cd2b5a2_0%7C20a10b7751a300005cd2b5a2_1&from=BUD&lang=en&passengers=1&to=JFK&booking_token=Ht-798yS1xmTqG7uHh3BoyAeD4k4oMemSvtWuWmovZbk5ifZTsbRR_RgxPzK7rLwyhOAxoiSzumicRiLbZyCJ-w3ugzE75RFnfn4ILuf4B-hAAVgr2-ddgzKNNYroHd1RhnaoBBttZILKh4z0AvMhv_RykNF3eFy31Lp0g_wAJpk8t2MJZmfwHQERAY7Kt2Hhpw4Rs5CGsYjw5QajZZfj5o9siaC3i222yZKkDndyKUgjFuMtITKrkbCACniPgoTh9RLXD_WDWL1YdjNLeuCsdibO4bPZRie0Mzf9J2osr2SB-za4p0b4Ko95IlY5xvmfuB5TJnlg8u3_KF2U0K8NfEJuDQuE-LFtLP1xcwpEIO0djpu5f7FR4wvqyb2dv1kT2omUmR9EBZp2HNjQh9bHMOA8PSz9CiwXmRcvdicKYwgeAEBpz7GBQq3pMjGuJ2bmiStQAru-Ib6AAXfLB__Ky-49tinWkxIVCNDHqrnLhrHtZVbTXzNb1XM70LbpZ38wHV4LrD81TujMeJxsOJOzjOpzuKMjGaqycttm7EGMLqA3RG6vrbZjdhQqQYbSStUzn1RZpflUHeH3EMAEpZuU16C2dgREiT68pteV4XTkH_O0qrzHN7sP_jhaReP56mRxYSH9Pzc3C7RD1S8jIKX2n3H3tjXLFAYB8x0xXG0bA8d30_btaBIoT0WsnrTUCZclOaHtCy-agPXlJ41QvXu4VZquVj7sVB_DgcUjaMNuPxiLBKrqMHPZ4hUPRzvL63vXqukHB_m2xuVG-3Y-1W7aKkVNPSONzzrIjGE2IP23bevvH7jS3g2TCXC0PYXJvtWEacsGhh6dSylk-MOkuWyx0DxC3Udbjm7K1UWHD-FOtE7R2NCjx9TYUj_n5kAp4PmaZpZHj5J-U3mIcrM4EoN5uMO-DQdpzMGQqsZGqoupmYTy92YccmOZdYZYav-YaumBlNc87sUIGX9olT1gMawo34z0DGxruXswvkLDtuPZDrI9tcRftvV5Eag9SXtB5D_UGccqsBuX8I-ycRyG-U7gBQ6MMZsEwD9v4U3WKwXV4m-YKZpiI--fLS966O2aIag6WkB26rAcvsGMdJrzaDwkHZRna28CaY3-_RkE0vAaeMNqTc_Fo66xJJlwut66V8r1ZQndnwkrApxJjZzxY_8wj-g-PUUIGcpOTK4wHq5XAaHZKg9lN9p0gN4wPMkcBft1UmrNaQJg0QDZqUcEyR6L3y-ewjaoU3me4S6K1TKqaT9vwqMocKEid1juZxXn-soPj7Si9sSTlWvXJwTBTspCDA==,1,1,JFK
Budapest,New York,282747,2027-03-18T13:55:00.000Z,2027-03-18T20:20:00.000Z,2027-03-24T18:30:00.000Z,2027-03-25T08:00:00.000Z,6,https://www.kiwi.com/deep?affilid=mihalymisroriflights&currency=HUF&flightsId=0b7720a1519f000061e4f5c8_0%7C0b7720a1519f000061e4f5c8_1%7C20a10b7751a50000e5a6b211_0%7C20a10b7751a50000e5a6b211_1&from=BUD&lang=en&passengers=1&to=JFK&booking_token=HvA4SrQG6HsjQ8eFxr65IBejJGSaV4yFMuDAQoOp9ygHA3OI7v40SxVh0L77_9ZIBMTQWob77WpcRDNVZf6EF0DwctJFDBvudEZkVN1a2829AtQzvCJIYjeF2DAQqHIg8ghYoqY507A4MtVK10lvgMYlvXRbdSYapjNRsKIDtmfKLTZ-ixqDq1gjNtV_xevQpTqUMjsYJk2SEkuHG6Wi-Oiz6LzOAZvycz0FxfNDmr5JWWUXM1zHo1XoyOOc8tZREDUoq4AtSg10dvX5m4ywGwTyx-KC1mDrjFxFPBcxO-AwK-wEFf_swVSJIs15R72pv1E00YnFU_gzDa_4jP2-Rpp2TDA38dqz75k0k1YH27YezIN7fFs3WgJxetmWhOLj_sYg4hgxxzQ3pEjafQR5o9ZSWVtwh0BQ_CVhArI3XbK5Xj02lI5d8d5ToJziWib8t2bO-v1SLNFfUvouzURE9nwNn99PaZ9oBvgHww1F_r26pheWqpBiLwUJofIpLOgJzg4qAkJup7dFyHMRER-3EHD7obQZOXmmKrqo5_ektcVVpogkkQ_PjHJc8kfiqIVQ80bzrXEbLvwWpzeWLm-jwIqYAr3eo1wFx2oyj0MyVa8FhG1oqLLFIXnfAvveLmqR-626SVMpL0exnyFTuWg0Tr-dMlfX54dgDssbMw9xzXm_GE_Hw5A904f4CmjgPXazIXAzjBjFotgvGDS4o5FBrUzXRd1s4mWNXrfouPSjN8_kXBHgm8nF6lSPKyGyHXic0hh-2FzfDeBuev-buenq6ebtk4hYaco-a2jB5kOtKo6VBlUtntya_t7N8ZQPdv9MYX2lGdQ2ts7uwsZR2Q8ziBaXaryYJe4UkUQczSolcHRfwvGWk4pqgp49dR3eQXiLLys8j7Xyk5PgGmEKeRMtflBE0U7wUH6uc9Iq_3zEabXjf7a6cV4TUq09IvBwljZrzZjW14FpfG37hycMLeRZCUwnzJv6fdQm3RLXq7mUJEQhnqIisCDCNY9QWWKjMStnHPzGN_1avPFwdA8wxdFH4ql145AaGx-XcFPO2K0mjMLBQEfqau38IovZjhdGW5C_NaKxfp2QDnQ83SataFVIFYSzYLDsM-SUZjqe0xIGSnt24liGhj4l65Eu2FvgHJqjHi01PmGuJwUjO3hN2CT8Gs2Wy94b10_Cj0TWLq7cJ-h30x5RkgwbAEB6w5-9444hhkkTcY92a3M2laG0_G6xMFTJlAudpSPj0VWVOborgfUE6M6W7D3uH6-KwB2D_cwE6zYiYvNADgydSgJuSzuySew==,1,1,JFK
Budapest,New York,282747,2027-03-16T13:55:00.000Z,2027-03-16T20:20:00.000Z,2027-03-21T18:30:00.000Z,2027-03-22T08:00:00.000Z,5,https://www.kiwi.com/deep?affilid=mihalymisroriflights&currency=HUF&flightsId=0b7720a1519d000001148855_0%7C0b7720a1519d000001148855_1%7C20a10b7751a20000b9364cf7_0%7C20a10b7751a20000b9364cf7_1&from=BUD&lang=en&passengers=1&to=JFK&booking_token=Hb847_Y5_69aMwjuEEOoSaY4tpWMgz6ill0xSklS_Ifni0iXwT1IbfqXfF6lVwMrM3LGKvzAPHksEqsFym2TzYnEpC1-GqruRLr35Rte_GLM98I8KGyufXpYRShMeb4UWta15wSz2aCHBmyxqjJaUlKpEVFvfspgNPddW1Y8vvjl3asq18OoyL_H-Le6rTGa7bo_Rra0Itw6CAonHOm8V0JEjf4FmX7VFuwaOIYEeGnnVb_ecUusFkuQi9Lbu3L9sV-bm8SW3r7UwjwIUOBHdJX-o3Ptt_8vo7iTqPMp3OHuDIY2TJ294ZuVmAr5FUrM76YYCigRPNgaDsQ6dhEfFZhQ00G6ozb4PXm-X8c5EazIMdPmCrZUBO3y7WoeapQF5THZjZ_SubfGwwLs11K-9oyXDXJiGQMWNSNe4QO43SZgnYEDl08AM2LBYa-MA6EZafCI4oXNmkvDUnWThCDq8kDIv69hobwNx8nQa-2YZsL3Lpbhsn2JKC9_9pU3T6SbavQfkXbMLIdmRCJeCJ1oNzIg49cJ_n8gAmCyCUDgTqjSsar8SOn-jrrY0N_2UN1fZaSj2AD8wxUxy4ir7C3MhoCojhjH2gD8HcGxJPndhq7cR0oWAiy8P4Jmtm_0TyFtisD6s2hJHevkUxtWNc9HG0s1A2fmxPlulC2LmDOsc1Yi1CEZpKESLHJpgb6kvkv2n4rJ2F-KHkMVRfAL9_lFeTwU-ZES3VlvPAfEzxry4pnsawsnuN2ScYThdBn_Y6QPnfrX_wDW3HymokOE9X0jd3R1ls4PC_UcWoRCOpTTXblH3p_GNfxcj1ENWI3rOZ2G6Y2AjTp2AW-9kl54MnEE2JkQJ6zLjxSQSRRbzdpW5aftBf8dWRkqBdkx36V70syI--8GaxUoMYo2gHRKnTV82_1BwPVjgT0d1wXVpE1fxFD-nxWx5wBm-RvIPO4Fkpj9IzJYgoZQ7hXQTccM2ZViFLwmZI_YN-GllHpd3FZHmfBB2k0UgEfMArJ6xHDzlUkFSZmnCY10qPWF8GgclEmQU03MEtW1Xj9XGGBTD9s--Q6dZOucQPjS8x87I866ZxypJ9iQyiNJsFd3NxfVx7KqSO32w16Qi0hikpIzGMWKrH3quJE7WWyJglk8VryWqgjdyCK-pp7MgsiUQnODbGu-CMlxlhG-CTbzGBGGktjwOtsnyECn4eC79ns8dOPEOgFQUXqJx7_BTkCB1ducIZtQgp80m-uzUkW06R-HQWGCGCBVhhFAfPhOG48wEGoZsSCTXbzea_aqgABcmhZYnCaPbMg==,1,1,JFK
Budapest,New York,282747,2027-03-17T13:55:00.000Z,2027-03-17T20:20:00.000Z,2027-03-22T18:30:00.000Z,2027-03-23T08:00:00.000Z,5,https://www.kiwi.com/deep?affilid=mihalymisroriflights&currency=HUF&flightsId=0b7720a1519e0000dc8b1d29_0%7C0b7720a1519e0000dc8b1d29_1%7C20a10b7751a300005cd2b5a2_0%7C20a10b7751a300005cd2b5a2_1&from=BUD&lang=en&passengers=1&to=JFK&booking_token=H1PitrlceLLdFVVnaHpqjMwHXlzdB62237fiSqagRqTiNyi1HPRjuQcHIQna3-YsSLghDYKx9oi1TV5uu9mFVrfikOp75RLxpUAOVwCBerA_I9vcgC3n-b9CUEakp3ZrckSxNAT92gZGlJuhuGpS8dXubC7l5smgP593wK_G6ugR8bWVkEL1X2-co4Ur700s8pqmRBD-zjzlWuHXAkmyffBNbIABxpf9uiLSQ8e03BOtoguuCtMbO9wyVrBPzp52B-1VR9PyesH9Th19YTA_YOjW7zyhmvYUEv2wWqS33RUG68zVGaO-jy0Jyc4zpBHFCA-CbzKNkoedFKtcSexdCwWz4cK-pHDfUbODpMwtwhfKPshAKXNuLmfIs4LTMtOz50Ru1ie-Jx_NwjOoO8cQx8zv1UlS5udYvDezSQCfrX8i4kw2gJDZ0NHMtM6IqQTCGNuXoQF5PuqloDQX0M6q0jQ9451d2PHROHjj6dlFNz22viRn5eFIQwv2FJutlJIlwgMyJRnmpgIBtEtnV0kKWS-8NAb751UmhsTprK7eonRZgX3JnwZftYJP7CYpLTa11Uw634HJ_F8WBxnx5MUVL070TePCpJqCuzFgNxVHpBwZbKaEOUf8O66yXdJAnyT93DczeDmTo0ljhK8dMv_-3SLp0xo84X1Bw-BYb5bpdpOTr3Wd0TxTxJrnTJDuVwPVhIGw_DG4cA146oNlTRQp3T9WYbelTjZapzVFQnIJ8wLrVUhot6QX0m1YM77tzr30Sz-j17Jt5aJ8AT9dMC1KBD_DPdyf7fMctrb6JQFnNpB6tgvngpuGWCIJoui0Mmu7b993GNsHap8IzRuVzWJQMgw-_th9dxAPPDgCAOjknuDxGYTRYrOFSkIx9uae_bWlpCnanPYfbZoJ0lFSkeXkmee4OAVgt5SG_ShglGrK-DIIEAYI3c_MVx09llkD4qIpZUenw49Nee1MSVOwjyR4FRQDIUUnefVNDJFf31FMgFrDDRZkIRvWWQ5b6v9C1kIuyESda_7Ltf0T0jYjJ2aymUoAtK2oqma-rUI2RPxDH80IaRw6-ihF82EjZMHbLcjisJ9cAwNXeeMCdGug-Sw0f2T5YQzp_RQl8AsPC9TlO3WtZAVstAkOZbN2LeMLXhFP1wyzjyppCqwCgy9QiWv8WwG10PuzpDnz12-HdpW7o5PPb60ZYAvDxkcs5oGrF9lRnKebDAzAQ-DTeDWTanExZR-ENmqULZVnI9bpsw6oELxWg2hNN0dkEG77NmmalbZM5YY_2uuHhBBSUmVoMnW6AOA==,1,1,JFK
Budapest,New York,282747,2027-03-14T13:30:00.000Z,2027-03-14T20:20:00.000Z,2027-03-17T18:30:00.000Z,2027-03-18T08:00:00.000Z,3,https://www.kiwi.com/deep?affilid=mihalymisroriflights&currency=HUF&flightsId=0b7720a1519b0000cdee2a60_0%7C0b7720a1519b0000cdee2a60_1%7C20a10b77519e00009d4266e3_0%7C20a10b77519e00009d4266e3_1&from=BUD&lang=en&passengers=1&to=JFK&booking_token=H1TC_O5UMP6ayCvY7Eoh4HBlhOHW3Ff7dRXz6HejMJrm3QKfBtUHtLnYfkypo863x_W7DbKw72iN8otRAO6dJaSeRyt_izEJ-f9sZCoC6Jy8mFIcd9o5SuQvYmCrvmDLK5tw199FvVtHo6xEiSIvbitNJQZ1droXiTvxsXtcSC3foo5A5-3Xn4dQgw7R15umfR5cMB1ar8SNmGiygfhXmYy8PhyhPe53vUtoyFinkFM8W62HOGOv9kj22JtTdVyBh6CkotyZoI7yqglVQprOBloN2-upublwZzTAnnvSsFU74BxuezjWB5ObQTv_FKxzyES69KF6zOC_QzSsWtnAMAW2aBemBz0zjLfppc5XpY_KWjjCPgczadXnWX7AxX1NsJwkbJKA9l-XzoEOXGbU32QWFw18fHVdAbt6mDjgE8rEtN8s7jQRtvU7ydSHWAL25ECNDOS_NjQ-enzSxZUQVNzyKH8GY9_iGfw-Q8kt51rGfjscjPNQMa3Qg6Z1mhDZA7Fj1FpdaNhqeKrcmlH1EFCtSZHzIFaz8IYP_U1RjwKM8ELDaViYDmQCPoHPUpRRAWsp3x8yIi3jFL1oAR4OLfEPi4pPm3L5Q9odSRLT8KIfySGSqN0YC_QcE7eJy2ubHfOtXIKcwiTrxwbtBNkzAWv9HuneStXdg2ewkvMhRjAgBl00CQAxLLO8uWnFoweGufEiHhE4FdzxdqvR1d6Gc0o9ruOc4OQxj6RcKkFkGCMfT98AAq9iIvPNRq6OTClbW129uUJ14ZFrjX4P2deKF4Q_xhIALShlp_ipe-LiDaEgIsFLjrhX-xwyD4_c6dTs5h2vZQDQuE4geKhf8CZS__Zzk1ESt6jVamaezV_RtXElrqclm66qFVm8Cp64gT6MVxdBc1rJdxBFeqpu3YhqEVa6xfUURAS3XJK3vrh3DRufDGLgNetXiAMyKGbNzh5eQZAFh0FILLxS-7BThyXmS76-ymMYDMAfxoNgCGn-oREPdXPun3FPrR3pX7CY2jCc8EsVH-9NMtPvmNNc_ZB7BF1eRUVi0gs-Zhmcqj7as0vb003gQhzu6PkXMaajqyMEXL7rzU8xojkIOWSqdym9_Zyvds0N6VnvHrYHtE_vzo6hUtnLhC2uUeRByDbyyf4r2oA96jzvLxV8HlFbNREDJDhWsrCtoAkdldjviA9k082PsawZu7MFp-A-SVBs3l0AE7CIIXwgE9JZ6lL7P9VzrSClH_4O_latk_xZzF8hQOOeloHuy-7HwqD22STY84Pmn1rNOruhgi55RaUbye70m249KP89gf-QLhOdy7tXTarM=,1,1,JFK
Budapest,New York,282747,2027-03-14T13:30:00.000Z,2027-03-14T20:20:00.000Z,2027-03-21T18:30:00.000Z,2027-03-22T08:00:00.000Z,7,https://www.kiwi.com/deep?affilid=mihalymisroriflights&currency=HUF&flightsId=0b7720a1519b0000cdee2a60_0%7C0b7720a1519b0000cdee2a60_1%7C20a10b7751a20000b9364cf7_0%7C20a10b7751a20000b9364cf7_1&from=BUD&lang=en&passengers=1&to=JFK&booking_token=HQkhk9GJigX_pJ36W3t_icyx6cAcGPFP4R7ia9B49PgnVwWogZTLfQ1iAWzJodmlDVbxSa5kw1m_dVnss7WV7Ld3mmJdJl94y_0xXm7iNZm8pkidSp4TE80Y1rJzAzBYsHq2GsRWPvqziKdfwR3TG4ACxquV3r_6S3IzYNsxeWE1cxyNbEyxztV-oEFuLdZDFUCxdbyWkrEnDBF0gdv4KvfgePvJ5rZrhtu-N71DjhZ7sKbS6_sKzoH6eGEX39BeIlAyrak3jH-x5VlDCNOHaTMHH-aUEYjK2pxWlsKwJGK8rY9IN0iWvdCABURyUiXawLXc1KJ9hvws_sEaPgpdiXgCf-lsO6jrAjNBZdUNQOxUUC_AYa1cZsDE9myXOdQOFGFl9GYWF_6u1HAtjtuxLV_7xt0fMj_yKGxn8gU6QSNxO2AgrsvcxYxnogLKHAnMQQxTKhofO7UJ-ebeR_2RVKy1rArClXcc9nXSHB8akRruKAGBlldISzXtV2v45iWjdU0Li_T-WJt_oRdmSy7m0tv6XIBY15MdeKNpOtBFz0FsTCvM3Gv7swUi_-tSXCFVE2YOi_R4D8AUW4x-hxbU8vSGmEV0v-BPmguXmcz9ueABip9R8c7669ssj3dKoViDypNhKsV-9mDzXVh0tBx_rCDhdjWijWgR40f8cBVOkCgTDt28_ynVTOA-WAsiawjP-c4bm-iZI0_4hZyRv67eMQ0eOeI4OGqvShf9ujPvOFnr11sa1L7KIS9R7N2NlrefGMEdYoJI5Yn0LQjqXggEfGv2RraShfaN0eBLD1yF6d_bd2UOaBFCJJWc5p5rPn1JPxY8YYlPvNlKzVXu9Am3aGIZ5aMlKQmMS12eQDdluhOFlmZjxAoLAsBIiG-pwyed3TSVfr7qn7PwWZu9x8KMNdnzt6FjQiUsRJHQdahU4fOb0vD_-dwcCATN8oYrnBjjST4allpAJZrIVOKrjBElfcGgdpgPQwmJsNh5RPcWQHofi758Yjd76vsSjh4OIqr5cblGzEyzNp1MfzTnCD_ji-dw3jxpSGyr606oULIiTe5FeeWcM6QPvik2ENeoUXHaTgLvT6HCHojCPTIA6Ie9iRMAPD09kRuJgpCKxxmx0dFSnlRdD1ALVRlk9o4KEWx4j6NkenYYxfjjCyGA19_fI4TcsvlTuQxQFdXFVgIf-Xgmr944mwGeWqs_OaWh2Z0CFALWlVxMX4pvHGZ5mX2Mo_HWVRLlZorbr2DNf2BApaFGnkJ4dllOH5_OoDtIM6Z4M6oBEy0Z1RF1ecQqereCazyfH0ETDQ7ipMqecbNBXwYc=,1,1,JFK
Budapest,New York,282804,2026-10-06T09:45:00.000Z,2026-10-06T16:35:00.000Z,2026-10-13T16:15:00.000Z,2026-10-14T07:20:00.000Z,7,https://www.kiwi.com/deep?affilid=mihalymisroriflights&currency=HUF&flightsId=0b7720a150fc51033444605c_0%7C0b7720a150fc51033444605c_1%7C0b7720a150fc51033444605c_2%7C0b7720a150fc51033444605c_3&from=BUD&lang=en&passengers=1&to=JFK&booking_token=HqjUv3kOiYkgjjuFrRqdpb92KZcUFTTl_5FgE2ghWARCcpbr_o7w-I0p0jquTshIjM8IL6csfiq3sPxi12p5jbPK4COtbX2K9TWzOo5I6sJevu3n9nOWgdtcF6LuRKZhG-a2gCwsPGWJk11b9qL2YcbSx876DPJJdn4uMBxg8oo8Jd1qY50GsCGS98d4TWBGXehI2_ekPT3GqsiZXyI1t8Yd5uSWO07ZsbK97tLUgKfNp7wkfGsIKBr5C99IYhpvrvLHlNUqMXuoku67cE-BCufwgN8Jox7S_DtoTn-yFcFgE7hY3tC7QA74tPypnt7DS5mxx0uNbdZWFz5OvCQWGU_yT4Ly4lHTYw66NBm86Dl9F7U9kCvu_DUcnFODnuX092bKgQHpXp9W1IM9Ba5g4rCI6vg1j90xMCs1z7zR-wUkwle1GmWqbIokDlGZSSXs3xyiOwieqRdmzDB3uC4aqyhUXWh1QQf3Ep56GCJ6FbTk0uz-Zlym4gHv7MnxD_6-Si-3MKq-opX-VlxrJhB2CT3QRhaXbjkZ6d95jJSDzzImRSFdbxlW6AputD7hZrCazJ8UbY-pdeyz776Ouw3MSQjBon6j1Z2zU5OjtJf76o1bnQe4zHl_fEJ56dBTC7NbAjp0byOPKSDHlo1Twm02yK09GwARdHxZgMsCpAorGPys-lZxkBI3a1ywnVM3FMDwfR17_bbG5rAiY-UYGOUXbEs4qkQx5dojPBHB1lTLVhzRtODXUQRpixTVErcnYkRB8Kkju_qirkUapgqm-A7gSY9NYSASuR-pKjeYg7QXE4BaJVcWaCL-Hf3H_jVCNhcbcU5y_dG2RX4ktjxPruPYHzIhxuBcMop__3InJp9gxJH814iMdVV0JAQqhB0_QhLTWaIa_vq6jscAmDaDwdnwOSYKi7OHdpAbRqXIy_xX0ZBM1snkWy7HldopSlteW7sX3EpmImhaKAA-LweTAxf8C8GfUyL6SCIef_fOMva7WrPRw_da_XG6GgavDQOX_4wUmucrZRHTh_7APcg7Gd_oNix7jhw3G51nG6uhGKjUdJjzX_1cSocPugUw1mUjuCEI-xJynxpuwEk6gjNVpMEpt17eqkO8Gdfx1BEcQ_W9ZnyrYS3EN0si9MsVL1gE6PQN60oPuIF58UsQbrAbxxZAo2BF4e7CURC_A3dtwUFPG1FLY3LQ5_iZUrPZU0KblRxolz27n3scCZ8d_Q9w1O4wP2hvI0jEFI3InYicKHBUTv0dFew3uf4akZev-7kajha7K,1,1,JFK
Budapest,New York,282804,2026-10-06T09:45:00.000Z,2026-10-06T16:35:00.000Z,2026-10-13T20:30:00.000Z,2026-10-14T12:15:00.000Z,7,https://www.kiwi.com/deep?affilid=mihalymisroriflights&currency=HUF&flightsId=0b7720a150fc51032ee675e7_0%7C0b7720a150fc51032ee675e7_1%7C0b7720a150fc51032ee675e7_2%7C0b7720a150fc51032ee675e7_3&from=BUD&lang=en&passengers=1&to=JFK&booking_token=H8LAH5k287yjIkJV73U3WhXiHOX-pmjTtbjjNktodcd9--QTYFccaetKvA6pBYUESX64oLUzfv1UdPAQHXn34ZmfIyYyCdnxBAmv_-t6jIcgGZNu6T66DIT_YwmEbev88lvpm4l-7Yu3JQ-0ErM6McaSstYR20wBncnFYv-SYwX9drVQ8CuWatoxcJcj8DBeHrKQqJ2HYSWjyM1MOKZsry7bA6GXsZ1ckr6tTEIl62A9RIdsuQtUQTLZTE6N9Yz65CTInBrtcwhH-zuy1NcyLONqi5FnyqJh3w06OTCPi8G0-F6Q1W1ZQ9Os-rK8Bi5CXKIbn3luVit0QK6A4FWQ_u-xADLhhS8uQ8uaKTQzNPb9MWBcyFFbfp-m3nNM9zJgNJvGWd65NscRQPDc6kbkJaaPkTRS678BHHa5XJoBMG0nx-6mIKT63MZImycSLWUXqstoItsx0gjDTcEy-l1nWYNc3oxmaxiRLgj1Ldv1x44FNrGV_jrRjDkndoj0xg64GTINxDIUez8VF44TtZ0lw7CMbETzj7Bbz-7kApCCsJpiViVmidQR8HJyR8nFMQ3SPrzaTo1jkPQZvMgwzngfYuYs0Nim0vSHH1F5Hs-TP3zF3cmMWbfkXmfU7cdCdm5C2FsYVHSzmsf3DQsesl6Cnl67C6MhFHm9tXlffZB1esopZ_lwdzCjVFen3P-y-LB_XZ5nGs8lPimlC_Jcz4RGVuQVpBjTmSfQMqoWDYfZwWahZZKqcr4uF1uGdeblTWosnvt0Otkg-_euJI34zeRf05X63KKH_NrsVT2VxSVfks-5FRLoub6F_vNSF4mb-15Xy48N6XWmL-YTYcos1erZi-wyDwfc-_9XSibdVCb_cedALVvTfPKLY6hehplX_mjedKn-jbk3HIAhJ_WiXFR_Y4gYlcHfSq58vr6WAl2ToELHy0lYhzep2N6aBiXuEg7mF04659K8G1x5ypQmtq_jHHiZ92NFaLAieHWgw8lt2mRbdmx-1kV6_1bc17NHCbqTdhcr_ViFQSvNkwUP8J9d7SkC0hgfowbTBdHZ5JAJyRf0A9xs0I9CAlKPdgthtYi3jrIJuGZH_ohJbL03jBOW6c6bPSyqNV-g-7jkUIO8Z2wuwgwAJcQ7650E1uQxc2dqrLQWNH-No-GtCqGyFePqjDy3pVSt9M0YOG1BBdxuJv-dn5crzPnUSNBklAHpebMngiy9ZKiFSXKMfAUrztDh2tQnCzrLs2kcu2WLzuxlujTRHfmVYacS-_ZcQf9Q26gcj,1,1,JFK
Budapest,New York,282878,2027-03-20T13:55:00.000Z,2027-03-20T20:20:00.000Z,2027-03-24T18:30:00.000Z,2027-03-25T08:00:00.000Z,4,https://www.kiwi.com/deep?affilid=mihalymisroriflights&currency=HUF&flightsId=0b7720a151a1000001aad971_0%7C0b7720a151a1000001aad971_1%7C20a10b7751a50000e5a6b211_0%7C20a10b7751a50000e5a6b211_1&from=BUD&lang=en&passengers=1&to=JFK&booking_token=HLc7R5aPhTGZtL9hfm6vrqQsMZzee1_2sCnzVlOslcn1d_7TqoAy7ccYesCY62nJ_uV1b1L1o1TujAk_r-U0ImddKieOMyRRTjdeD-WEt9GW6QdbQyWaoL28XJIt5NGwA0SAxM2_Nvbq-xPomFwqPuhHyKIK1rqELN7Ha5h3YKWxrCsXCZC6g5xwumNwVtjSuvLZUV1bjXjfILUfBy9FjmdNmJHdwZEdfw5AMR-q-KrN7PvGq7rQwsmReDGhkXjwvDKhPLnZfdNR0_4BGT9OJtw2nEBse2JwMTmt_68a6h5ztsEghKUqUlpVWItwAvyZsXzYh8pLyWlAlG4MZQZtIl-kAL1hWVad9j-2-a9Iyhe-0u24cZp97QkB_5aNYsSBiKlW-lfziN8d328oul3xcOwMJfOeTrvd75SPnumk8wzJCZs_o1TOMtmq1bOELqw39PpnLAyF-4GfvaEeDPjNvw3eFFyzyi7Lc1_1sjuGpZfDmoEwObePL0FmOfQBWUKII_dmfKiWt0zJbzG5hWKs3MvNIImDfDQBZZMh-iYB14BGqAvia8nKdXjTj9jvc5YwdI5234VjjEKr3GuY4vEa-IOTjA5qUERDRWzX44LvwzDxVPiiCSfxrvMMV8YsJkMjj_zrlgiOAIcYkEuGvDwOIJj0oAd-ExPM9RL417p8fHTWbKAH64CNC81rloSrsCMPQ_57a0U3OLFxtg0P32sTdmjtSQYoqmGp9FIKFHN181nRJMmUUH3wUgiwiZiq3gOlREhHitWxclE1HvaHkncJ84YP3KdjHrfLI0Z9dhlsza_vghRNZGtPW3h4DjD78sCXGMZJzCJVNUc4dG4ALa0EsfWn1VGglSF6fZX0L27v2lTcXd7CVOqRoycrWeRAwgSpZK_icpFzOiHQjv5bdtfsyMRDXtowwFuj_SvMNt0ZM-PpZgBYCrgdu79LpDngpBJYgTm5OWwn6xVhftUBgotB1iFnfloCzWchWYkqcnf86tXcOpxV8e2gzAnqTd7Z6Vinv0IXdXrC8vpV6ZdBzhcc7OdjYICG-qjF3gDoqwIyQzlVLdbTuuZJaUS_A5e_xeKFNnOKvfxxnpEwIQudXCSgTBAAA2u2GDFW9LzmroCO2jhIzTbXU-EVYiJe_Z5qWZg0yWFKmE67VQKk2TDwtmNp2nhDg9mn9QXIX7zWbI4_qlDvJ9dYqHTHFEFm9tuSG_E-8OxPl8B7ptqaOX72ycq-8zGw_d0PFPCWjMr_VO8ePcIKnjd8IjDT13lXYkrblqb79T1cTLKPgnVHhF1kiLpdIww==,1,1,JFK
Budapest,New York,282993,2027-03-17T13:55:00.000Z,2027-03-17T20:20:00.000Z,2027-03-23T18:30:00.000Z,2027-03-24T08:00:00.000Z,6,https://www.kiwi.com/deep?affilid=mihalymisroriflights&currency=HUF&flightsId=0b7720a1519e0000dc8b1d29_0%7C0b7720a1519e0000dc8b1d29_1%7C20a10b7751a4000024680160_0%7C20a10b7751a4000024680160_1&from=BUD&lang=en&passengers=1&to=JFK&booking_token=Hn6rgClc_RmibCpuR4OnuLcPdXq35lXMy5b08ANiKH_t6VyySzHFi-C2JElbV4jHJLDCODFvWh1a0V_a0maJJcmWpgHP2wO9BfvyeZwLHOYxc-Achif_TVV6WAoJJ-rRlh6jCT1AY1jsgNXLOn0B3WxbE-MjhxYH4ohHq0s1RRDoFmsKxGd-gTpeUdWYS8h2KHOojbAMtHcHFTz-LXVuwButkdW93hLAJ5DLSDHMlwylVBbPqXchgr9s1GXT6u6jWCddP1MAB9l9GPctIFf8OrM5y6RhXALaqP4hDKvxJQAj-eavgXS0h9DDUDTHZIv7NtxDbaIiJvCr7jvG2QZsSo3rmp849KBPeaDMEAE85m1wSNm6-lc2_SjOudbN3HAR9YmqAYOdP0y56_6GYk7g9vHgl-NgDyV9m-OEfBq1nef2y9phDfzzCSbPzgCXPuULzATETlBFyyxIhyPpwBDJdG9U-bJfYJSwWTd42edSkG47DaparPhNNYtE8T03vqt8j1xUp9DnjvJEBYW7aX6PElHVgJIq1h2NwlGtYUIoH-NAgCmUMtUNxQGWoYQ3EXk5NeCv8t_04HdJUUMFji9YgRouthM7qTvM3PNA00x8s-zGrfBBHtqQlxM5gTnfLIkCSCV7I6tM5cIhwQxAMz9C8idddeKbaHGrUB9GTljmpIGRV-VFwUvK3BNNl9UdFdZxduytf88D-dx6GO13DIsF7HjtUXjvqy2vGabAkqpTlnhexBMC4aJO6xmKzrBcupXFlPPRVt_X_re9WFu6rpROt5L90vneh19M_ZRSwbO7p9lo9urvUKOP3o-iVLE3UmMcj6HHpzCvucWffGwLGD1uEQQ6d3x2_OHZ5Ab8FeWyvBLARBT6TH9H3mpIBuFdyzX5a3qTuoqEa1QFLzZM9zDMO28jOj9YVzftVpncaCgcBS3SAbQtEv86qYyz_-7aPqeUPgGWhKvRAu0ON0MA0inCNX97KsyRUfSIzIaSUjJnl4SSn6CsD90kFto5HQ-pMYSK9SU7jp09WQZgZ73vpQ86hlY4krn8vmvv5m__Juq4t9zjNgJNfbhx4oDYccAbbW7vnrU0CUAKNlu89J1o2nCfkrb74p-kSiva1_m3V0a9PeltdYzBOgB7oufgd4SSG_VmYBnv5LLty179Kn3oHeRwDyISyk0bDSf-Gvp62PMTRVmxkzmTKPgJ78fC-EAaw3Xw6CO8Liz1XfejnekyCaS7ivpm_5RwEHEJpPAupwU-zHJ10iIsOMgglmkmnwRYHaBO6G7j8RBiK3FSQwQJdBOFldw==,1,1,JFK
Budapest,New York,282993,2027-03-18T13:55:00.000Z,2027-03-18T20:20:00.000Z,2027-03-23T18:30:00.000Z,2027-03-24T08:00:00.000Z,5,https://www.kiwi.com/deep?affilid=mihalymisroriflights&currency=HUF&flightsId=0b7720a1519f000061e4f5c8_0%7C0b7720a1519f000061e4f5c8_1%7C20a10b7751a4000024680160_0%7C20a10b7751a4000024680160_1&from=BUD&lang=en&passengers=1&to=JFK&booking_token=HAW_2dPMx09yeutVaeisNV5aYs5x7yb_QWSn2k_Y5Wb8USqqx_cx2Y7lQBKNoppWycW6N_K06hloU1F2eNNYnZ4XeduFiPUvQq0bnX_U8ddAvpG_aEA00FLSZi3NvsXvrxuB3L4LKKNfK6L_7lzZFfHQ3e_sclD2cmxnm6A1JO03C5JecYXaPOPLlCMEVJ6tbP9bj9A2QhZURarlZehs9boXNQtn9reG6zkaIMEqbuYvPOoCzlyOVbOVfFqCS76peX9wUMQSLADopusVACa1gAfRQugB9Ob1oz4b1P1-WWD1DON3riWfgKz5lci8Z6_1k0fLv3x2Hfgcu3I9Sti1BdbrsNmmPMroq6n4V1bgjVfm4zqSHzqY3HO-EloYkdSp0ACtx7z7eXcTJrSQaNABjT9SWEQhkgcsV7XlkQ_FvAf9budTaRGsw38vCKWOSgLhsMWeZWyHjX6njmUXmgEOVOsGGJsaxE-JeZimtjzurEs2lVYBdJNndb3HBb8YbLmC4M4pCyUbkiNaKeAd9mojfzfY-fTxJYMzECa1XQWVRdl_Y649Jdg_fqszVwmE839-CLEjP9OSLa27To5YsYIM-f5P14GtNYIJOGvMyR6pjIn8pagAkh3LsM91oMyYb_Euf3VtQfavJZjX9cblJcksordN4ZW4p8p7l0ILtDCjwHqkocLaegFoHem172UWgfo-S0Chqqno5uDU9LAPAa3sj_cfoIAatUIHLjC7XXKW01zI4Ak_Qcj_s3ikyOHm5alFT3Wn2PIaHWL7RS8QJX9HP6i6kgNtqyqekd0ViPutXfcx5gLOoxPKw8wJenjOUdJvu5Tx1wlCwkkQcPuDZ9JQDjMx_LcNUgsFjOSvyvta4KgbB52gBXeSpYn3uL-u0ru12xxuXyUgvn8TJWz6lXhHlCPykTff-jKYsXibdE_xAYRMRlVLXYfu4cHJ_HM1onM0bdSOdfNEBrausx-rFdpPBbnG43qP3PB1bJkQeSlmTZXA_Ky1Ue_j2RCYzzQRmrsl7GehYFrR5bQCWtwbZKYT15pRduLv9gpT0OzevOnR_X0HWiXySyR0g0SeP7iB7RcNV-Wv4if2OKFQKFjGfAriayXvTTtei_QW8wG6yGW1x_lRJSMs0RdV1gXT9KjT0eFV3fSHkfaACmRr16PCne65uJFpPL0yUwfIT9CtecVt-sHkjQz9ikkcJTx9Vr4zwqDvNmUN-fTwht4ScZ-0wEzAaXpHICKpKsO7Sml2hIRBVDvv-OeNLjfWcrg_fA5ZlqaW_pLovFTEaCqqV_l2EyOcL0A==,1,1,JFK
Budapest,New York,282993,2027-03-16T13:55:00.000Z,2027-03-16T20:20:00.000Z,2027-03-23T18:30:00.000Z,2027-03-24T08:00:00.000Z,7,https://www.kiwi.com/deep?affilid=mihalymisroriflights&currency=HUF&flightsId=0b7720a1519d000001148855_0%7C0b7720a1519d000001148855_1%7C20a10b7751a4000024680160_0%7C20a10b7751a4000024680160_1&from=BUD&lang=en&passengers=1&to=JFK&booking_token=H9OWNclbUOYdh9VBTUvLKwAKa4gG4djFEmHw7h07ia5cA6xHL7W99dCmzCw-OFmJ8JjW5m3R9sSoOkyMAiGvgseq1r_m3h-KZz373qn8tgOJOuPxOxTjQInskvES1fBzJaWqMaQeIE0YpOtoayuFQYqPw5gYoTG3nriVP8xTMNspI46pdbiZPNCe4mYGDkLpx8yle9YXv8AvpMiphTdE85mHwJJARw94RXkSUczdCjbc9kVtPjb4MPJuKYo3KBAw5xvSD_5BarkdnwA79pQRwNr60ucjpVXi7vfy6yiUoXN3aoDRkt3c7e3Nbr4rwwfeyUPNZHUXkfqsWMwQ5X_GB1TzUlsN7PzugwohFkqU3jDRuENPzSA00QbkycyrE88bLm6OGRu5vyzKzQ3ud1Qds1YRB6WtxhMcORNvb1Hcy0-hmiUY6S678lBbygLPUyMGnCRLITwUKJNqekAbV2c4yJ-Gu6WyZLwY9To1F5VCmWtxDPxpE6UhprkC1rBIfHtpjCjcvKlOzwa3GglshFG6CdUNvWPSvudBYDM1o0bUEvzn2jG5ZnWU8o3os0-md9W1TcCsBQnGA3tZvkOBf2nIhKghb38lLPnf2KxCNWtMjmZG_yo32fDCROWoi_FkJDuoKyFOKO5zdqhtMreael9Ndw4uLOhRd1_5-fMdXzinINg6EKR5Sm-O7fCfaSpcwZyYSxgzHqXRu7TKBkB6fb_YZvxHcfUJH9ipn99j3UmhO_eSKdxQUCaXx1u8QNkj9PziXCxelNq1JfuL44YfI7kQwLzBB4byL0c_acmmJbMy_7W376rOM8P_EgNgsttEHumbLAyizpeGfjgmTvEbkZxQTEYHoyZA0psnohgV4QaXLSdMhMRN2HbB00e8QkcYmq5ErWUUJ1qNtHFPeCpWrai0JTie1b8y_V3p7A4gsP-YaAa4-JpAHHfIClKtCXL08TqLx8vFCG1gxZFEOhQ2s-mbVwM6HaCLpVZBrlbioLio2kunA9SQ9w-mh2xKxN0KPNog_71NYZ0QmnQXwafsTZmE9ml7wU1FJx-lM-uh_hq-880DY-rWgFT7alBtSY8H3S-bL8AiquQz9n2Fq92P788USgZs_DSNSImoxbP_25jU17uFfRhtokuvRyzCx3Ir8U9cBJDvhiFtRuDjN9sQE6gR4uabEe35IeHngwpX7PJKMsA8ufDf3IZaAT4xZBs8Bpw0w-ZYUDvKqgy-jF0w7JWf9Zzt6rsquq95Eg_smB34pTw2Eo-mJiphfMI-0DLkTB6lS26H-YJgiXArURhGduHGuJA==,1,1,JFK
Budapest,New York,282993,2027-03-13T13:55:00.000Z,2027-03-13T19:20:00.000Z,2027-03-16T18:30:00.000Z,2027-03-17T08:00:00.000Z,3,https://www.kiwi.com/deep?affilid=mihalymisroriflights&currency=HUF&flightsId=0b7720a1519a0000917c4dee_0%7C0b7720a1519a0000917c4dee_1%7C20a10b77519d00006ac8666d_0%7C20a10b77519d00006ac8666d_1&from=BUD&lang=en&passengers=1&to=JFK&booking_token=HVLTXLzXLhy3fZ8LNJvbqz4LKwUmtq9EJJTBCOeVzC8HbVpqdsVAYlXkccVfkbE2y2O4uc6EWcgO5pmP-FIktpp7S--rctcCQUDYhNy1Na35ZknpjeYmc0Qz6WPVbe4v_lI5UcW2WfCyNxYig4LOIBheAQFYjmNtmakgOUb7cMK6D7SCQ1AU_VYIMitiVFo7NQw4Z7w2UqnMBYWtnNilpc_xesHPi31drxm5Oo50V_DGC4eiCQbtrqPYcoDUctrN91Qzb1f8YJyWJkOaBQg9XTLJyPxgkzmovscrQcd--N-CgSWUwv3d388AcTOSQiVMYTvrwWYgRir66B5qQb21YvvbEfHYL_JdM-RkWP0nnVqAXAp5gi1fCAAsRwVCE8junDihDC281LZ-Ehsr-FiePM9pTXmjpqPqGVzf3VsIblsfwPOQPN9ZPl2-kKx6R8tWCSu60qTmt4ZJPxoSqlzTZmnWTro0WRQvkJFyUlBsK-kQzF8zZCxgzSv-KrLJE7LgLFdjRQFRcS9mj6bk6nYogN02x3V8wLidKJW-S29Xuwy0hJB18GWSH-4K4zPQ5t7ea7hM6Hh0_pT--yTz4s4ejVfFb2zgHrWQyI1sAsCVqdD1wp9ihzWErD5mY1Xs58NtYNu-0C9Mn-gc3wdJFj8iZc0pMcBWQZem38Ak-GymSYLZHBkQJUPDJeziMkk7HcVYbbiJytIC6-hqTjvJtoH1Da9PhjKJFnZTyh_Lm22kw7p9sB25Y2MhCzhUdFQ2TMkO5uiZT2SFZqxs_cT9W0SnSnAZIwngL8do33r8NoG2NaTnj88ki5H3OrYRAnu060chigohQwBQx0pm-gYW8xpuUzCN1pazxYXgnmjAf489HLaKmalnLZMDFEW9MArgjcckyTK84VFn8VUYwthmdNSbCG-s7QovMdg_TN_nvPR_PxTKB8VReI5BvLXPnxnNf8axEP2ScuLoS-UZYJC9Y5zAaMMjQtHlBVC9XYwg-fS7d6D3AkQ9z8wYuhKOxgOE0JJ2Byw3VPT6Jq0MtQlxUJ1p8FeaOBG7MhTIG0NVYrzBJLg8jU4513ET5okEdHc4FMtMujivw9NKfZ-5hgVpvP2GN9SjG6ILvgJlGMCNpT5bDDG58sDLH5GNjahTysweXkit3lGrZXgzN5Hdxdp1f70rfkEimbNEWsE5q2QxdCLtT4yVrzg48zkTLzxKKDUJ5yq7IcTwf9hQBcKTILKARp3Xu_3Hwxa3jjOg_pwRZyU4wz_rxoZrbQleWTKIhKqgvYg9hpwkPLoxQd6f494WY3dBDqXgOrjwFGnfVEKJvHJ6G6tI=,1,1,JFK
Budapest,New York,283017,2027-03-19T12:40:00.000Z,2027-03-19T20:05:00.000Z,2027-03-24T18:30:00.000Z,2027-03-25T08:00:00.000Z,5,https://www.kiwi.com/deep?affilid=mihalymisroriflights&currency=HUF&flightsId=0b7720a151a00000029a3c01_0%7C0b7720a151a00000029a3c01_1%7C20a10b7751a50000e5a6b211_0%7C20a10b7751a50000e5a6b211_1&from=BUD&lang=en&passengers=1&to=JFK&booking_token=HVgnmCf3oYVW1EwtGFdRudoK4NoCFsEJN53t8iZFwedBtv8URmKQJ40-izwds0x1x0LjKjUDTtTN2yd7rVev1vCwxb61n1tRncimJROwW_-ur13wsTsoTKcc4wYp3vqB0a58Z8BnSSl8IFQD29b_MFp6iXLuiPdFG6mQWvTMXvs-JMprkt9hH7xoDC5n15k3oFUpCgMkA9eOMMThGbUuM-Fe4DDDFV0F64D5AXPyp0hdhFF1FqzybgeToVVxiJFhcb_CJEdquvLAkW427xA6ds-5NcUgqnYAK4xHN9KeEm1xhdlcLU04XZTLYffth6PxcQmMjmACx2bttfpWFlDa3-ChTU3kBGFCAD7ujSzx8XmTrrql7Xym0P0vEBzY5xU82Rc0mY5I1WnEPBvuXotIrGQkPWysu022z_LUUCEUpi1vezs5pjNl-fzuAXiSJY7PbSxmMGQziWALAS5fAmOQVnLE4aeqG2XWQfVk2wm4ewZW3oE5cLjM5TDfQc3wV_pNYHvzgj3Whz0qUGDWF_3nXgxj14-iMxyL9CIe037UApDWIZmwHy7I_0QGto3KnhCQwgytq5YNwHnvbgMh50snMl5blDc45zWFzomdMT4_NYMDrOSPUUUIdsfdWkQ3aGeQIAY9T6XmqB7l22jritgwUOLRIB6_8TB0lSPEz2oR8udKG2U9MDgBAI5t7MxBSBl9ZrWHaqsEOBh4ixKa812jaUftLKUZrWyTteyUP--PjtvTnOrro6M51ExRjk-gayZ8QZZ7BsvWG1qorB6ZTGIBlfNqlmmzfxvj08b_EIrtZ4_sg5X1kMZZifdCwrom3GpUDSLwk59Ef8OT8pdORV9DV3BNxo4YLtIE6Il0dqXq_jTCHt5F2OUG5w94X9zGsShbdu2NR4Vw_DSWU4jnHQ4SIK4wR0gBKfNlxvd9aBjV5mbqgla9o0nGDQi7d6-FDapKkWmPWYg1LX0Twv-inMYyFxQoLNUHhK-ZJ3s9qk94RZzOBa-Cj7ejabhVTjV_IYNk7J8Hqf6yUqB7F1R8yQl5rAvQ2eIeK16JHxjGHx9I6aeN3sv-LKpOEJvOn6zG6qSFMa9V-p_UQChIWIcUcho9VzR_qjKnmkygEJ7eGG4szQ8Jmc8NXST6HwQsrXsLogdi-l3o56oYg5C6Bf_5bO8HMtADczKk-LZFMdw6tmnVNs_glZEVPrnE3OA3-08pJnJj4mpititbUfzb9BE3zC_i8QJ2zAr_oDAxJSFcK_Ulodd_k-g8MVrAEsi7GA6kqbb2ujZlewOv64AyNsgCOn765GcX1_-qJOE6Bstg9l7bq-Is=,1,1,JFK
Budapest,New York,283069,2027-03-19T13:55:00.000Z,2027-03-19T20:20:00.000Z,2027-03-23T18:00:00.000Z,2027-03-24T06:15:00.000Z,4,https://www.kiwi.com/deep?affilid=mihalymisroriflights&currency=HUF&flightsId=0b7720a151a00000b2715de6_0%7C0b7720a151a00000b2715de6_1%7C20a10b7751a40000b522753b_0%7C20a10b7751a40000b522753b_1&from=BUD&lang=en&passengers=1&to=JFK&booking_token=HSe7_amNK2cICaEH5dPd_NcPxBjarUh2pEeL_olumHnit0BNAcXm58T2qmV9u_FOUnCdxqDlA5Yl46DmsmiG_66vza1lPbWGDy1uvqJ58UIuARyB9Dj6KySpuav3cFJ1CDer5HJPR2-Ohj81bekXU7JajWszbL3re2bjinuUwHzbmDp3vdqvNGRNWYli3wPbfQnEZzwDAinm-vZH7w2QcOfKGtblkq5KDnpxBupZ24gY402KuJGfYuIP-xb3ozjg4JvD2Y705IeoWy-F4tyyL5UZ5vCLdWYY3_UyPJ2PH98GXu3ecThhceL_L5oa1d8B8CXAMjUsN132Mm0TsfRGCknMbs4rGUb7ts2wTQumvWmMSiKqHc39p0nW3NFgK5nM6WimNCMk_jefMlS3S99w22Z_6GTLrFGz1Mb-PeWx4XTnXix0do2z5w5f5EAmoY_Y8odO0OkzAfQYk1uIFOPMHQdBKcTg6PrNpgxpxpyRRQI5_95TKvd8j0Txes3VY0zBrcRWE-tiR2-2WJzoFxhLlI1Uu49Eobi-aQ0KVnp_79t7GCaC6i438uQMHz90cAez-ZA-k2ehroidOX7i3GbRakx70kEFH-5fYIoZWTPjtQlPX0qfHibGHHQJ4DpX0Y6Fz94mcvNmQD1GhTc6boEesyKwSrEkcY4YGEIMdxSbdhwUBMZghFE9KhZyOjyzqTv_Dre81bhdqMw9cudYqDqBnZvAA9Y2b8ETKz0He3fbd4OG7Ge9M0kk9p8Y4Irg_coit6pjgdjPJKHdFk6SHX3spYWDUOmFus5xJ_Ktqo-HKpqBNqKctwGeDXaVVMrHEpO1KSxOIZEUT_nUWowWG88ilw8sUgdbcIn-p0II1OpIQvV-dyCEu_MJKQpjkL4mvZbj4B08M7dOSyYalaURkst9zd7MgI0Fk6vRrLZuvKxbsOv1HaMWSvMBvU2nBNLY6VRP6aZpJT2dm2ytFYu95jxRyslYA0xbIhtyC1JWMXvsRcy8LiRGPp95SKjCH4d1RNUN49jShSTk6e9E9cCBfq2ZMOtNhuqKhBS9zyvOWOXNpAYe2VL79tlML9gcIzucDkp3IzGjPStsosuaCLCDi_HFImU0sMWY0eIJ_oAcbcjMLG0-xPG94o5tTdgu3DaOKdhsJ3ndEfMuwUNOCGMobM_cKs-Y-fxI8T-4iNy7VvDFqTT6M1k7FiM4RTT-1YwW2vfu-sfeXJzZX3chuLHp3NPHYqT5KwJy59DTXiAB4yQwZxTOrf-yW_0XF1R7BBw5D9XwYBXBkZ9aZURHVFBOo0wAGXg==,1,1,JFK
Budapest,New York,283125,2027-03-20T13:55:00.000Z,2027-03-20T20:20:00.000Z,2027-03-23T18:30:00.000Z,2027-03-24T08:00:00.000Z,3,https://www.kiwi.com/deep?affilid=mihalymisroriflights&currency=HUF&flightsId=0b7720a151a1000001aad971_0%7C0b7720a151a1000001aad971_1%7C20a10b7751a4000024680160_0%7C20a10b7751a4000024680160_1&from=BUD&lang=en&passengers=1&to=JFK&booking_token=HQZ5xZgp32gNhYIMXWWoolcTBFc_lpX6stkCL2tkEvciw1qd-K5oxDhQD-GyTpjj1cfrlmjExby9b5oYkpSZcCXBuqqpPA7Vo02SkalfvLiJBCKrpubVlFmkM5VBJ7HCvN74GxWPUMF_nw7gLsmObdo7OuTWQ2GFUNTkrbRKLaTrljov54bMF0V21JmU9PuQuWgKixxqt6pR_1lpgF8Z4Z71MTwV_rLE0QuAQaX-iVbUhax08K2r332OeaTRWo6Ud6QgPolV_qw0PJ_08n41N3cgEqBAqrH0C3WvGa_AWiKjPzXcknxVpKLYapV6IM2k7dnGfkiQ4Tq91HbphBZKOU_5Y6f6cRmGvvIVswFg5w83RptyANHmRh4KgqTlQam8UeoJaRiY97A65p3tYS7TZq1XjaEtnI499dSJU13xUMwuwY8pPa8R2TsndTCPSUp8JDqFKd4rSM5QIXnezP9QLwNWNLfV9UNs1dyCgFBiSzU9_TbpS768cSRTY9Ph_72lxgWAC6scKzRFuLWDSH4EtNNKbsy4jB1X2SWRndXh_PPIjU0_SuJzAl30JgYu1MiwFbw_jeGqT7E-dIXcjEvmuA8xK5tvn-NkfG03f-ML6AT02d_-n5iUuPM_hm8m4OZsT3_-tgnpRpuVY-8J9s3Ck0Nm9KrSQeBzRaRXPVjK7ml0he7LC4L0utv3pRj-q-gO01DBToQCjICY7DLkbq9Usac-k-2f9J77RZ34EhxGNlcAZ1HAcvf_o0ja9CyfKKTIKmCM32JO7gWi8ke0Rsc26Xtni8RISyTX5lr5tjbvelEwc0VVId3VNvmPMJrbAsrwQ42N57Fb4Z3tIhx8bYbTsfNo3iDrhn4ATcwxzJpjndm08IT5TyudppO2DCUIimlBFzW9BlFFPuObhTsv_Hq9EgP01x7zOclrX4j7X_uY4L0CKGe-aCgDtAYZ1p57iJCjlH1tpNYf5ftAEuU37G9XD3OVw-6xaIX-tlaAjV2J5YwI6rWjuLDJPkWeEu0SwWsnXOmFPv4M5wJYH12YUdCMKvkTc3-pSz5_RcqGMvzkajzXWm0eWz9HlyotWBwaCJW5ZfARoQX7GeQanoVgH2_Ytm73ji-1WqXSmU-ApDnkDmsaz0vXlE4A9a9_NS1YH-pZXw_7GaPrp9B_LI8f02qLsXHHYlXAJIrh6MUS8qk1D9Wbl0j1d4dhpD57sPSUdFe0S917BJMlaloo4ED_ggJwr4IgPQDIGwl7RUc2mNl3IxXEbdtGCfX6fXQ-2MNdroVk8mpdL7OfFjCCza3nFvaJGTQ==,1,1,JFK
Budapest,New York,283268,2027-03-19T12:40:00.000Z,2027-03-19T20:05:00.000Z,2027-03-23T18:30:00.000Z,2027-03-24T08:00:00.000Z,4,https://www.kiwi.com/deep?affilid=mihalymisroriflights&currency=HUF&flightsId=0b7720a151a00000029a3c01_0%7C0b7720a151a00000029a3c01_1%7C20a10b7751a4000024680160_0%7C20a10b7751a4000024680160_1&from=BUD&lang=en&passengers=1&to=JFK&booking_token=HqZHhT2xJk2TCfdPXWaXksicGt8TTfAS7Hwm5HPg92nl1eqg45Azu2hCzDN58KaLhuJyp6GHZpOjTiKocIFkPfdo3WHrFHGwB2qARyC1vyaUQMLYd778mV5O1U6WPXgNWTXcoPLdaTHPK6r7llR21-sXWqy22pE7Y5iLC26NKaZuPQ56Q_WP3fv88-RVMmS7nOaKG2u-Tx_Cg_Z_FUGVX8mxWb3fB8e-XpMP6Jly93JhLItQo4ci1qM1WMSBYQWAyGdjg_Hvb0p9Rtl17764PfnDbXSWBwxmhpkQb_MdkngLsCxrd07QsmD0YqXM6SRdQd8tBXdXLAx83ewrSf753hNeIwSAETmr3z8aaA8NZemONFPlnYyArPUv0cu3lwU395WAqBz_vbmELVqZUIFote49S2rwJ_Jz18zYQEjT8C9Yy7NYUhoNhuhx9wkqkAK2PBctiUDLMsUDQgzLGWndS6yXaC1BRDTKBWruMA0v5UM14Roa0RzOm1Eh7AhDGNsZOdiI35g0pAKxqh47hrqkHXhbFjBlm-RWZSwF-SPu9TKKDp4Nxie1p1fFEFXPKfbGydtSFLOzrao-wRs_Ba04YGlEyGJ1AhTPvikzxqqsokGdXk7czrnqk56J66--qthchFaMYuxnRPLk2m8EUI53--sty29Td5IGtMr4wGJIiFVfG-_Pq8gdwcFGG3ahKZKFfFIt67Ss8JTcSTonoF8iT8MpgAk1ilwgq7hJb48za1tQrsvZMox5FntEKMpVQR9Gpcve3RDHnNqs4LM8cgzWeuBeFB9FAeWh5xAGlo4lsl9-Gx8swsnLI1vcyfheBCAh26avZzfvqQyTlt4u1kX9XFXvJjlgOeUIQ43dKXSfO7vHpsv5SiHQ9FgBDPQzP5JlQ10YW4R208KwazysCjvZq3uuVniz-Dh0MhHGYHl6xeaDPEZCH0fVWxiiCX9bNq3WpWvLd07afOkB9q54NfmMJJsE3fd3zbECdPaJieA39nRBOoz6WHQxovo-dy17oejqXHikc-8sbAhJYhulaSfEh1i7ItgXfIjhIrGDJPPIlgbPTbiTDxSB6p4UJdfyLKoKZLeiDjvzuzcnXWjdqOT_qCBvbEOLWPNU444HGBI79ZXuuo6G3WbWDcgP-umLOVlmQAmfSJ1A25QVaJXiwFCFbgD3lRswwx_EtSJlmAC0sslwG-yfHMdHBVb7B_ZTD9c-JKEG-GuZO4BpeZ_sFf_RMjN_HelAsTI3ol1waXViZBzhxK3vziYhP2vHVRxyiyiRN_4i7ah0s1SMSfj7cEi5onx8GRbg_Ewn3-JdAIZfVM6c=,1,1,JFK
Budapest,New York,283646,2027-03-16T13:55:00.000Z,2027-03-16T20:20:00.000Z,2027-03-17T18:30:00.000Z,2027-03-18T08:00:00.000Z,1,https://www.kiwi.com/deep?affilid=mihalymisroriflights&currency=HUF&flightsId=0b7720a1519d000001148855_0%7C0b7720a1519d000001148855_1%7C20a10b77519e00009d4266e3_0%7C20a10b77519e00009d4266e3_1&from=BUD&lang=en&passengers=1&to=JFK&booking_token=HPCccGzUpoht1ADd5JDSmdTyg7c7-9AC5sjZgTs2urONjm7FK-NZdQV8WZswzGap376EbELAFsnX8qH2g5GGrSYtW5L9mkjGa2rksSqc2UybiILoP0k45IuA4k0iYx7fkzFnsKCHevM-GafHAe1DILxUE5uQNrdpvxejUga_hfWQl1x4OaG73fd1ayGnqt8N3DPGwAna681y6CMW50EurXHiqU9YGJ99i2A4iSZtYWoKogAMH4QqJWFqOKzPlo3EM3DDBqAZbcMjaqq7SxyDxZDnMHxKyD4C3nOhWLdZzljq8vCVtpZ17fVhPDwq1Y6uX5hrjCxXysgR2k8QWYaddtMGezoYEmz_99QXfqGEoV465A43e3C40RJrEms8nha6dyLV8RPRP_uLVMV-LUrDHvcP_HQgNpjOn5DMgbZl0PfD_s0sLYZgxRlCq26LeBGMnTFRyXK-mQVDc4T4NwQeIkaYYcQHCziBH-uXZFPiiqY0wY2W-R7bkzgPzL_NXtihHsuQfS9u9UaK-zqdzstkVON0FqdlE5QiVE64c2gL54t-I1DFxJitcMf4_42clrfwx0o7EFurMC1yNZG8Ov0JkbVndj0Gk_Wcv_3f3OJGW5sLa9eOEjzHgQloHqWNqEq1676GEoYiBfupDul3KdYQw5pFPOJPx-M9Ubfog22ls86KmpX7jA_FFyJ9dXxRejcLPgdI0cJw_AMgjg4QHTm5NWM7FBg5NXz4MOodIICyKPyIDP69qAjE3StVc1q3d5NtymQQJQcOGe3XKO1G6Bf9afwUKcitT_fALBzZxuRAgnrxinfCBh7Q-YK7IzFXS4K5mgeaQgFVN33elTqBv1790jc4G2dHqFljzF4Xq2YdxlFfyG_6aDCIVoVPNPYlVhCRmQ8_yE_EqGbLhBW26KnXK52WKcA4_9VRFdh-mvpCmMGU4sDmUDcElNLD_wSrZ-f4yjY6JzrqTikjDWQioBQXJ5_Q3GeQauDCySpegqUf2pxVhry1r8wU1kgZyjH6SU5nvFLHO03JTRwXFZZX8ecE59Qnd6CO2_Imnk_L_X0cGuSqfJQfVRVRyF4s9F7WHH3TleWqFLVW-PFLMbOkJzcLUfvlqXVAs8_VtEBE3BaVdWqv83wspuuMlWVImPlctWGd5UF9avY2Eibx02nP_plTeeLe0el6poLNC9d82xozwSVVUWN_27S39QoWOh2hP2oJh5-CqRUgTTj4_lVzY_K6-wvbw6xw-9c5zHIk7KsNyS124teUF7xSUFKOv5zXkQ9Hozy95nBi77_m8q2tgfpeVAg==,1,1,JFK
Budapest,New York,283646,2027-03-15T13:55:00.000Z,2027-03-15T20:20:00.000Z,2027-03-17T18:30:00.000Z,2027-03-18T08:00:00.000Z,2,https://www.kiwi.com/deep?affilid=mihalymisroriflights&currency=HUF&flightsId=0b7720a1519c0000f39f64b3_0%7C0b7720a1519c0000f39f64b3_1%7C20a10b77519e00009d4266e3_0%7C20a10b77519e00009d4266e3_1&from=BUD&lang=en&passengers=1&to=JFK&booking_token=HDySdsVO1NkwyEejTGw-H7eu8xgCv1c93pNGE7fvgRGoG71819FZ4zKkCdFjogFWQ8mK5YIT-x4DzYPeFmo9UlkcwZ5lblra-clYskcV6EwelqkWYoX07NF9VhgNEwP36Eevim2OTqaiu7Nq95Az2SNeKi6ife2LLz7W3lVU3euhfvkar0BYpJLJcdSTo8QiBJeYPALTJCT9oZhpoAf48vrR841Odzpo-AxYxYEz7-j7gekR4_R7oJEbgfK0Y7DYfKc7QndC2bxGOd3LL2UaUdDEKww0q-4WgIH2SkuMXfG4usK3VxKmRc6MLeHIjVbtA1FLoDslIpMSnjBb1b_2TSnJeZ-1MdQ7Hvm5tUrarHyGcIB9N3atgCpvJIwu0k2P6ZUnnzpn5NMuOc2hNTPSZY3no40vj_cdfPWUsryRaql4TokfwtQMm-bWqr5mhosuFn-eLA2YY5pFNpdZLUp4UhDcT_di9QDlZN6H9tQPnWWw4FmML6bOayMKnWcbJ48Nz-288Uiwr0eSURt2k6r56I9v64tpjvEDOXB99gG-mml-q0R10VnfVTP1Ku4uNV6OFXTfs1kLMgLTrtRV8Qwu6C1Lqs8rK83kuNtedDp04HE5jfG-VfTUHHWSiCK8Rq0JMoTtKIPFQvvjODS_pb3MgNCyLiU3jp1pyVrawH_y8QAUFn--zd1n-QVBMfcEMvcXOrNqyJpImjWpeLfIzrkhoApjfcZ1qEym33qTqjhn3UeCaNCKFwjaJjApCoSgJ0rq75W2g3qOG_kYj-qP8RxucjO5YKg9iPpI_hmruA3SF8f0SzBg5rAGRU2HaXpvfL9rt3cdyZO2BmN_gL4eHTHrY8K0a3XTO8gwy-olAn7IyJvyToehjANOVyXJMYDS8nwns6DiasCJNq13spVGoiMrmSQmTIMffQ280p_Bsn_1a4muO1HPszT25fM3wpLKDTjvIi7Eb3aczOH8G4dq74uJijS_GHAufcbdJslNcR5U2PmfClma6hHuGHwMcAO-lciWSVOOtF36t1hEeWmUpx7i6Qb_e_LOFoa4APcUBrW-Lz_L2kuaYAyR0PTm7-_fm3ceaOLvFhT8K70qLCXgU-sqcjm_aWvLQcXI5Nx_l9eGwK4XtitjHEb4WAwPQmk47jYUno_Y-Xmd4esN6nzD6y6ruxVWJtwi7VSY83smbiGH2La9Ep4oIG-HzOPw87EUNj2Wz0iowz7LHM1znpLa9P-4i7y-UJVINgT6Oo_lLpZ2rxPjuBIJDx1R2PNvrmGT2Hp-w3bGy9ZPm1uYDRXvqwUk9URh9cGBqR3YROFd_H288bek=,1,1,JFK
Budapest,New York,283779,2027-03-20T13:55:00.000Z,2027-03-20T20:20:00.000Z,2027-03-22T18:30:00.000Z,2027-03-23T08:00:00.000Z,2,https://www.kiwi.com/deep?affilid=mihalymisroriflights&currency=HUF&flightsId=0b7720a151a1000001aad971_0%7C0b7720a151a1000001aad971_1%7C20a10b7751a300005cd2b5a2_0%7C20a10b7751a300005cd2b5a2_1&from=BUD&lang=en&passengers=1&to=JFK&booking_token=H1eZ6uECZXwjWUGPjllSLXXcYHkbttIYmHOz41LfmWqKOF0vcy_ThRoo7wvNOxOvzW-UIVF6BABuVAKl7arN40whunXZpIpdR1JIkBETp6FNe66zxt7YhEJ1Y-vkhzz1BNfts6sZ_gKzpsC6MVdEDHC2Tebm1ZPaQFebMXFpkzr45WIsb6BVJncOq5WRw4PL7uoNdleL6rsUtYehCaQTgYWpRwjnLziSuv9vUpgz8RZCyP40aFaV4Z3SPAzoNTS98uIn7JGf5xo_JegVr8bB74iy48ynEW3m_40UozHAn2kzdH3QOZ4I2D816H9QVCgys504CBRRBr9ZO3Tuwq5oXQ6d1Q13ZqqxTvJPQq22vguOtedTOh-ZdSeDDBzERMxgwJPBBnKJenRQhK6JDZSu3ufylp2jA_fMWHEGS_LA4dzUdKD-2HheWRRkSAoCBl3uxkkVJEOVS3mNeiPFG3Q9pwl2rz3I9bP4E9BPoGvZMbYrukeAsoNLEPM3z09lvTuHWe1nT21gM8Umm_HMMGGxG3QB4J8eu7ZDyzJrGbea5ywk6ThDnbR5iwaKmgk7PR744eW4KjYa1w8IOeAjW1L5vAlWZV4N7vrlLm8311oQlPk1tBIEbiFf9yFUCiLLySHe49VOlN_aE8nkS3nHdRm-TWgY6HqT7shBDjyHKR_ygctqta94K88aRXsbuLmItLt2DqLMePp8_0s4buKBpNbn3Z2ginjSI28Yu4nAtmmYsLYORdkuXRc8lHL2cRDu7F1SZJ2srXpruFQlm32OHibL6WgPRJqQvjjbAmXPeH6CgQveAAdZZKWWQgwh8wFb_PWKs40qzaC3-E4o8seL0bfWKt_i40zxt7KJLwsq9-yoDojTp0xeTrxAMkxOHOaSebIxi3UfQkaqDNYySSLzpUFEtdrm2F2OiaTy8P7nZDUdtuWq7KyVILk3gUdeGFU09D5mZUR77wVHMsZDjOrXT1WoxRyBJipP36uj4jnB67lk2UbHjHpbAhxCeoLS38o9nvo7bw2Ay15Ud5HRjHWwwX8fsb2sVnfzx3Vit3eDtYLpHLaXKEujrehABNBkV8V5pEY4nLat7TsjuLoQre14Ane_By0CaZaifijvSBETyC0bu5ZmUWz6ZXvwMtS4JT9e09MYTnuv0BIuPrcWRrzO3Ua_I9JvQyKIsWdO6aiw_mgjupgK6sRHILKTB_3JP4u0E-GxkOHii8b8cypm-2JFTLLuYZBvsDZWw7yc0NQhkqDzI6clb1LL0J0F809LR__HHqCgUSgmGMslsOBtux-mJhE9Y_g==,1,1,JFK
Budapest,New York,283779,2027-03-20T13:55:00.000Z,2027-03-20T20:20:00.000Z,2027-03-21T18:30:00.000Z,2027-03-22T08:00:00.000Z,1,https://www.kiwi.com/deep?affilid=mihalymisroriflights&currency=HUF&flightsId=0b7720a151a1000001aad971_0%7C0b7720a151a1000001aad971_1%7C20a10b7751a20000b9364cf7_0%7C20a10b7751a20000b9364cf7_1&from=BUD&lang=en&passengers=1&to=JFK&booking_token=HKnB1pO1Iyd8Kvsj2SIJ7qZMw58XI-CYMUJqu1CeK3eAbGqsNPZiB-TCYePgpF1Mi9OKn9QG45rVwsawQY76-GU1kCsy75LTvQWUR3B5xyY6fwFlnRQW4KgvWytnUTuXBPVizoNRWKNu-EqcN28CGpD9PBYZPWibD5VbAbeRtIh1mSXMTEhNMrAu1YjZh1Un9IrfXw0SnpsT4ptXEdU8moEM2LzBOHkkNsU5TdKSQAllWNjPgm9HnTwiD0ivvEe0V_4U6-wg6Iaclu6YNMLHEkUo8OyRFbmWGrxmogJ-mUK0vmKVfL2LjrVfmfI5Sx8L21XC7TJ4-j_ptCFZfc56o9KXTg0DaUb3vgkllXRTScl16UK3lXBzgKZqZmMR2m9KHIWPcpcvwto_Qu5msjHILC97-8d2ttP-I-gwWoHyTAiB5L0c53o7C5iXf31YqYbVU3Ngy2WbHSvgQCfvULfsAiHS1mSs4WrlRr2obmy4zU8kDR1RLhnuTegEWzUksfTIC1gRGnBHHLhH6K9DqiZU_qWZhMCjpuZzQyzr4WvJRQGFQ4ojK0YrDt94Hwu2TbyLdFQz-UEA32YOwwOjX_6N6WC6Sdpzg6Wh0_P8QvRkKO9fVVzm4QIAHCvP7zG4DymoI_J30WR1DuFSWkud5OP1KXPZdXR8JuB4iJSDKBm-qrZ9peX6kiPUhm_H1QnBSq2SH4xslMdrWwKc2betRwOfMhKUYLuTi2CfXrurUh8WXzj4SOfnJWY8Edylxun_w-FcRK-yMeyC-Ncp_1ONAIagoL7iVcNHOsuAgMGx62un_7WcYpM1466lQomAoVCbhrEnW2vRHzh1kRUuu9_X56AzrtTgDq0Xx35JtkWUweQE_Hpaby77Vzf2pBHLnOyVG5-CtdIjsLTeQn_U0w3pqWd5wWufFvdkiRkPLfNvkOGJ45LqkdJdKo8zhj61_1GLk-2hEyBO_G0ZXQg08isM9eGluKv_04s461FY_TbUuDynDzKfDbTwwR63iEpJLlNHoy6rY6OQAXM6vCSeheKVv_1OdH-TG8pdOszwz7gXuU0q2wtWGPObHrB6BHd9cVN0ErQUgeh3rKjyFPUFXzZJWelne0UOV5NpAKXSLQ3VO6tqeuwHMG4wsGpvATPBD7SAHtc0zc6eUm-fxyExD55Hv4l6jmy6LZ4XhqYnhbPQdwBztRg79oGlz5IJ5A64_w-IequZtoZwdJNFZGwE1DyzLGf6NUPHW8yytq-05OncMCibYbfbQDvT9O-aDZ1lhF5fNiXZsph2cQM4IaU6gD0-6RPDnxw==,1,1,JFK
Budapest,New York,283867,2027-03-19T12:40:00.000Z,2027-03-19T20:05:00.000Z,2027-03-23T18:00:00.000Z,2027-03-24T06:15:00.000Z,4,https://www.kiwi.com/deep?affilid=mihalymisroriflights&currency=HUF&flightsId=0b7720a151a00000029a3c01_0%7C0b7720a151a00000029a3c01_1%7C20a10b7751a40000b522753b_0%7C20a10b7751a40000b522753b_1&from=BUD&lang=en&passengers=1&to=JFK&booking_token=HAZ6iAEMgfMP8EMJTIIP9zRcdiCvFtYWRyTP-FH64f-HTV0O2brHbNxL6I5LSnhjM6GSLh-P9VtCF9fO6BTG5UeoWkpUXNUq7CAgepPCHI6Z1aBIDLy_Q6ZyeurvZbOZ_VPbaW_MYO3R0JqC53Tb_IUxek_A0usnE8Cr_2m-AvhYVAqCSVVxa3VFe83YtQWhmBhINjHiLjonYTlxMDbxj3cYCMC5rOx2B7vjaDylZ9P7azUZgj6qQmhdfpchO1sd0IyAro58ocWmXyv8iyE2cOTbh_NnnyndZCCl87cvcKcEx_Q0x5f2fSItm-gTgfQKYGBEOkI9_gXeI4BD-MyVeXavhheL9e3KFHPbGaTPtNThcw8IRwh8OxC6fKoIy9KFvUiEOTqwpL1bYHkA_LVYc81KjgC436Owta6B8D38PqZQ-lKMRfmg2O_AVZ6bNC1dnHjLmi3DmvgGa8IqSxDU-WacsE12OP0Do8v6dwdB9YVcN7pJXSax14QM5M2OfQriXW9F7KEzZfX3Kng8m1-8vcDmgckqU-1oc7sCoytuZoAp6VBMJkWiGajMWx9qPUD4FUoBnxHerqNyDhGBXgUjWsFjMFnmXArMnQ41zGEtqOoOxKKdbUX6iGTh9GlFgOVrm6EYUrBKkxeZfa8pY5zVdkG8BDbs0oCH2-qNow6mGyQDFeCA4QP2zTTOfAtkEK8gs24wFQg1mqCWQUsorOytdYe0lxNi8fSeJfClvOgUagG1Hxn8rSytrbBbDVVVLLeWujZGKnY_ArXWMLtNa_p9j4vgKoEkUbzQoyrd52iFsN0FIzuWrS698YTmngA_o-1_MiwarassZcTE3mG2whrf0kuQ2Q6hOWdVFdF3WO2buGmXMtlk06RDJe6RwQOUSnamP5SGcPALPmRLqbbPgx_L9fxD89izHzCrS7RW-vKZY784oaOUF1kjblFVJVjpYTvlAc5qS-5K1QaocqHqMShUPgGLWOxnwKZawtamcV3ETWird7Z054BJ2gNIqwjbw7RIBdC-JLasDv3qHlozmAy6L666PVCq3EFUp3Z_sEek-rM52sGuZY5OMPHa-hb8jf-khae0EVxRxovgiKD2sa71RzNMkSNSEIJiuiXlGxjK5IOXW-vW1lBXP9DLTpG1OKzGfIC_KzURRtpRKakbwd3JOlTaDDroAPfYEGYNKVhcQXR7-BHySsbwb0D8C5Qalcsi_ui_mMoAFf0n-sjOQelw2AzjPfhkMHzCOqQu8Ru3PFAiG6WRrZ9pEhvYe7Mf0zr1BO7F1xvFlpForGQCNxViWXA==,1,1,JFK
Budapest,New York,283894,2027-03-15T13:55:00.000Z,2027-03-15T20:20:00.000Z,2027-03-16T18:30:00.000Z,2027-03-17T08:00:00.000Z,1,https://www.kiwi.com/deep?affilid=mihalymisroriflights&currency=HUF&flightsId=0b7720a1519c0000f39f64b3_0%7C0b7720a1519c0000f39f64b3_1%7C20a10b77519d00006ac8666d_0%7C20a10b77519d00006ac8666d_1&from=BUD&lang=en&passengers=1&to=JFK&booking_token=HRIgh7I_A5-d5l4LsGdavfIcj949RpSSqQZ48k437lk_gFzYQ_d3NXCE2W7PgFRW0iq48qGxSJZ5H1PzWP7Igczpp2UCeLx71QG5xJHhJte_FPBo6x1GjljOBt_8-TkIrLm4WwVjkgr2899IFGuzNOkTJRJgItz6l8BbfdCWwHCk-J0_2Vc4wxuCt00rwnzhCr2TqSaeDULYNphYIK6CwVSTxAStbcDs13KQ2LLT6N93ZIy2sU3Qsl8hv8FnhDu2BQdajos_MoMecY1BHJVcEOS-aL7aCbJ3yezE1DfRMj_vLZ_MRC_8sAuoLOZmkRreYdxK5I10Gx0AybuCltgeG9mhjCjjZ3zMuxad97PmqRpXsZ3KWxk8kAxxu4r1GBCtJ41cj8gumnmjfATtoVOimU3r9SrG8PPko68A7IeUZVVbKXsXesNfbaZ3DdW3QurpZzrFyIU-_iycqloRn4OfHxscJ8a8dllVEbKtNN3JWUy79e3UtZbg7OstbnPJLzUDRneUytwYLoEK3PiNGlvWyXc3-ZFvjuLyb2_4vSMYronBsmRff_UuFXPDhRHfz27yKTEOhbcgj8lDZMelaWIBVMmHd7Ks0b07RWOUQCT50W7TWX3tFMwY59Sn8-Dn0Xu0BeUAoJ5pKmSfqMqKZC6r5_aOiXOceoywczAHkuWWN8N82p9ueACbiFXmx7hWLAzuQg2EgHxyMvMebDwtsBoPqU9e8OrIylpL9LY5LXD0a43xU2-vP86gbKYChtuKvpVgZ_xaa7YQMwW0ciM0P9vD_ge_caSs6C--eRYBgPJRhktf9B8VTO9SCBme3RtqoPR6jjQzGkBCCFrAkhlaJPLYSyvFOybfBDcfGxAeDRb1l3t7Mmf3OEizMpTE2Oqr2vsMwX_b2RAMSlzvp_KMbgrIzb5mNT7ShmU6KH0458-d5-fVuVKzLIXGNI1CrMPAp5ST8SeI5C4n9A1EWkr6SfAw_dcME62GjIDvoXPQYev5583EBe-Z7Jzi4mURC19UX56l0CDYeFLPInzAeSdkyqHgByO5PWLQfOSIXVaz_puQjEbBfoo18ELA7pOlvqcqQY_rGWzt48j3mxmQBSxtJbsYs9LC4WNDa_TZZjKEjZOkQ86LCCxSOgk16cJ6jw8EH45X3tY1VZBi1usUrU8IzsZkM82xijMMSoY1nv4lW9bCxthU6g4iRn94pbAz4l_Eh4m4vn3i73PGT-xICRGJ3ELSU6kRuklbdPJOzjSuwUzqWWv5R2BBKu7GFwDgGv61JoWAEb0gSCz_D89TBufvhkChpIQpQru5lLnXLjf9tsm_uHdc=,1,1,JFK
Budapest,New York,284759,2027-03-19T12:40:00.000Z,2027-03-19T20:05:00.000Z,2027-03-22T18:30:00.000Z,2027-03-23T08:00:00.000Z,3,https://www.kiwi.com/deep?affilid=mihalymisroriflights&currency=HUF&flightsId=0b7720a151a00000029a3c01_0%7C0b7720a151a00000029a3c01_1%7C20a10b7751a300005cd2b5a2_0%7C20a10b7751a300005cd2b5a2_1&from=BUD&lang=en&passengers=1&to=JFK&booking_token=HnlhrhFTCexqbYO1XHTpbsGjChd2mHmuwKaCQTS4YIoeG_5BzJP8tRpvTLV84zldh4xUNACQivVAtzrSYB9FfM6qulq7wrhFHlPIS5DsfMYxZ9ZKX_IJocA68y__mvAXJ7DHT1515RTISdoE3AkmTdFaioXRZ0i28OlR3yEksEYp7b1bcahScPiBXG9qHPaT1BbhH35rzr0LkNKBsel5Q8zDMcQ5-oGJRZiEfcLHrPWGiLFbeehrjQAdaBQPTqtNaaPj5tDQZw5pISbMJ48b9eFGjGd4YeUA_mZDu7z6JQYLDTOsaVhDw30z5ybz7yj8OZUtcawrRiiJvx-R9nKEehk485MXUPgBgGO6Crse1qE_0wUtDvLiM_nMxlAtIb6AM6iwVVglSEeREUIZygt0XISN0HIbJ01ICpDOn6RioOU1vEeWlZJIK6KFMn36YbkD0_ynD4Lwyptas95a8e9eQm14NKqkF6BrS2k-eKd4szifKkPJiqucUYy-cw0kv68bYkTFYguXJFycnOld07bvPr7mc88PftHs9LgADVdyoWQoDvihMerHwG_vDNvikJLpceT41ba_x8jEXGy3Uwn0Ud0d2Co8VqGWmBBp0uXRa7Kvi6-_RXMuvzJyhSrMgzu8ax7VNvVoFDg88oCd2KrJZ2OXE5kwNkrANwRtHjI7LL4aeiUsou76TECZvG9dzm_FsGw8YO5RGK3Kwgi4Sp7NrWPHRbudw9UE9QMsVuGwQ-6bkXOtVF3G6VPT52ZsWqa8roGaZ0uH6TawNzbegoQNm4NLwpg6xdsN_TxOutfQ6mXPkWxCCCxAdPB82yzd3rEEyT4oORHGlCbzU9BQtcvgjLrNmuBWeSLPJuJr4E-7v4-SDNYdv2jk6BsQfAWyETNdaNtFTwdl68s40coFmUfsneHZa4zkc29BPdmH-NeEeNCObqUXfI7yGVIuDyUJtu7r96PW3ZXq7Ia2-rC3KDOK-bWykD-qWu8PjK60YbgDt4_-lwmZ6fcO6kvki_65Px8gDk9NVa5MHKX-1wRSSwnu7swz04LdUwPW3rOysKA5sNEB3UpT8PRs1LG2-5mct8uFkw9KVFOrjMUkoI6jAqGcJjD5vg7zv5BJyyJD2k7TitBQhpc-nP45Q-Ca_xbiuMOx8Ob_MD50Tzu45ACaAz-kAoy4vrjXI8zxGlyCbZF02B2NWoVoFVFUrRGErPNZehJDxQLy1Rdzz1Xor_cURQuLYkVtfGwkzaVyFk1yDUYc6N30-OEvupYg8Wh1apKCVdlwoqLYnCtUESvR7meiNCwXFaODTPh0m7krJcf3WbnUkvMU=,1,1,JFK
Budapest,New York,284759,2027-03-19T12:40:00.000Z,2027-03-19T20:05:00.000Z,2027-03-21T18:30:00.000Z,2027-03-22T08:00:00.000Z,2,https://www.kiwi.com/deep?affilid=mihalymisroriflights&currency=HUF&flightsId=0b7720a151a00000029a3c01_0%7C0b7720a151a00000029a3c01_1%7C20a10b7751a20000b9364cf7_0%7C20a10b7751a20000b9364cf7_1&from=BUD&lang=en&passengers=1&to=JFK&booking_token=HGSJCe3vI9zFW6hWNBU2xFgYglM0yScfkEDv55u7BfjXXmpP8sDDIVMsMupg_n-KlFHsokfDfi2UFWaUsBDsMsYvMwdkDqNUwbTSH8vtSB8418La-wpL6p4hMGJ0Ua0Kvp7dVMIMqtg-X2V_Fwed_nTDlIyTezLLUFuyOxidHRCMK-TB-_saZDm18VhRcZ63ic75TuS-jEpEueQdmkrvH-zkUA_nnUyA1fpaqkp2-qPE1desZTNay5ith7wsVvtGiz05sJ1F1vfkWjoU2DUCyzrKuqjG4SEA-6rUmUeXOx7uQlA6oynKoJttUjrOw514kxtOC507YmPgplnsgEJAyVO7oLdllJNyaAwArDrH6zNbnvsQxzwzSUmxbcJj-oCqQDZP8d4_cvD561paovBrQnWZ2ZL9gnRELA_qGuONL_5zAvB3o-vyrw4mAnLelk42ZS8rckZYPVmxqdd6lOQIIycIroqa5uX5dfMSla7znbfrXOeaTMRVVpo311dmPi8pudsOOVqf4RzcY-T-Gr_-EawEBklsgD0Op6w-p5RDjvS-H2Dqv22o4qrqdjwkeOuD9NxNwmX3SBOhV8VyxQZhbLuxzXmS5P5cplzHviuo9iSKW8s4WpnYHL2bpykKRPMA0Tl_0CzbZZ8aQ-GBIaWwDAgzdZx0jXGFfTQGlafQyCYrpqlazCbKhR0xurrVj0LCuphUNivZo7ok_w7a8OgFb8B2mRKfzS3_ehR-pVbxpkEmn3aNmnkodPMPq1E3-zzdd039Ti534JWrkcKtdhVqmq40RLz5mPxhHm7PLHwWgJrKI37_radWaf8l2PswUfvczEDFjS7xAVs5RScGCGwaFgPPpCQXB_0AzmtBp8AYrW5nRIbWLYKztiZ_NTJUUFrtTmsfQc971dvoKUq0erMFJasiEjwaDxIC_LsD_q2hKeK5WH-GdU0aQ-Vynfwi0hTnbemJT_eRpKu_ZFREmXSTMIlQfaTnoWjPUcbBtym3vnIGFnDYYt4Z6n8JXJhU5U9zE91rhNlkf2GEStY_CkyN9H84kvkF7yOVLY--5OhICp6xhCx46BBpQwuDSoCXvFxw61HseCasZwP5mJmuHupDjSosR6H6OlRT-zbLck--B9CPt_x8kQ_VKv5VyoGHAc6gLXP327Q6PAG5Jf_331x22PjCK4PfSc3NVvgqhZGvSAArDfroFq31PxYV1xE6-zdUbL8jxuTfux00DCvOpbKI6g-GNFjnuvTLH2IcDWy86Bg-ERWISY5JmzTdepEJKoihuwvob31WgemOGRGp-Gba4QjPAuDlvXQxVQA2LrDhM0WY=,1,1,JFK
Budapest,New York,284801,2026-10-14T08:20:00.000Z,2026-10-14T14:25:00.000Z,2026-10-21T00:30:00.000Z,2026-10-21T21:35:00.000Z,7,https://www.kiwi.com/deep?affilid=mihalymisroriflights&currency=HUF&flightsId=0b7720a1510400005e9180a8_0%7C0b7720a1510400005e9180a8_1%7C20a10f0c510b00007b7ecfa3_0%7C0f0c0b77510b00003ec4986d_0&from=BUD&lang=en&passengers=1&to=JFK&booking_token=HBMLrUJ_v6rhKfhcaJ6255YKwCrIaFkZ0--OCL9tG3MJTEKeR5abrVWZFkwq4_RKzNlmLrYAC_rNwfoVgCLt4Qdtr6hhxuT-cQHo-JV4xC2s6lSp_AMsbUIVd1vO5k9yO6D3YAgjv-7NX6U3GnxiHheZ5CtAACjQJGYAcQ5TBsryG5y-9UJGKrR1HXjPRN-yi_ics3EMtVlMzFMs207Bf32ezo70vB_zAd7JoLs0Pfg9Wz_giIjFb6q_0ZKbbburMAkUJTB0i8OLWG-CZ_LQVtt6_TniphcDya8ruew-HKI_6vTYaAwA4S_WwU9Uhj2bKAPlUZ7paIA3DOCj8Kf6IH7J0YWd8IKMr83mg6mq4XxJoRfCXg641-w-zq_fjPslzEmw59d5YjHWfcIEoj7fhsMg8sATi38llhSJ02whVs7S7LVVDjGplIuFCoaOHP0Je3cgw0lnaZ-CrQte-sDGoNN6fvqLhY-KUmHD5yQNYSNQUZc-WjfwFhRVXKSFcq8G68dZJirTNQtT1CkLDlXqp9WEvtI5d3iSs3NkDBTRpRnl1ePPea4mQ_t0yjEuadnq7GrhpkZOP-yRX_GIl30dGuV2iwoXS3N-mGZvS3sy0O04CKIkI-ZYxNk3XdBp8ZNA9ufOJk2fpuIedwN_RlxHgk2TgMipWmPilRb2ii8VkKbUujd2jCxKZZqZ6pY63535yaFtnO4Ltazf9uhtKGAccz5G-tFa5daWmstuF5kXiCzEkc-vZoQfkqzv1yWNktmPUK1HWJ017F9MExKBx5mUyVh_CJxStxSMK60eekHDO0E1LL4CJcZ7hV_l-X3ZMrSztbFrDtO7aHrylZtrcgvdJlzrc-KnPv0861v3UI-nqMB26DbwSDJKKfE5Xg9BgedqI6MfIr4lortKsQrxbETdX9ihFnmq_uDvwrAGBAXyomEvroIuDgr7ax1pOwWBYJb1htGJJzOWUO2oRWIgttomN_blhBRp5hwuXXA-uYC7-EC43kqWcnq1EEaJR3Z5_X2NCJ5Yh8FiPrp4O8D9QexNxkXzodpwy2Z9aGXknRMUa9nlyLtnWhfCv9vQs9aTX915Ww6oExxVoEykOX3x6URqa58Cti7vUMlTfvWmduryJ4lsjciNXQOHLIJbcoUJuvCqc618cL4lgRXl1etaPxVs3JTSMTy-UCWRfH_e9GYIipquBOXWMEZ2_o3zeVrd4ZXqnj2BRuQ5wJNko_APjju8ucnZMnDac8X0UE2uivf83eVhOTX7GrtZkj0LAxFxZ6yOIzfr2t7k5d_moUpEHIFWWFg==,1,1,JFK
Budapest,New York,284925,2026-10-13T08:20:00.000Z,2026-10-13T14:25:00.000Z,2026-10-20T00:30:00.000Z,2026-10-20T19:25:00.000Z,7,https://www.kiwi.com/deep?affilid=mihalymisroriflights&currency=HUF&flightsId=0b7720a151030000ec645d64_0%7C0b7720a151030000ec645d64_1%7C20a10f0c510a0000c02dd450_0%7C0f0c0b77510a0000a972492d_0&from=BUD&lang=en&passengers=1&to=JFK&booking_token=HNlsE0lDLmjJElWumNoSim_mtWDAvFenufdkv_GkfXxf9br_5QwLVoBRP7ZipNaFXDDwBVqK5j1lSuvos8NqtkO2BBN1PcCDZ1oj6RuB1u8siJKIYKPtPQGYE-K3TaWfRquc_ypq2EIbDnRP-0ts1Oobp7OzzHNyeqTgYKbAZ7ZbuCVuuAhQe3U-KKOlEqfs_YZB1guTQ4nnPqvlbDJQ7Qznpa0OXcO6VhOJWw6lF6sctIXoNmV1PnozfdXgVKq1HslojhvefJi0YIgGuX2gDJN7SNCdifM-NZrFdtgAjXcTMxqNY6_aVzLVVgB6MaugnIMLktIAtljdZzvukmCvxfhgmFs4yyb4SgHE5FyErz6Mm7v5-t1pACOXLK0jWeZKEn0FULg-xEychuCtsaIcrEOKrp10Sgpn7K-RCbF_97Ok1lMdFqaJjGN_n9WvYwKgmas0WTpWrSBW2GTGTl8BFjLENikUnnpOrWtPQAVrjMIwWARIlYpXI-Q5bl8wTThDSSRt1vIDSppSgQJaV-RD-zQPBOIoyePKCT9P7mw-ugcnGlty4O8DZSGDNHoc2uzRKSAfOU2ynPE0H324_IZAkbn_T2_2U8VdqkhUuEyE0YXTYiY5UaIOhRsOEgRbXh-6edhZgjTvR4DcJrHytrNR3YzLPCHaS4_t2iDboV3Ote0r6cH_Tp6gO9ryAW6UrcAmHQR0gs2Ad_d6Jvzt2Fz36vdgLuTS68wi_p8snAOdipOpr3xN5397uO5-SHu_OGRuL6Ttn4LNFpMA-XIFoanWiIb2LXkCVOL4VaLKFKM6a0QSdl3r-E_cLl7R7XZ1haC0uqnonNJiYHV8NylIXhtVsIicOKpgMaShppV5ExvYv7v4DILyoT-KFf8WMuq2Nim7pfAUxXCn6dP5OUKzMIxRvWOXWZ9HTSuphM6H-v_j-_qPIv2Ii8RkbCuSP2Wy_u3Po9E4D2EJpcxqwnbMSHUBAoElX42RDNJNXNvBMhixZBj5C3x_PtXDCtrPOnWy2xxGC8vwPzaLxnLoaulEUQQqsxOZ74SUTX0ML1oYlHNXQJsNIhltobDYNYBxdvAFwnCBzDVbLIXTwFS46PNxDFOet_b25fjR5EcBNDi9UZzp25Fm2hnSqLDq5lwjrOOdDizci0Gu-5qMaiDjgBSk0SR9-ue-P_Wdffk08nvbonq70C-GcqxvV6iZtvE8xCbvjR8LTIvyvub7HGnu0lEyuu-1jo1p8q6OTVyzVe04Sdom9rOCF4q0DTJRdEeduCS7LDsOFfpoZ5x2PfvNPsmuLCCf1OUyGDpqRdTluuNpcofhrAvvATrQR_dlpi-eLxwAouLG9EBDJeF3xXI5DhyNGOfMFqQ==,1,1,JFK
Budapest,New York,285181,2026-10-08T08:20:00.000Z,2026-10-08T14:25:00.000Z,2026-10-11T18:20:00.000Z,2026-10-12T11:10:00.000Z,3,https://www.kiwi.com/deep?affilid=mihalymisroriflights&currency=HUF&flightsId=0b7720a150fe0000e10ac441_0%7C0b7720a150fe0000e10ac441_1%7C20a122f551010000bb419555_0%7C22f50b77510200007510b920_0&from=BUD&lang=en&passengers=1&to=JFK&booking_token=HLSSTGcjU0FnMuJqWgUVVkYM_BkBCUH83Zr9t2SguTeCOHkdw4Z-AgLAfbJ7WRIBp6AYEdgflVYuIjG4Afb7n9akZwLHJ4ypLhXA-aEs_3-2LQ-lQVvlbYfurPHdSGJ-xz-bEYZSgHCmNxShjdMAR-YIrqLkXaVMu6pNcsTnLwg_TEmnuugQ3mfwdlm79PW5HuStjJohZIAzMuyS6LiwZzkssG1lZuKF3cZncS34_n5hjj4nmioen1qYRhHakm7kz1AQkREYrv1bDY-PJvi27DrO5cZ7XXwIXvdsk8eC_fQ3x0OYPipLlOBamGItjPrZk3uJyeC3enGgwhDWtKx-zcLfRMvSZpTkMRaCBx8ufhTfFlY0eakO1M2IrO16ih-VNGz-u6C-gwpxYD08C-zvQSg0bdEqb_Nf4xfMB0n0a7UboqmXEt2Xd50XnPziNvaI6mMEOrQZVnMGlTCr4q44wigG3BhWYt2fLm2s0a12X2GsBjQt8LzN4sVP36ZVKcDtRrNvTrHq0etkmCzvpKtXCZsJZYJ8ULHpdnL4pf77X2N-EHWZ_OrKd_6gfNIB2sHLeG447CrsYDI7gzpn6CfeM0-ehygbHdC8WPXlTPGkzVbszMKoQhRrWIXl_n581VWWKxSoY_9gOreAhKrHUirvkZn8JrGknAhHKPwBZdx_586XrlU03nuGVZvQm_dFuuMliFjHMMVNS0JzsEyO4c-L2PwVYH_Jbiimqy9EKQQRyFp3Bp1Vjdhw45VqB1haOK_lcFXlNsxEi5HuF0lEoJmP5r-xKkrhz-Pdxvb7BpsWoexR4u1tvOG6k7UDwysiTXxus4Z_giCVC1gQ-sSx_-R2OFGMHTGSiMwtPjZdH_kqWHZUIUkG5T_unOyhwGFknvfZOc6JQcMK_SyTmy1fxPLGK7WTtzu_-70_qEBRh8Hrd3NOQxUKO85bGevUtNXgg2i0-MfI_EamuETzbaFj8-gF90GMgJiaIgtSngqhmIOoDiBqTr-3-Ep92R7WV7gqES0G9bExnAKQSlXZfLGWY9c_SrJ5iWm4fdNtChZtXMQyE0FDmhKCnAHtMZc-ayutFzJUcnxxyBe-RlMuzMaoRED9lL1L1JEAUJhVFZsxbLJH7idcUO3j0LXmO8l83mnRI3jVlnzKwBJRDN9CEo779T4XeIivfjbWpr32DarEN9LAf_FifczzUsZcPH35RKr8gTM9tIkJdOjHDoXXbVA52sn79bE2zUOASah-YeDKV4dVvlJspMaH5SitlGx0URsUuWR0RcQxjhcOcGymW9ranxwSzhxzKmxoJnsxTNfFaqqB0-79C7NVhkLP5Q5I0lknma6ka,1,1,JFK
Budapest,New York,285181,2026-10-14T08:20:00.000Z,2026-10-14T14:25:00.000Z,2026-10-18T18:20:00.000Z,2026-10-19T11:10:00.000Z,4,https://www.kiwi.com/deep?affilid=mihalymisroriflights&currency=HUF&flightsId=0b7720a1510400005e9180a8_0%7C0b7720a1510400005e9180a8_1%7C20a122f551080000ae0beebb_0%7C22f50b7751090000722781f2_0&from=BUD&lang=en&passengers=1&to=JFK&booking_token=HPoOhmOKm6jXmvL2zYWSbwqPs45o66HbpFA2Qadf7WE2BI5yhHjEj7RSfkH9Su9MtS45f9dB1wX1v6YL8aP-XFyYf54Vq-yqz5c63rP0FnPHV8q4i0Tntbum_Fi1p5GGWpVLjZk_Nd9t__9XmPLowC_uYDbZgfT9j6Ivy8rVMss-FG1XDtP9DYM1gk1nnZVNKxqcUb1kWYZx42ngaJNhr3s_7J-1h7ajkDWgB5cBzpCHbaNObYXQgRYUvmASqAbwpS61833zmzwNCxOh3SaNhCGID0Q-i2z44pAvzlASl-q6JgJVWD99scgNJsak-AAdOOYxDN9BT1f3nBH1BtDGm07AsQva-9DE1C5cpDZNzJDel6QEZPkcthoinQvXu6d49rPqdUJYLS0Np_aFqhm5lEASaguDAs7PmZLbN2EPZ_0Lvh1MwYesT93xmjQ68jynBMUANCg2t5sOhrfZX5y5s2SEIvGBh_4L3-HtHRsLPol25ecdSb44dRp6WkukVI_mU8KbORLpdiId1f4SMy0ejZBoIPYi1pgX1oBs1pkrQ_HCLqN5gk53QSqQxDTI3zLY43rzR9OlQWvFDW5rNb8ZPmY7wVpQtm9aNYshJLIPr1TY8vD62nsEc_Fb_8vRQ3Gn6dauih_aR4WFZQ2MZMdo84CX1uaOvdakvebdfMl5mB2mB6bmyNDZFC_C6lHcGvivJABRAaMofC1LjnF6h6uML0jY5opF6Ti0WWLTYkDEOruOSKYUY8jByubCinR30of8daee3mS3Q1v5Nopf8L-_FFkAUinfqmmdLOy_G-pf4AfIgp7hryOrYiGES0noSrWXw4Sj9DQJz6r81nj5eLuV2xNt56SThzxTqeqWsmBp3nnQWDxK3wMbxJ2rG5H44-TPz6qVoRuVKz-M25XLSKMau9a4Zd5VVVa4oTxKrYosgUQiCxpBzfEQO1slyTuusv6dppkcCdbNY-PHuV_jVXiqjL1SpjlPGTzgbKaEHv1kIGA0kfcKUqe2LdVGICV8GdzKqZ5VhR8DFcCiP4-LrI6LMtcc-QZoK9rSdvIfBsDi8ZamzlauAADDvbyC3xYCU0WHn3muH-L7TSE0yAY_TwOYjQZGBWGAlfN6KbpiF5TswqWDOMZpWUHQdw6jg0u1BLX2YjnE1jne4mZO5rAUIKWy2XxU7FHy9cag_0qs7RDj1x4Gn_3byzSnl0EmY7TEGUHFrkVJymoEqU0-utbtVdhMJIVmU37xnlMHRuyGoHIQXfjaBLnswRTt9cPEt1hHFhVO2SXhLO_MTKISLQBL5j-W4gU9E1O5_HuG0K2GdLbPWufM=,1,1,JFK
Budapest,New York,285313,2026-10-13T08:20:00.000Z,2026-10-13T14:25:00.000Z,2026-10-16T14:00:00.000Z,2026-10-17T09:35:00.000Z,3,https://www.kiwi.com/deep?affilid=mihalymisroriflights&currency=HUF&flightsId=0b7720a151030000ec645d64_0%7C0b7720a151030000ec645d64_1%7C20a103ab5106000087add356_0%7C03ab0b7751070000587b9c44_0&from=BUD&lang=en&passengers=1&to=JFK&booking_token=Hj6kGN817IHBBxEGdVnZbdgLLYnu3oOaoPrnSmwLbyBBRqilQ_PNLCrJXvRm8j8kzgk4W9bPG97lCZWAWFE55flhpDMP3czu-L2druvwbGysfBnKJoDbTmiwh4-GXhNohPz5mYTyGljdXJwDgukRNZ3wtC7sUSxZ-OFyyeNxm0WckOm035YQw0tGRCI9X9BRjxS-RrrDQL9IYzfZHLDWGiDzQqw_bolDfSu9XHtyTd1RCpDdbKj1w0m3jRW7FnbjJFMg0vnQCpJXEugBR56KYNAz9LtHx4hkcYWVCNflbjGLv7QXCSrZFywrzEDJLEA9Gq0apiAoSQrEwzdQPgG9l6x_y_cwpcnI6Y5Xkc-2NqhhiSK1W041mQSUcSr-4ky2gCS83oqDGow96vklLffSwM2D8jmOC8OrCKgaKwIx7S_sNMvSB9vMd1w2VxDKAs_uqlkWR3kDOP7aC7PWcBQhU6awlOqbEy0ICR1F8nxgpFiqU2icUTmXcGEI-cJrJoJZeK9YckoAIWZZceiYlRtXF8WHbXAVjllKBhwu5c6-v5KFwXHnXc7Zj1Kjpv-NWdRNJzYle1Ye9mJ1keS02Bk4IcVehMPOYlL0e0nOa_vc5cn8R4DA_ZsbTwCz42HmL70u3OVO2nYfM3AUkEU7B0PNolYCRqk4zzmJRx-8BhmnCRhJk0v2kjsWZJV0eKB0DL03vkY02WGWHVqDjRbx-CEE-qy0qsZxrZB0eOAcT0IyE5jOSEr0VWuwLRtfUZmhYO-7N5OOC4T8GQSB5n525J8HKtqYbtXhnfHmMG_tat0L0_J3-6ZKaRnDNEoQ-7g-tjhXu8PnHQOzvOZPjBkeowEOUAuuOHunr_fqdN-aky1sBmSUVTI2hy8Bvo1B3VRFVCk-7DHTZ7udWjIIhMvLXIEuO4VsmN3p6iG5Rp8HRzb3Bd1shrjeY1IeDvHQDKurjGA1-wseNuRYYrZDj4GdjZI91h99eAMSWhJA7KaqL7uhZBUf_Eo1TXH6509uiteI8fSrHgSRXk2SsL3xJk7kL4ocPYcCPmkcbPXQmW9jf_c8b1rO_C6RydQMmdYIT6cDHzrtwSlQJHz5mgu1orYS0fpElTLruHOOKxtbn9XQ3ZPsOtxEHpBJwQEYtiEYowV5QMwux6R4R_BrMH0r7yocOTkv-EWN2WG2UR4Ngxs_Na6ZWy0_dL4eSHMEdShN9nuoinSUDLQSW30etQP2BhXhwbLV01Z2dbehXTQwnR-I5HayNYYFsQWwRSkr3dQUIR4teO4fPJ47ROXUTE-maUJD_i9F9md0ULYHIdryJa27MgaUZAgxgSJ40y_AWWA_9CuMChjRyYesC2rmtfQDYvdSl5Bso0w==,1,1,JFK
Budapest,New York,285313,2026-10-09T08:20:00.000Z,2026-10-09T14:25:00.000Z,2026-10-16T14:00:00.000Z,2026-10-17T09:35:00.000Z,7,https://www.kiwi.com/deep?affilid=mihalymisroriflights&currency=HUF&flightsId=0b7720a150ff00002843a2b4_0%7C0b7720a150ff00002843a2b4_1%7C20a103ab5106000087add356_0%7C03ab0b7751070000587b9c44_0&from=BUD&lang=en&passengers=1&to=JFK&booking_token=Ha3QxlsrUaTnlNfWuDMqcFC4TMowkYVBBcQE5OGfJn8WeziNA_ei8UjZsTv3FkDTo2FmYNnsT2pPj8kgK_6j_8A3sYZCyBi_A6AS8aFpBekkNctgTMsCr9bW40sdKOKZn_rwvy7i6f-JRj7OkqxLL5N8zqkInyJ2E1L6fzoShrIynru9-jkCqYFQeS5H4ou5k5A2IsW2tdKQ7a2GY7rZLBhur89QTN13oAmQifS3OGpVY8HT08bVREPyMRt0GEHkgSbAy1rK9OwKxZzq6eWRvvhxuvHxFuZPqR4Xauh9ASdyB6Ttqi0X6-xdE2adDIBgwSdXuMIJ8WgujSvGzXTIfhcQhfS9i3CVRUWSc8lv_l_HXuD3EeEJlGHJFmu21E-naRZcApbZqLl3OIl14tytD4KkHbpTuFxsKpp_w5kANV2Kfw4-wioxZ-MTe09I8iNMUDGfm2GL9f58XRJncgrQCqbrOlMm0hSdfgvdLMO1-a7t7ZZp0wSbjQiPffFUwURw686dGw8XDjT6s4P-4otFabGDOcmhqscx19l_gacBy_5jfWuabDsQCxFHScLp2G_DKRtojXjQPlUqGExlz9uAboRKu_EAyH7YeXHYkHhs-1VE4X6ZZg7Yt8qMA18GHvgpGIta2GhdpLYhCjpIrD2F_Fe0AKfZbjU_e32l43qhzIi6V-r9aUhr-5pDcbbh7qoCZma-WKc7ka40Ty-pC_gvFuz1Kr5qjAmYjBTQ_vnJVBEtObHpzV-xzYPAa5AwxWgq2wiTO8EbKtjq0A3QE0faSXWFaIX6Ak9_CD-lwKaN2Gv4KfCFKQnCKcw6H3Xlphi93nok_nXet-72X3hgHJ249hTELDWa_gzNAyzNkX4zosnN2iE41bQmSiaaHp4JwiNcFxmJlPn2hwc-JrRahzdrLoDTghWncg_t2XrR8Lw8C1IBTMTYGrp-KsS-zU4jjVAMTRg94JBcqMMMtdihZRFftxz5XGYTU4kg0ndi6ArFAArZUiwhwcurDGfIDAc8R38h-Xj6JVdU0OUtBfjOOaVT73BGgSRsrRlviOTZ8lJSmgdP8uNZkns4aDUXyhN28EZkk_yi60laD4mPDRg5-ISNZfmtaNdw4mO7FdbNX2ipYZdvhbRnrRBgUzZtQRB6AqjND-YEylz3nRRS6Ixx22gNPZhMmAMaCixf4GGia0CbRfsy3OLw5X5tEievQqJ3XBaEwYR8AshWMufmn89VI1RSSHwqfgEjT4fbu1Z5O1XOLWrDnJd_90RyAm7V6wQvBA22Die2Iwrg6DcmJmkc2lnWeCzqY7aXxNw4M3IF4nwP8jLPPW9W4LWwV80ftW5Oq0sq_TrmQQWaYbD5aclS-r30HRw==,1,1,JFK
Budapest,New York,285324,2026-12-05T10:00:00.000Z,2026-12-05T15:40:00.000Z,2026-12-10T17:30:00.000Z,2026-12-11T08:00:00.000Z,5,https://www.kiwi.com/deep?affilid=mihalymisroriflights&currency=HUF&flightsId=0b7720a15138513dfb15c4f2_0%7C0b7720a15138513dfb15c4f2_1%7C0b7720a15138513dfb15c4f2_2%7C0b7720a15138513dfb15c4f2_3&from=BUD&lang=en&passengers=1&to=JFK&booking_token=H037hjtDgsxD2vyFATLHTO3TRMn253WUN0OYucsEFsrjXZs8gTTibIMVMf0ZRWnzbZKvIN0vtN0QOfmvGgpK3SpK2EEj6CLYrcjLavE12Vq0FggE7d91rNAH9wzR8cBL21D1iFdXUeQTVPCgmBdfQWv--4gsxyhmJDiBR5cHjm3rbWF_eRl-zePRCqReftE96mEPXqX9Bs37R9aInKwnIZqKLJjNWG-vK4S8S49J4OQRmQbfbV66azde5fuhTL-vDkLEB9sfmwMi168uGvnPHpDA9Cs80Gcgba8DjBTHF2K3FO26iun_vXzL7UDlTwKg6vdBh-BPamvcJUGML1GC-XfOwuj0Fly1YGUORCPGPXkworLytT0VIWIVFssC3RWQrN8WqjrwpUwhsVj1BMmUfecVvNoR0J-Z0AlJm5rs7dNPa3zsWhjG-Q7pZG8_SRYZWRm5jFJqdDxxfTQB5e6YSzG91YdumK3jKc9ediY9JhR6VvObtjnOa37a8W5HdB6VImtH_7AbgAzQZ29AgVR98Q6CMybM13yL653Y5sIlHQYeryLQYpZDRtSSEkPMMQ6TCP5v-3iisu42DnWAfMth-oDcH6hLCZ6S8xzy2B_Oz5PGYvNSZBEwKPPz9tEMhj8fAQkLCLYj8Kr5RynqzIsDXn7Dun1uaTEs-W7xuLLAB9PVz49rvILjYi7dbq0JRWSepFgm_zg0-DidlhIDE3W5_jJ3sSI6LcyNsiCn_cLg_SlRYq4OR6VPqQhuSLcLTB9CE5Suov-WqyegAxcKzMppq_WIM7L_TJ9hLCBRPUAjDoSpG0yAV0Qvvyd_m6ou3vY0ICTn5m0-iTSGayVDdpLhVpE3c8-Yje0cq-I9RMHX-sd2MjzcawxXuM2uXZeQm8nblFgeYzkMrjZiaAzz4XD7aP7Upvp16XgXijnfk-xD03M-4OilzpIKtkCy5cAFoNXIJyg9rqtWCVNj_IHJkvnj0TaVGSGemVCsqayXq4fcIu8iUckicvT-A1aIQoWI7rrImMF5cKMJzkcVIBQCoTrt8k7NBGuote7tymfLarR5UXxVt4fMtshXcDrUufWlPXkAQ3bEd049qoAieLyTTEtyiQizf6IcQ91FP5g9aj259rkQXviXC4ZYkfrnXwOX67gEfYIXhYqDvJqnUHv15uyRjnN6BKwzpJkxVbvVAjK-fSi_Ub3-j9KGFFp7aELtX5ZIAbOfZsaJTMw9x8okvUug6b9NzYUTo5RG62LZM4XDsz-Y=,1,1,JFK
Budapest,New York,285831,2026-10-28T10:00:00.000Z,2026-10-28T16:40:00.000Z,2026-11-04T17:30:00.000Z,2026-11-05T08:00:00.000Z,7,https://www.kiwi.com/deep?affilid=mihalymisroriflights&currency=HUF&flightsId=0b7720a151125119ccfbf5b7_0%7C0b7720a151125119ccfbf5b7_1%7C0b7720a151125119ccfbf5b7_2%7C0b7720a151125119ccfbf5b7_3&from=BUD&lang=en&passengers=1&to=JFK&booking_token=HiGKkiBk4HYHXlsXs_meupN3BpB03BSV0SQSsZ8yjQb_UNgeZnf04uTuFEhtMG7GY1_54ruxHFoTp7G0izm7ZUYRKdcYYkr5Ei1gfGmYckI8LocxcJ17H8SkLD5LFPrkLP_JXIoChOXOFNatU5xK3fTkLNDkzWPPLgAWsqzF8To_zJ9ryLQGJbm7RCIR1zo8yhzG8EJjy2gwoB67nf8Go8jGMose4V7iniA_ZmeRvHgpBdwKDM7Tqzk35LJ6tRxKrj5MaVEs4knJC1GvQArpNavMK42JIq0kFauHI1EgkXn9A2FFPdi7UTObgiat8di2N33s9zQjE9F3XCMn-hz0a2R9E_sEfvJhv7XA-5lKcMKAl3fPoF5RBt3jY7B2IcpP2cxnXT4TdBEaE7yh1Nxxgg0Rc9EGoSUiIbr2rkW3Obl46R_rNzp4PsecGj7UMOJG4oSNQgj9aPfSXfYRMqGFvGWDrO0sEy3ZG8EWcj3cI4wLpewDdCo1_jC9wYAn2vvyZ7AmBmEjegQ4lCShuJiLBdt33UTZsuxxA4S7sdtITlDAHKM7bmRnet-_oCgkGofcRWnXIokLljW8ILh1lq3soEK6qeuWKdma6ODk8ioJ1_VuvX2-iPT_BFzNpHx1fxhPzUBO2bbIG-hOAfwB_Nta1m1xvv_PwPNQnrAjoBS3lhcBj3Ub2bQz9siigGp_nMhux0CGzshsFKT21DHxF5pH7EFjyyb4a_phA0TwCsNLZC5-E_-4-QsyF9wEPrJbyX_s0eLr3JWt287p_vLRy4ZpGHLUGEF-QE8lqFJRXcApcTkB_ssmGp0fEqR730OBIpwc7KIgktDWLlX25tdn45KrgyQB7eZtztyrVitvWZoxYqrzW992v2RmRctk-2xonuNDX7rfyTh1xbYgsLBGymhr3qEsQC6sHNFxt5lKSLg5iD4JeVvX_p6uANZl1aZHMXXHlQ12VN2CvHe0xKn2rMvRfdHHmE1lcw2DsDeQWiXTnQoujPPkLrlCsinqDGcBo9MpoxSiomtZNZmf3bwinoaWW2kSkaR4kQE60V3hVnzj6AGkAMf2y3Vso_Kfdo6u-4jhuvenjcizi3dIACRnkL2yD5j5jmuUQV5xUY48c08IHv6jN08jOWeThOwvDQvA_FiLEO3L0yUnxNeffN0r1YuS-F2wipJBpK7CE6VQnT0tqO-glS5Z7Qw5GQTzG-nqiiwO8b6S8mddhE1fr1P-TyiJdqblJDLAuIX2iTsdKBJ5jAfCgr9TdR6ycchJo63NZT9HG36S8G8rOHDV-ZqhF0e65SmqfVZNOzmYFu5TwP335Num_-rmRfOtJQzgo_h0el8bh-jD00q4iD5riQQu6v2L_Nw==,1,1,JFK
Budapest,New York,287074,2026-10-17T11:25:00.000Z,2026-10-17T17:30:00.000Z,2026-10-20T00:30:00.000Z,2026-10-20T19:25:00.000Z,3,https://www.kiwi.com/deep?affilid=mihalymisroriflights&currency=HUF&flightsId=0b7720a15107000034ab62d0_0%7C0b7720a15107000034ab62d0_1%7C20a10f0c510a0000c02dd450_0%7C0f0c0b77510a0000a972492d_0&from=BUD&lang=en&passengers=1&to=JFK&booking_token=H2JHQHHJm77mfeoSwFfG7njsx5aMJ_mhoplnVPUDpKTJ-DJiaPY_SUWNmxpsPuIcUKy7EAbAYKFMB0AWbUJZzuC_xEbStDM1RJE3xMpvTwjufNDGEsRDXkUPaqI9tPlaJtA0Na-qTLNfSKh-ABuuqoYfPFtc151cGwT79vEzqQ7H6POjyLATPaz0bdZxx1ojgNM-eTm1F9PF8N0KVZTEnh16gllJDIINmqvfDbi-lDqVQ8Eu3u52VQD81QOpphmjQMbigYLRUmiLcoX6WViOsgKITYXVgz2SCxwIdaz2VNV6eQaQ1SGFZpFORM9tIIwaWEUsaRZRVKWtwxPO8RGv0Z8f9D7vtDyyZGafZHI2Y_KhjJQ0-vp7oXJDMtdRSvY8EisuQfMfT63MhHhohQQS6LZ4CwuSRBVO1NZHmS_wYbyp0Z5RORVcBWeyWYPt9FORU8-DebqIYzVL-y4VmTDAh3QgSMLuorEmK1MHQtW7L58UFVttvbNdH-LdUTnPVTcTkZYQt0-VxaC-SI1Sii1tbOE2G0Dy5OaymwFZtvhb5DJakGscyoF1B_L6sHbmozd6p3Pbv5c40hdvhNZ4KUpSmdftWyYLPNYhwqCVK-UXqyst68aEHGGmpd9t9-cuyyNK0VnNBXYbU0GNY9BkIswkMXVnPWp4VXGZEX6giq8C-vAx_vgLAWVZT5k9U-LfH5NfNz_mkvd9hVmqZIM1TVK8yGC7NgdZdhH69sywlnJwfnYS4ix4hp9mLwSar5RSwMXuIa7eupWJM5E3VJMeqYkemdhWCwXagvSR4jMg1BF3llzMK1etAVTwMlJRv0sCdNbsdRSatGas6v5o-VAKbachJPbCu3bVNGl6ZucQ75HInm3nbouhQsSmWUg8MoKstRtnkzD9NoW3A2C_weSiCkDBfPvSA5fH1QAVBJBW1IGeGUKG26Nw404irNrv24AtuFbGR_m3wDdshDZeaFO0ei9pNpszBXmLbiVN5AWNoxiBSED-8eoZY3nYjRLGydl55lJjWlEpyiqH5ojGokCqbeWeAo1xNuk89TFmTEHaGxiGL2FuQawwwuIQFBsmQvVrg_GJwTCaHdLxI0AIAqFQgyTdnlE-uFJqzU86-S7YbsGuC-84jqqi-KOgECBGhwVf1qdTLF6SZWw0qpvkjORXsXZJUtNpQxEDTOJlI93iEOaqMr3olJAH78qOGmNd2-2xmIeQJ142FXr9ciOUUpxGpW1bO5mNj980HqT-IM47CWkTmhqJnKGtkHr01_Nyjb79lIZKXy97fkT00t5eNmSNv0MWFi8-khBVhXr2mZ4hdBIpYckHTwt_8hD2iQsRR-1eIWHza,1,1,JFK
Budapest,New York,287299,2026-10-06T14:25:00.000Z,2026-10-06T20:05:00.000Z,2026-10-13T15:40:00.000Z,2026-10-14T07:10:00.000Z,7,https://www.kiwi.com/deep?affilid=mihalymisroriflights&currency=HUF&flightsId=0b7720a150fc510375d3ee26_0%7C0b7720a150fc510375d3ee26_1%7C0b7720a150fc510375d3ee26_2%7C0b7720a150fc510375d3ee26_3&from=BUD&lang=en&passengers=1&to=JFK&booking_token=HEd1dIPe2PljiTCdr9q7OBOgbyKR92_7ObMlwg389Nkdmq_apKN_krcuwuPlv7v4rYXdo5dncno8GkzqTdIHjDkf8aNW_B0eUGMnVN1UF1N2kx9bPvGu7I33BM_yON5GDj3LEu-kr5s4iMMvbc3tUlj0QlNjfHZIGHgaXqDZwo4Gen-W2lZEE7s7pMbZMm8SKQPWfXAuDpUQchPu6GVzZCuWcaSP8EBnR2LW7181Hae5wcQw366qv6euhEADOpP-qRIJwsl3cvyiKLAglJbEPtI_km0eH-iKGuQXig426hut8372jEtLX2kPR2OB7g8gkxASpRZcggatIlBRVZqDeb94LxahJtCAopKxv4zyFeHsGwNNNEK-685eCW_hResgD-ukgmvTbUeq-ICd88pozn3W0uaAYlQmOOhkVLGDJjm46qj4W3QPTqhKPXATkaWeadTuhq0uN5rJ_BNRKDqclk-Ng3sn-MFDdXHFEA83QxPmviXnU71gUnGqItarB0HouD_LgL4wu2gPpOP5AAHAW2JyxfTiD212-JP36g_8EcGSWCksFJHPErA6CoVXhQBRZIFJDSZ2GnDyB97EUS38itLm86-kemvuz0P21qMnxGO_dItudQBIOeLrrApAABEW75ZQ4bskWq7MWtTOlRvPoH4vUsee2qCPQO6w7MXpMd5QMsDKG45Nf_F--vUfUmmLjgZsXDtzJVABv1omMfviCNq4p-WPWKGrq1I_leRoDYXadJ46jsc106k1F4Fc4nH6SlUyzYf3M0tAthQke_tswQsxvZWgcTE_mq4V8nOeufzYk3igwTI6ORNn7GbmbzuEomhbIRaZNM8FGYNuditnr9MDXxz1l65pbmqvEvbLDelBk-Qq9KTGMsYgTOXZtMRSCbhyHD81Z0n4xBXiAc3ewcC2qItrIg0A_2E78yKa-TmDX2rvk4a-Q6AIAUJX1z8UJ779yBtIGFHG9LzEBxQ5ukRo3O38R34IL20STsf_sGoacOOWlOthL91oQ3Sfdwj8QrpOhjSj5HbnuuQPUSK_iaQ71anFEiBnKb0SoU1EKsqYIwcygAR3uz-L_UDC6AsFv--MMWWbSe2tKFvw1UP1S9dRu5zDIvn-gNmAZgTi-ggQzZyTP4azJ8xVNAhZ_74kRhngya7d9OoNmNubFmuG9UNqiFctYu82tg0g_IX9K_3RNFodt78lOvidMkxUaGEKUxr2ydRuPpsn6o3qVgM7-y_JrNZnkCKC_-ALa3CHDygD5W6X0KFpGvPfCS6EG9BtKGY9f4s3_bKvjFn2Lt1ObKzKKwH6J5rls1rELkOsWB-10HJeKrLYkE4T_hxDZYOjE,1,1,JFK
Budapest,New York,287316,2026-10-14T08:20:00.000Z,2026-10-14T14:25:00.000Z,2026-10-18T00:30:00.000Z,2026-10-18T21:20:00.000Z,4,https://www.kiwi.com/deep?affilid=mihalymisroriflights&currency=HUF&flightsId=0b7720a1510400005e9180a8_0%7C0b7720a1510400005e9180a8_1%7C20a10f0c51080000e3035c0d_0%7C0f0c0b77510800000f326b11_0&from=BUD&lang=en&passengers=1&to=JFK&booking_token=H2NiPC0a4I7kegY0D7R9yBx6_AhZkErP496kxlixnuhEPzWrVxPthoR4HtgeGKPU-oHl7r6flNyDV79_mLiJKLmY5qoKdFbplxCAcdCBM_ZDYJ0hvkhN6evRrMqClU_5JQXfmCQ2WGKbcFiH0efhMDbFFs_IX0Ukt6KRUvl9o-T5Fcwie_Vf0AWEQr18rtLKTZXsz4Tkk9F2lYZIGOaXA1S-ah6WF3_aE8OtfXcM0hqfr1QhQQUUJXS_6zup1nHDIGB29Gmaqb7RV2lROBDmanZY44x-AUxX4vt3KTI2nZA_lJ1JyrqnnfqGMhdnXaXI-P8RmZwMeY9kTvfSLoN2LkYJQv_LSQSSPxslsJOiwLzm__n5IZWFVpkHxZIblOBFmeNKGaRYJGKrWL5v18NSMKaAI3aOSCmv5J61Aapiv6jDOqMNFqpt2e61XM4MAb8xlQTR2Q0R8HLI9f-gaLRgzjQTfYsLCevNmAcflN0PGtGVT5C3xfAKUoPO7EBpibyQjyO_6E-tEcYb0AkUSWA7J2-GahM3mbQD3mtivkCXMjJzXI-f9534CD0gmDKj0tFlHk4DDKeFMYAZXh2owK-R98JKieDUA45okq1hyJ_sVDaCapLfAbXx0l9VKA90K0qt-HJJQIuzyV6cVRibgzudVomH4ej7e0dlHwRyMI-Tbx8YK3hbPAt_UygJlbJRoG7HMtM68h-YoSUUKup8lsBbIX3Iogeep0RhrKNGiLNdM3e1p-zP4srNIW5yuV1j8uJ0CIm0QdtAnPf6DEqLhs5KJhYUOYJm9b-LXmqLFHuXglEpoIcUFfiYOApt8j4rcSX7R6ZyOMg0R-aOiOrLhbtphHx_9wea-z_cchfM8kWoBtr2H1u1873fNfvi60DAo55aIBwW4PjE4dsbeqa8w6Qzo3R51FK684sInKGyj-8Q0kgD3b_Ap4f1GQptqgtMCAZPNs1DGefZTvpnEKQGR6pZsYxSOUni7h8tzMVXA4kgzxS4ixtA8RzlrejHWaLTl_V1PfqPDFWgyq-xRHcmgnNgiUjhExrPB6REFJbVG5iA2XVedfBoM0__hg0iKU4h4vu5qywd6IOQr8ow2jmRpEFPyXHv6RRFLLaYkU7sYHZ_FqEyXetmppxchIzdMXmt7eB2aaGGBvEnR4o5k30Cs7XPVXgWGg5MrpQj-JeF-V89HFSlaUI-lkFX6xGmwd-6LUC50KTqb8vrjeViuv_olghVKsARRh80YYGeF4dm1kqBQsG_Jkq5CKDGzoDWVEY4MWTzJ_Z3kpvBd27Z9x243XttIGQ==,1,1,JFK
Budapest,New York,287348,2027-03-17T13:55:00.000Z,2027-03-17T20:20:00.000Z,2027-03-23T18:00:00.000Z,2027-03-24T06:15:00.000Z,6,https://www.kiwi.com/deep?affilid=mihalymisroriflights&currency=HUF&flightsId=0b7720a1519e0000dc8b1d29_0%7C0b7720a1519e0000dc8b1d29_1%7C20a10b7751a40000b522753b_0%7C20a10b7751a40000b522753b_1&from=BUD&lang=en&passengers=1&to=JFK&booking_token=H4eE-x-Zi8Yy3D5f1kt-kn10WNwysMuLtWMiYoA41N351_ccRbRUQ3VXV3IXyqZTg4vzbampfQxj94pFNbZNE3gjg6w8hS9KjlpIKEz_Sq7pD1SJvdtfKvW4EWt0WAJdkF4uw1iZyQyLEir3s0AapWM3uHycbFUJCrWt1xopCtPdrT0arN7788Rm-tx6R4ZYtYVEJEEQXkZlL-0twaWg9ehqqqmvXPt6BBJMRnWiPuwsy00M2ELLDrY7hUc7Cog4PH82iEyCqkN--LDDNviwudV-Ezh8PvI7u7KEEJBkZRSQpmz3bgxucpRdaCaucNYjT6NhRDKyq3ajYS-3SI3sMGK3LLmtQ6I5YkmdtNy3lDPa-DCPpRrOFQnDwEoY7FZ-U0SKNIABW0ZQLAS6v-ghRG84u-Efy4WZ0kFB3I1bBuaklTfkcQtu67EXy5aRpd958S7zZaIRA4-q1m7kdhhPoL0d0YNz8xVr9SXrXOC1g_UkNUUfa-n2UmaPz8rsBH6ky6ukiCn6e8hg0wR-fho4Zso_tgdDzF6UphAXeOPWby2cqQQ8cH9XpkziHdCkIkSKncqFVe8fr1bR0v1ZI9HxQ3c_krYLPT4_Q5jDXMEsX6aXVt4IlwOSKazNIhZm3tmPsbmyHFWAKIHL0w401Vbm9bIO80LUVwLKgFOWvAShnvBaLu_MJt54uAvd1uxVb1Z5jQwBcLQWiWz_cIfEoCpcL2Lwit1IPoA-4Ezsa2hiq9OGekrsCFxnyZl5Br_DlSibiSgsENPjUPqfuFKs2IFX3k2f1OIRc6N58QcOjuZ-NwvBmQMzMzbu8VU3Rhpi6ut65U363W4tGgRrJP2oIlmlaF38RwF9kW2bB8rzLmlcwmx7pwwh3yoQZ7LeYm_NOCF-mxTmIJROA8DIpWeH8wJZuo7TNmoxNN34MHHQkCsHfLPYng3VOi12_-hGKFdWmGvzr_2yS0I-U2Haq0zuK4U-VXbvj3cwG8r_gLdIb0r-5aWd6VlYh0_sjnA_GZyAkAeNKbBjrFoqXi-I7HPIQiow8RPaD-D7rAR_BkRTXtVNP7MSNThT2LTbiYDdLLkmwNP1agFNmqHffoFrmGPeJ46L1RxmHekCCxu3I5pjwiiMxc72Q0AN56lB02ORWJ57CpDbZgbllU8lJ0clDe8NGJ-wTq9xiOGOPAweVDVnXXF0dVcy7E7kWpLac-QN3TQQ-8daPB-jBoe8HgLu4C-5v80UJ_PkS523zdVb1H_3OkPsns0SXFKixosgr70lRAodIsxHmXE3AT5VhT-2a7ZrFENMrsA==,1,1,JFK
Budapest,New York,287348,2027-03-16T13:55:00.000Z,2027-03-16T20:20:00.000Z,2027-03-23T18:00:00.000Z,2027-03-24T06:15:00.000Z,7,https://www.kiwi.com/deep?affilid=mihalymisroriflights&currency=HUF&flightsId=0b7720a1519d000001148855_0%7C0b7720a1519d000001148855_1%7C20a10b7751a40000b522753b_0%7C20a10b7751a40000b522753b_1&from=BUD&lang=en&passengers=1&to=JFK&booking_token=HZImgQFNhn6IwWT4AF5UkOfFNAMO7rMs1hvSlt7jYhNZS7cDvP6LVo6upt3JXpcTw0-tj6I93sc7yZIF_oCUQUcoVfweYyNNL8CgjRcyTj4YTM_jK3WDYEc3M2zLLWD380HCdY3yOd-o8icI1xueCbgWwcpgmciFMWTCFdwtgZc3ILGc1-zJFLqarVbj7kPf0JgahvBbJzoQAvYuRPV2WWcI5zVm-QGlI-nD8yVWy-GulMN-BASApBs7mqHThLt1hPrF1_J253F5Makq7v_GU-VG1BPUCHYY44ltMlFanSb0PaK1knKCbL4X29hCAe5rzVT1KU0TLYD_94Q6-GgngZtS1bHYmp7ixtJZms1zYzW29-VJsFfGmvlNfJm8F5ZuuLXcbwbqsEZaM-tuwFrksY9c_8Ufm1uD5QO_uGrQ3ObTOcEMIqZx9TOPfVy6ce3EzjMPWVWVcJA09aeetDMKwbaKVUxSovVuzZAsNxD_fuDLJuuguKXI-rTk-ERtRa0fe9xnxtLGT-1FNdVBEJGmTgyNkTarLE_H8Wi7wFthgeEhd5HdwIkAONOu9IXZEzS7AMA2F1ZeLK-zGW1OQbMOI1YzmH-gmzICW5AdWPJt1lvISFWLROjoXDEAhbKIWW3qHsQDfsH95QsNjnbGpaAGThr57haZvDTZjXHnaGqAFe54osZPkqiNSia8yc7X3ISb0wmH16w1xVV7P6eAesD0B2ohqBzgIA9MMedP2UR29I-hXkapvt3ryU9rP3Dt_sHiUv7xirrFCNRe_hEJ8OUKm38eTwZdg_ZDH3K1X6ggK58VZpUA9ouAiSpLSwDWCYeg7hpbxwW9ajD4rkXrcUJIvHHlnViPCd5IrEQWg_K3GUslYMNWzAkrCsid-QR-fSP0BC9wV1ycsTKyaN91URpVq0V8Akp_dDjfewjR0295R7k3qz4uJ9gbGPhVnPOnoHogeERf6Mn8hMRx_p4F8cax25yekrpBJJ0AZ9W8j4SF1ztHeifoH6AHoh73Q33mFudVijL_-MFneftg9QvG_p61CLDy3_1m651JlzD_tONGhXuYDKWf8SKIHSRe-9qmcmSZ5daMqRjp2r028zqHejecz9Kv8HU4vkUEsVGU0bxZ7b04LNsC0RGaN6ARcPfi9gZCh4fh0aoJDaD8xzeVUZzc6joOXpBEerhDZSBI_COGbO25eTrZCjVpWH8sVjDM_p6A3-JQzuxzhQvWK9R_L5vCjCsVLw_ckdAh_8PjVAkFB25sFK3-8MNd2KYeo-SQWRBmCiR1M0yVBwXbTYQ9Fy6Gmyw==,1,1,JFK
Budapest,New York,287348,2027-03-18T13:55:00.000Z,2027-03-18T20:20:00.000Z,2027-03-23T18:00:00.000Z,2027-03-24T06:15:00.000Z,5,https://www.kiwi.com/deep?affilid=mihalymisroriflights&currency=HUF&flightsId=0b7720a1519f000061e4f5c8_0%7C0b7720a1519f000061e4f5c8_1%7C20a10b7751a40000b522753b_0%7C20a10b7751a40000b522753b_1&from=BUD&lang=en&passengers=1&to=JFK&booking_token=Hr24qMhC-Y1Y-OaXilReCsZpHWnH-RFXHxlMrrK_CvLYe2zLjY5oa28St23mgEBNvgN7uyo8H_-T6osKZE9GpwiFLDEIq67FAeAnjBOPvnpFyMcCt0TJPskyPE8ncnYcHI-nuZsBk_U2_vXBleZe0eepq3rYw4GIQriUr7xCA2KSb_A_0TotX_LMDbtv4rxdDlz1g_0IdtvDwmoTEQ-SWPWY_FI4-YSIOqEI5WVfIa0E3p3tORPL8O3giI6z5AGpM25U4I9pdu1osJLdBCgrVUPHv1eaGiHNFOkQ7cq-Oymh0idjZ1RIEVreH_XajJDT4cXl7b8__ckm8MBH55nWqJQXmDOws9Lk4iuk5nv6vKS4QSGZC-YYK4f9mcxs-32HtqT3qddNGc6s0dza5EMXZ1bJ0ECs4hqhV_c0by7lQ4Dpbhp0LhzcpPBbeXUZfNtHqaAVujQtb9hOBv3nIjsuQeUSwS8xLCBxf6YB2C9th5FD5GKl6nvtgTcYiKIx66XHBPDBladVrHSTT3-YzI3Naf5HlQl-k8Me69ZM8uv1hdPaDasB5FQUGn8zq0Y5IEHwBpSBsukumpvKZq7WVZqwlgjU7Z-q6SUCRTiJyG2eaZQo8vU9BKmT3QrzV44eLNb-S99em5Ht74UEb4K46CJZMM5DKl3cnrv_U02K-xSrR9EtB0bDRQlJnm0ww-CvJCE-vWrYeJbMfG87cshnlFUi9Da-0TXE1BDfRb15ELyKXxZ5DFRTENStibDA642KUxm3BVtsZN82IDL5oRO91xJKs4cjCcQ9clagepUPVDjYCAHEEFSaIcLHMXrcgpjjIHRzx7fScGM3LRqeIhb8Q3i5JViR8v5M271w-89pm99v2gcNlbpEEa3pJVXtfdJf_rCabXJIxQPLHxKmbgKkxwx3BEp4T_7CBXb1p_h41OhyP_fpu-kOD_6a9u8zXMC405flrJYOxyQ09DgWgOukwp1-DSpnSGt6tbBJapErt4rnaxvqLcEtHLdEP1Jlrb3ygf3p1s2HW3lyF1txtyswyr_Vf2nHv01y-Ep__DGYG71rYPzyfF2xOBhq_-zCwd9bWJnHxr6PkBlr--0Fd-pSF0Vg9FBP9Um9exB4QWOriq7qztPGjoAkdIHq-pMDL1kInq6NaTDIrnzydLdBRptb7DE1W2SmzcXPg8En_o1LOTxYQd7Rgfge8j6-DKlY94pzwooOCYXbWHThI26B7Gg4D9GNADQisYWUfV2-SdUHgLqMajTDMsbxaDeuoIjk46RWXnub-DohifWW-iE9CYTke09RDtw==,1,1,JFK
Budapest,New York,287485,2027-03-20T13:55:00.000Z,2027-03-20T20:20:00.000Z,2027-03-23T18:00:00.000Z,2027-03-24T06:15:00.000Z,3,https://www.kiwi.com/deep?affilid=mihalymisroriflights&currency=HUF&flightsId=0b7720a151a1000001aad971_0%7C0b7720a151a1000001aad971_1%7C20a10b7751a40000b522753b_0%7C20a10b7751a40000b522753b_1&from=BUD&lang=en&passengers=1&to=JFK&booking_token=Hes3IRHK_y5XQDpJ1sJLqep-eOo_f6p-pUCF81z4QD5gs_PsT4pKCMOXSOO7BgnZCXOaVfWuD2RSuTAVtGbkQVBofCxOvOaCJ4DKiDGNgB1A8gdnBKqbkvjsk7olbYbQj4wrhy08XLaPWMNWPCCNURS6G0HIi-B3AU5SnYn-LT-9_iG3K4-axBHTJxIio5bTzevia4r4YxgcZpx0HqKvozZ7sB_6W3jaiwKKM8PmTOaRX3vcN-uTpi7FtArttHrtW52poYk6WMz1Zoge_MyI_uUvK-Q4XU-T7X4X_pSoqBYyxTj1p7jQX7CnVr4iQLs_blareccaDciFP39upH1AP-X16S1Orlp5dNoQjnppdwz52nMKD76L4YNUTt65oYhIT3F93BJHFcaFtVyWRLLolajJl23BBUklWc3qX-sz9SOO69sunGZLzJLodQUX81GMFBhUDFFYJ5WGXQ_mbas8mHBAGmZ-h9FqYyrdoCr-RPfhQPmzupCu6hFQAdu6n-9NIR-2P2snW4PpPXM4U_vFRp6GcWWqymspzdXawUP1QNhux_KV9Te7ymsaNIzm9CCvDn8ND0yLhhqvjxmq2Zj8sMJkfjP-TJl1ENH7pj7UzKNXoJeT5zN-cIkR7VWpHhFmSlcWbR-DhSu79JtT7DEyr3Ujb3kIfMJui0QTRUdcGFiPLKQaEybGkIN1AU5kgq88d4y9UmjomzcSnB1Cyhdu2Ago3g_5XUVkeU3eRzi7KRYAnMe-P-DVwFrdyr4x6syxEd4wgAEemdlLNX7mwl6sS77glZ1Egcz7YFghFf5nq9qQ7YQS8m3WHdkzHPsVejSjk27Kb8gxeoGxYLNvLr7nCTQj-INiW2kS12GrRYyDhtWAHgg4iaYcutpohaJPrIJNuyOxxGyO48qtbeV9QGu3i6YxgCxJ7z_VNlALtQpvO4XU-ZeqydrdoYKtTX3P7eT3M_EKrIqtxp2wAuhCDHdnMsfoa06cP5w9r2rwSA_c0mUt75zeOcrs4lLiZvMS8ldRp7qEgUBJY7Ef86573YznHweblP4vhWlo1XSugXZq7ZHSxJZzFKbVW95VNfzbX6x53N453vSxqEbpBWwYPQz4UG0efyX_mqjv3Wr7ITjP-VoPgdJE-Btv8XqH2pLYjB3M86xFADKwdLi5TjCj1UEUTSVzl9CEkBibQK57gLOf_L0nB9QeeQ2eBTJWBSl1Nxmi2QiKJlRr8HBA-H-kriqLc1YvNL5yhLKk0njq22ZIWZrVZG8mHIiNyH95JhrBJA8f520rZjFoap0X-UOd-uWnTsL4T1HQrKEASZYAVkxREt2g=,1,1,JFK
Budapest,New York,288124,2027-01-09T11:10:00.000Z,2027-01-09T22:00:00.000Z,2027-01-10T16:25:00.000Z,2027-01-11T07:10:00.000Z,1,https://www.kiwi.com/deep?affilid=mihalymisroriflights&currency=HUF&flightsId=0b7701af515b000091e0f8da_0%7C01af20a1515b00000783ed31_0%7C20a10b77515c0000d724b8e9_0%7C20a10b77515c0000d724b8e9_1&from=BUD&lang=en&passengers=1&to=JFK&booking_token=HQ8dcuFWXO4X0fGGOVBaC9VQoLYf9Neik9wHz3LVra_R7qpujCYZsTHEJBnXWYEjXMXi-3ZE3KTzC5s3gO39tHKjgZLdwDLcUKeWpBoMVXrp3Uyn9thgiiVtyNqdEFr9UYSwOUkvquwVBer-Fy49LWVGI6lBteMNTYnIujytXiq7qj_j5VKZ5x4-Bfb1VBlW1QlJcrlAP7TsoJaUqxp0ydPy83kwq6L9oNOPMcU_7ib-XQxe3xr6s6EQ72aefhR5VyTnPQzoFvZi7qvfWevPT1iSDU4-P8wXNt9eISauEt1DX8GwXzldB5OBhJKNEnwkeIYrhLexU9SO9Kq9ANm_gi6hdwc0RYjIzE79NVPsad0-NZkg6tiD2i8NSVZBWYuNi0_mOFadaX7aLCiLdatOcpva2vvUDrVpUhIIX_OZc68CquvSol_0IYNsG3CtvHQhNxuHyzIylnwVhA8wZesHAs8mZ8WhZ6qCW_oP-gdvaHUyeX8VZyXrQ0iPr8PyHDaJBPW8moFOcvL-86L2r1qvOSlrc1eTmzzAhw_rX97XUN-S_InMRiBc64wdQSrStQlLbOIt6XuNeQXn4ur060n0JdBAp8arOBFXT28XKYzy86JJdf-NpixXNTiquDXU9n_60dEJu5_JLAh2vKKn-YmG3jw5sev2S-DcqCXbMaBI7JkW4A1JhuGa3jxSQV6Vbe7_6TPezgNTBEOc7ahXEJA63Ch0L1d4pT3fp21vAxwzXCugx8K1y5Bgt3Aq58XrlnDnNBK-tA5iHCPA0W3oF0Wt-36oTgBPfe5o6OMi8hYlObwMRXy0cZI6aN8izAXTxfXo0gAD8f8aV53I1lmdkwsrLJya-DFtU-GsOq3jXvkgAiPHOmenJfTCohKOXApeRkqriOSSiRLyIAbN6WvSMNfWfOQxw_-0UNxvwTGS2ViQOZzrt91gWYDu0WzE8YoRF2o5XtPZasomeOUeQTqeJbKN6NckLul_OjIxnCf06bxn7OQ0ATym4XpXaj759UwKCmQZKwsSnW0vesj3DhhcqfEqC1py1SIM_AQcrb0c2XtUfMp8If-SJ5uT5eRl1kpiyUJwNLoEE_n92DWBOjnQ_KTzu_grMBlFixiW0PLWOxakYFDO3UIWET5CA07fULYA8NdO5lu4rixwpqH6RBe_uBDOZ9fBIEFf58B1hPZWkuqL4lPvo91sO36Zpl7GQaKPazOjIY1hCqvivtLBB2vkcO8_7VlAYATH3CA_Mk8Ufy0l_SMGd6zG5Cqd2nyGg5XRdixSxEDJ0HrNoalSk5EfTUa1kDdevDUVYGdqx4f1YGHuY3G3DlqMIJCh0ombBKrRK14D5jvWlTjphYEFlzBXbZPAHjPFeD5XpfPt4B5o2QhsOm2_mTXYDIEEMnwFIaN2gNN7E,1,1,JFK
Budapest,New York,288124,2027-01-09T11:10:00.000Z,2027-01-09T22:00:00.000Z,2027-01-12T16:25:00.000Z,2027-01-13T07:10:00.000Z,3,https://www.kiwi.com/deep?affilid=mihalymisroriflights&currency=HUF&flightsId=0b7701af515b000091e0f8da_0%7C01af20a1515b00000783ed31_0%7C20a10b77515e00007705ab56_0%7C20a10b77515e00007705ab56_1&from=BUD&lang=en&passengers=1&to=JFK&booking_token=HwI03BIsOwaZcYvQLC6DbMSDH0kz6LPKfcwLIOZoSN7jLGnJHrCr1umlUL0znPjaCeaCWOOH-pl9Sc1NAweKfWYxwAsXxLxe1jy6zUEiKsUkDp7d5i7_G4CY4cVaWg1U2WtBdSk-HOFV5qgt6joss9R92VuiU8t_UnUZU62r9z9B_cVHTB2DYeUfdROGGXFkMU5pOPaghYpnwuVVtCDFBgzzAPN4_9-wLKxAOB5CjRkE1zfOroSelO6-t-Se2-_5-SgI35qJfQ_ZAuLXRNbNG9MbYPfGe3rXEubiGzxUKC4-ClftsbvJ78s4mqE4Ce0ehac34tO3jdSCKkpQ2-bkqeUtILCEzGa2MbVP6Hs_HpZjfGvAY1dIu23sw-pEumE4Ppi6I23M1T7G6jOW4TzGxbukGj1GYKmGpqdMd6NA_iIcxikAb1kfosnCCJFMoLhVfY1gDYF4HUSwwhJWw1fOujxQ8U_D-0alQKHvOZX6lX1wib36PgawUxqUTE8EswM6uuaKC66lGcivsojXM42mT-gVYFGBponrrQiQftJvK07c8Fk0WICW30ASokO0HzEn98g0y8lv7sFKRPH7-X6WAlLJN-SwFr5KSLpC47jjnooimmZqXikVUHSfUeNb5uzGEik6boU-rNqPyuxM8f55EbbRhLHCNvxm_8ESK2wxKO530IaH_tfS_MstSiWntzIa_fbsm102dJuvqcRUVCQe0m4aahoUF_TJvdbx6VGZ4sjr2BAX1er7leSNyYn1ChFX_MgT7ef0qiJk07YWRoyKQBjqIBAWyGYHhH6V34nxH5dBgjdz-gH18pEXeHMZc6jX_Bd9Pg1roDpotigYGFzdg1ZIIIiTSGmNdptbVKYDidGHdj_KYIgYQS75Xopl-oHNSdFBiQ692HGVilOR85dLxK_gRMXjhPossDBlYgWjpPpxZ3i06VucUoY9kxzSmGA5tW_MpNLc3AuYWMcm72o1uDVo5QVoYLpNwfjQ-hS0cUzhhAaQQfvbzaSBPURX3YCq4TiAK1gc9xSDxZ79L4vmVMW5sQo4JzRIP3ljI0J39jBJpkRcH7CLRt4-i4BosB9iD3raVDhZNCpai54uQqHUAt5p_RxF2V1MYuQdJzQSZ-TOmsgcQ_w5j7PuNBpDNwv0i7CzL9Ytpnz5z0o0OVB_2Z90ECvgmOUyStv7Ezp0wjRBeAtvD0URphasIHZ9n5E75634BWIjyQKGv7t9sTHw1SGPCCwXgd5JON_3S4lMg7nDKb6P2fvbnwGiY2QASM9Bsaz9ahJMI0zWKF9OeLjVohNUPI94A06wSFjObAz7xgc2l3gkM86zn7CLj6BhHd83FIAKyVkdYcBMye3JFRew26sabDgwgTgk5qpq9pG9xZP5og2Fq-ajIiZ1lMaVKsKwZ,1,1,JFK
Budapest,New York,288124,2027-01-09T11:10:00.000Z,2027-01-09T22:00:00.000Z,2027-01-10T21:00:00.000Z,2027-01-11T12:25:00.000Z,1,https://www.kiwi.com/deep?affilid=mihalymisroriflights&currency=HUF&flightsId=0b7701af515b000091e0f8da_0%7C01af20a1515b00000783ed31_0%7C20a10b77515c0000cd86ad52_0%7C20a10b77515c0000cd86ad52_1&from=BUD&lang=en&passengers=1&to=JFK&booking_token=HUxsXi38tXJWoixFU-49uFk9dCF2aHr79QODQX2PHKEPZ1WanDMnTjYAx1lyiMiXqiYBU7PtvyteMw4XzT9Ko3j6gBnpCY9Q792m8BWWcNZ17DJAuBYS2b4cffj8kqjgCVLf_D8geqe7pKRyosvxNw10KTVwwHI251bt0R6ihyu4h989hDEci_V4T8EThiRKjCNUpr_1Z9DaWeb4V-qBQdBlBfE2ZkaqlDk-17R4UawP97R_tJYLytF-EIyHoK9-aIwTrOSSTdj8nikuHJdGebv_U8z4g8TlYgFycNy0ti9wn5o5ZQpV4aZTbL80Rx3SdopwI1CiDLp72KRkdAg427qQi4guk_VhAJ4nmuig80TRGraz1jMSUkG6Jia0u8SjpPirabxuh1lzhdpS3a6bdeR1dicODR-liIQptb-ksDiz7YxXwzRLnaiw_wl02sRpWYsejc6RwFOACilKJ7VpRZXuFfjiY23miR7YPKk_s1tNRMpAui8hrMaIAskkT_QE7IFCnJ4WHmyFgP6hLzW4hGspdDciNIWMCIf7IHlw32qolHzM0VYSrv78sK10T01Z_Pr_lJPTwuW-LzdziyufTemOed0ZuT0TsQH_HB4fNbGWmH8TJ2OeFZY3SkhdDULx6dyMe2Bld4BoK7-M2ymjWbCv93bxcP04bZ8MrZDZLxPe0fKsBD1nH7tfQh5M6G0TjcT5mMgLHabX7JUOWhkWldMiVxN9Y9I88h6aAGIUuiClfg8ZIhf45b5O3MYjW51YmKnDxUH3_gmLoL3s6rFJSpv8Xc5vSfcj6dP59WagpogtgXoExC2Z3upKrAI5IFzVul4Wjzcdp0AQ714o7ItTmdya8AtXC-ca_4BMBB4tkVyr-POdqZDpA60Il1h-lYV-eeyNcXe2NpiEhXcnlB3F6Jb34REBMzEJ_MNX6dZzU3W8hnHLy8ZIFn4bnYzxuE0WY2ctAtxJSGEFE2skaNS0etb0tzPqXGHy46apc_bcecY85-M4t8MktBRUMKlGk0DGfZNm0BpJ4a2a4LvyDeSGRss8tpBBUbdZDMWKpsMkHwpZeERQ_S9cKUaOLKGcPjJZk2NpZCuvzGLHbWkJm4g3GV0VGLpwHT51cBy7y9vnB3bnbOKVIg7M9fsNLUnjp80C9BNB8mZrlL6aM4jz3u4avunyUTLKZRTpQDKNW2PAvdS4XegfX9lrxfr5BtaljmT5g1Hv-TPt_UcGHtU32Ibo-gfjqbvYQyjCQ6GYYhCv8oUVAufhz4RFgvBdGLdcF6kjOmwLdDxRgNurI-Q_Mion4LfesPoHV7K56I_3vcSSV6WyoWGjp0OcWjW4uohtNL9wl1nhVfH_aFbEz6_WU9ANT2FcGn0zZA-Gt7J4nhDd3p3K3DdmXL7VKPTDCo25hvGmH,1,1,JFK
Budapest,New York,288124,2027-01-09T11:10:00.000Z,2027-01-09T22:00:00.000Z,2027-01-12T21:00:00.000Z,2027-01-13T12:25:00.000Z,3,https://www.kiwi.com/deep?affilid=mihalymisroriflights&currency=HUF&flightsId=0b7701af515b000091e0f8da_0%7C01af20a1515b00000783ed31_0%7C20a10b77515e00006da7beed_0%7C20a10b77515e00006da7beed_1&from=BUD&lang=en&passengers=1&to=JFK&booking_token=HJ3vNYTQJiZu4NvXMgeYyxHlWGYXwKy9jSt5AmlAf0LWQJuCEJa8HWQ5VzBlmYTrAQPfAF8c4nxRRZIocYIRVCZXstkPdSqG3DzzKMiZO6jlP7-MnNNsm8u0ZQPbMw6DA9dMJ1i9GLz8w2xEbeMvdbeVj20iihWRXX0ewoSROfeTiT4116URrj3iMoqZStV5TA_P9on7eti-6TYM_MIKYieZ44f4_iKy9jd4UJn-D3FSINeDi6kf5QRXeFeCqsJSOb-J4gMAL5xZZ4boYSk57Ny1Ik5DzwSaeQunYIEFYdk4aNUVcWOO41KsfgQ5BLFBQYMQkp8EJlYSXQqU7KfBa0p4X1xcMxtBQLydWd5i0W-ttQSw4ViefiiuhRPS8u00gfLnx4i0czMZkbzrwlXVHoi3JnwWvRtVdcko6TCT0JJrdHkcLqMZ_E_ilCe0cLVvbdPIfUhjdbp5QGNmoJUqgqRRTfrlOuMvy-CPEJ-AtflMXEtxr0_-1VcF7aqzyxYAqNdMwK7D7iAoP6ON_Deuhi5ryn6kPwpOCGUenVNhl0egsPrmXxbT_9wOOgDJR3OJ7A1qFtJMm5w78CbDG07VJOm-fGT9hjJ7Wo-EcPhbHVG0kdwaDOqX8IIWOsbPsBdGW0NZ_e2-is0rs2B4f49w8RQBQ0Me08PnQXVNH6-t_P_a8t4OBoOcw778Jgp-1GkOu49rhf6gqd0JVrnNrTWJrXanbkBne7sT3aalbAz38atFvfywzHejIpewsx9DGxyifMAreqguIZsb6bpFWSRYVxogm-GDCWXnhtxVoHYpJ1ixoWXJ-LwEHUJk4H4uvGiZqoJVIVkU3kAO1vLXp6rUJ1kZ-2uLRdKAunNUMrIvAjgXwRCKw7e96wt1q7JDOABxGMz1N1ci3cx5zPU9A-RBoihMatNSQ0rxVGNCGi1ksE0aL_0uELrCPyaDRyayBZ2kOY08u4mgeaFxmraGBEonW2UmBkwB-madoBOQSD1op5SB858zIe6KjeK4RczWsB0C0aOAUarfzexGW59fFu4JWefJROUf4yvH1k94g5zvQ6pM-4qm4-sEqtCHM1NmNJNm-EQsujJdVwHTGHOHRoCXfU7lIAa0ecAonDfAEZLRHkwpZkRxaOAgfAsLXdpk3obkEqTgB5-xzfHPKb5sod6Di6MdlpRS31TLd089Z0tGCx4R8yNu7PngBPzcJp_KlwYxNW5VGR_9rnyNUGpIT1Nv5fUfDWODBts1xzAjkjhw-2Yhe8veggxq0qhZm3v8UEfLqLe27fsc0hkL4H9MdjzUSNHZMPirihCuFpp75B7F6LyC6TIBFv1ACg_AAldPmiR68XGoyWJEBM2b_IbqPLm6s2lxiuGABvcqUJUfqjKkbuiNkJSFTh6y2BIsqtXKaZfKD,1,1,JFK
Budapest,New York,288215,2026-10-15T08:20:00.000Z,2026-10-15T14:25:00.000Z,2026-10-20T18:20:00.000Z,2026-10-21T11:05:00.000Z,5,https://www.kiwi.com/deep?affilid=mihalymisroriflights&currency=HUF&flightsId=0b7720a15105000029325c52_0%7C0b7720a15105000029325c52_1%7C20a122f5510a00008d2566e6_0%7C22f50b77510b0000f65a2221_0&from=BUD&lang=en&passengers=1&to=JFK&booking_token=HI0C-A0dB2n_n2LfeCRcDwdTMe3EhROeh9ro5skbS557LVKYv0OxkdtfOTaPUreyheLm7K6VxMwr9t0IFlgf9H0UCl55dtJVROGJNm-G87K6heKOTcsXDBk2JobO9_U20SvUic-QYmSvBsAuWBdjc75Afi1KtZr0h4L1Ima_sl1WmWUyvUNWhQAI_hkXJdl1E6KXBtTumhJ_YetyfoEtWTsxOy0IPTWlGdvpID-N7YJfYocTSnMZl3y0yEyF4faVVB8dI0wogAZdZsdR2b15NL4tlBVzaFY6lW3ZelPTSoFy8P3soNtEEtdeMv5di1tLGqrr6YeBuVxjgZNpPFnl7kPEDXDiIsZD4wcmgzd4-xXOGB6X5REYQaVPxOAShCyQMn36lSTumu_lWd2R6I_yXSfE7HS1rL_9pvhasSvDonG8jiK31OFiV0EYnBGbqZ1wefIYqQ8XfJjZJWSAjXPdHeI3eALrRtEdp5vO2C7zaAib_9X0VWRjrX7gD8VVLbypduLSjOi60epSB7eq_GD_Z1Z_7kIHIpUjqq-0mwDqKbkFC0WvqTT9uUZwvAFqDTMQtrQ6Y21t_ohgh2jCk7iodZ-NkPYT7EgvGP47-eY80muhYWkv0D4RkhgdZOy-4ZBpOVdVXJMZGL8YBMaTYhrSRlw2NRQGq4vAbP1uHXJA7RAqkrzOuhdO7bUDprI36G4dkTh4X3dKV8yxuEortcEwpMn5KyUb7xEZIDEFC4N6cYiJ3NkXxbxPcsSk_0VDZXtCVTU5zG3qORymPrYtQHMz8BgYHE0ZVwxZDFuZokS0JCe3iutLoi_bNHJ0R24dWd82eAe7v_gYh7I633nyceez2kODHB9uGk23_3XcjBBUpU1Hs850ylacAcB-bqoZyzPobl5uRIYVtBYX4Wv_IOq05qZAxrqJrXFPq-ENhzyF-Uf0xzNkXmxZbJsy7n75296tnp0Si77cTBVkthThyUMVkev7FFQ-IUshrXUvvsWEK8tryDvLprXxsmZ78HmPZ7KvHCZYL88_69l7UgxG1RRhTBhuGA6EJQ5SBycDfgyULVb2vF1eGaOxr9cxnlIQnhU48tnH3ECunChWymLy4f3AJKn3JCGO0ef6HGp6XqnSmqWsB5g7UhFZd8RinlI2xYpsL7cc2wBJUcD3FHXF5reBDTrww-75zFKfFDDmCQqjbnTrffrsnHGzrIBOyVTIUoIslfdSBvB5DdBTV5indpiCSHk4VX82mBaPmMR4_E3H1Yx6uk8Ji0D7qoxyvd8--K4Z3aijoBO9_anA8BJLyO_F1yJvEM5hBdnbN7kK8CEM6b0s3V7kHWXkgaMCzOYRjaewW,1,1,JFK
Budapest,New York,288557,2027-01-09T11:10:00.000Z,2027-01-09T22:00:00.000Z,2027-01-11T16:25:00.000Z,2027-01-12T07:10:00.000Z,2,https://www.kiwi.com/deep?affilid=mihalymisroriflights&currency=HUF&flightsId=0b7701af515b000091e0f8da_0%7C01af20a1515b00000783ed31_0%7C20a10b77515d00008b25fa2b_0%7C20a10b77515d00008b25fa2b_1&from=BUD&lang=en&passengers=1&to=JFK&booking_token=HiiW-pLeS418uT9W4UODN6idbWy5v_ejvt7WJZiJLETboDl-4dij17UVz5GSWOiji69X9nwylUPlKT1mLE17sLSuC7QxMToihjlp1bVlA7KbdmBGSPVoTkR_r7Kedvz0-Oj87dkWScUa6_l8VSD1XOBl8ceDRqkLifevn0a4GESIv1nS5Y6iAe9jecnZrZIquN4V7eXIiiFRQU-NODnfQdM5FMMyLQzQWJwy-HMgHxPxtFX1O55z0GtHL5aXp_kImCtvT_zP12ebQOoeaBXyIUkyuWUNokl5rWc_FCLCRcu6a9pGOE-cpNSyOFLvjqKpq2sC5WZ7SyS3T7-hmB0xP2Q2LOs7z5B4GgLjALjPTIiidGJsHxXpK3PQv1ucf-TQ6dy2UNAmTqQYw0BkQa3WALrpCWOK3fSiHOSBYMYXEc4FrQtDVCieCB0Z1rHz14XOQbR2JHdUHzJQjpn4qE_Fobc9uSrArk-oezUIxnxomO6vBJ6rbdERwnUll1y1wToeTBU0x2kQ19G0O7oO3jz2A1tbIz3nnIrQuCbKDhgeqn-dlOA-H3mZAPDHWeu5W5yWPaqbbhrmorkdcVb4d_60dkIMsJ2InI87khZ8cpM_jnxZ0eAEbZ2mtX9mghO9IQjvc_gkiJcRfQQ6ccUF704h9q6QeaS5AtkIgC81s0d7d2pex7ZP5YzmkZcFvaHMtAxKIYdw31if3GvNZpD8jTqj0WIk0XUn3H0Dqc_qGh61Yx66SrCi6Lrhw9kwkwY9zeQ8V65EJBlMutarwagftUOy2wpqvc6NYi9RyfzJ_Equ3D4fPnsgzuD7ZJXee5z8VaoIM-GV6bOzgo00nHc1J5HxYYGqUfyYD7Bco89mnhKzgnIq3NGBx4FH-787XNv2irIo4-L_PGJ1myT1lk4-uyLHE-zB9gVqBzClK33n20g6ViKQ8Of3IeQfXKCRxhcKhEwLnahn2Zs0cqJ4jA9fTPvQdMwuSWYE4OezYlMKBmGetYeFLQt0wkM09BXCbMWLDlYS8f8VIhjJB4JtsyPU44Ba2ig_qwJEbfM_fri83_goCtKEm1jbpTNsCnXMFSju9T_wMw6rkR0B-YWG9DvRC3Pa3WUyvLW7O4BulDv3DjE_n-suDi8YitsifI12x5xp0U3HNTpsmifyqrL00vT2cYaaUeS5OXjcNCQzq-3F4oIUQsraPLM5SuA0JdhbQEQ_LXnGTzUGKf7xfh8ShmFXGJHkqx7bI6Usi3cDTqPWn5-gXAN5S2iuqt-QmoWhAgjqXDxSk8IIeL8LP_qpLpBS5BuSuey0TX9u73R0h3Lxd7q-qZC6FoWA2XDoDE6Dttir7-Y7itBDllgjPiI8Me8wDR0L096JrnFYz9pUhXhODRfFIrC3nh-rQeuWAxMCH0AWXVX8U,1,1,JFK
Budapest,New York,288557,2027-01-09T11:10:00.000Z,2027-01-09T22:00:00.000Z,2027-01-11T21:00:00.000Z,2027-01-12T12:25:00.000Z,2,https://www.kiwi.com/deep?affilid=mihalymisroriflights&currency=HUF&flightsId=0b7701af515b000091e0f8da_0%7C01af20a1515b00000783ed31_0%7C20a10b77515d00009187ef90_0%7C20a10b77515d00009187ef90_1&from=BUD&lang=en&passengers=1&to=JFK&booking_token=HTALRWKDjRBun_hIe85X_XGLMndCFiO7gotAMUgl7dfaDsRPN_Bdml61e_TAIafryvZrD-gbXV7PX3XnZDnmugxm99H6BxlkowUUWZS0j4sXPj3pkRng0ajN5GF-RUF5Cn0cKwSQm1dsqYWGpJhNWweyogbH6xK10zbMv73dXVeKjNFUk_tmJJb0wHvb1-6BES9KtrO4jW8px4gpGh5QAOUkVwfk6lJ6-GHDjlHGHso4bIVIpYtIQFobbk8W71QkCOtwB61EyUS9PJAFeTHeCIw0HKqbxqE5DzGNkm5xg2AqjGItBP8tdXMzQdt4t-xkwQOjKsln3HfOpTywZ-rqrVeKeMqN4c6F_a4VVAS1h1si_EgtM0F9HG8aA3wJQfCJt7xm-JOpTNb87jQYJHeXo7kRHCEW_Cmua042eBy3E_nVPHcYuDAfM4sgMLB8QXrMBgPkQop7UsLPBEQAH5vGDuNK31BwaV1RgG1A7DAYAJlxCl-ZlRN_22UZhutQYg5xcAH0UoLYjaR9bZoMG68LHQCyb9-zBjAIUmHgxknr_-vSp6939ErO8Nz-YcYXcLX_F2kIH0ygbJY719-cRSRvDxlhXZyKMHk1yFuPadUTBGb3LoaG2ECpZjj-Aj_wEqDozs_lc0OYokhzVaT1OAPyL8OJWfRNUwznS-npjhh5Dk_whSrFYMzjWHnKfOeDfYSWPJBnFyIwgkTQxFNwLQ5BGKV_0uQdIkovjT5tkPBY_z3XdhWdHTdckHGeEL5UHo44_BPk3OIRqJnd_UlHJj1pP6celyTGuheEBx1FfGeZkkNoUnHUZZcmyR1zxQkn21G1AGfgbNIVwatN0K0Cevkp20RjAinoWgi6_xIWmUoxGhTL0hVBcjKYXO71Wyq_J_KV9e2e3r-mPPSRpGfprKils9v28YBboPEiQRy6ONHCb6HgxcYx8xXelzWOwzQ7kPMld1PzOtPNQSnl5bmYobmOT6QBc23SH_t8R0a-xzhZsEm6Su_fVTUzLspqp40exDlXbHsLSA0G9q6ixEEdS5eoiDfjmBvWf6fJ4ftlAt_eNLslxW6b9VNA7yUCzwxkDCTzm2uXbUq6r6O6lJG_aP4gwAqx4eD-NCeN1lnCJP3D4WDEb0n8bO3ceLpJS3GfePdo7SHcPR_3V0pqSGDtYEHenFaU7r6FldfWJ8IAmWz0_drywFeqnr5oHC3nVmWmMv38QoLjZrOyudOTapJHbwF8CGRVSyaZQRsPyVBV7_SIGPvnxE-LceOjgjSU_A9H5ezPf11mT2IEPwkYqjRr9sJDgdVkofDFBifM-_-9R_VPzNhMXSYyR6sYqVxfOtokfAKGBqoFcnBMSe5BRn5QcoasCCCo1HXcf9tAxH7p2SoQnyEo=,1,1,JFK
Budapest,New York,288557,2027-01-09T11:10:00.000Z,2027-01-09T22:00:00.000Z,2027-01-13T21:00:00.000Z,2027-01-14T12:25:00.000Z,4,https://www.kiwi.com/deep?affilid=mihalymisroriflights&currency=HUF&flightsId=0b7701af515b000091e0f8da_0%7C01af20a1515b00000783ed31_0%7C20a10b77515f00002900e04e_0%7C20a10b77515f00002900e04e_1&from=BUD&lang=en&passengers=1&to=JFK&booking_token=HzyKHSyzLGMM3GRGewzZDIsBRw949lOsvbm8E3O34MDNlGSyHgT6Zi6FtjNmKR4FeJT-CMV-2v7WDJHVii5JMTbnT4P1eNYAT8ikE3o79TM1QCV2Fshs-A9vgspHNCvUMMGJmHy-bdg65dG3cNMoYOsO-CpbO44eDw6vUlO1AkzJRdUjMh1HAgHAMkceY85LqedX-9lmYWCAIHse_AqxzmJCsq6eHws-zAkNkBYmueWuULCHNHWofHPV5ZfusdKUs8VfNe9dZIYbDNL0B-BLWC8q8URJZxPW37MohPhqGVCMvv4NZo-zwfuaKvqqPhwt_16cAjZwV6w-_CEA4Ka_60KIpLvk4rb3__qBGNQ-iT6Lre4v3SRqeuwMWrUEJiElWH733JUupVns6KHnIGNuuopp91YmvWKyBA-a1sBeTebEKXupo8FjCQoQctGmRBNc9k2sgBHjSGjVPt4OMCCFDSP-wB9wgPyPV9vT-QwXGW9IRuqXTO3QqZ8PQVckVokTaytTZjFPHD1TzBOi6ZAverMNz-8Vj8_5sKi4fVWgWAuLK40F3M66VGXP0q0ds0X_vRiT_v4p7L-zOYsE_eDXsBN5Ec_Ik2JMxrIMg0v1VtVvXnp1WntjKH-F9aYxkriEPT0yREK6HrRnNFqTWiqFtt3sbXIIxns3hYd3BOY78oeXmPFG6TRvOkhk6psG8iMFZitKVZ5dHyRZlUBM91iDnmRlES37PtJySRKlydh1Kms6BFDz8eAOAGP8bi_9L8NX-_Kh-GJoRG0kn_rgjAprhtdx88w5eA1jjt_2-ussmvroQRw8XjpoZXFaAA5uBYOte4NORRd7U0ffT_E6iF_265z_MbWlhkenKnCNbV7mqW8supz95pDmAwAtJmIHzPz_YUd_fqSORSda3cXajpJZ-NUwSTuMbrPM6uM6D3d85a0bZzBPgwcnRONbBrXkdsLCQhIVAE4iH4wwd9-y1pO9-pzqxMcO3PLh28XJS2DJ50BTwUVwMjJkQI6Ydxy_EwhdmtFU5vPYYHPhl0eCpNKtHdtvfPCAJLGzvfkWFIpj_ZYaGkNWn1P0QcHzs-IibeX_gQa5v-kknNLdJ6KXp66Nz2RYTyW5BsKry_GCQNT-1KJoXmS3zVus8TfsxcVttP4bfR3bJwUDeeXKi41drsO8z9NMI3PGuQ7A8KPlNEZjKzFKpY9SkCyAOHi2A4cKuJ2-o5irSWqvcSi4GcRNC2pTLr_DVjhwHtcl79AKY5h7vAx8BQIMgNhu65ODFndNkImF1k7I4T_rugC4sut2fAlv5qvPqawDu3lW5mapYJ_Lyv4TQQuh3gBJTjbfEvn5CxJx76Uori-P_9zAw9q04GXUBKYMjkKvkZ7oVTnJjRGA1F9c=,1,1,JFK
Budapest,New York,288611,2027-01-09T11:10:00.000Z,2027-01-09T22:00:00.000Z,2027-01-10T18:30:00.000Z,2027-01-11T09:35:00.000Z,1,https://www.kiwi.com/deep?affilid=mihalymisroriflights&currency=HUF&flightsId=0b7701af515b000091e0f8da_0%7C01af20a1515b00000783ed31_0%7C20a10b77515c00009a9a4d10_0%7C20a10b77515c00009a9a4d10_1&from=BUD&lang=en&passengers=1&to=JFK&booking_token=H3tkZpI1fibsVQkUfg3rOIQYRttweVjAXsJuXSAjpguikwlTQ6_4r-AXhWIcCCWBwQbzL3GxnfBU3ymenvGrC6QSVTPKwpv_g-Otu4RaLIkwATYEeeofZAiF_5aWoik6_1RSzgUjOXYndDzsJoEcS_KCd3M-4zjpAWsK3va_FvidhMxq82dKl8ztSaDIvDbzGug09WFJynzskIgQHKbDIyT1VdhtdRH5C8uLjTdbq9Y5MuP8bR3F9DyB_7UuWilSnUb7coednyUJZUpQno_ujebBNhunjIo-aatqRmawJekg9EnwgalESnOhhZd-ekwQcsz59uV9zS_AFQycY9B3CGSiccES-O8yRyKvdrzM3I0mzTcDq_gEOvXW6o1EtS5IeIMt8WENhxYa-H8zo1AYJjuNcQsVce_FyndKU6cD90w8EJkWfaizjQL6vupufrCgAzqfWwCwEjszxEBtmgdY5jBOmK4YS75a262lp18EVX5Oc8MVKVndKge_Q2-_J_RJ32gjejF7ehzfz_c-EGqhLA_bVtjGUUlnRK9eIDv2BfjR8VxlCJ8ffDalrvxxPGtBN5MY5qfY9xlbnOess6NZjiMnPWDPgCizlqW_ayoY_rRolreXlGKs3jDVPPMQeWwmw9k6m4B8C8GsLcViQ0zHCzdDuRFTNuFPQcXKWY2G9UyUEAo7rU5Pf6HHVJ-tF5tyCfDObGEqbdvW-4lTo9DEH3vrAlQ26AJ04lRuGW1VWeUn78jEf3ubZWQZCZB8q7bg20RNGyws9Jg-UeWYd-2Q_xtREdz94xe4t0u8EeKhnXwu-mgoj--oZGM9T5WXADj3CbUBf80CkYYFTcJRjYvO0VwFcLIsUvFSE7RirM3bHDpePs3OJl6vRAcRgoTncEWN5EsnIhR0zwl11jtY0YM1hzrX0m71u6hMxhU650k_n1wOt5vR8KI6A81jKezVDz-DtJWSEym7jgqN7_3lviyx_TkKUK_CjQ4N2EOnQkZUEusX2W2ujHISe-gO_Hx3fPsT0dLX9ipaybhERgGFVQHceqdCXAceFcdHUsfzhjaOR4OM4J-XoaC4p-JXpQMB7PjvYWbdl9vsqJPO6m8mWUj5nMAQfIaDnwa71aESv4AcZ-i4k8D7fMakysMFfBw_huaE0l4TsHTCiqBZ0wNkZOlWhH-1uHOv4Nl5ZGMcAfcpBUqcXG5DP8THfQPU_9oOFa6FuSgm8IjlUg_ttviBdKyiGDoF_gh996WkDzat1JbiPChOrxu1Ezg4chiooMcUZvMiUo7jhPheboGay86gChZwH9HvcERyvDEFNwan8Zjt8jiUUBHNDP7UJbGdFtZMbYQhkVn67NXLpiejF_JIHiT84i55J8twIahM08j-PQrNUeQs=,1,1,JFK
Budapest,New York,288611,2027-01-09T11:10:00.000Z,2027-01-09T22:00:00.000Z,2027-01-13T18:30:00.000Z,2027-01-14T09:35:00.000Z,4,https://www.kiwi.com/deep?affilid=mihalymisroriflights&currency=HUF&flightsId=0b7701af515b000091e0f8da_0%7C01af20a1515b00000783ed31_0%7C20a10b77515f0000920d37e8_0%7C20a10b77515f0000920d37e8_1&from=BUD&lang=en&passengers=1&to=JFK&booking_token=HZdUYxMtTcyyI-YUad57Na2x04SWHfkdrCz5Lu6M5eHXOAvlkCqsTMWyicGg7oslOTRyO2fYnPLlbD78uXAN9fbsc2lsY7I-kA0gSCuD6Z4LnLQuVgkSrJr2oPjKFf9VCTkdM63RPMiOGWaxI7w7lBFjLvMdafyXQTiolPLFn7G7yfugfsp_SdnP2vfQuB4r1xSEL5XZdSMEOFzkKavCNEsOyjyhwGswcJYDOQudx1xmSTo9YR6gsZyw6eNWVfFxS11aQFxcGm_C2GhOiMpB6r_rW6_9heY0VLTBsYRruH4_fG7SgnvcAP2xJvZGEWbeC2u-hsqVhLR7PUQfUF1tKjcdb0j5CkWFrQBgvZ0sin1GRhmBb9QOHoHafHM5STktC_VD9Lw6yRAsC-5_Qc4Y1Qc_WmsYO2sjq3lWBgQUCkMknfCplaVOaTwXdrGKVICsEbfmfWB6ub9rkUbHimHEVi8Tf2ZbfQarqMpFvh0SxhHuLjBWp5xm92eSWiapucNIWcIMPciI_CIZ9ZdY_sxoSJRrLejq-NlgU0V4-1rqpCAMIZMctY1AI4jDywO4EBArv_xz5TCFRTs4L9CgkEGlrfgBSnFc9mlrOmYNSogwdAY81Wy18Flb50liqNn_volTUSJRVD-RpXEvd-wD1mlbv7HzpWkCilR2smGQl2QjSoT1EG15Q6uTWSzmaE6x1CYiHKSK8-GapbZ4hzb9G2Nd1oj2Fqs5Za1-_nLmhMaB5wrZ0lBuUijp155oZlNAX2aK8eWI_3XOWmn8OhlPPsAtODrV_MwOW-xB8pla60D1GwZBkQhX3gOGgdsxaaPnj7TmhUQEwTV17IGkZRGEv7-7dzBiAMmvK_dslCkqGpuKMFxaU3olr2Bbb7EE1Ky0HeXcchBfFe4Iy_mcMafhz_NPqmsTUnz6ttBacvbvwij3P3kFXiuQtD7VhG42JFi44fTSdb_gq0UqwhEzBd7AsugwQfjZ-xVg98mcDOXRHx1IUFq4QWiYLrk5BFznn-wSuRbh-XuAd8iaWcuhdF1lgs2bWgnhriLV9GQCxP9IM-A978SbLtaV7f0f9RdV5-lFBleRsrJyLhDiNSTly_tkkylTfQXXdRwlDJnfBef6XpYtRagI6Z7crTZ8ebSDDkspX6cTOCu3CRGVhcwLy422fdUmN0exJd2rYXPQOgvrn-ssfhE3IgxnooNYXtEBdpfqBJ4MmOXeDxCyF0F7Ex0PBDrdbI60HL3JKS2IlLhPrgx1mol9r7DjSTDKmeg9nYziwlssumPzofWbrkkvCp8REfcn5FRVpla7wM3RhfaRPvHfrSmvOePXu-CIhSnhZAIyZC42bixvpzwua2Iu4qhkgUTISWyLzA1lZpF7i_VdIhRVBdwY=,1,1,JFK
Budapest,New York,288611,2027-01-09T11:10:00.000Z,2027-01-09T22:00:00.000Z,2027-01-12T18:30:00.000Z,2027-01-13T09:35:00.000Z,3,https://www.kiwi.com/deep?affilid=mihalymisroriflights&currency=HUF&flightsId=0b7701af515b000091e0f8da_0%7C01af20a1515b00000783ed31_0%7C20a10b77515e0000330d3369_0%7C20a10b77515e0000330d3369_1&from=BUD&lang=en&passengers=1&to=JFK&booking_token=Hf-rBuA6ftsrW2GcfVnrns58OJLZ0borXzLCNgk66jgHqzQAkkElysr6Kk0OpMxGrsQw2FQMi618xSNr1MBQFvEPLPifsvdwbuZEPhj-_75m18s7RJoQMhESdMqkapVOnPUdCyV9NF1wU2xJ84VhK41D-Kyo0I_YLhT_IzMuvSlJEj62qu8-dgvGm8frSR5mBOhCUOAexnmVYo9lTSDI9B4-h7ggD60K2k2G_AHm9SGBYi-h-Rmd0KA5mKF6hVa4lyxfngzbRzhTKPb7W8omFP_Smd0Z9unCI5bbyKr8svf38RHfaBQvVr-2MdGgZZBTsCItnigbKNO06d_pLPkzGzobhZ86Nx1NpaIG3oeDfYJcEemxjRVwfTH6C9IRXxgwULAwqPKNciK6NQZGcDrpqeWV9QLlYz_B8kWxyvEUYHT3Fsak1zVU9B27p81_J5WtT6QBkZIFc-Tn0encpzhpITLILxqmk8fCX5l68fLxNygoY7ozjqyv8lLaZE3zYdjGKTslWAvXrcLcMYknmFZ5UcCNFScM1EYKgTelAnoNbj2z4ae0QGKF7sW8ELo8qu02lWhML0Jzm7GlW-jP0NZ1Bc4fUBuD6H0eWX-hNYNif1_T5D20Y5GwHcwqAah6GNtp39EWi8bGu4qDq-s7HmJOvJTQxFnv-xZ0s7mQW69m0niVtS9dyS_qxgv5N9FDux5WaCwq6tY5-YyBk_iCjusUiZ9ShKvCG2XaWDUE0uz8VvIDvcSQyCTPA3a1mfWTQ6t2GYOLlrZoVuj9x4qRzyjQ8EAoWhenao6WCBp97O_Bk9uuPTqHYc2SMm429kHuacNMVteyKvflxxj8sRlmaLpKN2iA2tcTTWH3ACzZmT1aSpFaYhjuM548Z966G9plFre6IuACCvRgd9hOZjE5PfNQqDCyu_D-l2AI5Z1nVejNuLqfhXagj6uPC3j1JQO4OGZmSlskoVqpLDn7S1egIMa9Pru28Iiyiwj503zViQAeJTgo_VJZW9r3rzlcTMG_ih2hVzNU7bgL3MfKvEWvOAeKisY6kAKKbxr5oh7Q2O3nlVvfI8QC-vxc-YA2sNANXbyiV8sFVsv1uQG2f1dXZ0KcO9rgSL02psWD1XlfNR_tMwG5sQGFjD1iSYFIeZHU8l2W-qpPfRkR7BURHkafAdP0nQ_Tlh8w1y8cSf-6IS3WKPWpgtBn34k1du9_RU6wVC_1wuKq4tDhiv9KzbqHocDzcytYBIXCVzAZwwb_DiRVX-_C6iPRJzkSOK9pCnG-luRW76tkBns2PpD9A8UqFb3A4fNXjdLgYn32e2rE4LDK2mDhJHWzKlJyNK4zjioDGAB-ksM1qSEoOWX65Vr0LWatnr8ZuukB77g_xQVhikaLqz6g=,1,1,JFK
Budapest,New York,289084,2027-01-09T11:10:00.000Z,2027-01-09T22:00:00.000Z,2027-01-11T18:30:00.000Z,2027-01-12T09:35:00.000Z,2,https://www.kiwi.com/deep?affilid=mihalymisroriflights&currency=HUF&flightsId=0b7701af515b000091e0f8da_0%7C01af20a1515b00000783ed31_0%7C20a10b77515d00000dea1017_0%7C20a10b77515d00000dea1017_1&from=BUD&lang=en&passengers=1&to=JFK&booking_token=HOeu6cXRDucQZmaV4gGN7RBSK5Xkx8tOoxy7_6rqJhdZBUEJ4YS0L8_lzhL2c_Mw8DdqMH2b-9mcDiJcH6D6kl47jE512LmT-qIfSzO1WTBACCW0TDsHqQpX-uPoKCz9ijsfVarr_bnJzLy-058yF1LNWPWBnEA_l35N3Ie1Ik-QyaCdCfwClR2iWWJnGTZ1siuiZIVMUqmVfBvdRk7eWOtU9mbfMai-oqskCG8WaoPkTJeLVGVUB_OuyceBsOAcvchz9-0CTAwenGOWXVdYhkyaNs0V4a7e-Wl1lQRYGGBVT0OfE4Q1XsR_vS5-KRGOcySXBfXpL5gU_j5hBifsTBWb4inn1kylOe5Djy3W78X9iPTJJifH_d7AkwJI_FhKZkCCl08ZM_byTlkTrWmdyidspdg1Hds7myZqPkMCj5wZzUN-wl2iP7rgFIuBZ_8bVstkuE-urEadDNypnMVtKJlG4Q67l6yrL0NheN-jLCUPWif2EVymmODX_-HBfpb5UWTfQV5l-wTF7HhsmE_xNwYlmvH65DyMCUkARiewuY3Z7Suxdxis02wm7suHPw1Ih_QfKZHjwz7JSNxFrWTZEJBkPCdMppsyv9kD3yJKZyH7cHNLWnVXDZs0o-31bao0F0ILo3qZCkncdrrML1KWbleqNSw99hAq_zroBo3ThXkqTKK8Ek0Xtq7GGZEWySoUrjs9-EaNGMgtEILTPLe4yI9sPZ83Kyi2lLSatstr8WaQxdcW6TSGgPplNm62Xfwckfotrr1pfFZJSZiKRNInnPGqAYmIYp875em7Nhl5Ghx2dCRIU2kZKFARIbH_JGHj4olY2xXTB6EmVyY96yIkLcas7SWMWMOI6JfSSlpLS9Sn2ZV9bqjwxOAcYXmPWokjcQu1IxtuDJADBeOkpuzCp9rIzqfwV0vPnNE0G6xMENhX1GMsakVznChC1Gx7p6YpudA2pt8b6C73lB3l9aePfDgIEoYUxI9yK-ItEDJPOldh-LVD8Oc1ZQGPQcA1rvJlBgHv0NzDrTwDHkPrPQX3rsmPQbNoj48ZrDm-hX9Ynfbyj8oysjzDEpz8XCIfPIfAoak5ToQ77iKC2EbyS4IvJ9dtWJLflR5bT9PJNx9a_IZuFmdgH071oz7kPqjlTSVPjZ-FGduzqvJkIKquTPzkBpGzlyTsi9yJGkX3rQFVyTMCn5keD_ek8A7PWcih3GUCRmVdP1bDKNEZ8SR8md78gDA3NVgMY219slDhaXU10OjNYsOuRMonizz4TfIRgnhl-0xMJBvKxTtmoOg-IW97s6aaRgLoOY8T3i-cSUk9LOWKMSqC_m0xykv6zKPQPTrLY6ZGbvrawpk_IPZ-8Qk3r0KiV_jGYPsOh_99Oo-nF6o0=,1,1,JFK
Budapest,New York,289269,2026-10-09T08:20:00.000Z,2026-10-09T14:25:00.000Z,2026-10-11T18:20:00.000Z,2026-10-12T11:10:00.000Z,2,https://www.kiwi.com/deep?affilid=mihalymisroriflights&currency=HUF&flightsId=0b7720a150ff00002843a2b4_0%7C0b7720a150ff00002843a2b4_1%7C20a122f551010000bb419555_0%7C22f50b77510200007510b920_0&from=BUD&lang=en&passengers=1&to=JFK&booking_token=HU-sst_eH6PO5PfiaoAUI6ZnFEmu2C2xYu7XhQ8ev-dmoTk1851VFAVCgqQ46hLvTXIJKDQ419y8F0t7OyBlfqHtLZVEj0-eNI91S_v-vhnGVPP6DRPT6H-LyY4mqS_v2r6axDbPG9SQGNfjISJBlxj6cNIZF_XcMYuOk0UH4qKydDjJP9PnhH3WTx_5wNCh1ZnVK8B1gwcYkb1ROGuUMHDeBtkLYsOC09n7FqaJTRh281ujSrRQwx1Ow3MgQxZbB_nSPGTQdZEfZeQg4s91WLNhQzV-aO5V4aFss1X8KseijIHD09Oum7ZYj6KRJ6wz8yylVs9_cs7GrvZMI5eDyqP9W7OMlLO05ysgUgv0SiBWOLvQLMMF5moRnG88UoAR3ma_AurCwjGo_p40uAQKg_ic88kUrJnk5smEYqcSAzqoK0HNkHDYksr-g4fepe5oJCGoQTG82CtkHwaLSEXGka8w3x-GKzZ_8bOArsLNReIjCIsGg51vybMAJ3mEf2kUNLzJ7SWth4vpEuN20hFxG7nHvLKsqlSRFKD3a1alRF40HDtN2DzYsOxxo57nymKVrgKO0RhdPMLgK4sHbhXyENO3g2CFTaNlZ0kaOtIIyLJYw635CzPNwWtNxyfFx0AxJC8w1_vzjq3VSO-jn4pXPz8VctjkOz-XwA7DI9VdOk9II1CVFUz62k9YRTSEGy3QJB5fiAwJux2dhszjGN1rk_1s4EepV6nTsRF68J_qqtv1dP9VA5HB9nc-qdCnxYt8CVno5soV0d5GcEodAkR4BZnDyuy6xuoZccIaEoXGstOxF7KZMq5bCB8Q72Vqdu0fHz-gfAD4J8zQNvAOhlqbRcZZrbeGsbkMpPW-FkUoFmTdJWQ97L4k6DmRtz7snzoApk3DM27cw_ZgF2PpUB4MKd-vXrjrWwTgkzU_rcIhAEZ3821vAf01mcIIZCkf0DlLwbz0GiUW6Vc537q2FTtlHnqYH0XE-wIJU78V1T1n6tgxc6RS8t8IcJgt00y2dR05_8lZsBrVxchKPFF7seJ-2xZ3_U5u42irnlk2aeSPa-pNfK-7DPZGTokJdpDfhbx4LVxwCw6xBEzGiPtn88TUt4oPbsktAaSm7IarI42jaAip30r4NMgLosDbX7VOvvRvyiJNyPZYptdvbQMp7AF-hBc4ILxg9NavUqt6XhJP5VZ5qji2K1Y-oV4_CE5ys_TQsDesDSJncRZeGbZcHF0UWk8It6OLB9y_k6mCI7mCaQQW_SZYfAZykTeu1kArvKPwSRVvFHziIJhgULA6zOEWfz1QWWF5uSWMjfDXpskic8bh99VLv5_3B-NcW9b3xempB,1,1,JFK
Budapest,New York,289269,2026-10-13T08:20:00.000Z,2026-10-13T14:25:00.000Z,2026-10-18T18:20:00.000Z,2026-10-19T11:10:00.000Z,5,https://www.kiwi.com/deep?affilid=mihalymisroriflights&currency=HUF&flightsId=0b7720a151030000ec645d64_0%7C0b7720a151030000ec645d64_1%7C20a122f551080000ae0beebb_0%7C22f50b7751090000722781f2_0&from=BUD&lang=en&passengers=1&to=JFK&booking_token=Hnpg9nzn11GJjGujD6zYuV7cn3U9A5XOw8pa0KfR55a7yy_fpLv54ImsQLGfedF30qjMRSWeR7Caf_6hqDkXBfMMJnB1rDeDi6lywXBniP-uZ69LLqfUEqgbTchhLNOSvhqgU7eppewtLwWXoQV1E_GKyuk4qRtznHN4xEt5BqWLM52waEFKt01D3Hq1nO6gu0jyV_w82f2sS-P2JLVeF8oA6auytMY6gG7L3Ucznfc7BiV0CgtLZKOVwMNBkCm11nsoWQDznQsg_FchrkS6z31_QwOXe468PndSnS08n15ELqAh3OsKrNja0MWXstsoh83fGxcEOLT8uepsvTvZn2Ow-SBn7unjK-uLDBbCEaoDl29OEH9ydcl2IDrpSbp3Ejx5EQsfrtrT3xBTsI2MtVIK8GOFjmk2rk-mxLoRqH3ae6RY_rUE9imcadv-ro9YyYFCeChSwTX5q11t6oDVQdBv5kuthAX8FO1fZtCq7jiK6BaKBJQhXhbofz_8U0sqTmpDKIWxcJlOcGQ4Oe9PL5jSmiGgTCafe8APE03dJhFU4kNC7mR_XG5-NkoBTu9PMFIV6Iajg8CxED3q_ZdeDxfJSDW1hTSa32ryB_3MLYdsoJkA0gl_aNna-5pHhs2FnTd5QfYYAtWVAc2eWluxUH5wvKGMaONEuoIt2Er24eW6oxgjyhYSdCqcVAlRitvYnE1eRiHnX4II53BF4SxPw3_lxKgdyQsXDAfE4yns97bnZtkd519tZZqnJXJfM9Y5KYQ363X8FFdPnTH75uXrORV-NE3KIBkQYXuOACXOimlbbz0F0ercor6ibDFwBBJGkjZPSZVBRwqe89RQdqqdXFkMzjT-89JpCNTY5z_goDnaAICm7BrZiUWJw7DEK0PNMElPsg5TsuXwN5qsSJ67ytT8axft0YK6k5oYldLXdQiW0DfAfdKB5Hvw92rbgSyGT_EJkYM5dwQ6a__UDf9YQ3mX1WggNLbnOiNdalB1Ev7pl8t1-HgiZwNcIZK0rngDdZEUazay5h43RuFTMjkFzBG8kyzP-gJreu9q9zDtaPFXEcTRbXoUcQDcrQBIb5fMoGsCHwk7AX8Lg6ATF8AajA9XXUL_CMAMeGBdokWMNbhDRTksNukGrO2-deZvXMCxSX62Fkfdnn62ugPgqZBI5kO76mmr8GDBAHG_GpSztBGmCPAJnigCuZyLt00WD9mqZiEd_z27V_qpihHWxz4Xj1NsAEwkhkXqjHgkFoG-LZlSsBRUX79r0XV5BNJ2TiROTrYk11QXJhk8yJK2qnE7RechAzU9kkZl1l63q-ejD72lZKjPHET3OZiMjvIjMybkBmF_r08HomJ5bf6BWw7RARw==,1,1,JFK
Budapest,New York,290055,2026-12-09T10:00:00.000Z,2026-12-09T15:40:00.000Z,2026-12-13T17:30:00.000Z,2026-12-14T08:00:00.000Z,4,https://www.kiwi.com/deep?affilid=mihalymisroriflights&currency=HUF&flightsId=0b7720a1513c5140f023782f_0%7C0b7720a1513c5140f023782f_1%7C0b7720a1513c5140f023782f_2%7C0b7720a1513c5140f023782f_3&from=BUD&lang=en&passengers=1&to=JFK&booking_token=HhgplUFMra5iexS7nG9DbUoA9Wyz6WkusWHdbFHiww9UldWJRY3xKFi86mUgqP1PoiRIbN3o8xjC_52WJmLWuwqGO95MH3HwGxIB6NJbDy4icgNVMlbD-_R3AzWt_a2uPFHQim9I_Yw9FhpGGfscDyBRjTV5ZUMIL1PTXE3LXWIbZMX_T8RTa9tOibtXkdl5qbcqPb9PVRvweCDiy9KyqLPpGIhRTlyB6CpQ_HhY6LheOTKaJ-doloxW7x08zGRVbgCX4C9YbUU7GSC09PlsgQMwtoxmdUXlUAKpK5bkxKOcflnJ1FMTr5PH6QVYSA_YhkixnVnF8tvp4hs6AWXWXnVa5fX_0z4lzHFYs9zc8aftKQyjFrTwLT2DjbTirOQZkPGNW335DRwU_tWWcPIuvtb74hg6dQIKQRdeexmUn34-uZZPSfCKjXU-0WBTgOBdBDAXvhBktULCs3lrt_7V9-W2lQ63nNesnNqPqWoXUhk0claEIpLKUmwQWEhf0SnEBCWCZBDUa9tahWDLbVc9t9r_cI0O2RDXk-9zoOXSjaaZkZGuiolqQl8FXQe0aXpXB2Q7gfFKEazj2T5auW8vc0LNdNcxiUuNVE5iurKr2yZLofUYbFsGfNNj2wJge-lgXZISk3dcjiCnBNtCR4uaFaXD1kS2Lsd1Dz9DHMCVEvqExgWvml8Dy6UJGSB1f11wSISkkrxEd04GbPNIpHyvMHOu5_vP4VFQRCpjYte2Rz88aaP_JzCIFsxRUHBURVQTVjzXGNQCAeq1I17tdcn0Xta-QsArFAL9leTqxxQ6StuXnCfIGKP-2uSABhK8irlMMsdbptF-7EqsgjAVRrxkQGl3LmJzCbw5ODYXbT6buHv4c4__6h0McCszF9WRjuuPo8xD0mwLGnRkjyiWhILOTVxsSsX0AILYDW4v6le8YK1TLlEVHM42BguPsujCXEISz9Q8o2zMQuO61OMXFrqjbp0PInwv3S07JhdSfift8_iytV-0_qHc5zqoI-j2mAcg_mTPFUS4RNsMhAscd6KCbf8KfA8puhfGtXOoeJmq1AeNYGzv4zSWXg5xdbRxpGg5TYAu78rnSwf9cGlp0wqu9N5WjeSO49Pwpn84oJoVmwXi7NUFlrbzsLR2xUvO10gfnFz2dHxv2Vb9pBkuH_ebOqKieAX4u6zOwVGPnYmAsDFevPxgbX24lg9NOb6-MGHXn_bz1-kd6ruFsV2scFIV8Cm4dMsMFKl7Q560qR7YYWRjrmPG2C1f9s1lBdY6NZpWI,1,1,JFK
Budapest,New York,290339,2027-01-09T11:10:00.000Z,2027-01-09T22:00:00.000Z,2027-01-12T17:30:00.000Z,2027-01-13T08:00:00.000Z,3,https://www.kiwi.com/deep?affilid=mihalymisroriflights&currency=HUF&flightsId=0b7701af515b000091e0f8da_0%7C01af20a1515b00000783ed31_0%7C20a10b77515e000064698668_0%7C20a10b77515e000064698668_1&from=BUD&lang=en&passengers=1&to=JFK&booking_token=H1nNZLbhmdz74ZEwvGrf5jxQQkYMKX3QI-VFqJrbb9kJsZHajZ4fwtfdZFNzVut68zqI0tE-3W_9FylOOUZc_BKzlJTU4IpCwPkmejoOm8pZqjqkY8ZLh_tSAJdAom-Sa4RByxDmzVeQAILUIgTk20S93p_JDQRbjuNtNHY-IujCaL8n81d1h3Fh6NKK__eIjqWjNb5BOkFB87-JT_Bm-NuV-Y3tbG9LnEEN9htQQ7PX8eA_EjbSanPpYy42rPF51QfVt2CLwe8T3b-kTfRK_XTtmw4ZFvdVXWT6Gh6WgKrl5W3KQ8vhEgR8ToEjOyuEUePAWQkMPCb6aEPB7hbr0kDuc-yLVU8J6OzHoZmkhpFjZPml-2iNgctDtA2s1BlpKRoeueYJ4pNXFGiMcHxyn9iHlYyfYEw3TsYdhJBjH5Gk2JePSTnJXlPwgALJiPg9QsT_WQj7yWQ3oGPYLgulBN7b9sRqXQCRLZOgNYAhb9yBx8KBdiwIAGu1ZrbEdrej78yVYAoCgRRatT0iYzhjOyskL0CC3e29UBo4Y_jjgA1JFf0jpackO_2TjWfCnB5ARrKu6BBEvJ5tenScYgYOfnDlaRPTVGDmqCKLHhXrUwHdBP2BXpqcpFPiP2sZZcfllTE9V5rlwY-_Vic98__0VeNAiwNV9Y7NP_ScTbghgDvjuBk3Ofn2wzpRKjk-Lu1DDbvXHf-YwUL83KrYrMGf7Y5IuF2NX1nJyBiAxtKBvH_l9fzQZhliYp9aBVEKjOvenQq6lhiB-gQ1gQZL6ObUDPwn4yvlkNOJ_0rMF9N_J0vukayp6U2hnk2VP66KPjFvh-3PTLd63GoknqaOLty3UxLbgiKDFX2yVk2Zv704qjUmnVoQ68QHQ3-wK4buIlOQHSc-s0EMTDPwWThfkSFOe6aCLZ0vvc89wywipovHhBgFm5_hic_RT0mHrCVaOLvlInBmvzufDXKL1MoCW6JV_4FN8yNytnvy4TrT_XRCpw-nLJ5EsIJrfL1DwHkAeOx_0BToi3ZB5VeyDFoDrEw4lrb06tjqIYyBVfUMi2Vz_5Xmywkh1GTapJMv6paZJ8GbcbkfEOd1xJ8f6mYHdh95iR2JtczK5mq3oMrxzUr7hfuKZLShphlOmj24RoAOdjXiIOxlfApCmhY6rQq1okkNX1YmyZFr1Go5yPvcW2V0or0cNTw2fNaGf4Hjt7VnR17wiFyGg--Ewdn0fxpcrn7gHn-sXqaVpXbX6GqtZB1bHIPE-FtztQJeRZQyz40DKGClEeaqSlEzhK48ps4L1MbB4O3YZRZCkzNix76QAh-3MXTWN5g3hAelzE6nbXRgFlJGQruy6UKiuwZ_irXQGZ84qedNSgcAhjjIRAkAYNVmCTb0=,1,1,JFK
Budapest,New York,290339,2027-01-09T11:10:00.000Z,2027-01-09T22:00:00.000Z,2027-01-10T17:30:00.000Z,2027-01-11T08:00:00.000Z,1,https://www.kiwi.com/deep?affilid=mihalymisroriflights&currency=HUF&flightsId=0b7701af515b000091e0f8da_0%7C01af20a1515b00000783ed31_0%7C20a10b77515c0000d69fa566_0%7C20a10b77515c0000d69fa566_1&from=BUD&lang=en&passengers=1&to=JFK&booking_token=H0_fBoKDCTJ7BQlnw_jkrct7Pa6IBHIR8ap3OFjB1LsbSdNjDTntzorvdyJ1V3655wcX0_KN-EuCXmpaFKtgFbmBuh5fhtV2E5cCJJOKgh146FXN0L3iBHe1_ZObKDh0aFfKDnAs6k84FjPWXqe26fiRmsTYO37ReG5b2MaHSK6uL8GFhTc4enZqlAmQ6_uXQVlKVmdT_KQ-u6Nwknpd4xLftjBMGjKSWc3WXFEDXiBOH4RsnlS1nbjcdblGMOXWxFU1SuvvTbdjbYx2TwQubFCYUpBkMzvGWC_TvO7TCnfZ5mId6R9c9VGARAobUVjsU4J6yInKcwxf9V5HRgNbbNnmZoeNoea084zNWiU5Utk9QlGSypmQ3-6Lfx70MHzd-Hy62ihukLWs35MBbaEA-8REYOYIP6n5ZodMdpl9UJdcfJ7vTFi9-PiNKtDMDsdbrjk1EIhuSjSOAMly6XD_a_iL_189WaJ_wRv8thmBtHmDldm2CAwFyHjmq7_2jGxOdvY8ieIrJ6ZttUWHrc4eZu1YFk61Xn8UDf54bCbsfrYZy5G-54rDormHg7eLVmt6IFZ_ib4xAMFs3TJ-d_KhDVrb6bONG06Y2Kahx-UrebVtwKImHMCyym9ZlU6hjVXocWuNkT7D4QIoTg-20L9kXo_ct84My0V1AlYz7N-d6NDJwB8_5EtC-m3X9UnV854DBauRM2pSA2-traeuuRtNiywn9tuLtlJXa-mXSzjLqw__OcZV5KAuXC-CjziEVDdTxav4kHCKmRmrrM9z0sZkOlcPHegWfDa_gGAydBxQYFLqNXkJrSphPfTMfcAqI8O36ge_z2QgeFXMmrFuNehIMxJQVdgybcibJleljHZtoy4f2_jELRR483bkoyCozYpugtu3UlLuHUHGUydvZBiFyvar8iF_2OgxVSXgWJJJPw3jqXbgl_Y7KWM0wVWJbOZVOVsHGUuVOjCv9oSvAzeZAbRwGTy2zjAFOJmNMfWHRhkIA2M4KDu2s0qFZMN1JeATsxepOK6pxwFL5WybI9qR2FnJYCT_-GTIzlYYFqCqdCo_jyfDi20ZlYQc9ZLlxuxXRXeYmsa0BQyzNdFY2M15JjD3EdJHiyp-q4y1qz6hcu8kMieN0flZfpcLkO2lVZ1P5R6Yc3b2OY039WF32v-Dy_r6AQVoyTEOYz_gVQxCTB_dzC63aZaAZJgkHzYOqVskG9L_ypRrsemqzfpZl0PXF9BMMZD6lnVmSRXPo2U5pRSoTjW4a5kaYceGAj9r1Hn39Hppw0gnWFLZVBwlaK3tuBHBoWLypyNMH7fDisUEWpakL7nSskMpIuCiJ6aiw9pEBbdSCQ5epvXabbdo9SpSfiB9ed_NorQ4X7ZxZqFKCad_9xjgIBTDF-9Mcqz_0l-Kx,1,1,JFK
Budapest,New York,290892,2026-10-08T08:20:00.000Z,2026-10-08T14:25:00.000Z,2026-10-13T00:30:00.000Z,2026-10-13T19:25:00.000Z,5,https://www.kiwi.com/deep?affilid=mihalymisroriflights&currency=HUF&flightsId=0b7720a150fe0000e10ac441_0%7C0b7720a150fe0000e10ac441_1%7C20a10f0c5103000058124264_0%7C0f0c0b7751030000885e820e_0&from=BUD&lang=en&passengers=1&to=JFK&booking_token=Hm2IxxFOxE1Uj2LtO9yXfo0fxGrGPKL8PZnYEplBr4vwCYNNspeMSZ5BuXYPeBVPb02zMX5WQsapQcJ5Vvmb6muS8JIdyzMfmIjA3yVT_yD7c4ntaIRsztG9xbNs0u0H-kH-X3tfkYmnYe-8r1Lp1EzY08nc0-zq1SkIaugB0ZMAVcnvuDBRv6Kuvfl4KvtHOErct39ZcgFk6gT_HN4AqM-7cji9JCKCIlN5Z5iguc_pj6oOAvodeJ9QzLRJURUGhX5JG9SZ67PluZ8NGK6a5ls8GJieUmdh8NcWdxEyGhqyO6IBC6mx_65lTh1btKzLdovLTltEQpqEkRanckl9COWjpxsVpIbIEDimm-q6oxpbbrA7M8Dfb0jEPeF5gpUo0eGN-45O8vI031OTsgb-X4dk5HXdXZj6ZFvcBaeVuR45uC1X660RszqTMgzHBheP7lxw5O0gVvBV1Faaqn5llxJ0mdD-9KR0Nvm1HCsco3MZX5JKkgv_BgGS5Fo2t9M9cQbGliSMbqBVTUQMIwCQjZfwCzSEgH9DHVCtpRBKx4ttZKgno5gBzrR5UMBunaUD6gnfgGbflqLqYx7Yxw_qlDVpUW6cIWZDbB7qHu681_d5cevofDgXJh1WzxA-3m9twzUx_s8DOP8RI_jVzAyo6kAe1htoZta680LnEqbbYiLrUyyUG1zR2eVafWfufKkHWB_HHYMTcLUYxPI2KoRoEDqrNpbBC49-BQQQwSsNL42UG88I6YL_iTSPFWBqOUgdq0NE5MlW6ydPAttBS0XIVajhUmrFxVX-OrELGa8pUiB5CKVE1zz5RwxkH4wBkuREzAGeBtBf738W_YQ5Zy6ysH_T3QiRWLeLAIDKXRAmEMRVHVBRD-WetAAkbgXXfMF4NTMR_mgbHz_0fttHBHiaRsVT-Vk8EMFCROvLeRAiaeSFS28RlFYRlfq4FYyWyMPWvnI0AtGBolDn8-fB01jxB53V79fUCWrBdob6gfWjKqWN3Qg7ZzSUkY4vr9nkZnNw7TJPR_Qc8HOVFwCc-IL3Hnm5u7nIn34ljHDp4iRI1Bizbwf-lSsEkOA5ChHlKcsrnJsHyVJTE6nI3xW01ar6yzdrUMzDO4WeDFUKwGwHR5KXuXG928YjNoaZsEkP8J-aLGklzN5voq-r37N87p2d0XRq78WCNb0Fd8PebVzaunybvhaHVjAmfwaX82wTKRxsF9o-9TaHE3DS16DQVJ2kAsZjEedWtN_8lBAowC7GST--i_wMjtEci6TxF029AiY-23fpttfxFOBGM5m2NC-E9CEINFkVvZ42WTh85wcnn76rWo4VGyROmukYdtLvewF4Y,1,1,JFK
Budapest,New York,290904,2026-10-08T08:20:00.000Z,2026-10-08T14:25:00.000Z,2026-10-12T00:30:00.000Z,2026-10-12T21:20:00.000Z,4,https://www.kiwi.com/deep?affilid=mihalymisroriflights&currency=HUF&flightsId=0b7720a150fe0000e10ac441_0%7C0b7720a150fe0000e10ac441_1%7C20a10f0c51020000e26009b4_0%7C0f0c0b7751020000bd8e036c_0&from=BUD&lang=en&passengers=1&to=JFK&booking_token=HNA1Nl-x-RYAKpAMApaS50SDYA_GwyXF4rKPMsML3kGIQMfGi3lFLviYBW1gwfECmNGZC5bxkgvTT2Jxs2GS6dLr3JlwtVoOE8eY04pjPVqTITEB1Umeselg_ugGF_XuV5k78F8DySDpcixElc7TFccDYI-fB97HZ6rojhweBQHIIu6QJThidO8nHtElKFDmYRPY9vwysjLQcv457Cwc4pbSfZG-bKlCPHr6ilGEA_CsZ5UVDP_KsZKKbHnp3-4wyeoiY1G9g8Q5slO1gQvEpRqR9SttbzBW1b19wrh7abmPOdyP_OpXYlI1AYWz6PlxF92wIzCFBtJ0jM3X5FRiB589bigMSMos66qoo3gOGe3_rR8S3oTRaANKFC4xcJKQ_cqXJcWW49dh4P3os3yNU3xcCt8PWw1rbWFG5jxMVcLq1VXt-z3Q1TbRiFGTZHQzxR4tIbvMJ1M7W7EdQJBpd1fc3ZRDzwnelmPBY64h4nrK_xhtZ01kT2Grb2aIoFfcgQvtrofAtoJLKvjQ3bMHqRxVFwoxQJoGtIefE9qYg1vJvhbJy7ZWa76CYWfVYTpMn7H-QBJCcCV1M22fd2dreCIH2u8vttPihimsoqcuZ0xIdPvwFSG5JAIZp8JHwgs8dqJuh90DzCi9oJbhgdmlsv6UW2xmg4P_UyV5bzQ6CSG9QMVn1FmduYQrxhLno4l1jmuMTEpvin07DkYORIrTPwkq9duawQB0IdAS25C8p3GWQWo4FkUFUbsPSKXMuSQfJLNskZpr7uFICIufVo9NTkbU-x3qIYy1f8xc4348j_fbP9C4Jpc6ZKd-PVNZKeowJJYnMcEoEEP5KdN4OTVbCeYOOuHcsAaF0HGc3ksmLy2zbOmf6uDm2xo8ws3lyLmnvse2cBrNIyt2Lob66FS97sMlO8OENGLgm1LfAL5M-Qn_5QJPClVFTgP60133A2xUBjnN9soV2gLBL_gTbkOyqOWNCODjOorow1S3gytiXsQFm-Fh2Uqrhz5WASazqDAYXxCYMlM6sjCdcKBEr9Sf5ASqGPPpTWN3ejOfiayWuSTWviEJHqbM7xm_YpsvOJgpk5CtIf45w4O-kMfR3UyKMPqKqftoc4QQued03FK6cwKvEO_sYzii8KHix2a-DRlBQU6KucB8OC5xJnquvpMVOJ8uOVaz8bNx0W8EMJXNAE4C9_ihliGvQAkQ5vdie4cHKDBmaDql-frg08kpkYGDQqVJ8hg9nsOKKFVHs8tEyDSfUq_o92FANKcjvWNFdMqXHeIQ354U5kRrX7kvnARnGNn1l9arPHQ5ksFNO4TK_6WIBPP-bwRimQwf_67Om3hKI,1,1,JFK
Budapest,New York,291190,2026-10-14T08:20:00.000Z,2026-10-14T14:25:00.000Z,2026-10-15T13:30:00.000Z,2026-10-16T09:35:00.000Z,1,https://www.kiwi.com/deep?affilid=mihalymisroriflights&currency=HUF&flightsId=0b7720a1510400005e9180a8_0%7C0b7720a1510400005e9180a8_1%7C20a103ab5105000010f9e652_0%7C03ab0b7751060000c4e14c11_0&from=BUD&lang=en&passengers=1&to=JFK&booking_token=H2FeKibo47EoP_yS5hKPRWKip-ezCPdUGNkNhOhqQf63y4CJ0QlWCpdfPLnShZKu_bgLIT6i2XzelkOfUYsfKqZTBkjBUDuaQ3HFXOQNNj2JALZOrujkNxi_YI4YOP7I4-VvreWvWLGah-ufI_Hljl6hKzAfBkEubxfVnDU6QrpPILfT2hCHMIpzTcMaK6WcGaLPKlM8aXJT7eDjIh3khrDNfKjHQjer_hSL89i9PZbyxdTFTnDa3aTfKB3fvcu6G09OvD0TPNcjaWgyr_WK-uDxDFq81k9uUUcKxMjnaXp0WPHSWDKPATQOFkhTqjZNYiau_iLC3VGEVTplTrGavqwrwmfLiHHzjMHVD4CLPLlbERJh82MqTbSApJ9TJ3kMsaM_r-f4bSinpvqLR2Enbqb8IqN7Bfi53u-oZPtr_06elmyJ8qTBK0Uvf7IxWxvxpcJIfI1NXKIL7amiPoX_vEWZUnxRIKD2w652Kx5ZuDheGpWFfm-Nu0qGRopa_OJvAQXjMzE4rbpP4FCulByEzrbTl_85U8h3tBu6jfdUnCx38g97t52n4MN0EJmnifByE5MLz9udT9_XD8tlygQFOpqjt8MteR5tk_0uq7bmaAtkeJL9qf3DahuDB2zD3nrHD7xP_4d6jT_LoImmiUHoHsQsej2W-8gHmd2Sa4nFG-FoEEZ1XdJP4_Kyzmv34av1v1LaT9tCnE9ParUY8UwXBxNbfYfZ9kA7kgGygY31ihVL_JdBozF9Pe84vGlAR_VeImOgNk-zZWTpf6TmdzzdjGCOwDqNiqoKNENthBb5LPCyJoMp3IiBlKl8kIzGPsoR4nQkaK8X4k1nUlDkmono8fZGV7zyrS93mSylVbxJzmkej6olEqAD95koA3JPdAvDsuLtoENEJ0JhkEYUkewpjDYIP4CsHW-FCDkkL6BaDm-XYO5x7PB74pr67XTadJNjyEYB0egjtg0WAkhBq8A6Cj-00MlNrXZut1A0QMuNATeWxZSJmRxWS3gN3lwHtxJXqEsWAFxEBDr9ID9TgRTnSGSfM4mBeoyvUiGNb-GuRehyIU4Me6EPNIEuflhYMthMGTEyBL3dbN06YpJ9EF83Ptx3aW7JOlccI58_K1aJmH-XGAaXqtIdDarSwAa5ND-rPVJV-J2lQ3hqBsyTtjKeBGitlT7FNdyVChpprrGJpLald6NemHxkcM6tcpmpS7UuqEGrZwVjDaggXo2J7QfcUZv1qyO1dN5q8GgEnIoCB7iAGtxrxOf63kr1qR3TiP4AXvW5a_VkOoMt_Q-ugtpPMxw==,1,1,JFK
Budapest,New York,291190,2026-10-08T08:20:00.000Z,2026-10-08T14:25:00.000Z,2026-10-15T13:30:00.000Z,2026-10-16T09:35:00.000Z,7,https://www.kiwi.com/deep?affilid=mihalymisroriflights&currency=HUF&flightsId=0b7720a150fe0000e10ac441_0%7C0b7720a150fe0000e10ac441_1%7C20a103ab5105000010f9e652_0%7C03ab0b7751060000c4e14c11_0&from=BUD&lang=en&passengers=1&to=JFK&booking_token=HxWpqBI0bOMWElgnkya_W0611tNN8Qi3vbbjDqP8Xlq5AtQ_ANYe-VX8OXRxEsl-m8l8rsT3PaFI32ttDAAq1M8yeETw3XmyvYzDvjKBJDD2oh8A2t7EURyWrDYHi5s94Ga5ZPH7CuzjFTqPNt_mTgBbkXhPq67erBquSEs7NPO1OfK1JElJyFfcUoY_wnDNEbqPawHj-3LTYyA6lCk1KIMhqm6HX4EIYXhup5pKD2bXf55G0f7ZEHiTHIQIFZP-IIMyws_AlzHojRqgYcxNCNze2dO_9p3kIg-hY_4S9VvGaDZRnRXHQ3cTBq_WBfsn3V87QFHEkDs5NjSeZF4mQcb7lvuwB2BSUiFT5vKtHSNFPkGGe9fTgLfmQJgFP03VDbYa0ZMhpU45C0VExLf58gN4iZdrrlR5KZ4gDervPC1g525NGBHcaVYikd0jHdrhWiSubgzep9OCgBOJ_M-DFI8-1h20NoFaI9Qb5hjSFhm4kFX_BOCmH62zH1zjc6jzb_PJPPrNp3emjIw6rFW4xgBD4KOyLqFRrG5EYnUgVXRcYfTEqz0-SmO1rH69PAlhYf4fWostSoVSmfyWNpjyW6WtL_TfxuwQHdqop_VaM8qQuNKMQRle6rjayXhdOGPZc_1qK4j64BWUYHrXJWVH4-_2z4ID6f8gxoHzXaOJf-i1aXUtTXjcR85HDz4xytiUksV64uThEwCXmsXzepY2UG3tg7Xy_GTjGOwk-ozm01J-gbS2U8m8TkRWRWlVrHy0_uXN1CzA3nbjgGMWGctPwafT6v3veHJvISMuyrPo0Uqz09sQ5WWApYpoZmtxYXIYh8f4zoH2lgp0kbBzDa4Ji4VO_OM2nPBijLTqZn6f6TGx3LGBrc1zrlQRIo1lwMuAqF35AL4oir4Txy9qaD23Dsw3BYICNjI2ilJg6TYQDQzD1AUzftTssOXXZxstNlxuEFYFOYEok2GU7hnqt_RsZM_RlAzc6U5fjCYXqPuJVnKBJNFNu7yZbqHBHU-hzgX86nP-rPPF8nM7ufHXWyKrOjBTOSAAEDLfeKWe9QXGRp_vQIv0oK21bR5T7IUVMvfjfvIPOoESgqVn52lcbQL12Ni85a9CkMdJVV8sL-E5gfDqMfYK04mfBddy22CJXUkBJLMhIWGKUUQmo127RRA3493s5HyUXeHjSoolQcg1XQG1bcxmdDXqYBo6nn20a5cE74hArtl4vfOemn0Lbrl911k731mtOEZteX8KDcbavOPaJI6BbM36LDKAZHkVzvEric1AAWDsRXMcKvQa1_YlFbeqttFaIOG93ujAHNV2_9SQ=,1,1,JFK
Budapest,New York,291211,2027-03-25T13:55:00.000Z,2027-03-25T20:20:00.000Z,2027-03-31T01:00:00.000Z,2027-03-31T15:40:00.000Z,6,https://www.kiwi.com/deep?affilid=mihalymisroriflights&currency=HUF&flightsId=0b7720a151a651acacd124e4_0%7C0b7720a151a651acacd124e4_1%7C0b7720a151a651acacd124e4_2%7C0b7720a151a651acacd124e4_3&from=BUD&lang=en&passengers=1&to=JFK&booking_token=HH43va3X9hJF4qgEQRaWJ-QPu8rog3aRRRRssj8LvWvLareg0oudtF7t6U7_zLu1kAE3AGq60-0SCU56qeeNFkmvTGHfCdQbnHsEaNiBI52IvV5_dhC9p9zcsoQLqv5Ly56ZKf5XO8K3fcH5bXiu8992b6KEvcUhOGAEYiInz1xbO82Qm5PCWzKybHaLS0hMtqMkn_S2SLIyq7YgbfbvBpPKDoaEYuQYhMfa4RHnDTiOGull_jSvoJzDyWpKDU2JqUoGkB8tmI6Dpvfe2ypgQsYkrjTmz81Sxm64lPfIy-Bujeovm3LYzHQY7Jgl3fcZWudTXP8GuFe1ebQm0D5zG0rLy9m3-9ykoFb89VME8_WyU8-Y2d5T8lypykUp0rfHbPrFsJz7LFvxMg6oz20CK0CKYydHIQZK3On7lBv35QMix913gfSMiaRomDAXdbD8ZL2UMYP9yOdYtplTgkA3674Mh2Sqj0R9Ll_Z_AieJl0lPLqa8bwuH-Zi4WHG22G1z-CelGI6ncQnphM6s2phq3S7XsyCjhrAFi7qkvEO0HF4QInPeIBBwYsJE4CxvkrrlNhTPJu6GslN7jw08Bct74OGHHkeGqNKSJL17BJ1CbouC3_U7PVg4JBE3s0RxgAVVK7DG8LPoS9zYcC0LehcwsJznumDMBRZOzNM8IeNOUTraFB_dCAMOKfJH_EXfplA9kTFPArgvrEoUQBuM0Hs8yyIicwbqYDz7O1MQAi0XdwjimX0gVr7jOruqiVqFGtltX-LBKHeETTfMxyGoLTiciNr8LJaZb2Xh2LleAvN6iZMgoifureW-Jg_uXcO6zaT2PfzC0-nQjexwkL7P0EDBBV1FkXs74JT7IkmlWoBKHii-zt9VYA2OFR3wgqeGS34UO5JJc5V2SerW6WHLKa1Pji0Buj5B1MQ1k-rFchDp5H-XWvfI2sGz6lMwByUioDz-d3fpmY6NdNnqx2fV7epUQ-sJfcs2QHl00koB5iTjF9fNuHSimtOiLHK3ozLAKVBDHWPbkLW7TzrqFcBtaZZ9Bla7v2GGEbm8X0oBq1m7Yfs3ynQKJogCj0RCDE9800cTodyzHdS7OWdxXtRB6V0k78yJo7K6fFWuWejnRDcSUPitP78cZTR9y1ov7kr-1KN0aoynOZWYSEplkt93gfKmfzypc6DeeEM7lGeBdHQNkh5WFHoLfiT449h7a49yRT5i94iW4qzsZ9bVmWdHm9XYls8SXoH-Pf_F6YaGEq3iYf6ruw3fbKWOp5lPP_edvbm8nxF9aN6pw93iMNv7FA9cGHVYVsz5C1zt5f_eT2Q7rzw=,1,1,JFK
Budapest,New York,291418,2026-10-17T11:25:00.000Z,2026-10-17T17:30:00.000Z,2026-10-18T18:20:00.000Z,2026-10-19T11:10:00.000Z,1,https://www.kiwi.com/deep?affilid=mihalymisroriflights&currency=HUF&flightsId=0b7720a15107000034ab62d0_0%7C0b7720a15107000034ab62d0_1%7C20a122f551080000ae0beebb_0%7C22f50b7751090000722781f2_0&from=BUD&lang=en&passengers=1&to=JFK&booking_token=HEvjXl964lgentGKxQNEGmR9cPOuGjqM9hCkshKK2xBDB9UOsuYJiYm1qIhKUCLgxsygcY7dXv5WZpmEhUYFfFH1b8jxFxT7NKKctEcklklTrmKR8HbsZB0q3NjuGRDBFkh9b92E8oXNSvZ1EuK0hPKMCPDzrsDA9qEsEZUzW3eMFO2LIuNr_Ipysmc5vPCEHGFE30IHDdYvYy4uiILldyIQA0bGvU7-PWqNnDjteShryAi2OvjPEo0jkE5qQHcg0UKHzdjD7nxynu9jZ1GLQn0evBVwT6Lku39cdGcCKuSIxEHMH_J2R_Aa7bVJRHseyoZb3XxQkViux2EyOlkHN8IU-mnbKjK_RP7ziklAvk0fR8EmVpI81jlr4qMKaPeOAeHzX7PDlEkdfGU2uE7IkNGChNo8ibAkGZ_5r_75SeOSVN7rdO7rq1W2XZS3jckwbX2yNeFE80WcZvdbd0hILJaJ39-P_v7j4N40O6_Bg_QUPdVK5ec-ULFcm5E7lDxB9rmmzJ9g3tCrbT-X6bQLOZ-5qAs19amNK71pZGS-LfV7fI9PoIcydxbqHoM6ZWE-pLa0jg0wkE-9pq4EOMtSsVr1a8fGOJjoJxVArB7RD8fmAXbiLxzld2tsZkMtpSxQBRnniwDqJP3M665kxMR_T9EgXnQg_kexkk8hUiKhDf7hTF2GMfNA4v_DrxVDKUB_Xz_4wQ6rOL99-OzFwDLEcEyU-IsK8V-loqPfM4FIS2-WC787USDtb2T6xA-TyfDgk_RaH7YnYvWzSIVdmq6KTnSKyBRsbmH7pFzhqRtZgq-bSJV1qWsVffO_YXpNyBWh8n3L1xnRUznX00VPiQHTfENOLVwPlP7mcG9zs2v7KEvnjNFY48OmX3-kPHkYCxjuaMmW7LVvrG_e21t-1z9vu7rBXOnzKiEDCFxFEzkVmvlL_rHt6BlQQwZIVWqMGc6hnPsYhqJ_aOPbEWm8YPFxhq-d20v_ZSysek2B5bf5I-lDpbulvTISRRXcu2WhaV43msw3ThHccn2qmpfTbX4WEvIWuVCCQBJn-Kbpv3fk1AxBg-Z_SN3h45ZVRccrAiupbax4O48j2MlxmfLeqmxG3B-1Qob5kL6imfGYvcBH9YFQRXSO8wZHuqdmvPIP2VEpdYhNiTdkKdEI_aSqo43K3fgqYVEFU_x5G-rQmV-9ADPnG4PY5OBg94u26nmMS3Nq4XtU9CoFSwQd5gwOD73AF0vf8KQhQT-6ufQwml4eyfpbh6_3Kwm9MPzv5w8oXWCVwRiB1mk3BNxIzi8lPKN6h_uGgDEUw_A4-fubCZ1XK-AQaOs4Za6Hk4jFG7ltQtTrj,1,1,JFK
Budapest,New York,292183,2027-03-22T13:55:00.000Z,2027-03-22T20:20:00.000Z,2027-03-23T18:00:00.000Z,2027-03-24T06:15:00.000Z,1,https://www.kiwi.com/deep?affilid=mihalymisroriflights&currency=HUF&flightsId=0b7720a151a300006db2244a_0%7C0b7720a151a300006db2244a_1%7C20a10b7751a40000b522753b_0%7C20a10b7751a40000b522753b_1&from=BUD&lang=en&passengers=1&to=JFK&booking_token=Hvwi2YE0XG3fwt1uId1mCJVBOaTcWovVd6E_46U-3pFtPeox_p5eqyP9IG_of64T16HyD81qSde8d-m9vLG4TCkF0X815ecMI4wefR1V9DtsCQhTuA9_WFD8UJoKBrE5RTqXFVUYaAu38c8GiYML6tEsC3smctwFolMlLG7a6O6QdDQ50hBLrjT04AsDwsutO8VW6DMqG1f9RQF3fd8JK9fvWZFdJOmBXlU8trz0DseHXvsf2tJ367IpuXM_euvxUq9fO5KIvRbWyM80yRTtZa7nA-_SNL5kv_sVt50YT_vKl6UXLV9i2tQxoh6aLWAC0DfOQYhsLaMZmk0lbY3weTzJ7MXUhQrwMlNPgCO21PpWU5lP8c6cbAm3f2KQ9ALgivR8hD2co4fagQvEaEPOAzBXO7rTp4QWL8hNVEit002R7hJjxhmktrU7wrM2c5-GCwjTDieXLzeg7ai_GsTg3KON9Z45dbfCG3E2XTbQoYY2bJOr00KMMEfYaIOWO0omZSFT7zwBEiqpeWCxjxGyle7eARJMegm9RX6_nFJeBkg62Iup59AigYC0MnksuteQsLidEQiCN4lEuyES8fkUlFjHub_u4T9Kx_1SG8SGYszehZTssQONpai1sg1MSauwB2KiaMfAsBOdcTxsdE77ScqLwszzmSQU3m2wEd4SbCeX6lBxcp1rXoqQsDMT96ebnb9ERg3tw9-Q3ZRrpb94RtrqwA2_8RzUY089PlEukKf15xsljD0W2-mvufOsgojOCMPWcQkzkcQzrWvbMh1U-XNN6WbvF7bXtWuvkorxwW7doV_W5cZDVLsGx1hY9_I1ZZ2IpNwMvTcw_-yIQa99zwM7FCZp1A2VaKx2EC_6tO7IjWgnqLDdjHvr3u-A9kE7d4nWyGxaT_CUWhvcIGqJz2G_KoGw3m0gDnAonV3xRu7wZ6guJ0u_xiiD_r7cKpda6MFp2mpTNZ3Qh3BQ18cIZ4TAaZDTXcjZQ7SbzareSrlRhUF7V3m3vsBdl1ii_kpgwp2tFTSg3fRq5yZpQdEA7ZdJhmNrRDQ3EG34oIISQ2D1IWu3nOak4hMqB94DJUOEmssXJtRAOWiUg_kY562AtkcIbXLRhSBQPO35Rs2UKkaRWqMw-WCHkeqh8iqKCvJf8-LkJACZhsyPNAWIUmS4hNZ8UWPevMpC3UuyytD3_M-2VjZiyoI0TvHjyM5zXXoq1X57biH6rRzmUzUjMyxWrsVOwlI3V750aHPPAZxUxxhRifdZFz4gG5xaUSM_W1D8HnILE9boUJqutp41mD0Y3j7yo-OgAA17zVvbykJcaZJU=,1,1,JFK
Budapest,New York,292910,2027-03-22T10:15:00.000Z,2027-03-22T20:05:00.000Z,2027-03-23T18:00:00.000Z,2027-03-24T06:15:00.000Z,1,https://www.kiwi.com/deep?affilid=mihalymisroriflights&currency=HUF&flightsId=0b7725c351a3000087d27c5d_0%7C25c320a151a30000bd92b18b_0%7C20a10b7751a40000b522753b_0%7C20a10b7751a40000b522753b_1&from=BUD&lang=en&passengers=1&to=JFK&booking_token=HuOjbCqYkW3qpVrRPE2SYOY9b4TBxQrZcnrUpcuuq94h8OrCRI2mwf36AlUFo5FJ3EimeBtZgLifeOxYq6dEG30VAw_vgYBTuTglBWRFMfHTs-6-XUkmRD0JFd_C-3-V_TqY-e4H_sVZ9l4v-tJQclL9IBzyBDq7h7yk1IzG5-bkitBHtXSXYoNJ7OnIamVeUJGrTguKC7R5EAkSg7swcQicOrLoatcRdezM5w1MceDXLOU0G2dO47dyMB827G3h10sa7oFKarz4kIYQoqMnYKTTuiukZ4LjM1GTI5wHz7Jv13aw6sQFZ-_SiwGGWbrfDGtKoKZvPlMxDaP0BToGAAEe4NUM6iPnFLoyNmc7JP4m-SWKS3mfxS6KydiBV9z7bTmielF_vypVruUnJ4tcbIKcjcUa5ZCds9569i83GelFRnfRyW87neS-VdJ2VtsgZ9S3CosEB1FZ6IULZY_bADK9Jp0Kb2BBAXfVWm9D5KclaIUY4AziqSNEdkiTm9P-triWUnfk5I2Kvn53YQZsl9PwFMOVSPthzDL611UGYRFfhGEmVsqeKDkU99PN6tAvr2dRzomlGdDRCqUyuX7rULdN17UiynMT4knV_isIPtsfzjRqJ_nIT4a4GBf_frIA7gp0m6u9O0Pp-FVRJmw9srTFQhOR4NIoQtVk-O5oDyIKgugdAaNcA5FKw6uwEhUaEJBGlEsOeTwe_3CmaptjTLQQZOH6zCLEKGnh23XRY-Jdn30niQZ4F0T1VQaLeM2-001rvUxDa7b5u25ecqbUQrpoLSSQEbgC5hYDIIRCPqY4ts39nA_7RPGe7BPZajZUrYVtfWvrGa9vtS5iMOLzPRXjNmlZY6p-xwZesGjJ76xr54LQPgBi4Z56RQBRJdGqNyn-_TgM7pzAVPuKNMGxOzWuGrOVqDr7KKEy16PsmZKM17GPdUAPg4ijZT9ghvOhuOmWVnTLSlVbz-A0HWBbDik3DDx5TlGKSqjk9IZjMASX_ed4LZ5KEIuzN-OiznTHR7S-sDD3prY6kmkTL0_rWGmvecL-rIFphIBUAzzD3AnGnuoc38bEVXiNR4ZR4dY32AhCVQiK9mjAqHAKKqNKF22ojnr0pz66qo2t-SoopHdyPq1g6-kz6dA2YDVWc70DgKsqV93QzmOP9wkRYsOANdDBivsK0HnesSj9qZwcNYdUu2SSKpj8Yh0ncKyl6nm0pqsdht5tiU911B2HeD35YjUU1hmNlHKZx66PJ8cLWxvhqsWuj3ljHjM25SsANddCmzfCe7doa2v1ApEMDmhtduVS-YdcMTySs2Ze0y1n2nbXFz7sTdKbbqv1ex-Oc92jzwerGCf2CUXkiRXu3XerEb_mgBzRB9VKjbZnSUuRT4sa3NgTty6qxaTflubq6iBIh,1,1,JFK
Budapest,New York,293001,2026-12-09T10:00:00.000Z,2026-12-09T15:40:00.000Z,2026-12-14T17:30:00.000Z,2026-12-15T08:00:00.000Z,5,https://www.kiwi.com/deep?affilid=mihalymisroriflights&currency=HUF&flightsId=0b7720a1513c51415b24a68e_0%7C0b7720a1513c51415b24a68e_1%7C0b7720a1513c51415b24a68e_2%7C0b7720a1513c51415b24a68e_3&from=BUD&lang=en&passengers=1&to=JFK&booking_token=HZagpUm3VhmtgHby2cN05a5dNL2EZb8NNT-DX-yJM6oG75Nqbn96jURQNUsDd_aEX4Lb9EhwtqmxXu_VMOR0vZyYsvRjRjpEDswlI_SQ0l-LYxaPmzBCZTA7quthTjyJBe7aG6g1qi86CM704o4O-NbSgSWOPSNu6l-epVrWqP6hL8YxalE8y-FcpSIzKglgPAAUUIwEu5_tSQwRfyg7sbxSq0_iceovSRl0bXVp5z39tKWLht0DrHpF39UFLEe3AueUny7GruvzG9TJi57UZN-bqX4fOmfR0rulVkdohYxt5aOhUZc1wBnSkVeUsmewn5nSghzh923J2Eeb0EMn3CGKmOUCMJWRq27vYtrFLTedc8It_BwLFcJSH5B48hIV0xxIRC3ikJ_F7NJb7m1K8Hk5xt6MJo44KUWVZ7eGm9lBKcR_4_mRgFW3_Tm0RQSZWhqLVdMw59quBjqGoVKcxR_hfWxDBOfXMSRo_IZ6oBZXnzYzm1QMld9KdGxPaC166m-T2DFVG17WwMwQ9AtxCusU8qYvu68LO1V5YgHq5OpGQXDmpPEZPC0K5B5lm70eAMBduFzR36UTDCocRegoLQQdxuiiVAa3S1CHOteoCm_rpn-DZhvNNZzCmQC88mp9Qv3KIkOJoBBPZCJ6S2Z7En3YO_OfoKt_liy1asD652sFTiAGnCbQtA1_RgDllBWkkeUnfBGHqys-bv-roS40Bcx8mTysw0QvCcXkGFTYwH75e5BWd9M7csbWfc-2FDPfmTcwEN1-Gzo0d36i_ELVDAKiIxucVbcDHnE0kTYiOV37H8DdLROAuN7IDOIH8cGUbUKXyElOQSuDh94kSfyG2XTYA7eYpbDl0CsLOYDgOaZbOX2pvAtScq2V6lGmBAkCQBCKSjgJnoePJFnTd6eQSZ6TIJ1hynO9uWEzNvSjqr9TectEcemIsEQ3-3Pxi7nu4IKXEkIHiPbTdjTuNLvO7Npbjx3iZdYJKfVMhyeQslHEA6-xK7clqcc-t0N47bsRRiazoJLA74Cr1d-LClwSGaTvrGWyxSZ-4oxbL6-_MWKThMamKJ-Q0C_vJpQPXz5j9GjmvMrUlrx-Ka6ARdM5vrwdt6zf-Oz4TBaKFECw17rxLwUJASHiQ_iPoN31sYi8PWCySg5dIU7ERwiLya4dTY_JPs78ZjuhWB_t8Z5SRpcZkUvZ1a6RzbVTnNm-uQUKrLq9IITIP7UlCQe3Jh5Xa8TgtMXlylfniu3LQOKXB-25toDJWDmkn-2keE5vzB0BM,1,1,JFK
Budapest,New York,293099,2026-10-15T08:20:00.000Z,2026-10-15T14:25:00.000Z,2026-10-20T00:30:00.000Z,2026-10-20T19:25:00.000Z,5,https://www.kiwi.com/deep?affilid=mihalymisroriflights&currency=HUF&flightsId=0b7720a15105000029325c52_0%7C0b7720a15105000029325c52_1%7C20a10f0c510a0000c02dd450_0%7C0f0c0b77510a0000a972492d_0&from=BUD&lang=en&passengers=1&to=JFK&booking_token=HpYcCBx-44aK8MW7KkelFqBkydB1NJBvG3x9W-puH4NTBTCNricL2WjiOaxa9xEzq5NkfD0Ezi7isIHuflf8Fs18rWnkEhBVGciqShKm6SsnFcyubYXMK4c2Brsv2mNtOySc2NhNATW1xB9ZXwhAY_6wsEgKt-sOi5E2pFnNgVnUyxKXpXWwU6-2OHaOj8JHZwlO1O_nKAZ-oyeSfnzZIVIuZqffV4ObfQTlsNTgqR6yxDxxaNEuHy0LNxUANSP4UlGWnuXD_eMdOk5Du59K0qkCoZ_OvKy0GnNwaxDYnHsHDbAO3NZxvUUlWU6R_cSROyA1owb7PsvEF3R0QZmixp8-OMl9mkeMKYVrhmPAAFxDYx1G9g9HEfbXb12pIHq4Rj2UH6vsL8orUPFyo9vmI001KoePCFrfwr8sKLIIy8h5Q0GYlwUooxoZxvZPW-LRqTRnWoP1DJAf_Q3T4lN4MX24m56i-L3yLHXKq1ZFynSIrEiV9WdctYD5CUSLZ97mY95SZkSQjhKOk6lkLHb74mpZF9jcDO0NViBPhwKXSKWSEoVwL7vSPJBz2YfFijnO8RRKJh_7mMjFR9IheY-xgBWYCHDCuAC8AuifisTiTEUiHQ94xo26hrLSFh9xzrkchRs7InRYLkQMdhRxE_LJFLHfbE7R61DiNovEo0_g-y7SSfmVQB9RMsS_6saF1R4z5_3LojVchb298JBooyEKpLVYEoZojRziAg91gp2HSzpl32qh2hTSgpVpin_NVLfypoPTGcyuoCJnET1_5iWld8OyPXVE1Jmubg-Ykg5jTe4DCPGdQ0thu5bJxZBoJ_PRmLdmZONm7PG967CM0BzPPwUfAhFJT_sr4l7OLcZhKkN0HvscZi1zhbiAc7QNB40t93cNC22zZkdZPGOuO8lo9OGnsbjLo4PewTKGT48oxtMC7fwjzwskiUrZpv73svUc-vzFbfQSxJydml5Xjf9FbB-lKojF2XP2OHrCo9Ud9mUYa4bH-y1MIZ-2RKoqgweNaQjSzLqoQylwHj_y_2Y2OuOIlrnpkw2mg8jL2nlbcVNUgHfEpeDzcQkOSSqSjZmqEVruXAJBxkljOFFz5T1YU_mLU5qJDXNZp09N4-83-UD8ICjDcN1BJrN4k9ynXPrPfuvG3z-erACQ1h5tXfRNySSjeMLENkwlNAksGgbk3rM56ymoTiNDRHMwyS-BHwMd1TcsFLVzL3DIFep0FQBJ6rCmyLbwCHrNDWgIKNZQm13T59mzzTnXY54mlBTLR9LbANAiVOxu-AaV1RNHD4jX9-4ycF3W-o_KV4JMjZr9BS6q-GcOuxaSzP34UIaQ_2qY2mAUTw8F7vGGhSkXdJQw18A==,1,1,JFK
Budapest,New York,293184,2026-12-24T13:35:00.000Z,2026-12-24T21:00:00.000Z,2026-12-29T21:20:00.000Z,2026-12-30T11:25:00.000Z,5,https://www.kiwi.com/deep?affilid=mihalymisroriflights&currency=HUF&flightsId=0b7720a1514b5150c048eee6_0%7C0b7720a1514b5150c048eee6_1%7C0b7720a1514b5150c048eee6_2%7C0b7720a1514b5150c048eee6_3&from=BUD&lang=en&passengers=1&to=JFK&booking_token=HEUxnAUPfW6W86SCDHy4MB0LBxeHChCXesmuf4XrcjgYtriSo0NfJx1SfzH8JgmGjI9KBhBcrM_7VZvNrXhwBCYN1K43g2Q4lHSRK38VnqJgPXEw7fEaurHoZ-gkonc9ZeqpgayqWUKaJZxXsmt2Mql1CjIlyYRJWYv9TkWD5eDHko0td2DtSNZBlZYSQCjoXPR-SUalWXB1a6km5Kqqs_yIpYeZ0dRNWczCK-IDM-nk01-g12pwJoobA6CqXSYxAU9d-7X6-GhXZKu5CH9BuCUbaScsJnyOpn-6W0FFXUalalP3yF0I0Q1KvBept3Ef9eoGDzQ0DG5MkLScUvSjJ_E0sgchmS0qLiL0epqbTDTzq2Y6tdPaF4pE8tZYtSXrfWxAVlPK-sYJN63HMrWhMNXUpT9K3dpAaquaXimqLO7fHOSOhRfuAbPelozT9ng6AL0X2MHhUNwr2ZArbiV-8HGmQOKz7mSzI1y_GpqVuhf_Le5wmBTZrIAVmsHNxHJjFutLX41WTNo1JSCszKk6ua0VJYxPUpiS8fVnGeDAMOjHsY2xgsZZ-NCHr3ONusHmWJmMRZrmUiOwEtSV3ZF3lYqWQ3QBpTzti-3tqnjbo06dXMGMBDoBYmcxWsS2wKPxZ7qQViNlDRMXjSe6Pqmz9B3sblHp0nC1L6i9w59dyqWK5XAmPOrVYvyNf2x9oN-iOP136WVRGO0zBecaNxP18YZ-dmCG2GiArIz1K5aLwn0t4eYhBWNon3J1EpC4HUNR7SqEe8lpzUfpUz-kjz4cTw8y6luZChIVdKnxrN6McszvgFIm7T26vio7_HJU0S5W9teHssdRoIB_-hYAWhXBBD20R68PbL1bvAOvrSODgKMrYYWtlf0wme3NvT0UCGCKEVLdyTJulAZ7La5qcKjkuoAXCufr66HAqxVuXEJ_voaFsG_gR8MHMYdQUE-LdmqR39zjtYexLfUIFbkH8Zo2YtFBlCxBtBUfhA9sS93WbXetSqLn-fErKHqpV7CcHyT4rEt6fREsuymfD4aPOfSwxdUyZz5W9dTayxjpR0va6yfo6yoiJiTp5FZfmTCIAWY0xDWIngCDijFsDnYtp-a_3W8UdVIXNYsAP_7IjEO4MAGlGzeqBuaY-ixwlwHo4iLtT4q2Fu2UEa9WhMmUx56zGWeCqmRFWkXKYT3lp2yis_ibZEdvCl8tpuMMwwtRZkPYMkGZZ-xM6dzGTxkTL7UwyZF5JhFE4tcF0SInqz6Cc8qGAzu4RSn9rmuS8FEUbWtY2,1,1,JFK
Budapest,New York,293250,2027-03-22T08:25:00.000Z,2027-03-22T16:39:00.000Z,2027-03-23T18:00:00.000Z,2027-03-24T06:15:00.000Z,1,https://www.kiwi.com/deep?affilid=mihalymisroriflights&currency=HUF&flightsId=0b7707f051a30000531633e2_0%7C07f020a151a300001a323278_0%7C20a10b7751a40000b522753b_0%7C20a10b7751a40000b522753b_1&from=BUD&lang=en&passengers=1&to=JFK&booking_token=Hg-XBfiWZmO0gxAZrHqajQEeeuejG4rkLzap8zfyxWqCL_saHeR52LyTeA3YcqX_Itvk4pDUg5rxVyfus7exgAGXuq0JyQ8l9UFWBji-m5Vk_h0ot3-cCxdBjyI1yOGWmoIB2KApfQuMQruyCnFKXHeTQLLX4VwtmwDpD0zZpQkSNdqGyQx-fPXXemiOENrrVQ2Ka0onRbCyRYjnZsCPMhRfdC9GZ2gLpGSSGK4rBcPyaZf6rCWr4gkfMVjg51GOZcXXKq-NBdolqunr7azudSiVFLixqQj2N0d2NImCgq6eMppyIUE8ogLZGvF0M9ktmEVO4NWOSdLlQqXsQ7r2RqCJ-VL-MPWOnN18-uJNQH9Y9cv3E0dh0XwUNfgjHyRiUp4FqaSlptggNErzC8UMTKRwGPmug1i8owAlFUuqP5wcV9SRYpEdGjLUnyAwTIEWFdaoB23Qo6Etl2FVIjhZs-CC8CJfcatM7v7-yC1aLZV8Vt-7uFrCHX7NND31U38HNuWS9Gwc8VFag-HrvrOP_4b8x0NEUsr0Mni9P8x_Dfo1kp4dCq-TiXglmj0KtIeMmUQR1u1b_k3tJuoyZCf4tjPDfY3YGXES1_rpp3N1SHFeWw4xmXoRiZSx08qGq3pWOHHBpK1N9AxA7dL9osaXjmMCWuTcOFIZSj3oM0oVJwjFfpruY9p0SeIeRp2OS_nEU2-v_alwWcbIOUPzrDP3XK2Sj40gCq6ouNOxtE11JGvXwJmvohCTQdgNtAIUQlKDpSmr4vkdM6UodsP2jgyZn3G7BehHreoFfSRzyuzuL01-7Cyu4CGEHhQfXFjG6eICay30rdX83eK2zae1BUOV3dHRDPla6ejs6rvr5od-3veFjOjqHY3P-SpIIb2KdYM8aB8ya7hpW5lIYg9DhtElW322YnNXwCmCFmc24iy6inZ-B_pfi_AwQNyXmTp5OQVlUT4oX5Pkao7FMrL0pS08LcePzd4F30OsgGRLgEde_OV-zNRTQ0XyQcdGsaFUkJeAVBVX8Wv3LowlUZluB2D6c7I44YRB6fNXze8UZhlSq0n9w2KIlolYidlX-yMduD-qc2mdpPNX3K-MsKdk9GCRfQm_yYgEVPtPl_g0YdpYvaYBS22qgrIbPEIgy2Yhi4Fek7dOTMOE_woMZLFy5tsBqA-RRQ9TIYK3MmZGyRA8I80CD02dqbivLD_JzIzRC2MJ2KwECgkqNWTvOlp5baliOh-fl_AU2k-AOSHUwhjKLNpxcIm2sJRRIqVWNHLy8uWmQBj8rCWVVdry66nvJ8NgadMeDjnRTLtxTJ-RTZOVVsuZ8HQ0Om4p7JfXif4jPxaRKLkR5oJH53iV8dJqEJAV4NRpMJUWCu8K9sImlwhnAQrY=,1,1,JFK
Budapest,New York,293486,2026-10-15T08:20:00.000Z,2026-10-15T14:25:00.000Z,2026-10-16T14:00:00.000Z,2026-10-17T09:35:00.000Z,1,https://www.kiwi.com/deep?affilid=mihalymisroriflights&currency=HUF&flightsId=0b7720a15105000029325c52_0%7C0b7720a15105000029325c52_1%7C20a103ab5106000087add356_0%7C03ab0b7751070000587b9c44_0&from=BUD&lang=en&passengers=1&to=JFK&booking_token=HRGkXT2g-FjxygXadHEnIuT28GEyDRLqwKQ8GqyraqmAa_C8cRYX7ewP5q-alj69cTr0b3tLDlGdDHgNW8T4IYfLVYK1OaQT3gw4beh07rEvA63dJ8Sst0zwpuVZIk3zGBzdzFAX8eb51Kk8muOHTXLsY4O1wj4TqnQIB2nlcKkK95yzp459haIO4CjCG6b7fbGK8ms62HczCHHSytTpdFVTERszUrFTT8hRjG5e17S2CZmyTkFzr2W3Zj8pzHGKgVbVG0RPQqTtv1ptKGCy4lyoXNKG4Kzw8NgFvlUtE34lTo2t2IoOB0S-HE-dAyp9aQpGbg-8MmZH52cta6BfIH1KXmDHZT7pnYirE-BRHA39SRcjXtEXVCN4cOPEAjotYkqjMe8O-Ko0xoKzaYqXI4fajk_lru35OQ_ss69RSt16Ff4c5-nPoBqVjJP0sLturXKmsFHf1e9igY38K1LQvXklh8S59d1DVM3-QuxavuwbvdgCoPkhbxm5wHYZbMsvYkyL0_aASaJxzIf-5dFXWqqfk8Ea3-V7rfhcsaHNMnIrRxqMhhP_q35uw2Uf1_KjVv1Lyf_WVHzz43ajlh9uN5uu2S6sQc-1OYIyNEtpGNzSH9e7igqBLJyNGmXynJ2iaZikEXbQyQNB_P6UufbF5LTgi9OR2iqEwosaF8zkl2W0hyC0k9Y1ovnCbLUJjqmUOhTMEek53XiaObr_pO2U6xOzyv6MVCZYnu-jHz7LFNijKhMdrUtDRBqparnxAzdN2LnBgOlxuzCkovupNfPuc9Mnh8n77rHDCSJwLwVmXECG_DhxA5_OIFz4Oxise9cZWL24gA439MXn4mKfFdA_XTfYn4WjauesrsUYKqlKZQnf3Sw0XqFVhteZ4AglGIZBBqiEEsW8T24xH9BD1SeMmddEr6MpVO0Vd-EGd-SFCPymmEfUidCRyvXpg5OLFf5oPwPRisYmENacyx6qGXpz4IWGq-th6WgG0zpb3Hd5fteS17epnYNrIfecADT82gOpHngw27ABjITogzP6ArIm8X9nzsqW5WNi_1RcHZcXBRO26yZUucgCQO-kxV6tjGG3qno_pymN5pBkw5yh4aS9YMoHHtb8QSj04CwjjJVts0DINXhV5M_3zNKL7dw76GjsRDWbXx4XZFOgNOJjEBbXnn9O_L33Ul9GESmuXuWJbIZAhVIygui3VMUytahBcdAccLxfjCZLowyBhX_GgSHRNeKG14klroIsZ7nenMw_3QI9gdI2y15CnzhOPHEuQqDm15cGMxCbRjA76teoJOwN9F5gQyl6Sh3WgR9QY4V2ZXYv4ql_Dm07BC3XEwIxk9VieevcP59YZjtAfnVVJbAdypA==,1,1,JFK
Budapest,New York,293772,2027-03-18T08:25:00.000Z,2027-03-18T16:39:00.000Z,2027-03-23T18:00:00.000Z,2027-03-24T06:15:00.000Z,5,https://www.kiwi.com/deep?affilid=mihalymisroriflights&currency=HUF&flightsId=0b7707f0519f00008052c3be_0%7C07f020a1519f0000e9bb437f_0%7C20a10b7751a40000b522753b_0%7C20a10b7751a40000b522753b_1&from=BUD&lang=en&passengers=1&to=JFK&booking_token=HcVoyZOljgBLhRPa2mYYV1ZwpfJgjLhb_3kMeuWujsFJeJ8NU_kxP4yDS2dpkvFbOCoh_B8ELk4TrUfPYCQAvXG9J5lbfeeh3LWzRa8lnxp8mHeMQD3zrgug3XgZZcmr-lwuuCiUtDBlMXNcLQkOClnYnO1hmuWujzVX71f2-C-sCKIrJr4dQx801Ik_NAP4QhHO4YF03cl2RnUEiVp-ojFtOXSnpAdcZrrnjM-cEycUTYhQ2VmNQt26nx_UPf-KvV_j7Fxr0uz6Ouqt4ALmFQrHxtnLqEfHOxt3K87D_fi-52PHj6M6lGIGPmRMKVa6UziS3gtBeg_XpJjnk9WfPAA8P1vp74eCxqM6eV84UawmedVDXh_y4EhM85yfThiuzCGL1FOjbikX2ZH43CHAbq97k7Qx6jf0oqPLJ_Us1rsEZaX1RTPUdRKusTalEo7N793w6bE7nQvYP7WwNwfXSwjCnTEN73sEqmBVteMGwYf87MPDGWOc4K3NvV9OtMRx-NGjp7FgH16qEpQQRYltB4htFo-19nzMo85v6YdWe9JnJivgIGUvEPOyALP7IAXgjwBLRfZrBAZx678kfH8eZLnTtRrRVhroYGbQdfbkp-j1sHlThwEeijG5Hj-eNMy9-1bF-nU5OYAFqcG8O7A_tAyRIWUjG68oB0zV8j-7fFbICcu1ulVziTRzUkZrQXbxasANoTvr-0tqqQS78rtq7egI6ynRNtY9XsvfczQ0ez2PfSWRD2h_0wHYb7m7Hbabhd0Wb8IkBoYNpl9KEYSQc-cUJWHVHzindRgovFipC_O02asSG0Wuif95t3YOG5tHHDTJQGQ1smfJBSuty3WHAqY4uPNIE5x6JHBfTTzDVE1PXy4K05Njl0wzx_-_BoVWkeTBpfLAD745ebL2uUdd0lvySyOT0YQuZPXGC_vPXbJQP1D7Tp9yeb8GH583PoKYLAWMAnh449p-a8pGCjj5XyKmLhtYjdyrtA1RO3apVB2ipH1fZho_s7F5yhThFRsD-lM2ULs8-zGyi3z3kGRmZO5yyrxWkYdVnB3XxTmUMMkRHUazbtk4hROXedjePtlPgRA0oB84X90LENIu1NVEA14eug8-GiXiYkcIgI1VxMrNtACTPLwqiPfYNE6vHsOTk7MAS9OUoNobU_0iroNHNNH_nNH8KohHfMGyxr6rd8_BZbOLbnrCMF3qIvS_TvZ2ZRnAZMpyHcw4FuaABGqOlahNJ-yQm4KRNiHAbksO9w4GOFafXYdsGTv3MU5bv8k8loOIqTtuO-HZdYdLHrlvVhCIyYncvNMvtpNpnO_WYvAAvyHRBsdGk6-NiTI-hObMbxcMlVNN_NIXEAwmGW4esSQ85TEQ6jwp_OLxUmQCH7VJFmc_-hnyfjSJ5QJurGJJDfKAdormESp6yhXhOLlxSOPcOKklJmKFsRg9UKPs8Skq_UO9K0P8VrCtg-0S1WDOV2joYr5i6lli_FwNjPpdHiw==,1,1,JFK
Budapest,New York,294668,2026-10-08T08:20:00.000Z,2026-10-08T14:25:00.000Z,2026-10-10T18:20:00.000Z,2026-10-11T11:10:00.000Z,2,https://www.kiwi.com/deep?affilid=mihalymisroriflights&currency=HUF&flightsId=0b7720a150fe0000e10ac441_0%7C0b7720a150fe0000e10ac441_1%7C20a122f551000000997b9637_0%7C22f50b7751010000800b5459_0&from=BUD&lang=en&passengers=1&to=JFK&booking_token=HlfaGjymt1Hvy4Ziv1YDQoAwVIEVD0yEto7cj41xDrf3hIEin7kAlK8TPFISIEfbPaZ77BrbK72_hf_XrlpvQI3_Em4xJ8i9lnU3RA15FhgM29c6iqAodbX45NxNHPbYhaefytMAgdOMDpVEZbtD1heQvqqtVtLC5VNI-KqyOBRbUSYX1BhRsZc_UEyy8ZELRzQ0qp-3Zg1cFkuAtKB-H0YEitvlRcJPwU59ovpGsfdDltKD8oRbvd6z7rf0-6xXKmSl1ZDx3XChgqE3r25Nr87Lg4ZggXq9nxbjigXEIZJHmXoAGK3pGUsPyRXcpMJMMFVBxIosQZQpjo_HArkwxGmBJVjdtRjM0EsGVFlzGSiWDMknPvAJf9Zcmeyubt01NNXLziJwYBtjtg_OviX7NSFFpKjynDitpRT7XU-a4GD9d8l6EEEqPFajCP8O8VixQJSOcZjBBameQJfAffI89oAFV7Bc40T9OUSS98AeXHVLDAcpoL1cijocKhKR2twdGmmRlLXoiWwaGZ3AMY54TYVsAXX8_HOXAyZPy0Ix8AsTAl0KvA1ZqN4UMh0EtcvQQa-eoGc5T8QTXGebrcCvccv5Z6dfGQnvplpsbtWswF042bu6UNBAqGUsvpOiqzubs3COCBoSQXfjIktTDjXXB6hYsO886FkwjXksu6xb6d_i0BOPQMoJ2TPjlLrCTg-6JaCY7Ra9JOWuiw00HmjmJDEf9T1NU-xEi2ajOuaD5TkeClOCOD8lbbovMTI_BqEIdDGQRHD5cycy3gLPBykWE7vfompiGy8XXFk-qaKr40LEwDIwgfrb8gLky5-uP_qK8S9N6hTkuI9ge5Dw2Bd7WL_m_24SNwon47NlMyIFH6BsCtLXUu6V5v3eDwQcEVxDq-P-AxAvkP0HWQb4v6lBdiCqX0ZqpVG0q9D_KB-Fuk9X-MG9yFGkle5X-kke-Tu8KfXrsj6Icu_Z5cXS2ShTMi5vFcm-jPtz6P9B47oDSLFg8kIZaIlZrD_JVuBLnQMHnME_Q8nFRywz9pCuSjeFflZGLsGpB7Zo2NhXDk8gsw5CWesdlQuQ1z4lP3ylF8ZfSVxUpqkY87BcVFAB0MEMFJrM_h7aLmiAcoogRkMTxmT4ynJkqIOXHebU5ICD1THbhgQJpJ02kVOPGeIDxMUG9AqmIdr5IvmbtDoTnv9IlYt-EGXB3b8iviIe1AbbFq8dK715z2Co-Npp91x-abm70E7SDlULl6qFMt6Oft1mhOf82T5bHGvO05ODtCM75MqNi6v6QAMnfN1-Y6QonuDXdsTb2Sx99paAEPgAbHzpW6ho=,1,1,JFK
Budapest,New York,294978,2026-10-09T08:20:00.000Z,2026-10-09T14:25:00.000Z,2026-10-13T00:30:00.000Z,2026-10-13T19:25:00.000Z,4,https://www.kiwi.com/deep?affilid=mihalymisroriflights&currency=HUF&flightsId=0b7720a150ff00002843a2b4_0%7C0b7720a150ff00002843a2b4_1%7C20a10f0c5103000058124264_0%7C0f0c0b7751030000885e820e_0&from=BUD&lang=en&passengers=1&to=JFK&booking_token=Hqj1G55laEWxp33DJzXH9TsGSi7atbotjNrb8tDOAT2Qc2bhct-tM_cCwO5mgnu91KlFAJtLECUt_oHMjy8prQqoLBIpX6bqCBHKyv6d80voFvaHLo23Ubo2KFLqvcgC4SGhGHHhAH6oKe7tyXX3QmHcTbDTMZ0HZgMyrpyMng7iKdVt2D6hK0NZlfLckeEqepO8p2OHaXu6-15krMOg6sY08sSg4zySKs_2d6PjHrXLa-No2R2JkNcjsghdy_mxmydNVbbcTHuw9IgKaz3mHbgS4e09T68A_0Rmd8bVPYxRMX7WyCPipyxscuEt1lMFR8YobCLvZNjbLQohAC0IApsbwVXW0miGQn3SFG1VS_mRGkKSD3oElt1CCHasI2YffihtUn-X7FrygcpdTDysLMqZAU_-ahRrd2ddbU8BtdQ3uiNOp290yrYhPNUhUN-SuvETwhOtbBdhYi10iUNWztJkOJ94T5VhC2qOnlHfP07OSeBe3hVNIyV9z_HeS-3gnowKnAcIVlWxY60weUOuUn7c8lLAryU5SeqLyWubjszJr1Q5_8YLXCHvyIhBHamR4zRxRYXnUzHhgXbX3DTrIKK3RLbzALJRim6RkGkYBl4zMO1h_T04hRrbU_CNKnY_Lk0yVs4QdIRNbvq5KgxD85tWs84TwgCkK9Yb8274LUmMi48pwL8WW2YApJh7i-JVPR_GnyPWUubW-GmlLkCyRifQX6dL4nMy87Q1ceK1nzB0foeOzLpzFNaJ2zdr_IA8dOxfhHCN_fjZ7wPDiuliDWM3NENeoFdT1w9JRl-s0Regcy8m00oh_TKsnC_3nPXdXiRgXmwTd_vM7Rwx0Xxlmf1ufmnhjCjo9q0WwDoYDfXDHVuFOe1PdPts8rMlH43iQpAmqLsQv8Mh1UJbZ4eCTB4Upae6Udgy1gh9vRYdry39cp_xR9qc7tPC9RW2rdRygLwNRN5wIR8ZTmN_LkHB0yPAWazhEjFU383iftC2c-Jz_-hOJ_omWLApheOPUAHn6Tj_ZvpaG_Q7ffnLiHOJyMWT0cU1mjXVXbC5fKE93tLbjQ8BhTGu2xUeA1Wb0Rknpu0Pt8M5CXEMkplw3HbRWV75r4goReWnuunxE8C8grIzJgQZRbI6ejV4BgkwOICeBl4_qoCm4jVcP2IlfXgirjxH-QL_kFjP5ItYtqfdzyfxT717u39IAZKjOrug7QbV8r0WD-s6wSo3mDxuPq2m5Cf0i43Fcu4KmNWHJp_rMmiuWC_TkhWUxFH50SDWV5O1bRpMSGgNqN25f9g15_emVH07R6weEd5nhEtGsIiRCOrlzEwjZllva53Tsb5a6p1b7,1,1,JFK
Budapest,New York,295232,2027-03-15T13:55:00.000Z,2027-03-15T20:20:00.000Z,2027-03-16T18:00:00.000Z,2027-03-17T06:15:00.000Z,1,https://www.kiwi.com/deep?affilid=mihalymisroriflights&currency=HUF&flightsId=0b7720a1519c0000f39f64b3_0%7C0b7720a1519c0000f39f64b3_1%7C20a10b77519d0000178667bf_0%7C20a10b77519d0000178667bf_1&from=BUD&lang=en&passengers=1&to=JFK&booking_token=H1B78cNtOB2tRbpSv2kqb-4Jqrv2_hvbg77XPeZYMMproWJn6BcDBQZAgj7c1y4vY1Od6e3pugLrpWFnJdceNaayDzaCQco-GLx8iPiymCXAE2MAb2y44czNDdvpK5mbLhWqyO9bL-IgfkkGTQ_n1SHqdXglFacNaEHwhlIy9W6cM9PsLPKogWcI6FIk9hLv5NP2Y9vXalqSWoYnv5R3a6_D2uDsbKvXILfPR9HFNQGU_mI30LkOsVd3BlQUpxOKpICVyz0tMEj5ijSJjVamdyM2T1w5caHnCNvya1fO6LXoWudBoqx2G7xYRuR8Y2ZoN78ulKmCXBWOH2EmHKOeTcGJAbrF8hthorfOgmPkfJ7R99Ag238alIl2Bef9-XVSPKhZ6U202FH5uTv-xaWWHpMgdyG3Wu5ut5jUcc7IMQO4ICuDFHMP-A_jN2ugbdleMDNEmBKaGF_2ofTwbk9vg3ZlvAR76G1Xxy7MUHJ-YruVPnTRY6oo1b4assm-zgcVjUV0GVyk1W4ulOchfV7MGFgo2W5qCc_5biz17f-05h891Zj1cSagK0kYnDTCGIBRVnpiM5Xblc-_4-Hp1dn_gydud5eSUkGcl0vbLCJR6-Hnn4FkzkAYayrZzOi-RlftTh-4IPTcTRr5s9WmPPHsENbWIxlleEZG2o0NgM_3N3FkjO620h3guWnYNK03pk6o5Ar16t9ORle-NO8UmAMF7ji6i1PVyNSrebhZdtlyTBG5u3zZEXpRoLfgPH5JmrooWAduBVFiy-F7-Kc_K2t6WKnLlSxtcYgucMsmTE6yQVcde02CWNb2spZNuQj4Rbf8co8fGpT34Qw_siZhxzoKrkp0R2RU0YOSrE_E3EHhnzs7mirHkf-voe3Yh9M3WvRluHq8CWY5aL6yBWkmCxysqL64bD4lCvZPlYk1rHVK20rP6TPywvIlro-UHxOERmFbnbfK8niqz6bHzjmNF5cR55AtcudikCRq1GtUq-bNengKn5upu7BluL7c7VAr5o-TEB-_mFwwV6pHm4x46PtbpqZKMZEyrY5iV2wHBCck3RiluhI-ZLX2TwDMujhGWKZFUGsiyAqpmceL0T-OpJEox1HzSWxpUcS34k6Somp58x9zsDgYxTROh9PLdy9e768fUhFOXq7A-qlE0P1M202kV0jQUPTrKuUnzvTqJDPqRr0ooBIc6rqAXmnmfAeuePa2dryP35bjKxOLXstoB4OSXYS05MdyKeboTUb6YPTWrmvDJOyl2QC8Nac7agfV_GMBEOiQsnFYLEkJtrV421doYuw==,1,1,JFK
Budapest,New York,295277,2026-10-13T08:20:00.000Z,2026-10-13T14:25:00.000Z,2026-10-15T13:30:00.000Z,2026-10-16T09:35:00.000Z,2,https://www.kiwi.com/deep?affilid=mihalymisroriflights&currency=HUF&flightsId=0b7720a151030000ec645d64_0%7C0b7720a151030000ec645d64_1%7C20a103ab5105000010f9e652_0%7C03ab0b7751060000c4e14c11_0&from=BUD&lang=en&passengers=1&to=JFK&booking_token=H2D3tPJpD5RjF-vOSqVamHMG-ZIUDH5gRsRx_5V6fDLKiV6pn6V3hGmiMat-d2umqw6I7yguGgK-ONzK-WFaU_nG6hP1MYAFvu2fYL-_0FCYVDdxb_U8K2BEHXV0rbjUlLNnm06aLgd4PxOabtFDspUSXfpesflUOVUfQX5KDCaoTu-il0gGTdOXEsl3fKLWIy_TXvKOn2RowooiN6KiHg0KEn9xvWo3ognshXhlWwZHlSvjrgiXYDjFeH4Zkdqaxf1HZFR2QjaxYXsIEh6wZPqXF4oWUnng8i4i2jxVYV_zjEToPPPq4b-qGZq9ecRDX8b9hu46CvrtnzjvrE2Tq4ej5uXhIiqbJQbBK0om923bpJCUz26U2QTtIPb21vWEVLdi9YfeE6rPG1iFJkJm8t477SbE67Y0SYED-KFwXD0tW4-7XlgMLcgh3XETGqTnWwS9nXqFL8I9tnyrTTa1tV2ZXO5kx1gijI2C3Vx6cBiyQidACQJMN5T_32zQLbvudZDeC0HACattnMWq99XexjVBpFSw5vz59Bh0QAaTJ1G11n2z6AF_j20w2SQmpb2uCyBaWBWKaYPCUHCo85sYIya3ksSZdtveYIz13MzIFqn2GUYn-FgwfGQWfus1ObsR4s4tnkEpvn2DvtMbj503lofKHdKEpJHORF9GqXGAJ9UHLrJBlVT0mEx0C52BTbkXv6hJvUG1JWutymR8J5UW5p6r54kNByBXyCXteQBQ-VSDfUS4oFDO5qLY6poCqjdboE-IDKiwHT88zxs3K_YtlTb7Ih9RgOKzt7Spf1HCQS6uCjQQbniqYOm5ID_RwGzCicMsdtRcbywKzXiR9h_HXGEJMFB1M4bvcSJUzmDfZSqG3FTScMSF6UDtNla02DXFpLdIh9HbLasgqDIhf-ZtEI_7_n4qy4Ui2yerb43YnExcyrI6DanIBotTdKdCgeOqlYXcmj7GEYstKxSmHH_Vt9zvOhFtJHQ1CZjuGDmwNsIOek4PVUlqoRbCsBI8a312IsrxMwc8Hu2GfEV7Roh53YR_NEnMODkdPZZOGzxYkPeky3cPS4SmlSgWQww_vcYx-hUIVt58jvt0zzn0qISbarnkYRhgcUWAtUl4eRgGy5d5J06HhFoWZL0Zo1By01Tyrhw7SfDqAnVe5vuGSzWYGms-9v6CtDPpQUZrpiYmV8olnBzJeJuiTVezCklg46QfjY-JaNoFV588eK91t4q-qdKAoL525ivNj1klAM2eMC-3UmvqVh4yyeVO7n_rVUPB2h2Fv5A7ADiCWl9_AkpBeKF7sMWj8jym5XZOJ4UrgchYDaPcomLq0BBh7f18RU1eR,1,1,JFK
Budapest,New York,295277,2026-10-09T08:20:00.000Z,2026-10-09T14:25:00.000Z,2026-10-15T13:30:00.000Z,2026-10-16T09:35:00.000Z,6,https://www.kiwi.com/deep?affilid=mihalymisroriflights&currency=HUF&flightsId=0b7720a150ff00002843a2b4_0%7C0b7720a150ff00002843a2b4_1%7C20a103ab5105000010f9e652_0%7C03ab0b7751060000c4e14c11_0&from=BUD&lang=en&passengers=1&to=JFK&booking_token=HHUKiSjn04k5B6icKPutiVy0MBMT3PMy7vF_bxHKy8YknA5N_8InGtI6cWP1PFmWyVG-PqXLGgms46tWEWndusHSe466mPPf-nESyePsoHD33pAMsiDZ97-Njnd9AD4ydrtCPhs2Y2YxqTA5R6zA0A_dXKS50oW-Vl3c6awpSZJPXefY-czb94XgWOxuIdhxHzUPUJtKA7c3BJnrRfeWFoVDMKBWFp1khSFbJrMIF3WRXuzJiap1D2xJ4yN-SnoE2m258VAQtj5GeOsViwaiaBDgDGn12-ttA7C80Ol7Yx5TRYSvR9CkMntQIfpruTW9wkO_aGT7Y6Jr9qF_Wc57LDmz17HjTR51biLE8o4rSSy16liPV5A1HQ21J1qJ86BX6CaDqa1DLgRG1gMvSh4DJHIpp6gSfke4XfIgUSJlXjYyuBOiPdW0EIW4tQrQ4_QoKiPy6Cz8hqzdXGkdWHIKnn_HozlcYai5LXJXElQ7iSuW4aZmsmigUmu2X0CpBQ5D_BETexwbrI4WUQKreYaLS964pDFOyrGMvEzHdzhd_rGf64K3iRxvd7x5o4HCdXE1IhUhKJTMkix-Ndyq1VO0WUkup5ZW0cCXowgBmM2K3r8qs18SGqqJQBX-Nv3L1YpBbVj5btr3QzQprcNswRPtSv6XntV3-WIEc4bti8FhrrCdAPcg4MbyiIszgUivyuK7nJcourSed8aqvf7NSACYJvVw5v8dvJP4o0QQim9jE1r6NrvA_MDsjbxc4rOpD4D3j4Nyd70SK9MtoK9islpRInfWlMAkDkk7rtywcsG9Qfd7VlfgkJ5EEhEq5ZYrStJVEx7H1pdfSYoNmnkqZukushzuntXDFCwXvIMTkyaQMf5vhO4bqO88J1myMROvSr057cRKTGYYxEuTBaPr_4Jy8S3Z5MahA2JcpS9lnbK86YcryOTnfw2fTnKs_HLwJslH_yGylXrpaejAHvV4UqfMhnw7KgBXiULDYw_mDScvWOAZhh4enMVVzivW7MtlGWZ6VRUBy4cUIL7fZ0pllFyVnYXsvckTIo-LWGDEGl3GY8UpXwmVGWFpSTlOUZdeluoh550qQy6K_5PCxDVJOVgDgTZcnwIZ1PaFVRU6WZCadQ7MTMCgN0OUWMInHYllaVPpvU3tViYXYqFUs-QAkC4RfmsO5EVLUVK7j0RFYRJ-lw87E4O8nTwyRwYbi3LK6ewPlMOpo_Ce1CYYmBTP3zWgZ49kfbXrwyBuA8GdjgG3zHd3jiz8CeaVtQ-qmDHIhA356mtW9vBel8Fuq4uUz1QA941Nk-hnlPZaEOfMOpPvZuIpIUCOEgktdAxB6sSSug5vk,1,1,JFK
Budapest,New York,295301,2026-12-09T10:00:00.000Z,2026-12-09T15:40:00.000Z,2026-12-15T17:30:00.000Z,2026-12-16T08:00:00.000Z,6,https://www.kiwi.com/deep?affilid=mihalymisroriflights&currency=HUF&flightsId=0b7720a1513c51423acb9085_0%7C0b7720a1513c51423acb9085_1%7C0b7720a1513c51423acb9085_2%7C0b7720a1513c51423acb9085_3&from=BUD&lang=en&passengers=1&to=JFK&booking_token=HoWAOJP24aLYsKxMhfEDjx9P3WlEjaA4rFGEPg75YDChWa2ROySRySUSWXfOzIsvdxRPvneXhmdKhshXiv1RiH7WsHHOtqdItwrlHyzOAWyPOSq3sFiw6-dMBF2ZC2VHJJGs2qaHZA93RfJQeTgCmTxWlNfec6XBS90gyAtTuIO24A_V0HyNzGmzpT1rIO6zfVFuL1XkUNzpaq3m2-QSRtCC-kfpgJfAR7KNbNc3BkG5dA6Z-BcdqhvhmKAqBw_dkd7gEiytQEo5Zx1EEkURRyKqTXqpcoQIAUIRF1Y0IkGfvc2t6MbbRVKBTr-DMumW74rN5QYIj6qTJlkYYBDxYANgItd_4BU1deJXVKCFfc1XrR6HISQwzsWPnzg85mIIwImSL3ZDyI4K4Yt8Ooyyti8OYNG0z5zBc0srW56Ny_pSjJL54ca3zIWjulvivWEhkMeug1sGrfSeo-7W6XXclqA1Tz2qCnfUBd65tXMK7zOXm-1ZjzCfIourqGDyZKyNIl3b2QbhNZrOByiUyZRVQiylXabjU9FdlDZ8xTwaLxPQFJz2hWvoHkCCGB1RyxrfBhRu7OewcKh2MH5y-rayRTWcN4-U1cfyCapuiS-18tTZlfJL3ILUUEregLPOKd7gvIziSx3hLKrMcBkU4t5qQOKXQVtJUiLYEClA90O2Jl2MmVOvVRqO71V6k_1xswoP712wCuy-WUhoUYiv53UHOeDb3bMkMKjQioXDSJi8JNsGRohM8eY9aLymTh0An8zKOmxX1fTacp-2-xceuX0eAvPoFoAqvsobubhWeojoGO9_STtYhCEV9uSiaaFBJQyD_9-YlRRkdiUKupSM8arGAnx5PELWOjWnzhHc9jEIdrsV5MUjG8oZDw48qSuZJJaCrMQzuglUe3W4LOqjIGsqkD-tgpXvWI44dRMGTcS7wmYHtQmbKkG6mGYpepCsGmN74uNkZErP59nmoT-Y--CexEiY4XtFSntvT1l4bK2mCejqB0QTa3RtfcdyXCDw22_IIXgswKLCjd3a10W3j8BXLFHIwgCyhiB3IxEjdQaJAGrqNhswZgrxgA_mvgs4WI7BaB8z6epYMPnZauBvssKBwIt8koUi3Rb17UO4ElN3Bt1lHI_P5BZ3BgZMJEiVUoP3qn_odVZ5PhdHHvjp_kljA7lCcGogSMpJRlzq7d2evczX56us4K4IGgYBO4VHVfY5isR4eE-Rizpw00hfM5S1KGw==,1,1,JFK
Budapest,New York,295670,2027-03-20T08:25:00.000Z,2027-03-20T16:39:00.000Z,2027-03-23T18:00:00.000Z,2027-03-24T06:15:00.000Z,3,https://www.kiwi.com/deep?affilid=mihalymisroriflights&currency=HUF&flightsId=0b7707f051a10000042f606d_0%7C07f020a151a100006dc6e0ac_0%7C20a10b7751a40000b522753b_0%7C20a10b7751a40000b522753b_1&from=BUD&lang=en&passengers=1&to=JFK&booking_token=HLEifuGtseNTHebL0AFcA6j6-BSIzZHxTJeMXxnXNkiAsqd8Z8PoDsAZ27mk7pqqIWji8wFqXCIbbyCpe9D_TiDEEe0l8Sczo53xf29JlHLP1lhn3qP-xIUv8BHe3fmaKodp2W-LYoyPB5r0k1EY59Tha6gmz7F_wbGMo8p_b53f8p8dJ_xreJG_ATyss_0HA_7pDqtxLOgz_bcNG96vAbpYqvs2Pt_7brqMBpJhgNqpjSLC1HG66drF8wvdqvIxS-V9zUqOPS8VP5lessXCyrmpOWnwuHb0dCeJuAnGzoifCSX9rlrYLRWrKrj_ju-joCxATNeQkKqAlbt5dYc2QU9FjP1I1gJj3OJZL1ebWhL9c9JARg-56POkOpeBUMYWL569uCJ6xyOb5oeIl_LMmcSxGOKOkgn9vIitXgrWaT6L4Vyhi6yok_ieMRrxEXW_Phj7wXn3NXSYXYEbs9UExYllBuHjjoAv2PQyMhcCmJab0n5hNAbxlRPP4RDU7LliCpThKMdovxiKFktDGg8zClSzjaYEEd3kqMoolhnMpMm17Wed82o37iE1U8Dzg5uL7N07wW8xulWc-jQgwivlmEzsfo9jQmeucKfKUigr-6LhwKeQOdylUW3OZNozi9xEzjd2EVTcW6o5hbCRpSqWWPdcwJDMPcfaE6IG9pyxTTi2Hf_TtPQES0Lhim50akZVRiJMP74THrmGt2yFCbqIUw40OGkBnzlAsJhAlQSMLKFX8KEB9DxD89e6F-Jkx2iegSYjL71bexNmPfmWgAKn_5yHr43ikX_BfN-65qO2lHrf8hLDuq3UWtwC97g7kiP2ErGm53JfTOQUHLA-6W5rFdndsHkCGVxNMoFNojwynWN4fce6iVWLf1uEN-BRJ2JEolNn_RaCiOZWjjeZKULQrGnM-YXtx1PUFF54OHFOFaFr4BFaF3k03qVonSDbYZbklvNNQbNB4QYET_3sM4trlSla-xBp3x4CRyTidXGTBZAjdPjpU_6J_r6hRKbMGqu6o7RTbeo5z7vmnWTWyjDnINVsTApSt-92rvpNzFVWwAUGlq29RkA49ikYY9YnyubNKdA1oTpFhvx273bXbVqFAnbgYPCbRRut19TCOfqVZ1E5JBCBdXUV5iv2iNBko5xhBnNtHBpE7zLfSsyakMAShL6JEiMIB9xE2GvLyQLI8Bal9YwzClyWxayW1Bi-SXifu7MUHa0e62HoBXCD2hoTyRzbOtSzEQax4P3qCoCJqDpN002T9e5VXtKQ7Id3MUZTTZXDihMgfwNf3dO-DiTk7Rs0ZXax4FVPLpykiH4Y6KTBZqq8WEyZMdj4hLG4RBUpH6doDlV5DeuKopXPkMReygBala9SoGQVCAIBWJLgNPQw=,1,1,JFK
Budapest,New York,297443,2026-10-15T08:20:00.000Z,2026-10-15T14:25:00.000Z,2026-10-18T18:20:00.000Z,2026-10-19T11:10:00.000Z,3,https://www.kiwi.com/deep?affilid=mihalymisroriflights&currency=HUF&flightsId=0b7720a15105000029325c52_0%7C0b7720a15105000029325c52_1%7C20a122f551080000ae0beebb_0%7C22f50b7751090000722781f2_0&from=BUD&lang=en&passengers=1&to=JFK&booking_token=Hrj0kRO7FWzmK9LhcbJ7dzLGhnKIZFyaVn7Tc-mmiQSe0_yKqEh2tnlo-53Tig89sSiPNPJqWC_G23_Xpnc8cz6Uuc3D5JKEXBLGpKo4suJoo_5obz7Tu2GpiChNU-FtnUa2bB1QXvVKColVzpNP1hneQreIJxMTjOW4Cn_juaFRlfqpf28_25aOy-sNZcZjhty5G9AS73jK5RaEiBIfrF-JI4__HBJw0TRpLBf9gxoXkco606Ab1EGYTDf6NGL0xDj0Zv7xFolSZoNI7pQnSAdHGlVfiVMd4f8yLb6ADAvFgInwD2U2F5Or6J7F_UUOm45HArndEK1UPGvMAlWpJMaFHrSrtQSYW7HOdag8cjZZAuwpqev7UGtW3SiAxXoOkYdLZwn0ir6mgKBmAjJaeFfzF8Q_3F7vCXXVZIcLiLngjy1HO1xC4sryatJyotyzry67kDrnPmU-AeB_sku5egeh4-XNJrFrtfPhXweEYkk9mtudM6rqGbQfuipawJMdZgRYyiNNAt_OxT-N7mYsqGHcRMO024zv0n9AGm4DG9D6rixnskowUmgxzeHcWxmvvFz8nXU6IFE01UHaxes4-enYZVW2nQWxlXvGvGW0H0r0oAejlQTxVrwVpo_wGeRhKkX6H4C8ZoeITnAhnj-n6LJ_kiFhth-5rF7mgDK0en2jDVvVC0CnKjKTk7y-9lnHLQRy0qtIlPlBybnJYbUGkwFlJlrX0TdFH7lfthRH2041HhU-MHEEa87dzloUZOz6R5Ytgi9k1d9Bq95YnOLftnv7ucAG5xMw6Na1ZGg_y9lAWnjPoRNDjJyRWvvUivQTG9rC2VloF46t9sjWjkMXhr5Eo6dXDrhhrhnHKaAyvXFHOY7ZfzGA5TnP9N0yTzADYwoZYe7bmXB6rPxXDYORyptlZlr9mG3KSbZ57QnBYHyx6Q1H1zzC-tNcU80rGIuIX8A6tw5kvW2ZxS1aLWsaV5GZZg5BW7agnu7i12nF4IXKSkViLFSRqIbWMetQcS6rMZ9TF2hm1WvIOS7k-CsODnlGnv_7z7zyx2X6Ghx-0_eqaP0OYcovEFDbbxnJ0YdDslD8z_yBzUMjWFgOSH_6ztvxfkabjl4bzwVJG_08jTa3_C1x3d36fN3CjhnOCkD1-hLiY4VZ4BR6H6ry_xJF4qLctyFqjfIIirkNbE2j72YlJw4jJMIprg-zZBWcR--mLNRiQuUMxQmaXTrxKcr4s1FOyj9Xk7IpevTPHVWg0R_Db4E71FDF3F9hY-PRig-Z7pigS1vWYyX1X8GUNjirst7KJLZX-PkFIOBYXrVdB8VX2plWL-MXsolbcATxD6dF_G8ld_g5jpCnsNpqgDVocVQ==,1,1,JFK
Budapest,New York,298531,2027-03-22T10:15:00.000Z,2027-03-22T20:05:00.000Z,2027-03-26T17:25:00.000Z,2027-03-27T07:10:00.000Z,4,https://www.kiwi.com/deep?affilid=mihalymisroriflights&currency=HUF&flightsId=0b7725c351a3000087d27c5d_0%7C25c320a151a30000bd92b18b_0%7C20a10b7751a70000ab375a4b_0%7C20a10b7751a70000ab375a4b_1&from=BUD&lang=en&passengers=1&to=JFK&booking_token=H1JjnSztYPqZBo3CO4gVHvO6G6q6MtTqAP435DNquQdX5UPj3c_J38mTrSYqpQHkIDeUmovxmXYo3NAEOLTpJNSD__fFE1_Ih5hyXDnY19vS3eBH_D7Zc4GJNg2_Y-9fAtyo-qu-0j2frzWZ7rFj1MLjXTGJ_ptoCMXis5UBVJ0ocyzlC-eNcZs4Q2RWwVZDRHLdQdOYefZOZXXN0U8foGjUQECYaJr9ZPa-mdK6iAVx0Q6tsMJeE4_06p9hsLBwHmZNJCR0zfVR3IwNyUllu5lCIhbm-YUdVgFMTYmOKEG4crMv33o8KhL12ua3kL7CSczqZAUtuGlmwWr5wuIK_gRN202XTSjbvRm3g6H_BnzfLjt0OdCg6ZSmNpXgaPWgPbEQiA9fo8tAMMNAfYfRZ50o0GdlnUcMF7_d1zUbF7x4Ssgec56SAdQs_gc4aWF9wSY2l5agFoszOHJ6Rwx2--lwKsUe3-3hm3FuoSsGnFonqAz26PUMQ9GH_2KsV9j0iqAfoqStH2SRxOvd6WJnq18WRqOu17nMGonqswp1l2hHDXqn_ggq5dWpEE8MIWcgU8DkQ30ImaboOJ7cEYurWC0Lp-eE70MwLeGPyoCXeDzkFD5rG_T_g5wJCtb6mqHJDSwdg42OGoVldQH9RdvAIl78Fmk3wgRq5cNftEnLeJ2-Y_ywEh3F1VwR-BodbZa_Gnv-Jq_S4SU9g6cdZH1zyvc-q8zedutQt3NHOqE_xTiNyqGp-MjQ1lIOs1upGvG9kckQlGvZ9E8Kv8WAgPj3uTRe8Pp-3v6V9PimtonI8f-DX7oZp1yW9ibN4IWgjdpGLb-Gfq-V6QdSBiy5uqweeaVGWYwYL518A4KRJMi_g89DbYn5CKjlyfGLQeypdirKCzt2EDO0KVPZeXFwEifWGrL8a6Qq3-HXqOhdxxwCV_cifYOyG-V4kx5InR8iS_ygvN4tl3PJ2qiZiTeTBWaYyYdTpMnhz9zOVEJcEOA_PrTpx1BBkuiB5dVNNDLT1do18nOHcqGC0xWiTeJX5FqMJ8Yd7L7KDv0mxqjG0Ck2M17_5J1qpDQBQKLFMhcrc0GLmqWYndL3GzBwha5_02Ez3b9yvOpONpBnzRKrrcqYHehjZ6QkTNOeriZVsATnAtq30_NXdK6kYcXPjKK3r2N8hCf8rHVDbJ5_t-gfO8yy1z4ALzwJfmAj7VdMGNXfIWtAJYakSsLwofyHP_81uR_OYe9yqjEffuYfqKz39cbOWORTlpD6an0N8pF3e3krmSF4EladcjsT46CCXzf645-UFCkqeHpFvcolMu72UvHJnzjpewU_pR3k8-nmYDNYjP6itVlR6niTObdB0H_Kp_qEFplTKlCVRQJN3E74kgTG4-p8Os-p4oCNgHtjBkeBRrfFf,1,1,JFK
Budapest,New York,298558,2027-03-23T08:25:00.000Z,2027-03-23T16:39:00.000Z,2027-03-26T17:25:00.000Z,2027-03-27T07:10:00.000Z,3,https://www.kiwi.com/deep?affilid=mihalymisroriflights&currency=HUF&flightsId=0b7707f051a4000082b8b25e_0%7C07f020a151a40000eb51329f_0%7C20a10b7751a70000ab375a4b_0%7C20a10b7751a70000ab375a4b_1&from=BUD&lang=en&passengers=1&to=JFK&booking_token=HWhkDKpz29PMzmUtx6v7OKufO0o835H2CZgg3atx3SDhAtAZfOJXadb1KQCA0fHwXQqJnHoWYEiiBeCcTaLYFMoM7aR4RtUubEAQxPnWqPvrOHtv_wMjEIXV8PJzvSEdl7RY1oc3rRkOVyXp0b2SxY25SKF6yxMR0HeCXdiEOGO5OfKP6ZSCE-MjdhsLeyuV4rX-HzNNey10DtOpVSyF_B3etVmMdm0e2raqyOrJHGLK62LA9RsIYFnJ33foi941y5_ET1SuSie_ZJqsulPYtc3l_7BDUBLo3h3Cj8N-qnGRnMSQCbsjZNFZMNSkzPCm_ed9R_zD7_4u7MecDA0hudqd9pxuOU_2KqTf_TKIEZNiJgJfpHxuJIlFZp7OKnOop5FlFRj7mPNEZ0QjYFUO8V8m-Vw3eDkBzGJXPzYPb4nxxSZQf7Vcr19lCLpaZkX3-yg5Vsr0VnSazp-ZUZoci5MR4LEPqyrpgNyGv8Oe186G476kFrv0kPgPn9hbq7kyyhRuboWYzIkEo0cndb45wd313a-KeOKYbsY1sc5ZfFg44_sUNxeM_itHUZS0Etk2xAZlzYGkQ4e9ETecb0iza86syO5DIBVwc3qFyA1JDYhHBfW8c85ZYiTGVxKQr9EQmC1BvhnbdKTp5afRW0aM-e18jcepV9fI4RtW8jTkDFW8fmZHhUBOV94aVMTNEzl0CEBANHdarEabLZrKKIYY323CAUr61KYTc1Grr8OSOEYZGeBIYSQVnNcrttnGcsg4xrYBXWpL95oIapXshfCM9Ohd-YuulZ6QOPv0eDcvXHKXXsOznGNa_GvrHOEcI0175RUqji43svck9o0eZ_yeIKBI8VdrrZiVRl92AY5SOCh_HJ15yWyV9A-zwZhuLAplvAug4ADgO2JnTjSd_ibw51OyN__WeSRscL_Q3-wCpIWMN8e6ELUY_MLhgnoX07hbpHSfbsofyzxGlZAO5zDTE24EvpwYqsrQrBoxA05MOCHxFUqp2vHBe7EUDePwV226qIK93UC4gviTkWhPGNYIZG_0jfOZGODebjiN6GermRdwav90NnXPfJFHuoe_-2qIllKEHcQ7Z5an4hnNvHrduzpfjfkRi1fEWHKPvUkW1D4fb7U8G7VRbzcHxjN2PriIPsYdbLBHtWEOaVvCVcLUxiTl-KWFu0yDo9SxL6t87osVd4oKTWXRMv0GBDkFRAnnZqN4PyznSRwdUTO4ab1-y_-B9bQCKBJQN2th6Z35Na2SN6xXSUCJjnK6z2ZqiwEhACvWVTlya-Kar4MViwjTfFDj82PZy4oOmzg7Af4DnKz9gX_8RBRPAJNTDSxOurMzTEjekds61y5IFlRZ0GSjHTANv6Sv15fKDGz4P2bjqRTKFi0iJonIm80hEt07deM9b,1,1,JFK
Budapest,New York,298653,2027-01-11T08:25:00.000Z,2027-01-11T15:31:00.000Z,2027-01-12T16:25:00.000Z,2027-01-13T07:10:00.000Z,1,https://www.kiwi.com/deep?affilid=mihalymisroriflights&currency=HUF&flightsId=0b7707f0515d0000122e72b3_0%7C07f020a1515d00005b0a7329_0%7C20a10b77515e00007705ab56_0%7C20a10b77515e00007705ab56_1&from=BUD&lang=en&passengers=1&to=JFK&booking_token=H2KyHhycDxOW0f_eNNofd7pYB7D9KL4qnVH_RVfdSzBZkPYy6jqljIlhzLK_jPud8bChUWqKJ75cghhA5mi1Sm29Nv9720snhEtM1IZQgEwGOFEEMYA8q18aAYyG_26ZbKaKM1r0klPH077rrK1LPToXUlGMQBig-5vz8h2BhAE5x4UcqHfk9T31hdmVpP9RbNrLzhowNTJMbe4zwu0GZVfemyidioiDNMqkPkPBdIsYP2J7PId8BceEW-lLj_1EBNk3kd3o4y_YXPoPzDcxO2shw3DhBMBQHWwmU7JaOhDHrmYMiV8KKQkb4cF71W8X_gKLjymDmQjnHK_ajyTRH_hz9Awk1giEbF0ZTyK8oJT9BhdCaHOQvns2ZCM2I8N_TQ0cBWKvcBR-XrwvGnSE6Qp7InC1noTjLsr5CauEHjCSXPZslKopjxp-siHnksyX6TenGVDh_XoPNUwoDulDLeQggIY5WXB01Hz_sSNY_Kl43vTNz7mh1TYrg6OD1zs-d_0jVUPjCtB3bgV6ilHzLs3GBcnJbZvb6DKkonBSi17TXiT6OXV6Ia7oEASNrsCx1oNp5Ch7ZSeh18ONQH6eHR7Uv-ypVs4Y8DyLeB36PQngLEE4sTVLqC-m3vgK6CtC3jyYNH96LLQky8Yplf_oM_nGjK5vZ4Pqx3MtNjgbLJJorXhBaINISlYdDIggpbAcqxptxP0UjIVCBWkCCVohi5jm01g7SoFjMbcVIr_RcMxAFkEns3Vn1zI0DzUZQMZsTOh5Vo2jDHPPlidxAZY5JvRMGoq3OrvxqeSbImaeF94sSxYBo2J9uDd-y6Y6q8tIeVLQBpYJDZGbaVhqlKZrOWsMwutukWpsDqUxtbIXieirlB_m-tr73sQY8dArGMTgCzAjDeHl9GuNYAqMu4TvlVZgjN9t_bU5wNZHkuHsGYBJE1wuGV_hfQF3hkMoMn7hZCvN-0kpfZVqiw-JkLRkOB2LwIJDW41HjWixHDKtcEJrg5hqALZVAfy4W-b6n5jAvuCBKLBqQAhjG4Ricuk9KlND_VRuswS8jrVrh1f2YQ6OuxAwjyJE-9tf2AQzLpijycJ07mvA-dsFT0EPYxONl7egIdW6pFuQjNI-agaTDgfRqRCQzHI6SjdDbSIe60v2dHTfa3zLAZv2esV3lvOQ7-72XnpVDnB56wTk4WVyRTgwska76UKeQmp7WRefnRYzJOAKXOItzVhnU_xVwJ6gHt8gQPXnBccv73H5WHP7wXIrq2lrsYXoxKnYwQoKMMqxPcZuA7GfK9uiE2xW8g7D-AR9PIzsnP0yLG_VTcBGu4JVzESfyrgaOV1TUbXA9qLU22VIChFGvnROk3f2aP9bWjJaf4zJlfkZ0oBo4lZuEHmM=,1,1,JFK
Budapest,New York,298653,2027-01-11T08:25:00.000Z,2027-01-11T15:31:00.000Z,2027-01-12T21:00:00.000Z,2027-01-13T12:25:00.000Z,1,https://www.kiwi.com/deep?affilid=mihalymisroriflights&currency=HUF&flightsId=0b7707f0515d0000122e72b3_0%7C07f020a1515d00005b0a7329_0%7C20a10b77515e00006da7beed_0%7C20a10b77515e00006da7beed_1&from=BUD&lang=en&passengers=1&to=JFK&booking_token=H4hS9k_mAA8B6A0yhNZdB5c0bZSSoaggyh2IgVVx9eQ1FrBEXc3Zi5PRIaQrFqneCS9EcVSUvZ9S0unTDaTScf56TWfVLrVnhkvZan2diUHbQ3lfie9F5CledvF6F3B_fyrcchd9lvpLXj53pNwxLD8k6gNlIL3U6FAiGqoELIusZJ6JEVJavi3ypBxXYwsRotPKTXctM8iXDXgv-LFzsQJAxgsNrQHveHkrVW5Ls_Oq1j8z5nRbiHJvzT8MIul0kAFaIOTw-tj4YtYNqBwQcxtmQOG1vp8dH9yRXxk3k98BuAS23SmXsKnUR3_JhjG4Ad5j8GkZc-uJg6MOdenWg6MRUqHh0Loovdv8_Yroz0T5WoJ1TQKoDeIf3LPdJj11FOOhr666y8NpzutLEVwZHU572rZEQgXWb7Ork-H92Q8WXEmrLTxnKYaIuWmBdtPxVlx5FWSnRJPGD6QPnKnSP4Nw8Du30iiQ77TcaTqnsf10sYl5qeqqJv_0Wr7Zr88hzV3dhEvbb0EiAwqocjOLPjo15tmuPu6iyNwMjHk9fUbIZ9mfRvWwpKdTsxTnzSAdlvk0Mn1vCZ__AfOu7LReGycX0ms3H_qhQ-Ee9DBkmnztgpbaxmqVZcZc1Xyf2oCqVwQ6NMYebjjNNZiE2wdRjB12GrMA5DEr3NlxpyvOQI9seX10-kVWXIAvkxc16SOoLPP2buW1GXQtf-sBcP-F6BXd4vZOcLlruJyOLhhi_YLNhopjKItzYnnMEBr-Brb2mhls6WM-cJUNtOvF6CHIoXvLKKKJQ_BbItXymL2vCdIG4WquUR_ZLqX-ISMCni--eKUR1xsPkusrRhxiAmGKGI6z0FjPFO0Zj6QLrqVJnKhm9NzHIS3crObCS9tptduWSlcf6WdW3rdVrV_P4El2zHyR4JvtsUhbaeiKZyHnK0seoPPu620NA2JXBwNYeTUAtlqK45ZDqtssFsvQaZ2Bz9pzAlLvDytdupWdhXPwNYLH9nrpb5x8hGaIU1oYdtP49oQim-8rGNXezAJ0OW2C0MDg_zAIW5vuzasGBNTxJIcumfchNjufhkTnN1xSys5sVy5U6gPBbJeqZIo4-U-Jingwhj_tjxoRk49imkbAR4agkr_R5YtIGXPlPHfMrESoY7by-wRyiqc6VM0piI1L-gO88S4qZctLP41MNgWxOFhx4FyOlXd3lnwhaTv2gKJlZ3hzYD14vvapcGSDG8CUgbGYJXkVK21XrMrC7XNPC63D5_GrFKLz5Yw0NKajVP0EbCGlEVmLgELndU8oQoL-YW--bOXADFaj-zUHerPKwFw6v-ufX1Lq_IlUEgMRmwi0fQr598UZuiHDqZmVO4JNXK4QCBnBR_nOuCjju_O1rGWo=,1,1,JFK
Budapest,New York,298869,2027-03-22T08:25:00.000Z,2027-03-22T16:39:00.000Z,2027-03-26T17:25:00.000Z,2027-03-27T07:10:00.000Z,4,https://www.kiwi.com/deep?affilid=mihalymisroriflights&currency=HUF&flightsId=0b7707f051a30000531633e2_0%7C07f020a151a300001a323278_0%7C20a10b7751a70000ab375a4b_0%7C20a10b7751a70000ab375a4b_1&from=BUD&lang=en&passengers=1&to=JFK&booking_token=H1tMY4UNwchPZAuyDXMMFHc-L1wKloXKSRYd9MHLev8WyZhzDCFwULxCsQgm8ZWJW7HAZsWM68z5VFi_Et8ZPHtoZJDvAkqf-rSk7UZgajHTn2WqLZ5GPBaHxYNDCUN-GO83zkgJpUHztQ2mEBbpHwDf-D10wD23lWCFtWpT4ttlHt7JwaOQ6TqqGr9n0IyTbEyK3k23EPMhw56OZsG2Id-3Qj8qDrzTDDJAAH6f_NXpSEUa8DcpoYMRArvJ8BULyG2_54dcnNozFZH9Rq8s7BhCFwYi8M-2rd2QuyW8vF8WoER-5BjA2ZYRf5FxcDeoIe7XEW2qZYddVdIDHvj36S9NJjZsn0D1a7L0xuzu6EIZU_2slEUNa5KNSGt0j6fWEtIdZP0UB_EPHBRADXn7XlVr1wsB_v4fgzwm7_vCXqQZTuFzS6pB5w9Fk0G6g6IdeG9LprhnytVc4dAFLrzlDhykcZ5fp9fV2Xf4p-0Op7BmLPH39571jlhtZa83UiF3uJry-8Uxd3qav_Zd1OsOlRiXBAd1UMGQrof7v_lw_exyhEKIw0NlBTrZXQuumIrTLIFKERfNJjS6fD8wDZ3rWmdPnijrUTZSwGuhfUQdajwwPsJlXLXStW-ZoQZ68fSQsrruvVrOa2Zmax2YVSZEVboRxfG2B4hf3oOsW5rn16fkF22XlBkqt-0rjTMIIOkMJEGztGlJNhgw-G6G990ZJ4EuW9aTxF2cvDZ5MX1i9CTUudc3O185UepTKYfyCC5RQP42QxUQ0nxdmAUailjWpVmbicgFp3YAsc0ZbwPhYBzlr-DwZiEGFmrMZsEzcjaxAroTqDoDiuZ_0VX9NVTMv9zROrb2Sb2XaSgOpRAIQoEgV056pKBqDCxo3LxupFCLK1zgZpoO0gkdT8Z9IUdhCYFPPHjAAJpHmZC8iS4ZZ2-uSaJpG6emrrMkWdvK0idHKu86hKSWQr8bbjathFFxO-IfDu_xQUH9Q_TnnFjd5EKMCOlZbS2RoIPdlymDzrcNv8Du8JxJaEweT4O4__1Ze9BdKt-KFGgFVB4D2ZjMfHvRkzZUQE6sYYsYp1k3kZdOTa0aeVzNZzVP_UiIeGmbgIo1c55A0KOIyPF2Ne3CYTm27tm91jEc4Mag2vpI5xBA1hrbFcvF9wda0bLcIswQaKqrkfHAlGugl-YBK9sJ_74aaapJE9mQ7aAEKz2F_7FRbMbVK6xeoEnbisfvPl35tUnPg30f3aWM18JII8kQnX-i1HRCP1VpNo4ajGPxoY3DPwsMRcpyBRYJpA9KCehOhjm07OlV5mx4bb_Qi8Y79nf_ggIdetRO3XONfPDwbss_XATrqlXz3TMsJY0knrhMpD63C10Zq2QlXEd5d0rhKUUAPHwC2ghmINJSJYcI7Uw3-,1,1,JFK
Budapest,New York,299085,2027-01-11T08:25:00.000Z,2027-01-11T15:31:00.000Z,2027-01-13T21:00:00.000Z,2027-01-14T12:25:00.000Z,2,https://www.kiwi.com/deep?affilid=mihalymisroriflights&currency=HUF&flightsId=0b7707f0515d0000122e72b3_0%7C07f020a1515d00005b0a7329_0%7C20a10b77515f00002900e04e_0%7C20a10b77515f00002900e04e_1&from=BUD&lang=en&passengers=1&to=JFK&booking_token=HyRrULSTpcO9Qy4i1VqGKs0s3V8Hje9YtRBkCLm1jnRlmT0lUmivDE8ZaKi6xtabuUHj09lbsG5nwEi2vUhXV1KZrrPXZOmqC0gS0iJUC1NSwQxB5_ygo83luUgYG07s7MjKIw_v3B3FkTam28mjJUf2DLh4NfkmbkSSUTgNAIkMQoTZ24QG_xQqLvrk7Ma8lOmhneayj1H7XSXc3sGV680eAhJd_lcLjyoJY8iPbxJFGHeAPWqvbm7D-_JFtxRZWmwY5b0CVk5A05Jaj2xCFBzmLo5yYGDZO-P27GtSWifJdRMo-1TZCfjPA15Ffn9m5dTto4HlLpHQnX00E1xVz5UqdDZZDPuwpnj4FsjHxXaMYiI6iDrUIcgd2figRzystiA4_2tVfHzGwIt3kAGyRMdQOyUcXeA93hwNMlKWuFD6aevbv2HeZ7fWT21VIoVqSPhSMbAx2of3BR2ZzOQxRdMDw20GUmAfBAQXwh3AqFOwVF4YKKvA5cSyQp02oj2dlgbULs_W1psLxgrheH6pKDx-YfQ7PhUl1AUy7Uh5NUBnHRFol2cyJb-NhFX_L0FPqhQKWJVbznOqYeQZ1TWo8eTYAy8lfdQzhSKVRy5UEPaX8BeW9vqaIEstTGFIodHb66A25L3zDSYsHDw44pQs8dKGKE4SrVn2NHS-e_NXVdgpb3rQqzpLpZPrWFpK1UnPrkanrLZfs391j2nt7v5fzcxb9LLwkhbVipeiDYpV-YNgwLnuPNht4APdzz1_R3C7RMWS3BrvfLxsxXbUYP3E5GOluicS0EJBSa0ZAhp41LKuqgzkuBWgMlT3vTQi8pWaPNfHUIbDctD1MvFn2HdpzBtdyE0i4XubQT1BOKoLOJ3UVAQx3C_j0Qv4MccQw_a242lvAu_T9W5AhRLts5gKNC4SdZQTUcIVqRK6KgOgYSdSDakoenV_LNL6qp2K4r2dXqIVYFMUfq3CDFiPlZ90Q-7aPmvmQHVwm_5u87vaU_h8ksmnSj1O8Kc0bVoFrzV5IKUwCY2DAJbBMf2kX6efWiGBkxsNt9RlPFnSv4vTcS4Mav5Xpe_pmElrs2sdicNhSYf0mFkOWQSqDY1YkQT62aLWuMgyb_-5X7Hi8p5-JGoJVGstAujaUZ9lJwIoywcfErH8ZD2AN_kWHJaTfn25l3ILq5MtdDWB24JKjsFUPXAIEApa0Yq0zu3roe1SdKeWmtV_W-3IAsYnI-4gUzFyVWQz70Q_YNn9n_hvFJd50re5oAYcXjQ08iTxV8z7kI75Rxk1fbPwKoq632E_xxggNUrVX3Hnm18XgekJkSgQKHnX_BjVcu7j7V6WHhyWznR6ZlsDxPeNu-32l141ATyeWHIyXcQfwOA52Dvcnq794SvU=,1,1,JFK
Budapest,New York,299085,2027-01-11T08:25:00.000Z,2027-01-11T15:31:00.000Z,2027-01-11T21:00:00.000Z,2027-01-12T12:25:00.000Z,0,https://www.kiwi.com/deep?affilid=mihalymisroriflights&currency=HUF&flightsId=0b7707f0515d0000122e72b3_0%7C07f020a1515d00005b0a7329_0%7C20a10b77515d00009187ef90_0%7C20a10b77515d00009187ef90_1&from=BUD&lang=en&passengers=1&to=JFK&booking_token=HTpy66I9UXmYU6XoKYnKK4Vwo-I9IcDBlTQ7Uw9HGv-mbSVOnaUJ08nyE3tATWXQ48TUBtrpVQe13wmUh3tYnkbrv0_wa_dMRTVb4748NSTXlESyqtCI41N_VioO919UzvRWc0sjU-L_csGPjPj0p4ezIXHL-6Jb6eoLO1qlM4Hw1-GF-7XDQ-x2lHVvA5zDDhOUgmQCgUJwTEdgdhvDBi2_QsY0O_rJwU7jvPNFEYuIf6cXJ4E-kOE9XNahpvIXVELb3WOICv4XMbbbwSD7AQdUaqBkawdkBCoI7sbla_4dtWhn6okt7f6XPQivT6zhIGh-EzMUawHXQwurr2FRy_DDrfbkAhmOi02vjKdPkfvZVmmYtwxhW2mMPmqfTe6REEAxUOyVFljBhdaxRi7vR0kC_c7e5KuQWdQ5SXnL-QYoHoWCTOrTCMBehdF35wTWPMuDQRIfNvvbpBNxcphEcn_B204eHJkZCbmi0qcVcAxsTcjR2OfBG4atFpOH_N9CT94uprd1g9P9kIRp6UYK1WuI_mbTBkQgUQsAGAzNBMzkuJd4EhDCmCV5gGNqcz31Y9e4uKy213Mddr-k6h0PCQ6F3EFbDewPSBKHUmXgfo5Yp0LIhogjDgpb6zyLxzhQC6Xtb3JceVtHzUstzOI6VMpZW-cRkxwdTX149YX621SYF-7MkuevHIBAxWNdMvFoMgTTr1wlc8oMzrDODTZNSp-hTlfBBEn6IUt0aE6EdbcGtvSOck9agutO88zFX9RejZEd8pz29Y0O3xJvzJF3Q1mSWAWyOfOFbM-m0Jes-tahab_C_LMCidA7AaFeKssUR5Y5gTJMyWxhKCOPJGULC3cpkMeY8Of-8vDMUw3EMm1zt-abvHPDqUG6xp2FeEAbrg8XzBrYigIMYTkKmQJ9c-LKCGyCwZFrrJG8lCQF9UeFeQIltsatdctpnXfe5D3rb2P91iboSvRsDXmVba29BCCfQYwdCyrtvXK9wEGXBAiAZBPcPnDXqoWBsyyQLtYTQCpEEko10rZLkZwLJNn03RKeGes4uXj9QpFkUgIlgp_tGPKYOX55EYXRI2wRAq3Ye3AR92Zy9rVHQzfkZAOS9x3E5FvExiDkH6W7taoOAjgoDbt-Z1hMq6ExsALdtB77pu8elV_wGu1H7KA6hiGkTXdFxseTRpGF9MQllz5omPX9Hpwxbb3m7FOKU0IhoetWM988F-xxejSTmXqq3O1A_p7DvXbs_ZTyvje1Dcw1M8KczierVf4Egc7Z9d91GLdZaI3p5hhSyEpxTObCgEwZER9sN7OEzfT6i917hMw_4IU8NhZnTF4VconW-9wY_RzEny_SEpyyQZ_mgmLy3suIBAMVcnbhVzdX0bDKfchjbUj2WlnKT4IFSySpPBs346zbW,1,1,JFK
Budapest,New York,299140,2027-01-11T08:25:00.000Z,2027-01-11T15:31:00.000Z,2027-01-12T18:30:00.000Z,2027-01-13T09:35:00.000Z,1,https://www.kiwi.com/deep?affilid=mihalymisroriflights&currency=HUF&flightsId=0b7707f0515d0000122e72b3_0%7C07f020a1515d00005b0a7329_0%7C20a10b77515e0000330d3369_0%7C20a10b77515e0000330d3369_1&from=BUD&lang=en&passengers=1&to=JFK&booking_token=HzTHrpP7gNgJfdfiCMLzH9WBh704mEn_Zm5N667AafZQAKZhzE61gZ7J42estcXf-V3065S30EK5YlTNTWkulYTjzc4p5IoOcmohIrAeJt4H4yI_BDmHymRf2LflAZ804XKznBf4YfHcb9ddSgU7sWWY6MO-MwXCiRNfOv_FarYCxm6ASFikXaQZiF-5v5DGCorefbs8aJtc5eTqGe98DDCQkbonCuUPNvwQW71h5Rj6sU6jXs5I1IfsVMLY23XtRuJXpI6pieGnFi5RcBRZ_nozz8KxTp3awU-g_rJdaswlgvkdRZ0VQTFFB07XTHcty9VvVMMhsCY-ODRgAoptyqT5MsRu2n2CS_5aBGXZvTDMzTyDnIcW5Q6TqXoh7PVyMAvBpAd_92sq8dE6EjR1R-enZxprSuH0Yn0zAlwIEKqCMiJWGJnUBPYhndeZwB68HxwpLH4d72iiedk1n1nF6cPaUqKl6CVK5c5RLkMkp41NgpD5Fe_nDtfs4WJ5ErVglqHm3kME7l_sZE9n63MrnZ9sqVyPbq5jCJDXtAEK-XrXjNZPPJspigYioOqz18SUGhMjUXLuyhLe3jYZOm3rHJvt4oqadMrwmVQKYkNu4AZX2UKJ_DquiKSJQ47bt4rL8fspZD9tj90CfIdl0UCgDcYqSs0wlwZ8niG6YMr5Hq_D2noUpspwjri7iWhep8B9KExfufirqZFj8HdSfjwhbWAdyau153pER1fqm1u9i9_aRludEYwouGWxgwfAngG8raR92yAucqOLysp0i_B-56uzlmwrGMwq2ZZS_njGTSPPTPYx7JbMEwG9CMuG9oUBrmr-amemhu_zNc7xYpfLFX4mQMq3LrJmeFByWNSl3CpLXbj7Yt5w3rxpg0DJt10kU512T_DrseDeZpb0Y-X8hCufLEhOkeoXwrYZ9tOiRKu59AjFCdNSk_XZzBMYL0--nM7FkM_HkYcYOmE5_k6-WiXYj3Qn3ksARxioedhaWKTUPrCHZ6Wm6b6hj-3y7fcVCxjqi9LFu6YXk9UHyFJhfx30fLkxFGDpLeXlGmIg1vRGIqxYkbalsyg4tqZ0C8MPpriiXPlbGLWpYqIX8wLBjCOgr-THgh7WI6GvLMm-6QpBbyA-gfkdLuNKvisUolIRRuwqIOpYjA-hCNPSGvOHSxURDp40y63--b6e3kJ_bqbdoLQkkN0Q-Ei2zJ8BT4kFEk5hXZKZQTaxm0Dlpcvg64b312GxaY5-dyhaB3u2H_LXa-ILUlYzol6KPZ-5fJuYsRpJryfPNnBG4Rr_6kih5Nm4jxTuB6-PKjcSWSEJnZzoF4RZh3UTVoPaQVVzdT6fzeGwwtL9VyzVpT0BxK9s2pPKt51vqBlwjxw4LWb2IOPk=,1,1,JFK
Budapest,New York,299140,2027-01-11T08:25:00.000Z,2027-01-11T15:31:00.000Z,2027-01-13T18:30:00.000Z,2027-01-14T09:35:00.000Z,2,https://www.kiwi.com/deep?affilid=mihalymisroriflights&currency=HUF&flightsId=0b7707f0515d0000122e72b3_0%7C07f020a1515d00005b0a7329_0%7C20a10b77515f0000920d37e8_0%7C20a10b77515f0000920d37e8_1&from=BUD&lang=en&passengers=1&to=JFK&booking_token=HRxo2lCxTelSSf-FyHzQxczOZ0csLJbcplhgt8jHBM0NvgrMSUEu4uReenDLfVAYBzVwBGMp5WVOvipS4iP403x31UbP5JzgnAspS5ZDQ-hdsT34pOPR-4fnb_ivfwnHQPioLNAbYz8bL0DB3jPw-H11IAbz_q7Bk57yyqHowEhXQMyNt4MyqLP1jfk-xGJjt2LmRt-d3ieNm9hmY7N6ND8zNOIUrYLWVUv89eClBO7PX1WkQ-CNKj3y412yJqa2iVn9D9VmCKw5OUvoWl3qYGzu2gp1N14Yr-qwVVcAoltXMUa7CTFNbTCrT00wAB_NF3hJ-cJFxbIUmlTE2Qnnob_qH4PWrolLzRLDJ-nrDO47t4ChuuYL8x9-telQGXU_W7Tci2mSRBJ1d8TcNNg6E474IWiOo96x4hB0HKJIloWG8iY21ByLkrv1wkf1-xu9Lzc_D96J2REWVm0pcboDpiBmAYiLkUSRYXdGKp1RmzuRXFsG_X3WoEfiTlI6tCvQJ_SpMh5b1k7fywDX2uKfj8hyTW_32ou_49lIA2h1L1d_CM41a8NO3j3QXPhzDfHkMfiPBLxMt5jmAgCm4tbVJI_Kdlr3bAvlxLdhLSnOyXOX3pc5rkU_DBDqXvkDr7MEqVgeWwRfvsrkGYusw007dF-QpGPwPAgNcxEHgBmxjT9rhq0roDFAFrfn1zDigBtJWMWiCyfEPkdyBEod83KKRlCEjq2_ncSwerH6hECst6saJYVE_R5cBNHYx1gOiWaupjE4-vGLdyxiuQ3tCYlwtabtrxNOlDgmt8UauteHihptw0XNOgR5OCdN8u4sTEFr70AUBnR4of3qN0MrTUbyLrEYCfsLqyJhbrttx8rAzIFWEHi2w01HGK4gB88Iok2X3ZMax0x2q6nr04EX8-qU65aAQWcXPgJTzpIrcwqcP3c-M9fa6ooUR78RUS3TGy-HpewnlB8QCFEwUiUw0lJ7tEGOeuoMIacqt5xPVBZZNI3OQ_yQN71XWIezbYsMDRDnKUbFbrRAEPBBCP4Ad9v8F_-nfO6IoQ1Xikfr0Rf-ErczIehHL_4cwsm28tVU2DyCAElFjr9EZtmXy-JQFFNE8uNxPO19_4KyqsftD3MZj2vH8ML5zZs9yOkR9xgkONjY706_OYMBTxirdKyV5HrYxn8vSuCpWd9GNZtciTcjzy1w4zfTGAJIxpVpU8SA384OG4jc5C522_EZB222K7tTy-Srie5CbU6hm1qHAwQ_f5DT4oTAdlgrJo87iTbR9Tz_lOCUSZt7HG_p0W9JjgJtGIaXFHKenGwxhv0W4KEKVY9BsC6zReAqjnWjaRPERAfQO67MwwLeLReaFT-1NH2l08LRVWtgIptSJOf3ifqd5Fw0=,1,1,JFK
Budapest,New York,299344,2027-03-22T10:15:00.000Z,2027-03-22T20:05:00.000Z,2027-03-24T17:25:00.000Z,2027-03-25T07:10:00.000Z,2,https://www.kiwi.com/deep?affilid=mihalymisroriflights&currency=HUF&flightsId=0b7725c351a3000087d27c5d_0%7C25c320a151a30000bd92b18b_0%7C20a10b7751a5000038bd79f1_0%7C20a10b7751a5000038bd79f1_1&from=BUD&lang=en&passengers=1&to=JFK&booking_token=HuM2Y7r6N7KqZgHipWgKZcb80zDeyPRg4m4HFayUZqi6YXvRaPCWB3ctC4UuYUZFnu4e_f0I-NTR2UAUKQq-1lm2V8BnfLPNUfP0e7zQDJVWgHqQuiNo5iL8d5-SWKaB26RTx1Dw6Y144CqNIX5kr860e3YCxOTgp5fA9vlUHwznz3zE3NBXJ4yR70V_tund3eCgL_uNumerwgC58g6gLLeQ--ZA0X8_-NrlkRh435j-nv8VA5dXyuWM9GDCysuhEXu-GyJbdy16tIamk_M9bT0qlpYhSGzLi1nBEq-QiyqrpDQ-Ug6WAgCBDQneUvvel7s4IcM_zz_d0-_GrTiCjzNxBf0CBWu_vPH8ZNpreCMSbnJGyxAh3MQVm8JSXBF331CitAlZtLKUzJyF2VhbIkGqbrQrvaWzVKvt0AY_IEMmvxLKL65YR_Yuaprd9t0JfFnHN3ijqTTx3BKWe3PbxV68K1wAQElBp7Wx8pdqnV1umqciWLTpALPFsbOfgV3xX1le6Zg_mALVogAESljj6xp7QDQazUa3unaVL0wiCpxM2Q6-2aWrUuNbGVeVjgzALc1vg6YE_ilhhAqTeBoanA24xfxViP3QWM44cFoeRoshElL8GA1NlBiuH4WN4QLKFw4C3JNTjKAz7KPd5zLRnCkJtriUztyMjyQhh0FAyOdHOIvVNI0Qmn-_gPzIFGhg7o5BFpFmKWXGp1B9sdOI_tLSNM8pBLLNxfDM11jlv-z2JcROgK9rcoSQuxiSU3tUykxbZU8QZRzEdkgqgfBbzLac5gi6CjMvrvwKHMPeb_x96Mw1pOly1HmYULW-3wdW4nmkO82M87Np0Sum8R7kmGG4Cman5b0PuGbXdJ3bXBKdfzNzrVh7v7hsDH-Or6aAGKn1v8yXoo2W4gGcUyHcAMvAf2dye6nI3b_7cH3ROppZ5g0GyJTkJEfXqXDKYJ06pWgzurYaFqZ8MvYVQWQR479hneLmfRCoUDcpJl7S1pfau_Dske6Rrcx0A5TBBhtq1L6_OMGfmarY6Q2MhPBDMEGnM3L8PDrJ52lbY57TrU68Qcvhk9xXYQBsN758ZL3KMgEVIwHMlXFbEaNlLEcnyrCPVU3S_9du3rKRtGpAEn6MGEIHzglwiC9HdQoljVtbRewgxkmfU2d-En8172S-0-wLzjVgmJ1o_u1mYaS5zwk0ewn8qc9BqOEjTjwTA4ZO30zmfaBZZ1WjlSVrnXvCptfBohC4n5SHL5ZfhSF1xZ0ilgt-O7baIgChk7V6WWgIb4dKjZHlcHgojvRULkhPXF6tgGhaU2RSU3SECQjHpIiQbZ-tldsUr8jw9GN_xJNHA6sHrpC5SAxVCrGLV-4SwlpnnBaO1OUOaT7e9mFbYk_IsKbRZPRyzskarEU8FCYj9,1,1,JFK
Budapest,New York,299344,2027-03-22T10:15:00.000Z,2027-03-22T20:05:00.000Z,2027-03-29T16:15:00.000Z,2027-03-30T07:20:00.000Z,7,https://www.kiwi.com/deep?affilid=mihalymisroriflights&currency=HUF&flightsId=0b7725c351a3000087d27c5d_0%7C25c320a151a30000bd92b18b_0%7C20a10b7751aa0000b34662c3_0%7C20a10b7751aa0000b34662c3_1&from=BUD&lang=en&passengers=1&to=JFK&booking_token=HDLPMZlSoA8a2EUkcbVwML9bINBHOJ5cd61cWzRI_O5jHCEUT52cHcYLeC6AprtP93AVC_te3k-QsW9-LFQBLBJ-KVcCBH6gw39bw8vw2alLwmQ32ornshlV0EzlV-qBhzT-WIEsf7U0ntab3DC6wDV5sjK2ok_TkPuLwCup2w0wYAjhilFNLcFUrIQLR9tOqVLi1rdcwQ6sR9JPCA8C1aeZmqb1zxMcVKtyGxgnSn4RiQ_adSXfra-8CkiWBWBwO6G9HSueBxx9BzrwmWD2CJWU7Bt5eUPGiNMBTj3dg1iE8FXMvGZ1ItfMZDzJCYMVQfiN6wK6nVnb-IXndWCmI9Z4oDJq1rptqpKm4zz_MUR9HeURvxLZp9-MX2DZD3O1-UGzFAkejoM2-fX0FGWhgkzhGPX-l1Kf9hPoBdH0xcuz7NNi1iGgH78WunA-9xr8T1_4y8iYjkpO00iVrqNHwImOMEtJ1pPXOmGOAhw0htBb-afa2RKiK3rstNBjIDxsBRC_TxF1z3ewZ222NHvp_COau4_Ryf9Uw0vkYTk_SMlq2Gb72fP9WkzORLbog_2UDtnTIGwPa2usMYSwJg7qssNUQDNk9qrQoWY-a-SA_jJu_jhJ3CiXFxCEXTWZz88UuoPM60nMsSsoRYmjHiTHAmJI0X1-HL69iuXqTSXnXA8dj8ixeV9zPFm6YRUN_Ag3itOHJiRm08KVuZnJ_ZkClP6IjbV_r0pIyKX7qxPPotjdJNvJPktoyJ8fqW1QQ2izi6yaYcJNbMMgBAoFpC74eTWyDrEP3rftkkLfiJojxr0f-pTF3pw2NSjAvv1_0M5i-CzRlKDQS6t8-aZ18JEmkRwlLoV8V9-uVW1PkkzQzKaBSIoczFxihoHSuWT9_z2_eltRbZczDFkk5wxv9YPtOqbzp1n1LpynlQQIYDmb8DuPhYgoC1rXnqtsYJ3DDkXIN8T6oOmshwFiHlIsFlvN0bvuXxqVAE6r5WNOidz3VOhN0eKp6ZfNVd_E-gkhOvK0lhem-HPrNAoLT90eLbnFfKs9Ni5seWQBNjKy2ZWdPNaokLACYA9xKcqEYodsDqZOGN-MIGeu-CbWwVWxUyvIoK6Hf9qq4L7o1u5xh_8YOqRpUn3iIPKxFk3wtGDmzMURoedlh941wSuKZSQOJSfL3zVpZymFVOpIAJoOjqN-u77adJksrmnJ654ZP3oO7ArGfmn5NpgyNyYTST6QiZkXjIEycODGbaVna9gvtOAqnAt6nTbmkuDpq3hhqjH5BCZcMbyaMmvpC5nmnUvLo6K3AY77x497PD35Jox26b6q2xcEiB95_xlH1qa0zka3xkq4di9bp__FXiynXgcqC823AHpzQ93xhfdqwcs1r5V2322d0YNRiZoVDDNu1ILx2WGqq,1,1,JFK
Budapest,New York,299344,2027-03-22T10:15:00.000Z,2027-03-22T20:05:00.000Z,2027-03-24T22:00:00.000Z,2027-03-25T12:25:00.000Z,2,https://www.kiwi.com/deep?affilid=mihalymisroriflights&currency=HUF&flightsId=0b7725c351a3000087d27c5d_0%7C25c320a151a30000bd92b18b_0%7C20a10b7751a50000221f6c4a_0%7C20a10b7751a50000221f6c4a_1&from=BUD&lang=en&passengers=1&to=JFK&booking_token=HIGUpB8iAya9gQE8XKDJLgpe2ydobcXnFenJKDjV2SK9X3U3ljHNahl0OvnmNOaBE6Ra_iO1KyQyOZ_wbtCjBvtvD6LuP2FFv3nBxVHtSkw2DTMf04tQQQEKd3UcBEj4TXbWiGuOD3roM_h8Im-5hEoiiNDh65cBZEd2BVdlVS1HECSu00I9EzDtZhhY8h8ytQVIBFd1DWLicsE_zSpcdzgqz8-4_wY2J879BtZuR6ChqyDf-9AUhpHfJIJCaOYvlnUozXV5K9GOPi7N3e4vFvWmNfNSTUqg6xH5yHuVNzjmlN64EJqD26xnaZ9CavOxn6FMgPgfJAO_B84zGDWBEKV8RWTo_505JKqA7UPxkthYkHwSXrTHtlk8qWP9K41fDF9VLMYCd3PWlHMMl6yQ62WAiwSIOHEn4mm3dSwzB70COIjOnT_go3XBjgRGiV-sY_VXrNI4RSz3XOhPDoT5exrB3Q0XV5R3AfnKs2ZGAs0KGjtsZsa8DoeZ-a3Ll5Tt0i0Yrda9fqP7Qfh-a8qcqzk9KI5yYAmCvVJNa-oHxoPnBDS1g--AmaG9Kysen_9R9s0w7pFFSNoHAPO81rII0DhXF9ssR_9NeKks_T0iw-YI6-C40ScfcnM71FRTyB46Is8y8kIiBOrDhA1K2uOTfg88JOH4oViJd2-gi5BAq6FBaXtF3a3ezTPR_7q4Jpf9Bvzm2A1iQ85_vmjzuA6GsFgHDR5eA58D2dmLltzZXc2YBb4iTAwjX08nq1l9f1SCEHbBiLp2WVaXJoMM4yzpdxTbzEwqHdaJjTi5MsJrBro3jv1LLkG2QupYqX8EBF_GieoUhKJzRisObIBbIQ0RalUf0qGiXsrQKX9E1P8e82J8NdXucRCp7nxjgLmQHzU00v8sMPLD_EnUu9h_OZbM7G7e8SvYZvWnzcD0TqeRi9h1z6krzhyb54V7H4WHsxIjoOuFyWIAPR5KIyehf5xSveo2YGsNbl8lU9pmnzqKAlvqfgh_msfpsMOJE4MJ1neo3e8xZ_xelBlDM5TxIlUlfBg2MGyA1cm4mIhnNl3UpZpJea900AnZJivG1IiXcTqxSrxFDNRn2L6WpiQRCa7ok90dy-PnctsNI9J3YoLK6mijdO2CGzNvMVpE53h8KyYpvJXos4qoI-zYPDzEwuEtRhMnwIS-AWgux0jDlt4CSabh3LKa_XOQ1-Lnq43hPdloiNo-8ufFQVx7aqsOve4orr1MOXaOTWzoseU7dv-YF_dxMeh-5RazOeVr2xXg2CAB6XOtWhxyCQoQfdkYTsTMGn6Gni9tteS52Xi00sP5wrl0IgzM-vEK5aulLyGQe3xZSUSkLYcqMig0EfM8c6o6VPxRA-jQFksMg_IvKTeJke_-t7vGXFwC22-KhOoQwz5wz,1,1,JFK
Budapest,New York,299372,2027-03-23T08:25:00.000Z,2027-03-23T16:39:00.000Z,2027-03-24T17:25:00.000Z,2027-03-25T07:10:00.000Z,1,https://www.kiwi.com/deep?affilid=mihalymisroriflights&currency=HUF&flightsId=0b7707f051a4000082b8b25e_0%7C07f020a151a40000eb51329f_0%7C20a10b7751a5000038bd79f1_0%7C20a10b7751a5000038bd79f1_1&from=BUD&lang=en&passengers=1&to=JFK&booking_token=HRfWBBaGM-cdamVhIvaE1pglmkm2gkGDR97YFhXcu6Nj8mDVmZggwrwNuyuZMDpMR0Y2EnhRNotvAZ4SoIl_iEyabuLrZf6MLk_NjeH0rt0HSVpcNuy1a9OjgR-3AYrcWFftpG2veJ1LBMa5nbgVZF306iP07b43k5SJ-DbGObSZ2VzlKva2yHWnBU-hyYDAwZgUYx5YbtOFOVWCoqjkQS01AasXkMo2V98oHENGgoQGcGg2mSPJ13F1HhVVUwmnUvpOsbwjc6NpTLrSf3mdr-cERg7mk7IN7fGU10iSeTLGhl_5wFO5YFj4_QXik_-R8jWI8PY3ticxjBRPXbyuGarGRgbgQ3tAoZSOdIL7iR-9nQDmahd5fkrGKX5Sk2ZWgQ6njZwqGTfaI6x-1kxGPuXvIyV7rg_ZMMy7f9QbGWtET6APOCWpB3R76lJQhMwd_e4zTV2Vtckl7YEuRx_83Y0MnrNFMsizmPUH8Sf0y03u-bKvqUJC6v3dVoJJ_eSfBIa4cgluKKl-vc2_oVaX1VRa1_F3gJ2JZUt6KwHusdcCc4-5Krp_YVve3Ws174-eFUtQnoeIb2DTEkyuzs8vWTBsG1u9ItYHWkITbkvTm35l-yP8LKbx5qgHiGSx-72rOEiupaJRsIhOR4Y8f1gkKWS4DEXo8zrN6V13iabV4rWQIOCdBn-B1JaRQJNDsSc1RKrHiFsyLYrWWNOqvWxj6peVEQ-fYVhMnbSr3re7Gx_N040PZ-lwFGSz9ILtix0URvJqLSJHKVI9xHjRBJb8tmqvHGhEi-4PggouVa-_olDuQoMcQHE0CFs6l8qHyj5aAw17ENUflbRHyS_mp_bwXrehZ_lhS1-iVelrmez8QXbvwaOxl-KuClbGOjfadexdOtb4bobvHQnGnrZ7A0paodUs5zpjaXytckE2vg9O_lPoM7gCBV4JSD05IW_By7Tup0JJi-Wvmb8PEx1I9aSKYfy2dJFV8qQqaeO3LWae52gQf-UFQBzzVnsQe9qDO43ZwoY4R4D_2Ei-K9uY0bw56yUNBv_1rI305L0IsYeG8aX5bA_-WIJdcQdLq-pMbXnFPZixvhIzltj7BcxSeyEc63UwlqDdmxmWarsEkQQ4H-MON1mgKBSL8OfiDEPjyUTlOMivqctTp-aFWbsTyS9f8pk-PNU3E0PcD7VqZ1Zn78ym7TqWovy6p5mqE8hWK7uVmKEUjf5AGscT0SLRw3pQpMf7_IA6lroIycqZnSeJKZ1Y7HXb-xKN2M0RIzhVBQxj1OsHOHM4T1qY-qwLJgE2ibYjtT2zijI4FA6Y3hwULHFb6wDJtqarahEylexicuz-OSfqnD1apJnlKGlObbP-iDaUWMIZd_jdjYA0jMddRBQkZAzXieagA9KvSTUHO-pR6,1,1,JFK
Budapest,New York,299372,2027-03-23T08:25:00.000Z,2027-03-23T16:39:00.000Z,2027-03-29T16:15:00.000Z,2027-03-30T07:20:00.000Z,6,https://www.kiwi.com/deep?affilid=mihalymisroriflights&currency=HUF&flightsId=0b7707f051a4000082b8b25e_0%7C07f020a151a40000eb51329f_0%7C20a10b7751aa0000b34662c3_0%7C20a10b7751aa0000b34662c3_1&from=BUD&lang=en&passengers=1&to=JFK&booking_token=Hk_hJgj5697dkcmkRA81IfcqgsRFSlyf33-YKpPuDPGTsZCk-ELDUg14Nd1y16NrYGaDnP-ZEOJMAM7WkZTeL7GpWkHwhdQVfLEOKlNZkpOuo7VsNWtU1YVhlHrVlQYzS82GEW0k1eO2Ji1S8VggcnjKzgq9IoW8sau-6j-BVtGJeIhXTTsDZi1OnCihZWckwk_DeJFMNV7u7H9XAnwsvZeKCdKAlbIeLqQ8MsZ47VNrej5heK-bBvOJkKoVHKFSOHPf7b-9dwmD43IbjJX-H4oeIiiyU6rDNw9EWx1fEyFTxZgnND3oBJD8_se6FCzdSyvNY8UEUARSRA_moR9HBxqqJZs-t0lAqdYKd6SzcZLmZC9lCaQiky4huRS4siVora06QL3fp-GMmYRNoVMe1wdaXKH2n3RvJ7lG7MXjFd1lROBGi_JtbIAdROjPaUnyMZhy8kBq8Y1QZaXJzTrEUMA9IR_frK2P1BFIClsLynU-qL6UUCV4B6cEs5umrKxOt5KIfYu4vZlmVT-qUGnTJ947d-WkwZLjCXqF1g-00WizJFGSyoESFhItHxEvVG_2l5qQhU3-aE-VdJFSWe9ksEBh_hcpkXNAsex7ThuRYGxUxq4dQIEG0ZvVeVPPQsyM95g8m3IBKQMA_xptThVVq2RCgGj9BvcI94rnb3tRV-umZpQe_7IkYgEjlbQdnA6cYVyaKDILKcRbZO4eOio4XGCQu0zzmcefIB8XEjRA92r1a74Ky90rNu428_Ly8hmUfJMYX5LxKsqalxGo2_b07FeB83PZArEcEPHOzOxQBNy8mCmlW5tq2qwbydLiPQyfZA08HEzCL-keakf9XSPmp7aLnUTjI5NjLLhme_aQtoTpoTwoLLsUCP9jUI8vAuhDbFitdh2OeHXNEaqyMbU6i6pXMH9wMQ9R-CuNfnZsxrNXrOL2Mxtf62vngudo51KIJV22GdyHhswa0inlLN3fUN149X7t1SOcJaTFW-OOWeNwnDWvyqmXKGwxMGnR1qfJJJJC15QVeheO-xDFX64dAtL6qfgoiVBOcGMggG9LhrvR8Ya6R4XrClvGwqOh9bOEnhQEEWtZvdp_OiOEjIZX6TtVUIYTPNFPLMxmtyp7gVybg_faXNIinMsl6HArr7wse6l7zYUPFbtJsNLzVQiPxra3yFeIaxVab8vAWDh7RligEBakeqntOJDs6hmsdt-MjPVL1L6oqhX-e6uCq-iQ9_48HI1MEYiV1EYidAO91L60dSnTSUr9Hsoj0cskKu4ZuXDqQ8mMc4QLNQkE_rTux2HWNecAmEHYVWqWn8s56WdL2GyaMlx4-ZX0qwoR243sWWv7bj0eQBLUYqkP4VdSMsI6NEaRSpjjvhSM3qerg9IyD1KhtkAU94cA7Mh0yHeZP,1,1,JFK
Budapest,New York,299372,2027-03-23T08:25:00.000Z,2027-03-23T16:39:00.000Z,2027-03-30T16:15:00.000Z,2027-03-31T07:20:00.000Z,7,https://www.kiwi.com/deep?affilid=mihalymisroriflights&currency=HUF&flightsId=0b7707f051a4000082b8b25e_0%7C07f020a151a40000eb51329f_0%7C20a10b7751ab0000931971f7_0%7C20a10b7751ab0000931971f7_1&from=BUD&lang=en&passengers=1&to=JFK&booking_token=HVtspK6URV1dehG9p5Mm0VFRQ1goxb1vMCJ3ORv8kDgrdi20AN2EHvF9Lpk2n_jPDQg8AZppYcMmZCN0wwHwtgHROrf6hLJHkfHfYsnaGbe5Kkas5sSH1gHLSQPIp-FOqWFLtjl1o2AOfAcUCTjnh0PAiRPvG8jb3he4RGwvrKiZwidRjO4ZUY7X1vEjc3bxlz50AQEqKDyRSY540jxqjrfCCmwtfIDKGd4R46_1AWt4hhvi4owd9UGk9o00km013inFSVIk1zQPIYIBj5NCfBTA9KejtLibkFnt9FczgcosYAktg6Cf0PBRXJfFic5DqmhPFiTbzvCdAFDESam-3R0jS7il0oe2MoG0KTlkO35coJ9witVADLj7GSsz5-3zO9wdSppyGpvKDOXe35PS5FVOfBr7xV3g9_l4IVX4tT0J9TdFSQy5m9sYOVxHU-qF7JpopGhDanb5sX5VN4E6-WmgmaZTNhUdzoQ5hyO_gan1ezzG4__vXBOMoM8gg608xeSbR0tGtrJNZXN5ms9_JxQg_Pj5qfSABsYz2m_6VdKbskvdaBwIpc2OsKJcjoUYVPCjwUfPlBPfI-__NsuQnk88-6vnJ8p18vaUZupKIy5bk2OUrHoWLOdcEZijKnTeiTLieyj3RZWq0JzwLZ6AKzYEq5r2ODwAYoSVEG3c_-QB6WSgZ3f-s95eNj2HaFMQhMGGVS2aRZ-H-kOO_1EhwxUtPGpnlQZtyeCK_6IsUnIjavMNduOff1tBA9amSh7pJ9wNgBjC4fNPgR0nVDHxfIC0yI9hqWGZw4dN96tQw-ISTxkYxGS3LgAuEpLGZS57oda6nTzGDvVxdEH02MGiqiPB5QRPEnEigVtyiwrnbC_QcFbN_f8tQ3krNnHzTzptuREusb4EXq2eKAn0_Ldv8YXRuUlLQ0wyNRNdEig0RV1KNI8m5OgYAMNjiZX9WYBBFFXEgm0ZbdrdWaVQ2e_zxfiYSi2WlciiUKe6oGh4jFGkxVCpckmPJWqWPwBSNHyCcTr3A47vs268yu30wA-C-eUBONk6HdO-z7GvYywR38cDgVrjLn55Ingq7pd7TLK-hN56VwDRGbDv5WDKb0d1IFRWPJqB-fZbCOIaFXSeMSgBqMuTuM78nuBxKrJeN_U-nNXQow3wolOxOBk9_DBI_zxwiQtfmDpQhWcYfmAMOb6FiTuMIPHD9VJxR13pmV5hQKMNQ4VtXUZlCxSDmqzEFq4HWSas9ukbi_mUZjpyYZ1Hb3WksVpZLLQZ8fSvyVNDLQO6wkGsWFw_M9QqjnE3HRj8r9v7GO4CV68zuzqCS-t9qBYYRqfBdx6bkk1B6Ffv4TAmWLVElUn6_qPsbPNnpjT2ndf8A3UAU4_M9b2KKCuuqvV4ExI11C0VUGSTepOK1,1,1,JFK
Budapest,New York,299372,2027-03-23T08:25:00.000Z,2027-03-23T16:39:00.000Z,2027-03-24T22:00:00.000Z,2027-03-25T12:25:00.000Z,1,https://www.kiwi.com/deep?affilid=mihalymisroriflights&currency=HUF&flightsId=0b7707f051a4000082b8b25e_0%7C07f020a151a40000eb51329f_0%7C20a10b7751a50000221f6c4a_0%7C20a10b7751a50000221f6c4a_1&from=BUD&lang=en&passengers=1&to=JFK&booking_token=Hg1GGpxmM6xDyKrZ6u0PX-BIRUSXZlrAww-NTvdMOhhLtrjQhTMENi18UdCPxC3ils2osGUqI7QlWgukrkGZj_UGqMdC_pqrbXgCvq2xdtXn5CxXqjkdqMea4XyRrVvC-iyASGrng4y02f7lEgXM2QIAeETKKXxdqhMPhjo9PCmaJdBpiRNmmbELqRYUs6F6V9GUqpB5dg4gNnaCloJN_90Y1PrSKXwfamw0GQsMuywG2P2owYwJOWq0fUOhy8qlzkUCJE6zA1f_tZo8i-TmslNbvt5dhUek3_tD64cEWmJb2ElN-vKjEnQH4L4w1YG3JhUSQLzN8XI_YrDS8OycWrxsBHBpTs04UdLbgYlJzpuzqd_SnDcuvSIj2LgdWfviSo0tKWeMV92eAGVOXAATQs2BwSPW97JOwxHJOeSdvjm0ldCpYCV78t49H3HpU0ZMH4yqLczC1-uG6s2oTaxsou6_4ecOhJjDWloYmSYu7_Xnq7tvA7ObY-KDLRuE6gUhhks8ZQ1SyRL9Lkf_HKt9MGQlKeUKGQX9vNukoaXD5DLPcvsVE4k-YNwSMFGDZPp-JDGAg6ZYKrt8d7pk03BrAwsLZ_o5CQD8GIMtwPB3ZBc6PJAPrhIhrCJAzLnLXR5MBbu2pomx6aJUHERoSAhWncnBi_JWyDNrm1qgoGtdA4eU2R6mUKjZlX09Ro-EvDZ8OU3l8iidS3wHcuAoV2muepKr9LbkD1jwZ_4wPSVKGkTKqTIhslwxItCyUZWFI_zaKlJ9ouHKEltUQ3k7TJR9hW_pYXNv-CZCZjXof1kXp13UMKxG_DRsaob5-r-IHhaDZXYfzakFYwzhQKp48wersyBOBeVBkCp1OvUmA0FBv2iaki4FZk6E642TEm8wCGctqGrOvb5LzCAwc_fcq-cZQ_VetD7BlW8A8XP3YVmD62do6VsFbyvtLge7pgnS8S3YXnjprIi5ynkB3ACTf13ZAXL-RM3QX7tyAL0frLEBOiMdNObF27syAKY4cfgLvu2Y5sEvRo39iXB-EecpKopQbDJfygO4thhQpgRkj0O-iIFEaIRWQAvSeUEBWYmRaoB8krGSuUmhpnkv-3Lh-bRZw4Fd5jrLDe1D3zyRLAcWC3wvOC5TMAGp-1ujoGmcVdB5EhdtWfRbKwxz-25QJGeaqnantqEca1FAoxslxW-1LYUEH1T48_AiTSUdRXbY8NlQ16AmilNQ35ZFyk3u6j1lCSCbUgYkvg1SDov9eScky7gAO4Oj-Z9XGiZkrpW7WuhvROYsuuSvumrBcYFmKnWbp8s8OteJa9nctvifUNP1TizlzFgxug7XWuEiStsvYl1PLSIsW3954xVdneNmWv43rbaJUYDWiTcd8o213LxyVtreSbgiw6-BQAcsLiQjl58cC,1,1,JFK
Budapest,New York,299622,2027-03-22T10:15:00.000Z,2027-03-22T20:05:00.000Z,2027-03-23T17:25:00.000Z,2027-03-24T07:10:00.000Z,1,https://www.kiwi.com/deep?affilid=mihalymisroriflights&currency=HUF&flightsId=0b7725c351a3000087d27c5d_0%7C25c320a151a30000bd92b18b_0%7C20a10b7751a40000764b414c_0%7C20a10b7751a40000764b414c_1&from=BUD&lang=en&passengers=1&to=JFK&booking_token=Hvz5dFrpw6OOGB8I6PXFlVjilyhs-kC1S8LoODmVeq47Isw3LWh6CbbxcMJfBVp2j2EqVhXBSLxFPcmIWpEO0bL3sN2Zr_Q2fuZzECszueq-P5arFUWIzLZbF56vmPP97aVrJoruY1uwqf4bJw-E_-QSec8Sj3EtFpvWHenlF0xVlTf0vi39GQTbltoEPr6uvykpeAi9PdCwDJgp3tBtmd1OkANRPPKuSGhbGor5XBbM3QTB-i0SKz71NqRCs9SuQ_sVCUPYgGEGvvPtWT32F0XWm08Ko4G0D2VgHi-KxfEFfkpKuZUSPptY7BGNsQRFTSHDYkFyZvzP13jQQFX0U_XWLrvMV0V-lhRVrr-Bly0ZeyUGb6BHkEh7cDvFsuhuQlyPUOSMhr-ejlFCN7FdHV_JvozLtVsLdD95qhVtqxJzuvPFFD9DfHw4nseq-XluYRjc_vAnubLEKtJEzP3KiUojhhhW8i7ZLEVVxisRgu5UvKgQrHQPq4nNVEuysSiXBbAJJw5plA8HSKJE12EKjc6a85asdzbgI7z6eV3nrXYVjIonvS3p6AW01_h0xrEJY7Hx-ul0QMHGUgJzhlVq7oL_K9XDO11bNMb4RmdRulZhZRXjwBa-QG1_y78qBYO9jmlgLuuMUxRuORTMcjIQ2I3jwu4kru59NWJx7S-2IoEroJmHaSI0nzqJgz4FRNknLLuHYka6ghWcv9FnOb4Mp0kWnPa1j79TzK1QQfn6d-hh7gKewAqzSg_-aZA6PW0TRgQlUeZWWwcNtPOe74fyj0JYSTScxQ5RHWDtpz_IdeYLyXqJTyFFmAyoKlMX3foKkzffHzdyZ2imAgbFFGrosIXJiNYkAIgm5QdIJJj5qPBYxPhSLQkW0D0nsRHesRi8wNOOlRVuan4S4VR4LdxSiWzZMVvCJmLUlEXD6h7CwHjy9Q9QZqWOubkzhzLow_PxclNw_Fu1_js2-Or_qYkreLDuOWSWc6T9ew25k7lUL45lyYLaWxFspeeynHy3SQ0ANJ2GZyCk8GuQZSGCgUJQqYBY2LsAWbgqjRpVdQAV9fdspKqauIOHPPPxherLhCLbhhwhNxUp3URb5ll3a6lewfXk8SgFzQVW0lBzQXWzPk6qNBxeYbBCtKtIbvIWMty2m43exArFY6AeeaVs8kt9kokfbEszFCj3zdj53NXBEWjS8NXUy5JlSUX6gPK_pi9Up3Yx_EBkn8j2OYj5ktl3Rli5zrOse7HFp8CCpka6tCqDsA3L0bdzfkQPdjOxaLL69MhetRjcFWeEq7Hc-uy5LeHIdlNRdW0o88jHvtZaPoqjsZFPz1G0dhr1vnDut6FiGvDHx1EitgIUYBaPyrdEOayGrz_w96wzok4SuVWFb5gmtnsNz5DSzeWAK_HQ66g9t,1,1,JFK
Budapest,New York,299674,2027-03-22T10:15:00.000Z,2027-03-22T20:05:00.000Z,2027-03-29T01:00:00.000Z,2027-03-29T15:40:00.000Z,7,https://www.kiwi.com/deep?affilid=mihalymisroriflights&currency=HUF&flightsId=0b7725c351a3000087d27c5d_0%7C25c320a151a30000bd92b18b_0%7C20a10b7751aa000075cc55b1_0%7C20a10b7751aa000075cc55b1_1&from=BUD&lang=en&passengers=1&to=JFK&booking_token=HuV1IEX7oUWSa3_IiaGljJ63vM1bDq4sZk9tmTx0D6KwcJ5G6AFMIWlOoRD8xlQrhvEsIh5eEIrIlu4UI2RhU3zc-gak0yKPu3g-8CLPEmk2tmFNiOajNXHEokDvochgUsXQhw2kxAIFW_txTGSAKc-PVqo49mFUK9I41mvdK_cgq5dPAM2JQSWWJzyKQFjDqEjMB5fS6rdF7_WeECjv3InlV20Y8plXCeWGDDZ3AjlFzlvV4aUeENxF7dJ7mY14YCFqLI4H3nF0EZny-vj8I2pmUpoMDOl39G18Vx22P5o_8DUNtNAbPecjMlPllhL81Ywk1t8JdWRUv59ru1LT96BejEkKyASWiXDj6M8usYsjyGrhHI478SuERAEJLgSS2bJtrtsReuPNX2_sNBtZGIibvDDsnPjkBIDUaWq1TrANuYlJd3cB91NeMNaKLlBn1fy4GVChBWAsiHKyPbTsCv6j8lyhuXY6lQXMVhqEAgcvoVFs57EVUcIjQr-pIOmUIQRMwQbLyXbmczga6pSWbl40MNRhUKWY5210UHnqMX_j88HdTTkR_XPd9mCYQ7OCP-NPAB_o2VK6KoQnPw82YDMxeAxSnsFjltYjxY5xT-lgPbIUTs_1p596NKEWl2lR-SW2zjlNQeX72R81dF7MIP8V7dMWGlEVtLcL8vyIMgKGth_3XfPwrKmP5Zv1ygMW7m9mPMWM86EV_cs6a0amJE8L9xXs_kUfJlMm25eaf83JzcdL_CilimdT-A_RPfPDVMWGTtI1PNns7DWve5WnC5TefTUzjiMgWXQCxA6pQKSNgy2KWDYe6iz5yAjPU4qt18LEbZDENlhvIW9DqMqgYfd7MOQCfE_TKrpIuGhbe8Xa1GB86VCOYkucn7pMnJX2G_UZDaqBf0S7Fir9I1clGPHS-0OR2lhipQnb-pXTZ5bImUdfWsPJQ6e16nlF_dQvm6yEwrSTO_QnQhty3oHlMKyT16xX2qzwte9yGBi2rCxrzIuaae13L_DQ58nKufnsFVwOTUD0gDOLwn9oBzd9iyEabHEh48LDfy1owYNEV46jgTy6s7dU4C6QanHXwOEQgP9GqFd6G9pMJpbUJ0yIFDgjkX6aUa2BAZbs1FxzYGYX1HNndEu_g8Xhhg4xHh6CZ1XMSuLPvE7p8zjo1Pkda4YMU5OZITdbDM0HbvrbEEXuYf5-xCqaF11t4wsAjiw5ZgH-vvY4ShR4KT42Xd6pZZ4lmYo9x4rwFeAYeG3g9W1UX0201tJYoJIGCcvTOXl02hdx9sZAuGLbphyAHsjbfO0NDtcjtAJPlrp5jJuQ2xL8GiGRRIF-L4Uu33P6R5d0Hh9oLoKyBz9oT8FJ5py8mxPNuQ0NmD4ilNHSsfgM_NNLxNRlR7HRI2YcP3qivrOCe,1,1,JFK
Budapest,New York,299683,2027-03-22T08:25:00.000Z,2027-03-22T16:39:00.000Z,2027-03-24T17:25:00.000Z,2027-03-25T07:10:00.000Z,2,https://www.kiwi.com/deep?affilid=mihalymisroriflights&currency=HUF&flightsId=0b7707f051a30000531633e2_0%7C07f020a151a300001a323278_0%7C20a10b7751a5000038bd79f1_0%7C20a10b7751a5000038bd79f1_1&from=BUD&lang=en&passengers=1&to=JFK&booking_token=HgQg7Tu1Ro6UBQnd22_IkOIhxw6Ej8csYFdTWtzvXqFH1ywQBdB_53MRYA8gSyS9v9XKRIMrZzJGTrOWb0A8qcFqQPInuc4kezGAtu_HGsSL_zQ7pDB4vQMeWj8DeLfWfods1swOBMHUc-isiats0_jjJ6COJrU-4i_8YK3FmDhir9ciIbSWCsH77tMR-0YqVgyPmGqelbm65mupm6RpDpqaBiaWKsJi0P1M5ObqpuJMe-u78smXHmJcyaTVrSg25orXJwWyjEVdb8jt4bJQgFmKxkn0PU4_ulD3yZnByX85M8sse_ajrvMWbtxd75180RCMGc_leGGwq4oTdNI8zN2GbUIoYVjm7-vzTFPTxw28mlO11TFUaGk9FXG2OCu-t8PHnmzIRLYWjKeDhOHKxt9Ft-caPla127cvZ_0ZdnEGeIPNPjQNdFPt-zEqYrRx7IeB1qgENW22s40ro7rt6l6-g1XO_r45PnWSEKNXOU3fYYNhvuqv3QlTHFiLnR3IQMxXu-iWIlOwWGxk1myYQW7jXp9Q4qFMMB4ANNi9zt7nBtDqVtlbPwq7wU1lZYAksVSe-4Lf1Tvv87o6RCzV6tyMonAVl2eZxojUzM12lLSuU1jo6C-KOcZee4IjbJcrSOg4cd3qQ8f6QY2nPKLicEJ1J-Ww6Oidr-pHbkpR8V7ps7gWrmtgrEmwyvSh42Ok3YDFQRZJ9luU8D59k9if0gcf0JZCn5uxWm57V5dolWuyoJRkzjYTlmfOXtsaVYho9ikp_hiSfFL-JOKIuvk-v8kelBWeNQZGmBJsNtZd2rOA1Yy-PthC9HfF7xwMJimJHWAZX01fgSz3Ziuqq7W62anZeJUD-6FdbfWB87hBv9T1qod_xQCrjHScOujvCVcS5xi6BiAMlqpuTnYKVbBYyQzPR7aZAtbY9BPtJGFmmbCUOs0id6nOSbCDJW95cxSUQKia_zO0H7-HvRBwP5LjtdtFGpDHUCEdHApHZObW7F892LmWybiT5DX3m9Cp2yiZm4mx5E1jGhq6AI7-VGUqLabdGi8f5-7uxExTSDjjsnPX2ig-Eu51M-I33gbFq1z1ll43G19q4PLnMLoKj2RAJJBzAZ_795jkoi-926gocWNG_nUTtGv6So9GWi7_U4gHda_KHrtQS7zuVt-5E1Tua4uY5fdjZIJPygpF2IBkSHFoDzlOnJSMF4ky4r_FpudB5y0e_SMoSO3f9O3cfZ7KKHG3nCJnXslWfS17QMKGZHJgFw40NNPAGYyvEe4-Jf_II4VBlVOHmsB3WGhmoIl1EaX1CFW-f-3svyrQPQv_ns3sDswyuYKyfOeIOk0cKnKjDx-Pq7Ez90upWTkEXujcywHVlqV5B08DB34NquH3Db9u8o_I3Pjai5Gr232tVMqM8,1,1,JFK
Budapest,New York,299683,2027-03-22T08:25:00.000Z,2027-03-22T16:39:00.000Z,2027-03-29T16:15:00.000Z,2027-03-30T07:20:00.000Z,7,https://www.kiwi.com/deep?affilid=mihalymisroriflights&currency=HUF&flightsId=0b7707f051a30000531633e2_0%7C07f020a151a300001a323278_0%7C20a10b7751aa0000b34662c3_0%7C20a10b7751aa0000b34662c3_1&from=BUD&lang=en&passengers=1&to=JFK&booking_token=HrUHL7SwsIg1PHfZ5ZNgNeIiv0n-jEpeifnjtwll2qMSJtCAcvqZke-TKPhCBiTT5aHNLBvRL3bxpJ3tlFEJ7NVq7rxj8BI7BV8Ql1kN6DGiFZ3TwU96BcjAUNOzPcRUR9R0T9Bwn8laG4uKAbXxo6s3mbXOepflx7urp1D1Egm1weNj27XJeCqnwR-fQWhGdy-WMKr1fgkWVftmko_hlWfueIpcHzUpMDlwKLwQRC0985T78wbX0tgS3EKG2a7JVVef2K8VMD59rY-M_EOoprYtAheFeUesnZA1gFLpq3uXpetlB6M-4P7eZsH4TY0VYCIV-nGcML_3rL2g0CE7nDxbsLvvjCPhV73O0A4KYq8wngQJB1DFY6-rJLFeP6Dbrka5rbFq-uglR-eAVum7ZRmTa26RX15T1wJHCTKoRVTivTs9vlVusVNBUkmThGsCB7zzGgY1KETTTjco9WUBB5li6YnD9HiySh5ruxb_Tu1P16_w0oEHBSVzLCJsQ8jM7JlhEp_XBQTWxSXJtp26vB32vxMCHpem5HccuMhyTH3uslF5Gxm3A8FdwZaRN2P3ilSCVzlu6UYpwku0nnPlVldAMmTQf7y0Aqlnk0PbjANwhZGmhfV0z_qxYDJuvF3goTKPS7bkVZkdK4L7EqfxC8c9v3o6VaUYO1ihJzWJNLjVYCs4zGMedS5QH32G2JJAf_h_n-XyTwoM9CAw2g7LGILZc42hpZdrqa-b2S1neDBblaw6C7ab7CDBS5wUjx9fT8tbhIDJZ58cpg2nWWyQkGXlxrduQiAjLHC_X-RmMv93kEj_Dw70TJbLYqc2nn-ALRmZhRZTAJtFmHU5RRd3UYqmd8yBVPaFhMnX9kcSjTs5sjMbQ23aUk62iEomlgSyOh1rXjL5NpD55AUdmSw7TScnGsoDqneKuZTuT5Y_a_9kobaiF5mC2nTUivk1fEI1Q_6C7Q15EladgXBbOzACyL_j1a98bbj7ADTUcndE_sOrPMGHwJuG8XEspi6VUGbO-EvXqDNuY_0PJ_Y7tVfi9wdmNVcD-nWab9VP6zbJ05c5yMrD89QD_u-v-Sji9dOcb8J3B4Fd_te2l6LprpNvWux_t1-2m0sNLTrJB3QoyhaiwIl8250vLIloXMQVWhCgAgx8tb4xV5QyjEyO-SbXe-QhujeWG9q8aFT8UUNLP9q2F4MWaCfDiI060dxUSAB8qcyr1VKv_4w9LwoQ7zY0JkzBS-tg19KkXTLaeL0kOLtbmpQLpGQFHsGL6paSI7RrQJH6TL3g1OSjRe5kmkbLTt0ftPs5VdmNpyG1NWy9tlBZsIfbl19hJEktkrKaJWCRIbqGVm9XgPWAm70dNzOyAg7zWLjqY-imvIlECA6Hbr1V7JuXHyo-kRv7smaQ2vvpf,1,1,JFK
Budapest,New York,299683,2027-03-22T08:25:00.000Z,2027-03-22T16:39:00.000Z,2027-03-24T22:00:00.000Z,2027-03-25T12:25:00.000Z,2,https://www.kiwi.com/deep?affilid=mihalymisroriflights&currency=HUF&flightsId=0b7707f051a30000531633e2_0%7C07f020a151a300001a323278_0%7C20a10b7751a50000221f6c4a_0%7C20a10b7751a50000221f6c4a_1&from=BUD&lang=en&passengers=1&to=JFK&booking_token=HmhLk8nfWpTI9nns85LqKC02fsT_RlLOcqMh7zeEX5W1onTNwMJargNnoyfu-xSsKKNW-eMqiFcTM3d29ZoQpURuWzpxDqT935wmj6X-mPBD4pKdCY4rJzojKHrRUjzplsuIG89aSdcs4C06LyeXIXZzvImMvELoerIQtt3irFwdx5CzOvsPu9IOY1oNhCwdyps73JpoMZJFdIY1sqh0hgl5-S2rWiSygcDHDbs5bHHrxkbMHun1uMrcqlY9DSQF8T6klR35IOrIZE5S7Ryoft_T3jwIRjIIhcWIVk0oUAdynr26yyB6hLMI12ysas3DpKaDxqlhNWW0OgHk0QeMzVi_kndzjWUqZSvFEZ6mb89hVNJwQKF3p7oeyjuF8EpT2u1wrSJEA1KupkR4hSkrvAdweLQD7_QtrOncIckO7XuNwuYkRq15qHB01zPV7LeMQ_iO7R1tNirITpZSHOkKUy3IJfRsJ2yBNTxBolsmvZB-SifJ65M1OourK0I5nBwf1_-SO3qJc-oCEmpj6JNK8b3Elvy0DzXcbvk5T7odci7uZVThQlcwYwMYT_83r61uRshX05imfxB7WIYM-Fn2fXECvrnyTQFz3q3pry_G7AElNqypjl_5wBC8ZhV6etf5jHLeMGxUlE3mIErMW1DCXgTvPCHc7YfqOSeJOLfn1tSvK4K5wsIRqAs6MDq-Je-Sgp-zwGE9e2iX-lyTh8dWUF8JXCS_K3Wsf9y6ekoBPr1KQIJx41mxVA90f0om-rjoZB27-WUNiAU8RmwF_xpqc8j-3wH2o235S6uThJJ7PqJYHjuYw964vhI1XIxT3DLw1tsRQvcWttBGSjcVKXjFx9b9DyTwA8xcQECFtSxQ0zXSyb7q3599pWZCg2CM4pEwHTbblXn7_hb4u3Q0dwUarJn_TKbaTzegc09OgfwOt8UEV7Ri7qbQPPH1YCxtkctN4GJWdxf1ZQ6nC-UUg-O9LFqajgBLN8cgBcwves7SsJWPSAgcZO-5Uc3ndipmuPUe80aOGxY_pF2tAUeAG2WIsP7hWmj1UtvpZ6ivDUZfDKu_fPbpQrZktT1_9d9jXrg9pVeDZFzQ1fCNNrYEmMikcl1ptNjZdVhDSCuZHJyfy3hSuJqdAoXgmrZ0cJ4K8cO3I1KsmSk14htIBemzKFE_naGSlxirsfoo43Wgg8qYn6DnXrnJpM4AxvlZJNGkBr70E83x4awX0KZ1vhkdAXGgA1whLUWEFd_CW4fVaqidsZW4gyR6CNhC8GhUjifnkicSyf0MLwNAYq3pqgSeWq-TkWwiCrYLMyTinhZeVfuqf9R53bMEvE5HYj6IoTflDhzVY9oh_lTm_Fx6FTTQMTL7__EZ5KuddaIf_oXB4jyMXdu1dj-Doger8cWjIw7SJis3Z,1,1,JFK
Budapest,New York,299703,2027-03-23T08:25:00.000Z,2027-03-23T16:39:00.000Z,2027-03-29T01:00:00.000Z,2027-03-29T15:40:00.000Z,6,https://www.kiwi.com/deep?affilid=mihalymisroriflights&currency=HUF&flightsId=0b7707f051a4000082b8b25e_0%7C07f020a151a40000eb51329f_0%7C20a10b7751aa000075cc55b1_0%7C20a10b7751aa000075cc55b1_1&from=BUD&lang=en&passengers=1&to=JFK&booking_token=H7ozvL3tUOoj3qgsOtSxS1QjJSykpvWaRCEyn-GrxgGXf8pHkymTjzkkGezu7p6YsLMSqBa_qfeXdVKVgB3C1k9UWaLbKQ7QKDkVZYkYr4_tdDEtYfNd85dAi2bQJLm2lV6I80Lhku16t-Sxxz8VtSTroXZaGYFeH0lBjARsoxok_-G7NCDyQi-5xFniJfPXGGBbgOpzShy99rLFyBKybM3YQvfCRJBPbtmdOScKMJlXJtV7GGzvmzSth9wv8H8POiJzugQY2NP7Q7vyFHiera7S-wZP_T0dsemFnMMvUP-HLY8lsFQLsb9luAFpKZsgigQpuXSG18EmXdBhRbhVzN8lbXXgrdICuWTmOvVaokmb8ONIi5yLZ3Hs4FYojWRFPRSg8FB-F82IBm25byMpl3bYRodsLY71vW0ArHdFrAWq6DwWJrC-cNU_Gnh2ge6kEBkxtj1X4zObMW8Ybs864vhT5Mmfftt05TaxbGx6FGIbxeFv2RCbOoiZ4WWOADahG-FeMmVnJf4_RHil9J5BhOLldqEXwKA9n22WK6l2VkkDziT2FdEv5qtldm4w0K9UnnP_tlEKrRrQzpu7-rjIk3rTohFjdQza8M6Nc3vRi362W1xfSFOl4MY9xy0a9-GrVDt5xp7ucUe5AwUH1_RcMRV_GI57vASTU-awL8p_wW9NnO_f-GLQh5nH49D1_j9g99yL-iHhDoFOjhWQ-XYIjKJRghIzw_BGSULi1zFEKgVeWnDkJqvx5xp_3hLP9G2oB541eZBzSE2aBr1z-v0RAMq6RlMWjGuJYz2aPhhCVAlgCbk0Ll_TZG5HKsp5iNyEQ6IeodNveaG75u92m6m4Ws_xel9LoAu1Qteo8fYpE0k8hcUP71Us5ZgsozUnGwDB06Rx71knpqr01M5hJAvXvAXDyLgq_pnauIluY9pmz2jhwxYYWibItklykjesWAygYZY80jZ1IXPpd_HtxeYRDxX_pKwHufTb0sWT1_htJ_Y4cZOnySODhbc2fytEgVVXX1TtOqD4BlDf_q_OFF0LljNtGf5HGz3Xn9sAhnbNNJljtF1tmG1axlYlUMJJ7hogo1f9MkBBwRUgeT2cLazXJvb_ydFDIi0ZnA4cSqnfDg2Z08zYgIVnaVKQ4qaiQ6MmaAE1WdXgJ8cigbTrdGBavu8s6dvyiR6HVurR779QzWR0GRXJjkPM1na4RipDb2eU5oTG0SRWpAYPOFaCYKuIKGBpI0sqHha3O2lnKD3RAlua2JUzvmQcEQx2MosyHh2WZram3sIvE4ZISoIo8pGWmowz9SzIwHdb8Nbfont_1SF_nDUR1a-ro07Nt5ChZ8VJZwu6s8CitZoZiJScEf_ib0lfg5gLzT8AxNc5mpFQNfnc=,1,1,JFK
Budapest,New York,299960,2027-03-22T08:25:00.000Z,2027-03-22T16:39:00.000Z,2027-03-23T17:25:00.000Z,2027-03-24T07:10:00.000Z,1,https://www.kiwi.com/deep?affilid=mihalymisroriflights&currency=HUF&flightsId=0b7707f051a30000531633e2_0%7C07f020a151a300001a323278_0%7C20a10b7751a40000764b414c_0%7C20a10b7751a40000764b414c_1&from=BUD&lang=en&passengers=1&to=JFK&booking_token=H7H3jeSgrWqz0Zy9CqOSJMu8g1AN5EN5K7as5Tp65FfkAff3_uv6_gQLwpvUm_JBZms8vC0WmT6IemFKrzcG_ypOuxzG3AImV0yebyHG98cq3-Jh_Gy4lhtzvvZW7qrC5FEWEH_9tBnQRXRGyyBpniY9MXAR4aouCtbRIYOnW4Bqj9JZ3ZQ2gT1QCDEt2jzMTfhkz2aBFW1KcvJc8qJjw4g6VjX4e3NcRbDREvubUiGKVpRYKfIZF85aqhbfYinwMo4JEetu3BaS6h6oUVzP1qPlTyfyh_8-4tFo03AJfmwlkNkIWDurSq0B4r8RV9IX6Fty9oSo_K0aG-Td3J9utT__ZM-an9zjGXtqirRV-iqVbXPu-ATJcI2Xg_Mu_pFXEXQpygIQQGzR50D546xUEa9YgXmgCZV1N7CarsWiiDJkCHXiDn9DNQuwUjlPN1UFSGJhkl_EJQvZaUErrmChJwkOAQ20bx5mhtxTsYlSmcsIFKqbN3Vqn_je5QmpGpDo2NfXWMfMceHN0ylh9qSLVJAd8Wi_4GFtPBqw0l7T1U1U4Eca9PYxwS_cnfLHnq-6GdiQYcemguIuF9iuprAUd690H22qGFxMtxR8coaUvIbeu4ruA3yLsLjZlyZeEt80jLz9FJuxSYOIuk4sj78VgyTg_qqbBi2BiHl39KaiHi6BEOvviIKnASGIHLMX900IhRWNpe_b-BK4SBZbEvmwbJy5M8ekqCvrA0NjVtFE938ByykCjR001G0xbDVVc725aetR3Aj9IfTH7FBs2-NxyOIXcxIdiYC2sNIoFghR-yFf02QcluWEi7xdH-8JZN5lPYPpd05MqAfQQ-sZKjHVAKSapIj61iUZ8xUeKD_jXghltVHmxmafFFpLqIXzgOEUfSmlUq5kih38hv9ugbt2_mtnKf3Cn58nzpsCIiWnBHwKJoLuVsdGuTeFQyTqIEdKBnTl0VuIYjWt4JU3YiwJklwKUrXh-q4cevClmWq2ck7aJ9M7oubI6QlYFoXLFxDwx0zF3rZD78T8klXqj30TvV_3Y1OyrQ-Gltwh-D4pkJ8Pg46HoEaBEHHF7d0IX3_c-8vLsOZdYM4zm24ffJm3OmR_61p-2_PH72Tmom7BbPRU8t0YdZWKHahPIpMpPLhUCRIur4PSloWoZi4YlgMJElmZayuRhBPWzwBXIg-Wu64U9yag5H9ATZ3F9XYHfROtjS7cIEZl17J6DgfkH9P87QDtVVcFAjPkHwWbkqf8LPjeIy71T-U8cApDThoT0ZmdmJ9kqNc2z5VcpChuxrGdRLkZB4dS2EbAzk5TmSqied8mjTmtu3-ZiQLveiTRMWaqyFE4x7TZHg2CsurlfOtCxUh0pEBOO0ngb2SqHDyFfQdU=,1,1,JFK
Budapest,New York,300014,2027-03-22T08:25:00.000Z,2027-03-22T16:39:00.000Z,2027-03-29T01:00:00.000Z,2027-03-29T15:40:00.000Z,7,https://www.kiwi.com/deep?affilid=mihalymisroriflights&currency=HUF&flightsId=0b7707f051a30000531633e2_0%7C07f020a151a300001a323278_0%7C20a10b7751aa000075cc55b1_0%7C20a10b7751aa000075cc55b1_1&from=BUD&lang=en&passengers=1&to=JFK&booking_token=H9zW1cLeT1no9a1nEqceP0rT75xu8QsJoQw5vbypwMEY65d89rGagc-7fW_C7zsflbrQnjYePpZCnpXEqkLNMTXMdCdeDMTAUJD4SZgY_s08ftRy7Zaetk_D_fH27vsyD6WtyX_S0zsDSv6AgbL_I-JHFUuuqAA3V3VZ7FSwMn6-I76j2ZJRvJp7PMPce4m9Ih2MLh6FD_vSSmnD1aN5pPmCXyjSGc-HHXJE9-aim-0QqRYzI7y2WFLYyT-_l2P2vRWewvW4yXe9WY3JunMiaQefAB8zdVvXSpWUhpcaznpxhvOOw90ahsg58LDPxm1nptCF60fmW74bw6oEmkNUChvvm1C1EvdeX15B7iTN7qBqPYU3Cle9gcnso54lHmoUsM03W8uiYEL9nN6sQC5vkU8QVhUXVVLth-qvXLLZVF1gb-BuROxSD1TeDlM-O7ZD1scIyiAmNKzz19JhkGHKD77SUhpUyI629VTjYAFpj6mPId1S_j5O2U7AOGAomtstLfWCVfsgBGd65xw22ehHXG5yKDpaLjKfyQsm0JDzTK1gkFh0zF92qqlzsvxqpInH6eOw5fKv5_Q94oHT6aKJvYbBq91nSNbdn1SGwRVbwU3tjfg4Io_PdJbHDMe-6mUv0ZQVB-xJTMp00Bl8rlHkchgPKilWP7Vl2Vrp_th89LGACJg8ro2GbOcsSQcvk-OXMWUwhZ33a3OkM2yzvtbQ7FQLhnSGc2e_bvvgdWnrbvNzfdbSW3qcbflE8r2PyLAwM2jeb5k7ekivc5cNYT142meiEAXJ9ZoSjdCXI9jWXsNLtjAqNxKDiFmoHzoqgF7ozrvemmFwUAyaqNBk0c0LD7oS5ALhPvsyZ6sduFuh0_iXL8owkgM-HjJGtEg5osh3460mXN28cM6b6S5z-0E1Iewtwh4_vxU6pqwuxf759KyDIEJHj4j5LnNHUUYQB3x6NF6Iv_hOCkCn5pdp_FIfVvl9m1u_gqB15PexcpnMpy7iNcTh6M3NncW3a_iV2t9sHgQTKQq3MoGIy_y7jgt4keDphapCdnFkeKDeSqVNwHIk2sC8-JT8iXYVedDuMjEmUhO7inLaW9AokngfT795-3hTesux7guuT6TdhhDRFiEaHWWS3mqWkAis8G0OJxIYT9xMRPTficad1J4QCpa19NCGGwLnnkKHDctOr7LOUcaSvmplJybfYc8VsPGMWGIKt09zzG62QheF_mJgiFEFtydDKUoY3hLOQ8_BHgawkJa6v2210NK5FshYHF3Ajjazcd_CM_TVZf-o9Z4z8hFxWFP_QbDvkxugdkT01chtysYQwZvbvD5QkMtGNmDGDayojivHQLgnUpvy_0avjwks3voCLp8urgTCiklfw0bQgYTSLvmuiIkX5C_797FqBW8mD,1,1,JFK
Budapest,New York,300181,2026-10-02T06:35:00.000Z,2026-10-02T13:00:00.000Z,2026-10-05T16:15:00.000Z,2026-10-06T07:20:00.000Z,3,https://www.kiwi.com/deep?affilid=mihalymisroriflights&currency=HUF&flightsId=0b7720a150f850fb731b4678_0%7C0b7720a150f850fb731b4678_1%7C0b7720a150f850fb731b4678_2%7C0b7720a150f850fb731b4678_3&from=BUD&lang=en&passengers=1&to=JFK&booking_token=HL_tkbiXC-3lvGPzo1OfkGWqCCi7muxOpXR-3EBxKGTTflyw8tInCg_BCn_AcSaGgK8Rvdtpyx7dyKrbPz7GTBEiiQg-s2wBdaOdoz1lnv_T8a5Ek-mBRWou4b42GZXDeG15ibzZexMOUWBjmyJocAjF2bV0MvE5uAPhyNlu12J1y6Y8BXKhxZleCvfy4-MpOyikOhLh5TgdZgkkkGkizMQeOpBtkDUUDKtEbdkWKIZLrx_abMFPkYXF1Rkbt_W98UQmbb7woU1I_v6X-HrmCYv912eI7VeHNxIpXH4rB6KhvsSiRSlxpel4HvAF65hXjNAqFCpklTzIP2_B7EBTQ2RZmJTjL8dStFTTFbRPmWq4pw_20U7ZWnHTnQ3Ge8V294cxrg6u89_JNmFUAq4WsdZAeOU1h5z9hmSqPAnWDwgaeraxalsYAx17D6JDgW8mlEsAi063uTIxYRpMOmd0KmUtzWwadboKdUc0Ui8-3TvKLp0BvLpq4r0kDeObW_cADETWnAhM-AVTOk1HuxyjRPaa_f6KEAIVMGMuTdYEzEo9KqrD3Y5b1q4rDGDn1cTghRTZsg4y_U5PuwYB0k2PQXROmrbWUjTtvZ0QGm7Y9N3jAvHPJ5gQL-IFDCWv5PpmC6U9pH_py9IYEFg3efA9yhYTRwKRyXUXSA-XIr0aPZbnfsF-jjge1PfXyGhYr5Guw_xGBq5c6XpA9TcHSdHWfQxKG2CUdIKAI6i94zL6g8Nt2eAfsQ-IGBkd2fDODa4sfl9nhIY-C-JH9lTJGkPXuoyA4WlIQK4Lx8ezwKCjk01Wxm9uQLPIQA4GVFM_mYtAlz1XTwNZkVKhIcTq4goqc9DNwRofSYHGvKguLFE3X5qSSPaZ6ahbAAuKCvHvccz0uFzZlFh-gGntzX8Ba0DTiv_zAu5XvnSamVxXE6bbU4Kk8GPAgoUJYa7YniYpTIC_8SluZRHlTY5Knxobq--vcxV2XzNCG1_GmVHHGzcrEXIk6sOxf8Xpaec_XbhwZUxjC9aLu2O2KNVM7G9fjcfNJwH1PKpUcpav82kxhEv5rZS-PB9_KLPsSfY8ySOswwYlnGZxA4X8R7LjlTvY1c4eEmuNUcdH8LSQ9LxhM2VqkN3gN_1eoCWO3qfw2o-RfjTSzjb6JyahRjrfbWrzO4GypL9zfyTCmXMzPC9TU--8CrGk=,1,1,JFK
Budapest,New York,300181,2026-10-02T06:35:00.000Z,2026-10-02T13:00:00.000Z,2026-10-06T16:15:00.000Z,2026-10-07T07:20:00.000Z,4,https://www.kiwi.com/deep?affilid=mihalymisroriflights&currency=HUF&flightsId=0b7720a150f850fc2f082827_0%7C0b7720a150f850fc2f082827_1%7C0b7720a150f850fc2f082827_2%7C0b7720a150f850fc2f082827_3&from=BUD&lang=en&passengers=1&to=JFK&booking_token=Hsia-HavoRcHJvliigccuKA7LuGP85K-lighFacI-KbxQ-FE0eP2FTHOrtrzv9pCx7jv_pARLeGRfshZRBSFukwaML_mn2N3z_7AY0eYV7J-V6CrOh2-3KI0xn7oyRnL1s4Tpyg4NTuDBUEwxJnxjdS_0XXyCWN4q5fiYZC_llok9AFI3h2MeOXaJEEM8Vs2nw35zTokFeHI-Qun-5XVRrvKOIHI0joA_NNS_bAjju-YuX7pI9PBUQIqbRKlGwWVymTfjnEp65pj6oC0x4lm9_L9HA3mR4R9IoA6OveIZV5Sq1298aoA-Tkn-NnI-l7AaLUwFxc-yfcr2-xz6TC5BL4mRQk1R3IJfxMGLdG7zgEHPoW1NTQl-UawF2I-LQUgDNbl9CGYa-UbGdpGNVIIBZdPgig88bOBWqZWFo3INNd_Da3TvQIxhqve_on2jc9HP-2JgEPh5s2EXWmmhuo8GmYcAcb2G5f7X1e02CVa7xnlZzi2mge4oPDwJnuHPTW9bGTvukFFhuLOdj9DqejuHviwZsbpYTFC0RZDis-iTYm-PaA-CjiucAXyIM0tDpsZAwMT7Zy2FLdSllSJ1MFdoj4J3mAEXZqtvmxj67LZsXkLRuu5gc2VuQo2hOQDdLtP5x6t0n1Cv9omoLA74TRYPNQoVsw_LETSeQG_lMZYiFwS-ffy1Fir6_RcwN0yCNQmjEgFc63E4Qyy7ibtjShpWe_zGGkihAezI8qkBc5KUPjiTO5Idgv-H-Dq76X4my9tLJudrxYe8OSWiREuAEuvX4JrFQH66mEFPmVnwGmiPDaZbGDUDO7N-ft1ppTQvlGd37K6KP1LYDSXS0eeoYPAUCIB9G3AQaVTNIXPFPgIke_5OGKRUoOwqBHG1-89dUhgOUEniZR8l_FQWmaBSMEKBe5c4wYm9Lkst6MSlwoSuKxm1VhBNs-iYu5P5kNHUdH08nFy2KAnIed2EWuSBLT2xBRUs3qa9wC2_w7ufUqiZ64TWxpNB4A6ic0660DTbyIHk9OPyIhb-GJkghb_MoO253cwRGrl_5w1KSFuNVJnUQDTytEXM_orCZIfAIFx82l9HsEO9ni7Zt-MCDeXTcpwLVFVu1SLori-ofYGlhSCyTkQ_6HY5Pwt5MB2-pfAWt1pNTnS9GSzRAp8tdpeVZ_ENAuSjD5sUs94F1TgySVFrm9E=,1,1,JFK
Budapest,New York,300205,2027-03-18T08:25:00.000Z,2027-03-18T16:39:00.000Z,2027-03-21T17:25:00.000Z,2027-03-22T07:10:00.000Z,3,https://www.kiwi.com/deep?affilid=mihalymisroriflights&currency=HUF&flightsId=0b7707f0519f00008052c3be_0%7C07f020a1519f0000e9bb437f_0%7C20a10b7751a20000b3b9b8c5_0%7C20a10b7751a20000b3b9b8c5_1&from=BUD&lang=en&passengers=1&to=JFK&booking_token=HambMzGExmtgym6YnXwjfFVyebd74WY-z_PGOH8wdFcVGXIWgS1ZidJsY0k5jjOoPoQA2xnUAiliC_2fMnmn_vcmLSoqPeCWwnoVxyhXkkJYMZfzGW3k4rdE8fca9tzDMUMhFh9PafMzHqOnO7EPrCtpuAKoCA96XN2yganaHnMZike2P361OF6a3Zj78lh_ajmM5EUJXay3s1PMjvbKe2ZV01jD0zg7n-C9qq88rFkGw0ePjGdVegzyv9qpTd2qsFw7ScUN5zJb7zYPVk53RMsGtgwFvWmuc96WxBskLMu6U5952bzZvh5NEseuqFrUbPGlNKZJ45WIPQVynAaonrVNFq_TDhocopGxT69YR4XSKX-i5aaXLFJQtlfWj_vmSkeG4u8_0NQKS2W9RvQ3aecXWaMUT1iWj4oG1MtyCngc7mSAZfgq37a0tByLj9pgyAIvTlJdp_mgLiRmO5m38EbutSfXhZU8ojOvyxlKhLb5NBluiS0ZAd5e9EifMekh5ziZvfBbZkFGQwBX6bwIoXkJSkVrlFAtH56ZcKq53nV5d6qmCct--sw4QuyYvstii_IJU068wZ0b32pM8YNCfNecOdRwwd_gI7J1PCI-hu2TyFJl0ZRg92bhgxWLLvrkY_fCwPeYy9awm3hgKLO7_24hpqEYSE8hmo3WuHYBpGsCoEPSJIyyuzsw9o392SEG6q9wyGemidiGzb8QWIWQC98O4qQi5IMQuoeebR6Be_7XpDMOcZRyol9ylg3iOlEZl3cCxNunhuLTsG0ZfrTqdu08yB_ufIOYYLxO9mS0qIUwZ-ILBU7TBnrDTIk6SlSsySBvcGZSzhMQ3hYGjH3i0__4dlG8SZxxJO78hBMzouP-ylW5vpKFDHIPfLG026eNsL_M-G7ssFBAcPdY1NkV_HWpmQTZ-5ARrFLai19RtCfhYNpA6VgUoKyU2xW17vqXUfSOBV17u6PUbfZramkZCqj1U0BbsbL2N3Wu9aPd6f1BAegohm_D_OdShM3_mxnJ3Eh9V6GI-Mu84eap4XBE1oW0g0zCU3_jL3wRX8pmBWES03WqPFq2dmncLmzR-QFVp_6jBPJO8n8GWxyFTWIwKIaLgi_3Z7ROxy3PORPFx3QwAFs_q6NfFfdbj6Xmwp7zVxCTLr5rdN2jGUeKPUKy0dWzGsMDcz8e69264tOUgKowBny1JmLsCGO0yUquCrxdRpXcGAsDCWlxVHLDR06L9ts8JR5cRBh6MzSmPoMxDJpWy83OVFBmCLa9X_mu7NWWITR_UCsQoo46HHqCHnVwru-KQwrEcNXsi12NfrDtWt0mK1jH9HeWkwpk_xNpg8ej7nZsbRbh4kW1RcR_-nRMAsMwCyKDJTOu1Rb0uzEnnAlE3BVH4fpXaXwOSqY5i-AQKmG4wAL-XeMPkC1hDLh_2IqTfbn43jZJGno_1bjr68tuUyf8ZF6wlhq43O_fD7V-iOiRfEYn91wbCjTRueq7wEAoAVVBE9NBAS1slAS-mB4Q=,1,1,JFK
Budapest,New York,300205,2027-03-18T08:25:00.000Z,2027-03-18T16:39:00.000Z,2027-03-22T17:25:00.000Z,2027-03-23T07:10:00.000Z,4,https://www.kiwi.com/deep?affilid=mihalymisroriflights&currency=HUF&flightsId=0b7707f0519f00008052c3be_0%7C07f020a1519f0000e9bb437f_0%7C20a10b7751a3000046b62c10_0%7C20a10b7751a3000046b62c10_1&from=BUD&lang=en&passengers=1&to=JFK&booking_token=HOsqOYMlNuYoU0cF1MBrznNdNi6ZvGr4jcB5GwkFnFQI4byPGvjCn5X2puz7ech9SN-huPya1Ls5SPpOAw3-Vs0ZFTPYDQFeaHvjNzokUueAjDtESG4iEcxDcCe2uTBQWYmk2_MBZ2Ee2a6lkAvnkErEhbBe0Fvk6QAKneWJd3LOfx5vcMrcqjY3Uq9UU9BXDiyIEGU7kPNS_VGMQTqJbrzjgNrtdXgSz7re1stSDR-FplzTwzHVZCmauIxXfWO5b4WteIOU8FscXveAboL77cCq9-FuLlHRzWqIEvKqrYnhJUu9v7RylwplahWMFpAv4P4eGEW-VRn1fCA-NMuSut7qdDdycxs5M5KdS8o768qPqef6-npv8iKRoxd_v7A2RLeJU4RheOzM4pA2uP1sFZTVBlyacVJItvnjmkmLHqDcJ-fpt8fO4IuTyOFTsTrK126JwtkG4qN3tKpcE4ky027v9jZV38WW-9Cq1hy9K-A2PcgPPBAi2zklVXSbXch0AqgFWeZkZq2kBw6dE5IIobd4repSyFG6GAYF73abQZUyFe-bv3j0cLmbtMRjFvrA78gIuGBsECBnXSKmysiwXbVsYIViqIVj3Vkq5cLZKNl7R7Pe3qO1A_-o308tL2jAiIknhT6SjXzkIlpmK4S20vTsV_19XUqE8gfqonQ-eEeCnE9UZJsYjtdwOymuA8GavEVPVXoOwhGiJwacWPmRe9Z36aL0_FwkdeogGQ982xB73byWCKdttH-KdIpTF3gi-2oz_Op3puHViKWqyt5G4Hp_zQU0YAzzsqRaaif89evbowclXEl9H94YcTBJV9ji9HbAZjWOAIoEponZXXJoQBYKdhch7zSa4GVcW657Ui5Xvnz4cgIXSybmsOeRqhQBBrPUD8zenU2WaCiasExEx-u3fPjTWnp0bX0J8lAXAhTFbbAKLdWxkftqNZXoTSW6cnRxOrj5POZh_2uV4YQVg6hzVWU80YwQ4fyt10kA8ICzgrcpX_cmSWLCIZdVZKnSTYuAu9gzs8pwmsEQh-aU_uMskQXgxHO-cj6_Y6-jHUHFprtadU-FYkUZ9JOOVDNMgifBjWUsvekPtzfoHGAjFtDH8Q41Ky01jJOTw_s8ZcoaOErobmCUu7qR-rrtugkW95-dgmnXRigkYKq_TCBXD4TDmOeGKZBJJjyzBfYLaMxsfl7p1iKzDYRbAGH3iFlvuR8Mt0rd-CyztJbADx_fO8Xr6gX6YNhVZiyV0AMeyImyinFeu3wnie8ek1Ni3Bi8sF88Sxw6e3jINpCHq21awykGbwozHOUIMAFyM2UxbhTsDtl1h3LGwDP71uad3HKdA38d17Oy3t8E75rPysJiYmsG7V2HTl38Iiji2EKkvoQetiQnOEVK4JsyoqUfWCH9sDobhSjj4TNIkFXO82hl9206Al2fc2b7nVZxUJ9B_MkvKoxLU94Yxa9qGXLH0kPRXLMTEWflj7CZrDvOlNEKnJgILMIDxerZXB5C4MW-eR_s=,1,1,JFK
Budapest,New York,300205,2027-03-18T08:25:00.000Z,2027-03-18T16:39:00.000Z,2027-03-24T17:25:00.000Z,2027-03-25T07:10:00.000Z,6,https://www.kiwi.com/deep?affilid=mihalymisroriflights&currency=HUF&flightsId=0b7707f0519f00008052c3be_0%7C07f020a1519f0000e9bb437f_0%7C20a10b7751a5000038bd79f1_0%7C20a10b7751a5000038bd79f1_1&from=BUD&lang=en&passengers=1&to=JFK&booking_token=HlLNm_Z_9JCH3xnMte4hzuqZD-Zx8tVIXW49PvcJQRCd-slCRJUWT0KUNWIlSsonxDSYXSi0Mg1gdmr3q1ZKDhCPAfxHjkbDZraqcicLGNzIjf6zj_WA3TWFo7dUmaxOAvLdT4V2tNNS3YBrha27FdUxEnctD5FeSr7V5SWiHVA7RwdGNTRJ2rrlqONvXgum3KKCjoQtlcWHUG1ILOfrfiDbG-YXEktBq0YxnsqNu_i8KCQMY5UD2gZEaIVlaygKad-xZNwmAQShtVXNo7sxPoet1Lq4soa_TZGjidrjYP3bniXhFAZcpBA6EhUZ9SlRY8WoPjwNMCgJlusp-aBoS-ALy8L7joBw4vECrIp4QYZCXk0k_zgI4ksI9gmJMb_lYFljNMvwdbfZTyzqdtIRXa0UBMUvcMDI9R4LGqeZblRnhDsDepvqU_a8Sa8mcpj1bk04rhHpudRTgBfJ_8v_prIt7ITmc6sATX2Dw6PE_6KDNiQ3W58nWXwD_nTCqv5lE2PxjUQCZs58RLMAlY_cI27b5f-wY-whPKOSvOrotC5o-VBmaxDdNpLZWjaynjkpcqBmVMf0yt36qyp0FrjScNFrTShhHhvzWjo-j5ABkYToqJJn_43A0h44PuGvp3lrsWJuyHmZ6bL3WbF1GO9lq26l6L0OC8ThnXxur-tRUlnCCKyMtgO_Z4G5FntEDn6kmzOdd6KiJNEDj5PFXQmELqc8UxAK-nfUDTwTzBLLNJqHPkseMNs5v2NAzrq_Jqh3PxiYySbmsAvkfbGLCPzDxwWcNgT8RRhbqX-7jeMRvCbfSXc4TR_4M5IN5hZaw8JSs7ul4W3aCCVCECRoCx1KKaFEFTKAOuHXC-gpcTh-zUoQqMPAy2nWeD86Ek4isjbI_U_uS0poi_ToHv4uK2FZmu6SD-TruBd-eOpcsxJsCk_UQqNqHp0TbRbKgh5wvJTFChgqPkEzazf9_Pv8-ffdh4h-F1F7WHkfFniFe_ggxAjtnhvKqZtjXcBxflFK9OInaOJOKWuq4eY_zGDE85IBI6qU2-jlSd2z5zW6bhMeLGG70hoJSCY-aTLu11nJldfYWeuzTUkA_VcH1GzfTevtlL8nyKsULmeZ0LnnK4QHHIGzlSzJ5Pf9tCm-qZ_FW4EAlGUo4lNdWjk2Q-9J4xbq9BjYV0DyQmn3cXnmfEaZtnWLsb1CpiK0PdznbFN54fuXbggmjNyBjmopwOcZV4_lJQUk6lD4PORULyCvDD0o2n1-TP-10M5di3oT0gOLwyjO_bzz7xTrNAfywDNwdYapFIvXGDWstimG_GCm-fEmkXNPdyxk39GR8hqOy0Eb1LFQnVUqgWngZ82pHSgN10SeWoFCxtG2QQmWCpS-_BEdjfCOtaL6NK0Ysbg2vqEN6OlhWxUYD_rslNF-o1SFIcEptJxe0xTOHLyiMO8uoXagqt8oDx2aI544D9M2ZJMDVstXUc3Kw14gb3elbhMZRXasN3Q88ECCFkGj5wUz2g7Ih6wo=,1,1,JFK
Budapest,New York,300205,2027-03-18T08:25:00.000Z,2027-03-18T16:39:00.000Z,2027-03-24T22:00:00.000Z,2027-03-25T12:25:00.000Z,6,https://www.kiwi.com/deep?affilid=mihalymisroriflights&currency=HUF&flightsId=0b7707f0519f00008052c3be_0%7C07f020a1519f0000e9bb437f_0%7C20a10b7751a50000221f6c4a_0%7C20a10b7751a50000221f6c4a_1&from=BUD&lang=en&passengers=1&to=JFK&booking_token=H0tFcIXXuwdh6nfKtJAG5Mkq8QdrdTv8f2ewFHfUjju8BrqrLdBkNSTClxseH-y4oH-DIjg1J02InA9KMkFeMKiJGd9wETZj9HFJ26o7NVAj2VLipCd9PDJ9HSAMeDmrbuxvsSpXkN2nYCjz4-VJ_f8piluCZuq51rJjM3WIc5K8W8GiTyKdh5e4C50Jro_TAzP4zdco6rjaLHXrX_rnNE0CtQhXnU6CWx6lQgTV_Yk3_PcxnHOF6PddrUwToQJaDEUQml35vZfVk0dyTa7N5LbxWgsh2b-qDuELn0gd0VpEcWM9eSl9JQ_nNvHvOmFbNCTZizb-6jrvawkPmLJE3MBLsiIWOMtRc0ifvKcC-4WP3n-zsl53-xV6K-IK0vYjLq3gmPFKFTK3P3ON1SFxGW8clf9n4Vj5WT5G7QHSCiENwnlFbdWpNEpgF1Y7c3xVgLhErU9SbixWRwNgvEIq6RN6mD_ndAsOIEqscgnS4jzzWrOAFJePRtHe7FV7kDE0u9JFGwinyoWdiG6JDZbELrdKq62RECljCQh5H-FzE9uKFC1gl-yKXBBqbSpaT-Tdty0fJmK6W7uvFhJ3MKVCcDNfSmjCHdxI_dG5NFN5-pt83yinjA8tkKDLkKBIbL4saUhijc2EQiqO9pSedpXbOmJJiZiqz8xJ4L7JKnOECJWvlaXtnA9OAwUE7kypb8_bFjEWZOOrzGJ4RQprcq0WkCy8iqy-BIBkuVCtwOkEHSe2afjIY2Q6ojB55rTlQgW1nGmIYh9qDL7esh6BvcQCRUVMcoHEqLpXCE8zA3cMkco9EL-Cfond62CBPYHlDkSGBkD-qZSbql7klTK_Uu6vLDaQ4i9jyUn85k6mpu_dETKOgVSsFVylXXnjUcKwqWxHLLDQycgWF0nDfEXah9J3gNSq_OBcPW7QmkaaZ23kQ_TYJnqkoCR0-27AY5XDCDLrDcY2qGS_k5wi1b-V-N-7gFW4riEeaxkaUZlRXXzsv_GIiCcJ7AR95u56YYXMVv-7mripO5MDPjejeZcQbuujD8n-EAgFsy7sFc_y0jc4HFuCuWjBlxDuIcXXYtgl7t_F2jL9l9ozKv_TbIusYNsMs3Ky3JV-hTu6qSQrXZOIssHa5Zy-8MBZp2vvHC5zsZifnIRouu5mGTfN-4rJI7IyP2DA_CUP9jaMbf-D9NKt4G7hHNdxVsYNiD4i0Q1dJGQPfHtiHlvJawNpM6mloTTieAv5kJ_8YSqkLElABWkzIQmDo0tnbl4RnfPi_yrMXiCP__lYg4vvJW5YlSxj_-ZyD-jWOatzdcxthq3DDBjugv4svpsy7N4kOCCEVmWEqs0Fo58zfqfhr3GVWQWoWtxi9R23GFSCiXxAw45o5TMkKKVc=,1,1,JFK
Budapest,New York,300484,2027-03-18T08:25:00.000Z,2027-03-18T16:39:00.000Z,2027-03-23T17:25:00.000Z,2027-03-24T07:10:00.000Z,5,https://www.kiwi.com/deep?affilid=mihalymisroriflights&currency=HUF&flightsId=0b7707f0519f00008052c3be_0%7C07f020a1519f0000e9bb437f_0%7C20a10b7751a40000764b414c_0%7C20a10b7751a40000764b414c_1&from=BUD&lang=en&passengers=1&to=JFK&booking_token=H6v0-9UQHLHyP4QaUf81IpxTMb-Tu6y70AXQTeAbk7VSoctqS4E5blKCFoiD_CVBfVZnnqejZGw5ZFPbntbElnOA86p00zqAA_gw3Tw5LB57FleZFOX2IuTVrBEHgmB1Tl1tfSPYKsa8gdKgmmTbkM7yfFydikkgpWUnytUm6D7KCtZaK_hx3oCAc4JVnGsV-khZV6L9HLaMybQVyP0Dv7Vg0zWr8F8lGgBIzdl5F1jxD7wvIdFnniG9bCh2pd-RTXaVYb_U9odLaaZo2mesfK0oUOLJ4L0xf8YMlz945bIkhLdreKOX6p0N3kyp5ui-IS90j9pLUs59uRMXLGiykly8uxj8KkZPc8SmQu3kL29G7GVuiB3HeQ8KFCfqEsNMXeWPFZSpwJQ_7cIWfGyU9JEGvFHLwPYKG6hVojA8LuuewKt3isk1lU-JjaHgi94_ZceumVBAuGkAZbZDl1M3QfMO5R5KTPmd_-ysAS8Ty0WFVv2DcEjh2hWRTRQMGa7le53sBORRFJuvgcItLbmiNEM9TqmWvFR0KN9nUpmwANieRIUy1lG30EvEONJ63-_grpsJhT9ADAXbJ7io0dgrmXBKqHdjputq0n9ZpYGODTt9cWo3UePRtnkpsoRTBXaHIYDLpsl4EoyYt6aVFzeHoIEqVY2apiKi4qFcNJ5Kp31TFXCa4TBoP3UICucntMSBHnIiP-x7NxyQGuNIx35zXx0gFkkFQ5T8DTj2utMHgH3o2fKVN3bdwy-SvowaZSIabyCAlqawoMI3b1AbDtppD4A0sfy7ehMAYR3-Oi9U_p8Zm7ENbaoX_ISNRHlpZU0RgDRrhlq4K9u-At1zEsD3dd2rXFqthD6VHwAd5nZfqU9NZpXVm5_MkVljtFz63t3QuS-fXc9w1mYWC3_c5SPbsUl9VnRzaZJvXTay3JzDk99lwuBBbxQLJkd6jTj2CQJna38TGWz3k3RPzsBhIx6oRmSoHTqf9JS6eisSmAPrrn0ds35yhT6B3XBJl4bHG1lodK5GLfFRC-Hz_6s92gp-lpiuXsyCCcoDrERIT4MKIdFzpMDl_pLt7_V6r7H_fIaSE0tYY3YZ6dI3Ny5atusrNHf_Do0Bt_C3E7oncVM2ebV2fzCARE0TFmrg2nohjcH-BX18QdwkZZSeg6anY3NC7uE3pFkylNxHXpEaiQJi97aqLEpsWQJbcKBJJLQ-2a2ZATUe-CWjY27BHaOrawD5nyG7NKJqQbmh-NIMHQ6URjtWesigYg4-kTTxGgHv_6ZiabA6o3DmEgIk0O1KJAQ-pt5QZ5o2VdDy7FwLJyvyfcKvGPABStzABjqofTCFlgLok3dB3IqyE5sSQsDBmOsdi210OuXAaNA2X88HrQCBi1VpVVDC0d0XQT1TYawIdXWypFGiRSHFnpXDEFQoak-BsjOQ59o15GyQfP429RnZQ-XPZZR_Ho80C7rABsgx8mV4BZwNsn8Fx_GtKZgCGPr_AzA==,1,1,JFK
Budapest,New York,300766,2027-03-22T10:15:00.000Z,2027-03-22T20:05:00.000Z,2027-03-27T16:25:00.000Z,2027-03-28T07:20:00.000Z,5,https://www.kiwi.com/deep?affilid=mihalymisroriflights&currency=HUF&flightsId=0b7725c351a3000087d27c5d_0%7C25c320a151a30000bd92b18b_0%7C20a10b7751a80000bc8840d2_0%7C20a10b7751a80000bc8840d2_1&from=BUD&lang=en&passengers=1&to=JFK&booking_token=HrHNSMNnhfpGkunNU7fulLUHqZBhThi1m5A2taULZO63hI8xjgDFXe4tWgR00kDNoepn-WzKGwWQmzW7KpMtBqfKzQJQxDXFk7LhLSVzlpVY3ofaeS_9wjiasHnK4qjMt02RR503iRFO8RPaCIVYHGbbJMQ5EGhJ_JZ7rKKWkdKJ4S0S-mccKYd-twC5d7C-EcAMsSmdE4VEvAYZVmCLV7ziRhrjMULmQnWO0MN-AFA6t_QGwa38Wm6aT67b2YrInfrRZnRSQhzYQrOwG_r9dZgHyoVpxpdwt4sycU8zFhNZW_fvvEFFSXHV-ajCwLq9T-fm2P7KgozCh0vzJe4azLSdVXT7HOANy6MCqKX9bilwTIdvr4an8UDuR9-rm7wW1ZlBcRJyZ98mzLnpQ4Qrh1E_7l_0wYBzDKw3QFIYMPVAmOgYk2fhBksXfiJPKVF4JgpMpc_wPjakROLCrcCx6-5--9N3WpayEYbX2F81BOgyMzWZqFPlEguPMfMVDH6KtWnIeBZa7jFY-3KJErQTp72PVpI2cfMnKWDW-sn6twuj5Ak_y-FBO90gWzOtWUweQFyLev_9JVD0I_4Zinj_XhOLzRrRkNwwBFUMSwXKfmvqCesLoomyCrUzPeg_H9qoFm5Dc1sBnYzTZbtdmju666LD-bIpFk84LmiNSPPeqPvt-fZ1HrKrrJ3PH2EZl9qp0JFsow_O6D4oiUoukW8I93AicBoSO7GfjaVbiCH5rfS9CsFobodmZpiI_GD4rtFpmPVVZvtIoYigcrAwdfVgVCDdQae2U_3M6UlReUZd3Oc2DXbacXTvvES5xgSPTnO_nwgPwr_lIWoHstIBD1taDOvwbA0Yn1dIk1FzZ30Qn2cWoTli8Hu4aG1ra9jlE6Pls5UWeSRML0Ndr9zbyBOi8QP4irP9ZuNohwozeo3D5gYjRcJbDey5kExVmGhZ5e8vv1y_n3G-Y3s_cM4tmYOqJt22DPbRg5OZ9usFhZhCS-jkiv0_Iqan5-z09JH3mUHnjv6p462z7Bo1oKc09UZBxyuS468l9_t5EvRUz1PfnI2fa-iVnP2qZuGV4nCmIf8huXJ7-U3qZsTrvu5TkiZ07xYxPPZ_EMSsopaN0EOJl9Xrri8EWmGzJf5cW4BvNDV47z-ZX0wUS1NUwMcz2uWDIO7lMsQPk9Xf0JNw3d77E3dOG585QLTO4wW7tPbfDKgtCNbE1DmjUwhuZ5XP_nmGT1mWAK4G5yNLJXI9XASOgY2RffhS2LQzJ9uj4QQFYP7ox-Z-J94UDYfFQ94nIFQOVytY6dcMMmetYjwK9rME0jKrlCac8iEctOem1w2OsKnkmqzyBA7D7QU5oe6TD7np0L529P0TQcGb8by1WN3xKIQBSiCIklFCvNrcSLQgLAE_F,1,1,JFK
Budapest,New York,300795,2027-03-23T08:25:00.000Z,2027-03-23T16:39:00.000Z,2027-03-27T16:25:00.000Z,2027-03-28T07:20:00.000Z,4,https://www.kiwi.com/deep?affilid=mihalymisroriflights&currency=HUF&flightsId=0b7707f051a4000082b8b25e_0%7C07f020a151a40000eb51329f_0%7C20a10b7751a80000bc8840d2_0%7C20a10b7751a80000bc8840d2_1&from=BUD&lang=en&passengers=1&to=JFK&booking_token=HxC7JRwjZSRAjGXatvQ2DkLe3QH4zKurf2TFF4YGStMUhPK00z36Ef2bsQxR7ziSDTuVpcaBPzj18XMPxiOeZvZetaZ01Lo_bjzmc9B6vr_VHNTTBZ5kW7-7Sx6_rrUL2lNzUh-gIC5yULdlXe5CS_NjAOwO3TdJX7jeqJg02-3grHggEO31GeMFuEMv5mhCZMenMadTwdQ0KzQJn3a-tIegTmdvGmHaUHN_Vuh1fRWfAWRnVtys-xr-JjQPOUa5cIfsRjF5svQgFE5rHdVKXJRhHKmdiol6d2rqZEs531SuHfI_wb3vj1VATFn3rDBazGuDj1zjuXiXtwBuTei2ESjtmDKoXwbFo-Zcb4f1b5cl52HYi2HAYJRNVPitZQlgMWGs3XjMiarJmicQgdQvXR22CKc4MMei7X1ppjKPyepgAR9r7gHWA2qBYe-b2p53iYpekzsBX6U0JsGDQQ9JfA8-JPu54Td_n9OORoHe5NzMVShpBmvGrqVK6FCyF4r3WnzGwb8Efd4pN5O-5ntL5HAS1-xzIBqHfRUD4wTethMOnClNq8ShxdHnOJlv-UDKH7xYv8DtcJnQB2s6McAF4VrmCJrfzaC4QibHNOU4tsZnAJKwNvKdxS7c3-Maj27mySJypi6eev2QCRpRRABJpDe2VhZcDfk8q0XWJxeRthBoBGipNO_lsIAqoQrLeHU0hDoVkPDsuLfbmbaD2_SDAfKUB4GcjkQ8aqwGIc477lnptAE9jwWdX2WZMV4DBpPe1KslL3MduHDea_WzGcPqDhvHKpp8C021KlvGzChzNIdvRHTLLeOdl0tCr3psrbRCC0iCdOalkpGjmHk4o5RYbLNqE2335QfXs-9uzR8A7YVtKbFzuHQIXO-MgvxCBUKu44hy42ppruoSJF0mGQsf0fwfRTjL7xMXdag-KVvLnPshSK62bKBoI8942D735gKlOWj9Ux9EJXbvefMpmajUO1SJDV4cwoPdSC7SI9nGljDrESrXyIAjkJbBpP5QQgm0IVLlLdpgvjN369PVRBIpC3ohmZP5Sg2HC2kQNDvR3dfm5nATe6V0cf8sb5gILJMddwdYQzFNg3ZfKXp95JnakGoH-NjyJaaTve8O2ta9G0Somlpj9N1Ft9Gsf12QxJHZkGcHz4TGP83hopmQfwZN0hl01qzWhTikRGdQXgJOUAbu8zcuQrChgfJNUIiz7VBGtRqj_2wvqvM4xyRhmdxMdGCXUJOhBQS8RlWDkBWq1eT7qMegAUJr93FDs5JF8OUyuL0FT4wQcV7WQrKn7ocfxSREmefLtlfYyXJOw-U3uNt6ph4WJfM-vkfSEKzmGIRhpLpDWJ4f2t-KCUqvGA0O4PeIppAp9tg7R1QSRFJjq2R8=,1,1,JFK
Budapest,New York,300868,2027-01-11T08:25:00.000Z,2027-01-11T15:31:00.000Z,2027-01-12T17:30:00.000Z,2027-01-13T08:00:00.000Z,1,https://www.kiwi.com/deep?affilid=mihalymisroriflights&currency=HUF&flightsId=0b7707f0515d0000122e72b3_0%7C07f020a1515d00005b0a7329_0%7C20a10b77515e000064698668_0%7C20a10b77515e000064698668_1&from=BUD&lang=en&passengers=1&to=JFK&booking_token=H8p1K13NJOhErtSRwSejJXrWZjKWUxtcmowMrXd0BMzlu7DEZ9V3S6qEd18VRUEds9Q8hPOMWiXLpa262aHufii1f_bBnBsKDRhnGSXAv-mFW4s9eDJ0crVbCbZZT5hGtHtqySmuk7vo3a9vSOvwBcG2VLY6nzYvYdmVHSNWnsAqbP5OM2KvL3U3UL8LNoU266I4GNkWTeGbjPt9OTeB_oJCpK0PVzpi3UPaXX8ikDiLUiQARBABz92v8C6esAbgsLA2shMltFMtzYGQup6SuaEoYJ6eKrLB51haS2pPIFtDhiPjxMfPAQoiDTuRUa2DdebPxianWH16ek0gEw_5xqaT5npQhJYQBU9Ulz6eOBnV8rZrQpwjB7rsfZIHnS79NBe92YY_YIi3iSwUiKt-jVlj0QoVLdJbN_CL2RKd9ha1rrH4t73nb6ZLDqHrAVmYndjfE5ZBujFKaleq2NASErC42zc_l1PbXSor3iLYT_nmytCOAeDuqOABq4t_PpPNy3bccPfAkEVp6ZI8ZotxIn0WyIdfmSfHTYzP-Oe3TUk-_9aQFAMUKZl1dPXap4Sga2xfL63H-vkwxEPKB_j1eXfirGiTiiFOiawZIwd9VY2uqECYtjOmxmtDdEwSoawj_tB8emA3hYpM8ymWlY-gf7RVzeJWIt08vENmsT65B2FjAUrb1SOLEhuZFXQuRhLSNYMJhyCQYXOOKS0nUs83eUx7Jqhns33RQdj4bXl9ka2W4i9WoLZt6B-j-_fX3epamBM8UgDv0cKSk-EZQx0mKMSiDPG96_dNR08IvH4RAsqx16Ch0VVrOSL3PUD0194XsyTH0DfZ9xNtRs0h5UB7cx5nLfbfw2IyA4nCigNCw5hljWx7JNofB4ncJPzcCpDgRYibwMuld_LsSjmAKmSYPstBkrC7lj7ULfmCQGFBKw1UOasYki_-G9dZdIH8w5GWJ4bDKxk4wBM2ivSKISYWuUvq7kVPzk8rS1DsIB5Y_zL-YJFNbh1WjCr1EeET0wGkJcEAgEZ5yx5yRjwhtRqM8z3GYDOMQTKGGWfgcXohLCVjkJ59Ful-XeYAH-Cl0bZTJhEpi6svqgEfkmeP4lL_fpQB-o77aX_Qey17iw3IQrInLgnzwaO8CpRVCr4tP3Jkta5O6XMoguSVtFMMVhZPG0V0q2xdLke9vCJZBFcExtn3nMJ6qkZeWW-AgjQaD-WhWiuQ7k6j6PlG1GlvbihDr2mO60_y1tL-JpAK5gu6KG1mfxALzGSt50OMQgiN3pLWdedgouEpOXpg9U1kJnwYkBq2onqd9jqym4Jte97odr2oBeke2gfbnX0GlKuOTS8jfZp3KogCWgRYc-zV9RnudFrzmjroMUEvY0_I-mXpns_IfMFvWN7oS0cSFLurVtgoK,1,1,JFK
Budapest,New York,301104,2027-03-22T08:25:00.000Z,2027-03-22T16:39:00.000Z,2027-03-27T16:25:00.000Z,2027-03-28T07:20:00.000Z,5,https://www.kiwi.com/deep?affilid=mihalymisroriflights&currency=HUF&flightsId=0b7707f051a30000531633e2_0%7C07f020a151a300001a323278_0%7C20a10b7751a80000bc8840d2_0%7C20a10b7751a80000bc8840d2_1&from=BUD&lang=en&passengers=1&to=JFK&booking_token=H0R7y6PNxitF7EFYppQXq-zRktmtEQK4svHKgyzjOMpwJEQuZ7R5TiuCRNUfU7Ph3NwimhKN0pNKFqr3VChK-z9p_OVO5OOLjFXmuH8hq4xHnKKKAx8RIlSqbyONxhI9BBc9mtNsWZ4li2tpLA5qCSdKBD_FsrLDHvVfucU4p9GtkTuSfZLwdPpYr1Ck36ZUQQaMPljHpL5352bI7Y8iRiCyCiNw_lB_4pfrJ-TotzdX2xZxyWYcAPadp7FCpTHem0YaQtgejiTWpPlmSlAu76Ra3zMq07krCXhFP3vv1svaN6r01pHrFil7qRq0es_v1WB1gRfZgz8ezqVAInVA8RL6ZjO_ZztfkNasR-TpIAtlfFU043hkjvUp9S3yRkn3ohOdPhMSf4HFokwtRjJJTgLh0_2-NHvvEa22Z_e9iOyWPSp-n8q17cvgWQuCPLOBhrVy-qYcVoHqKeCx_P_zLHJynxEVN510gURQjb2evYLSVln2fk1OPpPsEYCw6mjfPPDa2JqLoGkvK9cX7re2Xa1yvaKdV0c5ek4HbrvvMmm2X0T4B1kOKZnVPBvJ0ak2QkQtHRI-w21P7CTzOYpVFedWNo_1sXCXf2tZn74psI7P5qpm4Of1b-on3y1LLjXZCYEGlPpn6ZFeJhyFbQb-xsL_wI0tQUA8aRQxmdsU-okY76qdsvFy4WEZqUovc5oBekb3usPhEJtYarz9mBZaogqkGGIRydhHcuL_1xLwe0FpcRLYmE2wRZdH8tqULbXH1lLZ2P6Aax7HXwlNUMVpJXND_XHLqk4qE06H2uOz-UhbKFdGf0eb16a2pqJJ1tLQL94wuWArJ6NEINXk5vuWjyMqVJ6R-hW_aswUOwP8q2hRfw4FqyYtO1rwgdMMaGFdfQHAMHOJj00RDtiKQfd6u8JVYgbSm5wAooZLgba7AYWGFlrUfM_WzxBjsfcfkrgRUXni1foSCX61di9sZr-VEDPhj69x4d_2zLmyZGMjBQ3yAmoSFsud-yDL0okZWhwjSXFixlerzGMj_JtwIT0kRqClWSmt1cgebneWK6HRP3Fc8L5xrUNPy1CfExJGlUhu2IWEE1PhYMQ8Gx6-ijw1L-rmLGGztk2_mcHzAkhE9c9ir75QLUQUYtAG9_B2lvm95Mx7CxyzeBOkI2F0ApyyCDaq5kspHe99AQyWMNCaZrFFlw4muXh8HBMa6EupSaZi1Sz3c75byDPvV0HQTPisJhit6_XCRcAD3CWipssU3Cxm4Ws69aNErEE192xV16GPjApWJpUGWyL-cdskDDrOd3FV9uEaX4HELolUfney_hhpBvYGx7LPFVcR5msvQwtymMqz3JihG-CR6MBnZWZJoPQK52E62O89bWfEBFPtJhiE=,1,1,JFK
Budapest,New York,301289,2027-03-20T08:25:00.000Z,2027-03-20T16:39:00.000Z,2027-03-26T17:25:00.000Z,2027-03-27T07:10:00.000Z,6,https://www.kiwi.com/deep?affilid=mihalymisroriflights&currency=HUF&flightsId=0b7707f051a10000042f606d_0%7C07f020a151a100006dc6e0ac_0%7C20a10b7751a70000ab375a4b_0%7C20a10b7751a70000ab375a4b_1&from=BUD&lang=en&passengers=1&to=JFK&booking_token=Hl_gC6_GuyOeUKPpNx_53VTatbUDlBbyCHnBGz43b_5SXfQKCYGserGjDxCbJrtrRY2wSERuKuNlMVpTKqQ5RRHAqjOqylsPvuCOiQrVJ8XLSv8j69hcYK-bsT-6pQAYeJOlrkOHEsGilxLGwIuKlQKYVKvr66Qgt3gLHpR-sLMjpHxFEFttdvHZV9LdXexmHaIlDmjvOJu60nD4Sry2ew2HZgb8qCJ2x5QUmDBQvwYY22fYR5PQXY0YEaKJQTR3nTWsCwbrYNr-FkCaocaUM_GLOlLX7slAPq5_7ZMZNfuE2bQ0E2cDK10G1FHCNm1HnpI2qCuW2WgiZTPsvQ9bwEHY9CYlJ2kJkk0nJfuuOzLv-k6UUKmtGG0RqazKOpDeU4RHMLt3WK6_R446yxZnRAWVbF7v2PkR_iwgfSxmnV-KwZnAq_M7QIg6d9UJeNuk1C9BQrYopZ-v232yUea-Mybm9rfhCtY4kAZuj5LsfyhngSB-4rokY8Ad3ldV5VufDCTwJUAQnkE4eZEYVTA0ZatfrXfzOHhN3vRvzZ4ChpdIlaRQlAilYnffWLpomjsJUjfA3fMNJpL-zn6ofdpCpY6fhJER78GH62pqbcnUyB2x9MxCtOlwr78LkXFQr4dPeukDXWAJRhEtYLg7FVcQUiY5eDHg5-e-4Z_iWQ8-0psXP8ZaZk0XQqllDsVFc7DMMssbzw_W7bgzydFClDT4_Sk_doMeyOvq_rW-74VnSBsiJ7HwaB08RurnWAxVl2io5Q235RP6uNUVaOG6e4ZFZaIaRLTPsX6bdE1xQTHJx8Hhqx98_uYqSTanOjbDB7WaKIudjNW8B2lHlEfGroRHHIO08EGlGPsQn2ORApAMTIEX7g909k3mG4qLpmiVEmJlZjFzysn2SQ4f40paiW7guZjvm2CFP2tiQrY5ZB_vpK_seeVNb55w-6zxjhC_Qi4iSIUqN1ch2-FbvI9Zk8QigHOlPqOhRUqGXGUIthUe7izrrpXt_7mRla4chtMK4BAlhft9oqACS2q75VUceSJDkdaB1iBOGv-Yo7QCoHb8R3Ki5N3TWzRDp-b633O4GEq2ZLRoW_YbVHaZCxIA1LTSIW38vve87PYpMiah0EMI2PSHr5smJO9MjDRN2d_1v2zI3tOU6jTCizr_abB0-Bb2htTVqVabFVX-u3qzDiWwX6tnEuAI8fcEdWzU8s56E7uB_wFKhKDBltpVi8RGFjFk54bYwpKRl0MG3YJ7QmMumcfNLDmf114F_BUDzAODtlUTb7FqM8F1Orx4RceFr2ShDpR6Zrt0xnUWp9JIISBbDpERMfZrsxCxRkQNuKyWTfAr6ocz8qBEx3xvNEBe1E9rmRjhjblETMSSuoKiPHk-9_nA=,1,1,JFK
Budapest,New York,301538,2027-03-22T10:15:00.000Z,2027-03-22T20:05:00.000Z,2027-03-24T18:30:00.000Z,2027-03-25T08:00:00.000Z,2,https://www.kiwi.com/deep?affilid=mihalymisroriflights&currency=HUF&flightsId=0b7725c351a3000087d27c5d_0%7C25c320a151a30000bd92b18b_0%7C20a10b7751a50000e5a6b211_0%7C20a10b7751a50000e5a6b211_1&from=BUD&lang=en&passengers=1&to=JFK&booking_token=H5Br105sAP4rqZ_IuVrb8JIDiqZoGMPMZjwkhGeIzlfqui_cEtDipRCkXdtcYNq8WwPsFnrQF550MgKCZsM_nl4ryROIClVoevNMW6yhmsWTLM3LqANxdFk5kYcnYnyqbaiNeW9m1MNfhYZpPCVflMYxNDkRmq4NLfn1iqJbWOh5KSThHPLVb-TqlPaffYkk1LgpFZ4xrqkMKP3FjcLq74Uf2YUSGs4993vqqtkrFvwujDdIvBye522QPixQ0c4aKLfmLBWMzDewFb-ia4jt5LW-MotIoHNbpZowWLhaFokVf244K2H_OtcOFDyQEuT8U8-7Ue-s3hb29JYzy-Apl8TGuui_GJF_Pu0nJTQpeNHAYlg5qEzSjVH--MEEG0e7Cjp3eDGAJ2m5q7HsI8j47TImhxJN1zrTSoavQLqYR3q76VnGPf6paBSFJMebFK62XvTVNyxN0uKTYBEf87sp2GdDo138y7P7NC3Lb_AzYLfoLuEYunMXSrhQCV6pKjEQBDE1reBaGZMZZXHcaO6mnADXg8sI6mQvdbBmIKoSfelafK51Sbk4IdrabcxuJXLXCvWeFN7AoiYbcgUKEiz5jNXbwlta7wVadQ97snH4MNZ4CKwGzyK3u-DRkRWvoosxrpU1Zux0NwI7PJ1gSj8pEhgny4s9v0k_LxRowOfthPgE_L2dRJYA_c8m_s7tdss_z5lKRISI_YgMPGCkMPqtsFBX7Mb6dyZsN0G4sLTnOTpBIq75lmhCEmj9kQPygHl7gzkREu08ktEUzUTEi4ZbBrxEXKBNtXKoRXWiCPvN8j0JSTCunjmFqSSnaqQw1VeVP9x_Zfk7rDm_zamYcVE9OB2wndfx3Wc5Gejk77iYJ5jsnx4YbYTc5TvwZ0WjijKtGVgE39uYJYmN856J6PfreiUq1JZAsFap1gx6x-Wz4uyfv_P79VMssOWXQDRxhmyIDN6KVVHsWk3IHpBb3BM855jjR84wvEBSkj5fxPSlXrIYyUF7IuhRxtrqhnxH64X7kQZUqBF7s6zofQ4jFvFzzaFy1_Ck0qKcyP4vZk8VCoioTIcvcQOqMMI8Y0QxuLznYHISgamJEd9rIp5CLl9RBYOpAnyC3MDragCU--PKKqbWDA8Bk1x2C5F46c1GNsrjSg3e4QIzFA40TCBkyDxk3J43CNUhG0M5phMFsOu80FO__uWOpjFKSY5uaAJqS0Wt17xFo-h3Cc2oFCYO8qrWxrSepKGtTYW-f8dzPiBWBXjZKDph7KT8Mfdi5qAomE0BbViXrKCETLNteqD4I17vtsjfq9_W1l29QjeXq7nbtnRj54Ms9WoMUrp5Na2kq6u-T30F6NJdGbNtaH8h6WeVVOzw99peD_61RnBS86TTkdwLN4U6xhGxluGmRbZ6YP1Ik,1,1,JFK
Budapest,New York,301566,2027-03-23T08:25:00.000Z,2027-03-23T16:39:00.000Z,2027-03-24T18:30:00.000Z,2027-03-25T08:00:00.000Z,1,https://www.kiwi.com/deep?affilid=mihalymisroriflights&currency=HUF&flightsId=0b7707f051a4000082b8b25e_0%7C07f020a151a40000eb51329f_0%7C20a10b7751a50000e5a6b211_0%7C20a10b7751a50000e5a6b211_1&from=BUD&lang=en&passengers=1&to=JFK&booking_token=HdDcnZ8t9mD17_ObWYZ5lXC_Vb0aV64IzTMph5T_Nw5Jbse8mSbRQyaP_Ve4J5qn_oTEzeYKGOOi_4WwGuH0qxHNqPZteKHeuk2uv6m2zHG01i86oyCHyOCIeesmIG-vi_HJt5wecjvaf7z3TJiFUw4jrBLdCnAtJ1HQA26FFbjf1NFuGhQqetB4bWMZelY0klOextm-aiOnbaP1cvxNBWIm5JrstTpZUAI-o0dREHI1yDpcOXBphX1YIwIJFuwFz6_KrYYDNGKzk-p8BaWOtYX6m3o_J9F4jLlpLp8UbFYgFHCiQER3X8bR0ubqLxvUreYZN4RtwZRMLqa4kmhy2kQt6XfY091LKzlu1zdO4Cml5fWNqn6PF8ooIL2_VDa3X-QcuK7UgbkBLrCf9y26FGcC0Qrsev5G5LL591vaxiEDLz6BkjcC8IZHq2UYO1ucJrdPykXKVgU7Vp-cVFaojDH_V3_uhDGcBwVkQxzplat-gxa6dxbLRCC7t2gP0yW6WH94kn_Vd2kZzBfKaRxR0d8g2mKsv8mA1bEzBAl9pBb-zZyJcZSduX20c0B0dc2fitYxg2vvwpmzrp9yA8TclTd2R758ZhdNHQFG-U_HnmVZvh8wo_nCZULL8xLCC-FeZBMEngstUjume4jlpRfSuSlv0iph52ZPVpjTRU7IApLBVZltDRxqh4DtCjLA86heNLPpsh_mjl-ERATAzbSSgnuIscWqO_tkAb66--EEWKy3eV67hfTYJLfz7TKW92m3LLu0s0q_KrOZW12TdHe9XLUljd-nde2DzWWfKdoMfPZjasZCoIgJQvOw0Fk0MV76bqNo47WQW9RyXyNuzI25vHB4bwAv919O2o3ypR59u3cP_H8n2LsCCAXMZtHE85Y3zo-Wvp5cUS1zm78Il-n5PRbYXM7AaOgHLMaMUaq5oCRCu4neO-SCkJGmU8nVnCV1qIRZSatie5wvyhiLznK9PRklVu5xbtlAXIF16013xvVmN5DxSaD6hoKixKH8MzIOqXL3XqhqJ-aLKoMAlkNtvJvPqT7Gig71PZB0K6dWGmDkuNLeET7eMp9kNUbiDF40NIqWVWb1cRMOc9-gaSnC-jhnXRvVOUIiIROdvzunttHg5iyAabwaJEeSHL_ANjRnV3-NnDj6EquoS8kNCm3fojliGiqaNlVBDapA4MN5v9WhnytpSLu3SLo16Yo2AvsTuCvhewT_jqgQOCy0ciG4WY-bgIblZvDNE5SZ9nk3a766ZmsEb3YLoALm-jgc_wI0tK5fvHvzHwkvBQsFoOkOu11uad-latqCQIBQV_kXmIdhgKc9-5ufU4CHHgX1BiNAdL8glURHoyhNo3TccBoXQnzI363f9tZ_anRMltMIiV-vkpDfedZn6EQxQGx7tOjp3,1,1,JFK
Budapest,New York,301811,2027-03-22T10:15:00.000Z,2027-03-22T20:05:00.000Z,2027-03-23T18:30:00.000Z,2027-03-24T08:00:00.000Z,1,https://www.kiwi.com/deep?affilid=mihalymisroriflights&currency=HUF&flightsId=0b7725c351a3000087d27c5d_0%7C25c320a151a30000bd92b18b_0%7C20a10b7751a4000024680160_0%7C20a10b7751a4000024680160_1&from=BUD&lang=en&passengers=1&to=JFK&booking_token=HX9rYTe6m71F7eqAwPKB2oN9Jgm4RcOQYHv4b8w21hN-soshZimUA_J04K_MtchvZZ6Ze8CWCMXEmD7z_0JGMoSICQZMs4tCedjW0UdwrnLNblilmif7w6MCF9bQ0faf0F8Ub0sBRLHrs2kG1Vd93FGbZksL4vfJ1ZEtMire2AcPbKB9WBc0I8fHeLd_gM7d5jtrTNMjMnHO6yJNTbfUpE8kpNHd7L53N2oix7d19J9DEa4z0Ggpooiev3cOzeJU8i7vIFSLB_tza4fJfPCgjL7fkb4aYyFyF3gKPnE90-SBYAviSAWjqSsjV-Xgfkx47BNb3ZKpt5UJ9Q_1Jx_yWrBinJBmxZOvCWPkCcfOR0Q2ryJ6EV7mA5NXKGLbsAloiCZE2yjscNmwvEVR7_8o_QvLTVYw-7wLrv7rNJYPLZPIBA0zv1GwMS_B5_yHo_PB8wJeFPeVAHHpt0ElxypXrFPnJSokf2f2raYUX1kvMKVMssLvi9MKYrrMwogrZHYLKGaeZD49xdAuHXO_ejfv5swkuoS0AGdHuSvH13OOqJE9A05LZMY4TiqwIjKHXJK9fCB1qwP_XnqEYA4KQvsWdyo0sQCTxURF-jQqSKypNqwWdtiA_Dx5fTfrcLfEt1NxOKQADVAy7ELKeXdBrRK3lhR9306gFsUG8gZ_pHtmW8kKrfQIgDr2SBHAvw15WnqxHSVQ5Xpo0z0ZAoFKaAvbqnXSS8sCdOh4uucReo81Paj5NracnOF5wsINytMr5dDujLjpgD679PXKJIfF77jdqSMa9v4Nqvb38CXkS2Ed5hGd3sDgijP1E9lPJrwrZ233AiTzRguHQqa8QdVLjn7ZlzWnBn0oNqqWe8ScTPm6oD6I-k-CagEPcVI_vlivc5zC4xTXIktGj64Vghyvs9MP2cHyi7wdf3UhIST4TUUB1IFrgj17jsQbO9VN5ZR6GrisowZFpAj47FSKxZUFd12cOT0D0DLtgYH9f7p6Jd_3tKeVdc2bVUk45kaCIHQhmLdnFCtL8pymFdyVJbJV4Lv2Bai2zosx-q93kZJGlmy_gyt8kvUkFyBAjt8C66_HCNYJrevx8nhZ5IYJla9dIcAEVuBP5jDt91nvvwV66S6kYbXCafqhbpvYW9KHMGsfJr0oO1rqdgZcaDi1-ZlATi4YvrZ1W2HQ7MuRi9J35VLu1YIakqjOrC0h2o2nMedNAdjItVqeWK32dTPBiEowCDy4ulrqz1uqj9J8XAmEvoRHb6QEPAZZ4mWzspIXdiXH7bUD3yy9pvVW2Le3_5V2343Hc2goMwKkuCOkoR84SawDI1MTtQgQ8sn7otpPKoeSmSsP8BhSazRllsxa86x-UIc-7qf2v1TfT0M0VPD_t3ssZPp7sooeulEuJf64aOpFs3CXV,1,1,JFK
Budapest,New York,301878,2027-03-22T08:25:00.000Z,2027-03-22T16:39:00.000Z,2027-03-24T18:30:00.000Z,2027-03-25T08:00:00.000Z,2,https://www.kiwi.com/deep?affilid=mihalymisroriflights&currency=HUF&flightsId=0b7707f051a30000531633e2_0%7C07f020a151a300001a323278_0%7C20a10b7751a50000e5a6b211_0%7C20a10b7751a50000e5a6b211_1&from=BUD&lang=en&passengers=1&to=JFK&booking_token=H0LYkPxJC3uHqj1aKoljkTy-nelMLlrrrMthpRrfARgMpWmwfthNozt93eoKg4yPrpo3fMkTSmHt1LbJb95UgonCUNFbKnjayFBoHZKiA0cuJs4xX1fCmoi4OnNsU8RuDD6JSl2HXcxsIsb3H1A2-ITCTWfE3TlacAeLoLQHZCdPetPb149KrmXKvYoYbqYYvhfCvAwdlQwK2FfP0agYVAM_SEBuDN4t60BdtpWsoFV92a4FoGA4_iV9SrZBhObdG5f8yp7P5oC1ASF_Ach7z1XpwT75Zn7U9pDUOcx_DSl3nRPAig5TsW2M3_twB90W3joi9PE2wxfYN6glRexIkxDz_x4hn18sqqDonmR8E7dshl2jd2nusmZI2woGxisWCaQAmvvVaCZWHdMH8LkU-hHoFaQ5DStXin4eCGQP9F09fHf2geRQfqftquSY3tQL8ZkGnXZE3exTD5eWlPuGbcjRbCkievTlTJ92oXccWkacCO6S94tDTLpV_SFwcAsvd0ld4gM88Zabu0_wxCKHSR_d3GYKbCDQ1-3bgXKF_o0OBnlTLKnogn5nQ_3NJoVWTFY2GtFxIwVTm07QjmDY1G39bgwQoSiXnbNVh5HO172sNSGO6A-3JYawns_-1u0BwLs3VBwBbHMc8rArYX77lqmfAhQOzV-CWlXItXJlV4lEQ6Q_YsShCVizbBjbuacccMB1Yq82CdCmXy3C1FlTCbyUeHhjjSnge_8ERPczgR8i48LRaYzBpkZAS9AQSbCkWtiGJ-WiQmlzFv1MIH4ceuHTBV1KHdukWDVyjvhbcPOjb07XpLrwTF7J0XcjYi1nzg322qi-shUQR7nQhDdrOxQZuY37o7QWb9e5-PLusfT-RDL5BueR-M4TLLI3Qi7r5jmaTf949z3VOh6aoMYpPiGaDmYRx4w6BeeqVUghq_W1WDAVQjWnYF3uBaa0Ct4_v-dBjnUMMLAYtxCSwO7ZEbr8nrt08qgg0yDHZKceYcLfio0TAiVDfOxG4Qg3EYfssKK_Bnt4PJe-07-Bugw3oM7NveH-tSMkFse4JJGK8HMXFxOEBip92UqtVHWqIUAk6YH1Ppkp_BIMSYE9lUrPp8Z-czOs3alusDtp06sHcXptFi68kH8c1lSwJQg9-skfdnmOAh3WLFjizCSUjhA7w1zoVkYMktPCnhlaT_L8LO7HtWAe6WtUBzaHgrDmYrCJhdT3aozP-DCOaO60sHIWopcPwlwbb3K9geu8pf6RRXEnvs6nb7eNeoFKNoQ_DDgg7IMhbMGqleD8Tp9zYgShUyxtjTdyxiGZVq6rs4DAkccY_yfR2Iq7PhXAT-ba7vi26CC8Fq_f3F34sPA1gWHKJvGBx6XdEj4YmO2ygeiE3sRMjmdLhIQ6pmyurZQt7XehH,1,1,JFK
Budapest,New York,301898,2027-03-14T08:25:00.000Z,2027-03-14T16:19:00.000Z,2027-03-16T18:00:00.000Z,2027-03-17T06:15:00.000Z,2,https://www.kiwi.com/deep?affilid=mihalymisroriflights&currency=HUF&flightsId=0b7707f0519b0000ff1ec3f8_0%7C07f020a1519b0000b63ac262_0%7C20a10b77519d0000178667bf_0%7C20a10b77519d0000178667bf_1&from=BUD&lang=en&passengers=1&to=JFK&booking_token=HDhyj2a0qAn90Rg-1FYFAvCQGniWd4wSAjaaGGz1b1Z1PWMu6KQKNluttL3_FXpY4uLl-k2QbRmjwUfrNkjmqxBVsFdfrR_9Zwjte4yAZoOSpxXKyJzWNaTjkyF-doiE_ef55Ios3pgiskvTPZPqAmgcGoZNesTKtN0F1WpdhwZ1jN2ZJymVMLqoEmnXCqQMdIaaNbnzhzO13E_4aUibxQhJIGsRG3ORwFfbKRnarUk8DcKhbatMqYCIEvyxSlmNPA8FRsmDd4yKhczr2z5k-mWR5VgygYq4dxKcFruulSQzhxzoZcsXMoapH8N89m2mqCNavpanc-iW605z2vWthvEIyfpAfhsbrFlWMDZTRAtsE2AU9GAtWu-i2wfUQAq9xWkWB6Qor3RVkxtrMx0slSu0XG0KuoTNwWn-3i1QazPGA7JPs0QoqSyl1jZlclzhO3HmykBusNy_lDyQqsOakTDFMqSdZEfLi9Xh-R0dHDkiVTOQ4AsxOpHcfNiWx7z9AdMM-hvw29Uo7fQeJzbhAXqZ9b1185ouJqwMKZyYheFvmyzqdEQzLQkwt3cEIvGiHbmZVFF3iiIMAsVxqnY1YzDriM6_jRzbAIJE6xvd-UluaEigtN9EAs7Y96-_iih6F5zQOkE0ktpAQZ9tTQnRyg-BNNVZOxrHB1dEAO4WzfA3TJ1HhCFCscWYe_XBGcrNs9YjwwHgldRxp39VVgJlIKATMNiJgt90Uzq3exmD_JkJf9CAHAMyQnJWgibZzlJN5tXQtukD5KDdzS_R_5bYF4jcsjfCUKCeyg6zkWRu800846w-GZ9Tu6nnkFmQwp6uip44VOzWgEWcN-NWFe0sdTTT5DQvQtytE8HEawsRbPkgJ_1mW31FlYD0-12D0Cvqt7VBv8Fp_IUz2cFmDVpiUbX9dAwEvkCH1MVHF4UJWDDVk5Ocu2mJ3bD1P0bSGVY_eLb8O7A_4YiMCX4LYQvjGafL3QteYEK-cG8cMtxkZz6z6BcnQS6hmx_Yc8TGXQo6U97eFAz72pXycVdcWqA93pGrwu-huGaM_Qs0x1kvw_PQeEKdbPAnUcs5PPWt1M9G7cFaXiRRuVro8gBgysvNSdARn41Y5sppuS3wG3aqxaL6EUO6jDcZPEyYfclWeqWPR8dmApOTRJE6EhKfqmvsfBg-lofYdAMFaFhy8m-4SaXWiwt_8W_BGyUzljw9_KCId9jlae1gFUAj2SBQftZrf_QGOh_siia1219yIjFv3CsBhcWW4ICYJjzdE6AtRHeHSjg75FrWYCUYbChgVyKinWToyvCJOPM764ShW5kaj7rA-OaJNKAn6MsTTrfGhnaM8qUgiNaR1q3AFDN-Mnn11KJ6Mvr6OHtYwXKw4YjCicTM=,1,1,JFK
Budapest,New York,301898,2027-03-15T08:25:00.000Z,2027-03-15T16:39:00.000Z,2027-03-16T18:00:00.000Z,2027-03-17T06:15:00.000Z,1,https://www.kiwi.com/deep?affilid=mihalymisroriflights&currency=HUF&flightsId=0b7707f0519c0000c3be1e70_0%7C07f020a1519c0000aa579eb1_0%7C20a10b77519d0000178667bf_0%7C20a10b77519d0000178667bf_1&from=BUD&lang=en&passengers=1&to=JFK&booking_token=H5WGvX56d8GwJt0K8kN6bAv55j0GthmX8ORH2kj7AasrTSoX-hwAzAwAtiT4wbXlEPgv-Bo2_-f1eiYToN4XNlVy8jyPn2l2AL_JQJ9yBmHG1lrDYV8zM_fFK0FQ5wPpA5vn-Vf7Xmmk5Qp7sM5NsJdkDfE8flp7cxROcv0MBoHka0lxmbnt0ReYY9X0t6yQAYmUbDxUz-LbfoYtOGATEiY7CXrOYOtBFWJhDEBCvIRr0LdrGLALxOlmh2FPlAPGnDZz1MVeoRrXd29lz2ZJymh4yP8JMBDRyMQCEJzudKtpGoyPJcBD6YdEEkke4tmVO2DLrDd8Key-ui0wzE8rx9UKCI6qNMmL2fjkST00hSjvL_osDx-D55iolFxh-SSGMbwD0tYQmzfrSuZDwZlEkjtlnjkDYVszmpFX5fdJCQLr3YNLvbJvfbS8mU2xIGMmHSyndLAqXonDLkCbMR0IbYW3n73lul9LcYEDt4SaNJxA56etKdnI1mX8lKUhPoWyn6FijC09ln0EbAQ1k-04_V0Q8d16SfTRz5AZ2U40NQJ8i7Ci4l0Dhhk45bL_ZliTOsYT8xU9pHwwY9DUE1ghxTIzHX4c055l2zA4sLFSVgQT83w-nXahYEDgx7yPpshddgjptuJZec8KW5rr4fc6N7EC-LVs3-aUBEA-wJP-QgjMTtALCLBsUVZzYZysZJ38WrsmOO9DB92iTh0GxoylR-8B-bhtsBqR-Hbw6r-EsYIzxG-b97Z0yDcJY5xj7eRbEVOw69Dgc6LNtf1es71CEm_LWJj5rcNo6ewkI7mx-sOdyJ9GJ4J6pZQ4VRPDWndnH3vyO3_R1uVdXBH3u48rQ0S0KWvjgdpiehrzfowRbTSHM6L4Ul5hrCBAoAvjOZDGuEsi2Fz4gijp4E_CvKLgI3RB0my8XPHLoKpHPvPUmaf4YXsDG2fPk4Bd2Gss96g_W162Ml5FUDJdotiE--Ee6YrOLKBIPdbfO11Y0eHHLaSOHq3SvgnQJMwqVDDP-Agb0MdCePManrsmIzlgMU8x_QTtnXJxwJk9kF_O-CW2aRXiWXwEvsTQkRezgQIpN_N6PwM_hM2IH8gGQR-HLCkmGfCAJnCcN3QNkN9_NBd9onrCpH_RM8WyeYs02lQi0iQd5vY0SeJOImGf6admGbIkyV4CWHlQPpsMUT0RUqyR-7UJL1b_5soWvRACvt7ZPPt3eiHQm3Z7S_aj8-nXbxD-L31nIpzD45d53Y3nhvtHXkvmkzd7PoYxO3q98H9QQZ-32tHshseEgnbpY3LSY9Q8xrtL35tp5_1G48ENRtkFIsnY8N03nHykL-IPHF33PuWWVMENKCZpv56BuVfx_ZSkyRfLyON7uzEIztPq8mfriRcR23tYh2dmvRRhNM06zefioA7mpK8lsQYP-pBU1MXZefVgDezR5qgGyFfTzwuuqFTaee2tjXP08pU-KyX3zU644XzTAdQGMzBZ2OU0mNZcDlQ==,1,1,JFK
Budapest,New York,302103,2027-03-20T08:25:00.000Z,2027-03-20T16:39:00.000Z,2027-03-24T17:25:00.000Z,2027-03-25T07:10:00.000Z,4,https://www.kiwi.com/deep?affilid=mihalymisroriflights&currency=HUF&flightsId=0b7707f051a10000042f606d_0%7C07f020a151a100006dc6e0ac_0%7C20a10b7751a5000038bd79f1_0%7C20a10b7751a5000038bd79f1_1&from=BUD&lang=en&passengers=1&to=JFK&booking_token=HwN8tg53MIV1ZOwlBCkpeMig_lfujSCuyJmHigJbkhs3EtdwA0GN3FWniBaPkUsIyjcxYMDvcFbvKgp-qmnMFcRLnM84ak6MQoW5Xhgi6KCjMwnwLCICaBVd2FSYduNgbRhtC-PEd-MTGi7hzXggKAdhdUyCHabcgWHu0t-5Ek5n6dxi5o7qc5_gptKHqmTDqdBFoSWS4UPzIZO6FfXOcnoW6q6neSZW2jwy4OI6zY0fAHIeFvdJ2bRzx9vvhIHoSknwuT6CHjCce9OyBIegxhweJpjzITY1bp0W0fQc8cmGRO0wO5UiNagjhJHf1Hz-4laK9GMBmFgi_zFyDUSNNa5wRAO3PfP7bXJlys1qPBzPCR9ukRaf2-fvlQ2xzWYmsWT4Ka4FbsEXtTydI5AnKEsOf1BYnQzmdwZjEij5Nx-pvD3vGR_FXAxh5OvJimHJXohTuuWUJCbuSzJHypKyTY9tCEan8jydsLaGnlsbNqvASaHlhMKYASq78Js0kyppLdpzo3avMZeJMlys3cQvxfIMRswKa6gNkjyge-KOMEz0GOPUGBZQq7ffNSNp3j74kKC0IUd8vR4UxM-bACoDO8BibIcF7vFjuVYVxsnVGKBwljZxUUdxCxEw4AYLtnBrDR_8aLmDnUqzoR_4143tuZrnL4AvtYSD9DQ3JqxLnD_90Dsx0v5Anup8lLvMkt84larg68ewg_s2hoXFSCQAI8RnlYgZjvMb1DDh1Djk7prGmR5aPZOWLIBuE8eomvrWzQATIfz8GXnHxIX44FA7RIh0W9SIfYT1kj5Ta28XifWKl9Ub4YZ4sbhfhz71ZN4ZEkq_w7q8BUcjhzlqzFdByKcBvRNmH-AesDCFB21L6obsoGDyyG8Ne1Juclg58l7rs_sWNtDn5GHEbN5sV_d-QpqvRZSCa1FpaAoHaHQeeGWRyTIkEicK8KVOk76OY93gH5nnKZBIaqr-FANyJLQKtAYZ12N-DtAB9rPXYWJuIo-fG15nwwWVZjvOQ_ch--rqASLACj1HnRY2_gLnA73R6z9cJaR-GK-EmM02PB-ScfQ0__VL2FRdXRImZHMIdq1a-V-pivZgfpxetst6kbZSDH5_JIWt2hX2XWfkja6nABShKgMmi67xwUeqFcTK8oiC2SmIBaxMwKFYq3-70d5wOu1AZShUFY_QYQ7XlwZSiReLn-Tt_OyP8Ou7pklFEVUWJiKVwuSN38xq7FbZmcsxplVJhpJuRGCp5hjincX-eRdRdyvNdszKIVbO6j1t6ta8HHdfQiw6zBHNUVp_LFF3TNidsUdkwlKFwvhL2V3AIOZ2gW_Xgr4PlrERj2FU5aLSK8Tf6SvEGtvDykMOUu_BAcLYoN9i1pzwueg_L_EM5aUw=,1,1,JFK
Budapest,New York,302103,2027-03-20T08:25:00.000Z,2027-03-20T16:39:00.000Z,2027-03-22T17:25:00.000Z,2027-03-23T07:10:00.000Z,2,https://www.kiwi.com/deep?affilid=mihalymisroriflights&currency=HUF&flightsId=0b7707f051a10000042f606d_0%7C07f020a151a100006dc6e0ac_0%7C20a10b7751a3000046b62c10_0%7C20a10b7751a3000046b62c10_1&from=BUD&lang=en&passengers=1&to=JFK&booking_token=H8fWGma4Xa2S4GROMJtxNu-oklTTECrdkbL_lkMMh9w0pf-CLPwrx3dxbCVsrYzpfjKNrxWgLCIkiAPpb_QT7r89esfJcunISJRln_qLa5kDn7u03SmQ4CzZbCsJQDIGSpXgD8rP9Y2FFdfGjT9rgB-C1PIRVWsC67xMH_8H6WqXX1y2Z-Rkdb8tBCjBX4tRSZFNQ-zzFXNz7esXZabbAg8rS6Gm0-0wOFKWGFyE5erbjZr-hCBt5qlSbQr2zZy9yBLA2HOm_umr4j53I4ozo_YSKlRgYFO8L8iVb1o5PiUlYH3sgaGiIYY6d3_IeQ2hYQ4IUtIq0eHRXneokzAZ8oiLQFzhECMnpbLpQC_HZQsN-FNT6eVtaRy7dfoQn44L53Fp0ImwvyXc3r1ziBFiyNPBqc0ESCybY83JmaiodK8MxQWCNKh7rwe8xeHE1fcSH0xE-TEaPKJOvTdIt-WgKe0bg2KLlqtM5HYab3k83cAZ53vSrEdLTfSVuNTkuttOUaOzVMks2BHZckbXh24gQ-MAt6xv3quMWEgLV0Z-msrJc94DBKToGHLwEqpSB39SmrcgYAFDo25zXTKQOSZQynLl8tArtz6-zOVe4x7r-HSNCvx6JDMuZwqhFMT0g2FZULAOEY2UhHXwyIJXAmYI20Lzv93XRfo2UafoOOmU4ex6X5UBmLcZbD0EZKkXvcFKETZKrDh5Nk7Bd20SRtCSIf_7ZUaFM1f5vzekAcm6wqDc4K4CpIMlj4jI7xSbM-bLJ1Fo40XcCbN3ZMEuEL2yDMRbJ3yCZTP4Q8iDyYUb8GgvW62vpikuYluS4SvQ1tj8MdDEHEf5muK5iNgr7mWth_ly4slK2KpPfQjJq6-cGTMXZ88rUGfQp8vhvnqaYN5t4t-HdW0JB0RVxAfsWCU1n25tuJwq5HxeXrr9gKJpJANxZYDVdtKjGiE9vvttVYATbW4IRBojP9DcK6bLOzGHQcz3KWfJCRv1HjkMAjp4UgbCwr_0ARIGohpptzMFTsMWr9FNdTLSUm_2DkRhKFaee8GtOQhB4H-1psZbkoDGoxiU3GGi6XSfvKW4dTgN3asFu2F-774KLba9DD_hHYv9lq6MytTMOyOfL1GNgTvHpjaDi9K8vWPxWj1TohgWAv6AAXgA5WwrXYYJu9jeEVNyoF_aUNG6u00gQEO5O8N_UVjAoti6k2avZectKgWlzc2orYUtT1w2M6JXsG_xpCmapg4yzOl1n8b4H_vqNRlxEFr3mHt4kMELxP_vBMB5kLP4kUTG5mu8O9ck-2J4M7R4eutSm9MEslhPLmKM0WSZ8-SuksbmVDjfdxtUcAlQLq9p_2yutY7_JC6KIV674FxR79cbcpXs4_fS3I2DeGVyWQey_3FkE50XbzkOSQY25civj,1,1,JFK
Budapest,New York,302103,2027-03-20T08:25:00.000Z,2027-03-20T16:39:00.000Z,2027-03-21T17:25:00.000Z,2027-03-22T07:10:00.000Z,1,https://www.kiwi.com/deep?affilid=mihalymisroriflights&currency=HUF&flightsId=0b7707f051a10000042f606d_0%7C07f020a151a100006dc6e0ac_0%7C20a10b7751a20000b3b9b8c5_0%7C20a10b7751a20000b3b9b8c5_1&from=BUD&lang=en&passengers=1&to=JFK&booking_token=HfUUtCXPVYs9jtfJbotoOaoFj04l3KIDeu0zVOIfdYIJ7ZFC0xOS6xlSECwBh2MpoLoLsAgytK1ZbkJaJ-N8m2K4wVpW7i5yLf5iMKtC71taLUDJ7CkUb7MAlnv2Pe_YixKOMOpNOrGOWLTgr6xQ7Zaygm3RM75fKyB6wrO37p6gXKIEHBXkntBfZm6YnqK7Sl6871Mv3L7cbfG1VPSKII_c0ek9JbP2FS9PkD7dDhVoDWEuxVRvrjwPP6xCRbnMmoosvCtAgCRbp_c5BI-2EzHWOXO9_uH7HccD5UUn0LNSQMxOpCb0hbCuM0edzntbU9528IrjoXa5C85cZLD8aM9T5ZW4ndZxHv406ljB6hacjTFgU59WQqhT6xHg12Y_1iaQg0bha0CaZe7EFiWsXqF5Fe_vo3veLAkHt35qBGVmL7GNWyfBsFLApthli9-X0G8_iu_IW0srgObDCJzkHyo1HlOl_vUH_xlmcJuiDhIe9R7LrDca18re-cy-M3QhcSpGkP38UbPe1A2u0SkmdaGPr4CLeNKAYjO3uMjCWMFqlS6-mYV9KKcpSlX2HAuAlyJs5Gk2VHa4b-QCknO_1kIjq4JElyJ_5TDTziS0cj9ShPO8AQ7sbGw5gJizUMzrzVthobkFVDY81x6yoqYgmL60rPDsVJOrlnWY5W1V6a7PlEKKtuet1bq4rVPJXwh_RXEbQtppcxbFv2LrEbXPD5oCkA94ZviSi9v-5qnlolIeAzKHt93xeqDKA7GqSNKrVBQSJqJx_EVnaFpTmqr8qHUV3OnTR6pRE0z05qkXa74FyjUPLpxg1JcpEWpvPBv6QpMjXNR4kj8aPZeoDnjudtZrEjqfxcLEKrppZ4afrp9r63nwywYjoBqdfasp4TBjbR6G0X2-GPKZyXHz_VU3SNwQbWS6isUYa5VC4SZVlue_b__BEa5vDAsW3o6mPdAAZJxBsGZKnyVb-DYzX_qBCFyu5I2VgS_sB0nczjNplJjZezNHtHDhw0A5pPwYn4YwaHexePjfYpJ3OE1Oipcmt-6kR47gzq3zqVD71O6-v2xk5XmP-ygG3hpkbXTRZwV2yFcAB_stxcmLfd-e7g9b2m6HMcvps9k9DLQXBPPxLcfCSiD7Uc9GBwns0urafEzBiA_ny4VzrAqR76SrxC-VDJ6AAWxEl0kbVesVbIhHz3m4cfhAPya_w3tZkgyd8zhWyyxy2knEm_I8ZwiF3hKdP6vZ1Mnm9QvbNhINTj0Q17TBWIio8fYlSTdISYd1RR-Mi4Ud42aG6aSeyVb3cnkqKZXaN0IpQpMv2sNlzIkiKDberxIKHCQ_POHABH-1w_p6ETgMAcl9IK-XAfjv9hjk01ug5iLAJXgqd_Olz0nH-_rMTnWj-iG9OXcf-1hwu5Pzj,1,1,JFK
Budapest,New York,302103,2027-03-20T08:25:00.000Z,2027-03-20T16:39:00.000Z,2027-03-24T22:00:00.000Z,2027-03-25T12:25:00.000Z,4,https://www.kiwi.com/deep?affilid=mihalymisroriflights&currency=HUF&flightsId=0b7707f051a10000042f606d_0%7C07f020a151a100006dc6e0ac_0%7C20a10b7751a50000221f6c4a_0%7C20a10b7751a50000221f6c4a_1&from=BUD&lang=en&passengers=1&to=JFK&booking_token=HNr98nU4RIZ8Ek-_rJuWqUjoR5mLXMMrkYcc0Ke-Tha1juAaZ0RW0ZX7wBV7K6ZBoWrQdVSak3TtsVA4ILsllMA2-6ZfDfceith3xrO44dhmFviZD_bG1hd-lpfjRyl1qFRW1RFwF_Z1IOQpizphRrCAWexb7vNWyQrsY5MqjhaJUVY5acWs5g2Hvv5ubJg-a2_MaCykCOfb4BTqhc0C5HKJYU_jST0lbCVyizmWtUL2LRUTh4w8x5myspl64XFDBqSQ2cuQJkKS-vF_FOyfmB-fK0sr2TBsMLTDjQkqb3f1CA0H6A6H7768nKu340tW4IvfCJ6AiacS3EzJOYElKxgQfWOJhGrI81fMBSYTBmMOaJ7aMD6EZ6DjbrAaFjy1KDJfmvSuq_aHzCyJekRu1bpfy1Mi3pib8nSyCBO0S_fK3UtpYXTj-RY1rh_D3EG1qYbaONxHH2yIrgs9Aybou56-0eOGOdCaXEp4Hccq7PxOk0wcg-8g5C3F4x6KdNFIKGubqMy3oXdl0TwNus8VTb35zVZNp5egoqLfgRfFIxI2Lrgz9E06NUUBd_09M-z_KDVhj2EEM1Grz3YiZDQi0v1ttKjZAaNur_G95pqYm9c-fHKQo7OOQv8kD5o48YMojioZqk7PUVdJwhsORQahPqO2V9fST7Dr7nAvlj6SY3seBUSWhWtnLPXyg-l2UhO_QSMHmEFa9uHH0164sv2mjIbMsPDTvXfYaAq2nY9HJynymUh4IJ0kn26QyeHvo0pWKYPgmND_tg20L7qmR2zGZEJ4YS5KI4w7Jh11O7rOtg9SzwxP1uiteFxdPvcj7K9hUvIMLzxpfaZ1gMHo41XL-rycMTvHHSiR-PI31WaWphpZ2b8ypg5Fj8nOw93OM7zahsBQvJYmRObaAaosqgGUvKBcrOa94H21QSo-1LR-T9kMz-nyg5gVSCHy2hlGsVfm_ritpX1-zw0O3YERsQ9O5iN82Jfn7gSmajWsCYgBVL1qmpInqGs79I2Qxh7CDGN5Zbj9NjD53xhSzxH6MDD9-sp-RFYULCFumOF1fYdmbtJL3Oe7DDaIlettM2bG3oEVOhVZnvBpudJpgLLOrM3Gp5g8MgZ977rvPzRroYH-hvFM3ytbJDoNyJ152vSLw9cvfCtzaHoLpoYPuFZtceaOJ75u2-aSGv5UzyYfo0fAGmpKH1Utjo0Wwqdan9WNf00DvCpVsX3ezfUHDijPY-OBmWsZEZTOEIOBFfrDUVOppl4hIPQZWUC0H8SbHrGx5RX6ByNhPtQumClb5-ucuAG3aq1N2zCCUMV0uk-7SqepfQUs72R_WDUynnacGyX7wGVFZC0Ko2TtHJZeZfvDvF-E746tqF10qxyZVD6rrIZAHhwuZsPUN1lP-KCgTfIgiK3CR4NiJY73i1V1eUkaWXRQW_-gvhSnJigcgsXSuBHIgZGLOeTXEijvWy0Ews_x6oKIY33bwU6C9b6E_surD44eyn8kz0HcV_n7LNu-ypXBTqSg=,1,1,JFK
Budapest,New York,302152,2027-03-22T08:25:00.000Z,2027-03-22T16:39:00.000Z,2027-03-23T18:30:00.000Z,2027-03-24T08:00:00.000Z,1,https://www.kiwi.com/deep?affilid=mihalymisroriflights&currency=HUF&flightsId=0b7707f051a30000531633e2_0%7C07f020a151a300001a323278_0%7C20a10b7751a4000024680160_0%7C20a10b7751a4000024680160_1&from=BUD&lang=en&passengers=1&to=JFK&booking_token=HFkAXouUcp8Byp-3fc_K_mcXbIzaE7oBNOgrhsFXFWzA1fl3Gx6IsYeoyBKqtC20CGir1tGc9p4owuoY6EDMJ8HAWmhsO-cyHdTn2XUAJSdvqg6ywNfID44QG2Np9VWOoK2yo7UbFLYqzSH-ACr2jtVf5wuLWyrfdxlVtnKn-hyjfPz1VNorPqJIvdywBfiXhN1Jkcs3tfrB8qfvpYgAwA8OgI7AFuSZCqFKCVNZXmjYqg68t4hYuHf84gnTxiaGB6oMXpj4EI0aGg45yzTnQy9wh1HfU-Z4gPxVVhhx-LnwuKzhw6cBzfRQL6WF3pEZMW2p92tB7JFrnzUYDNtvHeZGXN5_IBuH8jZuIlSne9WiwfA8JJpwBgBCUKpxdBedlI8xeDwhMIlKgMY48I3E8M9hFQbzQcotc4l6bXVnm47v8uEf0F2MxFZWO-3XyVFCWS7YpSV34KTEW7jCvBG8kpiT_E99SwTwjIdHH6RnZxe7pXtZGuJM3byxTtbEt9uRHrAuzzUREqPkX9PGgX_XcJRAW2GasnHLKyt8SmU30g4bNhmo_ZbCJjdSBo0EzNc5JxzrHRDBYthS1EV5n5wd7qWkop37BdD4b1FDguM1WgyGBbYnqgW6hxUXj9Hb7mC4u1ADbT7aEPaG6dhUL667YBg6LZHLAEFnurXhzbY8Vy6x9_pYhNDONKhnmPrgKnm-siOKr1SPBwZOpKLMDQhwIf1uBejReY8FRn3d-MK3UnPw0QODQDxsjMELIKMrr8-Xyaq2OTl7zHNI3Nxwmn4DAOH7hVWlQeBQzz17ah0zag-5gyhfSj40jSbw-w7WNgTcZ4oQwiacO2ZJ1HnLKfDDY2g0xpPJxJotPl1L5HJYa07V80XXzG2X7tD4Jo5Zw5svmszEDhPAXnGytqtYec4Q-Y-c8wIHRpFk188pKfYoeyPoYAWV9RJiE20kAAIXQNgcUKNV4cdxf27qkUaqhutm5R-Kjtpd079FGoP6Ov_nsGRjncP36HZr-QvSSftHz083nV_qsHLJKOybefIujCMOce5tA_3oiWZVVUFaLlf-XdmtS_TovacmC2759-TmFJa9md0_q1Jv-NO5DgHjqrhlOio62mn0l8CngKqXsFJ8uM_NURWm5XBZD4qoNsYYcpZKVK8sUqohASrKXpwlHm8yjdk4Mz-OoXSj9S4meayj-NbJaMmtySXYYyW0gXUDcK25aquE8pQQuN9uiFzSypk0xv_y2hOeaEx0CFaaHgL7jBYqcHpLWtxZpdumW3woSpTJ1aZSCzGHuvc1dqIHCghPN32WVA6_tRhxbpHVfd1x8DGx5rAIhbkW_B2jCMgBTCmjkrLSc4VScJkxLRe5vhFrSoL-xASxsqT9zG6sVrVwEl_DB_Qq1BI0laCRLsJFgyeMk,1,1,JFK
Budapest,New York,302214,2026-12-05T10:00:00.000Z,2026-12-05T15:40:00.000Z,2026-12-09T17:30:00.000Z,2026-12-10T08:00:00.000Z,4,https://www.kiwi.com/deep?affilid=mihalymisroriflights&currency=HUF&flightsId=0b7720a15138513cec4dc585_0%7C0b7720a15138513cec4dc585_1%7C0b7720a15138513cec4dc585_2%7C0b7720a15138513cec4dc585_3&from=BUD&lang=en&passengers=1&to=JFK&booking_token=H2ulcQSjCWKUKxd05ToQYg_HZO5UmJJ4lcZjHBgbXfaoUIcWQ6aRWrlF9x5jd3EgoQIK0exMvzd-JmCYEfMXGD7sTSF56UOHQisPNB6Icnpyyl2MdRj3J7hCw524zMiwysVxxNwLSE6YFEv3j3DLxQJ7y9tOSRUwuR8nGCXKPPhO3WA6f4u1GqMXk5qMoVlGjV1LZ1hAVW8Vl-BbRuFQkKy5Yzooi3ivh6DhRtL51pjsdW5WRlmtyuq_FOA8Tvk2-H3d1kTvEMLARbnWcfkTq_GgHUbxmcCboQLdRST806O4EoyAj0pakgMyZH0EaQp7nYOsOprZEdBfB2DywDnRqk3XwEEOEq9WMYJ1Fh-8lQFs9_93VNqOpsSuzYugazKckrqBeiCH4xG4J2biNgOf7VwotVGX35H1jGnoIJ8fS4rDScrX51URyv1H1QUFp3LDxmoy2wA5BLGr-s0lQAayur2S6WznP6eQ1xNLkXVCeyuthkgDAkyfNuSvGXPHJuEqrvGUt004iwDjgvSAmUkXhsZKbzcavactLjkwE4UNS4m91H5uOE-4v8jy0C-V2rxrSyD9q2mRctf8SlJe_xG8pfsW1CwH_GgraXSlTWK5JSDEpoJC6Ti8PH6aHxgRvbihM8atzPTk6lpckRfcFywWzp-o2Vs_nZJ4lg0EzcSu8_0Lf0mCc17uWoZ047JI3Zo1TtAjqzME5fyS-Lm1biUgb065DpbWCso5nqahnc8bxxT5yFqk0_GXgX7hr9WAL7gC0zkBzjzL6U6JMfuZ3MVa_BTWhXaFtSZs1oXjoquuLWYT2jLCKT-A-wNlHEDPbDPUq-UiFLAuXav3ErQj8iGRboPY-aKJXsmrmjjwZI7pr0OZVF18_-WNcVqRl7Ort0YuaNTSjDttA87oZGo1-ASX-KSiJdeXup_p-fDFCD1L7WEtqYuCODI9URl8Rhno85htCdpAVq6Ms3Il43nLodIwkVFByuQS37aWAhBnLUEDpHXr0a6w8Hme8jJc-HDY9FHn-r9dfdwY5mj7yRYlA1SjrBmks8iVqxQA5JfE_VbCPKMceOXgjBwwr0AbPX6lC-3CDHwsrY9pC-ZUi8uXnAtJNNQWqG4rGLpZus-8LyouPYrnsyVPeRWAXB5jcm7tc8lW_vEB-QzTjir-dSGCAP82l1fR3prC26win_HXnYOZeY0jObA4VazM50q4ZfXhQ1M2gJCKC7ZZ0q5YPTZ0wFHv0EHkDfNYr2ADzReVKonshlpQ=,1,1,JFK
Budapest,New York,302380,2027-03-20T08:25:00.000Z,2027-03-20T16:39:00.000Z,2027-03-23T17:25:00.000Z,2027-03-24T07:10:00.000Z,3,https://www.kiwi.com/deep?affilid=mihalymisroriflights&currency=HUF&flightsId=0b7707f051a10000042f606d_0%7C07f020a151a100006dc6e0ac_0%7C20a10b7751a40000764b414c_0%7C20a10b7751a40000764b414c_1&from=BUD&lang=en&passengers=1&to=JFK&booking_token=H88yuwshkrJgPWLYwJlPBKA5J739FOFIDFnCr1efGL_8P1464OenVskanesmEJVFIPSWtM5htkpiLuJcNw5aYl36cyufpvHQTjEa0msUnasIZ4KgSQCB8Xa1JKUTmPkRrr_LwhB8axCJVAMO2bx3A6IYZ5y73dEv9Vl-YcHChrc_BKpXRc9vhNjXY8zxUEyvJwY4xxe70xO2g0VABROi-CVyQXYerxCNSDzzeF-ioQRdxc1i2VoLXoAlXvvG34fpzgcZkzyefsDmM6g5Unp8uN2hVNBrsc_0AcoREaG9L85sr-U-72L0DzL7bjzyx1UqiffayPtRZnm6JBNcPBHxb7oWYtdUmY8eC8qzTMVNXgeNZO46M3FGeovoGLUZIy_SZg_9U2YwepUxKbOvAV-SBXHRpDFLbyYTkmCUezXXaeyiLVyUGaxhQQqSyN4pG2XIrFYBrCRxjR2n8dKU76vsVpoBctCGbyrWKXZqfywU1PXshP11lLp5k2pXupSY_ZUqWaV796h0yFjBjz4gP2U7MTLnrv8UYwRl8_qLINYBLXBt8qFzA7HAvaOST4jvXLzfVVceeCgN2S5S88aEBqVXqfa8Y7_y5yq3Qy4vBZP_e--KoCqt0wh23lkRa6n8mKv-O5WcFvz8a46eMFAhE7VdxTgodUq5bh2d9NZG9H5N4oPe_wbMOBP9rGtNBYdpg3i123YiBopmbuSWeo8u8Dr0u0yrR3cINlkmR_e_mR3rcFAEl4mz8UaPsbR-5U_ljZD-mquUAPlm2mZflfkDRPwGpz_GuIoMFiDHhn4gb-_CJUc1Uk-i0lzMSNOjsiFdwj3pFiePzKWF29xwVTimxPER1wU_23xPAQOJayHnXcTsg1O1-rU6iYPynrvI6JyvYqI1db2bp4dy6DhZ7yX_7koKtWavOz4lbMK7_dhfI7nv_uHqFt-lguMsgfYeG57LVhBZfbbaQ2ESvrREVqtbFlRR9LNOa5E_pP7d_4JzbpBEFIHiIyjgTF8cPuz-EOZL7aNXec10PJ-5YlvWYihwSZjp44TLZCngnPP9VPdJSD6whdkGaqRZope7cuN9HG_B_ramDs1RMhCqg6TjvqKwtofl_w5rQ5aAVkLXwZSSrpwdaEpfYGN7lBL9YSikFCL1IOIFFqxy8raft7VIOvk9UldQc6ccqVNflOF_-7cGnx1yVVuQMQ6D6saGQk1iWnn6BZPrUzQWKrOg25_481tY5YiUvaRfoY97McOT5-4SeAldTGkG4wbXtGFlpbhrGRwPTl2ZK60Df7iOSc2ZQtzQqD4MnRjCVB__yrpxgq6ud5jIDK4UvD0O4GpUy_SCKfOi3e9AUKydcAjvRskYY9pMv4xvA9x7fo3G3IzKshJF9JwnopxE=,1,1,JFK
Budapest,New York,302400,2027-03-18T08:25:00.000Z,2027-03-18T16:39:00.000Z,2027-03-21T18:30:00.000Z,2027-03-22T08:00:00.000Z,3,https://www.kiwi.com/deep?affilid=mihalymisroriflights&currency=HUF&flightsId=0b7707f0519f00008052c3be_0%7C07f020a1519f0000e9bb437f_0%7C20a10b7751a20000b9364cf7_0%7C20a10b7751a20000b9364cf7_1&from=BUD&lang=en&passengers=1&to=JFK&booking_token=HVnnc8-7s4ZdldtuzbWIRggImkeLX8o-hKkBzKXljTbQabV8HFidao_YNQ1hmbEjpouFVY7Nqzd_KxRY3GVsDNgw0VCpnC_Nl7SFEa5vy_s4HqPqqHCA2DLE0mHcK5tpS4h1tZjg9Od8wBYsewIIgiFSbDQalznZY0QNWMu4RfKS-DqEtVB38ViedakrFHzu8fJ6YGzmguSBsAzbyCsf5Te4Gfi_VJmUI9J5Cxn49pz8yh5x1VNcyWbbzgGkBr7WVsQQsP66vWzU6wQBL-htsElqItAMcb-5SC4ieY2L4lxnZW_Tkqm3-6jTz9KS3-VK8ORn6skzbcYV1V-hz2sy8x0Dc1nUbjrlTAdd1Dh_kDwDqJLUhG7aCJ_COu9eFcCoF4VzTU2BDZNfaHTFguGs9ojkMe_ARzuNBOVNE-aTgnpu5y3goGLHvfH31mloRco3gs3F7ZxUFzdZAxshYnhC6IkVmdpaOmfBiX6z3v3ISCwT4Wv57TLml2vGuImTc-Mlldkqa7tSFqM8FDvFqiJ25wXaCL0CzkEFb0Tac4cS8MaM8wbxBDT02shckbE4TwFLmIeUGruY0wCkN6LcVl2hAMcwNc0JzPZZrNacCuBbSPOLD6uiJ7J5tnmJxB5rrEk2s6eA9C8HkgTQRepR6MCNA43rYcskFv0OMCMga9ZDtY-hUyDDsAXIAXjWzlgvgvabUhuTGnM0bq7sYP1beewGoMxDy66XWbb8eVDZrxfYn8323UeIAH2Hs4XSzFQoT056rOw_oUfNwVgZuzj-6YryrLNvyJQPvZKRiMBofmufj0oLY2VDZzmvuX0ucGOhoKsxeciSKlfmWSAjdaxx9gba6jKdOKrUOfbKcqssG133ELUXDVzx-EN-F_Npgxm8f2-L8CPxIJKvHFkVX2cYPmrlgITT-8VA9iNrurn9-1rg14I6XiDflMSZ1OYZR9O09OQsJpjsJZoO305AaPxFNh1GUoSFSEbgH25vEoEqg5j5CJoycH-JA0k1Bx8aaZT1L9aPuZymP_s3ivBdBks5r2UI4keA2rauQmTniyGgiSS7-83n0ytXinkWxBxJxfuRUtSKDmFF1IrmzC0DNYvVexObVW7pg86uEy680dTPBROLzbjT8ce7uCf56Y4JL0xIEmyK0pFiOyr2de_fmbrWovZVurXegC-1eOsFFUCbQfNDv-I-xeVtDs9XL-Ondc3JH65Z24IXo9HspjrLJ0_qd8nJoxguo6RqGJQcYpwNdHCMoTLnjHHAeHMs1W8EVe-OFnTIASwcjo2ZHuX-o5sOS6iNBGNn7gpxfWwhsnZr1fLyVHJoqvyATdQwurNzOnwjVLm38OYils91keD_Ema2aqsLZX0MBa9efuUSkUOi4gBmPV5xPvMcP-GL0-PZQdYZxVSb_9yTYjO5N6xLY-NbVSxBufIslDFaL8MhUMHRn-EehaIUSp6k81sBmGAPv-gDIqUicTgaimtmLaQnTaT_0FtZFneeB05nech0AwzHDxcYiDTEipcOeyIKT1pJzMde-sFZi,1,1,JFK
Budapest,New York,302400,2027-03-18T08:25:00.000Z,2027-03-18T16:39:00.000Z,2027-03-22T18:30:00.000Z,2027-03-23T08:00:00.000Z,4,https://www.kiwi.com/deep?affilid=mihalymisroriflights&currency=HUF&flightsId=0b7707f0519f00008052c3be_0%7C07f020a1519f0000e9bb437f_0%7C20a10b7751a300005cd2b5a2_0%7C20a10b7751a300005cd2b5a2_1&from=BUD&lang=en&passengers=1&to=JFK&booking_token=HeXXbDOAxQ_WYYUjuPNOhVkVodrl180PylY9HbUuTdDuCfalPSRiQVmOP4LmD-Xsdif_D9WdkQxdqMEdbWvbTVg_XM2wCIlMRD6X3OAvaZxGJHLbUjquRqvQSfyrYB7Sz479H7KX2rYbPmJ6xHDfGmOiZGfi_1fC0izavJfKv-sTJopDOKhqTGsPomylLw_C38ZJYsmbCvVNNtYeKS-x4fr5D5K3HuCmkVVvwGqB1w2RdcZtzxN15Km2okNV9OookayFMyeiKy7-mYeS1YlRypkhRq5L0kshtVIXrokP3vyo5HyD4rYwQ0AhwNtIgUfobw3DPHtyO5FUpjxKB9hG5Ib6eVzXskl0l7E0oBc3mt-RPq8vvSSyT90_FUUI80WQTZQG3x7PIDl812twIrblO7qexlgD9VUixsLt4BeY9-xcLKJzInGwvrKAXvsR1tQguJNebiuiJhUvb4ZLZ0nlIYiSReS2Hu1B0e1VHNRx7RPqz8fU4iWWaRxCjzdqfucpu6WDdjD4MloBEnsfYMMJlassy_ZB6yaAg_u4e5Mr4gFgZiThl00m0JICmwCWxHSNoG7uRjch7M1Sjt9lNB0BUCh0xwd6eRtIoslJ7IB9wIQQpqRGrWp5Olu8xheOUz8DhIu-T6X8eh150kH0yHnmAEhV4BvmhQRezMyHfVsjT2SC8lICbOe7K41unFyy31HpPawyALnjL_B4z9PzyzjPRmfHzHvuHMSEM5MgtG0hHe6H1oshYKSd65AVw1Tn5lsemty8sHdkU9QtrmK-V2sp9h-QpzlQI7M_6VA3K21rI-rao3TUWYPdkxfhpIWapeXgAS-Xu2vLzuWVOLiM0uYbdcUVJYOqypf24B7e4PU9JEAJI8UJ1rqazFJPpVlIZAEg6K9OYTgBF9VRl5P5nl7WZeElpCQsOBVYVhqHNyLQGPB83TFUhiF9_pztY5A2SW1zc4u9uzucopW9fHTtAX3CTKZh1PZ-CUi9ph8Ui06VcTtxiT3XZG1I6L4ukk4-PMRBmKRncJfWrrsLM9BvfbTUO4Pq6-Fd1nPIlyH7tRrQfO1JZFc8NIoyVDGn0f0mKeNjvC_p9c0CG1lGmzCtdaBH0ohFnyuHw5h1YWNGbS5eM2tjd1DoZfT78Pmt9pXfWuKeXbcEwTYT6Spu91lcSorIRVdQSTkMXZyqlI5jzXx1XvKj8Tf2kwtZLoEZ75hWWUHvzyHN2L4EetF84zRpoJtxaYHnDu9JfL8brRcFRJAPAAliH5VRsGeSP6ufke3Fjn6WRtKYOhFRR5q2ZjIayJEheQpqM8NYexD6TBq3F0TxvWj0qoA9DkbNIfvQyzKoepgRirfLjxusj361hnzPfVi_MvvOQI9kvntY0f2XAN_2E3X_zaehqOj95YTENuPD-r77fyjDFepiumNLh6eoDId_YBHlXxgsUeocGpaU_zCsYBX3cqPbUUSqIRaTcbdb1NGKlpUuac500wZ-Qbr8J-r11hhKPT-7jSiMwdiORmwymk1Q=,1,1,JFK
Budapest,New York,302400,2027-03-18T08:25:00.000Z,2027-03-18T16:39:00.000Z,2027-03-24T18:30:00.000Z,2027-03-25T08:00:00.000Z,6,https://www.kiwi.com/deep?affilid=mihalymisroriflights&currency=HUF&flightsId=0b7707f0519f00008052c3be_0%7C07f020a1519f0000e9bb437f_0%7C20a10b7751a50000e5a6b211_0%7C20a10b7751a50000e5a6b211_1&from=BUD&lang=en&passengers=1&to=JFK&booking_token=HhpCSkygZdItuoAUXGS6qDXAXqwtNK-B3lnLi5qYOmggyoBLSrBxTqRtEeVGVrmqrbPY4NjfvNyvmojeQ5Bqo0D_1bXggmqdAlSs6JyGhRG7CleQ4TpdwDFETHGfdwa5nbgOm13GbfGdtPe4CMzBMqwbZ1YMqQ1YWlhebNrw61ndeBm8r9EeogEsvwmDS5gzzhtJF50Ka-Wn-RfT9kjXBEm6miAiLCGlMdKqXQDVxI8_xLDc3zKPpUzVplIi6wIPKNnBS2Jn-eBQHLM6ky2uZ2MeTiamUMBgnvp1YlhQJt0-A4EQy47KKAsas2acVy3xBmD3cv-jnDb94datXp6yhaZbMzTI0XF1ELhwg2Y9GiSqpiNBGr6NDNS-pHgZ7nBwF4lb0xxjpILBZ8cBD0AEDftxYpL8YhDcITxoqm13RWK1rox_AflTrMDFIiXhDFxCHy6sYn70HUhb9Y8Bch-F4lFFx62TvHiKWbpdIm3V03OnvFpU_9cZsRByWZtyEpGQiJm0LdnghVKXfXgNIuHKDAHuGDVFFMi0pR1chEMKWoCDfEQKplssvRLRuFvdPIWtT1uvmvtU68blAgLaAF2twn2gHzwuUikwGtjIDstGoRT0bslkl2MEiFCA-WbGFmeqh58clTqHNFF0sxq6xDGWtOqflvd2AQMc7kWla7djlrbSs2CE9uTe1WqsTiY3WabwPExLi5qdZxoUhaVY2kHP8CMBxWi2N03aTvV1h3_XQD5whgvRnVvEvWwSD-_K0xWpA1QZAufsdipRGVscWV8vagWT3Lwyx374LCx4W-Rg-N1i0VjxxFzBYA8b1hqE4huO8RrEepkuaySaObzz4bWsUcZr5iJGC4fmduorVt6zH49NEdC4ajUBUfVPQYmj2I3I2kk3TVW0ddZTglPifWW6u9BgFmEFXylXJkjXml77NDZ4YbxfLwcg_ijLcCdcBJfuTrwr-iwTCCvxFpp77MtbGvSB4lYQ6EB2FDiDeu9Qhrviju0fQt0uNTJ6Sn-OJWNbLQNC4dqV7IHoGEL2StyooCM2DEYGYutnBqDJSVv8-4d7YzqyJIAtXibazCoODs3lcAipQoMXd6fyIkz3L-lYfxqYASeQ82ccbjRFAlDW2hQCopVlOL4vbPJCB5nAKjbvVSQ9B8tx4t9blanYAm3RF5mPqbdzxCXHoxuvKi-JxSnUXWCb2XxczB2CRorwGZ8SKp9tcsT8iYjZKAQZub5ANvae6MyxoIH7zT7VIkWp0xq1SixMR8z6sxyGeAzlkJPJM3wFg7pNNJzM4Csedc3arl-o5Yg30XqSl8j0g1CpCCdRKCvoCgZ4Ayf1ygmzLlHvzoN6BpZw6n7LYFSGK3nyKLa3rJoXIwpgDALPGtY0GhQVZGc8-MyVQ_QgUWo1CmqoTEW-F-9x3Y61oxtOl58bE6L-xKFGF4DPOxhtfh2yCklHmbPyNnZyNtDXJLNXfLFon5Lms7RoITs5uKUo8BtWDsO77qF3vbzu4zp5ygGSv2ts=,1,1,JFK
Budapest,New York,302674,2027-03-18T08:25:00.000Z,2027-03-18T16:39:00.000Z,2027-03-23T18:30:00.000Z,2027-03-24T08:00:00.000Z,5,https://www.kiwi.com/deep?affilid=mihalymisroriflights&currency=HUF&flightsId=0b7707f0519f00008052c3be_0%7C07f020a1519f0000e9bb437f_0%7C20a10b7751a4000024680160_0%7C20a10b7751a4000024680160_1&from=BUD&lang=en&passengers=1&to=JFK&booking_token=Hz8UYiCrSZwR_4KRmirQMy7GbGqpp3dZBorJC7tcCbL_9ldOW-WfC4tx9ijcI7Ep-eXBhkO6zBz9nBa5RpkN-RypCf3sjxHqbykAVdxkcCeewbgZtQiP_5EVcs9UhFGbBDzEctNRoKCMXxD4xpIWe5Z9btv4fAW9u_YSBa-9jk8io0vpXwwh98n2PhPEoUwv-ZJf4tkRIxuBRx8jO19FD72ZVrmpYmFUHa7VFPKi6UCoiPek-AQhZvp6soy4KaHRiPjujtD7312xdgFiW8swIQaZH0AcuQzAFjLwFbj3lfQcjN52U-HhsA887wIX_aT6i4UHflgYE8LDJjf4gReo5Qe6qhiDZc-t_ssllTn7y7O5rsSlEmTUWOlY6ttxv92Aaj4t45hesSKmQFi1YZ7Nul67-vBlCXloYnpQhrx8gTo7D9oEKWiCssRjXxZ5XRPwFJD-adzADzJs5rpbReqqif5hG3NL_tRaGd-b9qwPSuFZB2NWXnz6nQWtK0Q438wpZFfQV7lNLhPjhhcJiiRMJK1pqp64rtsLJh0aI6osGizxGrZRU52LB-0LJw8Xp1YyFZ5A8OGycYL_dSywjPOUCD-9eDOCAkWfxIhRkyhVya5Mz03QKAapkiB5YyLhuVKDmXC1lyBnMi1drmjUvyow-3yQq5Lb7Xp3f7mIddsXBim7YsD0R5jNSpHs7hbHlqqEI5K2aWUr5z49flhlVvn-EtXMBTsHG6BjwAuNPOxECc3mri8BSr6HeD68Qw_K25qB3iG0Kqz9hWXXzuHFz4CCh4mEGnZPD48MhK6Jv7I6PVkUSetwoX38EerzgpgJrYh5lpoqRxrquqBZdBX_1dncysMSpGfRt4wCGBXNX72Azf4xfO7_EFzTY3qZAF_OgCow7TkwiOya0YpoqB3S-7RD3v0Ccqy73K53rPRfPqa31GAp8HTz9Ah-TacS-CE-yVBuE9l35xGvZ6e0h91LKCKp0asGfv4Zc3vLW7bSm4QNm1uz0RFZWLM1W-2YsKlcWi7Ret6y_u_CfXukWe3qYZs4BbXlvTd7DTW6cBop8IlTIoAH-4-rRzUvSTiBCG3JKSp0T7t9d5kYBRygcVnYtAd5TaklsaGmhCles4WkaQ0WuWNkIbpmJ-39SJLQi80nQwsraSm1yznamCY_vbWNmYrjzXYGTDHAtGcCoH6D58vmiXyELHs-7kkuB3EqdXXSGKfXQ_aGzqnRcQ4G_ddSx_r38Cv1KFCwJ4BCXo9jDObr2U0wC-HaAjuRX3hkcbeglBQBoDM9U-m-BWONEiKefLghpU9uPDkaJHytXLuASfeFcdCQxm72ATKoXy6NL5-94wVwIvXbF_6N5h8pjVljWszUPUbWz_hise91ucvJtZ1NTVH4ohJ9j2nv2lbX5UqdpH-r56XEsYyXCx0h6WyQuJk6lU3OtcxpuyeExwneO6XmoO-4q4cOnlqkyIZSnWFkt61qkbWIUlvdAaoHhNRwbQCHYSFV78EkLNCUBNtPdjOscFKw=,1,1,JFK
Budapest,New York,302772,2027-03-14T08:25:00.000Z,2027-03-14T16:19:00.000Z,2027-03-15T17:25:00.000Z,2027-03-16T07:10:00.000Z,1,https://www.kiwi.com/deep?affilid=mihalymisroriflights&currency=HUF&flightsId=0b7707f0519b0000ff1ec3f8_0%7C07f020a1519b0000b63ac262_0%7C20a10b77519c000083ee09fb_0%7C20a10b77519c000083ee09fb_1&from=BUD&lang=en&passengers=1&to=JFK&booking_token=HjrCCjVtGxXuIVNSW2rpyIIM84AVJH9ghGS1-_jiJtSFS4xnEkvQfpFL9DzAf6J7c6iTN7NoPBfFs88TAMuEafU1DZuVua6QRAfpJ5MGDy8dnNyzaoNtv-dddJCKenxHaSrI0qq1F85uMtut0cWkXKh2a5-T94SkXe6hcJ71JZhL4Ys1pYPYOJJdqStrmT-7oUHbSiMMn9eERdUgFYdsQ1xSk0_tVq3ALoTv0muGSDfNkKq6a_Bef1ydhM7-7eQ5_13bX28sWdNVc8VNLtL_WUSltCGdYmrCwhvkEDStpPIbtuHHVZIPs3VaJnKiF7-_Tocu_T4HHk_38_wBULcBFZ7VSZFo1_35C7DyE8XuyKcB5FnzCqp02uOosYIKmiONGmRn3sR1IQ40KiVZLc4Jj75yeL02kDDFNshrdlcyTZ-3HDWhg285wuQpGGplUY3uPio3DwTaDMEXEANujCeap7JtELMXwIkpHBKCXExSksI2RZ-DDRu5OzipMut3vr0RPLYBN9JL-aTinnpqTj1y01FaIUrGSnDuMfe9f1XqbZoFU5bec2IHw9OdCkiEKBBoUVETdFVALr_Lt6EydOF8Byo1SDppsN_bh5NlgClHwBRaMc9aq9twWHLWZiKpEI48oYPxGAsYowz1BXGJ9WxPD1IVn3eJkYGBYRuzN66Yl3MGT9BhXPIPguy6Rm9MzHuAzJvHzVhbvtnJQjG5bUrVSOfhyZhoWSZGElXcUpR1xw2yIriqYJ2_cxnaf5WegcwLWO-T7ir6nqiW5iPvnLRaILZf9zVHKyiY7LUUplTFYvrWVN4jKR8-unQOjGT-S2zIBJdAvNB51WjHXOQ7QD9czvXBZoclcxIy5iOD9Y81T1TzssKCztTiOTzAfujrH6ioxIM-RDBA9cNPJ5_lJwEPZf41y6WZKKkNePjjScBhKoMHHD7kdWKATPOACu800Q1lesw8Gaq9yLTzlo3V7QO-Li0MZlUfvgSldNsz-7x3n4QKGzP0o3_WggCjCUdOt3brDTbmpZMWX3oy0TkbzQDRebRkO1bmXSV9THgSx880DQqnnqJWfgWTmDP62njuTnbB6a7mx3J5XX0fGY9uRhc3Tz3_07iSB-BRY4f8QVg3AAqNLOrv6lcTJ3cCKGJZOsELeZBAy3o_aSfz61R3aObHEkNI77nV1RLbRQRKONsTFV2kGuC_qsAXPR1Qt98nVqaBtsEGTkCceP5W3yOWGXELMZotNX-HYjWHdMBjpr1lpW2hbKNJb7OU5hQOB3VoiWzNmycP3bZ8hHGinx7QwZklX3BrjarFKx_jrTLgjIdwKvYZdeSGZ_bzczAH-8n9IXBhKgx0i0D7z0nKR9XKhcCUFSl3IvCxzsyBOaLY7jQnaUWnNvo_2wzdaEIhCVajVtjXC,1,1,JFK
Budapest,New York,302772,2027-03-14T08:25:00.000Z,2027-03-14T16:19:00.000Z,2027-03-15T22:00:00.000Z,2027-03-16T12:25:00.000Z,1,https://www.kiwi.com/deep?affilid=mihalymisroriflights&currency=HUF&flightsId=0b7707f0519b0000ff1ec3f8_0%7C07f020a1519b0000b63ac262_0%7C20a10b77519c0000994c1c40_0%7C20a10b77519c0000994c1c40_1&from=BUD&lang=en&passengers=1&to=JFK&booking_token=HOJBxfr1XQScOzXF8ySWJmhFdBzvr_LukR_Jq356b6lXtqxJumcGOZKGTynNNQHgha38Z5dXmh8xqE0ePF8qHPKMf6J63BtBL6QJR2vpvrd27yBLbB-MXIH21Ox3nFAaBaWHUSALaw0Zf4n792Wx4fwNAraowYPPrjvj3jefGekJ3vnQPWVNPqNZAjCdK63gVFj3ih2y2jJVXDgBwWxN0LvbIW9j7km5KUzIgyWZsZWjdT-0WBpm9OMN6Y-WuGEiOGWVZ4s_ByZm-WA6C10Im0T4itdApIGlpZECZZMR2IjxXOVPUts1QyH_cWstx9wji81DHagq2BnpWrAokfvkHxyDL0lkukiu_BsWcHrkLzM-ggv-TyiHOpfTW5n6dRiPNks0cJxzal7rXUSkmULwlhVlFwqHwdr57aktaCR3WJH_PUno7QWVXxOG_V_CACw92I1diPCGBhbfNLUO88lsmqfx7YIe02t7kZ8BB0kqG2EP8IGwzNJR1IaX8OptTFvyPsQ4xERPKhEux9kwKWrDG3oKk2-TQTa2Lzakp6iQOdVLXhDHhy0YRexZO1_TTPSeMzPB5eM11y6mS443R7Z-HvwXIcrAo1nlKQnDG7bzzeM-27s_ouNVOnPTZ4QhHZa27BAlu-__q54w_rZM16UKRHRdDQEfsQIFdnZGtJFKGCx1_uXntI00rGhvwN8q5KlMU89i8xIBPOGdqg2ijyMh7tx39pnqt_cwK7cQXc7PIXPm-EqnUjSypyX9o8_XcH-02CTC9XuxxhG2ow8hW2hn_lOL9VSOKvv96NwChzW8YvO4B0srlgxzVs3AJR37wcJ-bN7O8cF1euDqWSNWBTAjyT7md0gIjmegwzOVyG0eHimmk5xMhb4ywz4Dm689OlATKPmja3oscZcGm_xDZsfcpXa55JrC1iuC1A5ZTL_Y11bEYlfdPnYBjOD3CsZ3tsXjbpNI8RPXN5S9j40fnCt1UtOwNjEBu7UzVsGy6LTGdgYFKLrAsFjXEhvH8vSMVKVzzwxI9a8in94NEbcYO-dVPcTQNugvPv36bTNTIKU7GTWHv7Tg_wXGVfeertH1_Dsb_pHvP2l_enzIVo9gYcGYYPH5sfJt8GkY-oco307aYGQ9_C6-zdMwgXrizcghcwjAApFvgbLojHd7EHx7dNkTmTDJee_K5DdeSQc-gpJ4207EBZRm6uwdG3kSyGaU0UjGkNzQ88pROaDIsnc2f6CWbMf6Y1lZ7kg-4EweBoi7Fdg0cetV8o8tgvTJQRU-nNjCMpQlSTDvCD38xXLy-wJ_tvnI_DfXlrew-26TtekySG0i4EYX2ka56aGu3dSuFgUl17Xj1dlX9NYL83qFZMY9J0Ioek0W_7whmqwDA6AhcJzFecTSHZ8jOM-wbvq2wc29mDlTxoPdknN-oGK-uchRoBeih0A72-GEyU5GPoipgeZi9SopJDFzI4dFMGmM9h8Dtw66_ScHj7CBTEozYxkdvQejX01skI3QjZeARKgojVjQ=,1,1,JFK
Budapest,New York,302772,2027-03-15T08:25:00.000Z,2027-03-15T16:39:00.000Z,2027-03-15T22:00:00.000Z,2027-03-16T12:25:00.000Z,0,https://www.kiwi.com/deep?affilid=mihalymisroriflights&currency=HUF&flightsId=0b7707f0519c0000c3be1e70_0%7C07f020a1519c0000aa579eb1_0%7C20a10b77519c0000994c1c40_0%7C20a10b77519c0000994c1c40_1&from=BUD&lang=en&passengers=1&to=JFK&booking_token=H-fAT8fVf2QLGrnh96ZivoSBdLJKcEOdiLX7i8jDTYGn553ARS7dmI0L8JRIMurbqccphR491-K8jkppP5Z5aC9SWgQaPKPTRhf-_1uFv7whSZLWZWDhlwh_WCYL4x15WCefxMY0kSHnE77PDcL9lyCOZUpM5p4rAWX-la0GA1FGCb4xo_10aTa7uwv9SX0rpYB8y_Ed7-cSZdiEVCobbfuysUdoPPR3juw0DzDupPg6r5NVlysfQvjfoGACsLOjtvA8wrRl0K4EPmxvNGERPyTjhrzQvJ8vwOO6cqHMXUyVkaFUl1TedoeMtEY0ZR-X0fQYclwkw9RDG5IgDfouRYtirTXbHrlKZaPf66BWPyMGC0u3H_Q0OTgSFme-np7PVoS6oJTs-UBBwGwSO8R0h5vXV4WlnPZrr97tOL4AtOi0ft-D1xldFadkyFZxzz6V9jIV0kTEKFhDNvNaA_YIK4N72jSk3hsrqo6rf7QmMLq0jHi2LywfhcU1OLmCKYpEJHGU3sy3QbHKFTv9GnE1NBoBsaSL7tlMVO36yHTC6AS8SDsPzPiF9qUadZwS2aojxUIsYENJQN7-tDaSUQLlpLi3Og6X7AYqqs47xy50ZdGNDcFbfvmG8hr8ZnQT9wn2I3S7QdwUYWSyxtRlq_Y_i0v3lej2qaY1_YKQFyUIVCchtDj1xbwDySzEjfqvRiuNnrYriTuIMsLcBSDYKXDnk-XhtBZyb0WrifMhtWbjVC02-RKs1U-yJCelO3Mln9Jc9dEPlltiYQiGN9JGNKwcMJuo8u7QDL1oRdYjDN1X-DWb0GFyMmHZOJz73J6C8SqwlRk78NsP6GOA2bEL7RtXcyBlGJ1e4lFqgrfEUjFfvB-24Z5R5DYRY5PsmFomVdCijXevkRh0bV5hDf0GzK8qL9ahEmQB2VBAsqNmVizu3EYUUEjwkKOoHqWPyDEssMAj4to-FtUTlp5iP39M8eKbVFNcGkty0xWhaoQdLtHqPyY9wuTxE4Uf8hGNiu79aviKIEHHqEAb1288CthVrDabXMB-iTe7DR8lLqBAbPLAAQrvVHDOZIlXXIucky4QJLbcffHmRGONhREnIJ8h7bvv0Yc5jdcdx4U0iBB_D1fS5pQ4EtDS2IuBrngWrfd3QqIHHRFffv9_6Cdlk3b4xAD6QJQO_ECya55-RmtFMAfB2G0Dc70tPfuVbDHnOkj3R-ha9JIaw0C5X8TYwyVf3I4aCg_No1lOnjlFvUScjI1bmbVD2sZKJyycq041x5BH9qpHbjcUo11VHMz50dDebT3rEiFrDSm5Ah1lDQEf67FX1MYfXmv-NGucvSfWrwOFkIcsl1I-qycf5_UrbxMwqsmFldygTD0xJy4ZhJjBtqv8rgo0=,1,1,JFK
Budapest,New York,302928,2027-03-14T08:25:00.000Z,2027-03-14T16:19:00.000Z,2027-03-17T17:25:00.000Z,2027-03-18T07:10:00.000Z,3,https://www.kiwi.com/deep?affilid=mihalymisroriflights&currency=HUF&flightsId=0b7707f0519b0000ff1ec3f8_0%7C07f020a1519b0000b63ac262_0%7C20a10b77519e000032705d0d_0%7C20a10b77519e000032705d0d_1&from=BUD&lang=en&passengers=1&to=JFK&booking_token=Hc-E3AIQVDahOnMo0mzZG_DKfarwUzi6djt55cfTZoHJyaXshU8MnuMYG1Lvuo-mz6Nhq017mo-523Rfcktq-sAHZfENnoOfAly0ALI7P5o5nF36klnhhGjldM-R9Q-NaoSCiAtICjA6OsIpTcGtwKr4Z6seBfu2YFNCH0L8V41WUPjQ6iFCubbTC2UgibDkVJ3xeqIalKp7b9CcWXqoFO0Iki9OUUPJUOG8_y8s8SVMfy9dma2677aWRW4vAog5IC1ycJO6fJp4tb_BQ8HX7_dbmGu6aBCdo7dg9KfPsqK6br2-as7uWwEbLXSDWisPvFApqV81NCJOuXBEpXwqXBXEsigWZ10ELNdse9Irptw_fTKSo9Y8KwmS6qALeQrr8JeiZumeJ3fN6H7Obrd49X9SmGffjtjthh2BFaMKouJH5NTWSfCcoWwjo-Ahr8QIInM5bnABgSZ44GqoT3A12pUNytBxJ26W_hmRCxQPr67JZG1airtqj51e_PSzcrJQDI8XecMF8URVK3HNayhTD6BUkFkgBlTEdSUWxonBQZ7tvAGCQn_8Zh4iWd0R9J6CL2PC85N1waik9tPAIFK931epzf9xlFjsE7yavDlxTrJoPrglbgjjZRByUuDwk1w0DIZmpkmKy2BjKqiFInxE9Mfjg39nyb5eyfEPXr8r4zhZ2I_H7UuK3oQ7JGX6j6Q64qaZi_skbiJRZqPmdiMy95f6PB9vTDiC5zGZoMOYo44liEQtMSvnx6OCJHQ1wR_IGekZbMhgRCidfLMXoSJQqjEF7jc9R_7nXldpP0V4qvnDJG4lNvbCBUM3aBWreFy_Zfir1faCCGlDKVVVQgPX0HnffOqtpKzbDQu_0rBXQygBESnJCRi0bNqjl8iq6-E54bqbSyouFEPJ0d8PdT2AIE0Ai3Kdb-SotQnHMo1MqRq5R3x6qDwNSCGQUeFSDM5GhGBmwZlmUJ_o4pSvx5M0niJZxVEQnBcIMXVgaM9-QVP03zP22RStYnoqyyMiDRiYr51BPOnxkGeeYnNhf7thl6NCWDAxyRPH6Og2X-SxiFGbAsUIGOAQyKdE0AtJ9NKifb7KJSf5V4Knx9lTTWpo5FzWj0DjpDr-2XrmxCqtdDGPz84bquiD4mrMb_ppp0sSyTmaBXk1f0NhEUyntwfPQVe-4pBCvJ0res1VvWQ-2MtA8UZY8Hm1AhoWfo9Ndq1sMWwXAa5fDQdxqD_wfjBbqp0vNwttQhZXRi3MUe8374a0yEg0wjbXGp-X-lWnqE41iHRH4jD28Oomjk-cnZL8KFrzLnXO4K4345f4LaLbOBF_KW3DH7y9A3202naNTJksoFKthVfpZi2SVwZCTVDYJB-_0syAockboDmZBeck3J2HjOvd9KVs8Eysyd1ROyg1w,1,1,JFK
Budapest,New York,302928,2027-03-14T08:25:00.000Z,2027-03-14T16:19:00.000Z,2027-03-21T17:25:00.000Z,2027-03-22T07:10:00.000Z,7,https://www.kiwi.com/deep?affilid=mihalymisroriflights&currency=HUF&flightsId=0b7707f0519b0000ff1ec3f8_0%7C07f020a1519b0000b63ac262_0%7C20a10b7751a20000b3b9b8c5_0%7C20a10b7751a20000b3b9b8c5_1&from=BUD&lang=en&passengers=1&to=JFK&booking_token=HbX14cEQ-7g1253L6rtq79NgRLPiMIcG3poTUMXPK7aaPSK3_LO-C2MNU6n3nbksqeBO7jAkLtQWhYRe5am50w3VeqtzI1Gp6YK9IeP-YcBOtHMClVKBC9CdOagASiYplzy5rSDTLfIEC6ZdmlruiQnUnEJ53YZybIJB2Kxurn_d5ktnfGhYPuk0QDFCt0Xm1APbq9s5OkDfUW-RbqPxfUNCz82VpdkpabgShp3FhjJtApEcGMMh1YHchsPMlxkX6rhaGeOZGKrSeoGQPMsPCzpWCf6mJ56NeIi7nr8lUg0Cdtd4cKeS2XiHn83m8nwzi5NIMjuTOaDo6UkOkmn_P6fBJSjf_ihhmMs3VJuKDehipZf_pXKz7khbNbUkHP0OpNT0jaqOg9iNanObWtQa5hXo_q4kiOZSrRAqdlNgwV1AXnYYM188zPllIuN4zmkjciodht1QQW2UsaDG3UZv2jqnzhXmXohEIem6I3Wtcx3fUETvKG6gHQujw8DqUoHMM5VWFHqdGzNT_WY9ldQUa5_TYyAa2hZ26Eq6vLXI1h9GoEry2UEdxZmDPuSZlBc03picQ2L1iN2VX1jKpWtz6jVhfxvD2tLecj1PPxs1pdPiOLU1h1ebLQVoF38-6MIXQf356K0iWEq6X11XMsRGnhD4MmouL_uDlvV6CrxkMkPhDXWjOvtFj2gNpuVvrqMZcTHZfPiyN7k7-aBamTvDly0SZIqk-ZHXskZoUxEDetn0ecfDzozsgsHLAD9yNYRcM4N83soycKQu0xThEnbqdQ21T_w2PVXiAsJRBI7ysXhJk6xOwmxX45EgHfw67p8eRW_5uGNR80Xbdc0ET8PvOFf0geTG0BBQ_UUFUEQ1Y3wdP9QDorXqM-vnSOH2XGO8G1tBmnHgfx5tUasIGgfsbRBufximq38Zd8ULLr3KqOCcE0_sWg-wQ2GXimpZI0YNT531fgGtL_Q6d118E69yAz6FBY1SJzycNB24wtbSw6ZRQdH8fyYMb0CKARu9Nk74kKHqdtBYieobmm7FjUP_51YgsdVdgYD8YeG4LBGaWkM94PeSi6tl536513UDtMLHrO6sq6Qv2gxHaN9KbVI8SggVMJeclJUNes8Ns2Wf8IxU93lrLHPbbEKpekX45daJpx7bampBvxOMBsl08kPct-R6tnDT41dNt12FRXnpXiH8kBIII-D6VBs8vD4GRQCZcW-xisE4NlkRKAnvNKasVkZ8Z0-47rne05uqkU99ypCgAAtZ5r0MxVbQX7BY-PxFqWsyaq6taRzLM6dmnQ_2KyujtDFK7feGHcyHgFgEduNPtwVrnsilbB-uH7V4D64NhUThcM37YbI53oei9hFJbSmGUYmHRm8okk-_8eyblpQ5p-ywEJeDLPwMKIZ5r2IMq,1,1,JFK
Budapest,New York,302928,2027-03-15T08:25:00.000Z,2027-03-15T16:39:00.000Z,2027-03-17T17:25:00.000Z,2027-03-18T07:10:00.000Z,2,https://www.kiwi.com/deep?affilid=mihalymisroriflights&currency=HUF&flightsId=0b7707f0519c0000c3be1e70_0%7C07f020a1519c0000aa579eb1_0%7C20a10b77519e000032705d0d_0%7C20a10b77519e000032705d0d_1&from=BUD&lang=en&passengers=1&to=JFK&booking_token=H6SBsL0PbRFv0OzF7XU8D1McB_AcFO0K0KcckzN_aWNQtB28O_MBViLRseCrKXL48WVRHHGDLb9EZQSJgl87U97sPBLRPYUgsX8dpk3Q1nHfFcNNyP6WttQpYMLYt5uNO9bR1IDrzu-R9jtXBLJ3HgA9ZCGP-tQ7QkCBDjqHM-JpRr4GCJcHNC-AUR8e91dexo5Lm6un2JUgmV-EL87KhSg0FP03PhONuiebEHUr-0hx9rEDmEztrzYqnn7sj5zJxFv-e_m59Xh111HQ5xnSrYbqKgtdcaZgL_g3WIkn2wRTMF6Y0xmCTwIBZbDjwWo11tIINs25tHZddIrNZxAxZ21MCUxpppeioAcY7mSewIY0oV6-TZ5x29-vDo5RSNc2s36lTcpEPzTHFZ-0u_lEvdaeiIDF3PN1o4_ebYOKx6-WyF7-KkaWja6vGmjwV5KttY-vr3fpwbPBXj7k1NIOZQctS1t-mT54KnZEH9O7WqJ1oNXIxOtJqOfCjUGSmvwth9lPM42txYwl0O85T2pozTkNIqKLspDd8EbFbwZSnNE8n_L6jPJezUmCBD7fDgi9hfU4WVZdvSTHf3Ck6hNBc5p4M-6SMh3QnrqdwOBchn_Y1w6RdS1kH1eFSW_F7UuISuJM4Ww_6ZX3r-gFIG7O0yxgH2brpH9er8s71wguNWRMvGSpqpLCwVlZQkCGP7Y-5KJr4nfwmHApRRSCEve14pPuNb1v05XkiHQ8iwaApqjV9p9MQhAbj46_oYc9T6LWjBXpDiGJ0T_kggvnZXb4rRjdCrnYpy-cPo4ECwew-czeXDiHpktLcqRoqf0I_Atk2__JB4gOoq_hIrBiP8tGo6YvqcvHbtGA-IMHeLlFCYJ2jmtdje0p0NpEmXL-iM3UTlEekq6jpK2X37Z1iK-8JxC3WM9O9wUYpRZTCyuOAFrXDua2msSp52S9PX6gd1OZ25ViiPitXtgW3kQv1NFnrFrmbkFYBM25sZR_G1Kqj7a4i0Hf__D_E_lRVhhTx4RYPnRvfNpNEdn1JKQQUYMAjdnN9SsVmq3w-zC2RU_xoyKCniidfGa4s918inXT-GNE0hZvgjjrWJhHAk8aMDe4h3wWEiyf0QfH6gBivI84hcr9I1qwyQucpQFQ3myev48nTdt83rITF58uKj4NPiWMeWEXDSJByCBSarjRFe6QdEDj_rdQ3SyVh4SSLkASoYNB4XO0AX3AKIJa-BZaxe7e8RtrZUzj6n-HvRlq-8nGbLsBZeTbGBrcEbQkOFucHSFB5OnCEjkcngrC4GEV8fKxBJseNth1oxXCMjIjUq_SNlyjVGTfhPzcZoH4SWdgBBUOztwDE2_HUGLPDfsHr68wrZbykuBubgKw5M5yKpwVv15vzExcCRnRTLuLOs_FkQ55y,1,1,JFK
Budapest,New York,302928,2027-03-15T08:25:00.000Z,2027-03-15T16:39:00.000Z,2027-03-22T17:25:00.000Z,2027-03-23T07:10:00.000Z,7,https://www.kiwi.com/deep?affilid=mihalymisroriflights&currency=HUF&flightsId=0b7707f0519c0000c3be1e70_0%7C07f020a1519c0000aa579eb1_0%7C20a10b7751a3000046b62c10_0%7C20a10b7751a3000046b62c10_1&from=BUD&lang=en&passengers=1&to=JFK&booking_token=Hf35gkGgPt6L1kBwu-kH0N2T8NFJ5uHUcXjN76evMTJT3NsKw8tuMRK0CJNL0_gSye0thUxbwROvTM4ZGKE74W32fSjDVBMr_s-m2JTa-fqh1EI_e42xFqUjk68qKC0Kt94IkgLqyleIwLxYAs3W9UaPgVBXqDBffe2kuV8liS9aB2CJ8zS11BcH282efnq4XckOwOhggksTcG8K5FfjUjtiyGNXeU4myqNtHfBlvYBnODP8pRqxo7CTqtIEh0UjgDYX24NfWCxXKZABPi042Su0F7SL5v9gvVD7qf14xAtxVy4pYlG0FpsrgCPjICBqZ6egXCjxl57-cvJRbcc1Br2MVZasgkL2rebPFaTxD4Kyll03xBeHc2UHLUiksKXpKqyT9r5yO654viVY7eEzmnNBXeA0fxnOVVjchSNfJhcCIGy6-hkfeHrjCdrQ2Sd0BVeInUnFlwCnAR5yAEyFPMjYzm0XqMQ-4LJ19xoedKTeDgw_biJ4OjIWRELaNpXv2_3IwVzLhvN40d9xpX1rC_9v9d_3iKmFckY9m_9X6Cw-4ZwP34e_hNDuYhdkA8gLtyv7hDY1gpghEQECKVBU4CGPSAqP1hfd9gck2FY9yisZjhtvPWIACsvaJ0ocTI-To3_Zm-eVj4pPcaIyCJ7fdIpLiz1mfWccFBNn7CKVnWFZFa1B_m0i5Ts8lyfGYipPlTCqH5gcGklE_tY9fZbzU_CqqdJGVSJ_jyVuPO_q76awhxlQp3SAbOPqjmwfq84CBLAA3PkApq1ut046XKvGP6daWBabPIedMa_XtzsUyBEEnO-imXRL1GpBZ8P1eaRBM7DxfqvRBbL4Pyq4NEyMD0bj3yiwf_jNOIcbxubfgfM47Vj8MLxXSUEDZkD6u99m-wGIK9pT6HBO1ukoc1T_xH3bB_2sYru_B_n2YXuuYrRi-qf_-YW-CgnH66nrVpIafWescWxtWEt4JR-Og0QIlKs3m1smQ0wMiptGALaJzLYduIXCTT7-8T9S-OwZTUxS9kNWiCqumoq9wk4lNFpRKYO-nfMyH1iv0eyS8F7HXE0QJSapkmduAP0LoBQ3menIYADHDlz2FHnLK2NEFYYUgsGQXZImvGzTAmCgvq1k2sfayFgsHTvAUXKwEgEwp-8EK8dD5mpkZEyTROCvPBunugC5XWbT4P3l91ap9vxyamiqwlDd9sUTJpMUxG_5CQeaKdBTCW10EJ0mxyVY8x8TNfi6gqd_futwcr65hQsDAgzJW4fhqiU2uFrEY6heiSJJNyAJmvo0WsCy077_Szy2bDPPVdDbxEQb6faRMrsILWcD32HnWwqbzMEf8L5rCfV8XP14JU5NktLufGCyBMdmOQ3pN4dkAWLTG00mxbOqSdasPx4IO0wuUWCgjEXM1UQxG,1,1,JFK
Budapest,New York,302928,2027-03-15T08:25:00.000Z,2027-03-15T16:39:00.000Z,2027-03-21T17:25:00.000Z,2027-03-22T07:10:00.000Z,6,https://www.kiwi.com/deep?affilid=mihalymisroriflights&currency=HUF&flightsId=0b7707f0519c0000c3be1e70_0%7C07f020a1519c0000aa579eb1_0%7C20a10b7751a20000b3b9b8c5_0%7C20a10b7751a20000b3b9b8c5_1&from=BUD&lang=en&passengers=1&to=JFK&booking_token=H9Y2zyJhzjRZnGak5zPExStqXOGi6uiE1tshlaorX93bHWwZvRZSSGAZSvlgVrUm_KVBM2TV2JspAubm72ZrRWVE2KOzdRVTpLVZWmnkQabdSNoV0v6erYK0uqdeJp_0ZbfTtQpKWPayjf4IArkIAcPqDttpzj4t6PxfblYaB8FxCBYE-tpniPsIYaN3-4Eeh58Iqnyx_k6SRXsVdjAaOaK8Rxp-z17eFh-LWdeBooFtjE8SLtJ7U5hsPKVlmWRonDPABc3C-RdQcC5IPGnRNwkpzOgEuoNn8tpOBDFbMv5362qtwPEjK0QTfiDBBwuglOvT1ljUcDA3KADAV4pnUMXxQtQQEYc61a5nXY1fT6dZgMDwF4jk36nfWMlYHA2DygU8i_CwkYbMomMOAsopSP2s1HkCbCVBBXq87LsledB-1syDcPM7B1CqgITNK2CMXllFgNoFmN1O3nBEEYMnUu5nvypb_hl-hTVEdQKWqB6cTIDLEQrT76Ga_xys2KNrp_bL8KLF0MAQZ0cXYLw1CpbRvXCo5lauKV2Df5467mdhkRrVPbi6sUAZFg6nxIEwgr-MoxtPkMdsz50mQoMnNhs3-M58ZxAnyt9fsClPMXtem6RvqfbLJ8QnE5NXqDgkijLTosomuTzwiHY_XhP1keYB4H4rtOP3UyHcxRWshc6twcQQYrUEUGVXawxbELte4P37aJzRQ0Ip0YY6EIwgnOoQmGonYw2PYTDUwBoEuXIDewYWURktTx-RdgWAYz7-cR2npzYyCHkjacyEH6AuqzHP2wqLOAof9CEIb2R6OWS2vUG-k-Xr7sqB5podK-X4wlPTPtX7-HfS1pbm1Hy8trcuC82R4-sTC7mqYR0i5TmEoNVbIOWqhSHja8btJsQSVCkJ-17_-GN2sS4zHj5yjb3FV8CBiWfSY1IJngDNKHGJytpE8rKR_GQ4I2cdbHmpUPLR4l90UKLdLHnDoz-eGskEsIRFopLRs3IPlgo9IHDt7DhKSbwSCEOUzrcSUT5uLPK4TW-iof5muJmw2SoLLMH__4g4hhIqZz3gu9zTVXmtyShTeExo_SktICAgYL3VphJ6kGpPKupBID1xrpmljvDRHLpLAD_UlmMRSyvzHCJ1rda_XOqbHMQ6lsjSBGkvkD8TN7mKq5VDk8PsTQfUdn5u3cayc93OmSQJXaXDlYG7L6XT-Zyjzcv9F61XrQEUHQ82I_CJ4BDL_BNtRaZwWIf90LLcQVLTtsuX1uRYVsDwQhHZcQ8UYvVKXWzubm4FydXB8uENkMDeN4fxU8WjENH1pIQsuoC9HggimYsizCZhuY3azWMPGchCuUyfJjbJ87d6s_9cEHOZRQFayECsfbZ58la2aKqKPmNDO8CqZ1gBmQSw5MxsXO-e7uHLbd00B,1,1,JFK
Budapest,New York,302936,2026-10-31T10:00:00.000Z,2026-10-31T16:40:00.000Z,2026-11-04T17:30:00.000Z,2026-11-05T08:00:00.000Z,4,https://www.kiwi.com/deep?affilid=mihalymisroriflights&currency=HUF&flightsId=0b7720a15115511906d1d74e_0%7C0b7720a15115511906d1d74e_1%7C0b7720a15115511906d1d74e_2%7C0b7720a15115511906d1d74e_3&from=BUD&lang=en&passengers=1&to=JFK&booking_token=H2c8d1PeVvhNDunYZWrVLNsJ2xR80rkW6wNv_e9mRSNcA0Zzm0NZHElaW4RCUjIoy_KERCxdxY47bwzkxt2trD54lVf2Js1OjA8DbEUzVB_w8XswvAh4OvuRtokOKkdRaHcIf3CS4HIl-klQqu9-bK4Ex0KFAjeNt9iEfqNJdrQx1QOL0VT8mxF19THwGESuFkP6t36zm_uAy_c4jQVRrBnyNGL7Mm7nR5zFuxTSpSiss--ZFGK-DzESAG1p53N8HOeoRS3nPedpj5PiHHAB2CrSzaweUwNrzi6P4_ObK5yqERgT7tBt0EU9XlRhkGuJv47Xy3Hm7kJUC3tKQH9oVRyceWioKsvjV4L-3yBEAClkYFAWGZdhJYC_8ba7ttnVVYZ73CZ2l7iW7Hif1xsHi598xLKjwf1RwkfIjQDHu7ztXz3uLFylVnvH3x8GpZCO06mRAhm387guvUjyF1uKcohTJVifIht8MTu0Ey6fIEsYsEXSSedjhJ1RyW42t2b_Dv8xd8TLq_KkED6rxaTdV3RkaybN25DeKKHwVbw_nSjfYLJ2RNPovzfG6i-oH4S5j8tsL5aQ2VTxUE6VCed4OWEqIfrsnDFOiacPNiQydGEe45YcVtYp7qIOk3GiWHRZM0Q_hikyUkTgmH-n0wfd2BnnBsicLzzwsBKo0lZuh_kz7crzDyJz2jUBJTXmOR0zfwrdGuDy-FsyF9Q67g-slHSoHiuVRpxepN5L7Dq7Zoc10BwXnjy6qemdGkewBz1zfQJ6peT6arKcCxN34_nQh1VOQYwyYRKJZG-sr_FVcGZzk6nhcBw7lfthKT-pNRnyGWbjtp3hA7hpcuxo_fXhxsq2wEOqF9iZl-nUTmnTR5VlpUbtiR1-VJfBhK1li1-TTv0fRo1HAgtLk4Gumi1N3TRg_NEhIuCrxROJGZRLqgVBTgI3qqTqvmACiD-zwhecJqjAGrNAa8Ap6xubcOJUrZCP9Rth6B-6fFNg1ej40JrhVSPEpN2Zpx_rFh3yvf2cPbraPFY5G5_75D76aN9NMzs1QrmktKY9m-2ty9VkoCCT1_wjPjq6Lyz6b9bo7QkDLrrLzbgxVeFc5UIBZIOpGom5F1LvbpTXkC1DzJMn80BS_hHKRXsUpjI8OCLW6hcNw1ukeZr1s1QLXK29o6vDXIn5wxlngFdrHjKMRlKCpBzvI7xXhgWQKwaYXg5iC6crsN_HtntwcGZUZ79mHDYIe-mTVeq3hsgkNPiunQyOJZxYucxZmssu9LaUeaheHLujWIvMOxwscOj5-u1fApwHXoz0sgZqCdaW6XOAYTXz2k0E=,1,1,JFK
Budapest,New York,303205,2027-03-14T08:25:00.000Z,2027-03-14T16:19:00.000Z,2027-03-16T17:25:00.000Z,2027-03-17T07:10:00.000Z,2,https://www.kiwi.com/deep?affilid=mihalymisroriflights&currency=HUF&flightsId=0b7707f0519b0000ff1ec3f8_0%7C07f020a1519b0000b63ac262_0%7C20a10b77519d00009c3ca267_0%7C20a10b77519d00009c3ca267_1&from=BUD&lang=en&passengers=1&to=JFK&booking_token=HHIf1U1VrGkmgVJ3rlyDEBuOx9hjsm7RLI4w1xAxUWlDJr_rO_XDgVkLOSv9D1y1MxWqXcAhLCnYkRXNh7uxiPuVk9CdWahF5MxVVfW_njKr0s8iPZfQZjl_ypz_KxXV3GqvEW9zYMiVi9rve5UlHMetiFRxUpIN-cEHo14cBn1QcQEoC1GWSFyRZKBBlw0e7dMBl6RaKd7taQovs24tHfUeyIsSH6yyFth2PM23c8v28p27vp_rsNZInhl92w2u7dJFGIJRWF-dUV40ZDkdnKmKVozUD2k341B67tHiKE34Yr-82VTLHokiK10SCyhd0BLEvPFpRvN2vbLdeI0RX4IHgZpq7CapvcYn0A0pUwP98ZHE7tm57OGzb-1fIUZ3A9hb9CZ-yS8C2iMFH6YcRRmXaVXlnFCKT-RSpz0gv06h__PZ_1Djh58QSKJowUo-fmUAXHXoQ0ZVb_Pn5BfkrzdNg9QPDWdjqI8XgRjQdSuOhVGy4cY4tkwodcMKLzovosLaw0g80nxEXJj-JF6oGa_NKcCDijM3WspF1ZstEBmmOZ2F9I8Spv-GF4TYolUVVIbQGl99gwcdoezwCyEwRpjpJRmxidd4PNIJ5t3zfPygpY4DoHy5wvWTEnPi6vrzoNzek3W_XQJLCHNcSjUTJXwkvkFBG-AD18O4Ax8Z9Il7UCX14vMYqH7ZS2eID1K4VcVg00vO94NBICwzVTRdOiqSqBV-kcBeUJz3iim4MIpPlYMw-He--vrdmjYoeQOq2OMiyrxkzdzNWyZGS-7y58JAtnYly60gJ17RzVt5tAexEJrmc61Tepy1C8UCxDSCYOoAxwj8dGYjE-ewbMq8W1ghHT3-EnVGPRQwlPsiSQPzaOXs6tpqF6nylgvNO9jYmibquxIIBMAuFCPfVjjmWBg2MgM-N9njec1ao3MvvUjh1KmKG-BK26uXKHDDrD79IB6cRx6VG_Q_u_Fy-wAuoAvadI7hUr5jBclDYcsGMKyI8i4XrojrHljb0neu3D2sOQKd_nQC8J3LOotjVh-yZC9IkqxUvOh-IOoMMP4OKn9alpljzOAyh5IJGaWkLgnXzwp1IDMBk9B-d48iVI5WDO9fgnzmyqlzK5yLXIxA9jIcJj_sqC4-DAvVtq4ddfcLqfCQptvx0xCQ6lU66f08t_Cl_JhiYIRDTRrt95l5ccRWwCsBn9lCb2LVsTkRFX1nE6A-vujutEZBQAidPE1_pSfbYDazVXg0RGhs_p0Cvlh3Yw9vdyHxrwSr1kvWSFoTyMaUelwaLubUMO3cqQlWqEhSgpJzE3rK-Nuelb-8u0yPHlmk6zfyieYsiayfJzEDBeoOlNzEndjX4gyH9Qhb8BUb8M9AThqg3dG3prd1OMaqnRuLAQN7tXd4TgWaHFZee,1,1,JFK
Budapest,New York,303205,2027-03-15T08:25:00.000Z,2027-03-15T16:39:00.000Z,2027-03-16T17:25:00.000Z,2027-03-17T07:10:00.000Z,1,https://www.kiwi.com/deep?affilid=mihalymisroriflights&currency=HUF&flightsId=0b7707f0519c0000c3be1e70_0%7C07f020a1519c0000aa579eb1_0%7C20a10b77519d00009c3ca267_0%7C20a10b77519d00009c3ca267_1&from=BUD&lang=en&passengers=1&to=JFK&booking_token=HDg4GUNanSTpttaVqqOGMzE9nbojVj0ZPUxK0KinTApny7SIqkt7mAP41DkXbjBnaLs2_pBPr9ZZnnSlLOJv0S7OH9b3ObHR3jSZwwL9L_kNHiECI9ymYofaXIptk3nuaxLSkx2pDTaIs2g3wWzoRzKiSuUmbKobXhZr7a5hxJGseuEy_HY6MT0xVdy4SWDOhXUJ_NeUXLg3Dz5mGANr9OH3xa80gQiDZjrZvqFLh_iwzr4IgQktRVJgR4cVmjaF8aVWRAyi3BqUBoJnZLP-GcVhHzkduBxI18wxJWq2RszvdoiTyNJ3yjgBn7CO83buANNUHkj4Pq0b9yQhZxGZY6kqRAZZIbrruzgGhaMwD7jXMe1Q3AphyvC4wtD6UVHSOZXLj__hoOp1P1LgFw-LRjf8C0neqMkFZsma1rFP_K58mVxaD6eLRxrtz0v4IwU7ql3ImycafrkRfLbmVNA0pJslLxUJtcHFtAtMsCauCNOqFaE2svo1LXware_PW_yMJ8AqkRRFlxbaTpaT1AZ4s6a4ENggl-_506lwRd5LH8XRSn9XATPHsY3gcuBhZQAZZ1FfvpuK9dSuE691QqEYfMDhjThv_mqi2SCHesedcY1oSDpiDwvdvZTwo9lQsiYW8inlTEMj510HjJdV110u9mgcXlkla9QctuIxPIGqkJkGWW2pP2kJ9jH37XmmE2srazsMvhaFsZUAGid8iVNT53TlNPFpZHgE8BPgVCO8sP-lcHQ5_od00qdl1mdYEJ5g174AXjLJ0cA2OooEFwZBsNQ5zkGNAUpyz1Svq1aOSKUdFi94I02dQ6uKwi4_3bFDtD78RzmAlv3eIFfsbdmIWVA2FIA0mxlWNGJO_C_yc_v6Jcw2lEfpOCnE8EDZj3lTPUuYt80g6G_njnO4rSrdPRO1otI5icQXjabZSLa0e3rtjJ4nCQzKop1fvAaW1gslvnxN53XYT2txtRXDyya8AWljCrmgV8fH1rhhjAdz7JbzhkQL07Wc_WUaLPuOjNAQYnfS6B--OAZPLd8jezFW92Y_jk40OQmy7_tewPj5pqR62TfNT76_2x641ehtNYfdTYoXoHTAUPaveHYLzy6WmYAaokKTzwJD0eTXCDPqyVA78OFO5orU7Di-LQ8EE41W22VeaRwjiHUf_g6ZQIIjAPBMrlBX_JiFY9t4S4tvjGxkJnHuUleXH3G4jp3WLZyQ2J2oFHJGnO3Fu0VoFCwdtKBTIQ7AwLpT520-_bmsGULNLRDCqIpjeSEHFinr_n_nus7bVA27FY1Bv4Yf1tMZNgEufDDMZ-dRz-0dVY4-gqI6WgdcYH6EGhUlwkSo55wPWtE38LfOzKXFnHdNx4dS3CTGI8raJUmoiMoLk9pjcy3A=,1,1,JFK
Budapest,New York,303525,2027-03-20T08:25:00.000Z,2027-03-20T16:39:00.000Z,2027-03-27T16:25:00.000Z,2027-03-28T07:20:00.000Z,7,https://www.kiwi.com/deep?affilid=mihalymisroriflights&currency=HUF&flightsId=0b7707f051a10000042f606d_0%7C07f020a151a100006dc6e0ac_0%7C20a10b7751a80000bc8840d2_0%7C20a10b7751a80000bc8840d2_1&from=BUD&lang=en&passengers=1&to=JFK&booking_token=HEU2MwBghvnKrD8RMJQDeDdkJWavfExBWQc61FS2iItHDF2Knzx7DDGmAPAZ_zPfGZA_jWt7WETnJsSz_TvPHFze9GDYhyWxY8HxxAHEE6f5tOhalt3JlrTv0sZ4Dz9X_lmrLRpWDHPycfY9qbaFhO1Cs1FiWuK8b6mG0LZ1GctUI9i-YR6qt_xG6_mGksWPxGIKrbcwgsXKLvQXDSG-bep-Ljanjn8MX_9TEWevwJCbdtRwX2Lk4dhnkPB8_SnQf8Y20rfOHld6MNEEUMg55Awi4w3VoRhhXeQe4WZq6PdzkOB23tQLBGPVHWFmYRd1u-yfv-RWG0gplR3OvwwcvrcqHTrqB05jIFU-Ss3noO8hT_FPp2y4FDe9T08c2kfgMWgI2IggxvRTSzWVbU5CWHiq-JwwHxC0gaZ6xqVJkQLN_LUqqW58Yi3iTmQaw3IMf5aCXQ_qi0rcczLmIFlnnOHZJTc9xE8DBMsBS1BXqusyvD0xb2GEQgxRC2XdmA-7ZagQxzCD7FdSRJ2JUJFb-fKgb7ZoaZbh0vTwWA7t92HxHGhZpzENlhFjEPA6Aq3VEyZJnz2gAn-P6rtP2ftQjZw5YHvOApWnprsMOiVODv47rDw_uTDlWYU82mo76irpWj__ZEEBzzi4_Ko3kxWvUQorVJNfT6qqdVBjjRF5zQ99Pc8K9PQL0-gyuh5L-MN_7LIXxAinY6BsKL59CK50D0kDzBSDDTbWwT7U654iJHZ6JeoxPD7dmKnYM5K4EECLswOYwpUds8soyFj7BlWfBHeEh7UN-hqKWX4t4ntFdLmY-jB2ix_0jVAWjz5Fzj5ETcx7ZVQQiDZIydBleM7fdkqjPVr7ihQccmcNLTuje2axnRHm1cXOZcYMq5hP8TWlDDzsbQGmU2QY_JVeLFDSk00_neb1HzY0uRjVNuNvYTa6xXZO5g5S94G69PRn--2Sct9jTyz3zKcPxQ3xVho-H9c9OEwufOCtl7diXkg9cnUhyRBXjk6CkYw_0Lmeb9Q7ExPr2qTvG6GQvUt48Nk5UlEAV8X-z3di-mTOUVCqu-oSsk1x2L_uYp2s4YOv0mpQ_deZTpNe73g0yEyfmVoell0hzyzekrrdpPPfs0mXYEf94hf9FqGGzmOmBRJYh4rDDGf4hi7CvHcAheCqzXsvVFxDbLeXHwa6XaAol2uJMvBR4elSVIO26aL6dmsZg_fsVYg8X5H3331v7V1332dQsRygi-ZcZ1h19HFDAiYRDIxD4GtDJlq1vt92eqyipztWFWiheSRKRrjqUHLz6X0U2dgn7myls5DKVET_TypMrMX03sXUlGwZnuEMuiX1v5JU0owbnTM6NrKOjwiDfGvZQPmRwSpXjUkPh98_2nW1nIgg=,1,1,JFK
Budapest,New York,304297,2027-03-20T08:25:00.000Z,2027-03-20T16:39:00.000Z,2027-03-21T18:30:00.000Z,2027-03-22T08:00:00.000Z,1,https://www.kiwi.com/deep?affilid=mihalymisroriflights&currency=HUF&flightsId=0b7707f051a10000042f606d_0%7C07f020a151a100006dc6e0ac_0%7C20a10b7751a20000b9364cf7_0%7C20a10b7751a20000b9364cf7_1&from=BUD&lang=en&passengers=1&to=JFK&booking_token=HGcR1NkAxlhgJo26MxY2CnuYBCM_ffIKaYJHxcUW_7WhSqQ9P-G-hpkCHpTwq6FuBhO5iSM8SAa3WBLpfeKt6ueSqDMt_LHTI_fzgYmfnX6C21yBXqtCWH1_Or8r3QTMINhBCKKe0kIiwqDrmyzj6_jp1cerfm2auNIKRBPU0Pp8GPt_r57AcfpfNgxsBzT5HKyU8IS0AGm16SzKAuTS9qayw8ZEBtIvWMUK7QAToUFl_w_G5i_8P1zDaVgZRmnayp2xVCHEmYwVJC_hoMN0bFCJR8nlQ8iGe9u6f1m0VZbSbImFHUGj3mfnR2Gyi8Dfi558S2dbxuNVuNekAjxxn5aLCbLxhJIaUFY3sjIHNBDBS8X9DpujGD5Bw008oPKH_huOUJIUlji0VcvZFcS3rZcGuObmKnyl1QjmLUSoGecKXlTEHjH9i280X9RDDxpn3PS0AmwDu8kesOK9C26e6nTS26YGhi8feAyAv1i6-abTs5GAMvHWCVvI0iyqj3SQy1oArVTw8WtwtWT88gz0lOjJJMaqSk35Cg_vboGHXZpgXXJAjw1pEcvEAZcJDvzeAYS-nckW47R3lA2aBegamzQwTNPG6aqlgvintOWTkvw2gDfoVxw1eSlsDPSOj-TO9Diangn8w_rtzsxaEnoR1bxL5yonI2ZKIo-YQreyb21KeJDjtimImbmc71dgHLAOTUzuA98yn5Ez-kJ2p4UQ6W88NYt4TRGBmQ7aY0uuAS2MghecRfrqEautrgBlubRewaPLrCiw_z4KiFbB_YSNXfocKjc9NVA5eR5enODW0A9lkJFL_jVP__3Ro5mAv2FP0HNnwvgHk3FtuWnKvCC3cO7Qg248o6Kr0mJkzso2KyFGnbXj1REgCitIf63tYagXrxJ_YWtYexXBqa95ryiLQfZluI6lr4cbnOFvRH0gUBe1kzkyy0RMZxZGCVEIRofuB3uNa90AXFMHun0iSktmKa9KUjDbcmYXn78xWgf9u9q92XrYkqK64Hkfus08DQyAzd-m6dNzug2Z16_4t75lB02D0YYWpv7VYOulKpoTbOlExE4L2kmDJLpTbi-sQLZg_bo-YJeXKfyTd_n_PtDt6fVS3YcSJ3RGgG5VrongKjrTQZ0r-fp0HtAf29_IoqclgysboTaV7Nb9bUO0gwajzGieYnRSX-Kl8E4QuUjYIj1FbyuvnCRi9HVw4yBJNbfqMMzyX5Fr8ilEevGG21_Vz0_X9oYJGl5cTSXE1kMWL7AaYP_Iy4QIs0UFtmp8wxdBQw-16o4eVeRr1pG5yLeXEnU5nSwnGonL4T_e_6iDaL0GI4CH9NDcWXQ5-Eaq37i6hS1IOS_gXuerYPfBE9jK1Zj6YOfwXUYK1msprUVzXCS0lLjiNELCuiKN66OEB8Dbm,1,1,JFK
Budapest,New York,304297,2027-03-20T08:25:00.000Z,2027-03-20T16:39:00.000Z,2027-03-24T18:30:00.000Z,2027-03-25T08:00:00.000Z,4,https://www.kiwi.com/deep?affilid=mihalymisroriflights&currency=HUF&flightsId=0b7707f051a10000042f606d_0%7C07f020a151a100006dc6e0ac_0%7C20a10b7751a50000e5a6b211_0%7C20a10b7751a50000e5a6b211_1&from=BUD&lang=en&passengers=1&to=JFK&booking_token=Hxm146r0QXL7ig6-Orj2o0EfzkLH7jpNGx_EoZSPqQi33Fct-vPKN9yl1-C1v5wZwH9kaWqsGuSHsu8yQKd_buUYHl-aAib-om9GmUVHhugLl42RTYXDFJyY70Etv1mZrUSMhOpoy8rqmg2BuJ9RwSI2JqcSwUlepX8tv6FgaG3wSRm_9Dx9-nm86utnB97n-rsdugHw_3r90HehdWcd1RHeRYX-xFUnnDNA_NMf2nSZdb90wQ7BaqqiicoypEcGCT2fpOXAZPaxj56AzbriwdVFufJ3hRtzLV-DsmKDdE3BgvlrSv1ApfRLwzwWnuq_8rmcE-WEboqjH6jjNm1PLmTQCvNA5kmOzIF6QKCSFIFhCPB_tiHC_2fY53tguy5vLUGI7eojj3Wjp8muBvqvxqRMFBdP_WHtNIw4fGvopwD3zTAH2QOE8AaY0VBIb7qf00ePRnZG1STRghE72PUhxd0g-gtHEcXr_BZOQxSQIjrHuh7Z09K5zpw8qX6jhzT9OPNz3acgvKMU016RfwwqcIHfJdkIbGTswbcAMzO1dUI5_KMtArt-pJ1IyBGOxvvce-H7o47p4-Z3KqSg6TkRJg4hYfFG35rwBNJaExJHV2-8pfo8-gEqUfC0LNpHddlx28Ke7O7I-WJLZYcmQCwNWeR4BwN9XFyMKtugD2tKinng0x181lps7t1DMvZjsiyAFHll_1sT2mFiYzUeuZgD8LlrrnWIZ3_Ta1KCtynRqttKGXFz8JXLKsKH9vF58krw8Sg1X3BCU_hQnt_gpgx0rAi5I8N1_NjRCb30MwMTkDeu4p4uSFU6TQArWbNlKEqGaV1JyGCu7EwilleWhR48_rOjJCdqNe0YxOSoiSic9CDw9PY7akggLnvd4Km0rCsbrK0jQ5_UJMmhz6O2LLCEKJzYmdQnLN_qzW-YSXuij-aSu-a86wenaxjyIuz1rl-gJBAcmFFPVY5YS99r6SxMp5iFB6Cv6ciydg2s0ZUiSdJ3k6sJF8s9HITQBrHHIO35DB5i7Tsl-prG8j0Trz7s2KEaSlpagXncruwg66qX9l2kJKHbUmxAY7NoT0DNIkWESGmn8nX3fTsVxggIZ1sJNwsYvlV7gOc3KYqp5cu2d0HIwLH2YRgfFzQ5bOxSFSwPSp6TuDrFJyTlTmXkZIXejV9_H38uJ_-uWtiF_OyZrzzyzzNia7leOdv4lKlXzO26afcxMWT2_PcUAQZkCb8jFE0Tkh1geEQumQzSu0I5fVnsdHiIOlMHA60zg-mEcJMs0xRavoIm5EfBtrkW-BhNS6LxMsClTr6Sz1mAS6hABRrgORmjl1cX7lLrcdt33hMqrvsWbgFMnxgTgTjwbdua6labsNnTivrSCzTcZX-p7GvNm073lOeW3ruZiqsuxFO8N,1,1,JFK
Budapest,New York,304297,2027-03-20T08:25:00.000Z,2027-03-20T16:39:00.000Z,2027-03-22T18:30:00.000Z,2027-03-23T08:00:00.000Z,2,https://www.kiwi.com/deep?affilid=mihalymisroriflights&currency=HUF&flightsId=0b7707f051a10000042f606d_0%7C07f020a151a100006dc6e0ac_0%7C20a10b7751a300005cd2b5a2_0%7C20a10b7751a300005cd2b5a2_1&from=BUD&lang=en&passengers=1&to=JFK&booking_token=Hco_fHojr8mp0EKiJ9Igo64haPbk5ikWHxd3vprpXQu2HNTbK-GbENPllY-2DXsGc33ikdjhwawrLvt0fkWA3qkf3MxgRc-YZaQSyE-mlYvfr63kwIK_rJ0-2QHwdVzUmCAEWd7tP_UOBjvCiuY-VYZhuCOm9JDHgqEw3g1CYNIBqDw7UnL98GbfsZK8EpAEzMz6NrHKE8vDOFYwj572dta9PcH06Jqq7RvBSuEkPvJxiZQ77RTfBxF3-YpXwU8EXOoye17GQbKYL_5jVIYKfqqG-ItAh-sTQalLV1m7y7JJT5anU3EJQLYgXO3-fQd1sO0c29NcBUz5HMxJzoBL7WKULhDBi7v-kL6w3O6hW_C8x_m5et29WjUbCJ8FSGQ3OEoTiJObOJ0kd-580-2Bov0V1uFyKgKkyFrZT1hMFtkvxctjtG5iVaDXncPMPZWV6ystrJXNaxYEyaKttKfuJJGQM7z6h3VYTtJ8SKSBmoARpVxEAgUcrYBI46FcWftmEdDHfYBVAqkVEjeDULauMHRWPqusH2eIHUmKmLxBLLApFq2nuQ-spnXzh9rluuv1iU_IUncczAurAStOHBcinwxw2_SJZWPPNWrUNZyDe9H_s1pi1DXpFt3c4U0Qv06bo4Qs3gF1_vHUYjdLBqvIZyUfL_xCogjLQ-4LXgydKvFYpGEWU4tZRM_oO0ms-1yZIwnbeJMx1ZYYFW00GRiB4KE86EiW0pu1ZqdCKFJmGrEC28-kKc7INvVKqYPKRmRz23Vr02as7ueT6uGJEbUJrI9O6TEYdAa5fIRHPO3X0ij7y1xS40ZR8EpoWzjg8k6sdFL-v-nMwxCrBzrTHToD15cW8klr1BGVhPRbN6GkB1D_L_TDTfzmUy6w7rayOVJI_SwwX5nXLF0gne5m0B28Aj-spMzGb_lEv4qSteYBgkYFNVeFi7O0PTGyYJFdT46n0RS5TsZPj3qlW7K4IEbjvFhdvbJo4JjCyheXCRkvScTzq02QG9bP34G92beozEEk52HPSqDFj2Ye-RaK2T6C64A0WhrS7O2ZuLKMJZtvzZFG9FF_j9anO59VBdrNf6yenZZGcfwnKTEPVBwrFqHGdMUwqAGyQlSeBsRyzQL1fJAfGrgbZ8rwUszKgzdTrst0pOXtY1ZtNZFOakV8U1kA1eEq9HPDXG9I_lbUVCTMCfx8ZLPfc5IcJE_QS3IOJobryWrwuB9dJ6SOs1PErpVFY-jmnqYd-zNrwL095opUWXYmr6FxplI3VBmvXIWM_iQzj6kEjTeljYqS_Fv-aWv7ii5zJHndc1ZnI79BnhIwZlMp91IfTcn4Hux-kq-eezTK8DusoWVkjKbDBayRu1YeK2rklA2plWkYk46LGQYA_UF-1SOYJMqhhhBsJc2Yf0aCi,1,1,JFK
Budapest,New York,304571,2027-03-20T08:25:00.000Z,2027-03-20T16:39:00.000Z,2027-03-23T18:30:00.000Z,2027-03-24T08:00:00.000Z,3,https://www.kiwi.com/deep?affilid=mihalymisroriflights&currency=HUF&flightsId=0b7707f051a10000042f606d_0%7C07f020a151a100006dc6e0ac_0%7C20a10b7751a4000024680160_0%7C20a10b7751a4000024680160_1&from=BUD&lang=en&passengers=1&to=JFK&booking_token=HoVhE0MamIMZP9IvJoKjwT0w5hxIUxtDElf2TQcRPqJREYzQuFBBK5r-z1N-3gWXPCyJqX1OGp3eYKIaCyZ7eoOjLJxbb_Ft02k7jv0hla4_bh6d0Qs_eIwE5mA5suBgAnnRfJ1xMFpybnW9SpbTjlf5KriBUsm_GPPy9jg-3vFLZtamixEU9NrvbYBdOmRmC74rKHXUag3xOnwHEwGwsA90S1rh19AD5Ii8w5WC4EZ_lw4gHIJkKe4pFUxWEKpCZs5y214SvQ2ulNORHNpnMkMFaPks4yWS0nYplmVAxYPEYpMQ7Ssvl1zbBQwEV10pT-Q3AslTXR7Uw5ZPj3zI7s-YAEOLwI7aBwt2u6I-1W2zyVlZ-nc2X7knn6l1UvWo6fRGtJsUOgp37rqcV2frdSaaUHeHVeA454arSl1P5Sh48nxkNthj1abOdVBdgHVgWetn-oU8Wju7p270cwXJhnYli-tHyanF9U38Dalqed7eF_VdEvFnxIh4fECbj9cKx6XGy_imKVDPoxmmpKRtW0so_Clq3kYjNlh14IB0hRANmrI1OIKw1F-jnsPKWSFxZ3NN4wR-pPmzFJIC5mEmORoL4XIKTahccgJ8X2SJbd6R94BO6_oOw9bcuvO-PjktCn16wnC_68u8-gg6OrpnTBeS3lWl3uH_iM8Fp5fHQXSNkMhudOMPdJ_x9qMyJsrbS1qEeEYM0hglcneNLPsIXw1jzj38KzAIkelhZOvrOc1-6DbNyDw6Ak2cMWWOVgkfP20hnte0Gi_W_bzFY74ll6S8IlhSh72QXGuz1V0J0tVrPBMxom9JUYTPyldCwtahcT_Oi4tDuDoWtqhv8_t-JlTc38BKjKNTpzQPjqiCMsbInQSH7BMaV-y4eTeHZK7_a4g2RCpLWz85xXubZFPfub5834tKlqYbAQdw3jbY2wbt1VY3yCyFSd8Lfbp-mDVWQRZAEFKnpu1HMrwIq1NWVI_ZXJmwWjK4MUBLZjtKYM_4Gl7KzdBRPAMGPMJd4-3drPmvSEgNWLskbwVpr5HA0LaOzTzeyDSF6Z_EHT9mhBytgzWZ7iOjeST1Z3bd7S9eBwE-VKacOlwxPNCeVGvIyIsUDBySoLYOIllG9nWAZVG1kZURppl6lsDS7XrzBB9WERUe0AWroSBLY1ADZJ3Olewr9vGp2iJAvIwuCW61tqdONuI_t9sUS_pHisIqLqY0ZhGt97J2ryOr-MJ0J0rxSCbn96qsGvHCM0BPgm4TebVhbV5Pz20sOS7uoYDSK22i7Mx1uuVfgJvys28wwEWVYfjWM1ewMML4j6MWYR0nfLPY6POWPdyuTmdJ-QwTpurxVlq-4lFh_3zidj5-MevHiME6JBa-9YRZQZscZ_YfD58HhO3jT-JxJn-GoD-VOeZQq,1,1,JFK
Budapest,New York,304987,2027-03-14T08:25:00.000Z,2027-03-14T16:19:00.000Z,2027-03-15T18:30:00.000Z,2027-03-16T08:00:00.000Z,1,https://www.kiwi.com/deep?affilid=mihalymisroriflights&currency=HUF&flightsId=0b7707f0519b0000ff1ec3f8_0%7C07f020a1519b0000b63ac262_0%7C20a10b77519c0000deffc526_0%7C20a10b77519c0000deffc526_1&from=BUD&lang=en&passengers=1&to=JFK&booking_token=HG5qOVRjxEnfpcj9jyLOU9RkWwcCKUMHvHlQFhh4j-hvsmXX7urU3sSvvBF1j6USJAFVly6ZmryFvEr1UhRCVItXnGYCA5QJrQLNgeZnfVbmm58i6utVxM-4vpc4BFCVGu8QBzq7JeIuFARtS3CAUGx37zNCg2JG6dpOq6tC2juPtMA8VAnCRBjdY4Ha7v4Ij7ZvexAZg1geJ3-SD5kaGlRLgxAztO7egtfFDdi4QdTmzSNCXSheB6VkNsTz_ECV1QQflsksJ9rq-mHp-Q3WMt0ieorEWCQW0k4_B3c6xVHNE4c8HpCbnPkKqkI5Y9RQfdOS1oWYFKewF9kfZB-kiNtDe9psf5_yrdMCub_oxDhrqtwpsuvhGg6ov07a5MX7rKQkPfOWLWVAzLrbypY5LZxCXj5QtPNsCsiLvs40XMa8SZlmDE6w5m38oxv3g-5aZZGvTMxW7QSL-RrLLmp0iPWz342GtYXisMF7FqSzDypEeJMVUkK-oClgCuP2d3AeCfVe9tm32HuUGRtJTS3YSi2pzybPKLTtUro-lK8GNrlsBPFDBzdmsms4-Fxuhuopx5wOmhDB5w9hGJByo6O1KmAj3dulfEnqM3EDHMwecREX8oZm1ELxcjcDwMrrxziEArq1liZBXgCAteMRAJ0tbeT8-6JckJgAkZoFClWloAE-KfWLoAJmFiy0oouKC_kUGpyx16rWXq-lsoSLqaNBhIfkLdYk1p-Zrfc1WKQ0KBYMvj4d0ocsbNPfjqcrrxRsUDxcfbW39VXQpIQ5UI1-UB6tNK1rmJ3EgRNDHgQMf-rc2qNIlFh3MEjmpXa2ai3kkU4J37ol_ePxUEJZ8zug6_h1iR6CkTvtZKsqWElKTYYnYW9rEnkg_DuRBp8pseq1sl5lbu6Nj4sCr09KtEk967cYuawsCOE-Lzef21WMW07ZUahVs4yPw31YbSVoUrlUkNpq495HSheyHaCgBhFEbA_sl_vGeGwK9j7wF0Ndq4Ummc0nkOZYKsAgWuS5bpz-yYUFcyuyqv3-g03d7cv4LTlvgiqzKLYsjjerAoA9BeiXPErFrG6_TbdmTtbXTKVZQcaFladLb3anH1II6L6PMkKsyO3ppe5QXJj52oewU3eqPDO7L4NQ2aL28M5Y7VZ3TX2fH6QpboJNi4c1BQG6dA8IhuoCiY5DrbrpRgvdU89ZtVhoj7nEwIkLOn5aKjHtfFUNgZmcBHySGBNCD7KukHwl76ttciXbVWUiDSuF1XFFpKneaxhYyjtQ-Af4kqCZqWrHvggte5ThNpN-DYDHB17ckRm5y7ZjFHuks6i4yFP6p4QEO6o9H9wnKFgDsecWgriWoqUAB4pMMCPCQp_rQgKtRP_HOPYzPVEOh03LNnLK_ifvetabuFkwoVv20N4tWFrY6Q8YwDGhlZ4Gt-OiEMIT7iQ6dLnIDSdHSd3BUQ9D4GSbT4SH3KVShp63PKjDqZy35yh1Xb-lgf0rNTBeZU-oMXrCPcxWGt8-d-ljQvQM=,1,1,JFK
Budapest,New York,305123,2027-03-14T08:25:00.000Z,2027-03-14T16:19:00.000Z,2027-03-17T18:30:00.000Z,2027-03-18T08:00:00.000Z,3,https://www.kiwi.com/deep?affilid=mihalymisroriflights&currency=HUF&flightsId=0b7707f0519b0000ff1ec3f8_0%7C07f020a1519b0000b63ac262_0%7C20a10b77519e00009d4266e3_0%7C20a10b77519e00009d4266e3_1&from=BUD&lang=en&passengers=1&to=JFK&booking_token=HHNmUovuGNFJUTUKUGRbf8aiDtYctsfxa9w2Yk84aigMfPU9Fx5QlP6psdaaIfa9QBxlfV6cxwmmAvd8YzBf7KUMt1gx5ih3TASS4DRMo2JT8C1Ii3rxpkAvuwmD_jL7eQpTEr9-zqMTao4nGp0UK9ZTFAZGu8q-0O_ulVjygD9kOqKOGg6m3nZQ0TYEvx12OGiZZ19NmrFYtrSVWuJ3tAWqSttQKz6yoYGm6lmyQ_j3qW1P48sFLuWo4qENPvK17ceq4UGuW45gYfRBThsa0pt6Jo7OT4yJYtkX5T_Y15bDNw_5DYjO6Ui0dXOxESjm1MbezWFtHcVBy7KpeBxCvyy_gZJIv5hc8UcxjmUia7_cW1nk3nY0J_LJcpjatWQYb42dlSY9LZVc0MmVDTTllVbPscLy_7YOPTU5_nx6ymQj26ZCfmxblPoTy5ZrLEdpfhc4DPYETpthWdvibHxLU0tXyYcEat0NSNP5AApe0TUS52ZfVkza6k2F6Z06a-KOceshaWKvkBPVIXSui20ouCwIqjiub9PHCkwOOci6giTHGxGXgcNStLgYX1IQnR3_ERVPcAA10Y-W53Yj6OnRchdh4Gd345YU0RW1Soj07d1bINwnmBFAtERNzNwTGE21jyBNXJMsCj0XaQyB83d2qqKTQcJwfKnEzBzJPlswInA24RU2YvUuB-62HCas0BHi0NFf72TRFealJB1XTp1bBccrHAqiliZ4xkeaeNoj8-f3mF0mPGZixnyJvOT5gI2DSGKmSjj68c6k2Ki3CDge38zgdLd0u3kUHQKRUgFKDVsGlenw5rmND1Zia54psx1bZ5m0iYitEJVHEJuW_WJUEBqbMWcWgZxhlRXxKooYoNkbO-_Oukh_asLN4YbLjNrE_MrmzsmvL14SKNkBYVyDNEVCSoGqeEEgSG7Fta9yZHGHZt5EoYhmNkEPcuHv3JV5JgdrcIYmqxv3CKhAodvCeRsQHgzFNfD1M8jH_D_rJ0NJ0TBS8JumBurklFnRu9bJbWVld88W_sCaSfv5eB8FnuX-_bp_vZxzILLoUdLvDSs0MxFSVRE11HxYXP3k33-7hjdtjG6zfquhk6AAOl3-9vyLz4Pg4u3Dk2m54bV3P-PdoV2zGQkH951PUrxJGSGSz6yCBBP6Hkd9y7CxX_W6rmXAlvIYlqWoZe7LVYmDfmVs9a2UnYrSf3zAYpekSezvly8KFkliuspVWFPaoUEjv3Dt64uRbNaL-6JeEIf8zB8igY6yhmoAF4d6ImbRGmnB_PaSec0Vz6zqHEX0P6ypafjWSK_ULnU0PROCmYe_wjx09nt3XPcGVFDWtd0S88ftnnGjwb9st6IKeF9fc9P0t6FuXGr9EbM-eEMjRu9Nrt7X_XFLOEwH-5MLcwFIBHCZe,1,1,JFK
Budapest,New York,305123,2027-03-14T08:25:00.000Z,2027-03-14T16:19:00.000Z,2027-03-21T18:30:00.000Z,2027-03-22T08:00:00.000Z,7,https://www.kiwi.com/deep?affilid=mihalymisroriflights&currency=HUF&flightsId=0b7707f0519b0000ff1ec3f8_0%7C07f020a1519b0000b63ac262_0%7C20a10b7751a20000b9364cf7_0%7C20a10b7751a20000b9364cf7_1&from=BUD&lang=en&passengers=1&to=JFK&booking_token=H_HoOi9CB4J6FVS-xAVJLbzYskytmR8gU8EcwCFnhI9CD0oAMMAcjscOmxptC12-rf_htjiKUny_RNEPCgj28qpZ178QbnXza0JU0Cy5hWTWE4KBWGMi7lV0lkrd5R-T5ByS-rYaAfJzTlRjESMRacZ4f1FMNhz6oOAjWX6d-zLrPAaVsx2ELrJnySbq0okNwIVUbu-Jmtp6GHKUtA3OCDQHr7nQ3qB5wlSSYoY0DRC6Wwm_vC3GP6MuAZFmk2jf_qNN9DbD3MoWEt11O8E5SWSSSJQiXecjZACIQa5M6ZwAhZqCOxzNtHzr8dKs-KUWlxq2aNVOC_qF1fyD9ZRtQr_ChKw7Y6OW9cHlUk6RSpNHzpttfFaPVPMv23cfyHUfsA5v7ET4oPi8m5bOLOu2HEJCxOdb0lKowNAPEb0LTkD04I_z2xtTVL10KwMn393Tpzl5ZwpM_0lzgyTOdinLDyrAvA7B_yDwTVFCU4buv70TR8PU8yXghvOM3eg1dJIxWk_ViOTQkpprQab07lNtTkfIQLTYhNY1PHLF2MCDaMtuDXyBONMOK5ki_t35PC8JtR5YJwsRuXELtk26PiqPAEPTt-xce1qc2ZBKZJBeeGfQSytZZ3v-XK8fefzI0a6te6pphB5dr58LpFJEqcOlNdMk07qquTRlcOVIC6j7ZrDeoirtZL6tptCfZXgwXjCKZNuVUrRF1E_AzI-af5F9_22dvKIPmVGWvUMXnd8WfTDDzL8AC4Lm-xP1bd1sQmz7mfupfRD91_jV7z2WVGRjU1aeEB_hPy8V0zpluiViWjgNdwfjs9lBMn3S4FwaWkjHWQue8sbYmrIm4ljRZyQXzvJmxBvl79mRHb9HVedg1nlk24KFJ247g0hA8AaC5h0_N6hp1aWNk2_YFANPgtoUxPU8WWADUMhtNtGmzTbqjC8-RYyg_DP3RNuu2MLom0AtteODNtUdJLDkoooS-IYVGbHfEKj-B5TuWoJYl_STMwEQ47RlFjoy1GmRwWG1EI6qmzLsQIcOA5SlswtApxHM2AiU9UF7_lhSFG_7i1fCDkyRpd50APfYl222j5beYW_i-PxR4EOwuiiD6NBPc0yj1K93Hs1dfiZqUVV1vvEmUa-eGqQ9W2NGxmdQ8x4vr3eXl-WkQdqKHXbkO1cY-jG1qF1_j5py2L80-dVJVcBf8k5w-xmOsiKmamrVdHyWTIewccr7qSZKMsVgedylRsNblvKMhaMkF6XOTTrHOMxIrbaUvvT4suhS5Cn39pfxLLy9G8i2sXUhHE_mK45D9yCgEwKpo0kZvrPc11RniD-nvQxRXklHwL2fIIPMGEYNkakB3KPsEBMHtY4szFo_UQeWp4oXzYbRuurpw4PsP9--DbJri0Z9P5s-c5fOtxwq6EsbFmm7xF1kqBeJifQ-DXGp9UA==,1,1,JFK
Budapest,New York,305123,2027-03-15T08:25:00.000Z,2027-03-15T16:39:00.000Z,2027-03-22T18:30:00.000Z,2027-03-23T08:00:00.000Z,7,https://www.kiwi.com/deep?affilid=mihalymisroriflights&currency=HUF&flightsId=0b7707f0519c0000c3be1e70_0%7C07f020a1519c0000aa579eb1_0%7C20a10b7751a300005cd2b5a2_0%7C20a10b7751a300005cd2b5a2_1&from=BUD&lang=en&passengers=1&to=JFK&booking_token=HdSYoX4hOA3QdwqZ7m7dzNbCsWiXzUh34bufuMlyAmD_i9BLapG7cEAMDMEsGYjBf-b4KO7A1VfirFWgD0GSTUJ0s76urR_4udN7IWYxK-r0S8KN9MHnHvUnyXVC1ftgs3BKY7t7lM1bXAhXatOR5QRa8osi0aBnhiezD9B6_JRXS0gQjGGzWWYK3x7Xsn1BSLxJD3PrOjMG_bXxHwx8o-oo8LqUH8pW0vgVjIRBQG456CFgdxYRRi7tF2fj7_1O5ymNp1ggX4AKoEjIdB4a-qHIQLyDxTencPogPdiQ7HBl8P1UDgb40ehjHFkG1NvFX8ooTV7XHYXwv7d4TpqUjojhg0yi8s4_mPZNnQIAUFUy2eE_tHPyaL4ojSubP9TRabYpzJ9clyWvOOpbBqyP6hVs_rb7qAF_rJi7WyHfUW7pRV6p1C2Lpjtms7eYYckwe2XeIpLofvblyvJfVvdSzLzswttXO6wbhDnuVUFdwEcw_r6hN5ZuMu0U7kpB96yrwIdcSdr9C6gwhZBuD57o0wkMDUl1LblVY2hKoGH1NMirPVEeTvQS4PNnMRwe0dOdGJcFxHSQWn9YmFs7yq1reAOG7Y9aEaZ56eGKW9HCXNW25U1hfIfBjkeJMnj3UXQ5vbRlx2dnCq-ItaSe3e6Fzcjc1R9l5xaRAYvNjQY6kTPcihd44b38LGkultvU5OCYOPBvTz0D5Illzs1IoY9pa7aWKaPapzQAqjlyjiyl7qTueEKv3LS89rjaZF7_STTAl4aqtX5wbj4FiQtFhley4-Lq5KPGF2UzXK0l8yXmZ9vDm4Dk_CGD6QPxXIVWX8liFBDLsrSzNHHjLrSrR2ybyCA1YWABbfIATFwgFPCKClzsNG0663Antw4MbWj82Hd7rwYA_uAsPukVF5fPp_d4arrS2RM9ef9Zx85A9n2p3cBDBFKn5woyEnnwAfDqWtAVn2UUYtx1ib_LunXEKrM2whwN0uLQ9fbRO1lPrte_5_oEzvp6N_4y7gty90a2BC7bMTMcFVTu98iQBvZ3d6bTCunSCeTFsPNIy76MWqBbNP-GcNot1FAgZ51JUWyiSMozWixIlDjX1p3Hu2uMGB9kOllcFPcsgTCcDHtbKN_9Op7GyPHCRQrwyvzec25G0n-ffLNXkQgGBLnzRQZkOXBdrhO0xCsytcMisRiBXiGTu0s204YGkt3TEcr3bxnb_AlmO0_oyahwj-wNlBpPnDK33mANe4EHqSej5bhhrkx_XoENEofjF5zY0dItASeey96Qjh4cwSz5fQBP5YSGF54Wj4KxMqPLJzuuP75UXPdW3kBNC7zUx2_55ChWRONYtpF_m8t5MEp7Fdz3IhDkw635fnEIv-Nl-LytF1VjjHM_rw7DKNfygJnQsj2SkozGYdfhs,1,1,JFK
Budapest,New York,305123,2027-03-15T08:25:00.000Z,2027-03-15T16:39:00.000Z,2027-03-21T18:30:00.000Z,2027-03-22T08:00:00.000Z,6,https://www.kiwi.com/deep?affilid=mihalymisroriflights&currency=HUF&flightsId=0b7707f0519c0000c3be1e70_0%7C07f020a1519c0000aa579eb1_0%7C20a10b7751a20000b9364cf7_0%7C20a10b7751a20000b9364cf7_1&from=BUD&lang=en&passengers=1&to=JFK&booking_token=HlbfGXv7QEuHlAZ4rl85ICGwzsUtghTB55RG8WagNydx1FgOOasepztQUrHtLbxj19TyazKLv7o5L0psOdjnIWjOSIEqRIuClVkHAFg8hjXQx0OZVL1oV1pgqqHgkBCLxSO_D9PKQgy-1G4exd2k1ouqPd2eWOnVRCT6RoxI8eOXSVj09LoD9EiieuN7pOc2qZvvp5nzFiNxhVk1Lh4LN6qRqOdRkqpBCXqCOLwZkj4JAXwvxqlBCTmOGkBbafL3P6zb4XbbokXJuXnkjfXnSCVN99jVqn1X_m1uEZotTC3E6ySmGriraBDsA-F9HBoIxsUxXuBVvexfMGogEv4U8U0Xgb04rIDHDzMI24jdwSQVoc9ImZTuFn_gLJffd2EiclQr4W6kXD5y19_ozMEz8zuOkVeJcyXUdZQXRNMCifB6Z_nnjk06ajadZ7tRIiqNua6WcxlLMhSSVBNMOm1fdOMXu3UO2sCUod_Wk2dNzqvLfH992GsMLT8S4yDsQpzsqpwa9j7c9a5ufzpz1AnWRUnMQ0q8sLKikm8mpctc8D2wVtwiNGFvCyTVsxYrilbck42yt5UqciwS3Egve9LP_C2B0xLI4k8e45sDvPfPJEKokbWHT5MFQXFPWXXhcN8ItiuY90tpMxvuaNoU10N5Q8oJK4hCDCuykR7YkZbxDfesVuubEi-Wj3rSkgQKAqHyDlfU0zRZ42rHZsnyJN2PDwCdtDhZq5zBpLU1wJuKcya4dqLUT3VOFQvj4Qy7Q-b-Fc27GovqQeDY_61GJWaVyppAlUGWb6vE-Oc93BJplKvNeOiNxE-5lrxJJw9r1DDq-6z0jioBbtlcr3P2IWres4ABu3sRkJEIZGlr0jb0bQVFCgU90YfopnH0wWozeMiYRJLkBhFEn6m062yZXMSKa8hYOFUw8HaIPun-_uzeZeNRJnpYpo6JV8p8Ji73Xx-DWAIQibr1U9UIusHqOxFFWg7m0qihQ7T5o6aRrCYPZmRxdGTkkBLQQ7dh2ppWQXDSj33lPDhUdOGl-Nx_fHUK1RZp8AEqbOOATnVtoo3p7UpzqkTzhw6HQOP2xAo-K0VAikJOzEZFI_8gSsJtrmA6n286uplulSOoVd5mrOjBlDQLTJ_jA_Ne17jbq_S_aRha-3XUI9obLjSOy5lJuoa6a3ubh0S__ZA16sCLsoAWsjPHXpXYkZum6aibxoQDqnvFjtPEwU8Ul00Q07GlT1JekWnbp39DiBak8WOjt_JrTOGFlXqes-zfTC0gsJDwjXxu3T9AB0kIqmARQK2HuBT_nSx8Hv6XJQ2rG7DrQ3jdlr8LDgT_z_vDHPTPhRkEmglfgrq2J3PJn53mxuTJYZD3Y7qr6DE1rIyIf7UN1RD96jpxglaTiA_tsvYZu6AMmAXNf,1,1,JFK
Budapest,New York,305123,2027-03-15T08:25:00.000Z,2027-03-15T16:39:00.000Z,2027-03-17T18:30:00.000Z,2027-03-18T08:00:00.000Z,2,https://www.kiwi.com/deep?affilid=mihalymisroriflights&currency=HUF&flightsId=0b7707f0519c0000c3be1e70_0%7C07f020a1519c0000aa579eb1_0%7C20a10b77519e00009d4266e3_0%7C20a10b77519e00009d4266e3_1&from=BUD&lang=en&passengers=1&to=JFK&booking_token=HaTfPTxwiFHvmbjvWx1u61NZyx7JxnRC8w2QinZT4e_L7EOiaYt3FqvZdEeaps-lYPtC1W3yzn8XwSy4OsZJGQMxzIlj8KboXwYtSWAwUswIWNQkwCPlWXs0czuAC3UP77_LtygHFm4-mzwVFCp0HGJKxu_krDabbAa3XqjgyaU1bNLxbNc283yYMjSu0qwOTmYUNAIbzNUDxP8lT3FsG3920LHem9xrnLKS8ObfHrDMMsKxzRBu7S91e1pfv6376jshGsA_YyrlTa9N863Gan8Ti7s0gVBPpVeA8VxFoNV-gY4_I7KuBBwp7MyKwE3tsj-Si7JUMtsTC2o2zwMd5XZ5ubf3EG6jyIEOzsnhucnof_zNRYalOV6N-UZpW7d4NNceOMKnW9g82XSViGxef0QE79fp5Wx8XdeRMz93PCW68UrX0D0gxXscdc6PX1R9kU3z1ubRYgmSOkPJv9N6cDzFu_vrqp90zKQ7BJjfnpPwPQaIGwPa3fO01JMDuY6uzloQWYu-cKZfELySOQruiQClOr7yv-2cCNJD9Riaf1L5VoKUTI7czcJ2hlcb2wYLldODUMTHfEUOxQN7I4eTB_zfJNiCJJJ7iYdqUvW22CJb_aQ9ICj0w8QOjL9QuoELNIE-w9cNlsaPzNJZGktt0hk_9qLIYj6FCAx02Uq63unu8UnfPge6WT30KpUDAi4roZVpcVOi9O3oOoR9NwR5-vJgYPnMn7OJ0-MJWpAaDQRTJQ8shfnf9WhyFOPRFWsAX3xZFtjB3HUA0Xb54zntEEsAn3zSlTz1Uxaf30ovZ4EDZ2NTSfGYnzYBlwL-MBFD1R2KK4lvnTX60ZLaEOsL7noLx4Whr7e8YOcB_uAX_lwvQLkhVOMzbdNzpUjr1kObX09q9vEByiO_6F8gZLZSkDD-5727B_mAfj9JG0v3PACEDOxnldXHA-7lgsuMQxhLIaNQFSPW7Y3uKlgWvVBuRac3JQDbP0bopVsg3ywVTl2tuSkZEwz6vNs97876NZgiGT4Cjy8b5ZpLf3IK9YKrMxzTaU6M62wisVhWkVzSBicpQxNyLdmmnmcDl6s48NuIZFaml0f7jNtDGDqo2-d5qh-YyJb2DrREwcx2qN1LqAcHbNvo6M3to-0Np1_kw_WTIXpwOoha5aBJUSss7eTTud-1rPBK2HwcG-cIAmYBSVogN2h3MS5L7ntVOXef5Oll0qui-f_Gh2wx_WHxnifP5Sblhery10fKgDzpsd7FmSmDlrKdDGdaEsvn7jNOrPNpEWr0oPQsegD8WfYuoTeAJGBhIunamQTvYPSVkVx4LxftLdTdi4wIM4p-GmMz9PyumK2eYafEa1MPdJFQmFUixBSmwr61nsKRN5wpbR-MvhOU=,1,1,JFK
Budapest,New York,305397,2027-03-14T08:25:00.000Z,2027-03-14T16:19:00.000Z,2027-03-16T18:30:00.000Z,2027-03-17T08:00:00.000Z,2,https://www.kiwi.com/deep?affilid=mihalymisroriflights&currency=HUF&flightsId=0b7707f0519b0000ff1ec3f8_0%7C07f020a1519b0000b63ac262_0%7C20a10b77519d00006ac8666d_0%7C20a10b77519d00006ac8666d_1&from=BUD&lang=en&passengers=1&to=JFK&booking_token=HByXBX9Y7-Q5BoVZT-cxDvbeovWrpwbO3dV94umA3FDMa3eWhS_2UpbiXgyACvxWgQDkzznS2wKUPObkFCyd5XyohxjTuCUIRViwfDFN3-LAH_JDviHR7kyK61KWIWH6Rb4LGv9vrdm-mEByfmnnsunynWfn_GuiHvjz-HdAUQBhitz2neWObL1a7yBmv-gcgxIdTg0yWbquXqSTS9L-BprMsjEh5iTWjjLG4KAXGhCT5LQt4EsF93MQ97FGE6VT095lO8tpq-mmcEMxEOBcbR552iT1IN61h6KrMdC07SmOjVhaLQcPNyiqlDIFDjzO0B3_8FYb1oVqZWWLbDX8TJOSgThIQR19cj9c833dguuxTvGkmYaflQ4P_l3hb9nQFTCrRJsHDPWekujiaWChcmqAuotN8KcTq9H16gh9QdimY-xtHGJqGHGcrA1LSt8uEPv9wkUGn_kcs40qkNCZkHGG4pFqiXFpSlholRDWNzxvONU5I4fVAsclv8B2_2gBNIeWuOjiGQbDpVNlPjTAtwHbVPGgioZH-vICpiQklJlQx6iG-LVRJIaRhSzcm8h-ko4Hs-QCDJSM80cu2gJ5oeuAc8NaVFnybO5lc7SUxNQ3ioQefhgo6Bo6n4Djs2HdIIa2HxS0R2t2XvxaGF9_LdXBOLWtwwxVhNGCM70KpccEyQ8HZUWF9NGIoDxvZbjnkJsYC46iU1X11Qsm3rYnWSiawIVcA2bQZi5SqMc4yx2SnGjmei3tmLJW3gSJAhSZkHzda5W138PNUGLKYsG5WKaDmHv-2vZ6sM5d1TJjIPfGroqfDngffWX-vDyl5ucQopPDC30tt_RnBcDswSzQl72JmZk_6rnz3p7C72RcMXQqLvQUr-OiTFKf8e9uxEsvqACf8wxGwMCFlWndSHqA1BrJOBgzd2MOP49gAz043ie1uWNRquDe26_q_fXA9ypVGOnSGqmgn5W6wN9KRxESTw0e1pEBuJe_NnhC-TLzXVQlfhVSqI70ArWJupSuE1BCxIxI3v-3GclWJPqd7DKj8BCOVsgatar11yIiPoGIfPbur25FB4RdEPqAP-kO1umDYJTrm9tocXAMo44SkRh4XT34skhpR78du0DbLSDP7WFOhuursvEler4VRk8LtGobi3M7lbJjnloATroPFUYpFNLPNneTmrpzXEjshhtQtWm93dBmrUQmVhZaoxaDZMGp11-mRsMe6VB2komhDGUysLbIN8QyyG2ViLOkdr7RXanm5ev06YK93hKQTtm84_bKs8mLi07SYi3lIEzoijK8YUVQkpwJcIdu1i7dRTxKvQA_c5SUrCjaPj9qfGBYYHbJuxClyigZ2EOvCI6p-mL1nhvEf1URlBuaLHoY2YugntNAVfXDjNl-CXzaMQiHRZx4H,1,1,JFK
Budapest,New York,305397,2027-03-15T08:25:00.000Z,2027-03-15T16:39:00.000Z,2027-03-16T18:30:00.000Z,2027-03-17T08:00:00.000Z,1,https://www.kiwi.com/deep?affilid=mihalymisroriflights&currency=HUF&flightsId=0b7707f0519c0000c3be1e70_0%7C07f020a1519c0000aa579eb1_0%7C20a10b77519d00006ac8666d_0%7C20a10b77519d00006ac8666d_1&from=BUD&lang=en&passengers=1&to=JFK&booking_token=HH8zegzbpMEowaTMGKucKMsuTuoSV47b7FMSXiNqJvgR7fDQOfRdpcJhocnofw0AfnnJStt5yn_skkbmIZfaKbHp0RLi3_fzUaf0YlGGJV8Qk5ENRIZjhXbP2GAT8tlgM7XA15MRm6Js812V3_Pd9QcUTa6FFUicc98v4F6XSHN0mUzTIOyBvPpyWZLRuI2eV4awzv90nyQ08vSYG3BOkMwQQb8CRyfCeHZa1GQrt0YXQPBCXE2lPUJET6FBr0CEtu3UAjfXu5Ijjgh3c2HLN8AZRqxjCca9vYdjn4tp2Esy0keOqSzMcFghxPBYCpeRR9RV7cEFnRQSdfaYNxWxUm9j68HYEBvq8AkUceCgjTu522A0EKr0obqeno6mQl1F46tca3uWmmS27czUquVuJRV-n10qGdQatJvSp-AHj6Z8gUYvRqfL8hji0_yRN3ilx13KX9vkdIoqzk346kSVV1N7_U3PFrk45xAICPw2lW_DyZ7-kjk5QPNcK1tmY3uCjoSNdi_-9u8BdFqfMR1-S22dVUVQ6ll9fxbJPMz4CDC1Ow9r2tdmHu21q8iKSZat7rAaDfouh-cwp7wG1Nqwn-aJ5HWML5FBYfM23S9V4cvhg-H-RBwBrU8mr-b4NGdJ2iAGRm8RRV-W2RoQ7wuX9bPe8-wfnab0J8pa8PSkc9yrM5VNOj2NfABlg02ZrjAmgEkJO7FZxEila_jIyx3-hjUyHBDsSc7B3wYlZ-KbT1ks37beJHFgAZwAjwhQX9vEdsjLLV0ErxRiAtUTxs0i9rkpC5UI6Q3HV85FaK1t4rO_OazA7t59-uL1KXW1MZDKI13YuHE0KP-F5lI0xVbalGFBo467yAr-v-n2ioTvmMGthNTCbCYv9yLdq7RlTCdo3YaqGTnYz69b2UozRgTYZQAgZT5M4t_FMQTZUDNzqdDup_hlLRDlZ_tOBiQ9CaGiFT1RMffTZ89pi2UjyJLMDVNMeTSuwDKcnwJHieXpLiKoNU46GYx2zMpp9invhBxLM8_59O58_3A3FCWwwpWJyN857cfHdwpYzujt57w0DeYKQhISGVyhKJ2VwFO1_e5EKk0djXpCjh9jXv44YGWLTuwzwgQAMvO7A6BHt0V8UVH76JGlSBRyv_CP6-Eutwiks3PVHLh70LOrHMcFQ3VmT3_e3s_hIm7osEaYdcO5A1utGZjDqnA5Kq5gJkLgJZPQMl6rdQ-zqntV13vbjvPl03TlXZgE3fdpKHgCB8yZETVA61sht73EQIVc8aax_DnrlITqPtdnp0sZpcTdnTtEjyZX5Ru7Ns9LKjCkHRH1oB0Bl00lNx9MVaKMdMR7bPI-qoW75TQf1G1dTaQXnBCPKY9B7YoemXpRB7YNJSSGWB9s=,1,1,JFK
Budapest,New York,305955,2026-10-28T10:00:00.000Z,2026-10-28T16:40:00.000Z,2026-11-03T17:30:00.000Z,2026-11-04T08:00:00.000Z,6,https://www.kiwi.com/deep?affilid=mihalymisroriflights&currency=HUF&flightsId=0b7720a1511251184325b12d_0%7C0b7720a1511251184325b12d_1%7C0b7720a1511251184325b12d_2%7C0b7720a1511251184325b12d_3&from=BUD&lang=en&passengers=1&to=JFK&booking_token=HfV4JocN2EFoffUwPAVCYHsO_MigcjL9teI4MuTJZapcuQ70_mZnje4S-uMaeclKub-D83ufSBRTDvxRPv5f9uhZRAGSo4isQodQLDJuYCscBZiHHqW4H4BDRC1hjOrL6RyTb_DCUX2LN6xSu9Sw6nSJcM0ktB_n8F67KshG7ltuEyW8xe0R7HIj_41908XtRwTaPcbmsIWTZXIsPnR_qZ1hMUT0eelXCXdOTXpHwm1ME8ZpL0TzS4bjVkbVxpsYceW93Mr9R66LhSwVIT8I-bvDUp7yMZ73QwgNyph6_DMmtMfQHymR9z7sO4p4-guEEAZ8KPiGaAXgXIvnSAyuJHKIcscCB4WYdjUK9sB_3xvmADcXSPu7VZiTF8OJ6ERPyGamGW5JndyljPa9NfFKvIDzX3NJljYmRmxFvmpzvsBj4NTXtsGygBSrL6cbTCZLBoMAXkLBfDaUI2kHeV5JPhXd6Gremh9QJiv0kMsXsfUQ4WoQOUwkkZvwhm0yKTBJCVOfU353ssM2JUU9Dz0N9GXOXaXywMHU7K5nOK3x2FwCAmWPMsiVH6Y5zclvsNJHp8KYHCYvKPfvFWX-nn1a2T_0lkP1pFQjoIErFstz9NRw6bXIFtMq_GdhhqA7hGTHCwUkZuPjpBjBIHt0Fo0Co-H8ZwuaB6X3iEiOrv_02w6VPv85pRqmfLhTiAtuM7EaS6nQBRUlXKOgBg7CKlmjkpPMS-ZhA-P2NKHVIJWo9awF53QRcUbje7wJ-zEXmLDyChteenPK-qkfXix5wCLa3yLLC3d3stUzqeNcMEdEY5axS7NVJWIRkmutHr-9NAiEen2HWWf5KPGBhiyWo4HkLQfGgFREAHnC4GdgJWHX-MnEGkUl7nJhMFEOg9vW6fXo8hqMbPdNABQWb7kktw8T3l7Zkq4onHZ0qWroJ2BBrkNEM3MSgp2dyE6lL49ZR0TYCxt3VZBOFukRa9wO7K89x38iO6ovZOF85jYJrMT2nXtxx7Ae7JQwZX6TIcnRSrILZ26JL4r5cWXjdAETQEyhHY9YRLVtzsCLCkIp45AsF32qm19NFeXZhRn0KrNrPGomB4bXmBrgWVsjkRMxJLnAGbUp74XEhcqzO-lgL9QyRvH3XqRCclKA15EdNlYgDBdgyZ_9cYLzgaMUTh-hAdtyReoS7tvOkAZBnm9WyWdq8IcxSs1tm3CqTb76LMzX50VVh,1,1,JFK
Budapest,New York,306484,2026-11-20T08:25:00.000Z,2026-11-20T15:26:00.000Z,2026-11-22T17:00:00.000Z,2026-11-23T05:55:00.000Z,2,https://www.kiwi.com/deep?affilid=mihalymisroriflights&currency=HUF&flightsId=0b7707f051290000a0363e74_0%7C07f020a151290000c9dfbeb5_0%7C20a10b77512b0000f56eaf3c_0%7C20a10b77512b0000f56eaf3c_1&from=BUD&lang=en&passengers=1&to=JFK&booking_token=HGuUDgI9qhdO-o7wh9rsWCGyEdMCWwf0WhZ5FYJucSR5tS53C8bdpn1qseyWOuuVviz78PKx_laJB6P5F_1NccgzaPtaorf1WJCCYab9fPVZYhqKf4tcgWj-mD700cE6j0h_utDmSjtFN8gcHo0F0PW5aBV4gLxnrarAHkxp7GY_Lpj1KfH7FUmit4ADrvuIe8VZMpTEuc9ZbEZOY5EuaDbnBDMivnRtQGNGLjkokfHmm4O7Gqo1WkTiN6jjwNXTVQovle0ZWUC54vKSga7bXvf5fQxrf4KWezxV43Vz27st5YcMB0NBtK6GrQsJZf8gaQFyMkTNpJZeNuEhr7Sr7q3qA3BnHnYDalw9gQ_VUG5bZiEqFe_2CTMvE2nnMeXMdJU4goo_1LZik_zt8YWYdv-pepLcuO0KTeSbapCJV35Xn5iKl0s3ZDn_bYRxDqz0HFr61xbU96NZWMn66ruqv28XPi2PyysQ8Aa1bF-bIQlVt8Z0N2M1Keg3xmJ28BW5S_P6Q8Fxsm3mytAWDXV8SlvRlX08HX8IZ2pJIHY-FbObgONPe63a1R_RTbcwtdJi4hZ2hqZpUw8AGfsGznZZ5yymRd1NkbE8ojyUSvVN0LUwwAmlG2_Y1JHxbpBS2K4jELbmU52T4wv8JkX2wKM5hZbhU9jhxzoDTx1STdVEkM2BCakheLz_MjJXRpZqw3R2n7VtrxZ9mnoWWVmvu8tlTdMEhppbo0H68uKBL3yNoNp5UWgIaTgpido1BUF1KX7iF58b8IsOi9RLDDrQyKRprH5ge8n2tII5xWut1apM2k2NhbHikd66ASLzVQIUGmOSbqufqXiQ2uWrmvTQCTkKGvNHLNJl9gdj7z9KUYceWJVv9j6AznY-mgU9RKWzcgRxMIfbuiJ_2rbz6Y2n9SLgklqtjPgFnBqEI0VRzJxJqV6A2mi_0R96RIuq94gEU5zuj0eF1YxgkUblVDrPlAsfgOHlODbRo0x0MIng_QQw8WUy0aMwTy4R4yUHuvznw4FWxe2ENGJxevmwe1urVn9HnhmanGSOcChe_zCakD7fhDGdVoDtJZgkRXWzNg10GboGZ3hKTCYX5MJuPq0XrjFZ8rFgC38Rmo3hacy2SI_6a9ePPXxsIRqmuKFURjIVjyxvX-ciIVOeKFeu51knH4i25fsNE3OhQfOvqUJy8KAYvBTrOcF_71vF7sv6ZxSunfAdsHfa7Ad2lnL-Hksi9XEEL0GKmzh0Jy-TBss7pOEH38MCYbySSt3ULCPDVqDok58hhmQYHhJelpBCVnGkFzL4QOfW4KQwSbIjT3ELxGqXhbVDLPSQe0VMtHqfNiqy9L4b-hT1iPejv_yRgmj3gpaK1YDEWzLqUHOGnYPGH5XQjNXNYH-o_VB_ynn547GwYplzT,1,1,JFK
Budapest,New York,306484,2026-11-18T08:25:00.000Z,2026-11-18T15:26:00.000Z,2026-11-22T17:00:00.000Z,2026-11-23T05:55:00.000Z,4,https://www.kiwi.com/deep?affilid=mihalymisroriflights&currency=HUF&flightsId=0b7707f0512700009a6a6b29_0%7C07f020a151270000f383ebe8_0%7C20a10b77512b0000f56eaf3c_0%7C20a10b77512b0000f56eaf3c_1&from=BUD&lang=en&passengers=1&to=JFK&booking_token=HdUdatglD62sGZx8hZEF40PyuVBYX4LPezkTVMO0mQjJZRJ2h7n1ph1a0WXsDm3-EUVa_Zswn1U1NA8mdpzaI4hlL9SwJJoaFIhuA0khrMTaW4iUwVBACBkCVMbodno2rX2r9TGLznVx6ZQFpI6it2i1Z1XkFBDFZn8b1U390h-qR21BCFPPrd-IeaczHNo_Kgl5MBhvFJVabiha4vcuvh7XdtcHoedKoHA-6r86iJeaQSpISxKbea0hr2cHuIKZ278KTJIVsAO-kpywHzMeI0jTT0YLqEi13DqZ1vrSs_K1mVAD8MBh2yog2Ggahc5gLSV7ykJTGTD3Y4CPpBsqs8HIkuj5BXuD34u9hJ-YQX3yIg755SXOSFMNYXhu1I_uclEmFdcnShJHitZBtUQprwwswalpLQ8ufmMzPTqZcZs2hJ9iWpHK1SRRy__pDmhlmlzJt--To4eGXaPTKcAdzuHS_b6OmHPdPM2FDOV2ybqIWgS2s5t0HHghSXiDkLja_PAfqs-boa_zbZ4KH3NI-v1DTuj04iquMEJwagqMcSBcPQ1DgF-aolOKtySnmuhRB8u2XR26h-MW-sfL7YWxhc8D7ARKFaaKFKAF_X9pS3CEZJDWDzAxZnsCISGcmCuHsTwdVixpN4gKDwYblhI-qa215znykYNWNJ_ywoWImk6SB165J3PUCH-DUo6HBtvEXGt2uG5SJhyI1WQ6lhrenScgSnhrSWujo2LS0Qm5P1GHv4A8xfWhrZZzJ2PY_OTaeDCoXe8OO3HPMID8BJ3fNHrLBlY-Tc_RdPIMz1Iw6UFAKRunr38wdLsIg6xTjZ1DREUP50x2kDZENiEo7uLrLsBg2DGWRiVhYd7AYllflGxakpJs5rvkZbZ1tEB84s3WwlsHIpPS3cWlhPeg1V_ywebQRWY5Yf2f1s3JVQYkEYH2frl5ZtYzXrLUyZQDuedRFMxlMD5xL8SPD6kIyufTLxTp7z8aAuTymJXFscRhEa66YSVufRURL2h1R21c5clwjS6G1KDUZMDvLNzQY9j7jegIMnNSXK-v10x0hYds_kbsbB9DRGRqYJMCwAHpqsCo8I6CRlmK8q1T1xGkxFSNlG2yue1GmTzJp-o-hvwiMY-w8I2u72hPOe_3G6qvign11NtT_mxxhRrOiTk-A5D32oFJr6y8gaRQeus21GUbA-jLXXu0nd6dPW5C8GgEHdp_inw_vByL94v7Bh3Emm9tCmRDfRyfz7iBfU6llLwmYK4LFJubcvuBAVXlR2_XOP04DlRTr2Ol44zdIOHzvJiAir2gRYre64Tl7GkSY14LzmtUpfv0IW_B8aZWpBU-mvBXKTJL9x4KovI2buSTN6eZrHi3zgvAN9psiJabx7wg1Q7KMin0K5hACTvVE2uFYLR-u,1,1,JFK
Budapest,New York,306840,2026-11-19T08:25:00.000Z,2026-11-19T15:26:00.000Z,2026-11-22T17:00:00.000Z,2026-11-23T05:55:00.000Z,3,https://www.kiwi.com/deep?affilid=mihalymisroriflights&currency=HUF&flightsId=0b7707f0512800008927be8e_0%7C07f020a151280000c003bf14_0%7C20a10b77512b0000f56eaf3c_0%7C20a10b77512b0000f56eaf3c_1&from=BUD&lang=en&passengers=1&to=JFK&booking_token=HsKr0QzX-bgjitqV8uOYFlcm8wbEBqQUmCAKRM6e0nBk4-bbmP3DwLZTB1jy_pLZgDbiz1Bt35XdKb0HDW2THOjVEAccS9g_scOZOtaiTYfGUSaAK3Q_Blp2easTyxNcaRr_7iCZeM_rEdfKx25DaI-wSpH1CsCNz6mCWON_oWF5Y2QnPN-N4Zg9vVMFP1HnX00nXZFhan2cGvoixn5t5p5UVWF1W6u9kZxaOJI_mhB__dN2wfOkYITxcEc-Je0RLWTvlb7jt9b_AsHIN3pQj06-n7md01Jx4yGAwnnS9i_EYbEQ9cPIxnBvhKzihrR-b6ga2iCVVQ8rd0aejFXzfkoIDC_eD1KVu6G_0Pi6UmYS8xYdke-IlsRv6x17aRvLPsqmnYNgt-OxblsVqqc5IgbanU053tbAF_0Ey1Al-v4VNGutwvkorXL21OvHvEWxLizdZvTcqqw7hyyCjoZtajEP62G3EHN7lWpbaC-BINK7eEQUCfnG9QaYerPZCyvHny-4L5zagQXbbYa7grTZE8xhlg0WZeQefJqJOFxvHKttryNrp4O-WCg7O8tV5zGCzI1bdkEs45lgyBJn7SO55-P4ddnPjmYkAq4p1wbeT7DBoFzxS3070AtK0YHvJZFa0auAnUrpZrzWgJ-n8A_Yr9RYRlU8LzLMDMpTDvlMam4yYN1oMLka5gowcLJ-JCVq9a4uMolpREb0sVbimXCzDngTwU5ekP1Q64RW90F6TyE0qulMaT5y4huJJKl23hrRD4rzxTL9fcs2lfJM0T44DN2f1EeUQLLKzrXvlCS5SPss33L07sv0ftxux3s1no3E1DUABfcnIqc3JsL9IXPJ67K3KAt6IouDm1rBQsvfhQLHoepCqQ6A_Vldeuc9kE-v-axjOr7sugW1GaE7YnbNf2on6eTZ8XPLVrXjQCdTZAXY7cCpC3mkdw8HwTd3DN90KVszQy9W1XtwICug_UOjnrNrb5BEAqF-EyD39uTjTanfqVYIUidNxHM3rjVCcyxk0EpoIzI3x2SWJRIbyaa02tFwM7vsoS5N7TQPNjzP8ri-S5DkqdkcPS_PJI23dplUQ7tvDf1I52Yr6Kzgza6fYzBoF1X0TMvPEAt0DBG8-Zoa2UDzk7EKDmgz1rLEHTFAVHeht5RAE7PLPW3M6YVxdtkPJwSx22kgz9xWyZHzJXGzRPI0tfFKUCvOaLjDKsf1ob7PSaHxgtRczUvbG9Tm2TS341KS1pe_fhidzse27OR6JXrYF4oiQTlAQp02xrreNuecx4sMOpMId8PFUWXufdIq4u2YHiES80gMtPSRovg0HS0tVQ_NP4-FcWjwxrzxdOP81Gxxecsmb44pPO07dkNmuymfgPWr4bYQCKgCO_0U=,1,1,JFK
Budapest,New York,307956,2026-10-01T15:15:00.000Z,2026-10-02T17:30:00.000Z,2026-10-05T13:50:00.000Z,2026-10-06T13:30:00.000Z,3,https://www.kiwi.com/deep?affilid=mihalymisroriflights&currency=HUF&flightsId=0b7720a150f70000d48c0ec9_0%7C0b7720a150f70000d48c0ec9_1%7C20a10b7750fb00000fe2ce77_0%7C20a10b7750fb00000fe2ce77_1&from=BUD&lang=en&passengers=1&to=JFK&booking_token=HtxnWYnpDHGsYKYQVXLABV077WVLADUmHPMXab3ivJi12x9Iwf_QMwV2_56C84SjOP381SLmuAgzop4sg4yU9MbSfpY9WGXTVbsdtsVfNubDdtqBBpQP9Rpp0UsKE9M8S3ti0WbscEvuAhPh91Oeyv17-Tu3g-iBbRYag8jLWmV0PgpW_Mf9gAvPKgGOY2s_xagOH-eniU8H9f0Kh9LqA6FUaHQA50e7pmRtQ7-S89hUD8bI9jJCWjqqkFQIUmgJt9MKNeT2uB9T0Pzsi5c8Q-F1cHcKKzeW1w_WpooYXs7whnwaWR8BR3CwiwOOrf9Res56HnHyB4c1M6s8dxpx1NjND2M3JMgPgdsQjFpcCDIcLuFceSGv_fbHVOfnklozlokriyRNGvm5NsDLVLIQ420_vBX7wxmhnM0fs6fIvMqPjIES5XHZrNeODBUL_sCCfbJg_TBoc-WRNNEgOn3RyWgt9urTZu3IvMUUmJdWVteMopnhIiLC7WSUnDZjrKnKymF4FoWHJePrCfDRcIMukDr8UyAcczUIWutsECzjZC1hLorLLzaEhqq-0e4tC2emWcAsFs87BGj1KDxFDVF08SpsT_Gdb3cswsMydVpdIL0GMGeJEnAm7aYdM6kSrIq_Xk8XwAm1ufTbPEqEPXVrYaUStRt-7f-YxROhOe6PYam5WNTf4g6UGPKY-HSVs-qrhycw_-nLhsmx56V8bS5m56sX96FfO1usq_1DrRjTwtJQbZDUhIYe0-paWkFl5D3Iso9HAYp0OjZQ2ZhZ0BGQneBtJZ__-32p6N02MAGy6_mZiCj5S6orcQGoCbS7fs0sS8uTyu7e6oq8GsqRYqHwgoxGm0hMD5cvc36V9OAQJoqRpYQCFV7huKxvVkuGTkCDDFkLkbBr3QHF30PYGG_-OePBc7gCwqyp4ZbQzlfRA2IOPBleAJpdMuWyaC59wuArM8L0sA8y-7FX-hKe9kQMj15q5Vtv-U_KXBFFfm6gLtRKKdu8Apka12vc0bW4z3zUsEeW7C_fkeKJjQ7AphzKwFSzEHDhW60xm5SGtrTvm3bn2Dx1Dlt_U0fteDQ9BIUb44peFN9-OMRxQs_GXTEpNCPXhbBucGTXYTED6M_2yHtEJ5f-kXXRzIV4uOY888NmCPJp7KO_TxsWns05dgn0c2aAwKCnyY616gVUZ44H4hQncciBn_P03r1n0Iu0i1lhVAywZEIyFo4_AYyThpxDT1LHzRMNaSU-sfta_aYrprCR-hRV7e_FBxOozXkKINtKd,1,1,JFK
Budapest,New York,318964,2026-12-24T12:40:00.000Z,2026-12-24T19:05:00.000Z,2026-12-29T21:20:00.000Z,2026-12-30T11:25:00.000Z,5,https://www.kiwi.com/deep?affilid=mihalymisroriflights&currency=HUF&flightsId=0b7720a1514b51500631693e_0%7C0b7720a1514b51500631693e_1%7C0b7720a1514b51500631693e_2%7C0b7720a1514b51500631693e_3&from=BUD&lang=en&passengers=1&to=JFK&booking_token=H5VLVC_wtfwQ8xsgC8z52s76VZ4PGQpyNzzGi7ErXz15eT02KdcaOOdXM10WXXyv0wO8N-9jTPRYElrY5QTdAwnQiPaFf-tdBfR6gxM27iQc1X65OC3viuDFvZ9YBo_ZeE-sZmIPfrj28NUi6nrzZ8t7YX-JeYSa3Z0-p6lEKKTrX7NCU7qjYLBpIMnAD9-EOTcjSxzQpSJSuYAecVpbCusrYeCT4q6r57zoJV-QhwTBUcEeMhgJwi_b6yudxkU-pM3LYt8V4TspPqQ7DGsqs3FKHSKxrUm2lRgcJQqH0JFenvG3q_aWQWhexK4258BrWGMuB6TDbU1bRFLYHhiS7I35O_v73fUNE7rw4PLZ2hXGbC1ycp5_hVGRR55-5R2gqpgSob8YjnZgmzPKKkUKweJe7gzGbbbMMXeTlXkgTbxQoaX49pdvtEzQFV-7DnHTZHU11RpbSOnYRyw3m8TrYhJuLD85eDAX257NJ0Kl_uGnR12fyYgFv07G0YW37_9AnWPr9qawEuHl1OsqvOkuTUUmn65KFykuvMyznSG9sgDbgl8d4lI0IeQ53mmC2kQe2kQJ-G2Dc_8fmtHy8ac3gHvO0UageweMrjTwrssxoTYBBvND8HqXKJbWbpQp7aGcBxhc2h9qHPbf2OfDyfeRVZEbhwyhmzlbvYbhSs0ELglLpOchQOT__NqytNK38xmgG4_Od-FY7fF7TII2ZLIr5Mx1y3qJpD-wajyUR6pCSF5hGrUEMsJnceEhiBcN-fu2YY7lL-PBTZ2jACy7-7wuX29APCTvOMcFpe9XzPUeZv3tNj6_EeSjS-jSV9AQeGltqFVjfAmEt7nuocAz9S6D6u5DUh9ypinL3RXzPbmGiC0XwSOVDNGigmBJsyGetdbb0OzIMHc5ffrGvpYxeQE1rd-UtDXLPVbZwtpzVuKWHKL3pl-yMlipAJSQ-VHHyTZzuRQj9KVk1PBwuC1VfBl3MS_QCbfXLMyqrT4FWAFg5EFyeZLDPngX0QANjMxsteU8pRXGCZiv7vKzMiDuSqlNDrLtjA7H2IH7cv04_QnunKRB_4kV60SRa4oWzckKxv4lg5ptlXVznvl25eKzo85Fn5S5hbMPXpq8ojG0Dro9bUB6q8oOFQ1Bq1iUo_fgdy2C8sPO1_K98EaiCVY8eHhNvwsSWR9J6orZ4AtRauXgwy1TVGkV0k-_D6kUxqsDp_2aZ5CjHb1Vp5oZUMOdN4AZCNQa5osWznKbGWkIJe6FT9_5MmmkI5KAZ2ISFx0PWGCoH,1,1,JFK
Budapest,New York,322329,2026-10-22T15:10:00.000Z,2026-10-22T20:05:00.000Z,2026-10-25T18:30:00.000Z,2026-10-26T08:00:00.000Z,3,https://www.kiwi.com/deep?affilid=mihalymisroriflights&currency=HUF&flightsId=0b7720a1510c510fe4db83d2_0%7C0b7720a1510c510fe4db83d2_1%7C0b7720a1510c510fe4db83d2_2%7C0b7720a1510c510fe4db83d2_3&from=BUD&lang=en&passengers=1&to=JFK&booking_token=Hhqc6LssrnivQEm43er0xiRXdxcbKqLXNyj-nB5ei_6_N8bUspz317XrEIJCiqV7alcpZashbL2E44pnHEr0_A4Tn_uOX2NlIuuDGa0Ql2NwYTHwHgnRV38Y62AEcL5FYnaqKO2dIBzG8cayu3NCJsGfc9VULexkolEKknzK1x5th-6_hslSx3AYZr7UEWz4ITmpuyP5GNhVnyaZZ5t9M5mcfE-FObzzRmJZHObydyfEmQI65dA71P4URDhdrCOTMh8yakUHoMZCo2zpAwBuSo4q3pzPgCBcZTnW19Nsm19a_16iLC9w1KhfEasjvlDwvB4vDwMdT8iBbyI8Ibh9_Kaf9_W1WG2guo3XA3VA9izfTZ_rYFFHSey0R93DJGQOwO3i-3uCHk6NqS8hZ3DleuylWn0x93KntlVPlVlbugf8jWWpeLFdxmwlFQHrJ7klMW8Ev6i5qVjxsvfeASoTKYl2F-z5BoZ2lzoizSd9oWkt21lA96x94dT6AfoDeQkpAhEbP5TwfLj4foudyr9xA8FoDTRMvdZhwDT3R1Np4e-uKb29B7sE7DqKuyItqzr_6kXctjTwMI8tf_Iw_3a_zNVYLZo_lR2Ame2i3U9ZBo5Qw1hXoF9BVZAFhAKZj3aMIyhoY5hzDBy-nXKn8RkuEdm6sL5cdemR71loAValY6M8AhrKSqqtjT6s2xNAY_xg_i4hNuUSDI8-z9wtrlS6rGNYRAXAjjGM37oFlY0EkV2avh9rAPLKR5C8PxjqJZ4Ijq_Q27YK_Fo90TIDoLrou2w9Lgx7myOqtCzf7xAhFSbg_AaBQ5AZdJp1-0zwQnuZIMLdlaLgrPf_0HBU2YOmuSPcWIyLl6zOp1lvNAkItUsHZI6ydKayT3yd94POO7BbclkA_rGIvmhAuEhCaZk5v2E38VyF8_--utpLBonxr3oOp6twzgo5Ye2CcMi_G6MLoh5JYMDG_hVZD1b1nuhDcXERWMsrCJLEBSi1et74ip0dEXI-frobPtb3iKYSrcOSDZasrWfqvu2a0BNWPe6BDGNrkZ-B8SO_4UVoHP6Cr-cJ1Ao55w2AgAD6iLvid5aEeX50gDVLH-_9rn0_-9wGHVe9zSMycafcloATupcsNPZU-wr04OjFkMC9mZcm9OQ1p3codnUcwxYer3pNdMd18AkE8qx0HtzqhNY_PSRsPyuoJtc6wwIX7MPfFGfq0r-2n74Q2Ob_DeKNLVW4nMpgYV6LEo6qRz3DFl9Pb5og2JR2O0oEaVuloc2J1HNEaIO5N3rqDTo3yNQBdMsyR-mSDEw==,1,1,JFK
Budapest,New York,324818,2026-10-01T15:15:00.000Z,2026-10-02T17:30:00.000Z,2026-10-08T19:30:00.000Z,2026-10-09T13:30:00.000Z,6,https://www.kiwi.com/deep?affilid=mihalymisroriflights&currency=HUF&flightsId=0b7720a150f70000d48c0ec9_0%7C0b7720a150f70000d48c0ec9_1%7C20a10b7750fe0000d5c6bd80_0%7C20a10b7750fe0000d5c6bd80_1&from=BUD&lang=en&passengers=1&to=JFK&booking_token=HHmMwsqtuhuA4_aDGAlQIDr7baK1vnBEu2X5lmPoRqmCNBTHkYwafEAm-aWxVWwX-O9zMht9sosZ5RLPTp2HssqiTu_ZosrfF-qXdVHNERZaivjQtNrAecv1748KaJYPJ6FpC6hUgf7wReNRDVzTL3Esf9Q7zl754JPbDOeQa9uumDTNIgSADUSqCenN-d-XMw6qVa0Yh5Uua9Og37lOJb4zFqd5QiBw2zjUQEHfRqZKW8lxvDDPWiEz2V_DTUZrdw3XP2HZzSohFTniaDFVkUP5Een1a2oTOa7EeUv617-ZJ6DhfcMt98wjMAT-9zitjXZJtckYhy5yUHszpM_vpo1Tem04U7WmCiQJXi4TsCSQJJLss61nljqnIZEQ3TXh5ibOW3Wu5ph23uMwdJZKCwBHyBTpga6qbW4vq8Qnrx6kcTrC_IQCYy6MBgQt6_J67sFyjhBX3eqQ9i8PlgFJHPEyk06aywuy1a2uGeQEbs855M95WAY6AQY0vVY64if20SBpgFnOo7OFgQuhaJvY3zeXo3coqm_ETILtXgPnvR2Rp7O3tgiPNOJQKpIIXvamVraWXmiGd49OAw4DzJ1BIF6m3KNnxe9ydT97MtlGQciI9lISTzvX37C4kIrDWhIQ_axo9N5I1l1K-tvBe62JHX_Jz4UBqEROugrgNMuveHrdLXAFoAMgXNpJC75D77HmdxNVxWqe0ljPOTKesJymGaMGvao0WuUMXA_JW3HuLMTSCa29RdVmtEDcfiet88KqFfsLoLvurmVcydVA75ohnpYVIjBWjQbpz8qDHCphLOg6gzxEkRxFeVDeBo9CqnDGalD-ncif7hjxns1U7xEJ0cMihQO4g-37PTpP3pKwp1G1R6fIoc3cwj1yIPe_MApzZnC8P1u1SUwkNHXa8rx8gOFh1xPufVjCfpqnHAJnvmWtKJCMt5cwJAJFfvb44a9Azm29N80Xo7WQSAN3IDj6pWI1UpOkMLJMjV2jed613a96DKCjt37MfxVU7I2D0KL8g_0A1iCgJBVxlMkPQv5bG3YwdS6uZyVe5eIvxJGX8PLNAsXRRrQtvSor6gF3l0kHeCT1o_9FZ2c2QV3syXf5dKAX3WUUEi8AmgqzD1BoWpev87Vsef6ifG4zIQa5Bbp8PcHRUGs4tUkkYPf5lfZ3c92t9uOAAqxoZUnXvc5upVTRlDZjZUhAdjUhYJTz4pP6jdwryV0m0AbdAQiLO2RGcs5FMOAzcQHWe6PH6cAGM-W0=,1,1,JFK
Budapest,New York,326386,2026-10-01T15:10:00.000Z,2026-10-01T20:05:00.000Z,2026-10-07T16:15:00.000Z,2026-10-08T07:20:00.000Z,6,https://www.kiwi.com/deep?affilid=mihalymisroriflights&currency=HUF&flightsId=0b7720a150f750fd8b505f18_0%7C0b7720a150f750fd8b505f18_1%7C0b7720a150f750fd8b505f18_2%7C0b7720a150f750fd8b505f18_3&from=BUD&lang=en&passengers=1&to=JFK&booking_token=HglYL-S3-_m7_mr9fd0eAnwkYIrg-nVhIiaC92HwBphoiieGB7wb-0ddCW4R9h_dWKqiNoOB3N-4DeoK2PziiqSBa9nHilP2eT8-y_4O1d-fC8IJ_B86wkEfwYgckv4swy1jAWfCBu6sN2Cc_neZKCFZa8bP5jN9m7feglKhlNCGo8uCEYU57yLupUp_U-5_xIguSqZE6sXYPSCKMbgcG3lyaoL3T_iupEPq8YINbTJDyxG9m6VWaM1kPCPyBoU7mNGc_xaox0jA-8sDVkUKkYAh6iv_mKgEOP38CVhjWaUuByzWCw4vMXprW3-bn9m5xtDb6Tpy0AZLq0IiCpSBb1k_z1FQxjL6MX7atppkmbo22PgVXRK0UtL9ZgQ4ejMr1em4GPdgc_1sqJcAyQJ10MJyoQ0Fr5qFzh3-Hfy3guBvqvMQHatQ-3mxBzF12z8PrjzuKGmJTREPHDm9iv4toIUOQ5eNt561Vw4gQ0nP7t6kyNv0Jn0mJ4AlcG7QIzPpO78efnLuBeSiM2bL8HkNXtH45Hb-coU2E4_Dwk_B-u44gZgWTvzM8otJB9DLrYiUONLML2lNTM_-uL-YCtNrkd1sc6rAB99ladaT12EA6-knBluXo4q7xbnw88WRq4IjLzpMkkGQ0VVjrAnMX76uhF6hPl-rj1lWqvfM5LtHStG2HLPDAXUC6NhO6wYpCpZc4A3R0-Z8Jejq3CYWnk6txE0Z9iWuAwjJv8kXLeafEMwOoVmk8WOJANcF8sblx-5q4XKcy5gBZDG2q1KcuSgSXdfWgY55cdOy0ptJCpFRBH0flJTmGRPwwTy359oWiTfx-Ty1MnppKx7sfgby7z-JSV4ShEQUouN8pi83Ew2GwBgN9J7-3Ku9UBlFzAjAX26TwILLlZtZEjrPOLgUjADQqFIkjKS-aNk3VJKgu9_YL4-nVhCO7pV_8FG8wbPLClNwFlb1J5W-kfylsIDTki-ZAof9Nvu0Y3UPhPPUIEitWsvV9UwrVXjuaTNWZ7_WoqYBd9zciHQf3hqRJd-K6GYpkBGGxKxCHiwXn89gqr0wKfLeVbTNGrArnUETfkquZI0msb-t2b1Lmld_ZZZTOxOgs6WdrbOeC6h-O20__hGjLU1iL3Bfcn1XABkwAdKEbGuwNI1MXEesZkYYbunSTH7JQ-ClqmLom5cdNo3rR1ZdijRU=,1,1,JFK
Budapest,New York,326388,2026-10-01T15:10:00.000Z,2026-10-01T20:05:00.000Z,2026-10-05T16:15:00.000Z,2026-10-06T07:20:00.000Z,4,https://www.kiwi.com/deep?affilid=mihalymisroriflights&currency=HUF&flightsId=0b7720a150f750fb3a9f2ae9_0%7C0b7720a150f750fb3a9f2ae9_1%7C0b7720a150f750fb3a9f2ae9_2%7C0b7720a150f750fb3a9f2ae9_3&from=BUD&lang=en&passengers=1&to=JFK&booking_token=HwCf6XJxv4FLqR7DQYQSLeBgyleM1UFVmhTjZhoxsa3GEnmF_3dOGe8Rl1V0QI7U6FKJXiOo1RbDAulso5qjyfuJ7T3iSatHu7FpfWQ9OgNdGTmtf7_UgdElXoxMhI9l8tPS3clnPk6Srb8H_BiZAAME1IaKwvtjyiI32geoPuHL9gl-qvEO8KkCQci-aj5deEzbHX0D38zKjQoES7i9wmrQa6aadCxn1nHoW1NFjPMGU8st0PM-ajKBZdtKyXgbzkGTLUjeuhCED2ubPxB_ctJ8nTmF6Hw-IcR6zUU3ZLzD1BSktcFioymMpAksa4q7yTxfYcbPBxDYt6c-rDgtohiK77pRwwUBSTt9MYOLZDoDRnUP9auanIf7mVD5HB0Q03FGKVgJNLbOLCR3DpcuTr1ssOTbZm98-eKHAxZQX8p1KVYRP9fZ_9Y-000P_OBzipLT5rpdp7eNPVRz5DY6ed98pbk9pf5QoVu9MXZV5IeBBYQec6eCABuRO-XvjSFzMwvj2yiKt99tjrCVcTZ47BKAH3LhldDjICB7A6zTTOxUppNcdEQ93iSpvSDEHKZP2zaj9CoUnzEgrVfvxayj9jsGtIJuXbfr9My2yiglaFJlMNYjircNm8B9lHU01LiAC-GLIsua0vF11HKUXO8QKZxRpoPIsVl02jdoWMxCQP0n4yzJIwLiKdKwfDSl3NzoggHSss5tFTj2roRJ3kMII-9mnktQ1dtbiBSYjPfsT0KfX_ecQO_GIXBHuxMCVsCTKpoqGfCdlQ1XqewRy9hMVi53wT58KqrSCXUr24GXvImkvRk56zh159bfhPhd8kjiNEQNwjJvDLgHpD5oljFcoTTJUws1EVFEkR8t8OIwRaj8WGpwR63JzJ9VgYVBHnJ0O84kJex6a-LoldAL9YaXvkzWu09c2lbGgHqe5gD1HZycA1ebYl-RneVCWr6O6u4kBWQhJCRnEgfanrJkQYMddHIvDlb4hmBM3ndJiugYVAdJsVui-5aAOk33SR82iPw3OxN1XVuOzWyDMgz1RJxn5-BXQk-fP89x5FqWSmZ1i4fkA7-OMiU39sxr2aeAEvhSgSobk5buuXjA9dfd3KrQZn6Zldf9eFFPQGxG-no3dE7t7L_zR5D-OAHOfczmtsB7NgG1hq2HInbRRaI2a8k8hdBJZRr2GI-qA3nNBHOZeWqI=,1,1,JFK
Budapest,New York,326388,2026-10-01T15:10:00.000Z,2026-10-01T20:05:00.000Z,2026-10-04T16:15:00.000Z,2026-10-05T07:25:00.000Z,3,https://www.kiwi.com/deep?affilid=mihalymisroriflights&currency=HUF&flightsId=0b7720a150f750fa4daaea37_0%7C0b7720a150f750fa4daaea37_1%7C0b7720a150f750fa4daaea37_2%7C0b7720a150f750fa4daaea37_3&from=BUD&lang=en&passengers=1&to=JFK&booking_token=Hyk5zOJ3tYb_FzId-WrNUD-4G7_rioDytlL3lAwb1Hu7pzhX5AtpHQTMh-SZx_NXB9ilxl_WOE0qMu10hQKi8fufA7zLUABDw5nqUNGmitOEbQ2aURRbXNnFjaekKSows5mpfDuvZVOKQ_gKIvtmVtzX2KC6Rgkff49WuCc3ig8JfnXIEaItncwH2ojTP7VCJ8-Wv6TgvbRITrT_ykut3TbSPeq8P0MTv_TJLQsdab79dU3AipmDafBsnbXpvVhmImNNyoR2nFOhmI1CK8Ab_zCbphldJxvNCRIlKL0Jf9O6Hp748UBIuKFVWHnsRaj2FEFOfsR-72gwGi1f6CkI_ABI_Qz2bKnIr9aC1BmO9-lOZeBfQsZaozG_-hR-HHpe4Hd6s0pz1XShmGBeCr-PmJ1SBlE2hKrUkma2HLMZlYJaSiNa0GXM2ypw9eLXpKmd4aC8LVNpWmR2rhtz5wLt6anJXiqOXD7Be1x8WTVTQNZH5LHrk6JLp9NzFeZdNiv2KOYyA87OGIU--l3uQ7fkmBhNtiYrT3734450GHkmcLd24DijEkxrPrW-8yyx60D2jx6xokYwRTb2StenOYfmxgRk7dCPenni6Z_KfQzsPWd9H1i0tBMy73IIgJq-Z_Ub3swaxjDPrKpN89EdzHYyyBMXuTkjqgClUUTvHhGYT8x0qZvdff_1baFD0ADQ0mGT2YGzxni36TbG1Fp9s99-pgEHFZxiaE6ARD7tYqdPHgEF1HFXL1sYCpARgHdyD7VcJpr1kxoCCWnuNbDjyErpEQbD95Qtg2swOcwzZkwshUUzkz0UuFniO-076gNA5XX9NUV4ltGOlRhtBF5Bztc73fIuFUt22IXmfG4c86uQXJQe5vWKmuWGuYjhoZ4JdJuAD30ILvp8FDVVzkJB39oMpPtueXvP1S0G-dftwUzalWfzlpt5sCskoO1ptmrkTIeybzpDvm6nkRiov5Gd7i3TYWBWc5g_yvtQjVZJVh_6d3NvZkArhtRUfiHkiv6OGzzujgF2rThtR9XWnj92QlK3Wzp6j6P4gHo3myw910Ik1BkqTOfDk__TxRz5s85zYViRU4ka0VNOWMwA1h0x9CfpZ6FizXi-Qg1wy6xlNzTZBYL4IgoZtkHx-NMo0DW8VFySkQ13ib3G2rnewl5aIDCSvlBoGtiwnmFRG4yRHXHAZ26k=,1,1,JFK
Budapest,New York,327645,2027-01-06T10:00:00.000Z,2027-01-06T15:40:00.000Z,2027-01-10T17:30:00.000Z,2027-01-11T08:00:00.000Z,4,https://www.kiwi.com/deep?affilid=mihalymisroriflights&currency=HUF&flightsId=0b7720a15158515cd180d5c4_0%7C0b7720a15158515cd180d5c4_1%7C0b7720a15158515cd180d5c4_2%7C0b7720a15158515cd180d5c4_3&from=BUD&lang=en&passengers=1&to=JFK&booking_token=HA5B5wd4sJ9caB7_vgJS1_664TwX14tY8dzS2ITpPxcuukyCMtaDopLuYTySMRlS93-sBCHY7MzbLHkU5vziwTh_yxwCipqhyjVq9AN-YAHxsPTCohu37xJz6ACWdbbQHBle7jZf72pmRIDIKUORoffQHpwIZAcTBtEKtPnVnqlv-u-s5qU0L9F_0CeBWLfBStavkBOhQt71PQqbS6es8KK5-2AqquH9qMSiUgYoXsMGGShiaw6ZDEsQXpsrvQNl2oD79cbUuFM6T4VNoeCpKgItan2HT9t3wYldnvVgsQ0cLRJ8mCg57aZsZLztSbmiLNWbqzCMIf1ukcbo7t_DkWrOgsd9vnSQnsqGBk9TE3QF_8XV2cTy86RZr1HXDteJyMBRLOREb69IFdplqPI-vacUpcBbNr3Cl3CI2P7svkDAuJ-5oWkCTmtjKZ8OjTI-rKtTrmXOjoQowHNHt8EvWnET77QhKTcDPMqqwjOABQbgGZUF6rDtAKxiYFgIh8XA8SOB7d0kd11t9uSbdoMehtO4oK_RIZIAcujDyimRf_9ivhE77Yj0dZAuAVWQU4_dkUYZ6Yf-7JDN3-19CZJoPrjOu4zXhb2KeQ7rrq_ROmn_I69t0ZOkMuHHpwAHe4VisbnN4ZXh5KooRGINimIMka0-OtT3LudROWI4tRZj90F3LS3S6VSDPYpy8kOWkvJDaI9HHwAYo4vNzhkSWRwJrKqwuLcUa7-YfR5ewZNbXNo4z4QUSSi5j8Iv59UcfHd9rpNF-Klvronivr-LauKqdMlF84MDGtC2nfovbod2G_UAf-j_gCKTsjp4kKUo6a331HfdzzD5S3XYc30NwfOxzIghvx9uJb7rm1ZG-xJuGA68oi_B7Tjfd-xknYBjxXeF4g2Cxw5JFcKSJfmkaS102Bc0vp0Wkif-N0NUMYlLnF_hBFuLrs8EOhOgku1t8jMI7doTtok7ZJ4Btsr2gfvcoWbEBiSuOB1qML1BAKGyl79_yznq_BhIR7nD9ZUvvqZndDRwe7_uHEHHCrIBx5RXSkS7MSq3PfTkZlnccm2hJKFrO1Ta4addySCROT7lVLiLHiCN9luU5NGkdE0iqOntSCBKfE2wbEc6e_0qgsx4WV8kJa37tEMSafPSID_wm5FUnO_wD_sauQ0slSDyHSjiywEF2S0QAQdmXxSv1EelQEVQ-IQC1Ow8WMV47bfga3FQLYQJhD4ASzFNeXsmOSy4hwMKLnaHDB4DQTzDD9s8edJGc05LSh_s7JuUnnUx3IYuw,1,1,JFK
Budapest,New York,336993,2026-10-01T15:15:00.000Z,2026-10-02T17:30:00.000Z,2026-10-04T16:25:00.000Z,2026-10-05T20:10:00.000Z,2,https://www.kiwi.com/deep?affilid=mihalymisroriflights&currency=HUF&flightsId=0b7720a150f70000d48c0ec9_0%7C0b7720a150f70000d48c0ec9_1%7C20a10b7750fa0000b7bb1dfa_0%7C20a10b7750fa0000b7bb1dfa_1&from=BUD&lang=en&passengers=1&to=JFK&booking_token=HKBUl9fttjxU74QQmXPD4u9i4pczbgq81wGjmVEUfrOMdAbtQjF-sFr29Um6XMVHoNoD8PPQtV9h1IUV6JNQ7BzTQi6FI55JcekmtVbysQbPsoTxRPUaY-KwsLENES2tzZQCc5y5BImt9shefs5UB0uEBzdlBTD2KBYWfFaEuUdNSlZ-YVZ5XuUCpEVn-7CzkLZw7B1DsLBEtVAwNr1qWQ1kgb5IeUGsIuaOz556s9ZquEaVy_ryfVhRv5_IpXCl-2fspy8aeS6F3oFMcEW-q2kqLI9hOBQVN_pLXiJKKzFhcMwy_Wl7EzlSI-FK5IQGKFKp_4e9huafkb6JVFO-nZOFuFZ556Yjre7bthW9NI9WMAyjqUX0QobLCbZ2DvLdrkuilfBQ8O8iD9PA3xchMnOVR1PjulGFATN7DfBpdu-PYuK0VT5muteNKMh27P_ovVAsjQY0oTyT97BOVvNqVKc2jgWgDIqBUTqgBD7ysuNjQHzD8uyLUR0ibs8m3hwst0B_m7X7vyLV_lFbOqRmaM2ymxr3UNxaJY2cRhSaSLnu5137XZ41D4ik_M5GLJDzioHx6fNJNvC_fx075SBTftXSP1G_B5sbrE6ebqd14JSdgk_sNIvwFwADWmCzhO6ZCffQkastejLstRndBNA-enT7fSoNNHJEYKMK7y0oCP8LmahgV_TKD4PPHOjvaZaKqd-SeZrSp_b2R4ffF8TUqkpYaWxBfOy0mgcTtVQkIskd-19_NDoMnpdbSasvOQI3aGMpXd0apUXEzhMqUrI3MH3TjW46KcYuPMgQuasizNnpP5Z9I2p16Lr0t__CUXpdOM7Xc8pMVAxORbdDtuBOj2DoqGCOE8HGrOLgqz5LEzRhq6GXnMI38hW4UyxIpWqP6ynJdm2rhwa9PRH2Q9UjsC5dnHyafGor7fwr5NjA9R12tcpRyHY3S29cNCNZlzshBpCt8Ip8qcP0jYn7DN7Oz6AVVw0qGm6YVaPK97_kTm1MMe75mHdVs8pRJ9BkzMhBhRUkC94s5CrcdU7Vf7Ae_YZB4JG-7Rd2dFTvaoaGMzV2Un5AEvq-EhXOdBU1zc8OTW7-dg-lghV2LWzgpJlORT7k1kAFLsfcHgs1OBh4NIXdPmXvhTxRhlkot8B-1VQm24YoWNIz0Qx45BQi0OG4z8b-VBF7yRV8X6zruJ-vhPi5DaRcxEevnwPmtKe2XXlpbgjcH1I_o3Yz0maymeD6Kks9XEuCl4Q28kc8NG8WqywE=,1,1,JFK
Budapest,New York,344300,2026-10-01T15:10:00.000Z,2026-10-01T20:05:00.000Z,2026-10-03T16:15:00.000Z,2026-10-04T07:20:00.000Z,2,https://www.kiwi.com/deep?affilid=mihalymisroriflights&currency=HUF&flightsId=0b7720a150f750f93d683652_0%7C0b7720a150f750f93d683652_1%7C0b7720a150f750f93d683652_2%7C0b7720a150f750f93d683652_3&from=BUD&lang=en&passengers=1&to=JFK&booking_token=Hb8DjpaBhdDw8XnMIg0chNxiNRoBuU5FvVEZCZkFxLFr7GDnAS9D25qrbqeoJZjysupyfFlN0VvNJY6-SZveEw1tvTyI0k3SWE3Jv5BlHUisJV1Azzh8hzrbOGSuX7WbifptcFiWjPaasEac-ZvyQgnJqThZw8dVhQwLAxk6A_v5CkQu1RtALBxoS47JKuPJ4Da4T3iC8cN_JAkIVxCBv8T0FHX4UfmkMCEhry8jkE7tSVz-BOJt73h3MUBgm0QkTZJoo_NH7Jbdsgt3eTvYAVtOHyxN5v3zEfYqb2N_B27qlIBV4l3sN5DjFuUn52MHAzozIJAAuOgTQzFe6_2A_SalMEQGjPtoE0E-rXDQgA_1W5e1W45DtBRVz_MGcv08x3FpoUj7VLj90PQyWVSDAtKMUaDv6wnXr42kFEzsjZ68OzLnO1oT8Oh1BkPU4SuLksfYE-ogycWJ-O0BrFAVEHUtowbePPbmLHXQkGBMWiatOKE7aruKqrqjSPTXB9pthgBIzOM_lFNuUGUZq3ie6MqTXsgJxRS9uPncytrfCteoW_rksu7kaPhEw5E2ADeeqVYa2ZPsihDxnq19ena4v_dlNqwU1Rt2GYKxS5tYZrWuE8zIOAYs32tbFBKbB-l_LtA-PHtOrqPAMMdaUdYHFkqwwDwfFrK19pvyPCpZxKl60Zaqm5fO4K-fzGhf4ujTCuOIHX7wXm_2_hLnUR3jgzGz-4f-x3PtsNIUTQUMpIDrWJI0TXsIUKzG8z65anoB7srVPhWPAtAV8e9P2p5u8ra3-9ADn-2lFE-dZfEfnBfS4PxAufXikgGapm6ff2i0tgw1Rp3IzGkJn6UuDf01G8JC18mlbd60vhz0fYNm9fLuEMf8b1-ZmT5LKFLSLUqGZlEa6dd9GeyT4Pul7CkCVa_UC9_2csh7SKXpkmUZ3HalxNLV5xyCnhUhq-vayIAxa-FYz0lGpKMFs13p1nDiB5aaJ_PEh2avDEZ-CN8xC1AqOmMisFbFr2yRIQ7OjFnHTCPceeb98k2hW1QXTIRvW6Y6u0J_WK07jafYGNT820gerzirB1m2fDxsAZDbobREJ2czTwg_BaycFX8zpMxozv8vvRsvQY-8ZBRhZW9rAqwNlL_kwmw1WFAwUQlzm1ISZhJ56WLLM_M5zXG1CGzkyHc3wx8L-NxhLKdWAXWttL94=,1,1,JFK
Budapest,New York,344369,2026-10-01T15:15:00.000Z,2026-10-02T17:30:00.000Z,2026-10-07T16:15:00.000Z,2026-10-08T07:20:00.000Z,5,https://www.kiwi.com/deep?affilid=mihalymisroriflights&currency=HUF&flightsId=0b7720a150f70000d48c0ec9_0%7C0b7720a150f70000d48c0ec9_1%7C20a10b7750fd00009617f765_0%7C20a10b7750fd00009617f765_1&from=BUD&lang=en&passengers=1&to=JFK&booking_token=HOybhbrYb6VkVVxcNw9TrTefuGz6P4rXnRsBbVbev0_kTH5ptORMwqQwZSm7O3YY_8Iuj4xbos_w6pdh3nJHcd3TkBMzbf2v924yXMikDW70uhohqKDB8YrftAJDunjWYdKriy9_PhCxyfwHwVr_eJDG7WZjvjte2-S3KSuoccRJpL3od_c6XGjO4nC604QPKUHveM2zieBM9sCpdXPwqWitocGbMTlDz9p3VDvqNPkoGkNjdoS7hJDCVCxXlMFy0adzbIyWf9l2jT5NyfD3PpQmxR82Vy2Oant3Jc3F6YKbS5Yow9VA9Ongfr3vqwMmbIXqcAD1D8xsTaynI84j5tpP2nC7sZndaBrQIlTTpBdLlFchXILl_p_4aKUVMmu11Pp7jqOCOVny1mwClw0KCdB0qrqd8JrwBbUi38GFYg3OjDGxu2b13mOHEQLdZyNpsRiQQ7NcrNJ7cJ7-pPYCgl3EXt1E7dxye_KODzbBfMJdBXmITM69A2tFabpxa3bhoveuPlB-VV6Wh8r2UT1GIe-htGe1f_nsCTbSXXTtsoWldhKtvaZGXxsMK4f9O9Uhmuqk74hc1RnLCFiIWreoN2L_NiG6Ko6IwDwv_Fxb6IOfGT0p_AYnM0tHIGPy-nK5Gz71ZViz3XYREULCnYvnozeKvvqDvbsK0loTVvlnLe-qVl-Yk19zQZDSLU7AfMZpZid358zEb699s484R6KCudjTO3Zz43ReOaUuvItSOB10riTSNFgL457YKdtcWhrApoziZuRw6wR34KoVeuer1jqFW60HN8x91m_dKDtTW91u_VOmtPzSb3O4EDFS0kaUv4gCtuoK3FuBZ-GT-caEN04QZvAO4OfOLTjrvNji_jaI7-efvFaBf8FoUzehbiEnGP3kDMZSCrdFO_CH68nMTUVLPGoW0a3nSz3uV4w0lEhN71W13ck-pNwwShPBqNtwvg-i9B06qufwDPpDzoowGehw6RMoUQtLclaAB3darlktDVBRhm1MYBU1gxgbuYBvPQCcB9rDwgVmdklh61mHoAPuRrwoy_XI7I7kUhDTaP2_PhOuTjILSRP7NXzNaWB3P74j1SdiLpWEQCnYiFNZvURJfCsCssxCro9Y79ekP1xAGSxWaKATrl7VtSkynwiig6i_sWnvHPyxn3CQLobLCA6nBtpYnCfaqaAsWhRuE3dzciwXyrUVSTTi4pz59T88ovf0yn7OsIjYRxeLE-CpTAE7D9eM9sC1qjik1nmSG26s7c5FaJOZ48EzO0kfyecah,1,1,JFK
Budapest,New York,344369,2026-10-01T15:15:00.000Z,2026-10-02T17:30:00.000Z,2026-10-08T16:15:00.000Z,2026-10-09T07:20:00.000Z,6,https://www.kiwi.com/deep?affilid=mihalymisroriflights&currency=HUF&flightsId=0b7720a150f70000d48c0ec9_0%7C0b7720a150f70000d48c0ec9_1%7C20a10b7750fe000039859915_0%7C20a10b7750fe000039859915_1&from=BUD&lang=en&passengers=1&to=JFK&booking_token=H9NPt-fmp1xc5VnL5M1JBCnhMMHBS59npaQV8uWT2D9VG9LGTFsnGcM3kHzW6NR1lkbiBFqcD651slEnZcGUXKOjJqwmUTdtfP8TzzDPcFuy5htj3PeH19DpUmgdYMcfyDbiv1VFu0fxIfwyDEbZlIUN-NoZywg-fA5qyce2Fx-PSXLuSYaYs0NmHIe92i7FJS9pSTk3fkbiHUlj8rzAMlv-0AE1wYkxL-38Ex61w8XN_dw87AtstZLczjC6lrIVoJeYQhvWQ7r6IrU5tn6rI1Ni1y57jBE9yh0DS7hrspbFfiXmQmqthcWq4ZPBQE-mZSHfuDtG235V6HcYeaPEE5rwK2lt3aKkLZ_eQbsbP9RdrLGWiJZZCcwcpWK-FiC966f2BEbZSncvd8ebDIm9140ATWhyvv2QN1VMcHw_f7cxW_BRWpBzM19-SGZNOCjhvfQzn_HD2D49LTy1Wi5Daho1-VE4Q0_4JzPb7nkkSvk4jtHSijcv8EPkMtx_7p_KHKCq5TdezxCIg5oUDMiJkgG_ihF3X9SnrAiRWZVdT1RDZxvmUer2TLIYdDkAjhusXYUW3Udvtrer3yxpP0mucptV-OS4mh-l-smpVO4QeGiXVezrn-PB5XK2WwGR4m2iHZBOgthe54Z4Azsj5sV8DJhjl_XbU8s0uCWDdQe0g08ahthshEU9kyLmHhjvDyrmca1gv6yPKj4cka9fUCoRWT4ikKOGIXQju9l6XaxKsJzFXiE3KL-3OujIOC_SERVnC1nes6glH3OfFHAWwQsvlw7IkjOuaEW_2NRDuEQgNicP2RkVdMf1R_P3_Jp5nfN_MA4MaIH9SorJVaxljK92HATtwYqEU2TuSpNlU2ZksgIzvdnV8Nypv5jTnvPBnfS2jtikyUYZ5wdNkwVzWeBBKEqPmFxhx-BH2ROqWgasT2cbIxAG824dKOB7PncdUpP-Wzw58Nl6ss7jKH8Zqo4OEah4rGvno0NJsymQBnLNVf0eO6XW0kkUQvy57sPJbzgT-yID3mVY8Cpkiu47utXl0TbmwSwIDOr4ijf9W2-QNQRoXQxKVtR_HP9kPS_HuA6pfqrRD7wliV-kZ7jzJagOzEwPkFmULXq2ELCZWBBOWgGlHH3Hf36-NAQPl4PcQOnE1d6luUXZoV8TxTLLbtzlkTKDa-S02FbwCHo85nOXUgXhjIZjMEudGDQ5_KbcLbTWmi-R4hbDTLFjAiJrEDtY77bBOAqm-II5m4aFl11VQ1RcrY5W87SQ_wo4jYEjtSEzLep-pMzopVEeOaO3mc9M7rA==,1,1,JFK
Budapest,New York,344836,2026-10-01T15:15:00.000Z,2026-10-02T17:30:00.000Z,2026-10-04T16:25:00.000Z,2026-10-05T09:00:00.000Z,2,https://www.kiwi.com/deep?affilid=mihalymisroriflights&currency=HUF&flightsId=0b7720a150f70000d48c0ec9_0%7C0b7720a150f70000d48c0ec9_1%7C20a10b7750fa0000be0d51d1_0%7C20a10b7750fa0000be0d51d1_1&from=BUD&lang=en&passengers=1&to=JFK&booking_token=HNIP776VR4uAyurkOEH5pmLm0k_20qPHGpBQkt8uqQj7qn-srFfX3svcRFoq7xIiCCayzRty_s_F61gpmV7P-4vvHLJJf5MYtFu_fWTk4ZJwy2sfQCpCGC5BlzJn0ni0OlmLtsCvGvzleBxYbZIa8j9PCcBBpqjcGK7T-jr0D8SHa7NuITp_76Fv-XQl_mjzX1XD78GSTgXPbS924Zt6K5y0U4BRQs2vJOEysVtzqXcs_9XlDILgaCpWzkjYFTUihXn2D2Lsi-OBm-p4ABY2K4qXTFQg0-vJpSK6CYe3kOrf7YE_7V6NgL7TQubmOjNdSYfpOnoQUCKqgmQvv2uk07WsGpAr9ch5Lz7gPakm0fi6wArZbV8WezHyWgqWjE-nPubH5iwuA1rW1EhcVw30TYoKEtLCbLAxw8No9baL6ULY293_gyn93NdVUAygej77ogK1RpuCBT9I-uQSQrf1pwmfYk4mB12T9FnRaE9StyGiE0YKoJr1qpuJ_AAdUfUGD4EQn8NvmVL1vt1LlvB1BYJc6RbhJ_FkKxedYO7MH3EXa-zy1tNyXsPBhNoljXw5GNqg09DeMzahiY6DjGJeAbO5JusO3iuW5nI-WEl5pz90PkqOgIOb687MZvS367Xw1ir0iToRYJVgSuVaBCxI0FIG987fsA-7xvRiMOVRlxVifp28gQbDdURwZv8vfwjte2v6ZmqMv8rmcSY4jWv24k2jCs35WBsUVuUodQiR24tCVEDTIAxJlVGy9E1KlX9f8AJVds0q_yVxiMSM8GcQY0HKWbi5FAUK4-ym28nZKwXXoxtghCt_9XHMWMF_AEMFWG-rzdEDyN-tt2n20Xe2AzRwb08qntFDErXgSo4LkB3TGOWqodhYx4xYnKkJEMHlT-WQxnkWB3y5dkQ6zTn6HbBlHtsScQe2sWYOcHNIiT66MiEn9r8x5GgP-bhsHxKGJJT2jggffgwPfnqaNVh_EtqHRh9dBdUeloZrixmPHxqWfvIXvh4xFnB90Gd4W0W-eoqQKq7PnBD23YhXpr-mH8UrXwfFtO4mUxvcljYPRbODiTePNPRAsClBZS68zl03af-1rupWvhdRaFhut0IDjEkXeN8Z5AyBm9YpkPtC70vpfuc84F7oYmsWmRkcsReIpgeIAL0kCslVtQ8sxSP3-esm6n1GdQk5BKHwr_1vdFeEnRcnACJHhof-6ImzFHbe-F9CUvv_3PspeJjrHkJzua3vQ9Ou5GhzHy2JUhNbQNPbYXNSa7rYOFP-poPPnDuYG,1,1,JFK
Budapest,New York,347120,2026-10-01T15:15:00.000Z,2026-10-02T17:30:00.000Z,2026-10-05T16:25:00.000Z,2026-10-06T09:00:00.000Z,3,https://www.kiwi.com/deep?affilid=mihalymisroriflights&currency=HUF&flightsId=0b7720a150f70000d48c0ec9_0%7C0b7720a150f70000d48c0ec9_1%7C20a10b7750fb000052b26e0c_0%7C20a10b7750fb000052b26e0c_1&from=BUD&lang=en&passengers=1&to=JFK&booking_token=HtmXQUscK9_fTKBQsvTUQfvyQLtCQ-Bb7P5sRqLy5WLvrYT8B5OITUrGIwbSsnL-0GXkIhRJVcXFJ5qgzZHTybhCpB4D_I7ZKQcFvlNp9qavmDsoSnrF5wkz5uxzXBMS-hPsT6Tv091kFThQWBjkgdP0EZrMdaHogR7fkriri9J5mxq3EQHnMODrhZ5kmDNYs0gfNzdZgtOBl7ZveGJLzPlz3xqWhPofibQj4u4cujkNlqjScs9U2WlIcvj0G2WQA72-ob89K9AYUmOdEAJUmYnq_SKldPQTSK5AaVFAMuLbdoASUidvSCQye83ZRBCgdZkFnP5n3-DiHdhBuAFrzcQTVqc6PreW8HI8WTg5ZNpEBOXBr068Y2-LlWFP_aLIcvGi_9xup_KJq5oEv5fi1FhOZ6ykSbhH-BXnvkuFZhKhKH6O2KigjT42v3MwSa244Cxbn_DV5eSaU1C0obrH-7KFsO45FWeu3l3BiJsu15E7MC5luAMNXzPvBYCfVqnaTQ1VjWzR-KFl-Rck3qKHCrIhK9mXL5KMQQ9lpeQsVSMuhdIt5opPPKJtbeZBpMFmr0WNsTtwOvKqTlBP7NzzlfAFgkFiBC6IcoSXVecGAoy5iBcqYDt8rNLgy3h2QXb4PddsYyuAsNqcUYC7v781jfJzSUF_KotldK25Q4OkcxPcvY0kMc3J_j59MUDyy1zqR81pj1hpAQ5PQrJsYSttQy6rimg8-YV8zuW-fvNmfatorcL2yxChxUCas-ZGNuF3w9M-H-38z_u8BpZ_gIajtgwIJno3vGKeMlgb0uoW7CKyFYxgWQiV7ZTvdtkTtd0lRUC2cdtPDUI9wXpD3HDTa8XCCvLXCIRIg4w--WnH06RHWLTfnpo1cIphJPNx6DoHZkQKnxrVrxRkn22Z6ZdUm2_w6tNcbRPdttGyyAlZi8BGaf0wQ8TCeOrGYRWNI_Hx1ZnahHgrlTWAOYevm6rXeHinFgb1wnTBKsPHAf8H9G7uf17JqDXIZAQ4iWymVw70SWIAj1JtcLObCssrAMf6i6ndPY9IqUDmiw2E5U5pG01H6S8WtkHEZQK916S8PbW0dUxghrtxrnWn2Q2e0mUJhOTSi-7M_q1jFZ_p0t-T4f9-hGaci0hfTdL7lM6DUUxMSTl7O9mZmEkoqSQv20N0FC2uiFY9miayOFpvCfbk64AviyIC98Q9z2KX_Uac9IaQYH4RIj7bvOHssYlRofNPeSKbZDfIElC801R0g2VbYI-0=,1,1,JFK
Budapest,New York,348028,2026-10-08T08:20:00.000Z,2026-10-08T14:25:00.000Z,2026-10-08T19:30:00.000Z,2026-10-09T13:30:00.000Z,0,https://www.kiwi.com/deep?affilid=mihalymisroriflights&currency=HUF&flightsId=0b7720a150fe0000e10ac441_0%7C0b7720a150fe0000e10ac441_1%7C20a10b7750fe0000d5c6bd80_0%7C20a10b7750fe0000d5c6bd80_1&from=BUD&lang=en&passengers=1&to=JFK&booking_token=HdwS5TgDcFp6ah1ts20_TpCiX7o2T_LrdU3aW_gpAogbn9JE6OWbSjxZjcwt-6gxMN_hYLXqoTp3UCcgMU4M629whPvi0vBn8WmSrYNvSZ3hAfeerf3XyywNMoXoFoBamyh_eeQjPdCgiaJVUHFO0q6n5X9DSgC1SgkXg4Pxr-NQ-EdmmTqEs9w4OH0Pch50DtfJUQLWwy625qbsvjeu7CUcjueMw1UAALpiHiG9ujIZ_fobww7IaEgSlwQowzCU8t5-1HtZfl7fG36t__M6oz0QNTlj98_CoAPnX9YRpVOerJD9JPrvTdMlAQRPM4n3yJTsnFqaTR_zenGu0LKGZc5hGxL-GVZ0wYZu8Zl-HcCv6auL_-K5FJ_jqa9M5leqo7AXVzu6goiSCGegTM5TaEAFduH-6noZVMf7Yrq0Sjbc4EUrV8-RuDQe1b1XJRUy9ZkwgjpLw3Ylkesxx6vqAsPmkiSXRAVcIYzWEdPeWokrtY6w57fJCqnHHw75cC-I-lcPKP3sDHLY6tVoxk5F3xopmn90uasiuqr4XlXvrWUeHhriyKMP0jxWwWqMnF-ZkSR8CPGumouwcuQdJqII1VpVYqwBdCYDlevfDmHex5dMSvpysiWkFLHJHLdWnxU61fFQXiH7wXI-AVmqJ1ZWlWDIpyRRb4yYveeo8nzZVn2Z1AYD74_UfV5aGHoyHwOzwViAhuhxPbRFVn6fqpn55f-M1DwbDuo5NHYRgJMIbh9C_8NCKuZiOM6cVT9-Bjsv7y1Hchyzm7ebPLdiOOKoaVfZqKwv7FovrGaY5Ds90AR_zeo0L-y5HOHJJsWStxRZL8DfWV6A2uxjnPWmsLSxuMUpKcVyqZIyUCdXjCmrT5lufxeBspGiW2NnrX9zm2dGGtp1hfB_OTdg1k1P725IrcjC2N6YBRwekC8l9VGJxGZHDzC1hfdFgxLff-qmFNC2ankxq7q6yG7HntiR-CSyMKbGfOpJjclU9r_ho0LkDTwIjA4yXVzQ6e_592zcZYSUaP-cEe6S76cLwYLGhtEquz6azI3tncLvFNJU8v21Jom4BCW0WRh-rFyM8pN20anX_dztoNkfpRZKJuQGHCeT89LbFNKFLIJIrTp8Lth4E3cgWNKIq4BL1CnUxnlq1qtFqm7xhNRB0XaLCnLKNh-odQ5PEA1iehoAyyGjNu-YrrNkixioRjuMxR4-70r657yu3tyLYKN9ttrhHWE1txNwgQ6V1QbNXjMPfh8J5eYEGhMtGFe1ny6TKZ0BPedaoDu07,1,1,JFK
Budapest,New York,351023,2026-10-01T15:15:00.000Z,2026-10-02T17:30:00.000Z,2026-10-06T16:25:00.000Z,2026-10-07T09:00:00.000Z,4,https://www.kiwi.com/deep?affilid=mihalymisroriflights&currency=HUF&flightsId=0b7720a150f70000d48c0ec9_0%7C0b7720a150f70000d48c0ec9_1%7C20a10b7750fc000090a6b40f_0%7C20a10b7750fc000090a6b40f_1&from=BUD&lang=en&passengers=1&to=JFK&booking_token=HvPnYR6ugMnK_NM5y6dPeSZVXhLpDqrQEXz0xTbQaPz3NsU8LxmCqW-7fbSMO47f9oJUItwo3xSijLTDClGFvraQUDi03PUXp3kiqX8E5UFxqiS8LakUOdZv7MMc0DMZJBdE0Q-myI-joUfegYfYGvgcTFzDA_P12DyynVuAU1spRiuqRDqNoBHDD6SR4SHYFDiXdB4TQH_omFU3H2O1c4d_1abVGpdaYAL5L0gP2DylcTra1b4nM0x99lOcWFUEz627N-7EZdXh6KqQBo0w4Bw9bF0Mo9Agmm5xaDgQuqlzr8D_8ZDKUESJx73C0LUiJcTq-gx9pXNC5hnmj74ALjDUscjkop9y340d97N9DR9uRuF_k6RLFnEPmsj_LtWBQ3sLXraFVHWV0ueIq9D7Blk7pop_qRh6XmG9btjyneB313OuoXry4INKNH890XGuAoOb326pRuPjIvgaH3rWoRHfJe8BHHCBHjWVKBVWQY4C3bigIcS7xOET9M1a_3xlM6IR2ZXPtSG0tSMwFpXfVTT2pfVjVAoEGvaXw7cObGKP3GAb14r5JaeNf2hnRzu6j-mh5byqk65QLDEpkia_C8CRjIkI2hpPF3aJnRmOdYi9agopsk8VI0Q3d0dczQmq_u1C6doGMAD3ehPPKJh3tsZDlxt9vgWNJTdqCRfVuopVqG1uganfzGEfaaFy6FnR8fWJhTquzvPieW1wJziHJQtf0eBz28ITMR5eKzHscN_iarb4puzuhoGzoc4FFhpq-b9TdjQsyWdHQ_mNtoIL0VOuxs2AIZo7jPOir_eF4bCQRqWpyhH1-np-0Xvzu-8AxLFS47E6j_YfiWDc2i3QZ6cETx3ExlOtf0jfUu309waiMrOZ0phoY0LUtEl_FgOPT2T7D1TlYcabaOHIhw9VVhQNd22bn-iF5wU5plR2QgXZxnKgzkb3Ngi6-45854fVnNnVaFIfO_HRzrTllC2-uY7uxFYMuEgtcadMObZ9CAHKYK1JgIQFmVoq02OYg65dtv46NR9bjvmf3-gg9J-6cERibwhX_cYttqJxIFwy1YOt_8egRMgdhg1LgY6incS8fxFuOdFhakiaJaI9xpFbQzfXnDbZ_1MnnUaro4FMZcLLiW5p70KoTW7_q-y7-9OaO_QU6IxaplaSC0ke3ID8dgdsoHmI0mJ1g3ySmkdtdg2smeQk5w1Q9Re58QXim6kGU8jQY3I6m1_qFAWBEyY6oiQcXifs16aQtKifijhdBqKg=,1,1,JFK
Budapest,New York,351023,2026-10-01T15:15:00.000Z,2026-10-02T17:30:00.000Z,2026-10-08T16:25:00.000Z,2026-10-09T09:00:00.000Z,6,https://www.kiwi.com/deep?affilid=mihalymisroriflights&currency=HUF&flightsId=0b7720a150f70000d48c0ec9_0%7C0b7720a150f70000d48c0ec9_1%7C20a10b7750fe000044bf16f8_0%7C20a10b7750fe000044bf16f8_1&from=BUD&lang=en&passengers=1&to=JFK&booking_token=HKhnun-FSYgrGHrkaqIVEZhoo5SxqApLPEtmOeK5E2K1_2dBdEJ9d-Q8uSqI2kFUEJy-IUrTMEY1WPZ49rbS-LywPfwfDhW-tiYVaILkqzLtqRoyPKTvw-S3NsT59jL1r1P6ss-HL4bN4O2TcOMpca3BXtFEV8bXv0r59dRu4RWX1wigWLn13A2SpS0SF2IgEFdsQPisBds1gr1vlCc_0vkXB-qoMhepTLH1vcoDFnRyglb8DmDK5J3LmKlCOlPTOVG6vl7DWSzqGQ03UoBzSO3mVHZ6w10JPeI6PdhPVymXIF3tKFZtlXl95SBZGFIcYxGdpPfvv4Yc4sy_QXzfl-LaQa2QpXh21sSTRuqSKMYlJSQm9UGVmBmrSzw_i4kjTyZec5rmA5pkjmMWJtqmduPIMpcnDW-Gt9GvSwpr6oz-7FOySNpQz3PPDM5EADo10sV32Xws5RC--touWKM69GV2PUi8YzIv9kCRrVTyUGIems-oVcV-ZtNuEYinMPjwGbgCDg6nuy466xUoLCYr9Ykmk6N9oYclq_Gd1jHjZgs9r34MN--ijemYTw960PBAkyC-7Jl_8ZTaq4Y0ZOF3eWBc0wuBsXsbDTGMxre8b_Se8rd9u889Z7ZsBE47WJblwvmSAAJlsljXw0UlQvALrCaQD5qtU2bi_tpCnAH0-x7b7IM8ZqurFJ0XTr1du1CD9-G1UwSz-UweJn7WpzPhBf8k504FP-m_SZW4MQfQY1dzo9ijyVWgvzK3-BQkFKhmNhw3jzHqecL_H6Q2X_E1iknPUtTJUQ_cyPBrNMSaBjIjozzrau8TyleXIjtNawlVh1t9b03Q59nyWT1yiC4fXvccSjyqa5P051s-k8T81O1LIVAyJeczUMN7OZ6hycRb9Plxty_lGGnysHuvuc5htxHil1Wxki175CZAcCn1hHSKf7HIqbSubye592jXt52Nvp-XTt4sZC2RrXfB9C_WTau0KXHr1-4zK6RA1bK3VjYfhSAfRsDkzf9rQzZufI-Sx4Idz1036hOJiFVK2wZnx4VNfS0Y_qxuqngO84mT9TLr8w6jx1vYDlBMQCnO6M2E_ZM8UgPbyxyOaOnwPD4Wc20bBqLRUWAuJKB214HSE1z_y2sdvRTuDb7A5kvdD2Qw4hyAF_K3Ye4ldNWbtx8XXEnxIWvLj4dTaWeKfyNriKQ0wkZVJf2ffLFW1d8eHkV5AiIa0EQjE2hrQ7WhX_527RTVZZXV7UaQLETRjqWM5tCs=,1,1,JFK
Budapest,New York,352384,2026-10-05T15:10:00.000Z,2026-10-05T20:05:00.000Z,2026-10-07T16:15:00.000Z,2026-10-08T07:20:00.000Z,2,https://www.kiwi.com/deep?affilid=mihalymisroriflights&currency=HUF&flightsId=0b7720a150fb50fd5def5824_0%7C0b7720a150fb50fd5def5824_1%7C0b7720a150fb50fd5def5824_2%7C0b7720a150fb50fd5def5824_3&from=BUD&lang=en&passengers=1&to=JFK&booking_token=HYq1IFyieeY2H_66tCmf8krF6yrLTRdGV6FGSr9TrqjzWQHpby4559A6zlP5E3BoH70IMy6ppAfNQVdg6YLKvdMlA1O6UT6bV0K4n0WuGTSsFBcxgYSEQzJ5QCj7kP3ZTJ4Vu3Bs-OdJYG0pUWIkXmORWvSz2zHn4OkJX9EF5E33WzLY821SiOYDBk2MNeA7ra3m6zB6tUm0GuVJM5Sa5aS-vJ3PrwIGpokrW9p6C8DZcE7CDruoQlca4zjUqOYrCV6ej65XtAQWULG2iAwNofYeIoQaT77YZjGMIP4xlXmv-KIVaNKV_UKzsdK9BVMSMWaeL_ap3Qsyfy_Y82O3OeZNsI2-Y2WNAF0TDtfQS0xb5gvLcREM1U8SuuwZp7PdkgLUhC_2FQOdshL6PJs_2eycAbx0L7vE2j6m7N8o2eLtRvuPsjeYVG5wXedh6dsffFl5FfsKIkfaOccnabUsTkrrXd8n9ZEjum_n2vhCOKl6QdqURocN0uju0vlyQKFWaKvzxShCLrkX_QxNYFdBGtbsu_ZOB4tBKzmgh5iB8DfPlmZjNx7KUrdN6fMUUIBrnABnuwS7ahrBOqzfwZlCDsj1t9ouGmfzfnEsgLRp1jpD4cSbmVxQx5Av_9ABlxEWqChFInO0XTGTXWkSBDeSGB_WNKtoNvAiXYe89GJhhBFCr-6cHYdeibCCyEZWKrIbMXplHpIYJ3JvsNFQXPLu5k_NKxyYWnBzxxd0NL_aMDSlslxQizaZmU6oOA_NfQg9thXXX8uxRcqH4BkD5d-H3FDIn3DQVpTwK957uAlUW0PaCQRaPRmeHChIm__n3cctQtv_9LV7Md0zYWZXtR5rqtJVw9AP5HW9pB-RYMAFhJ1AuIbK_qISiqkSMdtLdc92gqH2aNmbeLfATuH4SEOvViFBxLk1Ci2rxEc7mJ6iaCoM_f9bskZfdSuTHuigmMD5mlwqPQQJr6YGVz3X5I3WBGE7bASxt5ZJqRTfcKZbG0-xn3XtNSV4UmI0LlONITb7McNO245RwQA4MR17gFguCgyHOhTuF4i4g1xwiy6dCvBpAZLuqDKAupyA15DWs3NLsUWWj1VHjS1in3MYS8q0d_oJ5Gf3LVr4UKQI6wTzzdeY5G5p3deOYr52mwV9lyVpga_dX-NFcIdKAjmWsr3n5B1qHNH8NnCMEiGqZ2WZdhEc=,1,1,JFK
Budapest,New York,352384,2026-10-05T15:10:00.000Z,2026-10-05T20:05:00.000Z,2026-10-06T16:15:00.000Z,2026-10-07T07:20:00.000Z,1,https://www.kiwi.com/deep?affilid=mihalymisroriflights&currency=HUF&flightsId=0b7720a150fb50fcb033438a_0%7C0b7720a150fb50fcb033438a_1%7C0b7720a150fb50fcb033438a_2%7C0b7720a150fb50fcb033438a_3&from=BUD&lang=en&passengers=1&to=JFK&booking_token=HkRDrA3dLYTwHvTNuYUR8dgoY6hhwk9dCe8GlqU9-g-m3pGLifR3YeymhCypZ8IcGLPaxIl_i4ZIX0pSnfn15KZCUpyTv6p5J_7wrhR4kqFk17pXw8JMRhgtqWjSRvvh7YquCMw7KfSjPRK6PsoAbfQ_Wxs3JcWaIA1x7bhtiDaCIQSGA072AIFl_YrhtqLGCHl9XzcHFPE8aFVT-xwXK9KAXdCcmFqKxIHJvd4tSN17DxlBNjxtuT5DjAx_qat--XfQb_N_Q5rjhVmrWfTwZEuTs-2C560vI_szCT0-x6VriafRPCzN3gZltjLpTwQVsxyfB50BXGd8xcuTzFfLiR6cVXnrv8gvL2bLT-DgnQ-D-6jibzDFUUJwyH6vMIbAgTJeF_Z4z8kFIqMp7rB6BJKgwnpZirL0mRl16IRW4kJa2wdMUi5FxriHP9rVbSlo9yqaAB6nAEKamQnZ3G2HGxxA17-g9zpqmzbgfjiNXck7hOU2_pyFezPyM9p8eyChzjIlO2aoQRsNNWNwZDXFSAo1h8JOE5RE9fly0p66YhTmk04QvqkQAKBOkHoJJIgEeJVhccuqlZKXh9e7Y9FHpwWvM4SOu7W_is6sM8vRh8P8fPcifHl0_JZcpt4G56tkmo3zPFOKCG9s5i-n2jkNngwuBPopkUoEjEn1lM9LLsgHDAs44gCguBEty9mUtler0NBRi7cva1zBSOv9vXJ4P_HB8e1nQL7PIKY-OeHBkjUDxj3qVvc3YOekgfStjuZ_I7SJyE81AV-VIG_3Z-Nb7RV_3WPuS-Zx7cj2cycH49mi_-WEz26H-qsAlDn5dSh9iNa8rZfQ8S8Gh3ERPR_hMC2LjWvMr5DLLkQ79VKeSGboKTYR0VvU6NgEWpaqrWM2yIrcmH2QkNxsve8E709UR9rpNdyd7T5QKCiobtGzxEQH3tDEYCBQH-7S-1t6X2ed3dT1F_zed_b3I3cFYuEvm46nT6YR5bfnVY_BL4DqhU2TGKpciVg7OsiAZKC_Po2sJhEw8m1ZYDnN1JoN8IQTz7gPWgjjz_sR1OhWrCV-tXTVR5FJM_OxQKamMI-9XXqm0dyNH553BbhRS6w4sDthxyGkkbpszMZ7ll2ijBL0kvf7JyopnC0ByEPviOl7S5ip9UOtzNurgpyp_gWIC0Ez-eB_aUWjh0BurmkfKE0KKn20=,1,1,JFK
Budapest,New York,354925,2026-10-01T15:15:00.000Z,2026-10-02T17:30:00.000Z,2026-10-07T16:25:00.000Z,2026-10-08T09:00:00.000Z,5,https://www.kiwi.com/deep?affilid=mihalymisroriflights&currency=HUF&flightsId=0b7720a150f70000d48c0ec9_0%7C0b7720a150f70000d48c0ec9_1%7C20a10b7750fd000007bd2530_0%7C20a10b7750fd000007bd2530_1&from=BUD&lang=en&passengers=1&to=JFK&booking_token=HTwy48ocYYtFf0cT5kk-VEXJw2VC5PD9xQvBrk530iujRWHopoMiuNEX0Y_kBm3sUQlA1w9Ikg1uVZ5txdTjJN8-mgwAJIBICcMiQweMO5XwP3Ofw6H6brF6Pmbmj32xVZ_i8T-T5EfQQg8dE6lmtWIdmJXARMeQLCt7XeJdQUQ2PMeAROl8J2AH63z6w-QVuW3UghqwXydkvQlT3SWoL5jyP3dtQ2JQebx2pNORk-VBJb7JagLSrwJor0kmk0a3_hZpIt9Yk4UK17EcI1yUFmZr-zTLmZzb2uA0g5CzGzN2idna-KdVjlX9qoseH8Z4j3z6-hgLP3wZ4NcdwC--l4VaUv1xEh5ak50cmbM3XR_t4e5mnwzcJxFKce6lKKNgz9vQ35b6rlhGKdfz52FsNs-4WsUJjIuS-h89w2xINYV20eZHNY__hVUbhXng1E7o7PK1h-nB-25owzMjSmGWzT8baehHzTdTQ1d0aEwtUZYPGTQpULxH8_AUY5Lw5CH8bj2zmtauugYWi5_lYyXkGZWZ8zQLKJQAhNUNMLmf80SDU1YRE3GgVrlNXTVRrqC1gYKKex3LxNaWZUa_X-Jzlr8KjZpiYM4X1vyhvtGOHkzYu8GcDGK_jcWeIWJosgZdtSfw2ztUM5hIzmbyATYUS9FHhCA6WHYEuko0HF1FgFvuoAJXGaEbeMf2bQo8Ana3TlzWkdMfjUji1241fVotIksiXBwHlikw2UsENMp0Dx44Su5bNgrB4rFBHKBtLCFIBDUztQ_ZPsewJuSU6dDKAK0vHILCOkwCQAuboqKE3G6gX_xrg094m2DdcP9fJ-R3K7RwEopVexKZyh4Vra-5ySLbGRdpmUFoFig6lNVyhBTZZgF9ygch0jfO99nZOE76V_6naOgHOGMe7oiy75ctFpqP5t_fYQmNlGVmaSdEccTEXNCWMv01SCqcbfOQOoixyBB4LFdctc13ll98KDLyiXFSpcVhMkTdW-p8QMEh2-M2Rykf6IFTTnVMfPVMBl06E5AxJtmAoWhEVUhZ3xpRhvnKRnViyzxSZGDnynNmCwCmH9ue9QGTJE0qee13nqbiJnD7tYdaZiXb7556HtLGoaVCjoqdx5btENRLS1a6WZuXjHyPeY4XfMDpUlpXIZ2H3N-lPk8GUhPgnvo8iVC7pUgf_QFa3J8g88x-R8Shk54heO677d33God_jxkpLYn1-5ifj6qoZ_zgVscc9_QyZR2XDIZ09yZNaiwEz6PwX-eRVvV3-ogf3Dn8qLYkIWb3v,1,1,JFK
Budapest,New York,360768,2026-10-03T15:40:00.000Z,2026-10-04T10:25:00.000Z,2026-10-08T16:15:00.000Z,2026-10-09T07:20:00.000Z,4,https://www.kiwi.com/deep?affilid=mihalymisroriflights&currency=HUF&flightsId=0b7720a150f90000171548f1_0%7C0b7720a150f90000171548f1_1%7C20a10b7750fe000039859915_0%7C20a10b7750fe000039859915_1&from=BUD&lang=en&passengers=1&to=JFK&booking_token=H7RSKFWnOghMddebgZsOM2K7eYtjnKdIhPHeyNymgf3BUAtF9qz7M297ox2WWME48cx2tZI8fdiFWDGURr5IABdM3hti4bS1AAEoW1X31w7K23d90ji6UWnXAEfEI7hrYbSqQnl-xyTuHRHwSdbzCxi2prDENlZQ2DpdIBye0MTycO768HO2zV2hA4u__IvwlpNYguth9YBTHYAvpYIJTOLHJzjPHMj1cdicqRsi5UczmckqSP_kNkEfdjb5Srj_mOu3SI900wUyQA0QpoK_oyqG4YpAIQKPUqryD4TtY6kpvc6dBOoCn9OksA_HtO3u02F3vI-P0b3XOJlenDB6KFMsea0rA5pvE3WWdUz_Rw45jvTDHcJSVpQjcLUqRaUhszHiH79wRgC4i0GxpFykkMxdPPc42egfe5w55QdDEnFS_Ba26PRZvLCO_xuMZJmuBcEMnIayViwEBX6isJ4--4U2GeT4rj7iR1l7J7mvrCMrxYI6UkyXLvHyB8lBYC_etvAtWsQ4ACgwuI59JEn07gk8WLHCct5L_aEyfmgjywcGxGqmoOJvE79I5XZ_yiLL7D37Nh_9wvSQRIgKiw5PGupSiCys5QRfLrZV3hNRWNotFzW1PKe-Ob3osA5Tsnxkbv_Vo2a3vFAeyP25p1Fpxk5gyCB2gKgV3KTmUCJWCTwd1b5fEysClJMqUghdDGcWP9w9LXD-hY5o95xFXqCAvybnBjgmhkgL-JU-SXFFikHqmid_PHMC9cLEerUZ5gERfdutSNRQFx6Sjoz68jyicfU5dK0CK4xcFEvE6pqFQbdqWj7-iyc2185QcUYPaMPexid8briMWtp_uA8n4UPr4SV94wTdngHSstOr7f9eDFX5Xb3NG_xxYWwnIMBvwRMuCNdi7_VaisrJ6lB6wxqWZXrlyzQB5fg2nbObzS8-0kZouf4dF9gV1hZ-8PGlAxMhJWz1Jo61LDi800eEXuseuCzAnrM7dEu98wCNp4L_ECiUlWMVSW5aZ33A9FTBt6OaAM7vkOBnECl2nyE-XE7I4ZboeQDdtKjHkEmQ6bRWFlIUVxMmNj-Z3oFKcSNCqY3FfqMP-o6Ai4dkvmxhCjs8Ugj4wtSkCxBW9D8u9ALFUM7aoUfJ6hGes3avYLA5G8rEW5yYH9pEShtmW92xXRsxw2djHrfk0sJFoiS7TOi2mMbH2lCRlRyLByawGF6NBtMzuVLgvZX4C-Tm1SgyCjzFPTNiEe-gm-WPEGRGbFMctckFELLW9cd5zlYp_RStTJzhH,1,1,JFK
Budapest,New York,360768,2026-10-03T15:40:00.000Z,2026-10-04T10:25:00.000Z,2026-10-07T16:15:00.000Z,2026-10-08T07:20:00.000Z,3,https://www.kiwi.com/deep?affilid=mihalymisroriflights&currency=HUF&flightsId=0b7720a150f90000171548f1_0%7C0b7720a150f90000171548f1_1%7C20a10b7750fd00009617f765_0%7C20a10b7750fd00009617f765_1&from=BUD&lang=en&passengers=1&to=JFK&booking_token=H7gVx-2zwl9dKPdexvNeACH2aqPkElozeMCOhll-v0rI2BFxTLRDCqcbg8W8H66eY4bmv5j9_9v38-M3EJVhWcsVY8Zm16tpiT3VyudaEuzVniDDxQnVwfWEnRbHwCz_UTI5cM9wjHZ0BHlmeb64bmxrgr8CFRK-50j_1RuS5REbgaXTlKuORf6MY9j5ayyIfyRCgumO3d17hNVaRNLxkc2BFmklvUNmOxb7SZyNTb1roBldFijmpNH2mT_JeQ7q0irz-TPzPuh2xCADGP-j3tcOE_-jETrZetbELfbmh04eeQR5VXPJndoJs9vljORIaEEyg4u-D4om51l59t8xXKbqjgHmFTMozCcYl_0vg-uuVF1I7mzxBo7gGGPQQrbZi7rihA8Q4fWrg2uNj8IQ6hUUNQvI5vY3zo1bPm13FOGlzXsDesmH9gx0A5b8R8Muu5pBR8-k8JmOO-XH-9hlwC1iNaK2_OU0RPTHNNC48kOF-qHxDPjJynwoaR5gt8Qe9ozWLXLk2NOeuTYSgG-tV5O48_N5IxSBUsgzTi2ZwZz76Mjwn58PKxNMbIoNmLCjxf9mNDv4jHT7fYEvOqatM2enJm9BRImlxT-SGiS4bzp1NKAkil9tPT2A6Fu7su9HKwm7sasQBeBHS1sO7RHknLVha2M7keO60G2P8Mpz_483sZL3TMEfTgIj2_8z7WBKCio9WirGAEVkWBKjYvkZ0lrEZwinHZk0txFUd5hDlo2haAqHiYZ6Cdu-Z78L_OVe8cMQAZrz1YOQftRZug6SCqwa2MX7OqhNQD0xdIJ5GmcJTv45XZy6bsvIv8UC7eUhrpWPYsVA_-IVg_Z9N4nahMMs96lPtHW913zxu0KRnmdbbnYGG-co7zWBH5D2qedH8OfgaybU-s8KElF6WAhfL6mqEu6pzxpnyRc7ifQaBwCcjxOVWBWG55Gs_fweVdcYx5RQEs8WWbZdyXC773__Zt3xY7TZZ8yrzt4neovAxHap0RbZF7SmlBcxSmM9-xMQejH0Z8ajefyc_-B8QUI4SRjeuPLjjFnwnH4fgzM_J42AL_4uQnLlCjOA89FszYzQD7NVacHo8Q11g0ggU6KSw3qxsmYwldH2wJonr5o-ywFoXIY2LTFlazNvdot9DrmceWwhETbwScVy35jBpF5ykiZk0WhO99AdvAe-dX98f8Bcd26bnpxd_-816l8hvtIYUw5Z1cVTYdMb_AfJkwe6vlO1Dvm1HksM5N9tdWCMASIaxt0Y8TS3OszaNM-4Ihhgz,1,1,JFK
Budapest,New York,365704,2026-10-03T15:40:00.000Z,2026-10-04T10:25:00.000Z,2026-10-04T16:25:00.000Z,2026-10-05T09:00:00.000Z,0,https://www.kiwi.com/deep?affilid=mihalymisroriflights&currency=HUF&flightsId=0b7720a150f90000171548f1_0%7C0b7720a150f90000171548f1_1%7C20a10b7750fa0000be0d51d1_0%7C20a10b7750fa0000be0d51d1_1&from=BUD&lang=en&passengers=1&to=JFK&booking_token=HeNXpHvyQ8be5ut-iE6sqh_m8BCE-zKRf1Z2Fpjd2pyNf8YstmDk_IWqbXUcKMDomqLW5RGB4V-nwcfZNvH-9BQ1gOpG0aAWhGowZFazhyEm_lSYOPgIcT33na7crMk_vjRdhIYP-VHvuAA_RB1oenpCDqiVF8pMa-Q4Zr2wTWPoXiZ_I9d5oslziOccsZXhFpLySXmpWej77LcngwM-UPjORvZKrbD5dvg9Ce0NY1P5aB-HyXfeYt0wGlUad2eSDWR8ZeaOKjn_yy6AcV1hfRcmuD5OAT1RgFQTDfylMWjnLHIri38PnJnxpvEMNvnJyC9m9hDsK1p9Eo6jJesBNsCpiKYbhdDEo7fq-uuGRK53_oqMTz3TUux22InCtbBLddQ6gAi7keNNocnJFnTOkeNOvbt6HLz2SHcQGG7TmFSr_jYCD6-IJS36Rn3SRLnkJQFmux6e5a3_LcCUhx7WSP4Y3djkliTjwLG4GILm3PXsLvwLmImKNEbjclOo9uaGmZxYHuEF64WbolhZd-TsL9X_m1sKYnXhnA-S8gm5ItYzyTr1_h9kNxCtx80lF6gta0Q2W8pVzz33GhjtLwRvuNFZmo-SM6xYal2c3sleE2q2pSsm5zSyLH6PEzoiVpbs7hyGwZ8yueeGoUXqh6usEOtTwmFqZRoCCtLBqfh23VqFyCqsN3LN2LG0JWuqZ0ZLt9ZR4WGVDkFiV10uX-6khNSvvVj4GfDR90iHzks1RUI4SnSZguQhi_IIufVq-hSr2KYy-MGb1ypc6DffPW5gisqwUSyXcpuEZQZK-inyaS3Ltw30HoYaevNYv9gPZIyXMXdhUiT0DuVP60S1mYN6Ih1PCBV2MVKxcZvqPLhzmej8ExK-ECXxqjM7DUqvKeLV330EVFqXs18oa37FhBXxu5zvf7bhAngc8MNyyVjXJCKLSJtQgf-_HRoOPGBJkCA7TO2gk91nMJiw_MTEfUy02Tp3dYYxuQz_j1ppas0mVmZw8rpV-O1eDeAgo13LPzjQWjnHl4tsRq6L1gVnsokvlAlB0N9DJV5crW4Suu4tKUG4NieP_LGLw6U904ZZWllz3ILtDwFbocFWfKaV8iqHXWqtWP6-onEPA-X9Nz5HLOTa-FzJrOrx979Ag4X6wAg-VaLzJ6A70bX2oWehxYeeuAKN8dRjlO19rQt1MaGUl1acWPMVhZdHZFYIZrlEUbQ90-yJQuCSasbIZ4I3MQiUoraQYUiYFiLFR8ARwizJLVhQ=,1,1,JFK
Budapest,New York,367281,2026-10-01T15:15:00.000Z,2026-10-02T17:30:00.000Z,2026-10-07T01:00:00.000Z,2026-10-07T15:40:00.000Z,5,https://www.kiwi.com/deep?affilid=mihalymisroriflights&currency=HUF&flightsId=0b7720a150f70000d48c0ec9_0%7C0b7720a150f70000d48c0ec9_1%7C20a10b7750fd0000875434dd_0%7C20a10b7750fd0000875434dd_1&from=BUD&lang=en&passengers=1&to=JFK&booking_token=HmWFolO33DxwWENIWuNI4ihhQIPlNERpl_b-RXZ2sDDPASKHCGfYsz5JvWw6FI025pCjrdADt6A8KWQcdmLVwe1kKBS_d0PaKVn4rnQ8Qa_jyknfBYg385Hd0huH0_zaQQDDnwW4NjOc3JrRwU_ZjpdSPFlylDUwPZbzhvxStVbVQabEXeNxZE266TYbCgsHHJ4Wq9CE-1zDJHw1vxfS8d-UPJdSTCsnHZdT2Jqk31uq1PF4ir96xWeDqs9ifhPCNHLcVJcIVOyZl4a-oe04Y99JF1mH1SwJorz8O9lHUu-dj5P0VBGGyb5qqfDqik_qN5VpP4gJiGz67fSHl6qXvfUR1Xcjy07fP8rYNC47R6pZ3gX7I4DhbmRKoV0l6_NOTcysoPy_7xAYqejVHTKoMqBxAGLacXimgC-bW8-4ibBxoBQFasolnD6rG59_Ic25BXf7XoQjkB6VZkYvUbzzxleX5DDpYKIbpfV3gDl9TWPZIwWoTHbcv6H2107NI_-DOeRk1FMokTJn9FqUCmXi3xYdvSvJhbXlzWcmiGM34xL6YFDQsl46Yl_3b8JKAaO9aj1hx8XHya0S7GZvwRS2PNrDobmUZSXWTEFedQJWpVklMphq0Ur_iqZnNAaaGcKxIHl3F9Fr1371Ec_e6elv5hACn6O32LHCmt4O8nHhvgiZO7nYnB9agYgYNeicKmIJ865nob3_p5Hl-iaiwXVXJxGVxLHVpgXgPraEjD0u98rZwcPnSjrWvARzyge3RFJ0BCRcW8rFVd0CU-HtaDEk8uz6waq9qp7v7trlrfrzU6951C4rOl0k6MsXejv6ac6HgUXjSSTZiXfvTFeMyR_kNq39WqOwoeaip-g3RNSTkAfaBS3Zgm_ZRVuSoBlE2ZofiTxqfXv5tKgT656PwWP_eiGwBY-EvyOqz7tRvZsbmJrzYTkfv3ioXI66MW4jM_M0lIMSZoSKRFFmu1UhFu-SjjFenVr0eHpmZa--baEYXU4O27twnTUoXdxp4QBCP5rXsQjH_Fl-dyQ11plIaHSGJCPjgS7z0AmLAdBUhYGnVwes2yLKwEDS3MY9P4oM1IajD7N6L1yBiG7nRiBAppQOc5xi070ICraQjABx_j5CCPNjOgabbVe5lyi5dInnRKEO4y3CyxS3Rfg3THs7P4X9d94YI6rgUqKEDsMJNW4Bciebt4NwsJL_9RKrDNfkHfqVXlgzgLyEWYZlw6hSlPeH8KvjokGU4tDQDM4wBO8qht0qmsuBLVTyfgGcDfmOfhPa0,1,1,JFK
Budapest,New York,367943,2026-10-03T15:40:00.000Z,2026-10-04T10:25:00.000Z,2026-10-05T16:25:00.000Z,2026-10-06T09:00:00.000Z,1,https://www.kiwi.com/deep?affilid=mihalymisroriflights&currency=HUF&flightsId=0b7720a150f90000171548f1_0%7C0b7720a150f90000171548f1_1%7C20a10b7750fb000052b26e0c_0%7C20a10b7750fb000052b26e0c_1&from=BUD&lang=en&passengers=1&to=JFK&booking_token=H7XsjUdCrrhKrIKg_O3UdgV4kBS88A0Z-PeyA6Bmz5l9SUsCvNCaVF7xdI5U076Fnt1MsK7paClpyQtEHjNgUVSbbjtqpqXjzN8AIW274NN7A8OGjhlqCfgKUzhQSpPV5aZMeIHIpylycTNZEn9WBEVMcer3s1gNVf6N0pDrF5O0BusWdJ5_WxIUriUFNZqIl2hnAzgAbL0ffVGbczqmnTrOA5ZhEnmFopLn6akicSK23u8mD9jibrQfce0KUqhHyFlfjE-4E2yz8uolZQShiAF_3SYsDABI4k3ScCrvKwYwmWbnltEYOoHMmuArJzp0__6ucDo7ZErcRPkogiJ3W_g3rU1IWmoQAy6tv25C3W8QnT5l4W3kjQVc1zzpy1g5D3x_4kKIlGeL-2AB4BRtu15bywRnMS_b5M3O1mfmnomYonh6GBo00fKyuHfcl9CYJPiqGsQggBpX4tDyv_kjUUCZx0j1QEuc5IznGDohq-myv0vxL045O932BSx9H4npZAKlMljNoL85abE3C_fpgWXr5L63pu2Ar729i6nHgfCXaK756RYxZ_kWbB9a5fvgB6rABp6NxSA3RTSvPcyi8LC1CKxJWyHx2vdN67hWT_09SCPJDGYGkDXP16IW_qqtlo5BwCLk7o3QdEgizkASGUPlKH23G1yf_mMi-bTKhK-GWHXrbLkqaNNl48KxCIAlN4qMxgi5Cm1W3Q62qwd0f65GQ1aPmsx0lyBa2I3HOeh_uQCuW-0khadBmpsolfrUBmIkQRurRbfkxvfNDkoR8Agwc9IvY4KY7AJJzMKzaOC6nHeSIvxRSpptnjvWP7RacNXJJtLcRqs6jK1aD9kpenq6GRK2-9es2amjx6x-rzElzw1HVz4xNw-KE__qKk8wpouq4N6AUQs_rXmOnWDRVm1XoWp_vGpC6-3a_BtJYAsVjFoT5d1jMzj_MFan8sTEDahFggCFsqnsG2j4JCdYaxohac146yxYCJ6gTkN4IQC_CVFbQRqXOPt5lSn4j8EOOdsYdMny0zIuxbdC1qOgf8NTWTATWMJnytzyQpWgbnRIISNcKGH-ivEiLHq4AvP8JtNBFlPp8TezYVAuZ2MrkR1zudZOTFHSaJ3a9x2oiJ6Sm_weC0dvn0Wmfzf4iwk5nQfGu3WIZTU6rTG2hAf6jpRYJmIDkUJyWhi1PHEZTtHnAXyquj3BKCVoTl8Hbb2qEgGvkSYrbG2T0QHcIIILRW8MNhxVGtGp8qLAA8lXtzgZ9qfeErG-f6ape3szlnfVY,1,1,JFK
Budapest,New York,368406,2026-10-03T15:40:00.000Z,2026-10-04T10:25:00.000Z,2026-10-08T16:25:00.000Z,2026-10-09T09:00:00.000Z,4,https://www.kiwi.com/deep?affilid=mihalymisroriflights&currency=HUF&flightsId=0b7720a150f90000171548f1_0%7C0b7720a150f90000171548f1_1%7C20a10b7750fe000044bf16f8_0%7C20a10b7750fe000044bf16f8_1&from=BUD&lang=en&passengers=1&to=JFK&booking_token=HrIB534fXLj8tuhN0dOjWzyv-7lIYzdn7CZMOuiDLOwmHn9uflxgXPucCxJuWnC63V3W2qE26LGHbvRvkzr295eFYVbYNBnItCOc1VwdGYK3hUt3docBzvAQ2rP-QKCQJ4rwzMcXlLcyLfCf4UOn1yRf32k7VpRNYzqDkXorF8cWv4qQmd_9fEOGvm9WBqtJMS-bTUvCM7VXHNbuJVMvErQB2ZzcdAT0jr6a-PMVEhhom0Z-xVPe76r-hIVoiPd21Ziz2VjdGmTrOTVEkWgEvrrBsfuzLzyaHrblbQyTxwn-WaYPfa1WvmMojw6b-YxEAnH0d8F758I-GbB8QAvVHoCc_ZxctB0LFg_eKdrIGSiCgfPo52A11d6g2k0anODBrxSns-fUoKKJYkmFUQPhtv6DVaWwZzdQGlyGAquHoRojQ2IEWRDDDlVpPyZpycawj_p1S-sBwbqTo5rJVrvyVE5_PabWov7aSuhDjuy1bEWix1sa4VbumRaeSpbybCywX68eCcMdmpscQ24ClCH1JccVJkphaTZwCKsXidNdn8bjFZPV_fH48X0ksk6TwnO4aSZTSgiA3V4twilY5qBw55R6XRLrj7RkO3RwGTa8qvIYsuLyH6tW5cFsgCw6jJxMp4PMJvGkdulCa_iB3AtXYn-7_ERLcuQ4-qiHmAPaOYePDMaEREC4b8msrxwwiAKzgSgD_xlRODeErKn6WbtP9dIVDHUX1roP0FWDEsmF4CaRe-PX6oZhEd_ZXZk6x-jte2iPfl94gujFrBXfRTL-dGpAPzfeWNNM3Yl09Sp84-rxD8EdboOIRZYhBVqtzYZANUHrAC_Ij1yuBADCQuofBwpf26dfNKoNIrtpEPM1hwWAFXkRnHO6cEs1jXsR0LJAlSU2cDii8NLyNeaQ2bfXx_pxhwxEFQ9phih-VzSUiO_K9r1kpEmGO3KNqQnY-1HrEcoTFan7dFujBD6mRLW0Jb97Fzgh9leUjFhak_Cmc2WupHiJFgy81ojTKzQ91BiEaWCHTuQWslJ814EeeasYeP43sJopX-ZOEXkuucdDeiawNt_DC0QKRA27SbVxVOB110n8TFqHy8rMAT03jKHB3PjrtYxn7whki04hVU1yma-DklcbzrkoIXcE2v_a5NQ0xGKhPViJ_w08sWC5cWbSa-LJGuZsg9FIj7vpC95V-c1Pm5kRUdyPA0QljeCHtJa20uXMEhSHiweA2MBZ27qgXJIkPOGhH1Yf2sfSs8lvR_BE=,1,1,JFK
Budapest,New York,368406,2026-10-03T15:40:00.000Z,2026-10-04T10:25:00.000Z,2026-10-06T16:25:00.000Z,2026-10-07T09:00:00.000Z,2,https://www.kiwi.com/deep?affilid=mihalymisroriflights&currency=HUF&flightsId=0b7720a150f90000171548f1_0%7C0b7720a150f90000171548f1_1%7C20a10b7750fc000090a6b40f_0%7C20a10b7750fc000090a6b40f_1&from=BUD&lang=en&passengers=1&to=JFK&booking_token=HkgWZG_ZLS6zYNUyh7BBs_UJazi8D59RMxBCGgTKyNRIrl3hfkNyf7XFjeIFP4AvaJ8ddVMZ_Wk5_gR3QZA42BVN5-exFnaLOiAUdygIKIpnYbQBgw_ppylC6xuyqht29PsLet2CpxmNhpZY1KyqzD4GDADeKWuJ81l-TnxIt5E1yY2iUpEcdAdfm7Jcc55Bw2MJic8nA0CANmKYfuC-nNOHCRkTQF_r638Q6JiofEw2YFojRStWNfYmaCC6Syd1lOFzS2Pgsy5iKx1cHA12yyv7vgiHYkEfU-CFtN5_y4hLfF99I1G_YNMyp6UASbP0b3goZF4f5pRK_efGtXZLsf-B0TmMlmsw1FmNmlP4Lm4QBAQtzpi8z_sXv7EI_vwszE7v19wvEPl5-aTtsN8addgHad19vNJhgzAIeJdmj-Non9qtbo2xYA7CP62FYozpjYPTIRUVPc0Q8w9mZ_4xmSgid9gx8kClb6VNw9Rpwwm1b0pkYksI3vWJzOv36CM2RfnXUfT7VBMWgg5X5pDjNrTSTOQ8Wfkj6He2uVURRWa3K-dlA0azfPdnw-NyUUdZcmb54VzpjRAm9q7zCPYZbVRPzlt0TpMdupYvzYX_fdj9ilpojZOuBlM_B1YWidFE5tYosf8KKlyQAxiDeACQQwJ_Yoge2YbWOknr9XMZmGAW82g75s14e_UtnEx0BtDTsYtlHo17mGnE-lMMXncAkH83vbeMFUHpdzPiH3hCboiHCNQTjG8caJaJLd1H3Q1CJNaTD84kdQP33AQNxTR3-CkVaK-iLeisGjAxXnzh-NaIN6daS8QdYQnAB2IzFBMcnP6zk2oHTq_YIhQEmZH2yO0Clvs2-Bu5zZOq7YhoPb_DDBOAQhUZ6Xl0osAAV4gJNbLNY3MWU8kT3gBwfBBVcv-VOtekcTMy59CzJfDV7b0IeGqF75P3pVJOg859WDmmCDedkxDl517-qoP7dAZ8ScF9xoaqsTzrgQy_5K8W1S52-pX25p_WCWeGFA8qCIOW8drs8xGaz8dLzxiORce7qkpySo9ZO8phw1BuwpDwXMyACLG6sALLtepMtgLG16PjRgwNGWQHrUXkniRUhiR2Tf3evh7ji4Q_SLV1hCtOOICykAITjJ7tIfRHYsvMHiQCq-EE6SBaCtoppSwUa3SEDpn8PFHaTXVgc-2XYP2pn0ry53mXukUwJFnAK_rjzwNplSA2gYhif8xXDcM4usM_6RYOVJX0zYoj8NzzUAPQKMa8GlONtp9_rQoeck5g8Z2-W,1,1,JFK
Budapest,New York,370829,2026-10-03T15:40:00.000Z,2026-10-04T10:25:00.000Z,2026-10-05T13:50:00.000Z,2026-10-06T13:30:00.000Z,1,https://www.kiwi.com/deep?affilid=mihalymisroriflights&currency=HUF&flightsId=0b7720a150f90000171548f1_0%7C0b7720a150f90000171548f1_1%7C20a10b7750fb00000fe2ce77_0%7C20a10b7750fb00000fe2ce77_1&from=BUD&lang=en&passengers=1&to=JFK&booking_token=H4v9OTvad54-t2NcwnIdBtwTgB0eKvSerdnwBdLO3KTYwC56RIvB0yyaxRRS6B4Cb6PHJtJMo5Y_lOxMkmgI9ej5iZKECAHu1hu9iGOmXBIOLlKGX9lbzOpBRqUbE9lkzkt9exx8A02s6s3rhShmYcvppKCQaDrDGoIBxuJBjbQ2dusePNUX2fY4cQ0cZ3MZzTcpq6nReFbcleCCSl7He20i9UdE1GcGE_w2FF90eNlcAB5yHy1kYDIfseE-GRv0SnR90uJOkYeyVD5X1FpG49CcP6zp1p1_UPifiHdjaA5VOyXK6zoxYM6v9bu3FzUC1tTD0B7qq05HdOxsX3SfKw7iiINoM2B9uesRtBPBh1WpuFK9NqR1zph4Zb9KYBY0A_E59wD7wyQ1pnkEcWkJVFsWi1mR1lBbnOtkECoLDnOk1qkJi6LvS0Q8EOmly_HNIKQd_9IjzzNFi29GD7AfIaFhNzUFbWA6qUTNKGK5onjE23aTK-xoDIIRSm0JqiDslk4AafaB_7zh-wGNrsGOgLfrS90t4G1lOLHpKUNSRr-_10Y_TnJSGeo0Ug6hv33jnzzcfhZIiAwh02uIHeWoeMTsdS2WC1pzVzcOZndQYycJD0h_9GZl_KNg_c5MUU3Cvjn3EK97Qy6083uCcgErrBo5lIy_JilJO1WKBgXu6n2wrgAA7pd3gVht-KTfScE4aFIJkqE9z9imNzY6bw3xV5uke_mByvattTd6ddyzUdzFnu-HSfO6JUSLkAa_ILTADP0yB8AeyDh-393_VW9AUoJUt3XXJR7Kgi_jdFZVd1nJ8RcAvsm_5ViaiTAHJ8IxxcJGZ8QyYX-PyzkW8RN9rIkv3saxK4m_uQyfh1MvkxezOPmPYwV87i4gVJx4xCtgy2sq-byqZmzBv35FBMjuYeydIANgBHq_c0uo34ZB5voWrcxN0cIkCdF4UHSS_HTdTZL1seLsuODC_hlNGQzHNiQcUDe7R_BY-ysK3Q1rANoHOR1oKgg9FXQS1VIyX8wNi80PF68kCS-Wrcf5InQuDdRNqMRt1rrFhqCVyohxj3lfyrQ5SHswOroG-cZFOJFi2k2IgjZ6nUQB1m04zn9_TOqUMMOCUe5GV5T8WNnHIqub8tpxWbSDsWnidN1C7RIbXP9PPxqL_GXBu9sH0n2xaWC7g1aVHj40diR-yAITPA_gXbKZfruTJSNRLFjyqHQqEd5mE7dVAfhsMKvjB5srxzn9TW85Rd2wflaBdBNTXu4w=,1,1,JFK
Budapest,New York,372139,2026-10-28T10:00:00.000Z,2026-10-28T16:40:00.000Z,2026-11-01T17:30:00.000Z,2026-11-02T08:00:00.000Z,4,https://www.kiwi.com/deep?affilid=mihalymisroriflights&currency=HUF&flightsId=0b7720a151125116e70d527f_0%7C0b7720a151125116e70d527f_1%7C0b7720a151125116e70d527f_2%7C0b7720a151125116e70d527f_3&from=BUD&lang=en&passengers=1&to=JFK&booking_token=HtuVFFJUGZALLDmSQhFRTxeAK34vIMpK9EeRj3vkjl_xDd1itOF-MJzSpetMumY46IS8oSUVMWDVOvN9E--5wpY3bfEVgqObW0XzBnHnEIbIyRVrWZW5Bo_7wCwF8rHXrZDHvvTjpwY20LpgzEbzYoUOvYXUmzsoKOmWyqVyNWqg8bu94HFu5MCCYfRk7HWQmvrNmEw2_u-1m3LJWdWvijdPulEfJ01UZdatIuFjiQHTerAgq--3cWsPONtFmAmAFpAtpBmzb9HdZVABLdzD07l38qc2K1luaTu-bqmgmMCyPANkUicq0Tn64hSyLqy-NaIlRvvqy4hK7o-1GzQ3cOy0HGeFgNPwMob9UZmOcaFWIpPScRYsQGT4wQZ40pjWEwwN4RJPD2bItgztzpKDl2QQYk74lwrjSB6sHUoLqDhsiUc-e1S2l2fgPV1_0ugNYVwu8SJTuF4a28oH89tc9uAiVcAFXSmEiTO6o7kgww-b9B1rUqeIBsiRPSN7iFpMZ0DZtYKzmqmt5ZctiA5Dm5uyqjbjQjE0ttU8zye71w-PRV7KuXu4TQoq05MiSjzRD13Gz4ib3lKUW2AkV5SwpWQQhEdE7cUVZXl6lmvIagsMUtRsYRYyDW_n1NiubYIHYYpVptmdCkNf8YkFPc83E_egBVgEju44GjPPtKAIwAb6rFxbmuuhB0SfveBcnisVWnkZkLv_kTXF2QPEOIF7hOoG_274Y5jRcnlabj6kz0LbjCUygV6Lh0XjnvCxtHVZKGvDtvqostPWZfg8x88JfXo4iUY0IasWwjFbftGE2Ti7eDJYJ4eOHnJ6ko6v7KQxuwQ_xxtxkovkSc6fD_ZXAXkZn18xHgVArzTAq-ZTu_eHBdgmszlDZ1GcllQf8epy3ouVE7viX5NIUlAJ2e8D_Z1UPs2lML4Ud8wqmTG8KF7FlL2crhqJ5wcM20ZQqp81lRjsVxLuFE1j8rdMVS-YIX1DPlqBjE6x9fvMYffQNo3-MaRklhcM0_gYvGcpuNpGKsyCi6pctCcWP8mDEqeMNJriTT9aT7x8AVvM5VxOPA9qd0J1PWpb_kBY2jTVRAqbiFbryc_sP5Dd6b6BB0pchguEqlv0zRcf1zcl1j7cmq4h15K8kP3SXhwMbYS_6HMuZoxV4ooFa7naHFEQE5G69iLvCKhr4jTD6_nxeOkQFJLbmc50jJfqU5j4Kd2hZ9EjeSdDodwRgTbHFPAnckX-QDyiD0sxOUWb7XwEw71ZQBC-_g30vae5J7N4EAZbOz0IVGVeucD9sMLP3uRcSsOh7lcLnFQFHg621cIrtR-ILiaM=,1,1,JFK
Budapest,New York,372309,2026-10-03T15:40:00.000Z,2026-10-04T10:25:00.000Z,2026-10-07T16:25:00.000Z,2026-10-08T09:00:00.000Z,3,https://www.kiwi.com/deep?affilid=mihalymisroriflights&currency=HUF&flightsId=0b7720a150f90000171548f1_0%7C0b7720a150f90000171548f1_1%7C20a10b7750fd000007bd2530_0%7C20a10b7750fd000007bd2530_1&from=BUD&lang=en&passengers=1&to=JFK&booking_token=HTrZGcXO8vSVIUl03ZuBgJgoz3QVlYJAiMNq3CNPoTshHkxn1VOpgRNATjUj-rf7c82Ix_V_Q_Rjm5MI_a7Y-D_69FBoFUB1JIagt1gM8CC8E1Y2rFbh0MT_Ejsdb51HMBZ2EAVDfOem1GlJXNz1KJzyTrYeGq_sOZ6_vFHIboAv1N1aUIRqvGsLf2vOraoIpTJSGnfeUgx0XOwUJMeKE6XxMHGuR1PNkBxeQhms1m8hVl_BQgvZ3h-forMtvJN411KnAgBKknO287-mLFU0142NQtT_Io3g1KXZycs6efmHj63BNp61U6Se5S4pBHaDrAcBO2uRVeS8S2CWUZ7oK923QXYs0QZg-sOt320NlP8ERd0iQmJDjuA6sTpvq-YqufgPU8z9ulUMFC_rZHHk-WHMUCXezJ4eBwBLStqRti7blh13iZjPSSdsg2rRfzF1Ru4fdF0vszKUKynn9IamGBCg_3k11JJwQIWEnCA1Q9RxybHnqAu7XDp1afGu_uPpKldl7x5NjSifBUei10HqtKicIQw7qPufZQzKv1xZMF7m7mX1yA3zBhezXjQ-_2eEG9Iywc5tMa0O7KkGlenROGY00FsmfWZ3WLGbrOljxKu8YZGMl9BMD9uWnNzcxr5XHuhZYHQsafJWj-XeHNgC0yUlS2ciOuWU8Go_mbBaG7Dg1o9HqT86M5mIKn46dwJ4QljU-Vz2hgB1W1Lr9AgvHEJz2PPxCrjbnZfPN9wNHiCGCywEHwgOUOYqrVX6psy4CkATMTvMNgpBip6SkPgZ7VxdxsHpcBRuZYmNBONLCrJ5l3qmZJA5uE_ul97jg0Y928YvTjPdypM41yMX1s-_QJlK5dtCm2p-dU9slsg0lj40Imw7Ra-LDhqLFI2ZigcVse7hE12sGxVWibCzO0nXyw5sDWUvHXjU6s6KJlLs5Cf4XcLHwrVIMfkfCy3r5o1yDTJ6aKLvQ4nTaXoXzAnIrYMjl8zOBhhBdXhVHvuexszFiwkWiPuBe8oX2GkcEBnbmpJU7f_1cUq-mrMI_NWE2ipVWzBm2iVEUhIjLpKmCKW9cvaGcfbNdBqEdlIcFQZ0OkshN95We5622WnEWtdec78MwLOr2dw7nA4Dx7GdUH7_y0kVwfFM5vQKE731wTlVs1sJ3P_ucLooiPvbH1ZDbjY7zd1yUYsnqbepktH1OOLomyDY8LE9-PxA9pG8nhXTI_qNZRokS1KlNFGtlaEd0fXl0sthUKEnVK1kGiYloROJTgGhk2342ogkl9lEpTO-B,1,1,JFK
Budapest,New York,382466,2026-12-16T10:00:00.000Z,2026-12-16T15:40:00.000Z,2026-12-21T17:30:00.000Z,2026-12-22T08:00:00.000Z,5,https://www.kiwi.com/deep?affilid=mihalymisroriflights&currency=HUF&flightsId=0b7720a1514351483d1549f2_0%7C0b7720a1514351483d1549f2_1%7C0b7720a1514351483d1549f2_2%7C0b7720a1514351483d1549f2_3&from=BUD&lang=en&passengers=1&to=JFK&booking_token=HMQ2Ix_35BdXAOUF1gaqJtHl5Y1KuqO1GwzBCIJSyxElV5nV_gbs_TXzdCHNkTbwD-KtDub8fQ2az9bect6o8suVWNLeUf7TCeXTTCb4MrYh8qGg1UoC8c2p8rzEAVLD_sZ4ZZGpphAOQItrZuuu8i0w5ewLTy99aHnSwwggSdBzi6llWAu9PJ7few5Q8FJ2h7VPphGZ3ouTZIKXycR1U1Eh_oQ-bFdZYqknsqIpL2srQIQd4WamCae0Chqj-z9x2NLJaoN6aG7dvofUK6rpX6eQN_fRBeRwxUNXTGpBHEXpxAVQNg-nM49TQHApuqJ-njw0NqD6vNghM1_CsEM63PruLeNjkObtUxYmsil9JvkrZ1hJqnAcbGKlk4NW1jnMQbvDbzWepqcx8fa8RxCpswHMQg91VS3l4yAUslUgV7cnxWLR_ss4BxoFk2F0gAYoZlXGk1IsFs6tZxvhLyLWw7ELsAzHU-Gt6hhUoaobKsflQh6xXzSjOy31JjxsiGeApAd1_KD-h2Ok53s1FGzCAO1svugUDN5e9I__EOFzKxcTMqM2wF8wL3TQQ0Uf8S1nxU6ve3G-taAYxxwB40h3EoKEl5XTmz3mpnupJWP5jW5l3pfk3zQtRufOGdBxf2d6LoGUd2aH0uDl5xEN3fTGEYRgbvHWCohqYc-DKBkYSkVrry5S3elW2upp9dCHGdRHhhjLB0Usw95DoKkQtnLJkDlgvM3aOm_clXOGnYpv6dmMgaeTe02FWzGutUQoM1rtWQxjARa5xGtXkvQSavlOvdK4f8088D2XqpXKz0ZUw62zQI3__gASyFhgIsjY1HnorE0CzWe73XEl93khSvWZIr8TOOM0KLGMWRKF4hGzLtDsNfMCLk3h-eQWLnn8RdFIA_AHS2IxhQ55FL_Ihw1v01A7Ra0elDze3JfWNEyDb_qJ1nZ41jfoqBwR6nLPbH6AIPnoZFxvRNgaU0MFfwvpXpO_RjamcpU0SuJhtMngDTOUvL0hfxh0TZEM_En0Bzv2s_V8np-7cJiuUW_gYUR-MnajtCgHAbMtAHbyQahx7oh8gSIstXkNthpow_Of9DTp1ip3O7hIWY5WCdLgkuKnFI9Dh23nPOYXoKK6xK7VRQdmdc3FVcCs6c_LW4zsSjtYtMufep3--4IZredIZvmraiWrbLYNUQ2e6GAEjmu4FmVh67C1rSmp_6f5jOoNMHlQCoQxqtgCaUPHbFCQ0T_8l6mxHSKZlKeSSwENunwnFFOVYUpM0rmZ7oS-Irulu8U6e,1,1,JFK
Budapest,New York,382688,2026-10-04T15:40:00.000Z,2026-10-05T10:25:00.000Z,2026-10-06T16:25:00.000Z,2026-10-07T09:00:00.000Z,1,https://www.kiwi.com/deep?affilid=mihalymisroriflights&currency=HUF&flightsId=0b7720a150fa00001773646e_0%7C0b7720a150fa00001773646e_1%7C20a10b7750fc000090a6b40f_0%7C20a10b7750fc000090a6b40f_1&from=BUD&lang=en&passengers=1&to=JFK&booking_token=HINkRX-YUHvNej37fBAFFVDdMH7ZdorbDSd2xDUVunlOGrjdtXuCy7MRUV3MQ3lviCOJy6z4m9pfGFKAs3HiKSXIQ-1RUc2GGm4Lwe4Uauyoq7nTkkBthRsjeWIfu7hqjnX164tjp9pAuTQ88ZKmGG0S96qLdk0JtdcQYzNRJ52KuPChlKRbaxiYt9oRjttNDZWpm-mDvc1RAI-qRDkj5OGA0af7pDGB0D_TTTzsX3carZFjyEOSRMKCVsboyWYLXo3IwWoZurUecUbU27zu4S11SFA5-5-uPQ6ooi9L5QI13zVE75Hz8NMKHYlYlz6K_woq8uupQd59uvCgkHULHDa35LYiFcsc90m8FjAt6mnor-lYhBbpnWdnxXm11ZeYV_tlPDjys0diUV0Z9KVx7o0TmxTIVsOAOcQZZfu2JccM3O3luFho4PO_svS7iVBXDOVxA75czUwf_UaLonbE7HV3roDRVQxNQ5xVce3mfDSjiqL_mq0Ko_aaqQrbnqdKeqSf0nuRVdpaVgNHmxrLBkNE0XuSF5Ef58s3no4W_Q1kVztApIGW4bcZ_cLm60uJBXkr5OwjCBvSXonM1lEhZ1tbDHg1q7raos-KkftdW7OWqfsWKxToSfpGLa-qvnKxFP0BnX3Rr8oPeaBqJFpdUnvGGANiDhjaNJYqp_a8TiCNOLQ0ZEdmUqvkGP82jzOJ68osvo4LAa4GqiqFbb4pOzibGxXvoQ1nxOh7wXAimHF8Yz9dVCNsF_xsLIm303dQOxh8cZgE0v_B3TlcseJ0SO2MXwpjVf1sTc5D0dpWYbtqkYQ-w9r7GQWM-WcAmatA6-8mnCXPdfeRWSmZBo4FRNJUeqJ8uOFl7890kwXjE2jVed8BSz3A5XM11d1jydVJPJUX5RaHTPY5bqVuHSyVcYqNEYbL_aH1brvtkcFSK1YvbFVz2o32oq03pIxnsBG2YYNucX2uQnfl_dBvGieFsFqyvg1VLMVn6J0QfLBuo6Wa8EzxXfhKkeDZNxVYsLk9JsIm8ZmhBIidK1n9bRgW8zFdNLGAyuLZO4xCLMvLeF74cROWV1zeMuFR2ds0iDiStknybMltIYwNesnZGqVqrh29nWkv1XCB5qY5bA9qcpBjI-6dS6WONl6ssm69c-LC54fpA3WJGUsFGzopxT0DmdehU2yvtyCLWZCp03PmwP65qyOXuudX1KHz8KtfgXmkWIi9O46r90fv83wsdb-_KWeTS7UbYinEfx3WMqZUIly8=,1,1,JFK
Budapest,New York,382688,2026-10-04T15:40:00.000Z,2026-10-05T10:25:00.000Z,2026-10-08T16:25:00.000Z,2026-10-09T09:00:00.000Z,3,https://www.kiwi.com/deep?affilid=mihalymisroriflights&currency=HUF&flightsId=0b7720a150fa00001773646e_0%7C0b7720a150fa00001773646e_1%7C20a10b7750fe000044bf16f8_0%7C20a10b7750fe000044bf16f8_1&from=BUD&lang=en&passengers=1&to=JFK&booking_token=HRsJ-85d7ZDluvReYVae7t_PwAxdBtfTnUiHS7ca_2_vTmSPP4HK7V4CDlLd5bAS-He1rIqKpcxNy8nC6tR-ymt311SJCvXTLvXUwwDyfYBiokmzs_h2Pzw4QVQxCNBhapctkNs6i_MjixDK7s0BVwSXoIZjeVRIWh0yl95Qi1YqHashClJLeeFM1h87nLiPJJA9OjuhJ0FbpLLy6Cr2vT2fKTBi0lXnl_Jmn45wzUytq3tWoBhLL_0WY7gHLCnb1s0WeJsIsmrJELe3JIYwXKMAC7nBIDoUY3Ht-0O0SB1CFQDLXTAqlCtYCoCjWxJ-b00fgIWgrsMxOR_3m-P7gBwyexec0e0sJPnhjw_UHaF2tVscOV3fI98FFEK3OusV-R7Ny7HGrurlAq7oJJqDVkKX8lCv3dm4R2Pj6ivtal-KPfsUGuo4q7C7_9h2QPEFpyCJmOlNBUokCTvuMoH4eRmKGQMMl_xAKNpiVJ5smeAKF4Z-wYEVuU9lE-ktDd60zFxPahY5meUfve0qAitbAgMhVr6nHRzz3RkcdOdIGsrxSbW2JYCIUbmaxX97BeQJR9Mf69q_Zx84tacbel6YETFDPTLPVgyvU2dwDmaLQSaP0QjvWsIBRtpvXNIKNs5WgZPn2Tq1xe6TbBjZ4FV33rY-8GjLd0o32SFkcCQOJL-yf07Mc2_8usA4edXfkFvQUxmECvy_-FON6zd-YeN_8Djpf4vsj3iFnZ4Y9YMd0v8HvAogugKQPDyP9-4lKRIV1uBnKfTtnPE0zIMZRcW0HS6Lc63x1G9TsJ94DEmWd1NBdjfU9FdrZzP7lecnWkgtgARf5J0assoYdDDpmcG9xLTFopxtM6OtoUVsbbBUPdr2hkXQaTQKHKu6uA7QMrkwvkBKkYaOYAu1XvAobSlCrl8y56pAf6JNB6XnLY3dJYg6f_t2lYq-zW3Vd7iv56spveBjECSm3WDjY4ujCX5apO0hz80GfS4bkvloM-AQaeBw2tFZqGChDQpfXW68itckM4yjFN1FzbKk15Ly7WCbpmWcRQRiazWH-vNZ80glwZV3L3vAdcuZUFpw0Ylj1Ri7jwt33OsSr2-o2k-FGXb6d29xwvjm4wfnifnUi8Bu8WZJc8U_MunxI_Z-pTT0hWKECUEdeohlpSSGz1y8se8oBM7qZZnUuHy2p1Q52nLzZN6o5L0PJ5GVh18qZXZSzE_UNTyG6dhDuE1om7eQgZVk3n5BUfyjT0OIbP6uGoJ8ZUNg=,1,1,JFK
Budapest,New York,384144,2026-10-04T15:40:00.000Z,2026-10-05T10:25:00.000Z,2026-10-05T16:25:00.000Z,2026-10-06T09:00:00.000Z,0,https://www.kiwi.com/deep?affilid=mihalymisroriflights&currency=HUF&flightsId=0b7720a150fa00001773646e_0%7C0b7720a150fa00001773646e_1%7C20a10b7750fb000052b26e0c_0%7C20a10b7750fb000052b26e0c_1&from=BUD&lang=en&passengers=1&to=JFK&booking_token=HjYovXaggAwE1VB7A7JXy_X7kLlyDPMZka8jSADRRXkauP8cZtBS78MyEo4KCbJeZDUAySuy5FkJdhJFPXV3U_SYXxhZtWn8ViKzUOdp7jOawWJI-mtfZiJok_tLNHqH8iyeSPzxl4hoZF3qhyeu0ORAZygO2vBgNd0RPYUVDWnD6Vp4E2pIjJqwIJGQO_h2I5ctVzdmXypsBJ9Q_eQ_g5rgb1s-Dx9A2lDzIwrLOPm5P-hx7dQN9MWNwYs-PVN6qTrpUYJSvayIavDgVsCXQJcoq6HbZtMYib6x0nkvfOnysldxBENyAT9ilBj0B1HpaesuwFGwuoNmeUHxruBZFIgLQithvc7dFvE5-s3kbfcBTScf6OqBpGyBZcTDv4LflzOqc-ROj3ZHVfiWwTojqj1zB1DJn-fO2pPncbryMLc-7LdK_1m7gHWG4RFCT8QtVoSJxTfTgrLeg9thze-IjL6GxoMWMgJywAqu40KsuPfV-CWrqKhxmSmABTUx6ZwXb2AyXgnjpmTeLnAtsX8yHt1YqLYyy9EGvPXPMYoxoKZeGaYp7mR6_ZYYFJY56DKSAjj5x2ysV5ch4fcZH85D4WXAT693mTxueFd-vHEIvnRveTTPpL1QMIKFexZJR8Lp1xidJ1vvrzcxGHTtApwluM3TJkx0Pi1W6Zq3F0kNjME5SAvHvaJv0LcWSvaYTQvTiNdPb4NRqqDnOW9yUrVOMV7i7Su7qlrLlKcrkYlkhGRXY9LRVmbaH0ism79pUSFMJEYAlRMTCheUevG6ZcwovWtCwn399O8TA2XshpnodxxANvFq-qN4iS17MvF1szuf1st4ljPGI7jutKKfJJy261sXFrq_izYUlsGSy7PNOnqdiJmbPaEeZGJRxlv2ZCLZjVB32qw02uQJolLy5hOGZIJbVm8Ek7xnNRIkT_idwJdB9j6wIs8rNKcDJX1TQr8OIoFpy9Ngw7XWdfvcY1X31u8WuUujQYTDFqcYcpfk5FxHRiEON90G-4D4uirySDrnxtS8DPVO3EHcPyOsxHPbb6xoOQJH6dsk-_BSaV9YkMnkE5lJNqIitWoCUihWYqe9k9yPK9A_2Y82vK2cYjSUAty42inmo7a_dEm8Uz0Uzr4gnd7Fy5qNlVaLWlSRJ5lOVdE0DxuFGe_uxzcnOJA2MbCfwf6PUB4wClgeR3h5L11DcO-34Kgd54hXN0BlMHGUbWc5zhwMSC-sphMlEN5by1RrTymrRyhYVnvMUeg5zXJI=,1,1,JFK
Budapest,New York,384241,2026-10-03T15:40:00.000Z,2026-10-04T10:25:00.000Z,2026-10-08T19:30:00.000Z,2026-10-09T13:30:00.000Z,4,https://www.kiwi.com/deep?affilid=mihalymisroriflights&currency=HUF&flightsId=0b7720a150f90000171548f1_0%7C0b7720a150f90000171548f1_1%7C20a10b7750fe0000d5c6bd80_0%7C20a10b7750fe0000d5c6bd80_1&from=BUD&lang=en&passengers=1&to=JFK&booking_token=Hz3MCp6UMFYiXG7vY-pEgbnVXUM6DKl2XFctbPlaxbxP0JcyC4-1l0m1qw_uuLIOK9c_72xsIMsBoIZlFF55u95b358iRZVjXxQ_7xCYJB5hz7XMtccIKwvvRxt_LpF7bKUTwyGT8EhzQ-LcHkmnnRcuS9UB2Fl_NczYPJ3GQi4tj2_TAb1RmGyCGQnwS4C3V1g9G-YSgQHH758hhz1j4MOYp95B0eGZmSooqf300m5831oLNnVMc5TsB0XspXGAvZ7g0XtXyuxhcMR_XZoDKE1Y-u07XFybAKj24Dn0gnXtnOkmBORdFIy_pr7sUtttvKwlnZvxcH2s4fuG0g_icqFotJv0uZU9L5VcJpe0ohJIntyIESgRFVPe6XZd4-00kH-6mP0j6fAcNNSlR0ldA824xzNUN7r65ABvp_XHM-wkpwS-3_4pK3Aa8Ol8Dgtmqy60DOuDV9F0k9uj_gxuwUzEfO43HRlLXtXmz4BR-ATTln_WBjmPTSL1YqP2pYxF4qffQ8wBO3uof5WxLhXyoaingmEf7P_0HEBZm3Ml3oiWAtepdFfVzuIwXJvcsaISA1p7d0B3SWKqyIxlLvVFWi9PQ7bX3knaGpKWQR6sku5xYsKaN1ALJ_x96WP-MdioaKj30biy6PItC53lgG42V6PVTqYL7ZjmCt0kIUnvDHwJwK8ClQ-x_9ZS0lP25cK9K4ow5q3nzFGQX7wfhtLZtPgGDUYNfaH4MTPFCGQJtMNahiK8P8CVQzmKIpnykC795MysikXzb3382Ay2_3hQvf-23MIuOLAzQciwDV6ZlIL82Yg2tGkVCkDK3A6Er-Hylt7DKKFZyxeCJspfqEvtyUQyppQBnabI4ZgbAn1rmwP2yX8O8fR-oPe1X1ZoaBk_yUFEMmHJf3hebjEBZlvwVMBvP4D2ewTKB-92zsRLz2st7oZ4aemhgfsXYukleN894-71urSllnCUnwerokNcvuRFO6Es83YcTg26_6rjMFG-PQ_P3neZsP8TO3b56gTOqABPYSl_EeQ03_Kvvd4hLHzhxubnmrVB0CeFgHTa3SFlUpeMcNyk6qezzFac7F4SwhmF_-dd6S0GivSWcjjESUubDTt10vPNxXvLi6aXUkwQ7Agdn-dgSr79-il8K_PxuKAjthT5lcIpYLItHbM4fR6jh17q7tIOI1stIL161Z4R1ss0dD3xO_QXfaR2E33Y5yohmqzvx0qbzSOngIR70l88LK70tThGkz-UUM2n2OVg=,1,1,JFK
Budapest,New York,386591,2026-10-04T15:40:00.000Z,2026-10-05T10:25:00.000Z,2026-10-07T16:25:00.000Z,2026-10-08T09:00:00.000Z,2,https://www.kiwi.com/deep?affilid=mihalymisroriflights&currency=HUF&flightsId=0b7720a150fa00001773646e_0%7C0b7720a150fa00001773646e_1%7C20a10b7750fd000007bd2530_0%7C20a10b7750fd000007bd2530_1&from=BUD&lang=en&passengers=1&to=JFK&booking_token=HYxjTifLto8FPIWCjkgd-IOYQXeuik5Uafbpl4ZuzMRlkvXn0nb45qz4WTHwaSG7fOLDX4tF7yFvREV8V90aMZOm5bXH8yD2-usSxNnys6t87Yy_FJQf6rBpD7MnMJCokMOznO_DqvEwOg9Ou_e6UqJpP5p8Dfo36gq4j46aAWIoz-E2ZRdvxJ-BEqAeVTvHtmY85qsP-vMT63r02vp7nFM2IIsUnTQKfkuzAiIQrMRExJKJcVuN_JtUqtAUBbr81aZvXiNB10S8v_oDuWLfQ0fVLT3i_eRIufidRd3215hRizunxM5EJO1xD5tThz38WgKbE7XrkeeAs1kTAVmomGWhqtCa0PQYSQ-UMI0MKA789UspZh0lYvSQqIAjHJi81SJ3UY1NolCptd_5ZG5TxuPbfWrjJ_8kI7I7qpLv542d5d2UR-jMcJbz_AtQ7nL6_mpQONcihNYmRxiLKmW_jx3jB9e901nErOXlhuXGhqvXN1upIp2rX0xpjQwSDGz_Es6UdOvtKgoC-Ovn93WPN5qGdG2tYiC5hg9Lc9bMP84QrBSRwmff2_kLQWnK6_7sUr6C3Yp2FPBzRUeSamGpEAmO1byyMYeLbZAcY2jwla5xnEUAPvLoRJFtCpiAHFJgikr-71TYyxY-EH2LOFT5Xt-OpDNoYx_nqg2bVR13gd82KETFcmBu0z-sVBSez6Plmf7NYqbFaZLK_glywgtuovm31kZq0Prdm0bv_wqscTdSOJWPePQamD01KJHK_LubO5qRRFZ-nXkiRJtai4fJOypgB7SEQy_dLcGeSbgRHS7ZC2VjkFTpdnIky4r0NMxIIQlN3Ym0YaPoa_gDSOmF1U61jbpfi92NU0806hs9FBT8SKdy20lNXXhu2fjRYQeec9-iI47LX2tlAQj9t3yxGh5eovxjKcKtIVr5jE_y4eEIox7r1zrKjcK19T9Q7zvg_R12gCfZlLSxeNvj2_nD-HZ9c5akCWi9qSeHWTYZPW18Pb_6_h6DBps8XSZKLuFiqRJCaUpU2JqsJGvH91gkpMyryowEUBus0cU1iv6kjMPZR0klqmEnJramCDJ_ioEeqlRw4tzolyxMnvTGyYh1bnE_L4aaNX1q1qHJtlgbTJgomsCjSPuD-zz5pIl7yQp2On879tbzbzgBBw0yF68zoo0Jfk6vo3BhsTctsPaHMzh910wc2u2XCdc56183wnNCiIBnpbVAoDXJjSAeeV_bpq_-uR6jBsdGh6Y21g3GdPrE=,1,1,JFK
Budapest,New York,388136,2026-10-02T15:40:00.000Z,2026-10-03T10:25:00.000Z,2026-10-05T16:25:00.000Z,2026-10-06T09:00:00.000Z,2,https://www.kiwi.com/deep?affilid=mihalymisroriflights&currency=HUF&flightsId=0b7720a150f80000d5861a14_0%7C0b7720a150f80000d5861a14_1%7C20a10b7750fb000052b26e0c_0%7C20a10b7750fb000052b26e0c_1&from=BUD&lang=en&passengers=1&to=JFK&booking_token=HV42ucoY7fl6Q2jUW8g8qH9x7gPoDx7ZhcoElVLjvN_2T7mAb-ktOKVeEf7ELDCyRiOp8582rQ1aZLIkjZxdgNaHTDXFaShegyfySjMdpZtL2h22CnE0cbJ-ZX-tYHo4UNHWuCZMHowjf-DIuiSGmn0CCwBhEeBbRGhFKzSyGe3wgZMCumi8FUwiUOa25g7M8ylOpBJu9zZpZuVvLa6skuvrO7JzU9k6N3-EbM_aFcJBH0PWg1zFXRtAOhR0ELuvB4KuAnm6MOm5kPYGZPS0Mddi2W4MTmErvDr2Oc0L6hqxEkXA_hRus4aiQKsdP3jlvaDxhim4d96O8Qwa4amQCl2JyDUTHojTXMWvOXr7lPyQkZQB0dGLrj7M9_NGrGac8bDOYWgt1ZdFNFVC4I-BNX0eFwfjzrslUMWrrXRo2vo46I59WckRHebW0GJ0ks9By_BFWnFCZdlfQ3DgvRigtn8jv1vtlwadTZUXmagJVo4-5oItWxRt1AaM7hc0A3PNE9jjDATDPWQNUx65npu4UTanGqnZ3GvIkhzQYQHQzpqfSNwXD5GM0nm_zZcaJ8cxfksrwihNFFA52JkZCcKnQFtzu_zio095uG9CmSF84cRVI7HTydYUEeaD1uLYSneyaAH6flyYQ1owsOmtED43bAigxSOTvTPhjzf_5MybCtECcbFYzvjdHPJBxiSNSB0MQLp_c0cjzqge2kFK4DEH-EDI5bvfN4QYoUIVAMiuNKRrOIBUxcLY-QgngNhIpKUoazIQN6bR3_TG-XTgp9-0fX_tIIbMlH_5FEWl0arrjR_EpTFGNVdnRbzNSvxJX8wdAQEGpweiSD1EpRulg_3SklqxXdgV_g1rBstllrfx8G6YIaDU8v1mXiJ7UUwViKHLHn5nXwGuSmEz22j4AzBLaHHpA47sL0icPr6EQlxchNc2bgT6C8HnRjTFymZipXWNOZ-GelTFvo5a0x5Y3WUUxtZ13LeoeAqTzkoYchWsVkAA46PsmRmWUHVbrfO96FLK2dVQmAzf_Wzdk-i04tsnTplJFHzVNtCJ3eMel6myLhDzSfvkUCBRcmE2926n7NmfwfsLHHlosS-VmtiGgDq2ws5t3ZmvQDYyjZxyuGLtij0PseaB4ktiJXZ2KQ7asEq5_PIrhVZ0LXReMAuR_wr99YXWzMg4FoOaHeeEpRSdf0US3wK9PAkwpthbhaDxozDqnTkBa3R3hNrllrKQD0casRN0n-mc8XkLf96_MwW3QwwOiLFrNKPPU_LHvlwllF6Hb,1,1,JFK
Budapest,New York,389671,2026-10-02T15:40:00.000Z,2026-10-03T10:25:00.000Z,2026-10-04T16:25:00.000Z,2026-10-05T09:00:00.000Z,1,https://www.kiwi.com/deep?affilid=mihalymisroriflights&currency=HUF&flightsId=0b7720a150f80000d5861a14_0%7C0b7720a150f80000d5861a14_1%7C20a10b7750fa0000be0d51d1_0%7C20a10b7750fa0000be0d51d1_1&from=BUD&lang=en&passengers=1&to=JFK&booking_token=HfscU0LMOf8N-0c-zFqhvryyJebfyzuiYDjYiVW0ZoXi1G46lKhuiXqXELAaf9f_nKra-kwfTVfkvXYTF5EE0gXwN_8K2f2geaZ_cMyXw67N2pIVbYucq2KsQJooszPLxsODY0CL8OihGjwX_IUiNB-lV0jUZAF4TMmZbCFOei2uIdteTzv8l-FFBkUy4MuW7j-rRj1_-PtXU8LhN1OYEBiLsZFwIlCLug5SJ388xgyQQFUBfOZ4VIsKNjgDxl-z78xhYYo9iwaPuiuJzRYnpL4KMu4ZexxcAueZopQnjakI68y2Q1_Hsjtdv-GBbOqRCnNBm23-Ovn8_MEy2czc9kbNKo9lE9--PRZfV2JSpUQruLV902ITUFDSUlN2XpZ0JBwKQG-DIjX1na7Qkhs7C8dcfppz4MkbZRHEGbzlFxvPmE3150RC5akBaNMBXRZhRooTNRiMari9EyPxAmEYcn1YKlTX2omxSTkKBbfH0073JgXNpubXy8DGO1aRAFuIJp6T1BzXkxWYKC7dQi0ryf5_8TG9IYJk53eL2Foi0iNivfl3HN7Wws0WwUa-22X8aiexbCOjae0oX0Ew1bsv6LPXcoE99dosvO0N8EPe2TkL7mygu9GQMcCk15f8jSPWbiSbUPtlJi2egV8R0FTLsY4e642FjkABCRaT-B_qLyRzPyM1B2fhX33R-P0iEbWs4u1VzX78gZiOMRWN3fCRKfr8nyjcy3YA3OsvObBZ-jX4ylg_thFKLFvZ-cger09nLMp3ZMPNNWfRFaypQ6nqH62mME3SlmItBDN_95AfmQsRMArHeGrfx9KGb0oGlk8vwpL02E03UkSyLNXYPIWPTaYUOge7LYqIgxpbONffdHHY39s4xNLT_e61_UFw6etzggwuMNDOYbSggUjldEy3rYtKtgmoDLFS1NCvHJZcUxm46o2DFGwe6RiAa1yPkT-KO4DgdvLJAsPLEgo7lBvehwHEznF47_fLG6RFrN62vzkBc3qm7XDZC8Fo0-jOtoflNDWfHqopyaKaz25tRBSpoFKM2KeQivB6YBomH0uVc7wfKDyumpdwABzLanfO_9H8pZoDdwJ4eybhAlcw65X2ArxRzTh999XkUHHwYfkxdr1bgJL5uIh1hbImPz1BNRUs9LyoellsT3EVzDgItgKfOGG7Zv8aBFJoh98H-ts75urvyie2Kq7p_2eBm1SbyEgZ9Axm-daR2cji5KVMb-5aM-1lE0LnNevqyO7esVVDSYpE=,1,1,JFK
Budapest,New York,392987,2026-10-04T15:10:00.000Z,2026-10-04T20:05:00.000Z,2026-10-11T16:15:00.000Z,2026-10-12T07:25:00.000Z,7,https://www.kiwi.com/deep?affilid=mihalymisroriflights&currency=HUF&flightsId=0b7720a150fa510127d3e7a4_0%7C0b7720a150fa510127d3e7a4_1%7C0b7720a150fa510127d3e7a4_2%7C0b7720a150fa510127d3e7a4_3&from=BUD&lang=en&passengers=1&to=JFK&booking_token=HAtPcDtvAu0V5Ba7fmf0vlFHwDmNQ0VtCQ5IejQAL6Ml_2SwU9aQyk4D5CekWsRUlE2LkqwL768oIO4Jpp-Vy9ZemBY4o0p73u6JAWnuGmINfBFk86ZQmc5nD8DZoylC3IhJQPtfn-I5HdZXSn7gJQiRnqLnp_-pZjaEf1riffreTKfhNIr0dLzPNihUIMiKRiNqDbfOyAwggnZoEZB-tvO6IIGlgp-3CvPD24TgGrpiXG_su1MRQrIKpLd-QzzZdEDGltD5OaUd8FKNx8oIf-qEL3VaM2xwy4UDAsrX_TFP6wT8WeKBKE7fsr5b5h5UtUrQYvk1luMZVfbeDIbsTe6xHyxxj6aq8RDyuy6QAH-JXVkTdpY2IG5bwRxyAUBIzPRab2CeFoPaBJdFq4ndrweWMtHMWX3HHJxlkrsJgddSJuFVKV3Ic_HVilF8mmJ9zaeCqcHnpewM6JhOYLrMC2lMFjpTfijSwTLx4EAJW31S4n8KiShNB9EkOb6ldMOMw3hOGoWVdnylXjiqWFABVHpT2sdnMrd3Re1SqbcT8oIOYpjsxZ3iyESm4nxHCW6yPDnfRrd5WmV9fLUOnSl81ycNv1T97H-BAsbhOwSXwMOkJLK7D1hx7gleyXiQ4NDYW3RUWBKglZzwJClDQWVLWZJMRBkBoTBEsWbQE_rAhORpBwTYb_XQCXBzF7_TuQJuk7lrMmYQA9BW1V1uBy_vBRCkV6Z3rYbH12xT5cM0fuM7mhCzjtKXDcW3XpJkDPDZC9PKbP5wnXZx0py0VDv2JQHUiUCS5PC-5kcTx22xgCWY5FUDzHhnaQEORJ8y-I5Z9d74G9JQjWHBxE7dtu7rncZHxxp1gVaQdf8R3ofLEsS-G3ApoLVE4jYLzU5hhRcQ43l2wU6EAuK-91QAIS-H_VPM3cCJaPUQVDSkO8zLlE5cUYO-a9CTT24o5zZHqS_pxE559a6ahECItgj90vcxf0P5YO44nQUtWLBvq5imj36By_EypP3l8YqYbNRGy89FgIMRFFZm4k8y7lTlf4pbYQ4J53zxZVxPvzoYo-lGAChu6pqOTruv0HHMktW0FoLoxhqFBPFs2gSAyrMOAdpbHCQ6QDlOXrLrEhkS0RF1RWQUVf9ecm_jwD8iCSi8zhNPHN2gxj4nAMr4xu2aI1LdOXNYRrzCU6MRjcgOPNYDW4Uv_DOhFrDil0L0DMBf4P9DE-SjmDofi6LqvT7yeeH5sM6dXAjXwMAHVZ75RGMaz_MOHtNr9p7DnFbuS13lrmw6n,1,1,JFK
Budapest,New York,397592,2026-10-04T15:10:00.000Z,2026-10-04T20:05:00.000Z,2026-10-07T16:15:00.000Z,2026-10-08T07:20:00.000Z,3,https://www.kiwi.com/deep?affilid=mihalymisroriflights&currency=HUF&flightsId=0b7720a150fa50fdc4256cb7_0%7C0b7720a150fa50fdc4256cb7_1%7C0b7720a150fa50fdc4256cb7_2%7C0b7720a150fa50fdc4256cb7_3&from=BUD&lang=en&passengers=1&to=JFK&booking_token=Hrhb3MB5XrrJvK75R-2xk7seNhVYi0VMR0qIT-30u4bFIwaMoqXoMVseXMbdDTDc4ZpneC35Zdv7V11BKqvE_AvYMwtQTnngnhOgKVpxe3TYx5pWqoCrP3QJKnbq80xztzmpQYoAYvp0mQ7CjiiHnTdDAf3V_DYyUdCldQiemOc16IZ2zsrAkHJrLq2agd2K7ppwxJvk1rrT4pSZKTwRVZ150aXQuRXEhv6YhClnbeWbBXqbPGsCRKhXM-K9cAfHMtDqNeRhWx9PPSItA4VPNQJvEWzw56c5w_xBKj-JQ78ap-zgXydNVSDrpcmAcmoiMhp3-PQkwEG19bOCTJe9e8saCcq2nSxMxPTo3a0sYK69bpZBGtnzu1gF-klYPF8oXD7Occ8K5GVRK7msjJnHkK6R4TttHz-6no0Iu2yVHJdhCJWVFwNuM5KMCwv-i2_KNDxGAYiB2mSc0W3vN_RqDE4o9rvXZOWX-dsPh9Y3HcHhEhEgl5uLSsCrJAJ-FWYZzy7lbBYLn89yBr9UzSpvvDOVhxBGY5fN8YaTX9-TvDCiNvb-5AtPlEHxArdrtWvoTtBTc-J7L9Zxi50wOl8-FQeWzjMdFZdsa_W8skHH-Z7l571Qb4VGClIxVNB8GUBrQgFBmMxq6amaD8tW5zt47abLno9U7fKY4JmIQ4C1HSaXMZWa-PKbgHIWhLxOw9WVnDmqklIKsAE-ma6ixeMzL_fNIrR3-0YQec5XlVJBXQ7m0aFc_fEwCP7lrNADU3LZL6cMT5uUrNhjF_Wz1ei-NtORYwZgkondBlGAGtt8kE8_fXXrS0OgbTxNtXY1NSesLf99aawAtfk21qwiG4W8OOYeFEY-AhUX_kDZJCwKnSAoraacm3UOoGFvR-_UlrPysfkJZhaTdmm9Gh4qD9Ra8OAM6dbVyTbjRjahm2yVoSxlMDthZjcZp_uSa7P-3nMlIDxKEiNcBpPKL2qPGrbTZU1zCAPtIxJPy4At7OoBzk3ckPfYFs7F5vPl8Xx0jM6hvBqUS0bgLdz1ilZ1W5bdlgFzGMjwDq7CaTlO4noxsolCF0D0UlU5h-yl00O89Vn4ZLTj9A7s3bTprLvZ7YXhcvD-E2SBMd6uQPanBxO8MM6_poEI_WHIZy5ql-kczXQDkjfwenAxmG7ifxhfDf5q9HVMW51IUx6X15eHBDnLkzQ_YhgjpnJg30q0Jkj0m3gF0,1,1,JFK
Budapest,New York,435154,2026-12-16T10:00:00.000Z,2026-12-16T15:40:00.000Z,2026-12-20T17:30:00.000Z,2026-12-21T08:00:00.000Z,4,https://www.kiwi.com/deep?affilid=mihalymisroriflights&currency=HUF&flightsId=0b7720a1514351475a48958d_0%7C0b7720a1514351475a48958d_1%7C0b7720a1514351475a48958d_2%7C0b7720a1514351475a48958d_3&from=BUD&lang=en&passengers=1&to=JFK&booking_token=HQYS0jRGZj46NfoUwkmiFzcZW80joPmsCvb4DG7zpjwOf8bWLmGxHmOxy1otfR7f_dmQhRVimUuOn4JMnZQ2YZ0LEFqXjvI5pIJNrYPu9QR6ON1RpPPbf_Fc8MSXLQqgRpa0QNYsqniYUTBuhdHnVS78G53HvRCLmlVIq4s3vMb_LFv0ARz0uiVT-vMOEnH_ThAfmZrbmRkEqAbvpQHy-w6dd8rSwCrX0iEMG6fuNBTw7aY_h36nAOtXOVTfx4cj2C2hG7McaMJxau9mbUa01v9siRq1izXpnJxOCrIE7uGPWd90yAUeeAiehT_lX8XO4UigxoX34aL6a0vA8X9n-8BjdFcUsm3lj2dZ12YWsYib2-ThTlKmmU4VKiPv7ZT0fezCzVhWU2CG_-n8olESTbGl2A_GGze-Hy8g-ugjJ1phBJymL8wlFgKTtjpIlRm31SLMuhh3XeKnsJaxiu-MzwqNbQ_D8ip7vjWFxaYn6gpLfjWf6Vv5vlP6flqaLp1bDIT-QOPSLUdvVHzfEpqsapGizvaUsSFs4Jj8QM05XC3vEoq2sp-V618QJa0kIoxxRgQdFRN57HyasGxx5vbrNVmd0suAVo-HY_6crwZs5ONsRS3HlTQGMdSOik4qyUWVbMF715Cnpe7Dq9wRvfStmpwdUETGkZyyJfJnIqQXsy765P3zESU2_1iAY9X9_Edf3WDsDkXUp_XMlvNt7PnwtXHMQRxzZlZdSDv2GO8Y7BB9osvQqzaS0Rku5EUTk3qGW4TwKQZr6QYunAZ1YTkzayGR_Rn7bsPFDLaloCa6xNjtCdV4ebviANW_PHthg2BJ0yx13Mteez5mPn-wug1eBQkwm-I-nOGij3GKesK4Fligr4uAFAqpmNk1bS9NOllGZrfTWq35PoSSVVHnUKY3pRuk1whGeY0aaYMPTisu8aTOMyNYg2O35EwN3rNkLC31KH5H8ybNVD_7IY28Xr6bvdDIbWifm8vbzcGFrfB5wel4ulIlKqIuDFnlFpJm3eajWjYAZbJ_qx_2hCnXshfGYBXogC5v_ccwxIDtBkqmnZu9RA69bnW8eRmqjjc2XWPIN_-vtL-KpLd04DQBhyeVoGxF7JFmfSmXJUnuEDKkcjHlLdLMIiutjqGiJf0KC7viRBfn9nINNz-zKlmtywHO9hrOkhocL1nJRKX4GKoSWqw0TR5lMX5gNhaHbD2L4dFe62xyGxDWmP7ChCcB71QwlYSmxn4lsOf4vUBjdFyc8MIT8ul3MBkb-hKNCJhDMPhz3,1,1,JFK
Budapest,New York,442702,2026-10-06T08:20:00.000Z,2026-10-06T14:25:00.000Z,2026-10-07T16:15:00.000Z,2026-10-08T07:20:00.000Z,1,https://www.kiwi.com/deep?affilid=mihalymisroriflights&currency=HUF&flightsId=0b7720a150fc00001cb87a34_0%7C0b7720a150fc00001cb87a34_1%7C20a10b7750fd00009617f765_0%7C20a10b7750fd00009617f765_1&from=BUD&lang=en&passengers=1&to=JFK&booking_token=H1u5bKaxjIuQGOK-yXwkA30mWsop4dd8kHuIcdIb_k0wxfcyssmtRogjUH0pVXuRfrf7rKbbEzuG9EfNtyvCW3v5ZkKlgXghxeu_UavE5ONzfItVyzRH-Te2xWQzMkja3CxoGr1GiSFeBMx6B1AyawugyD7kLMcVOXYgMwqU11Ll06cEsVDjFpc7vrc4iIi6uFHC4ONePlvWhQ_1UbZLkcjxS1PQ6_49RTkGGs8nSVn2HXLBXmshDdM0Lw6QjhzbxDkAiwI7Y3eSouyz1t6OjnZxiOAuOX5GbmBMjOYBbtZcjQ70r6hK1-Q3gQds_BCmGbLm9Etd_f2ogGZ6cPhCKNo6vDJ2sO3wgfHzatVT5nbnoXAS7yY_v6daHzMCbTca_y1At8zsaZGwtmeuDmqE-mIc5g0W7rdnsbO-B3MWokKSrKjaSaifIwEH0qOvLOsU9Ogas3GqoDk1BOLmNFFjqKzKJlUcvQFMfuvReOFfbOUitBqRznwjD7W2v4-caSOsLCd6HSUl1Hshmljf_Cxu8959wZVH4ZfMTeW5Z9OSCvnW5ixjkp_kC7fcgXxgGYze-Qnm20rgHmPku9Oinl8hkQzh8wAHvez6Wkey2G94X_n1CZyobltvCYUMU5LKA65lvGpIMoFONxW3xzhdDQyW2LCb8qD6c9A4dh_Ukios5PU2Adf90PAgjPSj706-80-9GRThv6T6qkCGAsX8mJJxPBMb3hlmxc0Y2lo4uMpUqIgs-Nuf0qyc_JyGg3DQkt1JiPxO7n5TNunV4uCrXFD5hIzGfuOATWXZBPjKynoocY5HFYyigDh7pZMP-bfU4OLdmbZMTH-BTsFlaTLTUit-J8xJi0BwKbJDDeuf5-VIsnGRAcBPk9iyEez_9oUSAIHbze5m0F_xkJYh4BtIEfK-CklXPxFCdhg-txeWmxjdF_Au_e1C97jvqA-0fd-L38Gnqq5kmVq036BG4uy7JtfYc1Dvk6M3NudhafshBFYPTJfcwuzYJbAAUy7ifxO-XiucsRiRsz8apCE2whk_cRaCsP_W5m9mmoXsZBooGJNvjZEx9yap1A66yp-RwCxTwtrKxWhezXs_KzMSqzC3spR6CZ13PNI942zo3DrQbq3vxb8Ysi149ZI2BlJ27rA8UffKANo-ffv6h-kuEyVNirJvpG2YuF8adaZTbnfsMlohIDDWI4F8eB88oLDlRFQlXva_XUqPY78_MW-QKuS0cHfRqJ_62DRdm0qVdKtrtPseHCKiatM7xwSXIeeiTA4VRu7jRHP0Vi8FIfTlNLWMEynxmAw==,1,1,JFK
Budapest,New York,442702,2026-10-06T08:20:00.000Z,2026-10-06T14:25:00.000Z,2026-10-08T16:15:00.000Z,2026-10-09T07:20:00.000Z,2,https://www.kiwi.com/deep?affilid=mihalymisroriflights&currency=HUF&flightsId=0b7720a150fc00001cb87a34_0%7C0b7720a150fc00001cb87a34_1%7C20a10b7750fe000039859915_0%7C20a10b7750fe000039859915_1&from=BUD&lang=en&passengers=1&to=JFK&booking_token=H0S9vdJcX76g-BPUHdy85oDu8pg3o60SNtla6Or0E8Lrq65sE0q7TwXwTvL0oG6fVBtfsfGSknzxYA7H4zaMbyb4pAULjQAFigX4izR4L9I3UVZC1TYmYwnvp3racpa9Q8iu9yXyyKOLTvrhW8F8IKOUGKhSfDl6v8nchcB6uX3PzRl2gm1HxGtm_QPhlOWWeO3ZNGJHSkg3quTwP5cfwmEKf6NHPbZA08psjcTd_7Fc5PWaVvPoid2fB5-mMAkCS6ucNK44a0xrl3ZQP8MVkRG1CMNEUzauxZ9rZRYpNWh6L-blwsOMJqA94_kCrTwzIC1lUVQVRcXyB2S9ifseXHa7nZVlH2B4n4ZWXP8mt8h6YUtagaeAQ0ThQ6dzPs54YtMNBmuogGcKlyahvWshjdWgojQGBxbZlE9uJmivsa8dgCqITTdnWLf-DPTCz8BI_RMDiAibjA9eO37fFcXQUoIVbavCv_9Tg8Vgp4xbG1ein07GyNQuZr7Iplcc_C-L5fEf9p5WovE0vcGuRiwqV6QbkwWw_-8tHnc1mTKvjE2MA6tBaiaOLZx88wDrem9vOrB6B6C5eykGbvQsl2-cSBV3OfbG2AUbplad_lEsGHWByUNFG7_YWehXRKyp16wT5iedWFrK3QmHFDA9dVXWrWYH26m8OT2CIcacdFJrYrONsfP0gmGCoPjJiQ-b7l_Cq-1L87FCs5aC5wnhAQ2u3-Wa7zL_9KQSg4Xc1QH_rGKu1nMIFi3NCt0poE1cwrRmIRCXbkx--ibh1Nbd6s6GWajaRrorsf_k3lnEL03u0Gblhs0DLO8qvk7GmlcbfCTWYYKuaqizLtpcWDPyiWovse-ux_my3pLqVMJI2jwbnvAWEqOKv4RDopv0mBWRhxFlNKMjw3-EgjWP4Be-7BgrfvULWuNl53o2VOckxsjCEvzoffpRRp4rH8pivDADMjjFY8OYA5DEczVJnlQR5_-BEcefym7Sj4WwTYawr5ote3lOd55jLad6AiHypiUiKsJq4_ZpiIQs2woGgLImNVWGTFOvSUphD_B-8E73GaWpwbqzOXqr_seLvegA_4CHFd4MAL3X9vvr5ha5SSdL8ePHa2AQiiJ-zNsiKPYBBm4UAYLZqIMy_MkCkxcf8euwHsCY71vMgFtZcP75HR8jozLYMDPzS4hSI443dbcI1dJD00mk61XGITOgS--AaMq6F6LfwvSwz5Bk9cr4fsq6h8cXD74y9_Azlse7Q8ZZ_EE8Q8IHVzN9XE5Hiy7P4sku76Ef7EuSMfFe7W3-_2FlzvHjy101pWAeHgUQeN-nu2kZIoKA=,1,1,JFK
Budapest,New York,448077,2026-10-02T12:05:00.000Z,2026-10-02T19:10:00.000Z,2026-10-08T16:15:00.000Z,2026-10-09T07:20:00.000Z,6,https://www.kiwi.com/deep?affilid=mihalymisroriflights&currency=HUF&flightsId=0b7720a150f80000b3ffa75a_0%7C0b7720a150f80000b3ffa75a_1%7C20a10b7750fe000039859915_0%7C20a10b7750fe000039859915_1&from=BUD&lang=en&passengers=1&to=JFK&booking_token=Hhdm-DU7qoEV9MyDRKHZp22N64TwhZUjl_GePSSDcSYXfoIT6XVPknw7oCcWaipgayd5ce5PYKiYhYxzdoSPTDD7IFD1_AGK-i8SwVQUOF9GzYaMutWpLCDR7xt4SlZxj9zSnDyUt7DCndqOjH13h8xrUNXOikOi4NJ-v351hyohtVw_DCV0c1ViyUTLUQki2LMRF-CY-5zH6CX6ovCK5LkAJ2z04wnkeVACcHrzlvhsIYIwM8gp46wxX6HEMAOJWdVwfKkAP_C2lZxr694ETmid52AANjMRCnQKknUlN59SQfnn7O_pNGwxrAFZQ_Nxb5FJljY1lavGziUlaAgNHWvq4b3EVjKn3wCSifjyjCMbbsniPKsqXfhidlQAfEJbBK5Dsfh6AXLo9RF5olHA5MuwkNND32ofy6PIWgcURMZ18kn1qlvodhkvdFWOr3lGv-6OuHA2kT7I2cvNnnflH4Y3zCIbeQ3Osaz-xk3OyBUAVYBqxS3HhM_XyAwb-KZR5kIjACiEHmsNi4_s77Ea0nwBcXAc-zsjNF3TEEG1FJCfGNzEz0CNTKleSmvp4d5eiLkVmh7YiMXu5ejWZzkuL-ELJ5NLRzA5MSmbR2_ILnY2lfmSuY4ZlhlcBMwULXvUzDE_7PkHrguZRmQnW9t9Bh-d4eIWvaNUkrzBZX4dQ5mu7kQzi7RhPuWYDPmm9N4DpRJJWWaC3FfOTLhH9LuMgkE-eGbAgEF2fVxEZnTAGuaePyUiQ3bWt6h5LK1lJ4fXYkRfQZWaLY24pb28baj6feFLH-_DU_ERSZGZ1_rqX4we6enxhPWpWFkcd8dBirYDNMfMdM525_YZghgqLOfBwFculqqDLcexvFuyPhtfDqS40zeG437hoRPYy-b7q0BtvoUu775bwVwHSZE-Gcf25Imd09yFh6t3F_0i4tDI0B5vHDRe7kJZdehgS_v_F9ZFCZDTZzNu-MBE5AXtJw_9i6tS7wvYo25ujw_5qtw8MkmSBUjIFz5CD33FOX57XbhFtY4IUmFsLEpsC4cop27NMPXZijT2SGQDiIk-NXfL-rPFDakZJiJrG67UiQLxQFl5XOJKvbCV8x-f_mfe1b13Mx09ICx_A9iwyFs3zijrAx3inVV1Rsphdw4aSe0F0Vy6t52XW3sYFWyb3s7uFLNB6FYdssbLiGmBWnmXPQ5eUhw_EkRAC8Gcb7-pDbTQhiOdwvuMSQUMm4st54j07xVCiPgjRMpzRd86LRvKLSi_WwHVLhcsVrd5UjYjyMk5Ex15ETYNAaDQ9QSpXhpl1cF7tEPe2TwNmBv_mBYP-zTbTM1MTD1wExdoZkXHJtKMamLsR,1,1,JFK
Budapest,New York,448077,2026-10-02T12:05:00.000Z,2026-10-02T19:10:00.000Z,2026-10-07T16:15:00.000Z,2026-10-08T07:20:00.000Z,5,https://www.kiwi.com/deep?affilid=mihalymisroriflights&currency=HUF&flightsId=0b7720a150f80000b3ffa75a_0%7C0b7720a150f80000b3ffa75a_1%7C20a10b7750fd00009617f765_0%7C20a10b7750fd00009617f765_1&from=BUD&lang=en&passengers=1&to=JFK&booking_token=Hm3mbD81ReDYh368hWYwDUUY7I1QVzrEiz8BHE6cVA6rYTSL7cI4fNkGBQyv_SsZmHYtL7IIpom2Bxhqz6XZRCqdAVNOXTZMqFbcq_mFswYlo3-vE3ZQRe1DbRrPbYX01envfIxERDfiFLtgPgdskKArDPQiegisuqBmjLT9n32r1_pE068WEDLto-2XtitIIfo9MDWTYuwz6YRmTsXEpM9ExPo-d0YdNLPB1rC8KvVtuApohv9DSo9ldEK4IlQ9PlcIlxo8te3agPZItRjjbfwNz9tw-LxoItzK1wTgI_BCPIh81rFuISr9xyTgi-yXXjEQdUU1RyaWorU-PgcBwGEK1-akvrza60QCX9JT-du4hktzX81sOs3-KxxsAoWv570l3wtg0kt3aSirGf1CiTz9NygxYqfi5Lhs9v-ALj0OI1iRoznHvLnaYvM4gZ691ziH72Uq0Z99vEsVM_LrN9jlqPO6QyppmhAHH5jvxzF9xJmKkAiuK1gavp-rWF-Yv9lZzsEkt8ZtyHIhm8grNJhxGrwgV9fk3WwlVZ8zgI3UP3WB5nVJtTl6IodRHYYmv2KljlnhAiFECEHjRdI2A-FEsAl0z6ANKjDssNY3yB9ThtpwSz8r41mXeLEgjDg5v3gedI-xlsvbtEl1UM8StNndXSjScNdlWCm9LBof60K2t81c0AaVRhGdfT_uQb5rU64dZjnveyD1eE0hQYGBuvH2X21sI2elzHCJBudx2u_-Vh9_OnNFqnML_vUMynuRHe8wzgixpVZhGoitoBUlE-oxv6AhUdZcJDvQfA08HB8WbF9hFUW8hbnSD29RrAaoZTrAVNUfmWlQxc2uzDEfOdNDc72FIfsy76vMu3M2bL4o6xJc5u1Le-2Q5uj-yNaBg_QCs-iBlg5nGHfu8V2LQsOkzD-tOqeWFdeRlAe9u4GDbzVkejtyz_NEUJ4PLuLkVnnqgsMM_A_Z5QOfbg8lp2OwPr86sm0GWJML00NxSuQE5Jc71VWY6PkVGsfwEpHyjhar2gVe_rk8tgOSF6mktzW4iQ61B5j03NVfEee-lw14gycVFvww0NRzulYJGGrQ8fywlaRmOxdIBegcUWyKIm4EsA0hwCOu3xv48TQt2C7Skp2KHPyIOY6dssROMCdZKMgFzbuVe7BvUejQ_6TYRPSlDhB6sG3XjH_9r-wO5Li4WmJkelpdnym1LD-_iOD_AMh4bHuzQsoIayO9oi94zncWK48-QdqyNYfkCsXRMrKr3zkDGjeydaThHgx6ocLHL0F8tZE7qb82-q3THUlRX1O5O9l6U_Q3UFzw6FmJ28XhNR87saTDEF3BxugnYzQde,1,1,JFK
Budapest,New York,452912,2026-10-07T12:05:00.000Z,2026-10-07T19:10:00.000Z,2026-10-08T16:15:00.000Z,2026-10-09T07:20:00.000Z,1,https://www.kiwi.com/deep?affilid=mihalymisroriflights&currency=HUF&flightsId=0b7720a150fd0000b2e4734c_0%7C0b7720a150fd0000b2e4734c_1%7C20a10b7750fe000039859915_0%7C20a10b7750fe000039859915_1&from=BUD&lang=en&passengers=1&to=JFK&booking_token=HhsMoxYUXlFyMm9GzApl-D93H-qlQPUByrtgSmEG1YuRJOcRc7zQbO3yB9VVA3ycLaUiBX__aAazMsP_T3q6X39xvjjx1q84y6OHv4JGMMkKKqd0zqVOWePLJdolTCHmGcU3eh8b_BAl6e179j32dGhjAurFb7UpXuS5LTNtI_Z8cNdY0l69yJglxD3ZHN3l4tDdyfpJu-3mw3JiML5EI97w-6r9-CDY-ip6sk5HeM2xPKyb5zPo0gwJt9yKwbo0J2VXy80Sccg36qx1MalvZjbk4-KVZa9RZn1TycEEXiM6uSON_ZlN2sPIBYtsp5plClnB-dk7PX1GRMTYnCi1-eB4jlJtFiS-OBbiJcVEipT-TuOHLA8Rv7fhaTjqzMbNPtpXbnWduFVUZOYRGwICauaI5tjiA6W5-qqKiP1bHIXKbF95YBMwbu38W9dCqYikFb1fkwnifCyidqEYZr6vTdWMwWA_15Vm4b-V5qTfVWUFxqWkn95iyobrZFOfz2QZYanJ7y8m83bVZV9lKmquOkQ-DNgQfbW_yz83LgGeVMOHE1bO-vY4EKrMW1b1d7utayymjMUQjU96W-3rY46DZK_5ZZGlGZX4EO2MRdK6Jq-pG2Nl-7yaYjIx5cJz90xoANeb8JzlSs0PZac2qxFpzJN5x83WWQ8sXR80_K_R_CPghSx06zfHIV_D5c6nqLjnqS0FGrcGbWoK1nmqcx_oEApJNfLQkbmZTEwT1AXzKrsvMmPoVKH6cT3ceKjqx6BQOf4dE3npXr2Vv6N71bol85jP35_9iz7kMU-J97TsrpHS3-Swi2HIYQmjky6SOyjvzGNoUqIj9xlxtZD6KdxWSyhIlTxvLXF3n1OC1DZDoqVap8vsLC9RjkxWzKI0d09M-T9lStBpoMR5gMTcp7XSrMCwrv-YFHYNOAL-H39gMWZlJBDHN3JfdE1drrYy2jM73IuBFk7klU0kn02KrZ-uUZCNn91wubdPnsr4rwktDKb083rkj1W5_WXwxxPQ2_G58a3XalknuAuPfwicu_TrUZQhvQlz3JeW6LlX8XbiuBaRTVmo-q91WMBFhNw0R1pQaI96SQqIwrWkhSqVnGpj8N5MnOLM8XIsAeuT8xIJ0YXOrh3xFeLmfuqd-0JMHO6er2xpRn1Eo08iU8JR1YCGX4V8tgxf1y4NnPY0AxSXquISOttVcP-pp-rNSNThPdq8VO8woS7I9LmEWxgzgXaJ5PPCfJ-FzGLdDb3lZvlR88m9Ic-ggE5k72be2WkMHzQHCjB-m1HA9sDYMh8OtyYFRT-4OumRiZnqfemk2JUtOLLFMsWGs12VuqPoi2ad66CGV60CYzoXyuHhtL2vWgJ_oGA==,1,1,JFK
Budapest,New York,464041,2026-12-19T10:00:00.000Z,2026-12-19T15:40:00.000Z,2026-12-22T17:30:00.000Z,2026-12-23T08:00:00.000Z,3,https://www.kiwi.com/deep?affilid=mihalymisroriflights&currency=HUF&flightsId=0b7720a1514651496e2eba62_0%7C0b7720a1514651496e2eba62_1%7C0b7720a1514651496e2eba62_2%7C0b7720a1514651496e2eba62_3&from=BUD&lang=en&passengers=1&to=JFK&booking_token=HwBPMttvxnb0aFgn6XkD6sX5MEDgyExiBAWMSZNP92yQFXnzOg-oeH5EG_-xE9buSA23kC6Q53ahHpoLzGn7eJdQ5AZSwXmk7y8pGb3nfywY4f708BnYU8D6mPf7WVa6nXpWb50tyuPsO1uWhbsKQr_GpdkD-QlGvoJl9xQ-trSVyv9x20Pl0LdMGiIOT3R2uCkHQwzyZx4zVcyeuZPbLicj8ANJu9GQmGxzXMgWGv4Pc46oF1HpXDM-nf0HkTmQBpLmP-Cej7r00T6cOZ8jWiq0Dd2SfCAKch_YaaLgfYNrVNhD8LGJ5Nfzm86L2K08yE4XMAxPkEXOkOldH2-RTC4F7tRop74nd4PLy_5B3-UHyji3m8Eo2FwwmXgSKSY34kXUe_cJt7Inemyhckp96AcuMGVTxhTvRNHw0DOCc2IIbN1e46XPOvORmzAIJLdF6rvF3rStMjjXCCeMbUvefTvQwplWI8EqQHV96PWMR54gEvrRwpOGW7v2IzE36kSMmUUAB1-wD0A-_K26R3dIssxeot-bXwbMkZIywkr9Ke4102Pr67cb7GR5Q7XRdH-IfRmI1Mj3na-r8BlHR6c3P02ryxl7O709oUjOXn3e80RtcxyAtEAHGGdpuif8GdDL3av38V6vX_GjhoyZ76zHoonGVzdYW6Hv0VxEUVIAOmzmlYBWtdxluskjX51PYi6zb2JE53oCoClydCBgZZZV09x-GvQBEIAa2uCfOMfCW5QMnjxuUsHjzcwFmal-te6Sh7yM5JbDspcmQkPjoUAxUmhtLb2krUgctbWieau7g5YyhVq7Z7LNNneFSAaX1z69IYVJ3X0Dz_kNMGXjckMQdtf05o6jPLyCgzniivhbgqOEN6hdUXlar8JYxudlbs-MT1KixRFgBTxLeRNx94uCQi7Nd86M8Ul4lSYKI4WbWXFYp1j375GTk1exc_fDU7G_puwwB8ifoNLyDFoT1caUhBarKy8ufNAuJFbiPjPpoVVc6ilY4CRXk5q7W0J3IjsFpUUZwPC-ojYH4g8Ypj0Yv6T-4XYNhE3gnAc4uGkVO5u1uw68-mcxM58BE6uW8eDAD__ePw34eB4yacKTphyNjCbCPTCAmOfqkbu6cdCCvxjhmnG--TpLXp3Ao_7tIyMTL8vso-hWnwhaHkN90i8n6bEtCOOejaEbGHfxIZeFbagiNlEwKwm8R4A6AEtNKoLIMNY76AnhZCTHmFiNclCB9b8uRnrIkuAOH9T6zYYjhyopOzeh6mFrCjEDRHpiP5tp5pa8ypFH3JPY96aaLbKMlOg==,1,1,JFK
Budapest,New York,464041,2026-12-19T10:00:00.000Z,2026-12-19T15:40:00.000Z,2026-12-23T17:30:00.000Z,2026-12-24T08:00:00.000Z,4,https://www.kiwi.com/deep?affilid=mihalymisroriflights&currency=HUF&flightsId=0b7720a15146514a57bdf8a4_0%7C0b7720a15146514a57bdf8a4_1%7C0b7720a15146514a57bdf8a4_2%7C0b7720a15146514a57bdf8a4_3&from=BUD&lang=en&passengers=1&to=JFK&booking_token=Huo5XZjtx1bS_HohKS74Jwpo_UDlHQg55gbu1j2qe09nwFbKds0eInw8YVBNgt5fvfFYc_wSXl9Ogyf8od0bGHTEDRIwOD3Mo9RklDb-iIU_0f8Ody8iCk8f57ymD3he2qKZdCEeD6tQHg_lFl2zSDHMx6fijGlWAm5jzDCPVuNE_mxXPGtUFYhkbdbd14uKKldlaLA8L0AlT9mHzhvUzAIH-NoQz3mVn8cXZOIYHiJa84Yz2StprJoYcsMMD8FBDzhIRpWcWIQpbhWSFchCCWToepXOZ9_pczwG9U6r2qpEKfldYdgkMAlKWYQEtZ1s0T56Y9tlbw3Ghi8q8yKWamxD0a4VP1JkIWD-1Xn_idFsovfUDN-gEkuUY0mGFc2N_NoCzpBtNhWgCknBZxAJKJC_FKSln0IvnMyVN4CgXEk9KbqJEStAbkmKTeisUXnmdDqqbifRti7PF0wDgblMF7V9RSpyIhWdTvyoaQ1G8KjQE8gWqABxOCavs_ULw8XzhMaqdgYptTV-d53_9gKnvvkWjSo0TQ92JCvCsKD2ivrksMg8-QIsZqSuHykGrK7DH6xU-ccStA2UsqLHNMZ4Y1l8tN2WO6Ag5q5uMyYtHDlnJXGmCb8a_mtpb5_nJJDLAUgGfakClTvF6ELtKR6teu7bs93zOXcJkQjMNTssYbe9iB7tY2ReSEc6WjxO8J694nE2Xaj_IHwTAV1r0t0uV1gyRzQkVR_KmODVjIjkQt390vLe9NvZNCplyYCNCFhpsINEDvBiDQfKO_cPXq8_aUPlN9p69neotJmJaTUsO9dR_AUg0wkF1OpQtaZKdCn4ZwLA-3IyM8eaFwg7EbsgoZqZbk0XsXI8fAxGSqY27QR1S8K9WR8vA5VW5VdV3jB05VVpYFIwYUuAHA_FKQ0fN_woVyvIVqtM6xv_OBR4NXxyr2Vs3mYV4R-V-lOTFXfFxGAJLGi9aU8MW1QsF56k0HfGaMPPPPLOM54lGX4y3-uLiWCwmyW_6KINs-7Rjb7jjDR9M590VCEiiSm1sKrMU-5u_fJzAfXGx9Eqgcpypp4sF9UczvuZi1ky5vP1T7m7B1XOQ0y8ilH92Izgq9XtUugOPGVUd_KmDuZjj9mLMEwy0ZmScm4ZvLemxWGTAsHJUBS3emvT_hJoc6t8R69nfcG8LGgn1SXsfw9wQErBJcLM3TnezIkI2yl9Xn_ZzajwSaJNMlcMvG-Cfz-t4Zh5LkRf3PT3MkDvw-WJuhffIdf6RW4E0I7nxaEP5hche4Sjm,1,1,JFK
