varos,ar,napok,orszag,indulas,indulas_nap,indulas_ido,indulas_napszak,vissza,vissza_nap,vissza_ido,vissza_napszak,atszallas_oda,atszallas_vissza,repter_id,link
Skopje,10270,3,Republic of North Macedonia,2026-12-04,Friday,05:55:00,reggel,2026-12-07,Monday,12:10:00,napközben,0,0,SKP,https://www.kiwi.com/deep?affilid=mihalymisroriflights&currency=HUF&flightsId=0b77251351370000f99ecf6d_0%7C25130b77513a0000e8e05ce8_0&from=BUD&lang=en&passengers=1&to=SKP&booking_token=HrHsj3ERxlF4JXwYowOsrt3nP8ZvS2sEYF5nhlZKe8vSc658QDrlMPK3K1D94d68kIBAGj38rLd3r45tV9Q387Uqo09eHvfQuEpk1Ish0Fm77_K5ozSWX96f6JNLZmNufyJwVTdlFCR7qUvB00q6Wa1ptglv6E9nEMU7afejCz8ZvvtP-hhsNucayt1ghJ1ClwP1ETsg9x30VyEqAOsnyw-yavtv9qLYOll0J_fAnJOiW9VbDny4eoculOcR9HT9VyF-vv0Jqahg6MhZvH5Jj_gL5NKMEZmbcaYS-J2CTeDq87Qy1tPZnH2dM8hIwxnUAd3WQ9Yz1abTTWPSKBTCVEmgC-zpq87iSbvnO-lWi1m59Lu3hqiAsTw9FFKfIRwMy43UwPBEONi4Nkajnvtu4od6MeUyvFIlLfiMQ2dx33exKM2dMGs3U4P_K1gXXiE7icJ4VMoB_jUDEe7djRElgizhDRJrQJcAPgokJgbrKfRW8WnTei_pH3SDpIvFvQxxck16gE3b2khlLzy7qOGdmCjcTP-v9G8NBOwtFMaQRtpEw4I5ALns1khgyYyUe4fKW-T0NgAIcSDYg9PVtTRAHkfybbkDFAUBQG1iF6ELAcKh8MJ4lbutOPJybn_-IakQgF8tKx1qqkA_nHrKSKH_S187lN5fjQaZaiuJQiUIIrBYJM4DcETrgDCWpt4qllLmlKED1c-3Fm3zblmEfVNqb8ol_phuEKUj28M7q4vfVX96K36yr1jHCyCNgKpjht4vxEi6rOZYS83GxPXaTDg7ybMld4adWHUw-KfKi8H6B3wAp5tnUwqTzChKFSQBjc9sEnorfgbUhpGmr4yTJYekCRUQm7eX1IMVoTnKxDuONjsrPMNbBZKL1QBY8EIvlvUiy66CASM7Ryj6kqSXFibqVo1k-uhC4ZzyDjc3g9ruK5qnp-xVL1lRn_VH9OxFqSQ0aUJsgT7dSZUen7tYPGgCZhVHJmu-___lsH31oJMXB8MuN-wog4R1MdvitPf5yerpyIvfTPZHTBKJlFyf_fLZr52uPKZe01YX51SsZQb5goQ6KZeYuquXEGcA3sNSL5sPqi2XFvwMrWRjOme8mabQNCEFnvAVnWlkdMdLvYUVN_z8=
Skopje,10283,3,Republic of North Macedonia,2026-11-20,Friday,05:55:00,reggel,2026-11-23,Monday,12:10:00,napközben,0,0,SKP,https://www.kiwi.com/deep?affilid=mihalymisroriflights&currency=HUF&flightsId=0b77251351290000631faa6a_0%7C25130b77512c0000edde3cd2_0&from=BUD&lang=en&passengers=1&to=SKP&booking_token=HJ8HEBPGR0wrX92Htnl1IsvPvS8DAcQxBii4xyjbv4PgCh7LEoMqHAtI3QdtAUV3aoU3BKLvJeQpXTHrdcsZbrRjDt_n0WjIaA81vGl1a_eTcJompQWD3X9IDXBMVh-uSP1KdTk4tWPGwAh16oZgtJ3RT-mw_EHQdqctA4UkmvKo8iIWvkRtnk7Ul_73ykZ8j5ZKB1mED37y_KgPzgHB1e4iiDrjG9xxV8OPAkh1GRf3c5z3KlHWS5w9hyIqfXZXaesgjjRSWYzZZ4qpriqifUg4YJK4pBkfTQmHZUQb-wMcq98SpP9ul2liUN5Z0ry458S63cYP46sL0YNcrPo4A1t1KCx6HnFj4SMGjJequGihF1ziBwOb9tC68dlJVwX1vlpOlG06gkqk7cOysMouNVpqfOUeu-cQe4P8Q6sVCl9lIHv_5X289RJDWGIAQGqpt_F56QRJ91kJcELyJH7TYzENPyInQmM8XDaVpqE1RyIns3UM2_eJXk_KSX3hXsPbRF24BIikUQ2xIjjbhAn0C65J9kyLNg2lTeYtVbBWq6TcemMNbMZSbJR6lUZkL-2uEACzhy6OiHNdYedVTdHWilWmYAJAgEkrpSuZqBAFVCUOtyIX_PybJac2VcyW14iihv77K9rlm_c-7qWm2es_nnhKVhQilHJ3b1deBxkYb1L2zgaVCvQ5seVpMUVG0z4vngto9uLnMKUD8HhZrXZrkOxZFrUiNt9ywIW6bIX60joQfaxkGzXBPmeevIc0vpizlRo1dFnFqyl7S14zNVHVVumcWR4GwJd3YFWpHemnB3-X4gSxWmCRBkUL_RNIVNE3LvCM3-sYslTfgfZ5qyivu4rgqcaqQJO6Cu4glBNTO4lXCP4Gk7twQLX6uY6_Qers0k6kEgVB5mnwb6RDyqB_IYvYVZoJi4S1vszhIMSZPPPVJy1wdPjo1a4Ug3yONw2hKuOk3X6-5ZJbq3A1cJsYV0SHaKYBIwQfTUSJqxS1PKonRIuynIxGrom2Oab3EcXhyjYYBIW_rqPMmTabPPPGfNtmqzdgAWtg7dsRx8Ej5jpm5uypcvvyJvjBuc5G6iPgud-4jzKgOHTkS18DOYmAybkd4hGhw3HoBw5JZSO_ZaLg=
Skopje,10479,3,Republic of North Macedonia,2026-11-06,Friday,05:55:00,reggel,2026-11-09,Monday,12:10:00,napközben,0,0,SKP,https://www.kiwi.com/deep?affilid=mihalymisroriflights&currency=HUF&flightsId=0b772513511b00005f988d7a_0%7C25130b77511e0000459facb8_0&from=BUD&lang=en&passengers=1&to=SKP&booking_token=H8VBlP8rZdoNRRWWd1qdifP5l--txCqTa9r2kP3pH37jAE8G1f-4nGpDiZWPINvl9W7lzytdU0-L8lEBhZyQIVu4svM96bepZ_ZXKquuUAYqG6w6s9Vo5wtMEiFQcx0U6-HwWozU6uVYRCOT2CSLy_xalO3VUzi2TqRmJIbCBDmS_Uy1bl0tQWJX8m4DcVT9s0XZVNP3h9dfZspk3IXSPFISoh4qGxikiRkEqPoTXZyePe5ehkarKiCcHAMHzKfLh0ifSdqgkmNJaLR54W00HP2b3Xgr2X1h3sgpVPq8ThEHDJeGPCJ8myIJgREbJCdsk90gIlv149DrAlhOKGqPPEr-z-ptACrISfmP0BsL4mH7vkvT_Rs0V-uPx0lyQsXESbsovzmGLDt50WMImLIeVBWSDoV6XhTgylfLXuuHEEcp1_giI3xiQ5yIXQtmagBNP2ESXe2Q-MIFBEkXRjlEHf18PMJEkUF8DSWUJJLkqVk3l2qBTiKO1oOd0i1ivlu71F5bQosiXUGzZoUAusMowOPeEC0aYXRnnclDcLntvEznCBBhjdBymxce0UB2XfiLyFeOYSgs9spWi1FokOXcj-r3fI2lXEgcVuRFJ_utb8O7h8N4mOkcxhv3a1ZfUUws80W26-BacrXj_GlYyn9j2L83KG1bwh8zlfUuL23kMPxbwep26klBsWwua9F5jsUBJt37udCllnn7jvl59JrBZFEqYrJyPyVv4O9nVtm798uuPiqi9VzgcXaNJR4QDEipvAVE4Ma3eYgFMBq78G86uVcAAHOQb6T7Y83NlJmCtTWfPtH1q4EXwJqK7wvLw54gMknBX0Lkh9TXTlXOe_eBFugukEL6nSYV8UlYYG0MsoqySxWeUPHf907_-rrEzh4AROIAodfzvm1hV6zVn0ourGaakrmDBipPa4JfgYI0BYyiOHoF0jBAjY2rNAt5LbRleOiCODSuc0Nl81rmtmXZmstW-ihpiZM6YRkSoQUehnh_9TvhGHjg0wt8fuP4xqXKF2a9w7KrNfnkpbKSGXQlKt7tgEvhOxx1geVcuQOE1Fi2UHVIfYsgDZ6R7EJGz0MFOVGPq1YsAVLPS7Rk8gYw5US26XJIFy-nMv_nn4f3oICHe-SlWTsSmTck06Gz9mcJc
Chișinău,12331,5,Moldova,2026-11-05,Thursday,05:55:00,reggel,2026-11-10,Tuesday,14:25:00,napközben,0,0,RMO,https://www.kiwi.com/deep?affilid=mihalymisroriflights&currency=HUF&flightsId=0b775589511a00007f7da7cc_0%7C55890b77511f00000ada29e7_0&from=BUD&lang=en&passengers=1&to=RMO&booking_token=H47d906mJK8Aw9dIGEfE49dghoitWKd16g06RY6pxrzVq3zQl87apMeeswUjCG23qaq_aVCnMjhzNgvGOuF3i_zDS6vhUJs3BqhTgFIhbBhqX91gIyfekOUCwf7rs6DlbMWPnJQURWGyMUFdRuiq10-Poe3FvUMtO-PRbXBEQvyWquA9176pqGQkHM7tWXVp147RVLikIct8beWMUCI9BP1_DozfeM43xJ35Z_WQ8cx9AmeLYaVUK2Zasv2HWeO1UL97a9OiThbbnmEH7dI-pc53f9A2CEeN5qREvVZn-s4N6Vdmfp5mVEwMdvGPCNJ8cmVpoi_ReUTx1DdGeQFDMYoNOVnNx3Um0Iqz_y2r5JK7I_oRJv8MOYujh2Cav20iMOqR0YNOQDq54QWmHRNX1Ac29uxVok1ttfpzh_Elfw0wOLhnxK-MCYl_x_oOpNSAglseRcO7Qe_mIKJ_na47G13-_vB2NBWJBX4nWgtJk_9Y25oHYqhBsk5ZJNz-jbRMwoywmBsoWkt7FdaUTQdASRj9qLF0Dt6YJQ2OW4D0NOgKt2QXncXsYFvbLbv7bu_UcN6kMBdAY9_o45RG7fOrBf_QtRQ3NtjWtBUxOyi98lObTUYw84X3G5qn7-x5G3SY8DcpRbA0oh6MsvhQaupJWfVycyiCaoqfuv_t7kRFk0AyIVrWaDETfiVo1Nq9QQMR0ZSp_HWJXj4yaaQqSNR8sauqau0E0z-P_LmU9-KO9Ffy2fvVJQIvHJ9YHJ06i3FHJaGhwca8Ps-wjHGzWWgEuuaRQNL_VoAqZQ85gusTR355uEZZmj2ZEbdpOu-TQ7seIO9N3FJ5NpELcu38ZNe0mJ3a4L5NW8vp_OYu7SOEw3jFnFyxd7RUYbZlSpVm4VKfjS2poRz0r-xvmX634r_sAOqAipZIASz5u9DT8gRIJ7_K3TAoLTywpAnnyAVMe_1yxVE93reZ5-kTtce90f8Ke_REpVRW00pbOfDBnvAsCUdCcQ0zxUM5_pgPfwKLr5CQYNCEvy22f4tWyoezGgW48gxYE4IcnKUWoEoa8rIc74gXttpcLeMlBBevJoDvsTG6XePRyvdOgKjJm6eK1MyBjMg5d-Cemy9257bs_DKsgYzOwd7F3wHdACWG1a0Wa0-AUxnjOsDI6QNQQfUtoeiw3nQ==
Chișinău,12331,5,Moldova,2026-11-21,Saturday,15:35:00,napközben,2026-11-26,Thursday,09:00:00,reggel,0,0,RMO,https://www.kiwi.com/deep?affilid=mihalymisroriflights&currency=HUF&flightsId=0b775589512a00004e6ff70b_0%7C55890b77512f0000d82bcf7d_0&from=BUD&lang=en&passengers=1&to=RMO&booking_token=HyV35EOPwruIfQuFeclGbdNzEaJ2VtksPaO-U15RlirE_qP4n0OqWAVhTsNOOuhC8mS8jXzudV2W3rtBzmga8Gcjclx5ywRXrFo8YVoUYYVzgCE9Dql1706sMqpxRMLk2vwNTl7Hb3CSYpeoCUh9oF9DGqBBicDkvNSZBA39u7dtRMNTuGk8EmW8m1tRRlqXoVxH-vbynf-Zop5eizf0Io-vCrT3_MzL14Pig-IUPy6--bwJfad5RDqgPt5c0ap-0orcprGkGJPLFIqDPusRzes-5_2Q_yRI-dQY63jHZi6THOZBOTFb3M5jzsipgNM1VQ7TC8hcoCP5vlQT9wwRIkwSRGcDPX3JOiN9OBXDCY1YxfUh9zKXhOR2SRQWNHZlY1v5tymg7B1GBi7Ydex5id_n7-kT3-VYEBd9PqNHYPv5S3cHF7l3EQSRo65WfdEQXVaPmJZC2fb2AKYSpyKgadvci5LS0380LHwo106ccTqvMg_WPAMhRSeTtzHg67u_21QrnITVYLXQFyn6PLFM4sg8RcqHAYZwJT0_Dxj5MBqi7DHab11JwXDRt237zKqci5FXL5ZjFAJgN3hEaeeifSa_fN7Ay5C0AonsieogOvtUdg95dtvS8m_esyHZB8rG6xaRPXkAYJBKc3JIZkWxLghLtZg4_ogHiko75IOM3rA_zKIgqBhp135Fjdh2cq_7sgoNhuTMvfNt2WunNiAvNRgtAEpy3RrkKToqcf8Zb-B5eChAmpnf-u1pZql5VZmLDLyX_SiRCjMnLjYi-kL_n1TjBRxAdQ2XiRnjqNzPgzqe-UA-w_lJlJtCN3OxoBJVi-QsbNFP6dDHc-5RnZiR7Z5wxKGaXxC7ynJN-fNtVRLzpdqBZPTSaFDE0BY7VAh4yvNR73YKU_6zCYpAzOXxBnZJe3-oxBBreA7i2h-Wjgrf80qEGR9omjZwHbJlegU1nkeUx9gVEG6ItV0CMGKlpqrwJhC-peLO9q_7s_OVA2zi1lN_EEB0g5xZCaR7jhq1H1E7bN44lcpkvGp2z2CMJFR3-vGvNI7IyuM0ykZMkis_IfY5RUwT5CJn8S0rAA5dvNpvPlxzuqo_B19Gdr7GEktC9DUP6Vl4N2wJBY6ukY7qXUv3nhzoUpmITImxaR7MQL_BXsulx3JEcYcFvu41G9-SNh9NomJ8x-LbHXzYPr8M=
Chișinău,12331,7,Moldova,2026-11-05,Thursday,05:55:00,reggel,2026-11-12,Thursday,09:00:00,reggel,0,0,RMO,https://www.kiwi.com/deep?affilid=mihalymisroriflights&currency=HUF&flightsId=0b775589511a00007f7da7cc_0%7C55890b7751210000706a5f17_0&from=BUD&lang=en&passengers=1&to=RMO&booking_token=Hyd9shH4CrYBP9KqaHSxDfNswQ8U-a7BJ4KmPMM5enL6TVSNqd8UT0lep9V3F2U3aQtHBaXfTV9dDMwfzZuS14LCnkd04Om3ah8mmtrB3gDgkJsSHMLFeuS-LNDoF_OTpOLpXYLw6BvK3hNcc8eGlW0aOiSf7Kwm-mwfQANn8QUBwzyDs5LkESuBHSkOIavToHJYyyg7eIwL1zWJ_1iPVawVVZogyNXWx0TcBsAw543BYzenkKK9Dlt3YwvOfKx2rFkXW2ss-_DCMQiQUkc_zQU1LNyCOlLVT65ZSPRDnPt1-EoG5wBsgrqCOgYrxGlmxwbCPBn8Ycya10k_jq8kmBfjUD3DbHlr7LdwCCsR7Oh-dr8t44tFHmR9sc8uThq8ZhavNX5oi-n1jtL9XIQ1H05An67cqnCG2itxRrvxxsCOOyI1E398ExPRTIEW5vOtesS8U_VXHdU6gM8m6rOMrT9t2KLAsg_JyjChnFF-MCL4IIhfUl1I7RnvEajyg-FgLBF_UDzSc85yrH6kykaPz4robPRW9ZH3fRXjh11zjgujX6XLSNwCyPxfSrTgOljSJ4fFE-vyMj06Yek_GbpK99KB968FTr2DUJwVPvrB60zFzjA04AjAImmp3wMldgZ34fYaMotFdyYlLp9Kz4e7Ll7bfajdkyeYNDGzGn_JXrY1KqoWyqvAe5UdcLk1mq2iQVRF9hyNvaHPJtqyH71Vb75beMTLTMia4vmC3nn_KMkexaOQP3_ucA3qAZpZLCwrgzRTpMI1W_4YgCMsP_eJrcFjLeFX4FgWejr1x2MFTHSe1QfHF6kW4YfVbUskw1if8UfLB5YHnXDfGTwSvsgK14QtILtUEMZgzLtlsE0iUDkmyX9LfFJt8vppaEFpUJh1nnzh8WYD2ojgqNzYZ1lTBVEOQgCIsytqWS-7kvuI20JE7SMIK6fxYWu9j33ZJAdsaLzXVAYFgjTYkkt61y0ikaed6koyG9bttx4e7W-vaH6VDTCEXvDERFFbP5Wa1kPU6LPHvYpfRTbYDq_MWivea5BmXjGU0ImSwOfhKrten1Aq6xuQ2_Oii1u5aBeEODLKGZNGhC--XA6ZlJAFs8OugEaIwEbWssXXBX6XzQEyKry8WL6iD5EaB9EE6FjY4jBYreaBxWXwISz0EWLYG49DcEi1DyYrnfK6fim95_QVxMSI=
Sofia,12898,7,Bulgaria,2026-11-01,Sunday,13:25:00,napközben,2026-11-08,Sunday,12:25:00,napközben,0,0,SOF,https://www.kiwi.com/deep?affilid=mihalymisroriflights&currency=HUF&flightsId=0b770f5851160000e99b2fea_0%7C0f580b77511d00004d342b99_0&from=BUD&lang=en&passengers=1&to=SOF&booking_token=H7Wc-FRHcXgnuUmjpIAjmSb9-gzzlKSzKVR038CkV5OaRJ1NrUzMkrjOKr8pDCdKDCkoY8nTbj0QLQL_xavInTwQgvztqhRa-iYp90poFUjawXhIXpzonbqWHiN-uvTyQtDJUxAlmnYG-LXr1FAO9WYtYlY1d-iXlcydTZa8JYTGT1ah8ddK8pDpSH089hN1a3oznILLF7rRwqLE56qQDVhCRiAx5Ej8chVXddh2Blz-f13HlMn45nlXew4GUvtawL_0KweNyDlLx9Gn3OxlcnngxATS7aVnniSVkkCWbx1tG3Kn7ArKIADokU890gTyxsCaBKDDhq355PJbC7XJNyf981LLWMkGFqGZK8j7Nnxv6-P2kNdTjuLEYh9NErdLdCqb6mpF3ja4p-YYGrq2NifoNngtde1VGWN5QG8UinYROyO2o-E2FMwdp1dV2FZ67m-nG6QxQv7uk6ZQTy7Ecq08sVZ-UBH594rGNRgIWbbjYbsrAdrN2tGQh-yqMurhGH2dFbURan8RVjzouIZBf4apslqyCBfGSaOj9g7SbHS7ce56pvcaqW7MjCLQKymU-oMy0n99SiM-pVLoW1VvwB79dFtBns04wBaufy6ZKiJPthMnlmDrAshwgrgejeL9Fak1JEcgY6v1nWHyRsMyr6ViIpix5NFH2JaylpwRASoXCofnqZtzu70qwJ-hXtkb9t0pkRgSOrqV34dVnQb76_mqmFWn-7gNqrfRgHQp6CS51vlyys7fFytgpemx692v8UDamvvazDpZxfhasGIeyqaIdnsMeQY-yM-1gYQ2x6mGgvElv9jXOaHSRL5Tk67PCHpT6oxFFVtzeFS9169aH8ga1Duj4Y-an1BQTmCTChfGjvMb54NiZUi9oIyD35PU9S7PQPnof4lBkKrPJ7WccujePQotgQKAEBVnnVuIAMAHrIzlSxsYN1HFNQHtF6oyKSqPPcyF4dcCjPVDhFYofFbfur9IcZ0BgaCeqmlgTCxwCea51xXctAYc046XjsHhgoDs2Nr8tql7KD4XpOOHWbNPP8A2pKsQYKoUX1bqe7WpTIKT04H_yrhT-McgrisOtLayISvFcXT4LfNMawWi4ijJAWBn_rhMp6D0BVQ-QDNr0rBHpWhlNrdBz7zmKI9CSMW86-noYI-V41WUaDIEJkw==
Sofia,13182,2,Bulgaria,2026-11-28,Saturday,08:10:00,reggel,2026-11-30,Monday,14:35:00,napközben,0,0,SOF,https://www.kiwi.com/deep?affilid=mihalymisroriflights&currency=HUF&flightsId=0b770f5851310000fceea108_0%7C0f580b77513300007e3942c6_0&from=BUD&lang=en&passengers=1&to=SOF&booking_token=HOJMiiBwjrElumKsORlbuqzCktLbqH-lMO98ybPB98F922ZE4L8YRcyJywFlK8xex_F-qsO10svkmEeuywYZOo6mJfEA2XqfKlzlC3tlepfJ_nDyVe5sFT8wVI8wjwj-Ho94k3hfDzMHejNqCYE8dEU-M2_nIU98DWUz-RExnkDRiOLx6aSrfTmVQe1yjTAAgn_0jyO53ztr2_TUC4CrkkLNt3xUETHdq2OEhAL85FeRgpCVLzVeJXIJao7hyYyTw1LqupJCHqIiWmUbHmLdcrzllkVgEXc4t_0AO2BjCfpEmWPMKeH2ugFeSlB4vvEYrSZhyUYF1cfEfdMmST_nRbMhOBG8G-vol6lRuCtB4imXVt_LD-o_9Mjy1PhzjpeqXlBp-24f26vBk-v9iAheTBaWwsfVFB14xYLHmRJeiRY6mWh0xA09p5nWBGTs2H4drH5mKTcWNSyKF7SFgNooTPQX4DBNhK5DuTVrnS2Pa8RckW9heZrmMAZROk_nrW0W5BIY08xMjVrSGMTKIJAR4Is2psvcVDNtyso67B5j4mfU-hqfUDFHE1O_QGyFd4nDR7hYv6bst_6RAIVwZv449vl3fRw_NDt7A5H39yzTz10rdwW4S1rl_G0p9lKKFuBoS3f-7JMna3aN15Fkid1PCLNxM5L0YpHqLYjNziB7IFDskuYHC5M8c1fTMMYQEmcuxfcXHwl3uqvNch8AfrxUH2BfO8DCWnnp7L1jp9xmD_VgtIKjA27i0Z2YiYLn8byVcx60ZvGt_60D-cmFiG5jwhS4FciZTbYEGzmbha_lyn1Jv0aNvtPN-OVrR3Tl_IpCjn64-cULaD3TVcGulUs-wvkIs5iNRSNIovXbu5WAZ91J0gRcrU0ODyRnWIJopRG0rKpXvFmcoP3PZzED3Uf_yQy1XNamMcvr5_fIiOkyRUH9joQIafyaoqjvAokGOiTVNkj9Uv7FadJGCEts49z_Dv_CunoLXOFv7VIvYUoljNwaBWVCmkwixyIFm_flb-2gpv9PcvB9X_RXoMifMZTng9wdeXJT3sy2kdx8FNw6SizihXqt7GtwimBHq7FNNcB2bkvdAJdBBHWIfzoW-S4VeDFugOpXR_Xl7z2GX5byl2V9Py5NF7YOTs7q-x-UNuf7r7XnP4d7apvwllOD1FovROw==
Sofia,13182,1,Bulgaria,2026-11-28,Saturday,08:10:00,reggel,2026-11-29,Sunday,12:25:00,napközben,0,0,SOF,https://www.kiwi.com/deep?affilid=mihalymisroriflights&currency=HUF&flightsId=0b770f5851310000fceea108_0%7C0f580b7751320000495b6ef7_0&from=BUD&lang=en&passengers=1&to=SOF&booking_token=HbXEZdwt2KQIk-h--DhDr_TEfMDGpYqcSVqzwJ3HrGHu07zybGcjQux_ZxJDf3PuAAsU09Bm0yUrmVNrKvoNPpQvGZLGCuY8YxSHskXJougjvjS3Un44XbcXXh2UZPddVagDq-Y8Cu1A3OZcmBXRdQbNk1jYD0I6UNhGSNx4PNo-DvVLOFqND9Lx4Umly6gl4f-I0hmOnhxFmUr8DgtLjnK9OLBGyUy0Em6vv8UzxucznM6rqkBPNP58Kcpq4q8W8Jgv5awNJjFrwxk-4mfRUtlZL1MYIU2hgQMzJ528kTUPtGKV7V9p9rbSmFnce6FpMnv73Wn7XZtGulA5eoA5CJoB4x6q-rlT2bl5fWdmTuutBNoD8M57I3qRtKJLP0aomRMsQteNEDanY0EfiIKelSqVaC45NDtdt5BpuhBCYJ68CSJ7chimuwJc96XgME38JIhcTaaARY5iD-McRJyVA5XhthsT1rHs_QX3PLI93xAYv0vLs_RKWAUOQPv6H4Ak8JVAECAv9YuEhiOnn9QpfvbFWprSeeCpJTk_uEQQkxNi_oRdk_kwwbfyCOvGup9SBqjJmyP3fEyy56C8DIQLuhOez_YrsY8_qIWdzJ23LEhC7m1KJGcGUTat0cu_GzdKeQkUKpvJE23BOIjzOoajB8jWEzIXBm1pslTltRyHKnY3kDo3oOBhB_R1rFtjLO75myYIX2FoYs3RyKljTQIGJVSFvbhNq-vJhpXK7CmPwqtxVMLmmEs6yJ8WUibvnw1Tp6mRHSMcQh-qDrTb9F0FzYOr2-oT_5q36aB7Zqy2THlidf1ADGdLwUfeQRFaGrXQJ4CKM_Z7RD3tefonRy89d1d7zji-atEaF3JsWV-GHgS5rXaxQ0swHrgLTB1pHJzVxO03NNM9vJqVwRcddQ2hg0siyCzrf-b1kO4xgSAv5cxLKuB1jt1U7kd1rzKj0C6jxyIvuPsNyrplop5fyTfC0SZ3b8JBLv4ynXX6T3pAcjF3NS3Pj4XwK-ejVGvR8bYVgjE9mUQlFxLq0ZvAl0aN6ZnHJv6qXGlPwgwYSoNYKdtMgu8orEUwdfnCz8VuR-i7umu5nGUwZBOf4v3QK1dB6aimwrB7CAQWMN0sjOsawtVSThWetft2yUy_qzDUOYdzNuqj2F7H3Ld_iHK7kQd334Dr3XFmhLr3i27xZisjUVWc=
Târgu Mureș,13583,2,Romania,2026-11-12,Thursday,12:00:00,napközben,2026-11-14,Saturday,14:40:00,napközben,0,0,TGM,https://www.kiwi.com/deep?affilid=mihalymisroriflights&currency=HUF&flightsId=0b77176051210000f69dc72e_0%7C17600b775123000092ad2d47_0&from=BUD&lang=en&passengers=1&to=TGM&booking_token=Hz1e2IH3v7T9qpOyWSWLUvJk7edWacsYNTW6YtBtZz1SzzBd5o61w1ZW1l2tFdzcRyaQyE6qATPTRmCHKgAqNrIW_fw5CQy53n7uXdm2cO3USHAFvsaWDrDIB5vEgDU2rdhcvGqbmEV2oggKl89X_yd0QeFlCAltpt_sGwGPiwSUoAJ9QY3mCemUEfyv8gETWuvlwB4ab8vrq-VLatPqKu1kEiZ3kvOZ0UO-KVjgVe3L-0ZNC5AhFT-h5RytUtw5xVsrGJS9Z_7IO7aaStTD9bUb7jP6cRRDUmHERdgmJcO-NaJwgMut88yRF19ZIOz6QyBc1ldu_I6olPsSbpjvJx2csUijKpkBa-oyew2mbersbXtgrK7XctHdYJLrIajxinCRiU4e0nGBrBHed1MSJpDv1G4_pWmEdPyHLBmDKzmreYx-kmaQHUZCsLAJAmdsiOFDQOq0wiCd5KfZ0hCAPdKS-BVYtARFraKXei3n2kb0LVwsvdpXGhfCL6pwwsnyIVTB4EzRBFLssaqHs92cn-0lXKe0GoSxSsHanI9bCaD81XcRp2V5to0k0uN0rtD72IVJYk82Qs3C1f6_zpJCASjQwQmmukoBI-X18I6ha8L6-Ye0dmkJlpKRWF0nrcl_blsqGWzX2R89nBY5sYxuDh2ahuOn5VoPRxGL3Z1ThkEXrNuhcR2LmPDF6TXb_JsLo22tXguS6ybH5io0I2M8Jc9NCCOC2_HRunlnSEmcJvGc6-cDnHhSfCQ-UuGA-Pz386MXXUYASnTuJbymL5WAoFjhbug69gOh31Nh5VF_-0B5COSaFo-0-AcJWQVtVx5S-0rvBq8fhCIZNJAddzCtV6TTXXBJ8BtrBWEMBw9EnBJ5mvck1MXLeb_ZlFGqy_6ELRpgPybK1TV7xjn04-Rqg6wRMUo7IEDt20O1ytcRdI-BP20msn6PnpE7mGUqdWnXmWkSfe18REUwmuUdUy0FpkIBZ7yzAvrHMoprINE0_EjXNO9J7iS1su5cZh_t2E_61Uj4ZJBKyPG5m7Nwxy54yRpv2szcyWn8a1uE8XfUPURqELny5dT_Ej3CodInc2ZDXsgnb2a6yFwPUozCaRSqtn7QANcXmwFu1-RIopS8uLaiRXHz8SXJbUFQU-djBOSL-IOassRogqu-4FD41jMD4q7ZEBewznz8OZ-StACH8xB4=
Turin,13613,3,Italy,2026-11-21,Saturday,14:10:00,napközben,2026-11-24,Tuesday,16:40:00,napközben,0,0,TRN,https://www.kiwi.com/deep?affilid=mihalymisroriflights&currency=HUF&flightsId=0b7707df512a0000fbe758c6_0%7C07df0b77512d00005c74b3fa_0&from=BUD&lang=en&passengers=1&to=TRN&booking_token=HzjAwYOq77KNX3F4ao09dynbwYGkRVehbYqAajD5ZLcc5hIgTJ0gLzWkZktOtIZ9ONPO6tSRUe82o2Xq8JirrySNoSiR9GCXfMgIqKVyyAIUFcXXCfwZHq01P_sFICxNNL6fTHFUVsuFSTPCzX4T-euz-hWKksQDIVBEzcP3ncsFzyO5QcInJDhlJ9HXoofvVAcCFZN3BJ6tEfT_Z15aBx8GsIvNCr-rW9PwIagml2ZowIDvklOy0i8r2XpVkwU3h1rKQADJFVTQOok5VTO3j8M2bSwIJ1RmoheM1ebUZW4CPdPFH_9miPGGo4cp5fYGYfl3oJAEhu6nILrtDl7Apt057KQkWnxY7w6HLXISRWPo0aed_xQsmAxVyA1p56wtSl3KcPmQ0iJdmAv9NscpK0IKjX7ghaVsPE0yVfbrprt51eEmubt8n7TUbjxK0jTL7BooXFmG0h1mYaI_dA6cC7P_fHSgK12UcpEiiClFFcLpygMIRdtB4BTIcDXD7s5lMlZ4N1LAOTSrN76dtLjQwr2sVfel2euFEm7w2yj6y--4DtgrLs1TdQ4ja6eGxyRNj0Xa-fHCdMvsIO-DsfPdp-q5l6rNK5gjTACvOXo1E_QSU06WPkfBcbm2Q9Fe6L747kV0b0oayIrTbn0iziVNXyVsFuh6A1Ns3ba_-GAYCBW5kJ3QkiPRRCde1H9cdEmTLkLu_E96oOAxRnsrT47m5hLKKYVO-wNUiaF_3Cn169-YXg_YOPBIPyAk7jIO3fQQP-vaWNHIfj2wojeorUl6c5HzlojRLeoGdYcxoGcPqohgnq5-_DajNUKioy9jR2ynOZvEsppRuMSvrv1rHdd3FjksbYdKjTN3WQkTmcyIBBt_I9Q8I4wNAmPb1soOO74v59QwbWK-DAlQ-L6o2AsTy_Fo9n8TRoPDEBrizJhu4I-qkhyEX_Y1Rj-JpE-NPzwxLYNF8h0Q_aCuQHIv6sP4AV90QiPcz2pIXLq6SV2LdeIegCXuJJeWP1gV-AqTQYu0ay_6ArbKNCszvXHk8MIxVp-Umv5NBsBR9NOIi2h6Uc6BrrY_n6Bhq4Y3QQXfXoCHRcAcBOYoC9l1_rWN-5roUEf_9teOhaBs5aMINruKTosV2DlxQh6bn__U-3eV8hQsCidICbU4XZW1iQ7KnHZyGlw==
Turin,13613,2,Italy,2027-02-02,Tuesday,14:10:00,napközben,2027-02-04,Thursday,09:30:00,reggel,0,0,TRN,https://www.kiwi.com/deep?affilid=mihalymisroriflights&currency=HUF&flightsId=0b7707df51730000f23ab571_0%7C07df0b775175000019c2a22d_0&from=BUD&lang=en&passengers=1&to=TRN&booking_token=HNaqe4tEviLJfs7ITSnZt2i4TTFRcscnxEe_DdZXJKncbfVXvpDx-GYchwKvu4oq_Clg-lJ8hj-AMKNYDoH7bHf7QWMBTUOlAOdHxPExmAfRwreYPQfzUhw6dIC_bgsmZEfsqjgcTUbbIZ-BlQaGhfvjckGKiE64dMuHQhv7539KQpVGI67FJ-3Su4LE_C1QVvJjRv2RsOeWIUajKszZ6tQBzNQJGC25NaWDo0glIhFWiULtnNRifOAMBHof5FTLTCpptJ5-LUTbsr2UIgqayooZxpnXMUAgikaDVRqcJjXLwooRL-Rwwc04cbZ-M3rnaz-PyNP5kC3hE6bUFj5dQBlhJ_mRQGN-pItnD0SQvUeFDrtG5_9i1g-UOIZl0rC0iuhDzs6a4QWEMuB-rPizC-RzNSx2rOzt6aCt5XcyG1gOOiXLgkM7DFzbzI-a2IhxNGGXAnjGO1VSSGlmo7IpRQc7ailsHJAik6pB5f4iYAkzBlWLMztnKFiuPUh7Kxdj8CfJ4h-G1JyqGgMfQQWmnmIbz5rx3bThld8K9bPAhTJpGO1CKZFZFF-8zkI2b_hC6wqBR2KYo2E9UqzCWl2KpB9YuzzBqmW9TMHGWMyyRi8fgb5Eqn7_1LEuNcVMWhq45rUlxB_GyDtSNtrYMP59qCtKWP1yHUkKgWzm6bNelr8zO61XbqmOl7wPRiE0QCMdEeQg_E5I9GNyyLXZq_1qkCIvmeoS71mHuBTxHAj5JA3tzmmiwJkystbw1VLCJmcrOlg_ehoipAnBx05HsHs0bPq7CXJZjgIKF3KeQEBO9w4Sy-8GMFnwaqDoDmltGSNF7rVrqyHNwlHf8XdqHJmKAQeZPcPuUSayUT2xZe-9_HSaInyYVOYkH-QlY-D1BuGy3MUPvMM_Pj7jWQhyrVB2bNF0KAWHZum8stUZdWg_Gv5VDXnT1B0EA13tlWImlAK93IvjfkBPKWG1SGIMoI1Ho-JpsekdMhr8Xfk3uLtlPYahTRiZWs_lHTJBliUl1f6jvW6T74saRpwg-yZSP3VvxE1DVDyl_BUgcdqN7Dx5E7ZRrqbjN28o31ovLP9WFfeIkPj2GWIBRwn7mXLYyVpN7NNsepZSRJrGQgKHzSU_2NF3dIluA4q-Y9jLAUkRmtYRVSXDv92IDw0fYYD8rEzA5ZA==
Turin,13613,7,Italy,2026-11-10,Tuesday,14:10:00,napközben,2026-11-17,Tuesday,16:40:00,napközben,0,0,TRN,https://www.kiwi.com/deep?affilid=mihalymisroriflights&currency=HUF&flightsId=0b7707df511f00000425075b_0%7C07df0b77512600000dbbf4f2_0&from=BUD&lang=en&passengers=1&to=TRN&booking_token=H0BIQXNaZsNOLBfppuXWIS8rOMY89LBxPvTT5_HL83daDM1O3ZUSP531ENrJ7llZmqaoZzQg2Exm2NMQoILhczzlpj_1LJMv3m8wdydUv5WrTQL2_FIT7hBgsdvumiM-4bRyOKKu8mztj2LZcAkK0JtT-0plV3c-yvF4nqB2LwuVGoGvD2TuPlAEp3uBnlLkmM6xgmfdJsORZbjUqoWTJ7YMycbZvS4L8ibWMRX-phgNU7XPsdphcLmZ8yHuPK0GnlhwUt_Il3yBBlNn2xAkl3LGXdnMkLZek5e5mqGyysHd-FfutcxD1aTnxj8iuBJL8cmx3d-QqpNKKWQD741iA3V8JcXwo0jn7VDomvcoZ6RFvHOmlgT9rzZMU3OYSACngwhf-IA0Ln5gurjKTYY6n9Wb3elJt9mW3M2a_k4m4pw33jz4EDIw4WJb0CjVPcC-TXZ_m60iy36Qrgrddl73uH6Nw6P29wth27O7sKNpSAMxZALV9NW9UuVebEWw28nbycCvRCJSUHHkriYA9OXYqCro9ELWv3UiAVCMVbHatZfYs02sqjbDtQf5JsRvq2lngXt4erOC-eHJu5MGEqtTojQAUfW6ar8JkQ2DoByXpfu7-ks_jjLXRIj8c97oNJ2m41-SZ10_UQe_wXCUzRMLQBc7I4jsa37fsbW0G-N8QTA1CQBkaPXXqoGYr82nZqiFyzdMonOVpwNazG2ElBG77D7hZlrkddJc723uZNIt75sLHtXqbkdGDJia2mhsmKDM4irLWlhz7QRrebx2GZAS3Vn6_3aUSvkzFSoWKAO9fBFim3lqZdRxD5qUrNDb8eB0c2WP7quwM3Dsv3hx4kri0_T4IIKwabsmoyfL_V8iv5bUGv8vu43Re42LSMCMkwRTFPi1WAST5Xt0Bsp6bZgecivUxrAY2HebE6Ktqjv59XY6xGITyQ9k3KDqjbYFq0w5XwOhpakS_WN1xcxKwJ8Ru7FcNtbIxQx3iSK5Ic1LShFYpN5PyMA60GpoL8FQbUbyqj7xz4J9KDDcvyZX_xMcDkyraLnJPcrqPCSZL4aNUhdO6NLhQRkj5msp0aRbjgOxzv0s9Dg6OHxKZFeYXbl7lPcO4psnJsOSUFWMlpd_IwbNZQrz6KaCLROMDWqXyZv5OXcl2lpF0LCNayuhHHExqtA==
Târgu Mureș,13628,2,Romania,2026-12-04,Friday,12:00:00,napközben,2026-12-06,Sunday,14:40:00,napközben,0,0,TGM,https://www.kiwi.com/deep?affilid=mihalymisroriflights&currency=HUF&flightsId=0b771760513700004835778a_0%7C17600b77513900003660c81d_0&from=BUD&lang=en&passengers=1&to=TGM&booking_token=HiCby9iKnQKl54nR7agvX5Yh506p32pN5sBTCDMeov0ksLG1U3lhOFu0ms46yLpDQ9rTExUj7UQz-whdFHaI0XxlXJO5qir0q4FabP7LOYBYF8Oq3XVKE81X6Hha3O7g_yi2UKmLc9wMRrg9RcjhF2ESstwmYLBHWJKsUqPKt2YbOv868yHoqTcxlA9HryY6cFhGhs_mWgAKE4qbCj_Gm6vzxnHgYjRrgF9OYTnousDvRjOHLAQQxFCq_z3vpwmf7b_23glM65hrGvMWs8HfnMGTarCHKHNjxvLErQHyXD6tdryZJBQCEqRyKMOLzfUxkt2-Ru-fUBW29D0H5IHUp71J3RYrJGNZM8NGXscML9n-Yr8gHZHxHxj4qwqGWnwW7OtZw4otRKe7IMfl6IUGO__U4scrfzb269AR-45G94vXuM_tcNOWzn2bsEf5N3P07VEAAd87ru-T1F5JhNxlqWfynHA6YwA3oBonHcUuZ35sP74AWPi-FUyntoJzb5IA4HVBfberMjSEXxxvLhcpTtm_X88VFfEA2BSnuUrmlaIVPQNcCzR637t3xa5MC9rvf3y6VYgmulIuI1GYy6bv6ab2rDzmqwt6WHxSkYlgHGIXy9sLb-i6MF6QQOSuPom1mRJUEVBSqFn7xqbGfmlChJRoomFcYLBm-cWQtd5tiNcvdlslL_Rd8r_lxWnz5-uhuzUjKPQ8tLznTlWJ2KEcwS_85fAOMAJiwjSrK3UMgY9G8FItX103zQe2kYOpKgb5JLfudFs_1-XsweQjMsqn2wH0EJSmfjJ2ZwpgazsBtjH1EExYscnlz0fPEoyuSdwr0kIq3ujpz8f2LYf3KhBeDbz94bfAKdFDrBBvw-xBNociCj83yskbaDIcwIyR2tZqJkQvowsCGUAVzF0Q8ryTKtMRZ3YAKvr_ISnrXRvH9Q_9sXpG0u5Y3BWuPkeTlgOxyE6slyGaaU1XKs_xw6rtjNXCT-eaPo3HwkPyTRch8BdhZt4OuMat7_Rxfrkhp_d6lMTlCOcxO9wIjyxMo0_Cys4LO4MRDtnzahjqQovv9c5q8PKsuupW72QSh_Z_88CVTCAY7lV_v67zpBwDbmk-Hdq0REcP3hVE6XR-IM4uzAn-WsFZfP1634elhG_G5c2haDgP3W6s-4riO2SD96dNp2w==
Târgu Mureș,13628,6,Romania,2026-12-04,Friday,12:00:00,napközben,2026-12-10,Thursday,14:40:00,napközben,0,0,TGM,https://www.kiwi.com/deep?affilid=mihalymisroriflights&currency=HUF&flightsId=0b771760513700004835778a_0%7C17600b77513d0000c47fc7e4_0&from=BUD&lang=en&passengers=1&to=TGM&booking_token=HZz9IOghmkRHEe0Q734dG9Tgvp4Cw2JaIRGqsvHnqIKc-iXjoMYt48EqVWgI5JdKbjr7VXHpH7qSiQbI33zXYhak2NLErB7I0aPpU1j3Gr3BPdBvsNzEybbkUADjgivQ48V6xShVaf5z0GZzqiO18BUy_VrAzR6wtH-ApVN3VO3Vbx5f2SORPzFMMXpSkKLK_iHN6ZIt1D6FOc7dg-6nDF3RDR1QZApdjnBWKTH77VnR5cpFsS81eUb9qGmXJulzJEHf9yhY7_3i5uxdSJC31BNiSjLN72GLH6AP0jSXOWyQaIBN3W8z7Q29QdKkhRlckmx47pMX9use8zvHqLuY1RTSgIc3WcIGvODfV8C7-PEwlnkCxXPqLveScc86F1C41N0iY49TFFb3rUUWvPJ-y7nlnWXdBezq8WsuCVYbNZITEu7d9YW1jgV_iuEXvIUHb8wzs8cF1PUCsT-FmZdlHKIQKuIgLLgD5flwG1sz38SunX16x7tDDlyX-ujT079feiPDpK1msuixJAqTSziYYhjDRbwBcMFThATSih5FoGDiJIMBvbpob4jBRsLY2oupYTm-aEbn2h7L6RK86bQHxZcyJIMdwf7Ezf8E-U_NqNCmcBEbhg1oRSkzFI2I7zMA-BviITRiKskcZyAbhkzz0e7K4AYUQ6g0D1LwB2oQfEpQcWzhL6vOLry6PaOrSs0g_YnrMlJqCu68f01VEOSR4ZZQwijGGwnNRRneCCJPhIlurC02wzxo9gKzk5vdFymQ0-jhn5Mw1L5TAjjo-nli_uQOaekoN9W4WsB1Evmwm-C67zG7-qx-vX2yr7LcBmT300gFBSHMZnOJwzv2K72DzSiGDhqABxlwKdo8GZHZZ0P0_BkpKXd71NO-0yNqmMZOANiNTXT-FTXXIUb9cIf-V2YudbnN7L4djKTwmAyo03zeJ3aeO2vRt_VFDx2IDWkede-6WGsN1g4T7I3yQwi8djhTdQ8dhs5z4HF43FHGWHIoVPCVm23AJ9u5V0Gb9SAeXZoy8lpLyiFlt3-YjSU4UV1C0NLYZo-o0AYN4b9XleqnqX03GloJgf2DJcjSHzsDTgbyU5mC8YLWovNLPY3aZZwctiQWOyIMyxHp14FKZB5omenEEQeKWbkjjdddlD2DvXNZQcmsFzoHSq1_8DU6_9XU1P5fq3qGLbZ0vd4CVFdw=
Kraków,13657,7,Poland,2026-12-28,Monday,19:50:00,este,2027-01-04,Monday,21:40:00,este,0,0,KRK,https://www.kiwi.com/deep?affilid=mihalymisroriflights&currency=HUF&flightsId=0b7713d4514f0000477469a5_0%7C13d40b7751560000a7cde919_0&from=BUD&lang=en&passengers=1&to=KRK&booking_token=HTlDTuT70UGcryam1bVIgIvBkFffTuWOmOIM1PAQo8udW5KJQefPd3fUck1jWSMj-deSJ_2ICRj5IQdhDrrvQB-vi7Xo053bYnsotRgTs7scOzxobMdt3Jv-krAh1AHepBxxpYj8L04RxUFUS4TmGZp_d2XxDtSeVW3SDZ7sX6R9TBY28nV_J5FhlTbGshh_p89IXz9P8Yo-6kvpr1xW7xxzPGaaKksnM8GzyPsXh1Kpp0TH9U81nSMm-tyXFdWUGD0ndF2kYsRObhYJayvBmcCjp6MlWlE01bXsUMGBN-GZSsTi0BjjguUPhFmC0zlIqjP-PkdsH3Dr7NEPkph7cyNPVVhOwgPbIgh09KCaALUB2m9565dFDFLy9YiAnTzDVtK1HN-_mI6msiyDE4Z1pkGME40Qhw5cninEHqZrNHIo2CU80lHxTzGPxxtq3ZaiKfNdDAlDWOdyDRDEFUS7E9kY-34lbHvu5Wp15mJg2JQVyQDqnSsXIJpokUQul4YHz3nPMybNA-AIhL_dma6v8GllrdvRNqKtNnYNh4gbf8YVRJftTQJxaGSD2KY40YaP70MlDKRQ6ZwToHY8reUzghuUfSqNiJQpAg805w7mJE2ryakJgenJQZZJXKcKqI1ZmnAyLPPQ0ALEsHz0LhdFKTDa-DMb-vqe40bEUIqcuY-5gH12NzidmfcMFsyXVnSpxSj_TwotweS9CjPKoUix8yYn2Lp0yPiu7RVt0qJEYQvZjm-QTRJ5nVjsAihbMSz3OoxV089eG7QV5W84OEp_MfMA5NTQQb-d9KtZuLlZh8w0vr73huD6y9mitM9KHq5dxVk1HuWEz7SXPrJOlYEAfjiiHgfh5NkC5uf7GcJ853bAy-pqUNEfhg422cKuI_siyufrHRF1HVpoHN-dEzpHJSxOrrcfJYibsKjbjOvRiPRbJiUGTh9kYJf-8HijDctyNpK_XU_bhMP6WZIe8bWprbycmoaeWtCgzPY1I0OFcRZKPQ899u4e8xQMTEXEzecYSGctWC78X127fAlXd3z2uWRexeF33coShb3jkSE1TV6UDN-3iHAqjgUiI5yCXKsYRIbsxdhzIX8LVy85zaM6PYq632PwCzNasflVMqBqYiEpOXI5CybIKAfFHW_1-XALE1tVVNSh9daHGlOcklbY0JJRQeNXc4C1uamhcnKZXRDg=
Kraków,13679,5,Poland,2026-11-13,Friday,19:50:00,este,2026-11-18,Wednesday,14:00:00,napközben,0,0,KRK,https://www.kiwi.com/deep?affilid=mihalymisroriflights&currency=HUF&flightsId=0b7713d451220000a0059b75_0%7C13d40b775127000098216dbd_0&from=BUD&lang=en&passengers=1&to=KRK&booking_token=HhCzlCVWIQGTbd-Vz7thw6otLX4-fp3luJm_6YbuhWz2Fe3TUvxUybFtlWYcvHIVdjr3nG8di83TS0h40q0rycbS3XDNrvPzYwTBet7uBYzTJgdWdtLy_e-WEfqMMffM-VkC95Dy-QHrBGLTct3VSqTPYpxEZBSujJSvLrcWYX_nu4emUP8uU1DLFan-acU4XyMVKqqeWAcUMC-ysfypBuIib2GRaM1KXuHwuGoaowCOe3CRlkUxcbM3ZTzoPi0TRPMXvGw8KwBgGNvAiCkmcoKqprrOV7obF54v41JXgBKqsOqLsZ37Sh4ir6HBYldruauyfpv3qYBbgf4yj3tJ0Z7x1ClXR5klrTBgMR4jtIFVsOxV_Nf_6uMUXF51sK_L7QrK2e9WHtV0-QYwmhw-Z3KA371JJirB1bvQX35zP-MSKDRhfHZDcdebE3AoYmNkIbVzuMh6EjVSwW-D1kKh2cy4obb5qTwMQ66U49OpSa3IYtKC9rBJ6J9zxet9ldXTR8fJDdLZa7CIbqWFDbq8FrjLMyHQOem6SvxxcO9xzU1DfGPrfam3WaEBXsOXa7Hjmid_NmKEPqWJPjIGMDfOJNdIoicfBpm_jNRh7Y_KIHQh1VPGGrrXuQYpFjpvW6XtCPqdgO5H-TEFTJBWRY6EEk9u-23e1ei9Hfv5vKNePBZJlfDEj4XOpg0G_L7stW6L9_P9eMFoVY0QbJ-wWhrzbYHQJPlVt5FIl8b2G9GyStMgASPKHSQbFL1v8ROP9U1ZX9By6v57NK8Af3hqxRsRLbq-3U6iBjVplWd2U48Syj5uu-AyZM94dDMQGKy7qdsoefKmLZ57XEAnwk4sm8yOcKYiKJl0zxAJkNTkslUpCDuCagFrWI_qwS8ODeIfWckuHih8R7J-OcRY8rUtU9bKHlzeZyaFAdTSb04hf8uxj47AVqyZ2px6QEbagBwSf8XOzuphn_urUeyJHJRpjPsOVZHF5Zarl0OyELZRjjL-CNSO22EBL5_ntn2pnFnduRGSegji7z1ICjqix8qve9zOzk_JcSN8CdXml3wuoNw5Rfn0wPwpS2i2EqRCAAC-rRFSCz0RCkP0IvBrZpMUcJHG_HySAtN1DLR8kpFfH9HDBNUmuM127djCq483Jew8NinPAVr6jY0HB-9w_33aqu3thPg==
Kraków,13679,5,Poland,2026-11-06,Friday,19:50:00,este,2026-11-11,Wednesday,14:00:00,napközben,0,0,KRK,https://www.kiwi.com/deep?affilid=mihalymisroriflights&currency=HUF&flightsId=0b7713d4511b00001ef7799d_0%7C13d40b7751200000990bcc08_0&from=BUD&lang=en&passengers=1&to=KRK&booking_token=HEgHMKgl6-bTGul-BLfbliMygW1k4NtU1lkckmudl1gchXRqeq1asoHFnQuwIHqTYbm5Yf0f72baKLUdniNN1kk7u9A36wxGT7q9Xr1OCA9KzIh1MOQuChzdPPSqdS7LZ-JmsNuwg56a1vMi8W67zu-Hl_oWTVPJaA2O-ft9TJi-omeFEug1E-InV5od5dCN66ycWX1TW2a-Lea0wDnJ0Pl7bzP1Fmk4GA_TjV8pivfK6Ve6ormWRS_yhYP-d5M7LZtVC7bfGZAM3Y4YNfMnC1btiZ6sylkkNBJlyKH8TVbHwxuA9ujTlQ6NkR44sd3pWe2wrpRZyw5BJgzZJ6wwD30ar_WF0ttMv74tJRYJG99abrh0URRg7a3JopBg5A1w-DMo7WmzLsc_ujAqEk1c0ufteEy1fxHSofHIZnRF5dcJ5bCgHXfAgYwe-Hi-dwrbEbyRyNmoUAAAaW6v15OTN27WfK2Q87GJkPUrS7LvW7HuageO9AcgWExcvziiIu0_jh5AzKbTHgcrM2-PmnOCfqiU5sbC0R7a3kKSAuI-aafwA7X5_r3b2tsU-GaHRNTt_vZ_Pu9yGChkKIfL5kBKfO5NU7wPoyDmvTneT6pqTDmGb8xVy6TQ1xy3ebIhpk6-o5BWOdnq-U0QBCrYxZ7h86hTQlIaDS8B80SM0R2rLykAbHMYrIXs6AWloJ8F8p_9bE_Y2mFctWIPZsIeZLK9wyrbnF5crSQYmPEKTZ5mGMqUzeQNzkgDtdSDnsmK6D_MKbiLRWzzMnDvKKfT5HhJQ0bPjHeQ96O1wjndkJXNw6s30JYDpDy_2iuBnBSyUpQdQz0ntmO0B6Jsnw2bBH0_AX6ay9XV5rM8LKIh7LS9npqtm4-RPrf7QfczlkmEkRHQz1ml20DgYnn6-F6rjCs19ldsRybv2EgayDdDacrLBaoktJLbU1-KwQgye3psuc6KZr8mTwJZRu-L_goArDm1h3lzuN5_Dii1u4idAg_5chuYjrxWqzhqsPergNlOc32t7OteVVJaQtHU7PcNbpPl6-XILf6qYwY1AxoBKIHPUl9FzXhCxobPZX5os3RffcCNfwQGW4aFvEnnOIO7KLjlKLku839M_deo4eDNSZLoS6hsIpLFICemOLKiWH942XyF8gABuQEILC8-nofh5eBLdSA==
Wrocław,13679,5,Poland,2026-11-28,Saturday,21:30:00,este,2026-12-03,Thursday,19:40:00,este,0,0,WRO,https://www.kiwi.com/deep?affilid=mihalymisroriflights&currency=HUF&flightsId=0b771ad951310000ed28bc40_0%7C1ad90b77513600002a1462d8_0&from=BUD&lang=en&passengers=1&to=WRO&booking_token=H_c4nEqKsyHuZz-WJ1MHuoAu_lVTKscycGJNhv4LAKpqKlvB6zoRx2pO3hAO7jw68yxjT8eysxLhdNHVmvKaJDtu62kW3570CW-Re7ob8qo_EYSVxcbY5Q-wF0OrHI36lT5DCOJYUJ_juqdS8NyVymg9idWVJW0zHf-sEyUvyTkHGhMDF36NoCJytFmz1mZRrqwU3xwf6adJVx6eJWhO-9lcC0j9waMBee0RtNkQ_QRC_9oLA4fJ9RZTINgiEqPtME7DzuTZuyleCcUjBuvq50YWVRuVkmaAwuymIlLWPgt4mZy9-nqGQ_d9BUytdtYZE4Ja-5UfJgzLHOUbxEDGKb010LOsfPPHeiF9nZhYKjKDk4rVpZDdrPBnM5MbYsWwwk1TWqxPjfeauwFiVlFyoQaLS4e2u2bSjsFIbtfvL840joGkxnm6F_j6ylQn-IwvF7Lf0f5wjpUagz9sbMIzGv--pA8lGKlBBEv_Uv4O7XEa2h8DWUbyd9gbKQ0CNqo3Z7yEJKQS0eL9e1Ej-LNIlQdIrQvhy48wkyr1jrxgNnPBpWi9qe-wSgCRMSkTDVLXVO_gRVLuOa58MdAh-Cta7tXg9yAKUQUx82PzfntawJhavtT0pdd3XagOLp6945BhVLJIU9tLDPvdgqZGGgRQKgb57XV6SE4ty_rlcQARLiiIVGuLRrr5-w_w0d5fVXqZZarX6lTYtgu3kZDnJnabZLPFNdF6GH1v3dHEj_RlypXmTI6GBv8lkUB6M0SZWrrcLjjNllJQSq0M_PN3J262-rDgOaOJHFTsEo9pU98T2tBCCRcuR0DL7D9-r4A0hO0wgxElU6TUeiyCEX-jW1KH9xNIemzK1mbTaBky1OlLqWvT6JK31uTf7wOyZfp1r6Qf1160A_kT3uto_CJPvERMF2Cx42VRhpIOhxx7NoOh3GOLQWk2h7O90oCFAjckWhmwu8ud5cVdK6gIQzUWvE_kLHFDB47MQgbmB_7EOSJHxi0VRpXiByiZ8loJguA4-txoVmX16byrm5FOZfgFEBAYeguZrkR6-pVG54u-0QRLcSFT6BDr6Qb5LG8U3RnxaOFCNCkDkdk6_OEV4NfFtMKzWWOqZulI2IorBy8mc_Eln3JBEcJSEj7Z8uvRVUcXsU6eTUAFztNVl_DBAHGUcdAIHXg==
Wrocław,13679,3,Poland,2026-11-28,Saturday,21:30:00,este,2026-12-01,Tuesday,19:40:00,este,0,0,WRO,https://www.kiwi.com/deep?affilid=mihalymisroriflights&currency=HUF&flightsId=0b771ad951310000ed28bc40_0%7C1ad90b77513400008f34129b_0&from=BUD&lang=en&passengers=1&to=WRO&booking_token=HCik8ScYmRLdtz4t_5haajxw6PhgcdC3NVwE6sp5Ie8dJG3uriLZXIJrhYlLp0i__6T4iwkDAMVZAS13tEaMKLVivJL4p4dXU0A_XbW9A0VIhD4G5369M01FGvGSraUhBAWG33vtCRld5xUYMHsNS4Hbqcm09plumlT_xRfPkIt2qNqaUpEPpS5YkQDp0MdKUjdsJ-Lt27lOf8YxPV15dgB8L3_WddElpxAIPxgtwXCyz6pFGyA0is7razyP07adOd0Yto85_YlqsHoWIelDPD_v7Rrwxz_ZVJkfxV6UQ6EICy-mTmke0tsk0wuzPfb47u1ZqWq-wlKc3ITI7yFkEYMMnSWt0Kt84LrgMpRjxOnrJs4vrxQ5AhC1QKjvui4fT-9FzVOuT9SB-3ays0pTc-SxGut2RAtktfziDvbwaQPU8uufeTNxUl6wV-L4LT_f3qwETD7xX39daBz1azd6pDeehox_KRqCIYrLiX4RYxNAUgOxTrHzbldXtV8E4AzJK0f015bvxsXCRmgZ0Vo5L8zVHaui1YXzPNs4jpsazH4PwNvMVfTxqXzzEfoXTl3maXtj6OUz0J3Ep6rCUaF-meslL9mDL5k4xaWONlC8TRtOhaRSU1LsZ_RomXrD3hprz2f1yf0f_yhyufgfo9tMYoBFXJYc-6EzFd7_wpsEEH0ML_ufhdl6Oq8BIe7xnRvVM7OZkeDIso1-jSb7rwMxFsdIRsNbb07jH0DJGiSVrlrq8r0B4OI-i4qEM3kMBMAkKKfdGMEqTYZt_qjkIusnV9zg6Joxlm1Zpg3pvTXwCH10ZlXUNnxqIxm3Rq3brBy_KMj9mY-NbK6M7AwXv2_DvOrhyjJG3Tx4UfNPbDZqlN7AduF2aNW2m5JPwjFp2tG2F7PPKoLadWMP_78e5SrGk52TBTe_5o0BdrgVofNngc-P6MftD-DiFSJCkdYflN5gG1GqJOHL_8njEA5XaRsg-_Dt_40FUvTxcepxQS6Z1IeBZ4BuJJM4Zhv6y_xFz6ompjLLU_t6duPXyIRzwD1GtiAfU8hxMSRaiCSPvPMfwvB7qn0PywLWvfR1SsUhfwqBO2rOyatWahBnwsImhurCWS0sdBwib2uk0NLWlc8GT4xkhv18XvkI4zkbzWRyf5q5lpiLqX_U7bhOrsmpG4DTklw==
Wrocław,13679,7,Poland,2026-11-26,Thursday,21:30:00,este,2026-12-03,Thursday,19:40:00,este,0,0,WRO,https://www.kiwi.com/deep?affilid=mihalymisroriflights&currency=HUF&flightsId=0b771ad9512f00005530ce0d_0%7C1ad90b77513600002a1462d8_0&from=BUD&lang=en&passengers=1&to=WRO&booking_token=HtdYyrHcnw1N57RmZeHITSqdGft2E_1gFeyQIjoDx4lCZ6UKR9CW9PQc87Qswnu75JPNGV3pQ6Q_0YKAAzEEzozvbUvK99DGHNuT8HkzcN3m7L8gnEeSDxwB1zFJI3BCMm3S6F8FTwaxGslykxLVdA8yFBjSchTNuS2I2RQ74XE5ugf0ptFmrRtmohTOPYq4XW4rMCpEdFornuOOf9_6g959BKL-L0ptDsZ0Lt-DjDzRKowryYlm-Otkpj42GJS4Slm_QIyR207kheXRaTLag60uIXpIqSj_fGXUW1DTI-t3wK9_2x3uCwUTzLMD5LDNWm_EgYBoeMdRshFRkdDvfkUlNSFKzgzqgr5S2fOsgpSeEAz5p2nB3kYMpQIFJaoHJ-wqrpUTT2Ln9Sb4wq8YyzdY0hjsA-LmY9_v64ReVVid5DgjRwTXqo-sPLYrPsenc9PvkUqFpubD4yetcPA09QxsIHOwXc2FvDiiS9H_iP-9vGeYuMAapB4YxG-GHEbopNuA9RaDe4OY6y8JPhq4f3Kw1MhyFKqaT7BvOih-Qyp_O2_45doCoytoWYtt4BJr02QdgVcf48n0XCvfRMcHhGpWWEBewZkdOemQ-7n8zyY74KRGiTQRk9bCpfD0njwZMv6UOgRGbvETdnG2RJ70g1ZK09byaUMcSm7RYhMFvTNgrQ0SYiEEH32FHwc_mzpqTRVxxO_PALWtmcj6P23DkinwLlPwHwrgiWdHD-Znx0SeS_wgsLf98PbizW6SXaP4tXxxhJ8JxIT3XZALZnkS7dX5Hczd0v_i1hEFv7J_Y4e58131V5p_BnY8Nnf-GpegbAmFmOYKYDRpyfSgLMVCWogBCbbQypnwHjD9Wm3OBLGSISehcfd5KXsK3IxC5OgNPrs0DWftezWXTvoeFmcG1uwEv7WEfkLKZVFLKed_KCbXW_Cpoj-OwSxkR1pQejhFtjtmUTtA--wrDGR6oQiBmmGZ5FKOg8hJMLhV97T1CkaLGboHCCakZzR71H3oqyu_5sZ5cb93ZDDdTKoUAyJ0cGQOT-ARQMGu3nRYzAOnSFK_Yy9PeJ5YrI6DDsKFfPP9xKDJobqJQlu_7O8o8FEm9qXcWMwIzeeHgvBvVcJSEFFiZWFqu87I-9CNwF0OEV6sH8Cz2TAIRnRfg37q_1fzdbg==
Tirana,13716,3,Albania,2026-11-06,Friday,11:45:00,napközben,2026-11-09,Monday,13:35:00,napközben,0,0,TIA,https://www.kiwi.com/deep?affilid=mihalymisroriflights&currency=HUF&flightsId=0b772333511b0000df05cf53_0%7C23330b77511e0000769a2e58_0&from=BUD&lang=en&passengers=1&to=TIA&booking_token=HByIb86so4EPTo8StL4ICfJbe1kj4In7ZRb8vCyT1jawUcB1ULDU29G28yNFGQ3reMwJkLgau7DvmEuKXywdGTz-v6Q9iGFsxsaaOzP4C01WG7F7ajfq-zgXCFvxUs0vIqgDH6aoOJbz2pGxtlLB0kmCAn2oiaWCDoIF5zuCTj7BOZTNVIlTZIataO67nuPqrdm4sOVyg_O4s6f7NtkdqRIc1Mv1r1xEbemVGUV4bthIQV1FHjGfgSylw3v_qqFam4YUDKBO1WdMGUS1gRlUNXGk54H4DUTrm2gRioG-uotd3Xb5GMTD8D5JjjeMrtx9jauISZibb77MgmsOW-FKg6clrLvzyh9obtIwoJumQ-UPTptNWlUW2_zYwqAgz7PTQ7vBrGhLfhOxzGrq0PTY8VyvlIm0nRZMiSki-Q0NVWboTxjBgcr3uSdGg7Tu2TkD0u4v-PdaHxwp_-WY-EmrPOzeBYoAISv6Xg-Z_T3TsTqH8N3KeElloHkSP_BD8BLqfij81Z3WOPf1ZtlmxCbhq0weAXLHDCq9AEHmLMV5yM0wQVSFje7-LYbDWL_P1CR5d1HWWhLgnq5dv9zLNngcCpaKLb5_-vwNNZKFkaudhlwteCAl8QgNZzn6Ag7lhvJEk9bnCFa2M-euEQGDx6WjdnbWr_dn3gqA7lvaMZTNaQkny4t7C-WHRjCch5obIDGA74AR9zV649Io4v7J6F1gid5shUxFyQnWLjOVxCBsVRXd5cryLFRa2eqYOuxh392YYUebz-GTmwZLvLJQhp305XKzp2GsYlg7JgdBCwtUndOqFh21WVEOnAy1NV-oEySuF6GjbWZa-mKXHVUBtcqeuH5VFI755PuExgiT_-h7vRCfAtDOmvVfMI1QV2o6MWDELX7veiKdZu-ZXwcZRLpqutUMbJICfqj4GFm9YxTKqFbw2JZP-k7-awwmo01L2ITO2Kg7F-bV6RY37P-kDqp7zXxKJ0EC4f2hSRY-IUHjWe9BaIKIwvKrRq2waJX3hrTj_J8qRTtm2l44lHqaEx_qaRK1aBynVjnoGwSpE2V1Og08HuEpAeFFVBexh1HOclxH4ZfIIWCmUwGrOc5nHuSw_sUEf-Xf32R1Eon96nix6QkTzigcQJdY1pnzIW_DdWZmGXAkNdVKzjG5c0hezCsSu6w==
Tirana,13716,7,Albania,2026-11-02,Monday,11:35:00,napközben,2026-11-09,Monday,13:35:00,napközben,0,0,TIA,https://www.kiwi.com/deep?affilid=mihalymisroriflights&currency=HUF&flightsId=0b77233351170000ea90c926_0%7C23330b77511e0000769a2e58_0&from=BUD&lang=en&passengers=1&to=TIA&booking_token=HE-GRDp06o9_qUlMM9ttzoXYXW_mky60cxx_4IXjmFntM4uKkULa3jqIrFx5rvR2cd8EshEjkZfjqQqFr3YTqd5sb2hU9yAUSI6B2MUPYBJvyKnPsd_YGdL2cbALTRs9Dyx8uyCizQMQe0wGM3JRicjiqhuZzA5tqOEY10HP2s94HVXO8ypgcGbJwd1OXWMEMPnlIHvpc6xTNbGlIZVXi-H6TOaryfLjUdS7vJ7Npo7XeUC7xjo2PoSChaX6Fpc7KNMo_cCWC8ilrml3piT0y6utOFrwh7QkftKMxbVtxykuIo4m7Mt1qh95QUCtklKHR8nqStEbf7b0lk90GGdO6Ep4jvxGCuJGDKUY-8468luS4qT9z33GH5DFCYBmtMqwcEnVkMNgUWvF-WeCFZmAL3-az3J3oZfkayJ6ZLBSAGiWd44KdefRt6l0yTTR2BwP1LLfXpZy_LU4IOP3u5ydklfC4sg5JTY2wk23FGa9l9OF5_2CMVUu3bO_NoM49gGTKiRF8_1KdlZKRnz_7olbcV8x8CpksiwXuHW8n3fgdw64E8BY4N0BIg5zhfRXQ5IISkXsAj3JNeHlpOQWTP2_MEOkaktY7MW_SO0dthXGRLjRngBKoUiLBGzbw6pjVuO5lqwWVhD6quH6HkxdCI57SozxfjUr-AUQYz_K1LSOwShXyUuWUYFmHvAfo68orVYnpHurSmqskgBk8zHTm0QgcpikCKe5a5dAX8xjzyyd9PHYXWHmAlLCE8Vb4mG5YgSbYFKP6gOlsI5TGXDzbt_KyIBnrzf6SBfnL84tbXEehNdLUgbz9m7NloMfFvDgYqgprrLYGZCdZCc2ZypbhNMbRL_lvmLrZYMguSkiUZGt-5hnZ_PQcXeVqiI3QaOR7XiIOK9N4fiN_NC2yrcBrnMzaD_IOzpO6I1LpBEEiIeaskmN1AULp6twzlAM5ofRxlqaET-z29QbhrSi0oSML7UJrOuHauahbl_wxnYBZ187kDSJtunxpsZqIL7PvNkAjGmCW_cxku70np53rNMggqAar2zJqKlCIIYq8LHM8KR4irC_5YxTo1k3tuRGM1qVbPZRVjxUJzerOI5HNalSrpmH60Ak94AyNnWGLLYobcL-IxOs1Au07sUvIcXIVzGa8BF4FtK_2yVqvvXX7UhOODDAls8-PxvGfFUi8MbcSnA_yevE=
Gdańsk,13771,1,Poland,2026-12-23,Wednesday,17:20:00,este,2026-12-24,Thursday,14:00:00,napközben,0,0,GDN,https://www.kiwi.com/deep?affilid=mihalymisroriflights&currency=HUF&flightsId=0b77078a514a0000b44e8b8e_0%7C078a0b77514b0000f47a9314_0&from=BUD&lang=en&passengers=1&to=GDN&booking_token=Hh3ufbGV96GzR4ZLhVGGB1h1vu1FgqDJxrF36nZADUcM7RhDE82sb13pgtyse74BfDWcw5kOhdNlbufyeg_aPE2a8cAhaVqqskV-18Z6K3YKclnfcsZlOP8Ma-Ngg_0MfyPNsfKbNhpPTRe41nk7xP07U7amWuckTwL9HtcKeBTYaTN-hTrmXV9hnbAI-n4Hxg8psPZnrHQoAxlvz2yygkgwIH2bTu97VrGSTK5Svvi9pRIr-MZyLe1JpSnRuy__fsKkLAHBXwJCQumNIKqhzuRy81P6eDMn-d6nQseuTdVcm87dbNXBEbHdir0u6akUmwT2ltguWmmJ6j8weGgC3iC0AXssJ5hII9Be7xH3jH0jb3fWx2pTV1NKA99b8FRED_u9OyAjoLdV4vxVImjWUmkxvPjt7AMRLAVR00TWCr4XMIkHQfSxQpqK7smpwTBoUem26c5DuBP4HeXYmFapj0v6DhTZlpALC7OeMeO-qe4qJYClz74dmwZLD6MPfjGB9RBCdvJPiHkBAHfBAadRa0f2S2NqoSpW8bJSaE-QRUkUbrcWOg9WndLXOzxd2fTeTQcfVzsHbayNTKnwU2r8XTJWzup9GqbP3zCVl9iURkrUzZck-CPogiejjRQSjnJR2dnTFlUVR0zbJ5BeWHgSVkIPU4hZR1WcRw2phoqLbC_Gijwqzi3IPbqaxcJrR6nwKpgjVstLZew5NuoWE5Gov9NZukXDVKFaih3fZPQ08MFVIEHKbIJAUonWV8An4VlYkwxhr9q9hHGZkdxC5lboqrIXmbIsJn4Wo7mvWicCsHAYIGFAupf6acL1TJQezk2-nDk_8_h2EuL6x05j574_YJVOZULWp9upvDfd9K5mghp6A6XxP6ZbdqEiUbygouPJKMWMJdz-Tupb8dQTtxJXJ268wCkLydmOpsL00QTNDn1zDBr_l_0EZ4bhoQeioegHLjou-aCptFTJJIsj5ToG14uELGcYpphIvbzcYFpFR7LPZPjjM40aeuiFaa8pUFLeNcK_FIrQee4F4dGgUCMPVfkllzhD8nbdw6XrVSofZ0kJPea1g53w2SL-UcDYb6DkKdCObJKb9EyQ0pKVkOSqaIyrBvuDcU2GMKvhqvREmENbOnkV0yjiU8ntt7YXwzPGtcJGSu_OR0SHzO7v5WBF3PA==
Gdańsk,13828,7,Poland,2026-11-25,Wednesday,17:20:00,este,2026-12-02,Wednesday,15:05:00,napközben,0,0,GDN,https://www.kiwi.com/deep?affilid=mihalymisroriflights&currency=HUF&flightsId=0b77078a512e00009f43acd0_0%7C078a0b7751350000dd8145d2_0&from=BUD&lang=en&passengers=1&to=GDN&booking_token=HR-pfAEn-j60lqirPJPXiRXYdHT4QOJNX2gbSUkkm2sgLdKubMZiCt3fcylwxVIG98QFbzK35F0I8ZdvIw8nVuv5bZ_7dfXtOw6VSLbpUu7_lf_oH5FSebwy2v_77FUNYZL8S8RMUWOFMeNKy_DM2SLRo0TuQGuxKUq69Lnu2sdwWdA_wE8aGOUc_czIjRlg3Z8t7w2yd-K8xPM7h4QLAXw4LEB0gP6Btmx6RXMurTAqp10Q9nY_5hHijF7iMWFW7YWlWzQOxZuUG47Pmey76jILhnQ1uddZDslnGCamz89MNoyDUOJGovklXO2S87r7uaQFdViWOdmJI4KK9Oae8pqMRPijUMurDIFyz0Iba5fJEdetOY1dSbg5LOi25hBRAwpeqylGx3uDlWKu1_Gjspo3nLD7S176piMiH6vVdKUcRIzyuiRUBC1VaxXz91eKDgDa0Teqgm1WMw2FKkJ0wjWAtzWO8rc8nMYhGuNHWepvXn2dxVxTebehdndW3oUJruvIrPCvzsxp1uqIpipVmCbrSvKeURSzys_QN4uzS2FwMpy7uly3fVWw69Yyd4ZlsaHJE4Fm6mO0n7qFUyhnh6dR9DDT2NqQ7xwrhfjxGArjya1wSlRgwc6pkjipjuogkdorAKt07EfEEBdS2LmioAVBdFc7T4s7F6pSI320X1aOyaZ9UNpQQtfuSdXhiR9hVpl-Z4Hx6QbATZAQJkL5jj0YIpK3zVepredrpR9eXLf4jGg5tGLhlatgRN74eEGRE5Oe-ls2GINHq3gn0aMrKxoaJOhhWPBzqsYiNQoApMQ9VPvcJHipM5jAruUghZWK2xK9YGNHlu-0iDG-qmXe_1Ts5fE9hz0VbC4Y1KP5YNXc6QyXOVdKcLzZHsfOms5sMCca7uv5Sc-qoOb6DPPS_r4RjPOCqkHFxQxE7QHORj_sIIQaekB-KRZ6nE4EjhgbF1XnkcklL2A_xcJ6sz8w5F-2q2H33920AsdR1X0I0zdPbIzpXYAdMfK2ekIcXtriwmilVeOj7biEAKWSXVeRq6JWWSmMe47iUCTZMWmH1zZss_Q6g7dJvbhitKwXfJHqUehESStQhoa4G3Z5kad1I3nIKxHNMjnl6fyRo-r3n3PrmAmi2X-Nx3C-B-FYK6FBpjzL9wxes-oPYusuIjZexrlWie7Z58BoYaTk_SNwkRTU=
Tirana,13944,7,Albania,2027-01-22,Friday,11:45:00,napközben,2027-01-29,Friday,13:45:00,napközben,0,0,TIA,https://www.kiwi.com/deep?affilid=mihalymisroriflights&currency=HUF&flightsId=0b772333516800009d1bb80c_0%7C23330b77516f00004661da9f_0&from=BUD&lang=en&passengers=1&to=TIA&booking_token=HvNP0v2o8u7eG5C0IgFKbzhOMBwxgu8e9u8ykRciWcn5fH_lBEqIGbEbrpmvoAF5fN_gXWlWTS1zmtgkvScdg4-xytIntddV972n_rPQs5RiQwhbwnJV11alPySMM38o40JF90fBMhyEW0iKSvfQXQ9okmQ9x1igeam5C9DSIfyHz1zcCen7Pt1cTiBBzZ7BVGuOQq6eQbC96n3WO8CCWKnphsiR-afsvTaOeQ2r17Ulz3zSGNKXlQn7FRibnxArzQG5z_jDGZS5hrQLnweJXeigO3-a7uErlUowEBshcetVp7Yk5oLUF7cePfuM8RYm-Ihg2InNKyouai_5QAdOTxq25cgt2XH0MkUUGIR0vELOdPFdLv6v3q9L8ZZA4Dbgnk2yem6JsqLlKwNDZFj6K2PvdECvbhHQSuGU351u0Bw7r4bMbofRYkerk_KAwm8tXakOHBVFvuOBBuTowOEtc0-4MOB70oBboxQkepUz8vfWTivemSCbZjNkVgKTVXM8kCGnPDmyj-BXMjhppnowwMC6odVQl8-Hk0gqJetsE25aNi_Fr7iWfamj_AHjmyekygkMzwmNGrphwvOos6_umkQ2awBIMFf9Cj5GoYO0XnzeOtHy7EbqZiPsEX0GPneQUkw80_N4bMGj-VkOqq81Ds0Irfzl8uGsYHdHV2vMqVUP-w1hnvdbdZN_0dqQAwhLF-H03jFt0MjRhnTo7fwMvfWWDqV_jWljIeqegzRJmC8xlcWxSMwrvNa-edyT-wr-BYW4gDDBEj50BfDqu2EadC3FT60OjMwjnQQdKCmRAeOZrabHHSrWGAeCuXq-H96-Du8fxTv5VJyTvaFtWmwdPo5wjENXAxTt7txwuyPMB0blvPg9Ch9Z9jwtSHexFJSh3qm-0r5ewhWkmUYLqtL7Z0E52nue6UE7iWFKRbKPA3jwy_ky_tdLyeAOKMjb5gW50APwgbzAru-ujdX2tdodGP2kXc9rlz77fBlOXJ9_IKON0r5VAiwP0Tl2f4WZxSQkigC14isT1kremfA6UevmP_YNfY7AbqoQjNUeTnblQf0UXrOeqBXGipTILSbiEjeYByKmp_dlYRmMCcvRN4ZXq4PHhelVCGk2IkuuZXMCUxyIfd7-3J5mGGR8J8VK3Bd5DhyN20MT9RPHcXnoMGmobOKyd15ehIOHnWzGQutWeXv5fhwP5IROpN2ZGEfvKsDPt
Gdańsk,13947,7,Poland,2026-12-30,Wednesday,17:20:00,este,2027-01-06,Wednesday,15:05:00,napközben,0,0,GDN,https://www.kiwi.com/deep?affilid=mihalymisroriflights&currency=HUF&flightsId=0b77078a51510000f9116e99_0%7C078a0b7751580000cb300bb0_0&from=BUD&lang=en&passengers=1&to=GDN&booking_token=HEux4bxPErt_Gl5hhW685XfjMuEUXCueg5Jy9FQDPkF3um4z8N6ulKPr2vf9Ldl10HAZcaKQ6AfxIqDGJdbch9DNSWknIjbNnR7HjlnXFbSKkMvn30EnHDX-wbbEDHNIg8bjW_qkDjAKvSJGHAFo-1DNtBSTAG4wP2K2zo2-4ZHCmiUjwJLAFjvz6walCQaSPWVkvhqj5-RJPiyaax6pyd3bhPg5jy3e7n4NVq2NGLYYqWaKJfBd8qIvaWDCvii_QZCaqxKaF_yjPwBSrUs7gAH6anBw5BLx-fWzpcI4iyQuP9m7vOX2BG2IOEuApSgLk3E7PE5tho3SXslfxwkzvXBrxnkrB8glDNvIozSqlstbhfARdJXZtIOu3f6wDfhgXyIoEE5pJGJoOMX5B_wFKsAgjSwShf5cBUl_dq2EyXwHauhSpFoOSMeut9nf1Bk2VKf9Ugid14cxgC9bXLFQyv5H4nSVHPYbOIGYFXAwOwftjcBhXPLto0h0PbGmwDB-BZlfk3pS4USthTJVC5VDR-h-SuMW8IZoxdt52EV0nnmoJS0hA8Nx0lZ2qwuK-vCpJ9TGcZ4rrX8eI0AWMY6gVWo4NPr8lBCS9GpoV7nQggEVC14doQ-qIo5lYRrd8NPsdubrknYz1KbOL8HPOYELJFSYTwRl2Y6P-7pKwtMjZUNbwQ_Y7B1gjF-KwMkKDmC7U9ZWeyboYwQ-FmQ8CyOJFsKKFJdPCi3mkbL6vtqpA2liTgbdmyjkLGz6ZB3YwYv8mVGDZD3BrlFIEdf04dQCfFqe8gW-dOaG07JffUPCMfbtZYckgLkQ3DB2DuCIUEHhU_NQelFfbtwRQLmyMDB0L80XM45WQxwnyAFRkxaatys9O8zoNLL7RmRIlTMVtGZZDCh2fdxfbfDqaVgAE3qZ6Pj2r0Eqpj4c8LmJbdXmZfLPlRdBkegGp94vxkaKYFIoJtd9yDV7BgmvnLfIS_teh73NM0bfh8zUI29A78oYXjRGPzOgnXOpMIQLLwOYzkwdft2rb-rnoO9gj6NGAdjnCJwn9ip7m-4T1i2PUFoBh5nK-dkC7qdmHVFbJQ3kIn6odLtTTJCrzne0bGOhSQG1fD2cGdtQecUCLFfLukaaR2cqc1KA05bUmNI3_tRPYUEsn2NpN1h3waf3vhFi57E2yZe6RH-aHkvdL6ojxcR8Trow=
Milan,14643,6,Italy,2027-02-08,Monday,14:00:00,napközben,2027-02-14,Sunday,15:55:00,napközben,0,0,MXP,https://www.kiwi.com/deep?affilid=mihalymisroriflights&currency=HUF&flightsId=0b7707f051790000528a10cf_0%7C07f00b77517f0000837a6c5e_0&from=BUD&lang=en&passengers=1&to=MXP&booking_token=HGdgcwmfK3ebitmj1YeqVd0mu08MsEzyEZ9P3Z76R-627Lez6J3rtyNqahVaxhQEm69NecVd6JKLqwx_JG9yVBN-n6Ufvbqcx-Xt6DIvTGT32_FpUriowBsHqikN1uV8kPWCD5cQyRQu1cFbfm-YAgV3rZnU4b3DmP3mHWnMvSSoH3_YKvKkS29GSbM5YRDvq0G4GeQ1KOoYn2WzEjt8EbKtLsh8qD9tAl08ds0MwslIq_royKl6Lk9d80DSv-05CiSi1etaNIwmrelBH-0jC-YUkiN8VwTWWUr58hVdYHVn7Q0aUeuqYGGqawUMLhsYl2BDAxVnQbFzGtdZI2fXjpLGLwPVrT_FemEH6NGXmZPaABkSNhHt7yvNKBDvCLifxVcyGzfaxMktUpZkjnEOYxFo25DDCkFWqmERzhGE0ClaCHt5hCCODLbpHmCyU3dUoRkslINwzxOJq8EDOrGrfKODZjg4NSE4Bxcjy4uPS5FchtDGM8o_Dv_DHK9o7O5v-eRJ1z2OXovhb6eMczn9BT_BrF0rgOklv6aNymLsaPVL0gvhjwKe5TOfmpofiH-jDeLYAfq84yTxDGdk5LBbCA-uXvtBQwHtdLA0vrKby-UPIR8t9MRF9qXRadJ3mwPWfff61mx5s5wGh6tRRn3-_b15DpZoKtok59j3h-dNHkVD2uv5MIsMHsxWuR3AeqPuYNNLV315t44fa6a1zgipqwJb8KMgzbYfBnd_b0vewETTL4tmA9nsXusp6R1xSlmj4A13J12xFQRWXwBm_vm4WvPKz0kqZelLcfEfuL4ilCubaI8tF6sBRcWte_riyYSZ0bMNS1Hvbzu0vOAyvOrgYyjLcP1saydnrH1m3FYh-m7bHfkTu7RSJiI-wfw0sK-99iD6xmZEbg-bYxQQpZG5sVKy508rJmh6TdgVrhbY6TsCtekoR3Y8fqrgtorMVLd0X7-cmtopZx-PzDoN0sZ-9ttspMOAJv3YBtnbU2MmIla7H8qeYnOiO9RI2ZwUum_K_TKI2e8JE3ecbcrULKTyvxOgNK2JwByKL-YNAz4QoF1JZbf0BD8v4L0_6xfQK3udmxz5AjX_vgG2eX08H17QaWo_8b3sROBTy3UPRzRrGzgbBkWs_icnmp1qg905Jgq8X_PpLTl4zejNE_wLr3Grw-g==
Milan,14643,2,Italy,2027-02-08,Monday,14:00:00,napközben,2027-02-10,Wednesday,15:55:00,napközben,0,0,MXP,https://www.kiwi.com/deep?affilid=mihalymisroriflights&currency=HUF&flightsId=0b7707f051790000528a10cf_0%7C07f00b77517b0000913b3d52_0&from=BUD&lang=en&passengers=1&to=MXP&booking_token=Hz-kKq8QWhtyJwI0-c7hwMQaOMASds8tGKBYTgL4Rwj88zIQp4CaEETzpGr9dgIMHKB5RWX0as_Rc5qwGq40v6V4FrG9JH-YW-64J5mIEOAdolkz-nDja0Msdl9LKoGQSQD06ZOOB8zGvmhZu-rzMxQLjl0Ew-SPBQ7GTaKBODjDLNiMgB2ARGFfVp3Mjz63D37VBG7ZxqsfnwDyoaRf_6H8v40xVXbClynxl-Dr9pCbXFqQ1ielNJPUa1WndF8X1kwZnceQSYW82pZb-YoVzMh2uevs3VmRqe4IODfmtK1N84_46SDu8Ecn3eHTXpMq3mNcCT7oMQ43I2hN2YlSpPdYBHSW_F2AeTXma9Ky_zg0oLnnXtuY3hNTq6FKT1Doy5TOr6_DoPTHFT6Cfa9qycnuboFBz2zZ0DXxpmP88yBCrPJgsUhVy_jRScwBd8AN5_6biAQeWm4L6vkq7gNRL3dxNc6bnnGpMJvH-ZuPwRWz3K_jHbcyaLJ6M9aHM5GHqIFJOM6Yk85hw7mAZrf4ucXwtqXZYCte_jeYUqL3qu5PIARrHsJ8IXV8QLbAeQy0oMlv2zzQ6pXUpiAPlAdPKcKxFZIszU1jhAJtGyijmUch6KO6iK55EeiPqQ4RWJwzcwQFOKL4komy2-U5-xseHVfyo8sDcY71igvPqHmNCrc8xbo2OqzjmjxV0ZzEW5tZdjNFpUtnvVbEzjn-K4-0AhkWGPjwgRbFD1XXLF_KTkxW0w2iQN73FvVvJ3EFTccSSBZL8ytsf66vm9k89OFO-fHSSY5EY9TvsnVF7qakkBMOyFqiRylQwzJv0jE8JmszdCGQupkvu8TsK7Obt879ADeWqLhdHz27HzLqRNTMD4wfeF9MUOIbJFGlDxGnG46PArfPFi3pO0x5Dkl55cWoTsI8wYGVyDFC8R-yqr5bkF9BAs0SOkyqDTVa79EQuISUFjs5N6E6nXFLa3EmhaOL8QITecV-fiYRJjfcew3tbbWu-3_gl-3Klpi3jni4J-gKJZ9AFYpeEHmEGWcfNl5JZU7DEEB8f-AAHaEhnBSvsFKoWKM2KH5i88PmZYQk2AEAR2pPdddVup2aMQN3bA8uZkdtcfrcscnvCPb9d25ubezvOtWRxJJgsgXXuh565jZVvHdgAMzzSIA9c2QBjB8lRmA==
Milan,14643,5,Italy,2027-02-05,Friday,18:10:00,este,2027-02-10,Wednesday,15:55:00,napközben,0,0,MXP,https://www.kiwi.com/deep?affilid=mihalymisroriflights&currency=HUF&flightsId=0b7707f051760000faec506f_0%7C07f00b77517b0000913b3d52_0&from=BUD&lang=en&passengers=1&to=MXP&booking_token=H9btTYHaV5g6SNO8buTlrLot9lubO_fWsShm4-ueburJ2Ke1h_yPWJxrNHccJcpxgn83VIokMve8L6bPYOqQi-gKSNaf4tfSg98UDb-_fsZHmhYd7d8D8f4ReBT7mPsYgToh1p20gC-8I7npRQprJFi0P56C7lycsvhWVbCbVn_W2GkdjpYF4Hwf3RNsnsDoEpHSHwbiAVVlPOMHRKPI1gt2xbHED44xqN45WqL1crgm4kfalouOiBVztHQyevKHdZ4-pIdf_tRMkEEY8vQLIUc56FZ4SHDR5zSbU0JkdzUnlo7rnkLImG8p2xODU3FIpMkBfBzZKcqZtQBOlVmIWpsULszTH2F-9-UR4RcApdWZ3F11G95KjK5jQABkGlxnobLpNvY2ZN4TcxtDSyVdMzeeiUZLs2rxJaM86UESsSn2mnfs5gnK5jEmJC8s4x9KKlUTjF3Tj7h4u6v5m_IBoRHz5pwnOVoz4DG0U73liI37PD2PC5xQJbSEimKTOK65Xi_Un2FGE4c8rxCGVqL3L68uib5C9NxhV9n1PUPyBipmRLlvZU4ytCj-ZmNbpHfFp0BKR4XbF_Xpqczai7DOsZn5SMvjpkHEIhuF4ZoQELP5e_XIaMBQP4t8Uu5hVC5_axA32Db6zn8aftyy0eIvtQh73W2EfJIcToac_d3Qoxi9uawBowzJtEMhYmhdjjB-ArMiJTs_FDPPtfXtLAHTelL8AHL02sk-5eXK66pfkxip9OT1qHVX2gpg_M2HMvqBkDT9DXyBZxZ_8qaQso0Te8dtKbUsDoiL6Xue2xqTKucJgJLb2hkeC9ubbPPxePC7I6nMpD8AIzrpx8SRMXgBfx5ZsQgRzmRR3Nc3kd5YgjBqPNU_CxOFf_rWQfOmxQsZymmDu5Jz04ZrW8AMdovNYbSagVHuirPTaNzUG_F0mdols2eeLZFxUax9Kg3W5iZNxgNQieszRrR5MSfVZjdFizHBkE5gwy1VYe1MO1pGl4FZnSxarHVc0awS8Eddwva5U3SLbHTXFuqeD-kedBK63Mp_DU6ajlImcAUV9xHPBCB3JaR6Ew6JyBaFKM5TIyjEpawS4abHSqv9bNnPbCgQV5VmD0w1YvysijlTS2-LVM_Z3-e8xfYBB4Uh2TVXUqJK7lTOPRj8_bEGXrDmRDfJvbg==
Warsaw,14916,3,Poland,2026-12-22,Tuesday,06:20:00,reggel,2026-12-25,Friday,08:10:00,reggel,0,0,WAW,https://www.kiwi.com/deep?affilid=mihalymisroriflights&currency=HUF&flightsId=0b7720ef51490000614abbaa_0%7C20ef0b77514c000089dfb5c1_0&from=BUD&lang=en&passengers=1&to=WAW&booking_token=HJdphgibfrYueQdqj-kaMbHUU3dt_DhM_iGk0ng9odkiFK3kE5L-01FdzcKwwqZjdqzpNeaFXcFGmRjgghmKjcJUTAfBPhp8Q5pciEaFNH0wB38o_G6YmHx59qK-NOCQyTZiQknSbzFyhVi1VqTa7h4cSDhQ67-WjjuhqF9yUj3KLWWFAG0wcs-V-TpTaz4bz2V3zZTB7-EemsJu0ORAbtOwrTLCS5_6Den1zEgsXxBnH6ZMhdxoBQQis6q3M0m1uACm6syaGv97b1kMKneHoyvVr-29FIJjVLk0NeZH4tYHGTbXE1x63BHxAg5oCOgDgA1tevWTjzU2-mQE_RcbJuZJj2on4h00ClBVNp1Qr-phJQTlPVKSVgh0teR-sZAdejAfeq4DeR8oZpOEXsM7PcBNjNCm13P6N9SWDuWQk_RAglp9_WpHbOPzKBDdAmeOfhKXwIa7i9aTDS3bXq3f5iBxAxV3sGm8kXxBv5-devPTZBxZuzHc-UFaP6fu7b76QOIDeA_Ho8RJteL8UMz5FQGlPmOIjai5GHBzQDprYamHs_-tKMctxVjzmLFJdstzsfWkk8aLksSkY4g0mZADJaa5bJ4rZUVRBTURxAy2YzgWoIpcYXwTAuvghw1kF3dzaDfeEApMAlfyYTEui1OEZfsMZ7v_NJucumH4F5gO-yLo1777OOoBggDchZEV4c-yXeLSk4I2VTRCgCMk0x50ImSYYDbcUJV_ydaHLVOdknvILwwMjgEHZRcfGXN7iKe-y0PMzoRLtKyUpXRMSaOF54u6mg6NZpJ1x6hzRMUXflJZpXTl8hJCJRu7RzhwfTOZL0dhUhAXfznD0ESdEDRcJgZ4NbUbR0xs9TpKhNDYF_mqvyT6GqmB10aTsVsDKnp-0pw5ZLMbtSiXSbfqNMVLZWyQwQoCkGjqAXqEDUUyjj_z_gnOM-n0bXjzSiV3hWMzjAv-gnfd1kvYmn_QGx5q2GGF4rs83QVkReI9ub2ia7Z37OQ02QJMv6d0sxoCUQWiMSixcYd3X5I7feSQ0IGEPIBz3uFAx0eV8LJ04bY1kkaDHtr0QkwrKEQ2xvX4ISgi5-v6mkRHX1WvjEdAebigVM-XvaIoai--NT4z4OPoqVh8KNHx1ST8Dlymy7t7yCvOy
Brasov,14927,5,Romania,2026-11-02,Monday,06:45:00,reggel,2026-11-07,Saturday,16:00:00,napközben,0,0,GHV,https://www.kiwi.com/deep?affilid=mihalymisroriflights&currency=HUF&flightsId=0b77557e5117000058d8b9eb_0%7C557e0b77511c00002d80559d_0&from=BUD&lang=en&passengers=1&to=GHV&booking_token=H_4uZzSyz-FUEOtgVrCH0U_s2Xh_9hTmW5pfo-c3riMBIskaVgLRfdE6FHkEMqYF92ulN7V7RyaF6nZNp7OVcTZNQ3QSXxHtBOY4fJNbYvoW4dWBwcfxClm4_J-9ouzTOiVG0arEYAiu2iIRED_c8P7Gfmacs29H_aMRnPF7DAYk2x3e2aVNZajySN9TuDyxcoOIx5E1H6EN_j1XsvLDgtLyRyIjhM0ovEUtsxG7LXRpDQGrAtJ3KoClHtLzjytIApyC_Nq1ZZSHDqIFrT95m_kDAyoBXNmMQhjSa6XwIegFPHTEKnVLBdHOXL_Gq8oUSYF1QyruBSfh1_Bpo8aQm8B4mZx2Q186c1iUZO3wl9HjPZP2IqejK1zVhfYIKgBb5gy3cWixE3acKdYIC2Iy0XEmVhS_AX4YpO9i7PZ4m9zH1CiCDJyqYNxs4M4kx6PrSYQeRorlF5Jr5eNhjDVtuEB62p4m-XjS9JEcbDltuPp7iBZM-RYL66lowWiamrpTybjoWyySQUFmuhi7lkH7Y7Nxjb5-EmWviv6sM_ZFtJlkaPDi5QCDps32N2hDV5-7Od1Ym-bOK8lSppEJcP5pO5mjbZ_-vF0BNl0wdAXK0LQ3C1S-KsPkCPmVvMg4MRqHUdf-Nn37y7RHuQHMl9f9TYYm7yF78yMC3bXWxyuhoDFjoR7N0jNyGBsK1U2XyI2U6q4-fKHt42gVnmQNoL-8_Jb2uVOFvaDo-J_NvEo8KRt2XSajmqtx2dRWPkrrQSu9yun9iakFqmdJQl9-hD1fVjN2GxHJOE5jnUADhQFuYGrf0q08_kYyKR_luik_Co6XhcMe5hcQKe1MttC7q76whGbFDZWzeCR5i4dwq98_1M-qZnT2lM3swceBlSaDhHngFQGSOFYf0fWbdA-NVCAyvx9xG_1NAKWziZfcjEmxfKZeRp5A78kYtuejP4K2ngCwQFBkqSGgE5rqq9YWnLBx5inRDbYiOjaKoNsTDGc3zrgRGsM69LDYhpOGy_tyF82mr4wfNACRqeSygkbwKBHaIC41Px29z1-TZnPB0rgnHM25BHjNHb6_UGBQdws9tNLl4-iNRsrAhYQx3jkHhk_PrKfkAQOTOSDbcQKonCtIYsKzO2b4hHr5jviOmcTOBlsBYj9zTJtEMhVjADiRGc0esZde0woZs8KMgrD-6SHaZJ8w=
Brasov,14946,6,Romania,2026-11-02,Monday,06:45:00,reggel,2026-11-08,Sunday,09:40:00,reggel,0,0,GHV,https://www.kiwi.com/deep?affilid=mihalymisroriflights&currency=HUF&flightsId=0b77557e5117000058d8b9eb_0%7C557e0b77511d0000c843b801_0&from=BUD&lang=en&passengers=1&to=GHV&booking_token=HGcf7xe23TCSFcISOZqzN1Ri2lYEK-t0QrTpWfiXyZuulkheXo5hBx6sDv6DjBY0xIcE-hsyiFgTi1cFbGE-auXhRs-1PcnfFSSAcr9oORys7VBiJ7vegI9wUATk1lMxuOhJ222TMXAlQ43gnvy2q-DK0x96VZrtw5Tll5K8wseo3F_1b5HXjj5wDH4qEbJErDfb5MKZd3M_vGXs6QgzcRJBsAPvbtqsHM3jnLcduKuobq3KSjRYCSOQ9IrBn9uPOgQPPCPERnAk8Xqwq2FmEeUHJ4DtvXyn8i6CqjJM71re2ZGqslor-RzLF0rInKLnEUa0fIUF8oKCeqkt44dHOLYQmpcEejUzLGMQikAnbZyJTPElpO3hgf5y4IUr4khrSqQOSgyEilMHJpDPoTanMCpA-UpEtlem5bg4Y_efxx8y7xvSOBcn5xlds9nsRmcIg1tPVixQOKkW754jLw_Nw5MK1UyIyzjKJIPDVJpaC9XUTC2OImRq2Yen6m3lIWiKdlqmDHw0_Hk9TPt1D3SJ2LWuxBA6E9HWGTx1qPvgoobNOoOuPIkbN25v33uUtN-W8jdsuPsk74WpWxA7kotfwuad4QJdEHoRIzJlqJInzuV59MC67Q2S3kz7_Gdj9H1xxVGDkLtqk4qCIxTxrROH7bBCA_iTxT7VuEZ8POkfqMiwXXIapvqizZoeDbXyR2WaffzNLRSU-xd7GI5zY0i8So8MKK44uY8A2AS3r2-P87v5syFijc-WGSaLn6j2rC2O4T5cMWEmVqBNAjtsxzQnx-vmEu8FJf56ZvQCDqFscupXS2aK95ES0I-jnlRZgiRxhw2L6aulLfEoAoqGiNU3JgWpaL8mpUxYp9UEz_zpy3g1LIdA_wfa-HuboqWb2Rk9BAtBrfixoTHoVVy4Cpd8h39SJgx6UnlRIWWiavuo8fRkCvaQ-nrMI_X0-q04SEa0kv0XgIMMXrFaxStGuQFOxffPMOW4xAkXOQRSjySufFpmd9-i8_XF6AmbvzlTFyPfGcu_13CGGvPkHrq5GebB7j4bcKctFY7y2qlDKGCpTmdUoAq1JFOagMhPomzjPVfWQcq9o0bzbgHrJVk0x-xWWOiAPQJGimk_g50I1pu7S4TKVVRnMEhA0PW1RNUAplgJZY_XMFeK-TkwXJbcVWbRtx5ND9TiNZR171QTEUEdmKOs=
Brasov,15001,5,Romania,2026-11-08,Sunday,06:45:00,reggel,2026-11-13,Friday,16:00:00,napközben,0,0,GHV,https://www.kiwi.com/deep?affilid=mihalymisroriflights&currency=HUF&flightsId=0b77557e511d000092cad151_0%7C557e0b775122000089363426_0&from=BUD&lang=en&passengers=1&to=GHV&booking_token=HyBWLC4S8XhZD0ZU4O-0SJP5TPNX8F802wvGufC31AwGix9ZILyEA8_Xi4724pTcz8CErdM4YC_AaQa7SCrrZ0pzwr-ox0DB_QKK-Am9DKr-rfnDsaRN-AhhBo00hH2dc2AJmgrJ9l1uCR7HBo6XB3V2H14YjYS5aoVSu-JzJ2_uby9jcm-t9GnZ2UAy35R4Ot_5CgnntWPR0dwaCsQ_cxMA6a0Wf8KoWr7_6jdVV7W5z3hID2jdaoAz4ICWEfVVw0OuawyWJyD8JZ2QJcu4GySAK8SC6LIe897lTqIHO15p1_dalRZLbP_I_fnlzv5vjDuFjP5iRkuJIXBFVbGKZsuDqsDlLYg4HX8u8KJKqDwUyOL8WiVFo6FEEJrZybyBlvIBL-NSoF5dRROzR_b7R1ntt_mZPJ9lA-V8zL71EicILA5B_Y3FlxywNacDmVg5I_KR5Lay82HB6eDTxd2fXYaaZOF_aqnjqRnFCH4Wmx8naqmDFXJQ0Vv162oeLckTLwQuuYmETwXJ6TyQWklZTAF2PfEVdSkkCAncRoJECfxz9t5VIPIlMr7K7-oEU4ACEXkz0srKE2IhR27tHv1luOZ6km5zucK0Ka-YQ-aLDbE1biIKp9eYBVSXY8tAfwVzLN39AauWqyHYtFkKZf2hjOajEmHDoQrYy5lSvHkh2VAKmh4bsrEaUMXjQC49dIjzUZ9brnoTRGOF3FIY0c_BAlVNeAZD0cEN7yeZ4f9pnNniPMAR5lVtVlkR25KejtX-xN6JenIJPd28vQuk-7-GmUvK4jz_A9nRm0zLy4mr4UETEF_V11ovJBRWH0f5-v2g2bEyCKfoVOWHy59gFmZYR6FEPwGoBUgU2qxf5F-mvS5aR13iikrUo0lE00gcU9Uhq356m1wV6yoIbNp6N2GfWq1HjLjxZYTGbwUOtPrbSPx9oB-74P9jC5LVv6b4hrGRxhWTUbYyDZ3SyXGYFG7a2I3bnIFylABWgCIcqMy_wf3VgkiDO5Xyv9SAar6xY9xwcio5saiutwcGjEvKvoISbkfnkiGjDvoEB8IDadcGMpX1XzuLefD69fyy10tZGZYxNv4mdagVeUPvElHh8gSi_poe_aaTEqfMyi92Os06hMHiAhzpTimfIAluaz145JNMGLo-W45_yxnmVR-oZzKBw93qQEpLqhCX2JAeTMqCxfmg=
Podgorica,15460,3,Montenegro,2026-11-12,Thursday,19:25:00,este,2026-11-15,Sunday,11:35:00,napközben,0,0,TGD,https://www.kiwi.com/deep?affilid=mihalymisroriflights&currency=HUF&flightsId=0b77175951210000bc3e84e0_0%7C17590b7751240000ae0cf032_0&from=BUD&lang=en&passengers=1&to=TGD&booking_token=HnFedxdYx034q7dOeP_ssTiMhJsNjDXt8qnUbo1E-TV3bT2EcP6RfNIipfVtq9tcnbUqrYJd9GSbTPUNs6nx2kYcL1EDKgqM14Ht80VRvyIMN2SQEhd8BFufJZUbxZkNbscxeiNG-UxlQvESCsrsZBRQGCgN5cGaAYF8ExTrt2KqH7tuOe0bm64GKE4laTCzUqHO7TTeJRMsYJ_FDil9R-baFMOnfG79zR0jD1xFe5-hPNUGSzgx4x5ILwIMoj8CNT9O31KOhTCKRSU5OjJEZ6YReFSzxJwdjvYDTDyVv_qKO6_A5odZl_IiVMv3tvjGXMVFGtFfXvh-31xG-IHmEJ-z_2dMDrhor64ceP84kQ35wn-WXk7m6WMnwPcOeVoi0CrRosA4IRF3sS5gDa4R3IIirDAP7APYaJYNx55jZCvTfH8KmCfQTRZV-wytCeUGssQo5ptyEQiTy8sSaOUfqxVSgVHxghBcXk0ffBGvqhBJ5ISDkB28bkAhaOAy5Gd-Zi_SqlGiXNZHBg7uXwPr_t0LBB-2HNAVSB1COcbcA1hZCU_bSBD7t9qW5ljwUzNTInZbkXsQL0hm5PdIrn1O0fjiEQDcoDp-ATHsFQA37y-26OhQ3OAhDWYx5fdVnjSd94ZpyNhnOgU9byCA_sqGBMKO50Cpuc1W19HtjZSm0SGsQN68-dhRAjAxy80qwSLMF314G3uURFe2Od_4CMYlC2pzZtdoM3GvLnXV1wB4rg8D8Y981jaw91pXNpYz26be1oePSsd3iEMrhIsCxZuDZ6QNI3kqWCAuVU8f_fnqeITAmqnUpu5M1Q2EjdGySbMOcVs1OCJcMhN3wpK4RofvxasBYtQ4G8oZsjl--ChB6fjndc1CkXOxKqLY2bk52l9z4frBTkyh4UkO0tg207Hv4AWGyTkxVMy__eEvni96n5naacaLlKYltZ1Q0YRlyHHbskOXFuY--s3gmgU4AvjwQ3XYQVgNjpH9Uy39Y1MMj7rcwNvpbg-_8WQUFX2o3uD_B4w_5VNkYJGhjkBQMz5gxXv2R-McoPKco6_5KhX7sGYC2Ekc1DqshbjIo9cOFo7_ZshDXUOZXX7rWshaAVsHtLW7DXS_8D9BttzG5FTBOLh1ybRCcAXRJWoPXNzZa_UC3vckRJ9E6sce3Wq6j5zvtcg==
Warsaw,15483,7,Poland,2026-11-11,Wednesday,06:20:00,reggel,2026-11-18,Wednesday,08:10:00,reggel,0,0,WAW,https://www.kiwi.com/deep?affilid=mihalymisroriflights&currency=HUF&flightsId=0b7720ef51200000857528ec_0%7C20ef0b77512700007ddec039_0&from=BUD&lang=en&passengers=1&to=WAW&booking_token=HbOj_PEAyK2WVHh1fV5LAkRYz9d-THq_AD74KNuQcq3FAZTQHPqudOrFW_MplSR6VZGOiQ3zx7_HpxnbprEGchEYRcvaMlK3cq0ekNM4fyXSCjQ_3O-t14HW6enpwIxCKIeKDtmjAPNTbfYIJtB8pjuaxWBDZg2Yr_qwvIRU9NsXyVhD8ZoZZs9DkVfhqDRLGchxhhbnII1EXHs52IUJdjGXCUWHt4MWGSGS0XpaLBXGoIYjp8MoyLQ2GiTNrvtHl9yRJvTu2iNMhg3VgO5oG71yU_E5CIMQXYmwS8ewAzc9AsGJUA_a9Xb-ZzLXWScr3DZLyjTZcTGO8bZqmNk5qJK9ml9mrJSX-NcYkiGEmkj7gYyX0vgDpRdUbxYybU_jqhJT1BTVqgoawm7a2iw5VaKmTatJ3ezHJEEHVnEXTJlzjVr5SywDaX304I5qpc1Dr29haO2UkKvCQHsYnqCxR5-4ZyBAyAE9ve_PMJEFP-aOOqu41R1u_nswh5E2ca0Rzl08FqNEvcgw_3XXwo9l7y1-2SR2OAaf5mamq9PqrfHGjltO0e2dVmIZSKKm7IvZYumNieUKaqPirlk5-UbpeqVGELb9fGi50k4_LaLt4ES4hO6JRLAVGl5OPgclYOe10ukNDjNc4N1swpJXD3g-zaZnoWVruZG6cXQ6Q820bn5iahw8HrxlMDonXFy5Qv_UjCmRXs6aubtTvvq0H2QBAB4CuAc0Pmj9ib9WxAEHg6bsk1Hsozcq-0AO7sXeB6Sa6CIuAeNzTdYizyg3dPAhp4vovky4C5d8pwM1iTTvcxuK-OiVxsso0mCm9t8Rj1LPXHDV_EcusAB5BdNh9ZgyCd3VWb0wCz_koQemdkuFv9eiGtZdNFbex7qauHlGy1EfOHrTwiXNtH0hH9Sd11crfg17Wdp0itZQf8B1Hei5uwo0E05TGC2IITJqHu-7tUsQifcsX_z-cK2SdYtTv9srMel1IF5v9wrxbjMZ7cx320Jp8Pci5OLStaC-EXDf26bUeA-vgjuv8fdwHdlXia40yKwMdh_sc51ljSLOxRg7H9GP_6uskGN0-IVZbnNJNHpC4dOUIWDrOr7pHdms0TcAMZcWD36syNKBtx3uL5Rto69i6JFGorfBsMmbmZ_Ih5LMD
Warsaw,15491,5,Poland,2027-02-28,Sunday,06:20:00,reggel,2027-03-05,Friday,08:10:00,reggel,0,0,WAW,https://www.kiwi.com/deep?affilid=mihalymisroriflights&currency=HUF&flightsId=0b7720ef518d00006161adc3_0%7C20ef0b77519200000ce9c39d_0&from=BUD&lang=en&passengers=1&to=WAW&booking_token=Hm-dYFuOo_4o4mTjWVJv_Adg0A4GxUUx9_keMnbWeSm0-ujzQkq2n-3a3CxXIhxmyrUXKi0GpyOxIAdiD9t9WMZMy6EHTrCyuFBukUKQ5C3RJI2Cw_Tjx-bLNTSSmvPwB7ZgRvbNMLGYzfVAONjGwGBQoSHzQYNG_Q6h6NnnkSpkIZieaL8HvRGC3fM9upzCGgEvC9aE9QVXtNZ8UenMwJ70Qo2CfaPE1fHHJIy2sI2Yo9ZTMOLIUBBDXD8sktGY_4w9uYuOmtg6_Np4-Ru0hsqX3UHEhJ4RngnR_eXr1_H1uO_zDLKFT8CTuNizbLcB3Cyv45r8Vb9MM0MDG8g1aLLOa_MCqp2Ze0fvLsdRZt517GZaxVAE35dnBE5gpb7jh3fHHJKjiHWC3kIIgh_EY8DYeBCjodwURkWqmP6xP3-KdEBxrhKdlQH3YULJAnun8QCWEAL_YmIQCl_4syjqxtt68c9EkFXGMBBWbYtgU-NwPHQEjKmy3FNj-oI9w_Nhh9okHkiuVI0t-GC7R04WGF24mOzBbd6DF8SFMuqc2VsIA_rAqdRGNcmd2Fy9JNJMA0R2A2tJYuhV-BjL4_N03qX3F_qeeznp_2dSF0TCTezc4c4w-t6r__IVxmpo6sbYKS-vwv64Y44FlhBz5UsW1vITj1YUEh4ZxhhzL1EC1CbC8Di8n8vc9hZa9IaeK4rXC649MD9-ijD8X_eV24HzZKsBJa89IRYiyfBLvzCVIQNsNNG3C4A8Zrf9EwX71df2-EDP5DNDYE0D_GtD6IwX8XP_XgAwTggguratEKrwmNolc2cANQtC3vF4hDoAdtf3iQoq0z7oFKr6Vp6LWQQxedynit0QbIwwHMCywTDUwLRAJvkDRK3F9-lYAdKKeYvymbRzhwrzpENadtx4EauuADgXua_Ajy4pmeeMEpLQ9dgMHwU6PC30XLj84I81ERdEERDPkB8AWw8C927xYy7j0y8tumZv0hoHbzEMw6aIkc7JTNfpOWbmwA9aAK-HL0oTjQx9yvgTMGMHYfjryQ2Ci99YxkjBt-OkBl38E4oTnfu3YjxDOjFm2ea5wI0MSkam0mqpGbdM-GQUdJ0Kw2xLvP8FHc6E4mWTy3m0cmUUxiAiIJYUf75ETlyPohFVJGwCPC-goEnNbM7MAjx00RkVScA==
Podgorica,15561,7,Montenegro,2026-11-08,Sunday,13:30:00,napközben,2026-11-15,Sunday,11:35:00,napközben,0,0,TGD,https://www.kiwi.com/deep?affilid=mihalymisroriflights&currency=HUF&flightsId=0b771759511d00005b17189c_0%7C17590b7751240000ae0cf032_0&from=BUD&lang=en&passengers=1&to=TGD&booking_token=H5G32o8GF5iCqaftUNq7xhEEquxsX89Y1rXuhliYVnuzToVCX64n8tkXzi66k0aJkXJAJ90F0DtO5Nk-EFK1sJEHv_YO8nP1W-NRfQGVkpybBj-36xVwROViNIuhGP-HMKRb2K1VVgalc5XdENklWi8XDYnTGLPyzKw_9hNIjIzjUbZzSLBXpHcnMJ2dNruyN3rpUe9aj9qlhQjQjTbwfzOwWtcfK4qm7MyuzRIBfDLUsQIjAYXAAnCvnIywdJU_NpEwPr7Iq7IVbsEOV978M5d1lr7eYQ2orYX78jG2j622WdqzIhx73XgYdPS8NyQuzIgLzZX-9qDSSe8RfY-fvyoJEoW_Wxt_M_lqJzxu2cln23COCi0Ecq20RgJnF7fbQ1U19xF3A79f_wcNvGRC73BdzVkKz9i6JYAHQvjTO3EwZV5j0DNCXqUgsKKK2k6j_vuEBAsL2pSE6DkhL1y1B9jTrVugOfJyy7RXdHQy4oH-0lw2ACfASbPrvVrTayjaPCiVcUkxBOycGeK5zRK59Px4JsCk2dO2KJZLWvNQ7AqUn3I-l6YrPECIAxYzTgljGCd-TgF_uXCSozRBeivJTXxmWE0fLiC46DcCnhpPjWTa6gmMHOfd30ulb245HPGxTUEjgNV2tXdisQyYGz86A15AaeQ7ZM5OVIzGcWjOaDcPwqDEDTJi-R8f28soCxWjHGIgA63mzaGD7G6L02_MJS_qsONeFjr1jnkRzfZdvUJNIUsep2XPVWZ-jUj0hEqTDoOCjm4Kf5_YDX_X09aIXo_FVDH3ZdLvEzeMlCssittyhegA8FDgZfXVqBaErZmi5SlLWkDIjPr-1Ub2WSZNqQMhpq3HWg6kymhfVQawb3ih88WelXOM3HLtw1fCUTB8pRA6ZNILE9RXt83FXccBX9_B_ybi6ewNEcwKhbPElxiR-Kibg_yGEF3L10tkODiY8bHiCiwup6gE6dW74e3E5Fe132VfcCD5uiYZqLuiD1LNC7yKbPVESd3zT6rsf5_HWTDRRMJjJkGE1oCgsSokLZafx4C1RkpGV1K_-Ho6--7BxceNAGb5s4z6IA6ovDRA2I8kAv_-Fow2mYioB9sk9sxvu6woireQQnHanApzOzLmS5SN-qpgi8sVS-So6TxPxteWBXIkHsSvGtBpPrIKJz_bIvbS2hyLv05y8-qAuNFk=
Podgorica,15579,7,Montenegro,2026-11-01,Sunday,13:30:00,napközben,2026-11-08,Sunday,11:35:00,napközben,0,0,TGD,https://www.kiwi.com/deep?affilid=mihalymisroriflights&currency=HUF&flightsId=0b77175951160000b912e825_0%7C17590b77511d0000dbddac44_0&from=BUD&lang=en&passengers=1&to=TGD&booking_token=HABY3N0aIS6wAK1CcXKOCe2eEmV0-htAz51NPMj7MQcX47ZM5VtoOWbLEK2--wpG8F0f5r8TcvVuL5S35FvdnM6ZqZb1ab8VRxPs05-WW-dQsvEJWc5b15kGu8oGWCK1YNayrvT5pSO4ABiOcm_GtCzCNGVAbSAYwQwO-A3C-dpRpR4imN3PweA4vPZ95zJfdJ-2KApwHxI4jVT79ZJkvZ-qYZe92dELjN3PNLrcvfgV5xyecuhwk_a1Dy79dqRQ6KQNLK-57D7Yj3M7vLn-0IW4X_nY1jBX5cZFrYQ1UgrgPzzvTrcTT8zUJ6puie0ZU3f_gV4sqpyVQA7Sqy-6UDsWN2Cv5umqOaGnvUI7blWut_BTL3wgQoxL8eih08mN5-fcHPrrs6UAHYuXLDsPZQEoOiH44XPFDHqPetuIXfxOrExayZggNT65grq2AJ2H0dodDL4kI2Kg_N_QB0lD1Xr_TW35grgtmcBz5doceOuxSKDThIN2tBip509K9bCMsN3w98kenHOfLVR5HqfIcfYueZc6PS_NWx6756uLx6h-0HD-TCpdT45bLJTrnaT0m-9lTzDNj73Cy3uBUL1wmYBsUuhXoewg32Y613Bw5p6BFOOyuVRftMkSeJ_T62pgGt9V3sg154TQCmnwnYhB299NNISlCNHrUxtbelFUSMKI_SHj92lnndyou7YBL-2P8ma2Y-wKp0UL1MGGjP_kqbDcdKPFebXCyuQyweIQg7nUtKW1RtrPpp92c1UiJ7Oil0k7vXY_HS8Hz-kIk4Q4boETNOD9wf5c3zWHRR9jrK2Xa40rVs7uOnx-UB-vYO9d7nd9ZnKwG4mHgk7K4VdsETXCzSWWdQ0Nn3aYIrxIXPsVyHzJCaohbfXuLmjouvFasbc3w1ha3ULfcXadaK2svSj_5fdp-obt6RVESzVO7puDA3_6lwxd9zeI9SBvCpM_rtzRPNCx5oTmY5t7HI7dqvKoKydpZmM0jpNEgdekJDJ_FJmZVFLdtNM27a57NxmRZwyrEEUjxs1Yk8MHLlzOITlAmRE-FZ7qna_SEswV6q1SuDpc_wd_0m0kJrwIZ2zCdlyXK8RLUgYdsE9noem0OFTiuuvPgrxUdeMTpgFiUdVoc2iKJoHIlgqsfgi10znLfpwFXyk-la_nKN1NqJ9TAkt9EJ5yaigVr4NE2l1KYfuo=
Catania,16102,2,Italy,2027-01-20,Wednesday,18:40:00,este,2027-01-22,Friday,21:25:00,este,0,0,CTA,https://www.kiwi.com/deep?affilid=mihalymisroriflights&currency=HUF&flightsId=0b770a66516600002380183f_0%7C0a660b775168000035776e0c_0&from=BUD&lang=en&passengers=1&to=CTA&booking_token=Hzu5VYWinvMQQFvmhixD5aY64wp7DTigsy4GvAVNaAh0BFtRKe35vvFN9h7pBAcj1SF3ZXWn8TwUMjFs8Yke8eqHv3wh0d9I9U5cyX-s_dyTkIudVZ33DoknVCI_jP0FL-N6Y0WdHRN3JBRr37mp3MygcK4yPk7Km-UzSoQyfWE6wZQwqM3EICwlMYHvBjMMfeiC83qprWLfsmWR22iL6L2lwrGATuKn6KX-3CI5YdddKapeLTYuhdFaPQFaR43xNYZlt_rmGfGwmKwrECNOhHxzFejURcQdwVw0NHgLv3_hZH9mcPJHC_6NivNlvLcrtADloaFHtEXZiXog824TTuDHp_hlVx5lCpW2K_I8tpZ8TiSXwVValyQUzpnHmHAtKBuw3NFCbCiijJjKrQttcR8Zxn7ZTNvlAzj44C2yliD7VauB_4e4cK-yJ9SEDTwTdLSBn6JNawUam8xne_q8_f58rHc9A1wH-eKSfC4vZNpNa83c8ZsCP3Z1CyKXOGyee57OV3wTxlMLL7EZOaC3vD0P1B9QYmBuhXCFznuhgYoQVmf6HfsBaxwDQFX3OZmW4k1FsqW1STTV3qf9O4wfNglUkrHmjIKiAAPwI61jrtHcmII9B0c0-sbQmFvGGJn_JNMo0L7GSthwL1QhJ9vu3eHE7QHdO9MIsJVJY12KRVXhGE3klMPyVWaS9A7pA6uQQvs-iaoUJ_bjlPrVC5K3T4IovnlPuKekRWwXq3E8JhvdSwHo4vd9RKwWL6W9Y7zIH00avhHLBo14SnYSQ_jZZpauSwS4lFE_SHh3Rlwd-AEePwT5swEhdScZa9BdK_lpuI7w8go5gUZIaOF4grpkelb8qz7LCWQ78SZ4osRQkmPEy4RrLtEGshfWKLWc4zr_38TCEobAMPUpdXPjrQ-xsYU-VX98Ok0qfm2C553RkcMFhR_1hTMlaPXNEVsaZXs4Xeg8Uhrv3UBk4FxQPGD4qR6OsgGfLJCrZxK1yQx900tv65LYQuKZsgwH66TJMn96sd2BafmDfB7eyx4fN1jLEPJO8yT6wxERITyvMJWb2WC__DmigmDRQhx1qBEMWsJaRkRM1yAVkjWyPwOjcLta-OEEdYL0ajf8iwKfllu7iN0mADvng40zvArYJWk_6lVURCpJ63Mo9Pjr46TLl-VVuMA==
Catania,16422,5,Italy,2027-01-13,Wednesday,18:40:00,este,2027-01-18,Monday,21:25:00,este,0,0,CTA,https://www.kiwi.com/deep?affilid=mihalymisroriflights&currency=HUF&flightsId=0b770a66515f00004ee54621_0%7C0a660b7751640000e2f7ac85_0&from=BUD&lang=en&passengers=1&to=CTA&booking_token=HoFWAW9kvZ0Pvi7oZLLm0qU7pSlNmb_aRkiRFarOgJVlN3tHjdc7t-K7B73SlCm1UGuwzcKUPxIqcIUPhYNJb9kQDzneReoS_r7wSf0JD0MLYWHupM3etTKIyLdD_gwCsDT0ruw-RS0uzt_z4cntEOQ2SJdvW8shDSs2EEbLZwgYo42oqCI0208MSe83AU77zizzLvOEy_b5sECNP-s5HkDTKg3gNUnkiCCZKzD5t5wjYDx5slWXEkG2_t7lgm1HPvvNV4gNDJcjhd7SPxohmqd_eA1UPasLdBCizJewKJWkadP638rtkOCB6Qr3bWIpKzCsyPh5ws5YfUpcDgwzlY2KzlT_PvDfmji7nncHXl5NqInhkzySvnTDT6XUaCczAzqbUgLnlvYaiJoknYebRlB_EFAJ5NEO_zprcylcn8E5eI9zucEgurq5JLfT0EIE5c4IzAiedExjbJoEVuzBJwiuBvyh7NKSR7uC9yILV-MaJcff3QHFNTDits6_PNBgvh9XmFD1o5NuPfEyM-h7tOOFSt6YYWlcrzdpb1MHLj_ka9Z-fvENko7eGK5WAClmpo7R7D-ng8M1-cc0GdHVboLPs0b8nWwhhP6-o3JAk1MiBKOSBqo-BDU7f9TExSFCxUIBTFk-EMDJVW3eo_UEOy-7t5qNRsDgcQQQnRkGl792dGAyXoHR0QFeoDmlCa0-__tApPguCoGhV5ngwqmLuXSignCVcgFfxdtgxAaVzn4lfJxBPzZMpBAdA5owRj4A_c49r1sSQ0tdp3rktIBV2_8qsePXunxWjvOiwmWoHXteNaH2OSpw5I5dZSnQFlTAVQ2cP9YYklpcryF8GC9etZS8TmmoziCVobmmkzmaugcVG1YUiH_ZfzzjEssIU0SJm2c-UayHlWKOntwR3LEgCX5TslLSbrKRuIHXk3Db5GqfObfJMQaysCFS4H3A8Ne3xOy8M4Nq6reeT8nzTrCXcPOz-VT-PRdU9fzmvOdtQ8czEjFGWJ6KnabWltrE1eLLKsJmHdJlDop2pKTHvqJF-kBpDcpk555OTVRAKP05iMeKYt4VTX3RlQXYlatEFHSp5VmICI59eFEdZjEJqbpRESx_bi9BAOnz2S6XuT5yT830389gHlcBrd_-MIyXGo4RHl46RpuhD5ro4auPFx0mZXQ==
Catania,16452,7,Italy,2026-11-18,Wednesday,18:40:00,este,2026-11-25,Wednesday,21:25:00,este,0,0,CTA,https://www.kiwi.com/deep?affilid=mihalymisroriflights&currency=HUF&flightsId=0b770a66512700004ca59ba6_0%7C0a660b77512e00006e04ff0f_0&from=BUD&lang=en&passengers=1&to=CTA&booking_token=HP16Cb_gMVpiHOKQpXo7-mNSy6fuF8b5SlaPl-fOfmEFsptQavIj2IFUqzNQkIiuGL4CEf2VYs6s98M3oIxVZm6VxmbKtrhZ1ctPcjcfnQ1iL264YGjY_YyDYQKlK4ua4EhbWj149uhUsZqWuQcKEFQNWS_CCXSaifw_z4hmN7cGGNBAfEb4KzxKxa_V10xktWdr15XetE3RqTtqQUZ4bJzntUkX3C4tu5ZqSSMo-mDpuJBkq1fRfUfhEbiwRfjLIiYJeGOzpG9b6hQI4l4hmImQ7Illy5SAbTmdeEGRGIi_uJdIaLIG1-cpf9ENE3hW2n3_Xmp76DLw1w2GUA_VwZ4J8iGcQ0tm7bw1lZY4vHP9F4mAEaILG3wbCJhn-04GArUWbX51LG11O5KKItv5dVN_BsG4XiYt0ue1RZoopF3Hc9WCDcnx6J_8UML3LpYPE8hjFRmng6_zmA6Qu-XhL6hE6diEkIUb1s-PgYFeeS4iamuzhlHMo0fJu26a8OIPh2CRAvS3IBXZmbAbdftmUF3tal3kNOWK8XkshAmRIvCsEXCriWSPkw-JTEfwy3GSKMtfTs0avTwomtm4_eB3eBv2_X4cqVoPQ8qtSp7JN5qXLoJf-yhAmxNbg3EZIPDkDU75o_8T4QRQCoMq1NzzD-EfdwBoFHLc7kpAqV-M989xJkWVXmaqvqIzgoWkJrwjxKXtq2A-XwXNhJccBoKaOudTeAPITo3u_pBlIGLeNPUsWeqsiKnrI2HM0RCsRjC2ykbOHYVUm4aepSM3JVpO5RNzsFktsQf9Mii9htHVDLg8Xm61MOwpPvL-3LSAe4EW7Pw5OLLQAZ-qPJjGYv6A1OXH-5OVnQ0iWG-Ten_3WJX3F9vGLSJSFhDHZOm9ZFf0zi4EjWl40FqpjXrciI5WFtN2OeGLH_gfI_HaKOCJEidhSk0E_jpJWNKlJiFHPBGiX4DBX6uwAnxbzZSbAI2HEHictFe8lgu4PtEbssKzkCTahdX49HBheCUQXuY7dvFG6PI5VsEJFvrXs3UJP-GrxIcZB1nJzg_e9SPNwdDwU3pBXLPVfvoVI6J1hduqIbCZYiUzbyBdFDcdbwNP4HUUtjMPlAL5yIqPpvF43B-VOkf3XMEMIDpc37Q7kkNLMJic9weGPk7CLVx3rP_bkfDC67w==
Bucharest,16544,1,Romania,2026-11-14,Saturday,10:10:00,napközben,2026-11-15,Sunday,13:05:00,napközben,0,0,BBU,https://www.kiwi.com/deep?affilid=mihalymisroriflights&currency=HUF&flightsId=0b7714ec512300008e285ff3_0%7C14ec0b77512400009ab0b96f_0&from=BUD&lang=en&passengers=1&to=BBU&booking_token=HeF76I0lon4MhmBtQgX2NMN7S7ryzNPeqzEV0hQeNh73tJ4C5UZhukT4-UOrKjauCcD0Pxlls-8rXHKUNfVxfJdGCD5HI-eNKM1kpZFmix4X9EmEahlnyqMCHgChRDnEkZ683vINuhhk3JkL73wNRR-Wh2iMNYcoAvlpUBpJQZjRIf2KDbHewUqGejvDhSlXPuf_3SjjA_QACY3rxt8H_OKtDjffj4IsFOthDknKtCbwmozLfcjngMRkOibw61sgfiMUx0vktAcVydbiHv4DHamszv68JO2XQT6LV7lHjIW71zyJzRihvSYr7khg2zn5-clX0T4vkREtfwGKWj5YfaOVrKCZ2pbFh48RS6nSvaeyqVGK3Xuh7iy0gWd2abmesrrdvNF5_O0_-QsEEXVS9D5pRtq1asegTVF1XjTd5dQlwi9efONzE-xdd44PwGUb8UgTzXcIYwKWU2GGc1GHFdvHLJu29l6doETlVDKxZCiygYF__9DCfzmbyrih5yFwTAbzgdPe5ouOW4YjWDSilQyACs4KP0i0S7B59Y7tPvBpRRh6X9qBCDrNGtGYbcGpyFQz5K6M_qMs8PCszAiq-xohQb-Rl-jbIuTb3Lb4LidP9mC61FjZz1OLe2oUvyQSnClOJN3RbSVWUEh-8HIpTCYH-o9WJSsd4GrbfJ3GEkp_XRdbwGwWdJXigiUmyOMj2x-YbuJnJnjLetN0Fs0VSp_cv0KnIRlyMs5bJNzQe92lRhQEb5W1yZzfwsqxp-X9Z38JrxPOzAqeyj050kbMJ8HaMZ8h1qGV_Q6Tk5pM2ehmawjEUgv2lShGoe6OtfnS3tKf5SH53N2B3GO-VayT3OMGJpq4vwX0ceAP0HQBOHSgHR8J5PWyZ_13UBbb5WFOVewMR_dnAEMrcGj43q5vP7mTiNAK1GXF31AMx24XTY5aBfSPMs9ugOJ6xIvDF_UpHwF4O9cvciEtWLZXzEedxfwnLW0dn0qK1CVMjpB6FUgL9j_yRxtnYDwy1Zqj4Rqbk9BGLLVjppxXluGZ-VMvJN2-upL_jmoNzrpKCNi4--6Ikk6Itz2HMeTEdEzg88oDaTXXvIrUHFzv-pXopMNXjZQHTNytx4eRGyGDwm3i-4LLvnvCYwZn_JChTrsd1MWB_
Bucharest,16544,2,Romania,2026-11-14,Saturday,10:10:00,napközben,2026-11-16,Monday,13:05:00,napközben,0,0,BBU,https://www.kiwi.com/deep?affilid=mihalymisroriflights&currency=HUF&flightsId=0b7714ec512300008e285ff3_0%7C14ec0b77512500007cc6889a_0&from=BUD&lang=en&passengers=1&to=BBU&booking_token=HcxK3AHtmHfzEFNBsCZpK-CZFRzacsi3k-l2ntZ8x6JdMoRy6wpOb-twTQBxrswMviiubDnFQ-Yf83krs1Sbeg_PB1lc6YYi8Jx56DLewAzPWyQzp7OsKJehwJcSr5eOW4XckWJCu2DA6xwOOx2-fwUBUfeKzqq6t_xx72Mlg8xf_IZPAbbvJpmCuinBRj1Mu2yUngl3thDWWJdY2RC_xOhsgbqkSLqQXajRM5cwy6b-w_1BS8cUSBl6U-KlGTr1yN8PKj_EsU3D5iUwQDsjD8Mxeiaaw2ULsQgJKI3XBQGA8-iLTkyDXjvigQ-vugcR-2RYcSSQvJsJGPtqcPC0IzPSjq-Ji63DG6KyEkVAqNGCJFpIR4GrqvDjKKfoISzOZgn4vm1Ye81EUmgMnZtBrAf_S9N3Ub4JmdsvyUOtBQNeQjqMiGcFpMv5L39ASDrz0mlx0SRul1MbCgc2fpzUYy_YEXaYUrCCegCrya_dXQjJHZ3N5TGULP4lb9Db9mXQxf26yGzyNltbAu4K9dT8qrsdq7E3PFzLgiWGuEnVyziJF0wrL4zE87xliISbuSkUNh9AW7IOgzqFw4ZxYLupg9xeJcfvQzGq718mOCEEZ0LILBJBTtGKu0B8j9klo-8LAVgOMnD4Cvz-TKjUvFWwfI_maewNkj_CZdguK7oBvTqE8MR1hV1NVZJmAG4iiTN6NShxjeZzGZdtLOlUG0yZnRw0pNd1suBFXvlBdYMJDFYMqwHds9ZCRcErKZ7CwhM9lGLsHsoDIlrEw3EMZxotv57et8i7C9qzo4cTQ1sqlYInrNAS4SKz2DdboVM8cIhV-TutHSFRcYrtpT2j6ILmmxq3VPMjyK3Hz_19LSzZH2RTomf4SXh2FxrcQs4v2E-MYsQhNXK2hEhFF1kuacQ7yNyYiMsiyedjyS3JFxuLa5tNPFGJ6Qee77UUJjG6zzoAjQZZjx0wNhJb_lpzNDglo74zh6jOAwu8eOQWoIZVbb3DOwi8EpaZwOB2o_tkzuI-35opk5glc0cczCOBgjMYC3fKw1zFBzaYYSMeHwf2ZKp473pF3vEHp8JKUnwf8I1bZyHLf14hIhJf8M3sYtKa9s7l3JehCpg7PXaW3qHvvw8Y6vySgiTdjFvEcHja-UQop
Bucharest,16544,4,Romania,2026-11-06,Friday,10:10:00,napközben,2026-11-10,Tuesday,13:05:00,napközben,0,0,BBU,https://www.kiwi.com/deep?affilid=mihalymisroriflights&currency=HUF&flightsId=0b7714ec511b000020719df7_0%7C14ec0b77511f00005d21c772_0&from=BUD&lang=en&passengers=1&to=BBU&booking_token=HEQgehRgYk7p23hgmdOUBX2I5gtF6lrGsKSANUOao6Bw8WFhdnKI3b3ldiNHHqklY9JiE_3CxpQW7tafIK75PDSNsLo1YNve85Skm7nlLLT6db8cqDnPA5ggPC5W6HAE9FzXiKvK3pClZM_KsyXkskJXJLYCG2AQ5vQryK3DgUdUR8gvXVY7fqE4tUi9L9vGuFh-w3AQivkz0niCHLwmwgqBedPqeBMQ96V8pQx4N-ZkZrkeJ5m4V_7J4G_oPZf-G1qIhMMubhPYexyACdnNlXoS6Hel0yqNECuUGTAb48kNPZQRwig00xRiwaWBuWAoI6uSN0f8WaXm23KlbyBU5thRaOBhyjuWTUtggNxaRrAb2VkZjOezc5IeC0zS_jylDZ-KT_L8MEV_KzSWlFWLvcpuCx1q_ge_JiaSprrXwPlQX3lmMq7D2e6HYKw6aJaYolXL1HbXMxMxbD80SnYS8VahGSLY1F9egyEujV-Ott0-PbG_RWQ7QIBJvxgSiizf6-KkQHGf6lpJtgWYU-TwaB8HDxrKDhp3n_kk6ozGGLgR0vPItTeXLh_dGqjwEwV4a9JArRe4MAnFYQyJ9z6s0W9_A4ceP88S6KlBDedHtZyf8WnWSBLsvWkM25ryRr3-0fSDauOvlB7gIOQ-nv9UbJJEzqpq6bGRo7mZKaV0XAybQLq5pxn4rAB7c5blC-rWW5p25uHTFQXu1kyokIDI-2KP1ShblD2AdbjhD73jtUqN9bSau0l654COI4nQT19Vkz482zPzhA-k8fNgIl2mWIL0Ms-lCPfmf2kfp5SnSm5XtVOGM17af_8Uvwbj73z3fQeLAMsq00xrb3Z_Ty6tzeGcny6KWerUTT56fQApVJJbRo4rGiqZIM9fu9hYAVObTVTDYMdCSkZ8JUEYbfmhWDCoi6PbgcBjx0403lg1qT_KY41R2TIkQlbZ_YagISWq1U4QwFx7yfIljI7nkA-49ves3EAq1V83U1xI_DqQXgvFy4higjktCtsVIPumDh7BwCVRNpUz3fRXnlcuDGYdNAOtFMT7W99YTn63mcWrFcSo2SMeqwDSWTtLj5i7-nmtT1U3aotfRFHTIm6rxAtUl4wfnTyUcPKus58PIFf4Rc53z9UCbR0-6OlBfwKROa6YoJl9h76w7GZkfrnjyLBx5CA==
Naples,17207,4,Italy,2027-01-30,Saturday,14:20:00,napközben,2027-02-03,Wednesday,11:55:00,napközben,0,0,NAP,https://www.kiwi.com/deep?affilid=mihalymisroriflights&currency=HUF&flightsId=0b7719b1517000004389c072_0%7C19b10b775174000061b1aa99_0&from=BUD&lang=en&passengers=1&to=NAP&booking_token=HIUCc-gVw2lA0SdvJRqKdZnFsSUucVryI1EUseS5IK7LiJLVbouirpXnPuHvCpZJ3N2ImOq2PiTIm6H3fcpToLAtw15rteP32z09qNjE4bR9KK8-W9VyPPvcgY-NlIHGawEziy8QDS3v5yTpaglLOMXgAxbPBH4lJpb7-Zs3br_92RgfdyRrWRInjPraNe322FQkUw2dGpIuWGU2RqreMeIqsVkcaqmtd6oT59fU1SPVHPtMid1I0Uu1NLse7BJgRfVdU78int9h8qz0GnkE-bxCz2OMlYPgEnVV0bzU1sXaZLyekg-ngxpZDol9pJoR1s0GJ-jFKijRScWmUQr2KDmupcwnz648SnYyemzAu3vI2OniXS8VX0ClFnxIwzcBIJrL_dF23T87lb7B_FGB3S52NxiYSWVgTZPxQdaZpJcT3K__LquujBqAw9E9_m2_QnGoYPEX6M6LYadQa7dfQ-EqUeimu0-M8DAo9a0qZ3wJOlowjOG75TNNk5cCCnuqf-Rq08NNtLHGs39VnAcDmCzyvkV_QGIPAbpoLSBmNb2sAYF1T5V7NP6H0vayWqTCS4C7AErirX5us4R3-2mrV93pY2VVdTseH2m_GUQJIRme9NlbkdQ9RXDcSJUzG_FQM9Zkr5zW5NpVx8pA8Rvfy6Ip_aZBXknqmmCrH6-SZ-5bV-dM5XoCYsxO4TwvQj-gF2L5G9rOvPKIB7IEyDCV0m8AYXuwe8o8uchnFCAP5qBiuZ7zP0F8NVNx_hxzd4C6Ga7mBRffqNh4JQcIKokLfK33hp-rk5bBM52MLycTaKFrN0Rs9M8bhJeN9T3pXih9O4UeOBOwelY5I_ggh-p5ZzEKBixC-Shpzzdml277b13X0H1cY8FZFPhmMHtfWzW-XGfWyx_B6uaJ4dJc4fbJHvJW4NjZNjsLpIyiTkIizX5HBjgVfjiwFhtMRyM4KIHySAOU8bcLUh4ZdEJE-FjOT298VmTHNQsuKj34G7yDL-855QLXmh8E-SEqgltM7RWRc-DsDGR5BMQdXZ3RsItCkX5AaKSvBbzS-GqkeZb50zbJstdahgPfZip3uCC37yxKLXiTpg4THgrPo9bcCKMPJlpsImcdDrjjr3N5Ip3PoT13WvcliipDOLtGNaIy8TKAP
Tallinn,17207,7,Estonia,2027-02-20,Saturday,06:15:00,reggel,2027-02-27,Saturday,10:15:00,napközben,0,0,TLL,https://www.kiwi.com/deep?affilid=mihalymisroriflights&currency=HUF&flightsId=0b7722c3518500004f58a79e_0%7C22c30b77518c00000057e529_0&from=BUD&lang=en&passengers=1&to=TLL&booking_token=Hj4pXnYkm97HffwxcRqxhdqnuhxQH--yIFQsosy2fev4xsT1lwy-_wpEeB3VMQTN_kGgZaUDKlJdyhwxkdv0hc5_yR-SByCC8wcI5eVlATOJWdSVSyhCK1GpS3P6h0O5bpGnaRogv461ViGNHT0bTVY8dvHfvI6wk3JRvIgVzVCDiHgOyESYwGVmuzMYIKGS3LLTXKZWiMCtUAvKng3UxvH1B10HIU0O6w912uQZwSaPmTHgWRwsRZR0yRmeIPOn4mBD2p15jbtkTwJUYX1ESjCJQga65LQ6FJliPfocK68EO_SO99vU6_cUscT5k2PfavEqpK_jcbFel1maAySU5HNWOhbMMCgAkId4Bl3-DpoETHhP3sLs9TPNIk6dohtOkZ2iyFg-H6eyRiYT1-mPtyIK_dioyfHozGWubYPFMTejI-wny66EFC8lExymlBeCglVeRSMjo6OdM78CBdbSaByqSwGXovfjq3N6WPuCDnYKjl2eeBrEYEIesERYnEYuMOHFQwSDd9OItdcdslSK_5YuuYW2mKHlZSyfn_n0-d-bsVFw8grxbBN99Jnppea1ajkAu8aSRJAR6QRCM-a7xVkBw5Jlgmry1YDmEvbo4SFAE5Z3VEAzGLcOXWDwbKaFnh1tLS_eLsHD61LNBYMzDNDsM0r-wcT87dheJRjT_YDstP0HeM7xmdJH03orIiCOh7CBIYKPValEMo0Se0ydXV1n4K-JxexR8txC589FSIQzZKSd4VoOk-IYkEsujDLZfYF_364OjXh7JB_RiYayPWIDmF3u9M4pPzF2mp0cw-xhVsGQl1CKd-0H1dadtr6lH_7CrXlSKoxCCjmxmAmFT3muEra6XXDZHY84-bVgsz4ztTP7Ho5SJ3tS2P_SzsBoJ9gn9Hq8bR5AYCsyOvyNTRgodmU7k2JIhUVSDAyYlOLJQ2ehAYn4YgzuC7gW3q2QVL-pUrkCX85f4Kra-a2J9Pg43V-kMpn39kYR1bkbs9PS5xtFdOz3I-2b-H86mSiAR_K9Df-Fe22tNveMbRuPwvpdJ4JjJxGDtKOT79FzWEkFi0jueyHSig1OHQ7tuWixuPvaEdSqdo0NpmJCnNaOd-yFVeSHjH4EOF08qZME4YLpL1_i0w-BQWzMUyonBnsWJ
Vilnius,17207,2,Lithuania,2027-02-22,Monday,11:30:00,napközben,2027-02-24,Wednesday,10:00:00,napközben,0,0,VNO,https://www.kiwi.com/deep?affilid=mihalymisroriflights&currency=HUF&flightsId=0b770c88518700003d1b56dd_0%7C0c880b77518900007757a42b_0&from=BUD&lang=en&passengers=1&to=VNO&booking_token=Hmry4onMjUzoxg21Vu_M7d0_AUxwxsQi9Ym6otau3zjSSjnikjzuHTX0CdKPDcdVyqgaxfdAnDTMhlUYSibs6CNJ0XslqJUe0zms_y97Bgh4DsUMFtfCsZSezeF063RzFa8shF6qkxbKR69_dy3lBTXl7yMevru5mRa-xNCsvjX9KM8D2iAxkGrNQI65CqkFXmvbg8ZFDVe2qkrwOt7fSTNYZKvRBlJf5GFMpdtmA5JBkl1xztkmRua9XoZKpXNhe-QAFD6kbhi8wHPknQma3Wc9xdfg9zAPut_3lkZMAUg3GYHNyLKirXpIavXB9ibgY0tMTRN-WfD6xO4Qi_RO-NJq6GXkLddsgCXDEynTEVkp5w0EICUVVV2P3OAeMPXjm5ykgRQKwnDAeHn2oAQSb4RHn9JY--sKwp64hyRTOiyk0ptvZcomNvDGcXg2DP4E8Qk_n-5yq-miHqIyo9STjlArlm3NvzT1yX4Y5umCIHZnFR_gH_YxZMiy-BWT_76yZvovjqsbp8DmcUmwAUrahwO98_Od2Fm2c9SdekLz-0o9iKElp5CjT7EbdK74fOf4cXktJhOHhCrU04Yk8ic1oOXpiIfFrztnvgUH_rUW9D4dsEAzWzKxLvzdM2R72Tzu1GZqvImA_LbSpIHa4aK82MXqI9rj6hNEIM4FGZ_BVBglnjiJpLLj-k4ci0wtchbhfzWxg2p6F5T4FvZXIyKz65MHE_1jk-JVrp4YqI5BJvURxgoa2ak6XyrfbpxKJ_5bNWVdwyrUizMU_HipFEzPfllSVGozNA28Y51Y0NVLIzpx1W7bUftjzT2GGDQtjesVYqJVJ0AsOmULHpt4MXdAoYjRYfEePzlnYjOtAmGMuI2evnF5aGOflYl8YbLAYF2bc8FQFNtPFNapSYv0G5U7wfnq4mP5uJMq5cPjm20rEWyL7t6hN3HyAi-pldQRI9r_qUAezNC7E731ZtmcUYP-lL4wsyNauNy2L6SrmobVsnzmR9El4mOzBa6c6DzVPSxBm7otS9UbIOfHsopHLZPOerEY0Pnlavz6-k9qrJb1bXARXljm8JNWRoxQaL0uFLxJck3OkUHshxbNUMLOZRxrjuPalykxumqLrmCBNCjFZghBC-LOZHtsYY82BCelE9Li8
Brussels,17218,1,Belgium,2027-03-18,Thursday,06:15:00,reggel,2027-03-19,Friday,20:55:00,este,0,0,CRL,https://www.kiwi.com/deep?affilid=mihalymisroriflights&currency=HUF&flightsId=0b77091e519f00004e76ab57_0%7C091e0b7751a00000d60ba876_0&from=BUD&lang=en&passengers=1&to=CRL&booking_token=H7-Z22Jp93fsx1WhGvbkn3WlWntbsaGu9lBRhfeFfNMO-kDmF_AFcniAhIAI48U1h4JYemgQaCDKCgNR70ucp0iARkpt47bwzwLs2lLl041tbUyjHmjUDbwCSen95rVFeQ99wWqqo_65O8zOe8S4pJG1fK9kU9PJX3V5KxydP5P_u72UZMOC3CUVHD2TzEDIMUKQEjz5akFZyd7W1RlstOwHDa-h7lBjqfYnQta5_-Ce-tF5nMn8cj1R-o_Y2WVRLG6gmR7xuFhmLoTEN4v9P31kfWsSB7QRii09w3oh7c6NyzEILIJIqsxA-19TvQsQd6E-cLlrzv2RsPWKxyxcj_XqGU2lK1XYEEolusvyfQD8N1tfoZnRlTbWpIhdBRuTebJegnG-TTK15M1xYjrSV82XdathKPdMlc2WFqKjS5bbjNyPiGxdSCjjQaVPrjcQ0K-XRGbymlxE7eYyQFHb81D3c_aOoDEqeoylr1u6tJ3g-U-VOq3vXyUSg1nvL_7d2TRcrcyOcQVr_v1FyS-LEqa_HEepgT4V9UIfOfcfn6eo-_ZQ_O-_BL0KPiiSggSglTxqYS3L2brf1TU1WJvgjmtl6_Ps0ME3m-3b_rHvXHHvpWs1h448L8MLa4grQqr3ukzspVWwLWtdRwaltDV52-KCOYGUrVudSF5Pxw3OX9q8kZhcC1WnKZs56fPeF70rBYwBW1pTwUKARJmu982n_uzT5eCKFUNv5a_UHPlp2HER-C4vm2qRhEPDDc2Je9DxP-nkOHH1q-G85gvn5fQlisZfn5-MW0zydeNuRAzChiFIJ2nSmoaikeUVjWlxmXhtKlsb4uGn1BscDfH5NtZeLOXKvGA5kvN97_EmxuV-N4cerdHMKNTgQA7bDdlOf4-r20T4jAz-UjFqKP89G0Zk7ESDUTPcmN5Hrxxgg49d7EqB9on9CywEJdgnAqxI5F1tJonLoSAv2jda0s8JXb3d9c1k2OI5T6jppf6T7Y68jAwbfcPzeuFN4IKD2yUQ41yanoOA1FOt9aIIrXkSZFNBhPRtBIERHhnbiXtlPDISuiDv04oIgnr18HguTE1r3s2o9LVI2UT7yCZWI4n4q7ZXVEXy-jwCS6L1ibCpaD7BBbooylojYtSFEkaIfcMhePQ-X73rTy5l_PUmVCIulS_2b_ioD-zz218dhJqNPSWz3_Dw=
Malta,17224,7,Malta,2027-01-24,Sunday,17:40:00,este,2027-01-31,Sunday,20:35:00,este,0,0,MLA,https://www.kiwi.com/deep?affilid=mihalymisroriflights&currency=HUF&flightsId=0b77207b516a0000ce80e729_0%7C207b0b77517100009e04a928_0&from=BUD&lang=en&passengers=1&to=MLA&booking_token=H7Brf6ZZCqdbr6almO_GYtCHTXAWWWJ5uY_osd4g0g8ZdDES4i6Exk-IEue2gyH4KjWiiPspZZvnx_Dc5UTNq5TgtDccxRhzaXHjAb852THwz67lSy2-IY3WzN129XSo7Bk0HkVegFJQeS-281H-fApY-EYT3ArRq8sJqOTpHO5tQyICRKLlh58PsFoO3su5nYBe8kJKsnXQbYRdl2TyjueGEokSAjAMdBsikLji6pN2eAtM0DASO-a66LVn28TScAC9WghMdqeQ_UlCHnCIJbb9ElhEIu7r9hGr4oOrKG9mVPEd_fkjfuOuWAzNv8xSB_mJLjIrhnOXDsnI7FqzuIPzYSsbQFonXEfkeQZPQDl4TgL1zUVXjRR5k_zNszXTLW4DsR3H9y2AUE3oJKEMeM-99LxQvcW7E-QQ24PohL_3GI9KfWwJPOnIFnnENXzSfQoBHT42UlhTbh1DGEMaRJX6-SZ2R-PYLmuxPyGGG1PylZLkrYFQXdvcq-eE23WBqc10gKG0cK_yYmoJ7jZK0xo5wgLAh1Csq4CqyZe9X8NI0RjytuNXCQcZwemp9TVbPxk1E58nKAhysnYV_WZMEOOCMftqHbzFd65oOaRzMmv9rI_O-uu0WF5V3IkYVgFI94ZrPElYTID6wRGeixxOtBQuBvWzTPKzM6YvK5wRJGlrFag-T5in5ep9_4w0N3NgR6fcH3UCtW6hqCCggBYP4VDyjNFBjDfquRuP0P91DmMhIdHBqn1x_c23kZ-XQvEzNncrDL5sOYDG8W-wGFurX2rG0tbfep_4tXUJPPqJDtR_ZESEMRFYSRCNUoQrKIgVkd-3q4MQn1r_cvAQsNfVeXC5qfJvYUC-NpIjBHg5_NA3vdtYmIg7_b8BlMUIviygV0mVvDSyzuGc1DvH8RozfiCkatZIIIQzRurOeFYUoMq7rNdGQd8Jyo1Ghe4Rzq_Fbb_5CiNEXj50MF0VajZwWniBEc-boeWYkXLB_uapYhURT8yaq-ngbYCUxrAzgZuS9aJ4fvidZydIEqV6mTwlqYFmoXCdUph2DXgnE-YIZRy08A5FpZlydx5pY3D-CWTgYqzwSNkqQeltXzau5MuaPGmZfLWENVwJVTbJnfCBGCK9-_U1MZQbVFu7_ffMp2TC3
Brussels,17236,4,Belgium,2026-11-05,Thursday,06:15:00,reggel,2026-11-09,Monday,13:55:00,napközben,0,0,CRL,https://www.kiwi.com/deep?affilid=mihalymisroriflights&currency=HUF&flightsId=0b77091e511a0000a78e9cf4_0%7C091e0b77511e000062f7a405_0&from=BUD&lang=en&passengers=1&to=CRL&booking_token=HZqq6b9lwbFcJCNtHSKvUBCLTTnvbSO3xmSnI5oJO-4vfwqIfzmQlfS-hqUBDtGRqk_ANz4Gwt2sXGL1kfnqOnByVy0g6OmQ74hJ2WPSdfIJaQ_ol8TRZpJeVBTounn2ka1z9-Fwugp9mmJ7VlhFdjpc7ewHe_oUuQlHrbhKUHoNVBjptsG_POC9-acy5htdiHlns6AJuq7GRydYKXRwOzqzUp4_wHFSL0lCcHEfXYvDPv0Fb4Sx0dUKbw2SNBK8SzB2p4y-PrwGvxANH4sYJLeCONiU7bjo42t40DrXv3gIBz5RWyKkz2tq3xXDkhr9vttXNtOeh86tuz0OnLOBgJvK9c-TnwDl4eBwem_CxweE2hhbtKfZKftChzcj1to8SIvCurlDJIq-QRaAGknxkPUP2SD1q8QT1oZNiX_Q2NY8i1VmPtmGRlA643LVJB1JOOZBvCukbU312PipiGgy51BWJRR4cTRicm2VPScOXIBO9VAXDaWUva4ETo29nWvleOwAkPVEQ251P_IJ5ukdsY5FVKriO88u-eugvlSD6ODOo3EtdS38YiMsv_me4poS4WJ3Q2pZ4zgJVVxeyx2r6NP4KqOF9iAD9ZjSK9pO0aQun8sQRGGzvVyk7PJKlq-QyMyeV2G8RniFVkWxCQUYYoS0LgBOHB8V7qWGlfopU1o7qiKFl6dFayu8o7hBo7_Hg4UWVj2U4R2s5whsxoEQzGjaZT7uDKU_deybXzQe_dyvczZ9wSPqf2X6YSQYRHd6kSRMpuUCMVzIMio0Oo3Yafsx3jO3vgpFsQnjt5ur1EqeLk2yp_AtI5MtyKIqUH8l3rgGSC3qVi9PnJlljDxOc_kZeZwSq2hpamyU2pRVDajMOLg6Z02V9Y5YoHIR2yyeRJpV-nEOoQwgu7Az_RrAtv4HFWwXasBoFvaqYo61c5ypolhQjL-vU0TE4mRinbFfkgqWuuUUreW9ghqPwn9keVTisMKQjGv8d7Y0HGZfr3TraFgHzkco_lhw6xy9vweTm7tQYfsryPW1Y_138z6ED73PEfAkboFpzlTvc9p5P2Y-mu_xYtj8jKTBFboeO71kL4fx3P1sat7V-MKjMWYRJnjzkRL5WLJMgCmHNI3SKBZ91mjbbGgitiF2jbRrG0Jat-1ya0MOGYs5PpvcrpaT9mX_GUVLjyl2W5ZdHgCUldEU=
Brussels,17236,4,Belgium,2026-11-05,Thursday,06:15:00,reggel,2026-11-09,Monday,09:00:00,reggel,0,0,CRL,https://www.kiwi.com/deep?affilid=mihalymisroriflights&currency=HUF&flightsId=0b77091e511a0000a78e9cf4_0%7C091e0b77511e00008b940130_0&from=BUD&lang=en&passengers=1&to=CRL&booking_token=HxhsTJqGsESTr-KCPLmNL-KMXdBJ--6VleN24tEO8cd_RTKuyWqJRU_cBOOdPywimFxuhSezCKarrhbEM6QY12AUTbzdptLboiO0h5ZxK0NudpjtTzt6NqgybmVcHDfCUqFwJ0GI9a6n_XSd-lFUJNgz4F3TahfZhV3hf-iJD8AjF1L0Ls8t0gq-vBjbn1UF94qLwSTMFaDKDQgzFXV9X3c81EcaP1ERdSO8BgFuQhpd1DxxpoyswQ92ARdhaWVQ2h61DFuHdFB0omH3v5v9Oi031Kz8x8R6BLeFefMj_EJZXHiDcSumm2Fu4zQ8NYrF0YJNpzC_bAXgqh_Cyk2k0vsRZURkqFTLzXXLpHXqz8kpoN4SWjTvBMsRbh4FPgDsBNKyjoKS9BNF5-6J9TTG0JJ657Vcoq091FDoNo76_QZuLiWr25gdF8l60cRx4eQhfLVwKZJbhTp7xE8gahG2kZaOYOS3q5G_ZIIJkfoVZ3pB2Jg0mj_Q0fENpE8VNZqNYJxRRSTXIKja_jmoGPdyyWalGiJQVm0yHFugqi2OkLBF_MM5lZ_hC1kxD_-9PfiuGpwNnM7kCwueODKFQ9JQ5Unh3ipAkYopkDEuhdnPV2atQdP4n7nGojTsWrwiIgBpQogT2lMrLRJJlqdrOUceb3A616o-KpCuwbakl8wRGpU2IioVShFXdVOqu6vcKpJTHCeeIWFDy5KgyCDyd5Ibwpn9LI2DMmxmVm3F-jS09BB4U2wKaAEK97RcfvW_BFI5m278I21H5lfGpqi0djZIQt3C7IaVOA8OSZ0mlrFADp5-2CjPJCc9QFVumc21-4Ei27Wp7_pzaKJIpbl0uQpRGCee54ku7VaXlIyhh7cAysb_UFffs5rqg8lnxD-Qf7z6DiasXXxqtmxEadLRuiLlReKS-i_AguldyI85us28lH0SqgLkdKMmtPz7kiUiE3Bp_V4_y_bGRF2MxLYgBlyR0fKopQZL_9-rF7pmjj5WNY7lQOvRHln1vwnAcEID7iVaJ1zWxOIzTg3Cqatv2A7WH2nJkjn8OZVFyCIeaaLjDnOY54dY0q9WBN1_541I4kYbvF7OywzP-wXuEG0zf8Yl2VCpvhaKu2vIPAa2GxkpJO2E0hycbFhRLB5pwMso0qIj0pZkZ300_j9BW1q39nvxiow==
Thessaloniki,17236,1,Greece,2026-11-13,Friday,13:10:00,napközben,2026-11-14,Saturday,22:55:00,este,0,0,SKG,https://www.kiwi.com/deep?affilid=mihalymisroriflights&currency=HUF&flightsId=0b7719be51220000504a1daf_0%7C19be0b7751230000641d19c8_0&from=BUD&lang=en&passengers=1&to=SKG&booking_token=H2e-Sk42KhFe8WG6M2wClLKNwmtdyt05XCgB_YN0CxtD7DVAFsPr6dI5gL90acbs3rEyzDUiFisTZBnsfH_aWchL5TNXYnFHjmBKVghuODvDi8GhjbvK-GnY1ma2vIupoc1UVBQ1nQRPQmAK8jLO3k4k3uTu3JpT1GmniHEUa7kTZPMxs3MQdQrBlVkbMLlVrDiC-OsNKjZXv_AHeXAcrIWLMkUWo0oJH4ZvJFbKgUytfmtFzCBkWGchvRNX_4ZQlkCy7y-cgRIRg498-ZHU8CFLPJtP1J8Hj5nfheiy73REs7YTCcQV8yrgq4R8UFJF1BDTPgx5SF8yiNRo20IJM3yWSiAVOArywqRXk5ZIN6q2H7GShT9g9XCzoUUBUw8WnKzCUNbShFBSKjWTYZhJNSOyohykbEwxcZbDYUgpUh73t_fb36qKa_KOnGmVWKiGTM2W6Bn3ybVahEhQ-i5nkmWHoY-3klJfbJBYHdPi7zZZXlWa6R1uLbQ2t70Htz3B15P4bdGAfIcT6FFWbXolmCFgVBp-HfbfHMqOwzdORsV5ypq-Yco0DjFs9DZmAfvOFH603oTZordyvGyRyPx7xpWYXaJ2AhK6p1m7dcc06OWfjAhCQcfLEwdWsC9bRkjhKazUWQUOltXr_ofqoD45Q9DnC-vE1hDLiKSd4msNH2wrW3KDkxo4-hBmIxMrMlpl4FZ9IN1Q8PcCCBGrRmse4tonv5TofD03EZHAisEFUAlgoqP39M2FjOMR1q8JFBJAcysdaoRoNXEcOKonZWQENwCpdGtE1JciRjJxvqcy1J0GuFAbKtSVpSLRN-O56rvP9UVgikYUMZJyT5OhOxkG__heAtokDQ7W5o-oGg7cpXHCdrqzLMfkFOJnq82AWPuBOcQUq0QAwczKhdd7mlmjJui1m6jTQSlWFKgYJTAkxPTALMzuMVF2Af3e_1KVwZJoSwF3GGVbMHRD3anVEnso5uOKgXlO1zXf021imtevZffxVQ3MGxMHq17kbsd3VnUuaqmaOoF1Njbsvhl89Te0N9Z-2E9xCw3YMI5Q-N_IVqD1JLkH7x9w90AQIxheMyZMW9h0qS4rt2OjzUP8Es4LlBFx7iWFG42_m7YvyuffE6NkK5cvHrSU7wIZdvAnGYGW37BffOYMwoFwavXb1Ac9WXg==
Thessaloniki,17236,7,Greece,2026-11-13,Friday,13:10:00,napközben,2026-11-20,Friday,16:25:00,napközben,0,0,SKG,https://www.kiwi.com/deep?affilid=mihalymisroriflights&currency=HUF&flightsId=0b7719be51220000504a1daf_0%7C19be0b7751290000f6c3fcdc_0&from=BUD&lang=en&passengers=1&to=SKG&booking_token=HU_IJg2I_QuyhxbMHVMoro491Mt59kHS2AmysQi3N7I-p9VBtcbVxxvwX8smHXAm5l3gXWVy40NEerq4Aya6SD_3IiggDNcayb3vYdBkeWqjQmxk1t5phaZVotaEZ8li8Qz3rSvB1BtPgjhWKbTPpvC9ZBuh3gFfHh1GuZ5KKbt35uzpS7aPdW2EMj-kQt2637_9Gkx_3khqrVLgbSmVYTE5haRtbcyGX8NBselfEhSJZZAAUZK26a3K7zdHm5wMNVqzLSKKXkSm8ttXsJrKdVKum1K5sNuusKfVlZ_8pVahBjQCGjd1W5Kloyz00K7LrP-SZzEMwHSSoOJSbrGcTa4q9dIbQXLm6luwwflR7pm6H4GaUdFclegOlPruTW050fBHABzkqVMZmkmopLlYv8OlXyR_NEoHMCU31VtZxkWpX2jvlC08E-QPSk7wJ7PGIqcUX7oBJKecd8fkLbyWsybXrmUXruu9WgCv8tl_ZFzYvzTprpx-JA4eyLqR-4O2m27BdsDBzDqtTi5HEVQcZ84NkSUy74RA6EWy9YNEgIUmDLBBcSutQYjE5jOaRHJ9rYRsG6oK6FWJXEepSvmmZ3WUh4iyGPcHHmAzVFxhtPV7IraIiwe4bO-E2OiZOyFZKKTsxGklmRM-eUYTBuZz60U9E2-lSoSfVZVFxheA37GDS_VclKEG4Qx78cF4cpQO4eWVFu7j91AbtTLsAqocrlRbK2Gru-z_SZhqqEb-BcALejfjkTGZ7JXlWUmnloXC16iR8R8uY7rRjU7CEQzN5reR1rhj-TSWEUB4imIf-f5y4ZvJWtiHr6MZKYV3bpAY8mGqB__PYBwZPv5BpQ748dysdLOR_HzwYXYJOP1au-Y0CVPvDm4tVOPmH9iKVtzcDE1Zgcukn7rmIFjdSatBhw_-EHBLbUy_KFcpaPMvbRQHZbRdU2hBMbhkTCVlQw68Rrl6vHsTRRknV3l_Fr5ZQuGNA6gwMAzJLAwI5lm-kJBROOtvrS2xqyoXdNDbQ4hkItbM76-T9L7Eerb7S54ZL7L2wugeJrhYg092tjlKUvQYM-DKg9L9sP6908UPvECJUDkikKzd0foTJ-8ljK3UdZrncJtwcpxsV3CCZSeVJ_S0I1te79-CKLrXS7GaAkWvNyjCxKPGBJJID_lnR_iKrxQ==
Thessaloniki,17247,4,Greece,2026-11-02,Monday,13:10:00,napközben,2026-11-06,Friday,16:25:00,napközben,0,0,SKG,https://www.kiwi.com/deep?affilid=mihalymisroriflights&currency=HUF&flightsId=0b7719be51170000db2df932_0%7C19be0b77511b0000ca44dbcc_0&from=BUD&lang=en&passengers=1&to=SKG&booking_token=HC5Lg3H0miPC6fl5e8diah9k3tT-iVF1uUX9P12bycdEnNDAFV9dAkrxl87pY7xW3yBZ7bqRNzVzY89w6iBQB8BsFmhiBl-VSdcndVkl_Wxh_XcGvhbI7A23DnsVaP7xWDjmVkeminDKxJQLQIYRJ_TXH95yltBbe289y9KTATB7TOiUAw4u8KCT2njTqawy6p3vAwf3xnJqmHUREcrexMpeM4Cb7K6VQbrhNexTdr4WyaphEOHEqbgNQUC-Jr_GTGNlaNiNArrWXLLPLa2ZGGhgFjMlSGEd2Gqs3HtIbX68462wHcEw_9IxtnM9WvTHY7B10thShvgU4ExS_b5iEShGeO7Mhv1tGd4LiCZ5Ts0PY9SJQ8PHfUiljXvvYda0u4y9SOYPdfpMgtZ9oUEdHND9sd7r7kM-HYuTuVBaqEco1zN52W92YLS0aB9nTFUYrx6mgq__t4AbxzyYAi8RBTVVkmQiVE8X38s-p_zE7zH8UceNMTDNhWHRi1WVDyHsc4Agir0Wve2jh1bnjsJ1KmiRlqJZNju8yCkTtpUQ3osD4bF3lNwPYlLq_YsjYL1dnSG60nruxKu0cvzjloubMXg-QrWuRXrm-47bID3iY-z3QpFqvKEv5MXgeuzmxqQmumaXoZjwWSVjunJ_7V9ZrE6yq7ZOIs_VdA73OWYo-d2hkv-xrs-RbGU6FJl91mz1FqmwqqU-HkQLP9KQd78VkdHSlfkbr1nawUvgZ6cty4NBE-xMwcGhRki29cXSlyghZr4aOc1LFio1p9ZWMP6dNHIVctTor50tVpf42hvHOojOGWbFkhUUX5JGb229DL-5ggr6f_3OCJm4rXMjk0LoJA6I3MswS1GJy3dhdnCOYgiyLBsLo_34PvxgXi10FAYX9ILJzQGGBsZqDNC9I8fgSdtoNvowBWGgoSoqzLMBBj932sIC_e6YTbZHHDpPdByP5_dp74_BacnGm93-LvWCMrIcVG7lKSgUapMMAkez3efz2XmnNvaCCex4GldX-HV-4pK2EEm4qmbe1Xn_fsmqjlK-KAJNecdwwoFhY1KLgWT61Cvr0uVEWCmC9QUnreGYQqE7hsjafZZCzN19y8BwT0REH-q7buhIGbkJ9nSit6tLTUihG9Mu5Kz4IPdlkIYNeX7pTDpsAvTHhHpkoDmZpoyDPvh4ias1rKsuxjLydITUnyW_Z4moxPl0to8iSl5DP
Genoa,17331,5,Italy,2026-10-17,Saturday,18:50:00,este,2026-10-22,Thursday,21:10:00,este,0,0,GOA,https://www.kiwi.com/deep?affilid=mihalymisroriflights&currency=HUF&flightsId=0b77208251070000bab3c424_0%7C20820b77510c0000e026a1cb_0&from=BUD&lang=en&passengers=1&to=GOA&booking_token=Hu1pOHgLXpLcBU7MGC11gs-Zqz6XUQGWK6j6NAJ2T2iNyQ2bL57iufViEQZajKqhVkF7P7OB1PQw8ajYUmgVo72wd-kXM9vFMMc91tlsGfPeZB0i5wRI5Pd6Htvp24tIW0-87Gam3aZwJJPmSFgB6Q0oyZ7P4RxBXFx0LQJaA1Uuus-v9NNF9BMGIDmBMyDAK880SmSmkbQ3l9JXcr6fTiX5AtGdZDIvbsDiaOzYxGvzG_O6G1SkG3VaYUSFH8y6sK1F6ykTxMSKWN1NatjzMbsK-eggddkHl7JaQ1GE2Rx4TVn7smCyRux2avSVNcVzhQ1R73PyrDyVGYVefr5sbXxXZF8MD1DAtXRBzIMlqlyjESDFIDL7Ay2RFqbV--DXGdit7v1vJy5ZXUKe92_njtcPLDXoIGidTPwLJLs0M4-a-ic-Ljhgg59T5N1myZmEeL9GMbUZTW2FXoKdWAs20912xfYT_FqlJX3gv5DaKhhYxHTe3EG-5C6GtIs8Wwf09y4bv_FUC9m8jLm_WsHtKuqbvS1gQrdSXoenCZLWiolmMdIfrqOYJR7IctDOsW08VrO_rvKmePZicQf42VHJx0q998tPJb8TRKrITyb7KXb1pXP6LnsCXq1NWrTRrZ-Q1nzlMVa9ABl_Eh0HhmJM0GNyk4yVNaRl-Do7Vdp_1RlxgLK9WAINux89FE9Kwl5Kk36g6k-PU3Xho17fTQW-0_ihtlOdyn14YbveOWlN5ek0k7uw7JgdXt8bro2XxT_o8ehQLevK9LY66BvBc_Xwr4ufM3grr1lE1pPgu-9w5gHjExi68mQIlzkA1nMDo-Dz1OILSN-stTHynYA-qOR1b0H9y_LrxalVfqtGZ5v2JdTLMrZ2-j4Vx9cdeOoE_JXw43CZU-I3mmPx8XzlIrbakrdoE22QpRA4brkcw4-mTDMPljW-8CLBOb2vE3vP1f1h4GNxoPZgNqSU5nC2SB13OacumZMZOwfpUfrV7LWLN7RtPYOusGTCAwlogFY_mimT0dZQoi-6tIQtXP9QtQLnftxWmiBsjD9p-pNg5TDUnAFzIdZdYNf4MC8t8NoFttl2HPfaQftbTY-AZfs1dHZbHg0LI1LGis5vsYbi-Yt2S1vEtAvYyVYT1S6vC4ZKYpzb2dSC1UwMhd_rYTrayhU2tvw==
Stockholm,17331,7,Sweden,2026-12-05,Saturday,05:30:00,reggel,2026-12-12,Saturday,08:30:00,reggel,0,0,ARN,https://www.kiwi.com/deep?affilid=mihalymisroriflights&currency=HUF&flightsId=0b77260251380000547d5c5b_0%7C26020b77513f000020807937_0&from=BUD&lang=en&passengers=1&to=ARN&booking_token=Hgsa_ksJbu7XA19t8hliGtvWwoPYpzIrMX97_UeNNN3mwuzCHO4Jkbq6k-Msl_b1BIpaQU8zTAxr-DO3FzyTzdp-RaIOlmE5aU8FjJ9X54vfoUfdhBQDgt6FDNf_fVcBmbEH8lOxo4-QZyepXv1-6OGMEMMb5SHyvhKQkWHXG4dD6MvHoHX3uJfIF43MCNxMeUCuO8sWGXqfZYoyxkM5Odm-AeR7GmgB6mie9vOa59808p4oF-U4eEfXGUjvLfkYpQ11ONng01czqP-EGBZe1Sh8yDcDfqDtcJts-QyD6PlmEPAAthXVj3WeA9oceClUNBzlouJ76HJV28nYxcM5jwTfhRoieI6iEuGA0a6aRRlLZj4d728Y13f2m0ysGhVDQlRZsa-hDyXrybdES6uWiE4OMLxBm5l2zAhVtmLSz7olnmpOAxbf4cVspOhbtiuRHh7Sd4mAe6DM2s__DOtkswuBOW8bNL1Vs6KRpF259vcu7BKPvyN9CVG4rWhTH-KhaNrjfvjCoqNrswm-607mjlNoET8CIAjEKeTEq-qAWj_c6WSqPh6zqAGo8mS9clbUDaAdtVwg3kgTkBi405adyN1S4Y-6UypI34tO5zuBabm_djVebrdtUPnLowrLrfrxcCUa_dvf9XxeSeOcNC5WYhggztbF63cej6ouvmno2CB27VbpzosQydVBNdExgxhSet2voHpB8pK24J0hqT8ZrZ6L8OhX_fZ7mqNvk_nMovAsh9-DdIKzo1qQSUTo_VASB9nAOWzbhaLluJkEgqK5uF1hmNv9CKaiXL3mHT06ovCA1jq2NmBVGDV6EbTYzlMRegq_sVdeuByncneQdDWa0U2x3Qt12T6aOiB-tNaQ11uryF8cQD5yJRABxYUqCbDg6JYjEuAMA8-1i29BjL3h1viUNlORFRP7Wsh8WlpIHl_YH6ZBDmhJvT_vJEnOlDBJb3WyC2q5pkeaY_SwX6pryZYHPl_bj0v7bGCzcE5i9AafXYEhCmyykKeKpqeKPfMUCmHbaodqcJ2dqnCu0pUb8qiWh1FLvNm-XXiQouxiTssyTd7YKPHsPK3wWCwm0gPxSO_DMFizrJKb0RXxWRr8DPsGMPHSxHVdsAcJsx3D7NwhT94ujFc09ih3Nui95w4wIXJAjxhhiRfgrmrwq3fBjiw==
Genoa,17338,7,Italy,2026-10-13,Tuesday,18:50:00,este,2026-10-20,Tuesday,21:10:00,este,0,0,GOA,https://www.kiwi.com/deep?affilid=mihalymisroriflights&currency=HUF&flightsId=0b7720825103000021e05e0f_0%7C20820b77510a0000a5743631_0&from=BUD&lang=en&passengers=1&to=GOA&booking_token=HFDvwV1Qoc-2pOAhz3t7pbQyV50lHDuS7FxApks5krmUZmflxh-RsTjyjtaFfQxqP0s78NM4g7dccWsNEruf03Cyrq-JY68x444fSJ2oilYp3SIc9H0OJXzc5XpAEY5eHii4pgr-ZwJMU0OChnp-7et6n78ATnjTlh-yBRQduna5fuH5WsJOEPDAD2qhn8FyXowA6XMgHZr2soiRYTW11sxQ6NmZmN05yVsDLa7GAArSwR6jCoLWxQbpYimyWYI2Ofj-2geXivVlcBKXtK-dZhmQu1Y9jIGgpiynyC1ozV_53StVNepJEFv2doDxbhU4-zUDYduE7PND1Zx3iltKfmDH6e4FM9ZH763Xaz0cWhkY3eDeTaX6A6qKNbvkiHlG4YRdyKi4reRqPI-_kXVh0fWArlgCe4T3Uu1K4UEfld7AUm9eb3CHaS9YBffqKXYda59tE5SnnagRvK3YWq02mBxj1EeCBYXUq7moj59OcR26xYt7CJSM80c_leohWWmRQisZhHTAOMD6SUd4nNSaeG5KJsxONy_NG0lw5N5dgpn8VNiivl3Q7RLg5uUf1pvDeb5_Vt-F6b653Y3b21gEfcao_45Y9kmmAS5jAnOfVbnaBVGoSQgsUlGrt8ffaPmztDNbcDWewSSCMsDXX3r-gkB_TXzMtcJZKNY8Jvstw86OTSWHPkwLct5oCsZVWtENKRhbpFUPdgu7kjkp7SLfZptDBV6DRdpWCcItrMQX_bAgPrWX9RLutCEVQsKoirYtKY1zkwDTNovpebUnPl-URyax7tY-w4g92WhGS4rlLwrGUee0deRhZ6Biw-0ekJi_reHX8Q6Ac1cK34p9qkZm_PgP3kmom9Hs9UCfM1jAOlrfS7joJB8_dBeiwHVHfhhds5DlcSaLe1g02F8gFOLl6Zhyl0epuEXPeckrGfwbeRVxjReuY5F5kSLPt85s-swaB8K7ghEtPryx__F1-PcNUZ1UDekHFflMxPwH_TTvZv0kwb5p24Ut7tk2x_ji1LtUSHIEWPI3Yd919N6kcfff5KKHriIGISqueDwb1kH6BXdknfnKQsDpUPJwjYu7p5Oun7I4Mf6x7eSIc1402P5O4rFMt4edDEEC6ZUzGYqF2q7nLaJIC1vX0HFbeO7QMwEsccq_GN9p5SBe_iVilOfiawg==
Stockholm,17387,2,Sweden,2026-11-07,Saturday,05:30:00,reggel,2026-11-09,Monday,20:30:00,este,0,0,ARN,https://www.kiwi.com/deep?affilid=mihalymisroriflights&currency=HUF&flightsId=0b772602511c00000e9b670a_0%7C26020b77511e00003b2e9cce_0&from=BUD&lang=en&passengers=1&to=ARN&booking_token=H_JA1nBmxK98Om2suu-z3-QK3_eIyoXst3o0zZiVNtxTT3gjMUZnDXVIGF-oMPO7MvD1ujQSC_aTKeWReNBZL7JSJuhp8bki7YRx96dBBzuM2NBtj5johgo4splUjD4AsgwAwhudqiWaD2M-fXKn5Y1WfDhrt3KdjDrGCosxhfNEBCZMkXFd_zI10u7HzQZD4GBfrn2KSAGvI4NNRIjwidZbhe7skYSIUucfwVbvf_-1yviX0bX_Qq6LI4eP04P_Qn-yPKNoe3aQUpAomtGz2QgMZORnEQJDk2XdrXlsviteJ6nY2bmbOnayW86vTmITtutXEpIraX01_wblaVAxmYiAJZYPfEFGbenmTLzTFv6jirVqCQ47pAoeM98gPtnVHEZzrah7PnbGxuAVAiGI9ID7OaSgUle4VoAug11Bc2NpSidVXqfcssGXjprSCGVG3GkhG9xpnuULj25kzFbiShLZABoevxJzaGsP-Id6YyUtx-t_KqSXp5eSet1u1P-FvPc_7UFJA7XJrNZHGj5zXpCL9XLWJzdypemCnNA9ga5McfbdP3yRUT6ituncknGIXSIGRHR1FMynjzy9Q2DDpbve8OzDZKQ68Fabexr5iRjLFAMvILfwG29b2NiEClp3BHBFGM5YfW9WzSwOGdzIoBrBNeqLdIpfrJsM7gLLUlxUA_NBOxAAzL0Est-flTW7k_d0dHi-2xNSWolV2THsedA8fw5EOTi_eitRsw5g9CtDai2Lh6ethhTBi4dOf_yaBg091hxh6zvzJ_M0h3SEI3hy-xm617zMgiSkilIZDEfWWclJOZFCjFs2j3vfOmQK-26kizRicCtn1TupT98kbRzWrr1K37a75pdehxtuGELnsp1YzmAb7dX1K9hDwTBDBYscjsHaKPLGpgGDE6FVBLlQmSuABOk2sqNYPonstx1_HPTpk0uxHnkiUefz6fp0aMXoROnqn2dcBZWE8LYGr7MzI6O8dLlxSjs0n3I_o4ACDbpMLONFibv-83NijV9gNBCbgjSF8syqWz7Pwhn_wEtgQp1ATbpQzeyjc7jlQ8cx2Oj7yUgRK3A4z3vGdOH0lhmTeVdLVW8iwhtYtvoxz_Ldu8pvHftXQeOPvMOq6KvDapmOL6RrjQsbwCAMCQf2l3v-QSmbg6nhZoCKI4XhAxWOMCuv9iJKOvLVCwd0Ydiw=
Rome,17508,0,Italy,2026-12-25,Friday,16:45:00,napközben,2026-12-25,Friday,21:30:00,este,0,0,FCO,https://www.kiwi.com/deep?affilid=mihalymisroriflights&currency=HUF&flightsId=0b770f0c514c00003c4995bb_0%7C0f0c0b77514c00001191b40f_0&from=BUD&lang=en&passengers=1&to=FCO&booking_token=HrK9t6CxQW90vwi6qWVsCwkjEKQ5JZwUTfgOhqwNhR2Vg6p-i7lZRDQp5_UHo4HVTGmPagbqZF3nWQawrdcGFSjqOz1FEHBdibwbWFHs8jslV6mx9ZOjZBv7cw0eUCx84-EZRzMbZW_34l2C7WDFx6O8pJkJn1cHhocrkVQLIcgZl4Td8ugD8SMp4bAE-Bg83c8AvkrFeUhLqOMGYKj90UMQmQopviN9f4pdKTNEkxjOYDOupb77BjgXDtd1ryDjq80pzLCsxfaCdZOKuLaWV9O1yguJD0YOb2jeL0CUY-D7pJsmD6fVvjZnvdx3Np3khEKOwHKcNurf-M76CS37uxtiWhLJGXPR2RUwOMHWA5-L4XtQ1lEnkMs117QwMXnaUTPpwbKARKwQpqkULP09xXKPVVQAFai_IEob7GF4gnwVWwd4e5WV2f3Jh5yq4qvyxxdVB6AlUBih_SvRgNgN6qHDcTAHoG36UtZfYfekulKLvlHEYiNYpqD6Np-rx36q7VVzpPY-aCZ8mYNGgGwO9fp4dutnMh_XYwnUZgOfMZbVbADtt7FygUGgZ_G0BzQQnLezA6rjrise-79h49Sjz5K7PkyvAyCB37ZYPyTt-2_1I60wK4MP76ui8uU38qRAkjMv8SAw9a5PEeVbFYhu4v4nqNU3sKTrYTcIL0vw0xzO6zYL_arbWJjXR8C8oh6sPWq1bL0E74aCGEaoYZwGh_npICFLNwmkTY7pEWIkRdFAxo3CeCnLf2wCr5bv_nTyi_PC9VbyigLLMXoxoACe560C_XRloicEIemxK1XommsLI1goT51MVrShmR7S0t8ZB5cv5e6tXjfwIYGvJMy6-hAx6X6BxNPnf_ltZgYMYdQ7PBymG8kJQnTpirWc1YMWEyb35Rnx9wiVBY8xdpkLRTlgKlq4G8GaXVoaLlKPXDVwRPEVyokTVxERfoRFJj3ZdhLLVaooMdpfsT2KFq5aJ_nvrk0Y5OFJRJ2tnID_RinR9zFwQqtyUEV58B3eNheaeohuaZLkbGVmdnd89RAT40xIhnTz7smJqogMU7t_DkaOLQvsR0CV6bjSwe6EnBdliBUIFyCuMpHOJUiCdakRsgtBc6onkbsScIc8wzem4i4Pwek6bFYQVLyAg576DLawL
Malta,17512,4,Malta,2027-02-01,Monday,17:40:00,este,2027-02-05,Friday,20:35:00,este,0,0,MLA,https://www.kiwi.com/deep?affilid=mihalymisroriflights&currency=HUF&flightsId=0b77207b51720000a4fa74ea_0%7C207b0b7751760000a8392890_0&from=BUD&lang=en&passengers=1&to=MLA&booking_token=HsO-PPN8xL-okpe4_8QY0_YV8HRKujEr7FqxHP_RSP7ZYb3IFuEmL1ah7x29d5_ik8mXzAFGMfPfbVrAZI601hFXEQFNQ42zFRMisyhiVuQF010JweV697WKNbL8YpWURIWN7CVTH38KU1lfrYM2p864SmilXzAiF_IQ6gcM45AJO5HuS8yE1SkjSJF51rSYGOf-tdQjkxG7nHXDe6zVyiWLB2pnkHXhe7JVLSdecZMVZlE5y_RHPGxAE5jlA2GDxnslXcRap4--52hXmWWggbRewlp4A-vueA0uygPs7Y9b9IP2MJD2XyEsrIOA-TDtd0bTYxHQ-fE9eW-WpxN5gFrMpAqSIDeg0Xk6LEWUmom-VJrh2byXkS8AYAMWEUCZWyx7Nqq9AKIQmbBpPQaGBsjNgDqDhgBZdJ0wRnp-tkn0Z8MdegmyzP0gZPPCk4w-0jl2MrY-ZqQY9G5ycjTQy0c9t4R5Yyznl22VPT4kA5-K3hjngoNoFKneuRCmhAlNQG8nnLIf1naNjRXkapMPqXdcDhyQjUnO7UuaQu7DVGlWB5fCyMbevGlHGbzaQCTmplTrZeZCozWHoYUeYxHphNQlH_IINPJOi2DoObDrSAalTUuM-Sot4L-j2ukam6wArsPtrYWebtTA8S3iC7ANY61NsYY8sEmg5T1gPnh29QSn2fajMLQbYhY92ZbWMTbjc9tXZrhn6f7ggZ-mucL3qQXYp5lMk6loGDyLSCw568vEC5hPkwRoIfqQfeAiEb7L4ea3THYiMnKjDdc7Ldfjm2Okbeam6mS1qaHJAmH3_wIhDI45RnLxEEedcYWUmzHr5G1jIbXjDuem-vYRsvLlBWfNI74rDJn5N-pRjq6YuQgd-xhYOPq8eFEK4YOZBJVetmpyexTzA8Zc7gEmqEf-og_sQUDTjVhMkS2zrDB_l7Xk0ApWZcwcDmOYKzNCaVOHeopnlO4aHrdvGL7Ln4QbbxkBFTreQGrZrPWvwb8wrrBDnpoaTkLEdakPlNOKXTU5ryQgvFEUgBoonv8djdJJXkBVCJipQMBDOKAZsf6yMjujYqAMhqBMald9nEJ1GRXlcymuPWa6Q3zbMyJlxRLNIryJH6w3kxnhFxI-RfZBRaI3mYULQCQKEDlaFz3Y4pohRCK5Yqzya1ntX1DobWQUscQ==
Naples,17537,5,Italy,2027-01-29,Friday,09:35:00,reggel,2027-02-03,Wednesday,11:55:00,napközben,0,0,NAP,https://www.kiwi.com/deep?affilid=mihalymisroriflights&currency=HUF&flightsId=0b7719b1516f00006318cde7_0%7C19b10b775174000061b1aa99_0&from=BUD&lang=en&passengers=1&to=NAP&booking_token=HX-TcMKXo68rziuvscF756dRwpLFQq-8RbjpiND-LOKEmtAH_Osbf2IUCHJtjNJQaRyerUlilAWYCihaclIMHcwSCY4dZNCmbrltSPoqwSGMAbebV1ZrbVNZ_MHiVMtt6zm5NJTDSSV_FjPki95rWR81-6YzlsjVXZ2KjdYQDZs69nJ2bevgUgDsvDDlWFAnM0d8edvA7JtKO5tYs13zyqZ53TaAsOnYR7ak_u2Ckdw7d3Cqvz__VwARe34jTvfUx6AoUrjIB7SkduPLZY17t315y3WSBy2_TdHvuUrCWYfsxXRDGqHLwvE9dlA0zqJyK6bDxEujIMZbbte4OtSyCDa40OUtRPAm_TaqBQ4nJaAe5BMfYTW8DBTBON2gTqqFcI46vY_he8mZRo8mMX6UNTtOi03p5-2oA8DQN7mcqLDLwDPWENi4tfVN3FBuSzN7T1HpZrSakSzDzAXLPqB-eMUGwSTcdwPrRWYHBYaWmFKH4vb_rL1U-PyxncwDxhoc2ocYgaTQQ3iaEp7frHSgaFjNXMSoe-TDlXJ2aeSFfakL4l_6ZHJ1QtWrzgJDUQioSKZKXgCy3DmkbyneWC2EpDhV0I--WFORmaYOcoexftIc6Wc_xJElur-1Z4lBsN1KR5ERtm37r-mJRg3dyPT8pf-zOi_TPCYm5CYbkchw8Nn8aFYm5G3CIvhr6bnC4cA65Wa4CRhxDEeFFMohQ0oi_-zY-FM3_CiNJ_baJkONQ38f5PrraO5f9vLPY4ncI3B5NhmaNjM_HjBJBQoAENeUdeZbDT0KkGUI5IFG31Ol2Qg8ZfNNOfm0duVCFjrl9HE2JksvkYXlLXd5NxB2vUep_jilUF41-ZA1DG2TIVroZ9EtFCLv4NUqdDi5qcMHlbO_UU8LqW2ALutAmIUvSu9QscTYBLNWfUaKYrPL-2giHieQu_Qx7ieEgmyLv1cxa0vafXOBOZW9uUOrRkJ9EizSOkkdPU2qU1RCfs4ejr5WmSGa_YQ2bvZQYykctGOvKAXY-BLgg-AOQu3aayA4UdR3nfksAHhq7KHpBygCcYv4ctyEjPZcErFOVHyIVaj6gspTtGe779DqDJX05UZwWmHhFoylQOzVFjQucnPglRTo9DmjSg2bvTE4bmf4JnvjhPVw9uZFRe961ci2ZR_M8nqbZInxF35DWasPcABR3pc3sRzo=
Naples,17545,7,Italy,2027-01-21,Thursday,14:20:00,napközben,2027-01-28,Thursday,11:55:00,napközben,0,0,NAP,https://www.kiwi.com/deep?affilid=mihalymisroriflights&currency=HUF&flightsId=0b7719b15167000062d8a385_0%7C19b10b77516e0000be664ceb_0&from=BUD&lang=en&passengers=1&to=NAP&booking_token=Hb4eZTuzQV_cSB_X_be2Gv1TitOIhGQgQmoYmRddTYcTUZOB0LhQoU3CjBACUoZPk6Ud6GC_wmoy9PbeiOPBUCCQrIYVTUDatrW0aKUgmWTebPIH45Hd0o-3RwSs5JnNs8dgAQVAXI4HM-gOWgm03ceIm09CznwlG-LG3lr_zYJV_r6RdNX1EeZehDg4_bPTDO5h7AjiQucAXUocCMd1oy2m7WEZPSqfBXqbmcmSGvyNGbl1BuidjkbG1bvlVCwxDlDFWo9iV6_4pLxV-lBZWpt3LmHXskqfhR8cKaJuLBHGsvH1xpiLufrqo6D7wvvCARME0H96f2te-G0SuHaKttCmrl09vHP9kwSwtoilplR9BRgwGSy_SlrLASluXA8XIdzE7LxHa7GC36QseWyLpMVxphrdj4-kMbd6Qj-QJA_xAgizre2lAP0RpOSQAkjEqKElCYL2iD-YNDYj80Q-7yMn0iys79oHpBAVzEitqZvwHLt_nrBl-H7ouYNBS0tg9x3uFIXCw6a0GnVul-u2lCJyFlOhkKF3_bvPR-QmpCMCfA6XTGtNyrHfiNqcRlsQxktI9LCCNceGTppa_he3Pu5DsOgZKPq4vwG2rPzU4U7O5FF4uy5ngGOKHVvZCtti7iA6C4_YtQ_1ArgPoVC6yS41xdZor2MZh4Y-Iryf8RsCEyPE24yEmt8ulMbbupce9Vw4kZ4s2xUGMLW-ZvWgEPXsI_pE4476SDLGZF3CZLdp9B28dJNw0QHRKZQtG3dMZjNFaxTmrDMMwOW61_RrSidX9qP5YIh_G4VsF6JpFualb49nUZ9vcfms9IcQDvJOrEGW44LXJXuKjG2AalL_PEae7t5GX78zjKMuKopC5qVHv_xeXV58IvZeEgXUiFmTT3ajcoGkUprVtQQ-X1VcdPfV4FAkIMUPFQzIJ2tI5sXLyjPl4e35vuVhMOfbRE4zz4RhsUtVv4aOQ6-LDGdgw0oA8hDqqR1DPL7NAkEmEf6HtA5wTmfzBRMwzlt3JOLy94Muc-tza0DXeulenhzlcICApXUCfLFetpJ_eemGkIwbI00j3TEqkDdgxLA2iHghe7eq1mh9bj7zqYzr8YycIe0IYsW3sdSXR94TykGSuHhsxnICVemAq28gFJhkoXykR2froP5uj-wZahNjGvcCEAgyMiPdta0l9ioets7uHhYs=
Vilnius,17545,7,Lithuania,2027-01-18,Monday,11:30:00,napközben,2027-01-25,Monday,10:00:00,napközben,0,0,VNO,https://www.kiwi.com/deep?affilid=mihalymisroriflights&currency=HUF&flightsId=0b770c88516400001a77a566_0%7C0c880b77516b0000cbe7a7a4_0&from=BUD&lang=en&passengers=1&to=VNO&booking_token=HZAEZU5d7qDWS6Yepmct9PG6_nsDLACKUWqgOj9Iu-TOuLY_VQWiM9JIOIQEhoeFMDg0XB-CkJI3z9CT3Lpw2kE387kyjFqs9VTc-PIoucdy9HbpvRfnNbWpo-Abqw1nGqAxsLz-TXUO3OvoxI-H9U55FSVMX7GcHkvzO8fvhQypcqY_XGJo2k1zKWl_xi9mMPm-nkoZXgAEafEewrytasnwz5zAiVluGnoyMpH9hcGQcy5JIVydSIl1EunHxIn-xvaa4y_ksFfRSy2vuJz2kpwZlRjTnOU7cu6x13SVaApxjTeAIUu9G9nk-sTNRz3TYioaDVzAsL8QrWkctZ4mQsqsylueiLqLe9OTIMp5mBpC8ya9DVusRBcCbqBzGoR1QWHEI9q5w70QUvdzPXvoQ9HHPKhY9Z_rUtGaRE2sWW4oR3QiGMh2_PxXck0gUK6xQAlM-Wxc23zXkJRr6kGxCJRyi67hlApQvOHhChVZ3sVrvHKzvYZlubU3WcX06W-kk_XGS0HyBnaHAh0STbl1mqF05pK0_v-nGW36ESwundHM5T_DW0LXcENhygtGCYhwP8QYbKN0a_0oLc3dYzLAjJ_-WRI2r_DDwT5ILWAAtewgNrd5Sy5D4hlQWTOOgJth_fXeOJbHG849hl8RyTPBic6CWK9nD27NbsBmmK5ZxCGlmSUQecdjXVFHmiI6vDeFf2ZkLUed9GdcSY3q4CsjzNfopCQgGyd_PdjKPjDAB1jOGYSuliKJL9P1qx-QZGzX6FDCzD-TGD5P6wnEe-Y9wpBzejr9kVlNeAzyOKXkb6EMfj1KazBxEEx0hGpZ01khcrJUj3uRqPXU7SX19sO4-EOHX9gVdrpUwA14BrpA152nG2zJZxmZ1NI_mjqxo2Pj1qiTRRgIRLHToEetz2Rk_UlebQ_Rx8NWcaOCvwdQxzXrY3hf6CeKosm1agSJqEp24p2k5aWZHUY_MRedDuVI_8sS_Xp4tE3DT7Fc1UQwomWUQLRTjm0Ho6fudF1NyBlimhyuekWtQpzVkgzuJQTRKZ67duInGkZ9cEyoB2mZ1ZVxgqznqxcYbwt-zL07k8Sk87S1Tk8nL85l5IlgeVjVi_Fn_wV9x4A9yGzJcdvmAGpBtTvJIxut2v1DQ1ka2o5zySc5Ga2hXxkCDWgcmfvevth3WqALq_wQcaDCe-Q7vGnQ=
Malta,17555,5,Malta,2027-01-17,Sunday,17:40:00,este,2027-01-22,Friday,20:35:00,este,0,0,MLA,https://www.kiwi.com/deep?affilid=mihalymisroriflights&currency=HUF&flightsId=0b77207b5163000013e4c5cb_0%7C207b0b77516800006519b3f1_0&from=BUD&lang=en&passengers=1&to=MLA&booking_token=H6zc8icS4YBU4GHMhqCKeJhPXeRz-mbPexQKf4JN0iN5g9skq6YUEI8iH7qx1ORIJKzGHtBSn53nqiK5Pv87Of2f-kw7wgYJrxcNzCrHQgO8DTUl5xxIBvcIaKj_PaACzkaJCyMjKUepQVUwbp_0B4XRiiM7owFUuyDUYHtr13HauzzFenHUQVF4wo9G2qdxffZ--SjlT6dBItWDOV7JasUIvnt0HITmXextiYanHeD_xzk3OQr7i1HU2huKag4-d221YRb6ZEobcXXNOsTgyP_u69xS13Nw9bvSWl_R9Ddlj9ChCCR3ueecXQeUvuaCUKiOGLS2Jh48jCukF3BIY89s2427tKHadLpI4gycvqxjjhpFDCpJLyXbOI95595grWEYjRCy-zmkylbyrDnNf_1XwbdU0nraCR4jXxlmjAWLlkdXnt4Xo0dFPnYYxaGbNgivfRwdUm_Y6KJoHK85V9u2ImeFDA-S0HQe95_7EuVur7lWNtn7ZHNMHWs_EYgKTqbj4drMzyEnX3-52A1x9inCYUTcHlbPBEiT3JIqqTe-ZN2a8QBAIkf3t19-iBAFUt5F6p7DNdUEIZ2QpO9ZvM2bxTlMIzjDgVMXWSYvviaKXDVayh3HIIkJvugMuosXXhWf6zi0qxC4mKuavhpcNmgGQf0NJ3pZA5kpyuOv2RGJ6bBkpeownSfri70I9hC5C8vCJtGviyMbHNCugwj7A3v_qHrepHez5r2wz-Bh3nekesubcsRQu2UkEWPDdu_TbObMHysAxZkwMNNffG4CW68Us934R9Vb7H6iZI1TWLUNXwc5ehHzz8kglzLiWjpInHrI1ZbIElaCTQ7SIVlkt9NaLRU-SD1PdKARU496EkL9YZnAYAD6TNKNtsgWKXTEKivD45e9sV71sGFGJ2Vu8Xu1xNR3UfH-ue0pn8XpvEEc6mHUTiYaV5lIWUgqlNBGGyTH22trY2UIU6sAuMshilVRRvO2dRI9AZxXpasc-2ffPyMDxHidk79JUUR43TV2Yx9dzlBYqlkhD2dPeBXjEeJNt24qFSaif9VcUsYUSh6SAmZXSem0wa2sFmQ_Siz34ZPfVdQg8uxkADtLhWyYMBYqSsiIToMnN4brUzti2XPoVRRRW9iT29sEVMu3DvB9A5xtCfJEMBOHbaPIaSh7gcA==
Vilnius,17585,7,Lithuania,2027-02-14,Sunday,15:05:00,napközben,2027-02-21,Sunday,13:45:00,napközben,0,0,VNO,https://www.kiwi.com/deep?affilid=mihalymisroriflights&currency=HUF&flightsId=0b770c88517f0000c6bcd07c_0%7C0c880b7751860000927760bf_0&from=BUD&lang=en&passengers=1&to=VNO&booking_token=Hee1LiUvpvb5ZXK8nc_v-iFITstPsEU5Fc8Xrn0N9UEHsI-NHo014g0x3rd00ZGbzKanDxzRyEapkO1A1o0JXcfKCRXmzOdQOuEG5E4zcHF_3omq4jVMWCz73LE-90mHwx_QfgzuTuz36YAfePjC7yMg7o2mrtfuPw8fd6Mr6IwdqUOz6Q89TkGT3i5ifgdvjiJS3XvUJs4ZuptLER_ZAs8_L48PR4daRoIMDKRzicqArAzDaVPtResKgvLnejbnaqqG65FR72Lo3UdV0mvIgGkDmYBC8g69SI0gVq3t0ZMj5v4sS1WMiZJdLubOoIEfCLEtzK0V5cWIxeKtiiVKlekcm4OtjrOSXXNJi7I-ZVQtEmSkooJazqVfgKMP_gTSW_waewY-3Cry8uq9Noml_L-aa9BxvBhz4NgpjdhjlRN0Q-GJ5ewB2ah8EAlgF3m5GjVeBjc1chYrDATQYzJCqrkWqOMptwHNh5sSvHDjZHZ77CAXAHMLRKPfaZ-Dj8jf7YAqdDO1WpgYARt3l8Vp6YmtB_v555njUeBhO_6J8y89vs1rfx5ie2s19LkJARbvY4Ektr7aGew95w2UqqjIJi74fltwyIHMVClD5HNAotOtL5Uhnq_bO5IDOuLpVE01MVhPICUFIQtKIjcU1KCjcOLdOLMiHqqF_NUAy1_oX31ZagJEQl5LjcoEEH_dWcchtsd0qGpL2af2fVAG4LNiOlYM4R2UzJzqT6mrNAR_q2c1YU60StQhFIuVsROONRY48Uz0p335HGfiHuZAY-Qb7SXOdepxxl9Ew2DkDmnw_SexMBICfWCj_eVTIVeghT9KC19JnVwvwob2f7PP_ZH6vMe1D5k9b8tWkHVRmlqerPqt3XZWMf7kByVtFgXiqe0FBS4lnGF8vw1sJQo8GcGCcyxhkGKyeaGUzv2k-thLCSCo_49cvEG5cVdzDNSOWli9LZ1ECGDID3ouez0yTZjNL1x-vV_UU7lmh3JC77OY4z2xKCSdFwdu80woySGeD6b-q3BgAQWERNwKO3DZfFfeN8adoL5nCk7vauMbZUVG09btPXCumP7tOTglMt4U7xUvWsq28SM_jDlZhMGyJ2ezhf8k0CWZLaag3L8glY375KzusAKGACtWR73sRaa0zR7lzqB2OxJ0ajqL1Rx3zgd7N3GKGR37o-67i0HHi8qsKntg=
Stockholm,17625,3,Sweden,2026-12-02,Wednesday,17:30:00,este,2026-12-05,Saturday,08:30:00,reggel,0,0,ARN,https://www.kiwi.com/deep?affilid=mihalymisroriflights&currency=HUF&flightsId=0b772602513500002e305612_0%7C26020b775138000073e1a10b_0&from=BUD&lang=en&passengers=1&to=ARN&booking_token=Ht2UCP2cSGhjele0-2tzOFi-NslXJtifmp9s85zFLrj8qCBZ5yzCK-1ovM6P5xvG0Zn68OjC5cAFSq5ifvX4pAWJPCFk_if5x74IoEwp4SI1YAyrNZJgBHnLx_oN-fVtNUhI6mL3T66XFQQMC8ifKH4uYLOGgOpJnAvwmSD4zOR3mdWI2vaf0Xn20H8JGgRnn2x4TLPjsjkBpRNiymgkRQn_z7sMDTQK-NDcGwMI-ZiEtxBE67TzEFsmtm2xLNAMJIP-F7FzgboQk0T-2znbGWLiyV99otFtYl5crX1vPTUAbJGNnwvPB6moqgsqWK8qctUjUXyQboX7B-4Gl1l1n3xLp830nAL_UryujMtzO5EIoD62NTVeMvosbAbaL_e32Vvu_1rmjA9Wti_frdaMuv5Hh4QgKxwQZn2RcJdto44gGlHXK4a3PFgtwAmN6Sv3C_XktZZSSP96OSzbbgmwA-CsikhB1llEGZpuZnGxOuS5XHx8-NmMYjYvMN5oJQjpmfvuqNDA0j26MCx2cXnew6a0J5RcxXWJzygJPlckH3CAtQLoxwPJgYIUs13yVgg8N5qs6Iy6PW68Fa-6qj5mKnf2mB5YzkYh3EFOXhvFBy9hMm_8VqabA2W7AhEGVY2E-1pKgo6-XjBiiL4KiNHXTEezvjIORN8lp_AgDlKlNUOuKgaJqWiiSg109u1qhp9BUWOrHm8MlQKaz3sRmDH3zkYErDUBv3EdUaUmP2FQo9Pr68c92HGP2p5VXK7BVioybhltWpgRXoeULw26BkYeEoWuqKdIKwM-SlLz2WtjbFmvtDH1WYcanyrlLgwNMY0q0lRENx4eMhoVwHA-HfcvOtkYYE1DGngFq-eXDycBk8Mc2uBvDOCMIN7WV2sREuPiFEDwH8q7iHqekgtAzAfdQP9iRwYIUbNq5jetnuCbtVU1CPELQlVPy8nxLA-J0EVjr0jKlsiJg5MrlKU0lhnhlzTid92ZA9fb6H0JTkI7SokkAB8qJrFDcdU1MDHJHrFzpM7lwnKbJxh0VCWz65kbKxVj1Lz-WBNGuG93wxO4vtnpImW9wEoEa1GJuPxOfF0oddtJvCfafXtMWnr7T6bXZ3N9IjOBUyZP6sK-nJAJEBnZm2raT0rof-WbCujxKlvFHg6cG3-v0_EcIrfRKc7UGiDmphHyn859MQaWx0wfWP80=
Genoa,17693,3,Italy,2026-10-17,Saturday,18:50:00,este,2026-10-20,Tuesday,21:10:00,este,0,0,GOA,https://www.kiwi.com/deep?affilid=mihalymisroriflights&currency=HUF&flightsId=0b77208251070000bab3c424_0%7C20820b77510a0000a5743631_0&from=BUD&lang=en&passengers=1&to=GOA&booking_token=HvALhjP32ydEkrbEdw6bqGg4OmfSkEzgM9jVW5dC2EUjrP4hlI2t1IchQefwtnTu4baHNMa3YOACNFmgRY_zPfNF7TjtYhOeqaSApJxcGFGOvQSsxtsllsX_UtyYCPgpprhRBNdNmAVhpluKel3pWu1LFQPmFkwtlkvBVjsP4hVkgVxeV4OYu7f2MUtwo4bNsR1f2SP_065jWMo5dNYDy6URPfYwXdKwq8fOrSKA3yh6LHoowns5gVBjBw8Q6XY66DAtu658OG-Za-yhLAYUMabEAoxkfBHRuuzxcba202HFT2ME-oBQ6w29hoyuea3aw_4_w9YpXjDgcSjhVDLvWxFvqcjugPiyZK_JSBi9H-nS9Oc2C4qqSXwRpwqBOmQBx-OVpTwRkEMZvi2YH0HceLvBkp2L6GQ6ZB6suVYDwQv5QK0uMn2vnpfvjLJyX7bS_Gk0Ye1qXvOUBO6uRRekD7X3O51ivT93CDYdDuMAQZqmqd1isEjCfQ7DTqfUeelcy9m_6eP4uQnbHrg3mxYLbrvZ8hP93b6MeN0tVcKIdk_WeZMli4gqlo4IJNXd2Fx81hX4I8fefOaG1dIOU0NuZO2X5nd6dlG7V08aKqQ8Rqx1DihSR8ctMuyGs-QKYRybILlWF7gN94cbUdkVTqUW5dnawg3wRQ38r4D1C7s94bCTGz5JVu9uvdu3IGe6vnf81zpgAdx34gh0cCteYzUGrCTIorRrD6uu5H7E9TC-ouvkuPMt0IQuHHAK-2BvXo8CFDGNn_qX9MRqSVM6f1PKhGc6TsasduZVDoYgHEj36xl-KzYY-KeXIa14FbT6F1sE5p_MMAeET5ACcPw4U3eAR3iJ-5yRQ4yv2dvxeLVshd_y29piImgCViuz9JUyFQ4UxvKIsJv0IQUnnVu6tdsorbDxFCT81ph7O8o4XSWY0vj4jXrxsXUSZy16BuDFP7WAcB3QJLWaW68HcevmjKR8lJBD-zdPzo1UgvjbvLBXcneEMSXWpAlg1i8Eg-NP5sgRtujScOin6NxRRigiEhGsNXhhG7VgVdLjsghZ_vel0fJ7C8TYatoYEo7hi66eE1gRwLNxCpsvjeSGQa0pQhRmBBTKPYfp_ffwNi8aYmD0M0V99wzBZhC37fT7bVy2NXcE0
Tallinn,17732,7,Estonia,2027-02-06,Saturday,06:15:00,reggel,2027-02-13,Saturday,10:15:00,napközben,0,0,TLL,https://www.kiwi.com/deep?affilid=mihalymisroriflights&currency=HUF&flightsId=0b7722c3517700001749b68b_0%7C22c30b77517e0000653a5e45_0&from=BUD&lang=en&passengers=1&to=TLL&booking_token=HMeOPvoxeTYjHwC_sunffvA8OwO01PGDbyYbP4WYlhbiea05PNKljSHE6LXt6stZ1wwPPz4_Gwul-PhLNS7jRiD_jhTnBaNK6XRwB9h0XwFiH-lrGPEhfLcJnJO5ucxFbJifBxHRn_QKnIvyFZw6a4BaIdbYxEQ2NimdPKSTCT-_Q0WOuFgDttD1VNHrOzb9yQ0hSov_sl-toVBJ1GwipP5VF-CXytJXV5EYy-8azlcw6FNW4kVdOoZBgxU21YaIWL3t490rw84b0ZqcD8l1wnq0OSe8EmM8sdw_itPIBa-6wUS7zGUeXq-HmRdstXboQxCICCKMGvqF92_QDaz7PuVeRbVXh6udRY88ZWubBMN4_Nh0WhQhPCG4xup2DLK5rEag_uS3DaANut28gSyb4WLeC_K6sXGC9BLEniclDdMpw2Ln9PCYpdKMkUFgP45gxbMEWiYlOP8oAwQO6SDsCBKmR1mJqPp0xYdeJ_xyNHWsAYqeHcXSDFBaVLIsKBU4V_s2M0M5SRgT9fIThMdg4oy0VqBYKTR3Jt35_eikatuiUEUDpzNHUJObjtMQ-4-RuZgUDlgY69qTaDDqlFzfNa_YMQNXXgpDjQFgVDOIToFmCWWXLFTnoSdLDfIe3ZQkeQuuwgBk6gq0hlHsGNZkx83H4QpnTBajsRDf9Rl-pUioBlj-E3BlDp1D70MsxFAsifyqNmvsyfDW9ZGs4Y3M0oilC87-bejNDsJl0BwfurZ-5rkDWz7LE-xD9YaGEcdmLFqd5Rtvct9DPc5NxfT4DAPyiU4RSYpkzvsP73Z3_vqELCiXv8J3rktznwRJSkc1tBLdZmBTeI5FtU8iWp1hWWn7FlxVuO5r1BBs0F6tiku1VDrDnOM-4krWYprfyGhxfUWgF01WGX1FdHmkpNCmNmS5p4mOwEO4Fx8tpqVeth_66T6LFzl2STfyMCIks4GtErsYFdYdorPTjYzfakP9qMyJSGtoEN31aDxT3ApXEC7wo-zaO3G_K9MHOSKKBizX3skjDgs3RpZMfDF5VMvhCwR3uKFqVKnQideicYdFarZUqogySuNiD_HmKGadNj7I3Hn3M4AHNdTwurDj6Edylh9sU3vfIMK7tzjFKq_-uYbLOCAdCCungDIzoW4Fd6tCUS-xBlsTKr_fnAM35RRTtSQ==
Tallinn,17740,7,Estonia,2027-01-21,Thursday,17:30:00,este,2027-01-28,Thursday,21:30:00,este,0,0,TLL,https://www.kiwi.com/deep?affilid=mihalymisroriflights&currency=HUF&flightsId=0b7722c35167000033c7a4f4_0%7C22c30b77516e0000c5edf24d_0&from=BUD&lang=en&passengers=1&to=TLL&booking_token=HdhQZmBmU4iGXhpNswJ825eiwLivAKGGh4a3_JwVHdxw5ypkOawwPV1FKRRNp3AnVekDA_tcd7VKHg9-L88TyT93ORi3xeY8Jg6uN2rwkbhupGPAgAxYlAneabrDoq03HG8Zpx1OfLAAsvh1hUcD5Owre9sI1G4am3f-jXvuecXQkIobuOd8xhOwGZNRvvxN5A683ADwEF68CZIQYzdwLSxlTKx7gDMgH4fv9-TsSAQAfSGZypMTMd19tZE4So6-GXb5dMDBFLNpKDzOYpIzMjHWVluf408oIGXPBKJ2P67WA-k8GVRLWNZ9quyfjXXpmbNLHyvIunRXquNdy0EH-HPx6MjBK5FXBdJ7nnztDzWyp6u6F5aYmsaKMu_3MTn-JoDBlVhoDcwFILwnqhMaIkg1QNfSMOIxhJ6WRWDcjlTZv2MI3Chffo3I2qEuZFSZmK8eDcJYYIi7k_2EWjw-jpFwqsXNgnnexrABgmDRjGyEUrfCk9U8r7h-3PnK8gWqXpNDapEuXIro5sJxeMBwemP6FTBjieaJSn1Y7EWjYytvR_n3ydMNs_q8gqNUrn3vsTgai9_AukkNFqFSVZ5JOJXtsXApg0Ww_2WgdZCzCGy-1OjgjbI_QOATLhjTl9JcAHx6SYiBkQEq8N2zU0rL6Aw1D81HDCQmkAkhH1FJnHJsBaDadebcwcdLSEha9kIl6Pa-6NEvb9d-lxKnsrQDENZPCDeE7z4bCi5k-3s4K4EFe_yD8fbLHlzRcqsjZmIbCmWTpHVMBSokPFd0H2cEur-bnNK-ccVbqVdA5AAjzw2zPJRd4kLH_58xOtUauNkZ6En0AMPWJTZ8hF25YVChX90CsMhDrL04gmn8vr58bDPo6f5V2nMgY1Epmvfyn2AE2cfpxjBEmL04Qm8uL6I9qJWkUQjrqxzNxK40fSubFwMOfN1j09W1MP-kFqAoggTa9EWl-kfRLNDi0jnqUs2QiqQZDgALApPxxwI1qsERIqEAmwReKEmErvR471eil20lF-MVrpEendEpMT1XLF8vTh8OqNFDOXi9MKb5yGgRINvtre7fAMRHhe5VlhRo-9f9zndpp8QI7aOUhZubU2hhBgT8jui8W2h4RyGS7YHCrDu9A2QL1GoBwNOvwHX9YkR_amQPbHGNb71UcOqlzsdvK5w==
Lamezia Terme,17920,7,Italy,2026-10-10,Saturday,19:15:00,este,2026-10-17,Saturday,21:40:00,este,0,0,SUF,https://www.kiwi.com/deep?affilid=mihalymisroriflights&currency=HUF&flightsId=0b7715e451000000b18cdee3_0%7C15e40b77510700009d54092a_0&from=BUD&lang=en&passengers=1&to=SUF&booking_token=HkgN-oO82qN4ydouiOTchzb_o21s4dsvnGj3aROnu5Y_ALVXxuwE93OfMGq2u7_C8Yfd0pjaaiZf6koVwiqiQ6KURTxjYpXI-028cfqWk6ljFGN3HzeyRpZcZqaESwX7ejUX1Ygk4_gxafdATefSJqwhgZ9e2nCyhIJOMTDWH7I4S_uEb-09ggNx1SF7mPhpNsZxGRf1xaA1ctVBwvjGlcyRvj-7GgUTx7eNadWLexERw7872RsyhIHyiusC_ExNbF-0PgDP_a289l9lOs-887mnlrTc1KP_P_4l0iCnfskd7vjV4GFGPpZY1OlbvaIWU0rAB8gqiUWDTsUkndotd-WxnS5RhVbxKUIc-Gam7tya-AqEn3MQf_VSws7hPpmsb4QL9EBAz77U320CxLEB7QYo-0I2RznFayvozd14-H5gNN-IUovjKFjyHqVr4qwFNuo9e9vWXjFVVk92Qbp1HlpTYi3BFPRfvz8lade3bQzqLzFp3rFz4B0uF2t305Fxcf3piHZBc_ZN8pMg6b2LtjJgMVEvPA1dYbWe7vSpnx2lccOfIYsVbtSymur-jeiNx1883Zy0lPlkeT02GIzIcbLcM2n4hUE9NJq43RBgMdl0iHijwz10pY9yoBYdnTUYI0YZfXoQP59i31zfiUYPBQfeDNwfp2_WwcHmSnYuka-KSLlQFc0fwfnFjbnAX9lD9qD3F0N5km2u9LVEnF2wF0a_Dk3TTxYPZTAPNIpgY3dPQtsxAyVYkTm1V5c6Y8OS3P_7EAiCQC8o0TMbILNL-XEyebMHm4q16qKqDeBoNkOXcuNuHxNJZ1udWOS1K12FkXrKgiQYXAgiaid2y57Lw-VlSC9DyNPciZS3f3mNzZVWkcVkFbMxiVOhoDEMR-eY5dLXmnP7RTvUa0N49hEuEOwrfCI8GwqO_YsZOMIRootSHq6CxlMabFgosXIj0PJBpQ8QOK99JEYZVRUmHGrTRLh5Y9W8wGUG9Q8CKv3FArAI-77fS-8n8a0BK2SzrQMx0CopowLGbrB2UAnpSBQoud0BVCsO06C9DO8xAVcJHltWzSC855kCfrV6GgIO4hBV0XbrFGnE-Eqeosv-nSWWIxZqu465cGOTgdJ1HX5CP8VlwmWwmTA7_KB4tYBEOKE_18p2ATk3DAD6x_V5_dhMerA==
Rome,18201,0,Italy,2026-12-25,Friday,06:05:00,reggel,2026-12-25,Friday,21:30:00,este,0,0,FCO,https://www.kiwi.com/deep?affilid=mihalymisroriflights&currency=HUF&flightsId=0b770f0c514c000025f4b471_0%7C0f0c0b77514c00001191b40f_0&from=BUD&lang=en&passengers=1&to=FCO&booking_token=HHY7I07TqVl8vV6UigNIwV6r29MlkXfyfJ7RYqtyPgH9hM-Zl-35UZJfdk3kBzj1_SXBvy8c7Bmrbvu78ceN68WPezEvDQBdAUburZGERPCO1wyOnS2l_E29mwVz_G0PnRnHY3ht_czCEsrAKd3Y1sojW7ysWAUSFJStbcVq8zCXqhk0dBWc2W37LwkqPn2ZM5OBfNnrQcGccbAFF3JyJ0-a70Pe4tIfLCgplisxhsoAKSUb8vicu2pcw3nvU40pQZkD46Z_ySG-nDJa7_ql2G1cry-muDK82QXYHAXdohTV6NJsdsE551hTzD4x1GY68_nBxJg2bfaphejbU5Kloric_x-IrjUWacvBFN7TOU5e23rZY_Mn1D_P4cPQgSymzV_LLcE00dKxyrhTm9ryFi_O-amDYra0BHnmegFjEgSdsq9HY_xxvPOpYLp75cGGRkzHjxfMNO20MwIc-3P-Px5N9wLYi2_dXvmiK9FLIFgHSWDJUtSZ6WoF8ftXklS6cgxXfErLFIjB3ra0pBb-OtL20bJ3r95C65yRCNwbCCvYJ_jN3hME5Q4XrU1N1AcDSX6IRhGz18jBFDj69pCh9GEVoSkslx-ter2JTXn3La5w5p3s_LGb2g55SpjAR6QBCr5DnQ1C3jgETxrjNrYXFyEeXz0PKbu6MMaKp6EZKzWbRFstI-dleflEIAFEgiRcKe0CvZgRPMDFHdgPuix6wLdwteLzEfpST6dfjpFvVnDBVFor_rGOOwGWn_dG2c_RK43PPlP9ip7UevVk7yFZ2Mod5f-jLOLmHbo-IjrdBDpKPwUy2kzvXH-d9gBrtAz7oOmeBg5g1D15PeGEi-fIzyInTVxXH0VrjmS_p9l2zjXLU8GfU9C0zEjQOT1lDCPVMlNnTNw5TeQuEgcbnouqH-8sK9OTE9cXW0KAi_Us170gYCicKdBRDFoyP8NxvyH4re4_6o65dYxSR873bM5SRBG1D8liswlA-sH8jWcu5DuKi3KjHiRjOzJFdj4Ol86Mp8cYSqBRzw4YdYsW69TDYB4zH2azY5dxBRFgbWzqCg2EG-23ffZ8ETme5fvoe3BT8qOe5uOfmHpM-6VRJnjzY10JSBHn07yPhp5847YeeUhNNe9HH7sZwGbxD2ST0vRZweMogtdMeadVGAGoRxzw1bQ==
Rome,18233,6,Italy,2027-01-25,Monday,06:05:00,reggel,2027-01-31,Sunday,08:35:00,reggel,0,0,FCO,https://www.kiwi.com/deep?affilid=mihalymisroriflights&currency=HUF&flightsId=0b770f0c516b00002ce7125e_0%7C0f0c0b77517100005d251a25_0&from=BUD&lang=en&passengers=1&to=FCO&booking_token=HNDMbUvNPrLMha6JAny--AHQM5pSwXe6zC3FEhnFv1_EvIsBaRtwkLBUUkDyMiywFfC8sNkNLfxDRDV6Idva3OQOF1XGuOIAvdiaUJ-RN6kJroLl9ta38llKcBLZ56JXGnI-xXpWOZe1BUALk0SPH8hW5vjPhcbh6AeKsq7d1MzoHdUjgilNwUHIlVoxNN_R7sMyOmn1zTIbRNFrBOWuz6hfnlBJ9w93PUbLKGcJgJajpjDB4kkGuNymuu9FmES9nrYy9NXGplU9QnUaAvZstUDCcJdQG1cAH-x7LhOFaSLHGfisrgI4n7oeeVAuPe0WAELMEI0opG9KKEwLehMVWIkHIwQWWOtOTtOINRWRumMxcfC7qSa9M5_DiX9OsrEjb05HnIRCtKc-IsQF6PanqsCkvFo9A6yg2A_0Uah9aGzvuUUP7xaNVJ3W5RWXynzgqLVfOKAvo13QfCaeXei6VtpEZcjGLPMogPvHuZTAuu_V--YKda7F5QWllr5g9Zb0M0LeEfTl6N5T2_5ToJQafcST4bw8JepNHSP4PMWL-Tkqdl7WuiLFph-Ek7ZMA482s38qFhDFXf80TlRzl-k7xkNLt7j22-hLkXPm1Ba37oOOGckF8K96GKzhyccPOeWlH47TFQYHYJ7KvujC1_PTZFJwCuor59sVzJzgLF3RrAMzpPyg4NgcHXetz2ZQZ-ixYC6bmX_Xy1YcHQpFIT1UR1VM31YytzOfUb05LFDUfYsafuXRNMIBpYQgiPVUqcANERVAskbBbhydOivLQvfBWc11iMT_pSBVZvYB0PwtA2is_e0ZCI5Mp4dF5130el2RGFpuZVDY8xQQTGzU_HyQAF5Iz5y9U-H1wGxCCpYDNNYexSOkuiPs0OgXPhwzsi-ccCgbP0UWv6zv8lZtIwIT50tAyZ_-ZUYJP_35i9NSN9uoX6oQOq0t53NgQVLT723jMDZH_lGVKmh5vRal6bS3NLkxHReeSdPnK1jKZRPApBRewo-1eVaXR52rF51L5ekSkTfO8E9iAOK-s1yPZ_2rS6EauJm8_nBp1NH940ZSaTpJdnCKaqyZ-yrEN5q6LgjUMMx7tncwCIfwkErs8vlFn12e3Vfahl4yKYCI6rvb1C4UIT5WgQPI0KLN65jMKf3OqXbY0IrMU8HRB6dKS649XZg==
Berlin,19017,5,Germany,2026-11-19,Thursday,05:30:00,reggel,2026-11-24,Tuesday,15:15:00,napközben,0,0,BER,https://www.kiwi.com/deep?affilid=mihalymisroriflights&currency=HUF&flightsId=0b770042512800002e63e62f_0%7C00420b77512d0000dfdfa2d0_0&from=BUD&lang=en&passengers=1&to=BER&booking_token=Hyea_qB1DcTNLHgYamMYZndvrTMPNpla1gIge7ojMpEwRloY45YpFNuIBQ7ZHSHkfhNl8F3UaWQ82Qr2a5dnVKMSX_Pgp77Rto_Z1pxRmh6dGVhqjqvHbSO-H9lXw-wOTsaxaV2L7z1xW7-3zC3ro9HKgjXkRvqTRDr9c7eFlMcsJZmUve5SjwDW6anGmdkcuKJZuHV950aLgbaUD0S52vFcRc-Q5aw91sXVRrEqrWCtSpVWY2pabMQgqya1DZaLc1-Jaymt9WLvvfhHlyNHIKQaUGzxtKe--lHvI5kRo_e2FDgh5vpObBN89BuZLsUyLWxFrq6dyQXBw_slSjTTWAng_cphE9H_dJtbmdyNYaLr1vHWzR6BFcKKX8cD1mseQTyVpoKo9oMcec2o_37HtM5QySm91EO64d0MYbx4xVWsACtZ0RNMbSBfQhxRj9xWOy-uF5yFHvI7g2ahRaGv3CHXApv6rVNPX-IXYqkmzGHxUp8pBGztmFQOh0liC6OTZwX9T6UpvX9-pFtF3LRqTjPoIlQxjrp-kE9i9Fm9wJDoJZBeISIw8BEWfg3sEI36TkyF5NYFzJvkVaSXHiQAqysV3IKTzJHBuakQ0bfc5_pLgya1kZU3pP7b6W_nlsagqHvcuYF_LALTCJ9zZqqRk8-w7NZYB5tdSVh3XDPaK7rSPqEeyR0Jh6Y_FC5rPoLqZsc1Xv5I_yEDkZTgrxgo2RebkRBOXfadghqyXu7X_Ep4P3a9ABSLyHa-mRaW_21USPrUBr3XUSw9Q5jkPN_MsFtqQQNcgfN0Xnc0wxFDLxH-8Nh5sl4Rw1fFaDHZcDZv7z-07j6237BN9gijSHnzenGy3He7Rrg1e2RT7_n11cvjE4C1bAZMwi10kjClk3nG1bzCumbXz3po2AI3pAA7wsHz1wFqw54W_sBiax3Xl4tHKaqd9D5SKQusry9xsRI5hjQMTfJmy8HXB4fcmVCb_pDyYEttElIqRiaIyAVjqSeASod7EXbdMZAKVE_c3t5nzv44ziscmr2SiIP1itYthg0mgT4ZVUsIoGO0LFdcNctR8BaTyzDXPdAE0MVCZ5L-vB0I9TPvJwB-MEJ9WRXevKGswPGbOg3aCrQiVvE7jAFWq86vaJ5-5x4FfxuRtdZFV2UyKK651WNrbGBEZsekFcg==
Berlin,19017,0,Germany,2026-11-19,Thursday,05:30:00,reggel,2026-11-19,Thursday,15:15:00,napközben,0,0,BER,https://www.kiwi.com/deep?affilid=mihalymisroriflights&currency=HUF&flightsId=0b770042512800002e63e62f_0%7C00420b77512800004cf3b1c3_0&from=BUD&lang=en&passengers=1&to=BER&booking_token=H5e8-lbVzhTht8-ctPS4zy999fudsxdlJV390dNQ629qAlbqCezcDw_7t45Cll8lkn485xfhI4VeYC9anur2S1sBlysyO5OA-9xQggMjqgsR7VBFqJlckO6QU2fbUVlEdbpl76ivEncFGYSlRAanEuDq4BgJKnBsASA4Hf34-hum5fzaoTmSA7ehhDIoYEy_CG3fi0OSdbMQZhzsIP-d4n3otZRyTDsU4XBpBWul4w5G1U2NPnx-IR6fhRKWu8-ZvPTey3XcHi9tm-Q8MMy3bzeh1aX9nOPuzHAbyrZUpLZXX2k6gQlreNvz3uN4_6LKihbVTzXuMgPFyFqYWpDDP0fcFQD9fAyIgcDZhWQ0uyyldZHpfnsxedOfO9G56oZcbHqCbHKSsFyIKidLsdl7t_8bNra-LbHUPBUCcPLhIPV_ZjZ3WMZHMLnXEfMAoNkv6nBNOUT57xMdv_THSyyssXhoXV5jsEvqdLefVFEki-NZXcwwbTX6Wp1yXtcoNB57SQtjwTRmn_DJo_Fzjs5EvhezC2ZxjzmDdRHnK9aRUmkN9kZ8jgU-Ky1uqQgyCXHY0A0ZyxUFGuv14Y-M_nF08bfVf4ymXgNgIgRa8b4Xf7wceULkZOzXa0eCtMRrESezLJIKApowAybUsgOX8i9UvWs_m9aURiNkxMxNBJnD7g-Fh2RuCVU_ao3g045V852IE-OGgYrLXFRWTLe4D6g_8WC7PldK2kHP13-HPIZ1qfGzWUSo1fluBVl809R64ptsDxp0AoGJ5lQEkomc274VY06BgaDLjYFVfkJMxjObIYqCfD18Yo5gC2sXS8bQHlDZXIWg4ySgiISD82RVoiF7hGCLss4gViSzBRneDmxR85FkzCzY6YzAH30WOrb_OswqRlgcw0juRVzGIE8jTn5Oerq3D4u4KZEdylcF_xfk21P82ljFbA9WvkT_UyBD-Yh38g_XA2Bqn7G4PT5iJKrPJ0VUo9YmH40XNYEHjV3Mu8xHoA-jYIEt0soGiXOwOEZlf0O-5GZ6VyE8yfWV0wBIiV4EGF0DbY6Sn63I40YOwcCZSjKCes2Pzwq0xghi5VwkRGZifZs4OmBBLaDB34ejFApGwOpeEjr5D5LXEKuoVspFoEXXJfDZygrcemDn644p6
Berlin,19017,7,Germany,2026-11-09,Monday,07:00:00,reggel,2026-11-16,Monday,21:55:00,este,0,0,BER,https://www.kiwi.com/deep?affilid=mihalymisroriflights&currency=HUF&flightsId=0b770042511e00003398c402_0%7C00420b775125000035451565_0&from=BUD&lang=en&passengers=1&to=BER&booking_token=Hk8zMEqhv3j1HHk3X4016if6ztPs85jqIxbJN5fg_rZToRbD1Flpw_thoAp3MAgzJv6Iuev0u9F_sonFQy1qa1oX_5cSvLtqmGShSX_Wxxb991STTSDJCSVnG7VtqoyUCTAlvSmhAE3E2QIJFCpaUVHnE_lLk1TTFz_hHNFifBx9qUzQb6bfiu6TqnBlTi9PouXISm0e4WWK9pBE7L76QYz1IbFeYkPyhF4rkkb_ckETqLRmwqSEuH0QeHRDcJfVzZvEBHhf0wZWilE2o7LYsD2f7Ze3wqD2REBv4uNBIcfkbcQoA9Fvr9D1RP4r07MFdNKaGzVJEXy4uA5HNHwHSuolPtyC5y5mIwSEiQZobK7KR6ONT0QFxDWUMIowTbdOKjycKsuAhGz_eTGPUV0ofcJnbfzMfs_Ab6q-1jQiSziugW3cvWnyurxzU6fvIO8YKFCdO0CTy3IMKRAv9FELHYO-AJuAZyigNdhTS_qvSkcq6-YjSoCDaQ8C2RYqHr5TIbhAIba0zFhVbBEMdVrWGDWpKvVjAjEcbEM22gGAWyZDEVEV6RlEFpNT7FYgPaXywuYrgO-cc6tKRnbQhaVw7nqC17O1hfutELAo-5fwl_yyI8vmknXVes1t0Th-VQeb2fpXKYvEhhWp8pkP54lgNYkWv-GXMPuokrUhdmmEfDbzTVIM3DdCJCdh5GzF17ur2q9slIiAxktf9EYgn0T-WKlKBDIR7Njd3P3JpHDPmhK0-oYyM0xFd05pY6Wz2Wh8lFoaaHVS3cccDcVN6rxonJU-fTPBBXxZp1YXA-hf2ijC_h8hdOPYpmlDM25IEm3Uyg88RffxwyQUui55jtweFXFauOTxsHAgaIo5sEeo6krT3UjiHfNCVhpWNKekmpWQfzWr4rkuumoMJ9LwHp2ZDu-Yi6MZotvaUcPKPsp_yCk4e4y4UvPsh1vva1ZFYfS0_YhJtmPqPEHUToFpAry0wffqTEzculTgZRK2R70r1DOQIplvyDUNzFBPZKlafk2KadpqsG-Saa17qC2jSw97_E2W8ULX1sUIPbRzEKajD1UN5j-osSTAdpriUP0-s4mFFwP9YuKYEv8YrAqeDiyqk8jsqX68h_Sk3pe3PP8x6z-RrBrqMEDK5wiAFrXHrSFTodi7hlB7AZQBbzSAtsFkJug==
Athens,19026,2,Greece,2027-02-18,Thursday,06:15:00,reggel,2027-02-20,Saturday,21:45:00,este,0,0,ATH,https://www.kiwi.com/deep?affilid=mihalymisroriflights&currency=HUF&flightsId=0b7703ab518300009cebd939_0%7C03ab0b7751850000e535853d_0&from=BUD&lang=en&passengers=1&to=ATH&booking_token=HqYygXW-s5g5Wnuxkwou7TDi5jQQNPd59qtNgaLS7KZtjaybm7xV87YphQqIyPhTXFz_eVFxUP5maXR5GesGYl1H4WDCfC8l5M7tO8kzXIcg0UKiDKtELei2BieilAoN1BsUAA2TVYNvWq6L4EG9ZzTiknDnXFP76IFPRI-gVN-OqH0FXguzRRpn9dI_q05JNQAPJpjtF3hnFOXws9qTbi-R6THsHxwp-5nx0FwmVf5z5vttkLd61MFIlhZJgjJm2MQFtn0G-ege0_p9M7ItGDVOkCAMHGDh1zRWSCP6heMekRq6CtWZyEZa6rUuo8CBNNBzEXqgUmu7K4fM3xB7okfC2ILO_Y04V53_Y1M5utTolPn1yrO-PwBiNLH9SAqNAkdVq3yqmaMB3_9TejlOEY374rpdJn6d69BpfwVpzCcmxG_g4_ac4KpzNTKKyJfS7ec6MAWB50V4ftTaUr8qRL3qj4CRJu-qYpcZO4rNd0S5AmVUb5koPVm1RywC89qr5ti_qGkXn8I49K3yYQwKhwZq_kBipKLTcjo_aN2UIxzXIZJM5S7N9koWPM46bhSUsZ-DviclxsIivML7dzWbkY6qerZ1z5SFJfDt2NPxI0Sedk9cB_c0Bkmae1TCKciuuHtm3VeQWim3N0n7v9QW2XZT5VCaxkA298KFzpCH8TgxmrReSHCkd8O-TakNdcAf3Hcz74oD1HF9JSYuzDs1wLcNb5tKU4MPLXREjS5-C7T6oEEhvIgdZjf-LrIKePxRkqNsfw4SqPEW5hXUxZQAlY3aFtUlc3pv-USYNs2io8_nsLRJH8-3sjkn7Gd65EWbg3aWZwZLox0TNOqZY16yNQfjI5W76uiYpx3cIKi6IsHHxlJgvm0uz0AyN7_2aqUUs2Savv6k2VuCRso_umoDEAUoikrlR1XzJAdGKhHADLN15P7_8puZWnffcy4GqG0phYTd28iVTikDS1DIv2OB23qbpEMLLjhSWy3dV3MedIWZ9BFTd2YE9dIt02DF5oZk5GtfxnAXUwkcqastK0_rjg97wRHx4Igw_KpNz34iQwlUM8NJw0eixlAYecAGKV3USUO8_gwCh_qKHT2gp3m9MIypQwGpzAbeZnKcWbjl64FSywjReID3hCBApyaAaqU5u
Athens,19026,5,Greece,2027-02-15,Monday,06:15:00,reggel,2027-02-20,Saturday,21:45:00,este,0,0,ATH,https://www.kiwi.com/deep?affilid=mihalymisroriflights&currency=HUF&flightsId=0b7703ab5180000004098bf4_0%7C03ab0b7751850000e535853d_0&from=BUD&lang=en&passengers=1&to=ATH&booking_token=Hw6TBZmFrH0aLabCye_IkzKz4G8CSEVyUA26HntL_PBtVGyLwUzEyogEMCGnxs6EcsKcV9TgPPgMAvZcCtxt_09F5dm0IASocTsAgwe6XKKD5iqLPr8ru4cktsX_hivNgUiiTzYqEJeQudYi2LAE6v0SXGt1XV3-D_le4e8yaX4NiusNmWEOR5VLqX-7eWtwXQ6dp4fZkj_DAi2AokCrF5AsbtXujFkd2a-iLL8MFjhEsFTDeLzNOGfO_rqFUKOuaQ3AsbqjSW8rS6hHMm6FCsFHed-vL_G83pcoMErN5IIQWK7zb12YxFtGGyJzRdPXu97t0Go484Au2Y77xauW8wfhRobWBbZ9YVaMtfzSejJL51X0FwAvYht8NlXyl_Iek67ir55nzaqOR7a8aUhaPJCT2DtfgF4wR-6HwfsByoQUy9o0BGqjSZdKKF2NtA7OQ8WvP6fAvjBTAst5pxoldrmS_K-azwby_EaAPO2r0JjLOTq8SHW-qqxo6GxfgHNkOUTZLISNnijI_kzwYtBv3_Mq94-2Tt2n3_k-l0sTBcJZdXV7ALcbSJiv1d7AXLHD_hQEVjJK4WmExtRNuJfAmbzmxNNMNNFr57bJQ9kD0iRlBTGiEwyoXc51pIMEkwt8UYkLO8dVHJnW-sxWYE-iBpk_nME6rVbpoIBZuRdAzbHs0W1a62kbBnAe8ZRC_hj3YG9-AoFmGp-UAK4g1sO_v0Z7nbw3NGprpI-lkeOv0SM86SRxx3uC5vYapZ1KOY6WN69r3bhJde0RHLLVZJnsklyp-xYuDkBtH4pGybyo2oiUQpkK5sXiwXxeiB3dZp4Z2UW389PjEOEkieUhcdSEfZJuqNQpARyP4QDl0CpWvTxCORgQ3DExcnzqbQbdN4iGZBt-A9_cKrbF2XVRhNcQ4QTBDN-IsBwGV8rvyPjJbQQgT82WAQ20A5O5_1uk1XPZpCLuK6aHXnSL00XoFnHQxBH8U_J0wn69VRmC4AqO1zFoCajCE9Oj3jSfxxyLOEFNZHk0_UetMjTi8wStyQYdPwN8BAIWO4QTWj3akrxEzWcqOFyQSR8gHP7qI861f_yvoIh99B4vKL3ZkvoGldVEN4cp06VB5ede2CXrJacBvRCDifL1KcfhRjxK7sBYpRY8efO65wbk7G5xyM3vQG8UblQ==
Athens,19033,2,Greece,2027-01-14,Thursday,06:15:00,reggel,2027-01-16,Saturday,21:45:00,este,0,0,ATH,https://www.kiwi.com/deep?affilid=mihalymisroriflights&currency=HUF&flightsId=0b7703ab516000000815af09_0%7C03ab0b7751620000144fa5f7_0&from=BUD&lang=en&passengers=1&to=ATH&booking_token=HbiVHAAnaPTflcq6LyT4mjdNKBYVeE1ZMcyBYwMSHgeOYs6A9fxD7np1GikaA0IlBVEqnudGdN-DvrfOMEgpqf4qzPXaG9bNS_24-kYxqcWpBnRpkn1EN7Rb323Ag4SERSI5s_x6KcfN5CSlsplJVGX9h6aBTFA7tn_wRpQuRhl9f-9WCicc4yBMKNxwjjEnCk5EkvO-aQzHk79nU6WqQzOeGK9-kT8y0eGrKeNIptLYh1tLfPAWthiHxWomzRaBAvC7Cjou00oG_ZdJ9BbbNEPxU1TBUJeFwBCEIcwFTyHg__-adriyIoA6SP6BtSZuQ9Ntwqatb03My9SdQOpYbQI8k635vrRxps2LMAIzcbsTjeTGtDQTnRZVuLMTOCoW4pFoJB7GdSbwNQMkg0OYtwxtbUwwuVPhVPPMKDcRhIr8ZHlHwvGeu0CcltgRIHllZjRnyCkw-9ilWoXptd0f4hU_TQkS3tU1b3-kNxu7smENddKCJABFvTgAtDCVbT855nBiL_mrzHwneR0qVOBzeIzZGV0sN17FRLYL57PF1AjznJwDQAvZj_KEU9JDmj1HEKy8MEG0Nxes_HSt61RI16ogWVccZJ1Urm8KooQb-oWs_5_Ur2lC5mVeazl-OnyBUdzniDJwRIpd3VbGrm5TlhvXXffj6n07cybe5c6hXFOoMj42IiDKaBJ2oDyuONbzmrVsizZPpAOTNNmzsha50P5_RQXqt6nvbJaifPvu90JAX1cyRfbwaugUvKcbwMyV8HOZ-VvkcPkdZOieplt91KwKm4g4Rg2NTECFcOvKmPfHaYP_WjQAAdbydQsmjbQCVKxAINAf6wqyiIgtyVNu0Au-48VYaoy5JD7Wo2B5633ZY_5lcO7-9dr-D7tnau0Vcj_A4flS2DgRjiVrwqB8Qv5WV5Qn10-7n3-nXqDf8FoaMdMm1yU7kd4_-RiNzMxwDlTs8F4ohwro6EqJkauudstevNhcqTqf-GzkegLElloPlXZCPaaDsf5XUhjaMpdHKvF3jyqk50mk0__uenfcf5PdWaTveonSYyfClBxNCOi_S1OR7gQ7oaSpuCnCN_UEjX-1lvR7t_nR1JIcSsaoBov98T3JvQkoFvIfdCe2s8jaFrd5CuZjewu5UMVcRfgvDBdd8za6BbNLfGLS7JWl4Jg==
Bari,19087,7,Italy,2026-11-14,Saturday,13:15:00,napközben,2026-11-21,Saturday,15:20:00,napközben,0,0,BRI,https://www.kiwi.com/deep?affilid=mihalymisroriflights&currency=HUF&flightsId=0b771f3451230000e26be689_0%7C1f340b77512a0000c68d201e_0&from=BUD&lang=en&passengers=1&to=BRI&booking_token=Hqb6jAz_1g9Ue8zsfvP_C1Z62fNpGzn7exmUx7uHz4z1sJB80J3zLxOExDtWL8RE5iIhOFoMJslU99PC9hQHd1jJt1ZLt4vS0gV13fwj5qZs8ntWTrIEiFU3ynptTbVbScAFxwfj7Ppnf_dwe1ciaO0K29-lDEBr3t5ZpOtQCGyU68GS_XLz8URck5legTZLj2A7Eht_FwsO3JA5fNK4JXEQk0IFiCOGgV5VCMVCzdbAG8-ksnyiGvAYLCZ_aayCEDEWAhf7kK6HfnnCq2VxVsk0ZHK_DIwycTlYArtYYUnKN2BctErLHn-zQ-4iK4kp6VunVjc5nE-0SRFkQWQK0emSX6bg4FZvp7LRjP38SRvy3eF5M3SC7Q76PIa-Fak-B0X3kp4BVHkiM_O6gOStB8xbjNvHkJc-FKTf2sx-0-r1YcX0HyHbtDn5oj2hTgXkTctAFkkRV2V5MJDEoVRhIktybXygg_r2sXD6ji2jC4R-PA225nOWCmlojmvaeQtpFOENM1nYpBymqXIOKisuOnoWwfGxW_RW_BNj8m-MrKe2dv64ZlC2KlYNf0fALh67qFWj-l8GnB9wCU0ScfwwdCV1g_-IMgTSXwP7vmdBUw7-neWewIi5vOuwDtjku7Sz7GlZuttj95DfBVU4dTbO2ILW5kyCo3z0TKB4enpqNjIkcBjsPzfNiPEe_zmrZLWjD1ua1IN5TPwtsjxcKdiaQe6AJyQ-SdzNJnBHx6h9p5gWwD6QGmuP14TlbAQ5CzjAOh70xeI62AqLR-20XrjekFlSuuLxGuaK_vfwE9x0y2CLHxMqEol7Wyti1olg9BDvhBIWtUHV-JBh6lmyBZRq6JKMGaiffHAHHiGMU-yFGv-t8EGKXPbvd0Ah1zVT8URHjlHi07NNNxlhw1wQjO3ERTcxCQ5Oi6A97P6_MhrZjNUMgssGpi4E8MGhTb2KJHmmTNf2E4bBEmyaWOSxwM67WKH0GUO2Rb34Rp_ZnB9qztWwWVi8-0bMXGe-qEX0S3FLjSzl1mZ7I04guvT0s7SEu8uiUJerJo8ap6ItzgI2PGGE-Qf2Uzfutsu-CPa_1fn6RCCq3u2UVXYHXwZdOuWRfqv5vmxYv929FQGnPpU4TsoXK9i8ATrYbtbLpa7D3nTMb4PJjhapneUxhx21-C1zXYw==
Bari,19105,5,Italy,2027-01-18,Monday,13:15:00,napközben,2027-01-23,Saturday,15:20:00,napközben,0,0,BRI,https://www.kiwi.com/deep?affilid=mihalymisroriflights&currency=HUF&flightsId=0b771f3451640000d9ac915b_0%7C1f340b7751690000991016b1_0&from=BUD&lang=en&passengers=1&to=BRI&booking_token=H2LzG2qd3cYqXvWJE2Gm5N5UEtwj312KiGj1d_3ZvFDpBRUQ9CpEx500EYQjxRmfOu25S20VAFTKsO1BwESD5GhxJPOakfH6WrFPqyVkiE_KF-NufMTcI118ULo1YQ94sNkXSNC9QEW-EX90JmQdc2FF1pExja08Cec09hQUyqrrLbd0XlVudNvqsdcsZeAtt9qeK9bFe5NInBiMFMTzPom59IcboZDXQsLbp5gIFSXktjwckqYLdvhIjWfeMpXwU45MShmF6qttI7Iy58zVUOtibFoGiEplj3h3fOynyhRwNCL8G81OG5y2oB4-fCoEp6tJtIknkFd38LH5eEply7fIgovuqh6fhwxIy4reNDkj1FT3gcrG0JV56pJ2h1nsVaP24ES_xcNmrMG9hUBU5L4Vm8ioBnJLMHh_B9qH2wH8AryOkk20aOIQXMqlR5QkAYw27QI8495suWsq-7um03NCLKZFwky6boTItdhQ8yLJt-QJ0QRF5jHM0NIXWj9drN4_nV1H65UvR8fbK9S_mYPAUAg7NaGeXlNqst8LSuJyuOml2U5_pCMtPLG5iNtwKc4AihXceIi2YvzVmmvQ708spnCN0QmKgsr7FXVGmKvCNvkH4BmLW6ewXcNi1mKClp3CH6Jy1_L5Dhm19O5grP5QrFR2jomcEW7u_JIVROy6p-WebNuLaeTRXF2gl5Fn-GjwEbUmjJUBPQ9f_j1V7UIIItec7HnlwG2r_qJVqI3gPK1gNHZ2jLu-6Yxg5iC5n5xQb6mGja4U5aLJbJ5sBfzaPb0ZRzHkWQ8h83H76YlHjB_cTCZdI1XbqsgHyhBynk67KcErI9kqxnMpYlVS92S3G8hwI9_Ujsqh1K5ILmJp6opQ8210QkdLfMBZ4xug8_p_yjcz4zdExMiVkH2cnTGwswe_NS117lGV8mXTNJrBudePi05A83cbreDgzBHS468REJcV9hSppq9mw2IuKraS9BmxYXBkaWPJn1WhesfrEuDqJYaL6egTlBr165RQ_zAAs54vsdlJD5IBXUDoq_2YRAWckDmG0GnfhJwRCKP_OSf8JX0nbQE5ifD_RtNW0ouSBD8D3ezb9CHq3aRfN09_eum57pnCWeYkEqQMe4ObM5SbHVArPqLnV26DOqFySUxf4Uvx71i-IcAQvwnwffw==
Bari,19117,1,Italy,2026-11-13,Friday,13:15:00,napközben,2026-11-14,Saturday,15:20:00,napközben,0,0,BRI,https://www.kiwi.com/deep?affilid=mihalymisroriflights&currency=HUF&flightsId=0b771f3451220000f2c0c665_0%7C1f340b7751230000dad1f123_0&from=BUD&lang=en&passengers=1&to=BRI&booking_token=H_jYKyWj6maAOs3ZaiqQuZPgGeqgkrTWd3T2NcW2Msaxtolsv_ldaOG032_BMxLBw7jyvYsGQECTIHn5SrhuAJJ1F0GwByYaO_Au_ioaaAaG8L0R4cd2Vdr7Pi5qlOll8Xigtwy7-W0BRtEG4HHMel7-EEKw_QonOzpDf8DHrIx2Fku4h9WgsuXNH61czyMPnS4lAcn7u2ehaE_pxW30sxa3IFHhdkq7y5xzCVGJSMJahA_44W7sGKbESVClXoB-wrKhjmEhYS3JLBtHbGFeTornougmtfV-6SM9ezSWM5pYVrQGaHgRTJQczt7jdwNH18SmJ545L9MUuMbd22RmGA6nJ_emy_lps1c2fV6BVeVcdyILr9_3Y_IPQS4wb-Wr77U0wIS-l01qPDJUI8LfBreIY6I9okfg2WJjUJfMm2fCSc61xgAuXpLlxFByA6CkzrtO6x-6Q5en0U7SCDahjbCN6RfhF4-vhLslpgZHQuAO3ovD80xfValzW6R9SWnmd7aPPXzQV0UrsLPPE_cbnN9VQXVTfbB-ThHHyb2DJgYP3q3wV7byuO0PW6m08Z8GoIQOAGsRquJlStAShfiJZTDmPK3S9jhMv4F8aSEq5KpKlmNc9trImhHx_JRS44OIs4BZtRfg4OwIC8xldPDQod13Y49Hv3NcgNzws82QPti0gvJAr_62uHs-g8mKdmJnyrWKf0EjcXCuSvhcRYmHM3dTHiJlUjswRJdrzfQNBqbPxXptiJ-Xm9EDVD4MxXup62jaHIkCjzFl7NA4cwqkJHoVpjFUKpnVzBrSl3qexZ_k_L5ZIrKTdlxcv2-qLwIvUpChaucsfp1kepvpEsTlP0mwuwVLFH-NbsSKvviM_p3gOXuCm2aNfb8RSH9ARsNUoSQzxcFc--7EFXr1qulnNu0BWK4hDTOM37hR7cp88ug-F7HW7o6wpb7TBNi9fOtrQLUps7c9lbdZwAJBh5FCwertdESPtHupo7GIh2tlHGg60bWxPrqf0doK_vo3zN7GAjg-90HSsE96Ut0yk9kR14g5Ge5Asy9_lG3-7HHgF1SQTHXi0c6Q3hvq6r48Lzs6qdkeckGrBJwYptAKQv9GAPGM7Fla7dbWLVnxDEWnIbIV56Lpkmb_vkqTFBNXbmTtNJ5-O44DQ4IE4SH2eqCoCc2Dms4eA6xx9XiIH_mDjHrw=
Lamezia Terme,19411,7,Italy,2026-10-13,Tuesday,11:15:00,napközben,2026-10-20,Tuesday,13:40:00,napközben,0,0,SUF,https://www.kiwi.com/deep?affilid=mihalymisroriflights&currency=HUF&flightsId=0b7715e4510300006160a972_0%7C15e40b77510a0000272b5822_0&from=BUD&lang=en&passengers=1&to=SUF&booking_token=H0ZpHBJYXDbW4IRsg_7axaTt3Wg3hl_H6cJhZzhjmb2B-aNvVz5PP9gA_p0xDai3HJ8bRzHlHtSYGaRhVarKvrJ2sfSsqDX41OOBS1jMtLI4llaZKIPejkVdAg3qpihZE54VOnOW5-p7mgf_Vf6NpOde-Pjeo1Z2kInApXD33VOPIqHWv66sFh6LNIrCaGhPAE7g8Xfg6rGybov-kYTVS5IviopVtD_s2lR0TfxlrOT4FTsWgG6QOiZ8UKkfhjeRenW20_C6pK3m5A6yMm5iOLt9-8JC2Pxp3Kdh1fQYQFgrxI_TqTMyCVYiHQZBqpnjrCyo1lpa7qIt7xH-PxUNGYlA7DO40mCx5a8m_uiLKolVTnQZXmmZg0_4eid5JU2DpjuRRRGFjm6leBpgpi1edywL0WdGaQtolsj3_wvGV_sDG2a_28Y8xhaKrNH8MHz1xmU4hkvzi5KS4DmO3tJb0tHdqvt8VYAHErF2uWnd9TdDYNFYqfMU881bRc2hSPihLvB0awGQXoq8PZuzg6OlgXfQE-WkVTM-sBUHcQUMP8qNi8Tu-25kWEfSZqoZkhqPeDWJkthij7nKQnGhAAt-TWdwyj7dKpXwVCBEceFvxEQBBMvxitFA3KI5rBbdLRpcTojIDECiUAgwFHzozsoZVUF05OO-_s7fZe48nAdCjlnSCJbS2n8MbnAH6lSzDjfQi7zLGv5bZBIKWLnkr_B2zAnHRqd_tJuiM9UcykHluXZXjnapfIIotNltIVVWz4AVxgDS2Oj4ztPNzFvcJ5IS9Vxbp14f2R19ufBgXEpO7kbffhHjY2UVLFfRmJ_mChWHFtjz_AEGZAb9zWyGkpffMnF0CTvIH-k_kZ2n9jLdUZvxCFweDTMhe9u8t6dvy-E3hnN99h8z-jESLU5mL7ST8qRBHJV55PGDK9QJ5oqOnfhjHauDhjEDs0MEhnT-R0jhr2aQkoc0CSu_JPsvFrt-uCpUMTX3B5DJ96ilR9K4FkaEsr0fA8armRDYn3Yahld6mr9Yjy01YLNstcPfHBJwxmzhjyK7_IQiXCL0orafn35SPxaE6X464MiRewV1CaDj9hMWMdLe3ZJJsWr_z35OM2WpznopWvWSJZsm63nYczQ3Pt3V-NqfTUaTvjEQ_V04cpySzJBjApEpQeRDqTUHgRFhycLgeOXf39dInEaB0bG8=
Lamezia Terme,20103,4,Italy,2026-10-13,Tuesday,11:15:00,napközben,2026-10-17,Saturday,21:40:00,este,0,0,SUF,https://www.kiwi.com/deep?affilid=mihalymisroriflights&currency=HUF&flightsId=0b7715e4510300006160a972_0%7C15e40b77510700009d54092a_0&from=BUD&lang=en&passengers=1&to=SUF&booking_token=HV3RrKS2DFYGq96-qmyH76riVi68O_iiC0EhOn_elJvSk88MugwMbQ3zO5-qUzUwOCXxZozA8kLmgQCJbq_PwYY0rwb9DevOcJASD1k-Vg9VzhJqs_i__rRD-9v6QNa-h_Z05m_MctB7rtPbU1gnPZcknRGmAC_kuyuZGZPrinbv7Lh39uYx_kdou6gUOuflIaak8yMIvxsxQ0r7C8oiD9wdtK7dlpGujmIGSHEiiIoRc6IMMs84j48IO6-eSlehgypILnUEDR2SE_bxCpRcEn_KXoVR_Ow3X701xPrzIliUXmXMyQ9Y9eXAwqkE-NNaXGfASlNIjzhjhPEJY9aJWQpW8VsY6A_YY2i6jRnR9C8U3_LS05f6jjF0F_MrWA2Z9P8aSuG_RVF3lqCe0NJE1VzUsWYZ7jusWma6PsqydKZAbLvMwabycN43Q1daPm8HpucBwcxesOPbyVjxSbuE5dohhumSiYxoEZwtAiKyZptWzQsBSa-fHH8F5zlyFir0CF8QJRB5tu6ToqTj4VBo-vltevbo8v8rwNQ0pNb-bTe5OPreGItE-lKMeIiLLNJ1v0nQOaW0TW4w6d9pTc9gMRZ2Bzspm7vShY8n9VzWBbSj9IGQU6SmpnUOehQnXa3dUhsuRjWf-Bt-h7OUTBrqd8iWkd0mod6k_I_0Ws5qidDB74OrwdFYAiNekBclqb5QuA8FPNHCBjVmNIUYesR8l5s2Up7DsxGbetTeVxJav4axWm2lVCFIbi8SKMdYv3MIGTnELumAxAtdVlVt0WV_btI2CZgun0WW_vnW_sQZQ23mK3RjHIpKDxFF6pgqQw2tRS8SvltZNu0zhT5P7-qb4XCnTKKDcY7l53B-YtOjC6eIYyY7xgGXNKPBRVfBL-l7-0PRVBBpPEK-0a52UdzJIdwrH0eCuBZxrw1q749nxTLpwE9MXE7E0buiU3qHTXcHpJf2U7EXHT7r9e4FT02yiqkrKWPA13a-C_OhdfnDkfJPDAydimoT76ZyJI0ptiXtu7mRosoh9NaAFpfcBBO4H9R0QRegpwdtYDy3HqMI48RN7tanOHr9vgYBeS4yx5btggzPp4_0XYu8xxdnNCbBgLLizvz0zrnB39KjnxZzKWmgi0uevtjxrV020kdt_VUIwvd583wvMo_wgYNgxJHcleHkvo3RGyuaQ81RAsez85ok=
London,20443,5,United Kingdom,2026-11-12,Thursday,17:30:00,este,2026-11-17,Tuesday,20:00:00,este,0,0,LTN,https://www.kiwi.com/deep?affilid=mihalymisroriflights&currency=HUF&flightsId=0b7718ff51210000f2b4621a_0%7C18ff0b7751260000afb1e2f2_0&from=BUD&lang=en&passengers=1&to=LTN&booking_token=HYwzJNZrrh-zHUjN_QIL3wKh1O5AbF2GaH5ToRoDkyuhgR3rHB3iRKTkORLhisOtiOeFvqOL-QZfOvlnxeZUGPhFCky-nbZXnANoasIuG9kra5aV8pggTClH9b6z1fEK8ozAeNlJ-R3zeAgNrVpVSsvKtMjeQuM4KFifBaKOudIaxK0pm7rNiFqm8Pxl5CKXfMAPJp47o-9Cc9JeOvK02HDN_ATaqft334NPOD60Z4443BqGafjkhJzl5T49zCGkbs0P0qFMN-jMRF3Oo6ckmVf0F2QhWVmTy4XuZiHd_tRrXSXyny_n9gQa3V7Igz4LkCtDaHibAdrByKOYvtHVWr6wsQTnvyedjELk-GRNQ7UfKq0m6gI0UxWmHRrD7_mV_CXG67UI9qLet_omotqxEigIjwLmGnwytReHhVICBtI-3kihemYU6ZDpXz9QBcN93EjXnR2KfBMVXiRYrQ7DLGFFGCzLA2jWbXOJgpsCygjuFQvCEPfI-zWhl51NVhqCO8WVp9PkqHT0CYlId0DCv9G1OVC7fGUF4I4XId7aq1WN5JrFaetmqD3XeJQ5OvtxXULrE22VzTpzsD2VtTNAOp0UDqZ3GC9uKtSvbgwHyO3EWSmdAL9PCO7rI_rVskSUtycv9cUuP4B63K_t2DfDgDXr_tLoGwru0nygLoY9_o8rdePS4cAz5rOhWj0EvkKIzoeFV5kL0kwpfXuRrDlg9LN5lmGngLS9ltvHl8soK4uDFWxMGiZht4NiMYNsjvASj6pQtqs6nAXyctBv5z-HuOLmgnI4WyQCUd4u4V7_r0BJ1oVp9qil9uNlFnd9ibjmecDqv-GROm0bd2D0i-GpQsz5zHw1mzDHFk5rlpDuH5OHQkekuAQYQbRL1FdYK60WhcNdyLL5f7FW-UqE1mugQEIHr_f4reHlKNI-6lvc2S3EKSzoquY1Ufvax_Qhd7b8jtOE3V4x8bXrw9apQyO0oTjqM9cYrgiLPrRx1f5ZeZHlAOxmeEPtK1fo2nO5sx88F6ymiRKfAVe0GkCajT1o4XfuPfZzWJFJdw8TyysAZvXizTt3U1mG5phXc-Qbhk2j7gpaaSmeNm_8G8F5HrF1-VBa6zkZp_k5znTAjcCjADwAb34mbpkxP94DlLNdJyu6uWGBXUGclr7yUhRlZgDbYjA==
London,20443,5,United Kingdom,2026-11-12,Thursday,17:30:00,este,2026-11-17,Tuesday,08:30:00,reggel,0,0,LTN,https://www.kiwi.com/deep?affilid=mihalymisroriflights&currency=HUF&flightsId=0b7718ff51210000f2b4621a_0%7C18ff0b7751260000a8dc26eb_0&from=BUD&lang=en&passengers=1&to=LTN&booking_token=H6Lf7-q6qv3rBhJpT9OdPdhCyZL_9dVpgv4mPHXu5tXZNpaCdXofhVB06ZdxKk2FM0byaLIp0_Nzdr5ojO8PpZcO4oXlGiAWAbHSdMhDKgn2ZaYvjsKHK60d9_nebk-HINoVqaRlblzjI6v15GYaJYTZRXq5lh4SL3Krn2VbjLT0Z7uYqhffd_Rc9M0TX-wYtrVKkKnEQPWHoTPS80tbZTX5V1o7ceokObEN-MpXU24oX6JWiaGJrkhxDP_h_DWcj_DPfg5j66yi_OyMbUGuPVAaXKv3aXTqaLxfbe1l-N3ck53TuGFjMy94jNcRNsYvifGRHSC1XrlQ8ZFcybWrAhp7gJsPqOi8I4nrmN3qKWTPqPCg4ej3ds4sTBPcfb8lkaWYZHWU-xiriBKlYAaUX0MLC1RVLUG41fz5DVEyCgoypxPn4AESdN4MY4EL5iXrVA_eosXFgruTxONJF-OnsYMKfx-bmNhWakwvgyQ4No-WR-k8mAkpF7FZ1FlggwnrNfbEEI-NHMZZkTGlYL3leaFa9CefQjcRneQQzqFyuA1kdKi1iS2RZb2rNwzOKpBVUOgXFnlmMwWhdQMUr7uOLXfKMD4JtDp2UKKMMT2J-G-N96pMolPha9bk1hE0ZzheMF8ip06DPYruCuia4oxNQFByhMGmXgmq_OCsSFKgr7Il5ANNJvfot8lkXgDHZlen2Nmo9whX8ZtJe-ubRJbCUlNP2KCL543iGrxA51uudl9FxArcaBFLa6qHf0KvJ2EGNqzBiwqRS5jeh_t3WpDUUXg74htUak5HpaY11l3v7yxGZkv4kLk259jU1c59FaSkAoNfqsdJdenVU77MEmSqXJWZ__1nFteJ_G-G6oWVtrxhvZhWjNvGR9SBeefa2TYs4jh0fOh4GN2oplOd4LSOLu26rB0zwiMLNQM8zsckF0PfROXYJfIfyA-CKGhH-RTuYlpMQ9rrI9kLKbm5q6fct8h9T-BKyQcuxt8sx-wWvg9avIiVYnNrrOGQBuhKASQZexcnyg1ZrOo_dhL9wom0BiVgQSlY6x_LPLvoCa0NvRtzYWI7VlAgxbVV6R7kSkF7piUGsNrLPuAq1_OGsSh7wMROWjPFX9HEVIaIfOz5Bq2y-CJEygmxODKMR5KhHQ_Vwx9pYi1_HWfhyHjhuW1oGrQ==
London,20443,5,United Kingdom,2026-11-12,Thursday,12:50:00,napközben,2026-11-17,Tuesday,08:30:00,reggel,0,0,LTN,https://www.kiwi.com/deep?affilid=mihalymisroriflights&currency=HUF&flightsId=0b7718ff512100001bd7c72f_0%7C18ff0b7751260000a8dc26eb_0&from=BUD&lang=en&passengers=1&to=LTN&booking_token=Hxhvpbjw30KLGgQT-3XZ8cmfDWR9OpauUduztTCf4ngr9GOtRUXrUO7TupMUoK5TDDs33vALBjPOifF_q8mTLUKWYtNhCfs9rQAKq8mYfkwoZUUGThd6030T9qGrXSaVbwXEO1g4WwWAsdcSs_qNTrIFm6s6s_O2gnbIEP4tBGbwQRXMRLPhzTQt1wFmmO-EnlG9V0htzbVLJVKjq_mPBZcPVIscp3Fvtn-6_YUtzu52zls6z2kaPhShRBoFrlluAJNQopsiUp88rCMBtuEuwNhTWrRk16IbGTJ_c7v5tFMjFtuEO_ERvHKErLapOgWCA5FiM5jypabiZXRWNvU0ox0uWEGtoSk144xvFjFPJWmgUmunv5AFG-KxpnDVpPBb4yNt2FwTn9BLbuhDePTUQyOKhU9nxjr9TIkdPuNhATGvdZUR1u29TZbeuyjV3FNgBlJKL7hru8h7R__ePPGgyMv37tE2zOZS7k4mDqRKyXevt-FywklX4BMZMe6qso72wITjxlPcWqNVTLms8StTy6rlDVBfreMNE2CYLcYByse0wmDao62W7Z4hqnttaVoyCyt5Ml_RgoRE9HxDqkyviAgMVxDbVBOaPBmnKKitwy3xC-w2dVvNnnG2ztsaWwRy64A1Q6Lte1JmVCgtyQnsoXzPgXfCA-D_E_brcAjGMOL0Xhwlu8GJ8RsshKYOlJQdKJjw74wbtrs1qW2yUMzr_O5Bnre6ef7c5OYGajfhVWQQjZSwQV6q4ka3X1qdLC7sTm7EuGwxCjUnapfvZf5QFAsPYJQwRyLfueq-yvhPcGn4x6L2CS6LvEc8nhF2mZSkmiPBfLH9GhLVH4aRjPdQ2NB53KNAZCA8u08Rw55on48qPzz5gCs-fLmVo1mH86gTFVn-W-5-qIkydqbCxneXQq4QJ8iNwga9AJ_pyYuXCI0fxlbMkXQYWvYVnD-URQJ5ntn8OS2XDK7mopuEy2YNaNBdZsKnPLaCUnM_2hO4RhgT7pV1cXPtCN4pSqYL4QRCjn5u4CHJg3HbTBHX71WuZrJeR2QnXBF3NP4nYlLon1jxNKTenRKLT89Incp2pKdu2Z5lZxRQQqEadnkX0-evhyzqz1PXMrK8-pq2C77bt43SPllzVzpAubLlYGeRmnKIC
Basel,20594,6,Switzerland,2026-12-25,Friday,06:45:00,reggel,2026-12-31,Thursday,20:10:00,este,0,0,BSL,https://www.kiwi.com/deep?affilid=mihalymisroriflights&currency=HUF&flightsId=0b770cb5514c0000ab35fec5_0%7C0cb50b775152000014416524_0&from=BUD&lang=en&passengers=1&to=BSL&booking_token=HOSZ9ux2frJx35wPhVl-yI2NDqjczckzGiC6pz52piKd37k069QcDoJwWnmlDHVt_VTF_2YhtU_ZTwhmbVXoDXURDEiMC8tMmwnv-2kCmgUuqqWHuUcumhiuBiREucFFFSTrIziD7zx5I6pywYHqPTplO3lKO9qLYLbV8wDbRSGngreRs7t-Nz7v-1XFoLfjCZkeH9MP6X6OeBthJchnlKakgZXpvub15x4fzx1697KD6NVL-V7OICVbvdZMkBbEwYLD6T6iV2f9Gl3QduXDhbnr4HVg9F98cpLi-9N42DH1u96Rf1fsVlZ3lPLC5E-YnmlgA7xxVuTR8vcB_KP53q0YQgPRgC7wRoTF3_jjuVeP7O_eQkYGEWG3tAiDklRMcGWeKK5aQaCjrbRJ4l0EJPbXIN04Xeq8X5-PuGKWga_RLuxBiEMesjpzUpnJAl0SNX5HYg6VxHYo-0PpaRf_vqrXbkFeQuomZsQaii3XKCkcTb96XtYlFOX8T9wruY5tfCA4mVb370DquD4fD18QkPz-m9NP_7PjbqgevCWFv1K_rKAsquXYIe6apNfyd0qMk2XGCivRuZHO5hw9qyxJ_rxiPdJaThtubSUs7-9UcjQZTzkauFYiAQUf4AjCq3o4As6EwVNdxQbsB5W1kQU0MLOo5B_7PAPF-h9xOe1Z6oFmksWXx0nn9_UGsB5QdGH-lYTi_emFbq6E0DIwsdjaWx3G3ZqkHvCKEqZx86NH8b34dOGfYTQDLjxGF-UJNFp_L4Al843-sr6ARWWPG51TFzJlzJLlYXIbqNVpeR9927oJxoQ42-fxYXRwAZ9Qn7bKdJMoCBl-o8N2lXTCQ3L3BvZ9lYPD1AWarwwxzaazdDEtkNyqI3sQvrTs-WhPB4KSNEoAK5l4RvysSL7h_lVvlYx0aCQVUgJH9Db1ku9MzN9-II53SVoKdwdlwKWNLc723tePju5Yf-kKu_uOcv22NxBcSwjQQEpwJOIuDwzfxlXwwhOHe5B8g7akfqxsFLDXqeMyrnjVHIN1Q_stUdsI-nll_lOEvvvE9DtW7dXzSzzAGoLWqGIRTngEzJHtp04hJTnocqd_fyNsGD_xMqDaiuD6SXV55JrEsc889kojTqZSpCXJdrUIhz2PB5Sj8FZ1f_l1Oq6GYkUDV-5Bce5iJ72MnYxt5Zu4U5Lt_4GEnyBA=
Basel,20594,5,Switzerland,2026-12-26,Saturday,06:45:00,reggel,2026-12-31,Thursday,20:10:00,este,0,0,BSL,https://www.kiwi.com/deep?affilid=mihalymisroriflights&currency=HUF&flightsId=0b770cb5514d00000642aa7d_0%7C0cb50b775152000014416524_0&from=BUD&lang=en&passengers=1&to=BSL&booking_token=HZsvsSWf7sfmMNEvMU8SrRs1AKJz7DMvVK0ulUGgfe6z61D8JUku0lOCitE9s4NbKIV3FgJUq4FaRQUrAW4iE9DncIexB3xVG3QE8sluLZZa4SbT1pIiK_FDBKV5YNEgnfu9RZoiomtyEbQvZI4x7Jn_YRHQ2C3s7n3NKil_9kAOELPbq1jnMPC20MSpM-kI1Tz-eaepngmAiE2_saY8QEbE8KT_ZAAg4hmCHi3yxLAUlh7STHuUI7jTPeLv6ddLb52EeTvxZrkYLIUHUeMvm3QTnFoJwW-emp5OsyCU1TZ2kSI_JorIqfcShkJPZia1_ehrkFclsHoa2LG8HK2uClgjT_WXekmCN5_tgEEPyk345XIgmOnICKMRWDtnnp9gN1ZKuH4pFCVRZq2F0-17GIEO0jN2Qvdtdhc_oCcPIjaP18qzNR2xAi7S4vGjWrX76WVw5rb7zcJHR5vYqbU4KtpFnjhjlAO8XTYyP3qegR0ngXBURLZnGXJYtxY9z2MhKVhEXaNBCVOn3NxdmH8SXfEa5dvfDhoh3TythG1pSRCsUDLSJV_9fNEitMyMVqMUnztM9jXa7vX4o5B3T_wacVZ_x669RSYrxAwa2_OvJPjoL_2JoUoxZYCPrn6wVKxOiZz1yXv7E1vswsZOn2HwsTym0Se4QWh6vf_x2O_bcDb2YQrFmf69wxf_foUQUsXwN5O5yGAsZ3L_vqHNHfbnE4eg9XoVj4RtyjPFvBzAx3WRKA4-oCkpuE5j0uIgvpg_TqgdC83CgzPVk3c0Z0lihTPeoGemHfHOPY_9AUyOehR3TM0qYSqoByGYSSJC2MXtdal_h71YQf-s13Fs3ovqLSAuM7xQkt0zz8TcIkqCyMP0f3aU1O7CO6edkyuPmj8O7i8EX3Ri21ihd-9be7EdbDIL_w1q6hTsFHuFeU_IsXn4eMOIPAHneu3tXJV9rJ_oeNN2W6NcCkU8m_6fd9Ic7mdilMWbPneGD5GSfqoScjLlpGcQYNvzU7jjbjOqB3EYxlf6jZ0shbJhOkR-fMhjj_rPSaaL5KcLUXb_smLMGTtYSIlUqja9Dz28Dc9CPgGf57VyTRHImwpjeNn0EMC1TahnZG3UwRUMJ_yjHqA-R4RHMzi_vlq9iHdcst7PdAqJBEWIT6ndtI_A7hPOX4ZwHWTMpC4OtMBA2sxK5qTxrZIIbz5C8Z0J4HQH8oegAeG5y
Madrid,20663,5,Spain,2026-12-04,Friday,15:45:00,napközben,2026-12-09,Wednesday,20:00:00,este,0,0,MAD,https://www.kiwi.com/deep?affilid=mihalymisroriflights&currency=HUF&flightsId=0b770a2251370000c10e17e9_0%7C0a220b77513c0000776b3a07_0&from=BUD&lang=en&passengers=1&to=MAD&booking_token=HecQirus4J4FQaaPMMJH6tql49aA7to6cmD1qH5JC2Jv3hV1kdWkkYFUfd4sNO9GHQgf2aTk-B2IoYz6t0sK_YccHIf5sepZv-iFAvzcDY5s_PV9PuBUwcZuhvcmHgRrH23I0jY7rmOgKI6003GjLqCEu4cgIA_nsTM9qMYclCqqihcBgZf1ZWgNWPDraiel1KIy-clysD91uyaVHoOswbU9n-16CnvR77rIE68szuhGEaYf81dgt2EVA8XdOM8fTI1UdIRcWrK9c0vZr_C9fy7XqnmFleZzesjbGWGrkpNvxTO4eLEBDGbUYVCgCyBOHB-MYE9WyEPiu4G8HdjV9gKjFI-WSGWascj0WIbjShEfJot-BlvpNQn1RMFe7wXYRvd2I_r0QUUyNTR8GgonYBBdPGM0SXhPFTVi0KWknyr9g-havZNzwifEy3mVFPPrkHR48WVMfaL0cFKj-404qYxLcXUmdqx17P7fyctJKYuGiEoJCdQj6c9TJ0mXpomiovlmCQ-pLi_y3WNheneV_Qj0nwDQwHeC_Q6DeiQSMAZjvhdNjSG-lOOh3OTgtib_yUgRjnaJoqLOavDMn0SqeG5lhjjXgGXzc-ODFZCJrlTy2iQWS3MdgZxV404tjpZg2fgVNh5YaAe5qBl5-y821fhJLwBfd7XDYCyt8iOygkLeudMqgXzlmC343DHFzt3QqT50yYmQxxQQhVE24ULFFXGygZxG-NsMuMUM_UX5VAxbUZjkdPKdyMxqhwVeNb89TX7yocxDMoG77Sm34361BDRg6RfMQB6f4IfARp-EG_10-2Qs9RSF6fjNn8YTigGtOU63sV2PetQGyQzVR3NfTY-ICyU-4RpJSb74WM5eFgkzBYhvYvL1l1Tg20AGI8V9cVSJLn9OYh72JpCqdh-_q5pZyuLGKQxo6HZ2RDEk4GOx8nKIsY3wuo8t3K0kcvHGvPeEiQ4J5OizT2IaFWXOXbJ1elD6HxZgdg6Uu7oHSTKREMQrGiM7kXVylBy_IvYUa0E6OvMNCUONIdr66baPhLlBErJMm88TQuIR5UU1Uf-mDvypptqqerqUEkWsTMr4cpFWCy8Y1umN4mzrePIfb7YlHEZbQZaTADJxo78IQg4UFigXPZMVOpFGy4_XPXlvgWWfAhGKB6H1ordFzwqws8w==
Bilbao,20679,3,Spain,2027-01-15,Friday,16:20:00,napközben,2027-01-18,Monday,20:05:00,este,0,0,BIO,https://www.kiwi.com/deep?affilid=mihalymisroriflights&currency=HUF&flightsId=0b770bce51610000f2ce8526_0%7C0bce0b775164000014ac4900_0&from=BUD&lang=en&passengers=1&to=BIO&booking_token=H580TJtPbNwW6rqGQq7IvucBHn9OKhUmAoaQ4FUH8vtV08cacVDnbHCnS_PAk7JjsVPT8KM3JQ0tcZoHSMcDC1AUZNyUZ12wh9fHih1n1Xhm0bWEos5L0QfzmiwCX6qBkfq2mNS66u9oZPI8N24NpHOFz1P_XIkgBTVtzSvpgxYszBVESHzQvvl_i2AfAPYSguweuZwRGB4FSgi13vLrXDFLcZ3x2eAKQGH7yyUUFbkVyAVVTOOuHhrJW17HIJHTSGKUdRP8hPLCXM6dc2fyFxsB7pQkOZDfHb7J1ZkLSbqhX9qDkkSHS020qHmu8P-CqRcTjMm9g05m8EZhUQwJdU1bd_BzhP-F-upejkzzyK8Wdw5MheEcC43A32iPeKaIcjlhT-EuQxsxoxKYx17m0JC_jjzgk8O2KQWYSNHk1jIwBOdqu73ETxbn7ccysS6YuzV-KJ8ZpURKJQsjc1Qufguj5BcoMFN7nyEYxvC0SO8bXHhaAn4DdaLVs6QtD34zy5IOGVzKv_jlR7aD8oXNEvLl6Z5qhZR2VggUFYemhMAcsRrhf5jYZTr4hW9Nh1ZTNja7MaEg4iusK499tTwyoX015-A3R_DedBzzp9uV3l8OkqSQcn7vEvHq1nQEjgIiCOZx2HgQCVOgi1BmFRaROAkYsvKX7shuza_1O6Q1x01vgaXy5SHLyw-kM9nU76ysaZmkUfj1MFbca3KaJ3_1ju0Rc8F4LdlNOiIkFQa9s1b4qKtDR4yUyBOEg-e8TodnJ9gTAQyQAPId8jozmNe7SG8U8TL_RDKRm_MBA-JKuT-Ffavkj28lZ0-lyYByTxCWuccfTQrf7FKCxhLKV6FUuJS-ErD0r1CDPRx-N4y8eOZa6r_CqmRD3sbA1LgdpoqmxBjve6k_PE2aWhoGgNLbF15qHI5CUMC4mbnIJ1QQowyO6kxvYQIk8TRFxrAGsUP5DZ75ipPphKOirA7kU6WqovGxg67IsJ53JArFHMemDyMfTGG08XnQzy1Z1yAbfRkc4NhlUBk8yYlSa9CQ0u9pTI7czSRFSQtvH4SpxDvUpSemxUB93k4MhigdXp1SxDbMSb5zC2-BJnoDwZGYD9jVEnP6THRw0zB0ud0bKfFPfHjigKhOYdzd_0v7ZMNzhKCaRt7w3ycqxS490vWJdXfDV2g==
Alicante,20693,2,Spain,2026-12-11,Friday,05:30:00,reggel,2026-12-13,Sunday,09:30:00,reggel,0,0,ALC,https://www.kiwi.com/deep?affilid=mihalymisroriflights&currency=HUF&flightsId=0b7724a0513e0000dc0ee0f8_0%7C24a00b77514000001500b910_0&from=BUD&lang=en&passengers=1&to=ALC&booking_token=HwmhUxvkW6i9uzt21_z-VWmjtq60Gn5wK7y-q5-JfJME5fBHhPWBnSzJcVDTudW8OiHDXbX_Tb9xscHUSrBHzOvXtFm4hl0OHSUzS0onoqjOiYeTaml1sGN570oYuXQRJiRoBW6YJYm8sMtXfkE1RaKSKvm2-a8kdCFDWxKWkYOJzNADzlPH6fZI9T7pyBDC2TQwEKugHMm2DZorZJHu7Z8CJ9UYU5arEdofB1RfdUbbRiZ26aFSzbhdz_okzvUE6LOdi4xd8swyaR_te-7s5kXHHeATFCHAcN3Xq5-xcXGlwl-yZ7CliMRREsC6qVg4SCY0jmZvlMu6d25tFMyklkxjuIMkvDBZf4EFjlxddE-_6CENmW56oUucPCOkc2MquLZpdRMy_B99NfKconXlO8y1u6RhB0d-3WjI9IjyxgL9AxLEz72ea_AiKSQaeaYAk4DNCAEDD_Z4U4ApscqPFh3XbpiqKqrzMwPd5flyGCv8c1i3QIqiWAkmIgvfhHuGHkxKb79PaKfKuNVcJGaUUQ9zVIE50l11UpOHPCgStQzCW-1P6N2D-IGRsdUWvziqW00Y5qfXAeiCzI8mP2C7KZW9c01JJOq1jupCLtmFx9gMcWKkhFFsZZAdQBdZsd6nfSmeqahTDB3n5VLPQJyuP2o-7PlwGb5ceyFoRWd7XYHbbYARRtw9_6c3YSJOP1RNyg2ZPwEY6z7JRqWMM0px4Nf6YDPHOay-UiOhDgiSQGJhzCN6hhjH9-i1XI9pND3fNmTziIBDfK46sLbUevhIbYHzbBIaQJWeHD_c-CeaR5hyac0ttqPe0Ha_bCd3FYwon1yX11kwl4eB9oDR00Kk-zhTjNk6P5kkvuuNXIp1no13oB06juwhrCIBVbtdWJWToLHvs3hwJTonvaIb-ccXDg13ucNPJTLwUZosxyjI7JgAF2ubOPeXqHzIXoF1io3SilD_uv7Vd2y7FKRc1fV6KlBTw3s1CQtR3l4XTOUCuKpd7XxB6zHvalECCzJLTAaOIsm5JeFDwUf-0Yjb3HKQy0CwSJlH2zGe1g3ZO2qaFgBPcuvGdNlpxqbEa_UHYC3z4M54Xb5M7uUX8k3htE8P8cyhQEbTKyXvdS2N7R6YM-6sGpTZEoo2z4y4alTZ5_H8M
Bilbao,20693,1,Spain,2027-01-17,Sunday,05:55:00,reggel,2027-01-18,Monday,20:05:00,este,0,0,BIO,https://www.kiwi.com/deep?affilid=mihalymisroriflights&currency=HUF&flightsId=0b770bce51630000e72019dd_0%7C0bce0b775164000014ac4900_0&from=BUD&lang=en&passengers=1&to=BIO&booking_token=HXlCXkyqD7xkBTRZHA9JrFJqzWcHpA8kuiQUsJ1D3paLc4tdH8EPWWDChfGUPbJQwqiwz5dco4agofO50dTNUPAC__sOmXmeQ0S5sgYHuDxHGtgIqiDkQ-vYxPGxwHtmcL_xemaxtgg6aV-3HqasduP3Zm0n6TzF2YLsPqXfeJdIJmkzIfGj9_2ZHSdU-chqhBLt1yyvWLAms3NAOsE55Yry1SY9P6gGR1uOa2yqoeTfW2mHSdeohJECk3mEt3GKnISZxBkFnzSoO_Q4vxop3aPAC7iBcrProqJ3VZjI5oZ1645IMfRFV3blW4RomGCPDcfkC-d0yjorpxHYgFinzeFQdfrwE556V3ix8HatLZwiZEi3sg58F22VgV1f9HsTi9avT5skzO5RYg6LAmtbflFNzMig5b_chhV4WtXT-VJTLhjgnk6KINnvPUE1IbXke-WWz_HOCSm4Dzy8iTf111jNLzHkdjaO6irE00uf0fwFBDAI1FzPOc0WLRoH-aF_FTYp06kTiLXiZN61B9re8y0gYIcE1Cq0mwWfpcZKFENhOdHNni66JZiUViGNKOQNiyka5tEJ7HdOfYLlbOOLYAZGOV86qD2LdsJnt3HmAYaxCjfhU1gvwodUnB8tGuPQdtDF3nJyCGVaie4iIyEsIe6DpW88pGq6ZM8X33ck1aqeE4s_UZOFrBV46U-RCE_qJHpoOgwt-Tp2m6cg_uh-pivbEzA58ZYEpv1IgNCN--BW0_bA3ycYNTtN8KJZO2lFD9zZBr72eQgU2KtIdzq2mBOcGr0MclfsiLn4Fd-W4ViMdtHP6k3fnjwLSueRxlDSUqvXFKx80E3SNhZHyip-RJelXBbzPB8YemfFMS145ygwoqRT5eGHvEKO2xP3uofVaFaujxLDIJBHrWi9wyk2sWwvZ75MxauWbVmUPYEBs0CrhfOX1i_tlRlxfwj6iji677oTmCbP77sYHUzjTSLTARQlL9P5P8UPZ_R1Osv9Fs2WX4LHkZL6KBFxo192iWEHk3rDnQYmAsQQ9HSImTav2k7qr8I_IECnzB3ZUpW-cJEZXK-GCCQ4nESlU_Lnxml12jmgajmDzcMCWiXRnX4EdVJsVwznavaGYFQQ0FLapsuBXshtWoeO4GX4KCYMeWbosGp5CE1w5aj8pbrC39pK-aQ==
Bilbao,20722,7,Spain,2027-01-24,Sunday,05:55:00,reggel,2027-01-31,Sunday,09:40:00,reggel,0,0,BIO,https://www.kiwi.com/deep?affilid=mihalymisroriflights&currency=HUF&flightsId=0b770bce516a00003a443b3f_0%7C0bce0b775171000038319150_0&from=BUD&lang=en&passengers=1&to=BIO&booking_token=Hcej25n7ttLo5FfzcjedB5Vo54BoUcgll-EPMQRtld35n8_H9m9DoAofXRxa3EuqwPxGdzCz2mN8qE85AL2VBQEIokVm_lS7dq6DEpP6SxZgTCmWKcSDg6rAoQABEnpnZNV81Jx8-45w3AgswB08dHrK4wa2R7v3wndIuLN423gPZJ3-C3XMO6mklF8mbxiRwYgQc-DTiDQbylSbfrv0ofj_Ct5PGLORE0ZbTYqZ1C5RkMrlWHFbxlpkVKm_3xYZAD3orQVncKDlgbPHYk8z4YrIdaIIsOQH02VyGxM5wAiOIYplXx7ry0eknVRtpNUojtEa_0DZAJxA3ZqAE8dnMmctotZ10iEFhRkt5c-AErMQ7HF-82_5m8MBTOB25qluI0S_4YXhvQ1pzBdn9dDRIwWg4W6IWw2I8vzRq11WfSb8ccCdeNGLfxdyL0jXfgASrx8TsD4gjNbL5VNGt8KDzKkl1uXP3st8rSTj_v80m_wdeZW3I9Ijm0iPXx0_fp2lMOX5F51qk9Z3wD6LALCM34K2gpTnY8tZlYofhmvYgm891CWxEEXI-bIZOcYJwOz8fdPUPhEqXTkh7Ju7VSYQguDeUALcSUkbJ90W6HCUN0tn1VFMGhqcWNXF-CAz-zZvPSsDd01ZG_i38QFQX1y2oU_uSPzyhic7MIrpRtVzokKgoFFXMyxmWS6iqRtNUb60_m5U-vBP4Cts6YPM3qiGxNXUrFTS_KEs1w_-VGmzIm6sd1sre83Psp9BetvFf5EqdDN5H3JgEpd0dZZGXX5cm8S8rWGG7f_QZGbErKad1BIiRa1arD8hTDvrqQKjPW5s9PmYJPlhV-AEAM7eQNfIp9227ibEQedkCreKoIXMMpj6wdCnZWBy68pHQ_T5lOiBSuHr1_LdS-cNLYlSWLglbSwbuPocpnf5BLUFN6JbkhitCGur-9P7pDo53F55OjgAytPSO7BcgCQ53xAMQqHPsFpL9mtlBup6l6vnHUdSmZq-lcIX9wBVeljBJQJlUp4hmSl801AtCuaoQ6d1DSpV6y4zEGX7nvVNVgVKpyqVoVRAAFksJWo1t6dZoS3yAlAoYJoONcziwwWT7nD-RgJAyAWcYYzt9ByPypyjbgdVXvnRjvjxkiMRAb9lXwyQl1bZ8QXx0FCmtqML9HTVrnDkPJQ==
Memmingen,20914,2,Germany,2026-12-01,Tuesday,18:05:00,este,2026-12-03,Thursday,20:10:00,este,0,0,FMM,https://www.kiwi.com/deep?affilid=mihalymisroriflights&currency=HUF&flightsId=0b7718f851340000fd6669c4_0%7C18f80b7751360000e10c26b1_0&from=BUD&lang=en&passengers=1&to=FMM&booking_token=HBDya-lGBuK1c8cPKOpMjPk3EnajPtgbgqFWHJ88TT2TyjO0-ievOStElcUKfRxSM9oDiFeUerUFMteMSd_VrQcXATVk53V8Ipv6Sgj_ynuq-ep_cFzqidmD9x9XtpXncRyNkUZfGXO_EMhbHFMRGrfs7JhZRw-gUKQ59x4OxH_8LA1VyqJif5WVGRqTvfuJ7NOz4SjW__Vi4osoUGkMYTVfcrWlhJpOGlq-6J7AmVXDSrZ01QsxcWLjThQdBC9LtrmiCaKxjPKqosreQEKWGEA8-eSFjGMB7ejKLEy06ab1U2lIjNE2cOnY_2Rc94EIRGGpjo9Or1Pf-6QzGeHj-4uogpC7zfXPTajrwUK3K-sNixNZK9QPeCLUPgQfIVFGhr8-EH3oi3JISCwL3OsZcDobky1r8do3Cs1FfVca63rPOlMYbEwgTY0Sdas9A-32JZRpG507sswSvVGiSBEvDFu5prvNJfW-UYhsZiBJh2A7DC2h5ETN9siGL9e-y1TRv0jfnO0gqm5WHwQT6_Mkzc1MoYf5AT2Bjkal_5fFLStZuo6GMpU5G4oT7s2Zk9wightcpSwUci-xDf6o5U1t5552uXG563SIfWT0ub9U8OfhbCo_m5BvZPXVDj-yZo-foW0-WmogqiRdrdKM0xx7Ur21J3lugpCCylsuYCGg7g7R5TZgsan7ZJRQKay8aFnyeduXGkfHtQ-D1NyQ9tf55atG1vVH3HP3JgkSdSQHxrSyvEmxDXKOxY7-GPoMZehiEc-6GFTA2K5fFjsxC5jk8NMw2-eZ__NARRa28b95QQPFDI5upDoLqpQD2X9qKyfnI4KQOpgO-t18NPy6kWnj14d8vL5sORYDBb9FQ4fqTOOryX3iJPSOWqI77UF77phUahWEaLZ7iUu7Osh-yFVz-O7P9uvGyWlnnvZgxE_T9wzcD5ut_PZnFEevllmXHEvA2Ro1JnQvvM6ZRZpxrXL1czOqPE7jjZE6FV-GPVwXJ7DMwkSHo69RBMQfYTLoxfsxxwLxg5535s18iq7h_ZUGj9JfWj4JtXQ7X6SdVeJPjgb77E70o__sliv4FjXK8zyKn_q2G6KCJ7nYodXC7Fj-KrJZxgVjwOSJDiH7J1v69nwnyUh9VRYts9y-1sxNN7YLf
Memmingen,20914,2,Germany,2026-11-10,Tuesday,18:05:00,este,2026-11-12,Thursday,20:10:00,este,0,0,FMM,https://www.kiwi.com/deep?affilid=mihalymisroriflights&currency=HUF&flightsId=0b7718f8511f0000446dfc3c_0%7C18f80b7751210000a84e7d1d_0&from=BUD&lang=en&passengers=1&to=FMM&booking_token=H5jNxLHGuKRB_lFBod_VOOwdGmf9V8pYdnoXfeK7ERy6neqbbWDOdElf2ad5a8JoP8KKYzg6Yf1Rd50aEOO3UrC5Oxx5EexFUC69ADAN2idaG-JeawQlcTj_xbzTQbCTMky3CFmCOX8FgFfDtRExZ_4cCp2BmHhsmls5XCsPQZW6AaJrRhcmfyMZ1T3fPjsU1wvD7WpXDKLcm4-KDl9quUjqsWP6zyEcguofVDcd7a2F9h08ptMm0wfqUz6HYCkcpifZp4e4LoSevNkkHuetqAC9c5D36FLddf_zSakBiv5cSWFz6X3QghHcU9fcmGPBGBMtDTwFa6kq3yZAPsWtZO9pesqy5HUTrGMW_VxVhPJ60r5GJzEb01VrExf-7Ll9fu0yalepphKg-D0SbbfAIoHPkpFj9AfeU8sLkvFnw0U5UgyhER3SQyHW4cBNXPxRbjNnN4YaMxpwlTpnQZuLUq2sN8fkZso52tVHq563kzbBRbTIP6iNVEYy-TFcYQvujc8Uk9oo9Dpd2HTmXuUEvp06MOAUVsF912ani-MsuCzOUdLKwlF1kHQFrBbE1AWkmyUJGYeN84ooyd9S5CWNyddsBNbTMZqEjtwFmVTvcVQ6n2X7NPLQjprqGQwzj9L7I6k44WiquL0uP7eCFkRY1abc1C4tMvKs5qgohYc7kReblTnOIfnzmiJfVk4y_XVdKajyUJtwdeW1Sx4gbLEOeZwd4KFHVYdYDqnaThZT--qpBaIxFIhetm_OSb_rje8MMBm3Pt3SpivsP6AP7WMl6x6xzQn2C60Zla4Iiq3INU7CDAM4jztJnbm3oy8Mh4k9PUyA3vQBzs0mS7_ncW8telZO3Uqna01KD627SojeB6yNidzgB3D_2ZUCeYN2d0azVavhJMOLCVwdfkeYq_wTfY1YiJqQPivjQfUW-Nsb-9TcLCvH009-WsnfFAerC--cOOp039xljFWENwm6lG_F9W4FCJ81fPqZ5byhr614EmOxCbp-7A_9VEpGafruJUfQza4M5Qd5WQKqg93Mn4Jyqe4hXqrIMyYwLTz6ziKwQvsiEEj5_MsSFYVKRzBpEwJOJuYjmrk-l2_wrT_oJBN9fXRablGRJtWmaXe0uT-vvWMrrSew3Iqj9AA8kIXgPHWiM
Memmingen,20914,2,Germany,2026-11-12,Thursday,18:05:00,este,2026-11-14,Saturday,16:30:00,napközben,0,0,FMM,https://www.kiwi.com/deep?affilid=mihalymisroriflights&currency=HUF&flightsId=0b7718f8512100001104422b_0%7C18f80b77512300001eb94daa_0&from=BUD&lang=en&passengers=1&to=FMM&booking_token=HHoBc3ck68qOaY-nn0cfI92AeMm3ndzJduPy6uGkFphG9ckT-qJAT0Mph03qT6mPAIMoEPL7QzIcRKtYt8rmu8WbeTuiebpaNflgkrqeTI7YTvJIYhJ00DWUuHIoOOtXi2JsCITZ5sd_u8YCuImaL66GW8mzTpaKh3oS76zmGeuaVCQihUE2s9ouWMy7onrebcNgQ9ZI45Nfh7Sc9zPcW5OT34_ezS8sk_zyPklVMpZ9F7cRwcwnfiySmKDgZMOKX60v9EFl8DgcFkAVMZQUmFYvMhsv4ObA5SUXa5tnyjP7srjyyk9Qx_-_U1db-AmWnmtIfJMQvFbmj2zPEGPB0FqHkggzGu0hSdIwfaToBAhWj1LP6Xoffrh7P9LzjrDQ1uTBtu8fw1yr0onIb1_4mpAn39ZBPYsnd4vy30OgVrOFHNq5tDk59ks8-vTT_fLbtuegRtRNYQbtnGqIQzor2IxQc3Ewt1kFyJ43u6RKaczEY484QQzTgVdCvPkPf3wxDtzRAwUP-rOQM_kxoCLtBuT2lJs5OqbQRMWAchyRZ2tzfwmZUs1gHWUVfAkLs_9movQi3WgleqkDtWQ1aBjeap-T5HgDF1-INOhCZtHwsxcuwYJUy0ZaHCEI7J48Io2hNt296dNL2uhC-qoE7eVfd40coj-OgAvaPekdDHjzPJGxtFuAvKuMrO2mpupRZX7_en52-crLO0tBDy3MR2J2ceN5OA7k8ziqCFhTcMu9mK78LpU_SmYW7L6ul3BeG-XC47Td0MvWlcwdh9ABmnD9baDtvkhqnT9uhhA4x95p5GOM7XxYph3M8gfpQlEi8HirZdHL4RhmXDJewREDTxHdnnQIJfBiyn22b8UuxpK1R7S2E6QMR6wfWjpOcitAsQp2RGb9bfYpsEtgG0x_krqvS036aUOhhC1pDAHmwo0zop9wQ5gc4E4tzwumQTgWWaxgHIM67b4mms9HFe9X71k5IsnZuiW96R7d-Gbh8AGhGE7OkJg8Jem2KpgbcwnlgMZ5Wux9j8HKoeGvTit1ypytu5vD0_H0ffAt2C1ExRGKqsPSyV_yuzSzoHgaL7jvIhsfxF77346jase0bUOyXZCrZTObEbVf7YNcSoNi9SRJW3jFi4I4Ejs2JFRFbgtrNJx6C4OKt81sDaAuGY_9zDs56ig==
Larnaca,20948,7,Cyprus,2026-11-26,Thursday,16:10:00,napközben,2026-12-03,Thursday,20:40:00,este,0,0,LCA,https://www.kiwi.com/deep?affilid=mihalymisroriflights&currency=HUF&flightsId=0b77259d512f000047071943_0%7C259d0b7751360000f6aa5f09_0&from=BUD&lang=en&passengers=1&to=LCA&booking_token=HXopcZ_6oQpZ7WT7iQv-Gy7HXrZwfKlhLGd_vjejC-tsszmsBAXgYe4hneVCO6XA3YKsL8qYXNjQOj6-Wlsl2WEH4YYVOwjErojg9kmYLJlHM0Tr70J2JQwcjlvHkFLXQqnGH61LUQIfgAVVUucLBXrTWuby5AH9qwQWLTzngj95YOdu357F1U9bwGgV87L14seKcKKF8LiTB_SQNfiQ_7M0D0pkLdnIj6JZ3Y55Isdq8OA9lcpyUGUKVczUu6U_BLKEWp2bKa-b0DfDH7I2593ZHFCHmAUHeL9rNGIvQoPkOvKPfTqU1-2-ZkHcJpPu9xlJUd6VF0lsSFV507mH20J8uTYN9XHbh7P2Yx9M4QDAAB4Ez0UMNSm4bPnWVXOjVR4cqx9NOUZpju9B2pV6Deoqd6yJbVlVuKY0ARzKuLxnIW10-4AIA1clnymHtzzeV_NvYQ6FC2mR9b5qiQKaZB0A56vNvLwi4P6Luw_GGHlsVjLIFSvHUGMyDjLM1qtAzEcSp-1-NtmLplVIP5XCsMAsr3m3b-8VrveNdzjDVMZDes464YM5rowPYykbkIB6nNup9Ml0YwdqLx2ZIDfWd_9croctf3dPUVbxstnI7Zub1A2LhCtfQl9kAGmcJV5afTU4RYsUirsdR1LwRb_vXxZGR11gdiBK3o9ylA8Pq5wS2o7JdmActeDnARR_hJecdDOxPLdJLsuO-Uld9NAs2CQ_aR3CkNyHeKxsGbt6uN1bZGBwmwAaDGLTuTVaybz-qfuEwwxSnfLVtL3XoLEBIgKZpnfV4GQregdaK_Xtrp7_Nx4R3nsM7zsVvmlqilBDWdOKgXBsfCo2-7syK8cOxncoWf-8shb0Oy_WfZpj2n8YIczcGIXlOPPFceSVxgwZt3eS212IOYcYNNf6Tvr8szFwhxLTVTBqL9YhmhnhifJVngmwN5o4FiOVTHlmlm1-MxeeB8GoXNSbYY8kWOcPzPDyIvM92ocCr-4f18C3JdVAwXADBXJed3oV6vNnroz_0yQtjQeY3d1cdseHVRz81l4sfE6SfApVbboxvo_sxPq7BfU1FndALMNidr64BtbuuDdReBIudDKBBCP395YLp-qBYl_KPi0dtUwTRW5iR-_BS7TXDb9afyfRkxRx-8ctFeCZxdiiBHuOcJAqY2ZoB5A==
Corfu,20988,5,Greece,2026-10-11,Sunday,19:25:00,este,2026-10-16,Friday,22:50:00,este,0,0,CFU,https://www.kiwi.com/deep?affilid=mihalymisroriflights&currency=HUF&flightsId=0b7700db51010000e000cfde_0%7C00db0b7751060000a7d0382e_0&from=BUD&lang=en&passengers=1&to=CFU&booking_token=Hz5FiKW7KCeimf0bjroDfR0tXrKU4AcLUH-VpMNPZfitI8QwVWfO2LaYQxZSVnie1DscLcKvsfX9RKFxS9kY3X8DJ68uarOysXT34MRYuQ5b-7QhYO9H4_LV4wxF8WR3nZnZ4X79ZJwIbjVvxujZ4IXa1nGST6aYR25j-MB55tDsMLuQnDk7pklb4NWt6DeyzlBgcGYOcBTXm8elchZRaESXcTqnp9DekoKm-cXNPeaNly2cZAmxReYsSGK0gKESkZL_PqwbvWt3raB4ac20a6HKI1HMtAsxflkZZFMZ0ELew3uMi2v3l3Cy8CITJRKYLxXPqmGY8EfgzQ5PnX575GdJvdyShOgwLxn46VVEOROH3L5U2aY9zqouobsNWPMbrPudhdZB-6QN-993X_3cMiN860K8ER1-PKO5030oFOb9eWMzYsg4eAU55ODzlhzhjxsGIu91Wd_i_9HPdi3EK8o_YBufk9YxHeabyj1dGMFdkqhbSd1xwhCHTuxPrJBFXXtwDUX9ZakSxUkb0cohBeyLh_25PuQemZnE8kSsYBV5b3Rnjeg5Ec3HihYsg5MgYaa_CbLcOfHRNoiTBAFinfd9KZfnNT2kNatb0D6Z5ntrof8PEfw9BouH0dlgKjZpvCFSPjj_02voeMFbNTaTlFpULevkJQhQM0rQn2zvz1PSa3FUgK2l1iT7vb0EnMFXxFgkmZMU3-Plka57AI6dxbrSKeZV7BJJ6oUHZlQCaR09ux4Tpu7GX7wNybo0NRUtZJoXTy9C1WJvGF2sf8ZsGQW1WH8Lh9NyVfgLtRFaIW0j5vWuGq524_57Mi6fCmrooB-HNWTUcph-pjmE5Tg5xUjy7prPOjTRRpzhpmjNLRMLXPBDjChWZiXKiUb1JJ3lonYVcV5cYnf2sPnsHblvNOHTWrLjP0TkFtIs-pdhvPovkHz7sa0mderFteTTHIU0Z9CHsrDarzVKYqF9DemqxY2gEx3AOx9VE98zll0_qWvn23Wc2fScsBCZCvhwKMdkk4l40CKwnVpcSEEFMoHyR_6ZvYvZWB76nFwgoPWhaFxxonBy0QKT4a0fK3f2h48YG0Gw7zXvxmkKqa80GovpWtWMpD9yiWqr7mR60ghzl8PPYF1nKtdIdX4_8kb7g9BcU
Basel,21032,2,Switzerland,2027-01-12,Tuesday,12:45:00,napközben,2027-01-14,Thursday,20:10:00,este,0,0,BSL,https://www.kiwi.com/deep?affilid=mihalymisroriflights&currency=HUF&flightsId=0b770cb5515e0000b87fbf2d_0%7C0cb50b7751600000aa22514b_0&from=BUD&lang=en&passengers=1&to=BSL&booking_token=HxzL6KDdPpsYfWM9-AvNym0O44dInohMKf94gVCWxCvPWofPyLaXwRTfshK-0rRxJs7gXhQUF9w2VzOls7jwJsCgwAkrFuQDllQosThecqS6RQXlSeo0DFWBe9KfKjO79iFYd1WufULKMsiA1LAN2nvTg9TYmRIEz63FOE173Q-XOegXK37-zKMeSiXatfPR7jIGjGmp80-z95N11aKVFWx8sQwFMhaMU3jm7qPtQTcjbpAEkq2cLK9RzR08_5fwFE20ZMo7hiL1lisiMY6QuBwWaPZUNUaR5kppFCmnU1LPhIkZuBcXZ31mCKZO6YdVv4H2WvaTvZKFYFFDY31iuRx5ceSVXgE2mkNrY-dBLyBTBBOoSmVrbZxdSJPQN643-UAxePPq1detAmfsmHT2-NXS2nI2j6DWO9eUTUGw-6Nf8SsGkAvbljPUq7z4f3XUw2xiNt9nakMuvKQbUGF-kLTsJaYGcRTZuljp05RHGZwnWNUw6OzUPjzf4USWLBaxdCBdRaWuTBBE-r5gWzG0UdPbAjawa6kyptmHEvharisLwwqiPKTXOBj_BxnISR-EyGfcxunww1VDOy_z52tvUt0trh0J6zIz1HCpCKIWtqL2HnKMcur1WsPbApSy49JeI5uptx_RyZxzFGqESLdkspY_Ro3XqAo-8IcPbz3MgU8gqOyNht2IScgLCcw-qB26J0PFHY3pBvjpxA3Tl81Cg9hVU37pmf_JsWYtQkac_qsv-RtnDk4DS0D0l6_zWXdcn1YyKfAZAahkRRf-zIf-c5DH9ygdnvMXoFnEm3espVOPlsCZQ8zBUaH-nbMN2RhaX3rHthLg90s7iO8-Ds72gYYcn1GkK_r4fDcLVDfy15_P4GAmLVicvF4Z7LaYWTIhFsgzEB1f3wkPveqr5wOqENKpH1RchZ5rGXyDM6N4tmGvzxLwPMpQlp2NOPJzVV8cRvA3bmLQ9NSRnjhkQPMm8dlZOzMpTmsWrj5ZoLXRBvFSKHRwddodXF7aMpGmhu8GQdTDwZ-VWXHXiaM8dw2egcMDJAefA0a7XCiRc-VppfvteAD6V0bgmZeAaaEqqJwB38om1kAVFqRvc_8TWLdR9K6M5YskPdZqg7-04EZzIT8FbXpgzp71B5ssBqAdaOT0RG3UAIDYXGqzEQPhzEf6oxw==
Madrid,21092,5,Spain,2026-12-04,Friday,05:25:00,reggel,2026-12-09,Wednesday,20:00:00,este,0,0,MAD,https://www.kiwi.com/deep?affilid=mihalymisroriflights&currency=HUF&flightsId=0b770a22513700005f8d3a67_0%7C0a220b77513c0000776b3a07_0&from=BUD&lang=en&passengers=1&to=MAD&booking_token=HUcPrNp9JUgb0HafsoK_uaE_3LbpA_tmqw3yzVpDEc3it0-IufLrhy98vwS-oxdflB5bpk1ACGtm2yQykhlAeioXcSwU_AUKi6qMMuAYsm8KVrw8vm5jzb-GPtQJd1DADYSAQra2s0RbDU93VhQBeJMPAhc_AvI9T1Xz5wQopCynpm4V5Zf-7pili2AvifpuFUYgkZvjhkBXL260WLXlsMWnE02Amn9u40UCU2_cV-6T-TuPhQusPeuHNO9Z2BC7TKHxMolWG33vZkvoChRHxw70nI98FJrwpZ0KnNktTes9oaP-kTS7joIJlbvOVU9h7Xbd1dl9zZP5cARbTOuvaZITeKCE3uemXVJczc-X1Kzq_T_2MDAXZ9Hmcl2Zu8FsoUMLzveRc-8xJRQjlebgJOmTLBKkirUT7FcuBLt8aOTVwDsGFU_08Fr4eaUHU858JhPmanT-E_Hb7RoDo1eFp8k6OeOyLIKzq45cWu4-1f6R6s4FParObkGTMxt22ZJmeiVuyYsUxWZR86XlELrQqYb9QPxBwu7-H5PN9dvatqyjgH5DhmGPhsiepXn2CEMqzs_IaDzWu8wLPc4m8arQluWN0CtWrkUr0F656DYlF6mfQJ0wOsvybn3FVHKAaeOfMvpbPR5Pr9Z8bKQsw094aspiD4VynvGLQb7NiuVSxIvpt3fbrMFuP0ZKboU1NZxXI6QVoB_StUefBthgRsGZvVjqsP4It25wiUmiw8yJUkGFKp-JNfH6Y0kq8UJ4ZA2By_e_02B3q9Dfw5pHSX82gidJBrKSbA0vj1cAe-ndUu0jFWD5KHX_-hr6oV-FAjw9WNHt_CV-x1yD8QYuXay2eypEZIUv8cqh50qiMYZ4qTZBqicafnusc88sck5bJvUorYan3IJCnut1LMuTSsuanwQXLJxCLuNcs61Jx5SDR42B5rA0wm8yFNK1u0dpCZJCQb7fDarCEaFKNuJuvKqQh36-Mos-zxcmmyTSKIH8Hq7CJQDf9TWkBG5guKvu49aC89YubR5scL0t4_XZ4PSOou17CmSgAqDlmAW-1mxuskGpAK2mLFvdx1AareotXuktZUUBdbonKgEuqlcp-5mzN1BlOG5xaPZqFsXDQCtt9BSQxA6OnMHkjY7log26z0ktziMyP5n5qsFmGRb9XNT0Mfg==
Valencia,21156,7,Spain,2027-01-20,Wednesday,16:25:00,napközben,2027-01-27,Wednesday,20:05:00,este,0,0,VLC,https://www.kiwi.com/deep?affilid=mihalymisroriflights&currency=HUF&flightsId=0b77152751660000af07b2a2_0%7C15270b77516d000061b913f4_0&from=BUD&lang=en&passengers=1&to=VLC&booking_token=HiGSnlawmu1QXpgHYL8355oQBRLL-I0VskHWb-0IH7CE93pXf3uB2QdjTaJayEJKBizdzLp_n9-5XUARhE0UIxdh5oFsrGwe8au3hXYKxXgszAyDSe-YnBkoEu15T0XyFbfJ6jm3mmQ5ukZkJUMyzuvJqO5FszoF1Di6nmhTV5oqypgD9ZKs6LQB0SHFAkGD34HAPvEZyT1Nc3VzzEjSYYL8fxplfr-vsQXFdGO5baNKSG2XhXLdNgSTGXa1dq1TnKW-Hr6fL0kv2itBW8tTFnTVLPLz8ImONEfG5IG_p2elTZGOHBlLMivjJJQuDRB381wv10oe7YtEfFl2Yx1N6XWG8wizLUIBPraWX4hc5vGcrNahjs2wXP0wytq98hvPaHDMALOPZmutUNohHENQ-LTxB4YgQSEWVoz1-jWnGLKeTRoKHGAdYtO2rLTXErJFaEpegRTw7jOo3aSIzanyR2g4KzJyaGVxQCgqEqqQAkxdh8XvGOXbTbFmReOXO4Azh6yUx4JMkFEd3ONcS2E67ykjgCe1Hmw3k8wZap69_4cYSoRe2H04n3covfyOptVF-qwhHyWa3lNYmqtgyIBfW_i_gFk-WBXY2efwYshaA-fJqhZE7PfiHeNCxHvhlLcxPNZbp8xK000KkL4pb35E2BpxROc9fMKjqQ6Um90bFI4iMHeuAOZxYl-dwvuImv3mgJzDpyBDWIzkKNWAdSd98JLl-2LQfTplRwyXsW-un3JSjZKD5K6akuAYTHOLA2NnniyFcT5FmGzIvUUkGV1s1O-cFEhgm7UKdiK7nJKsuCOUCaq_ba92dqUjV1zuaE1U-vLkkoIz-90vITSfIVSDKIvySfYcp4wDVQcyXGVtZAwTVqK5BFMWN5RJqgM8l55zh4JAecmdY7xLRwoA9saLqgQBSgrGtqSBexTK_DDfm2XNdyZ3xJEqOik3I0I-5b5WGXqnS2Nqx0eJBzkF9wdqmmfyVz71wjlvpi_cvUeIRcX1_Iu2EHUrUZ7rB_Klz4_txlcPhvL0fBYIotaX4VWwKOuHxQbrFgd9QwtzmYAPTT6Ln23krSAFadqqispvcZKihcev1i_l_b5V97R1sCWCFSx4spOv7VC43Zgj28wwnEOthRldioARM7Mz25shPYsOXy98XoyBptaeRe1xtd5DlMv7_Ao5qjEQXX4eT4ehwGZU=
Larnaca,21231,5,Cyprus,2026-11-28,Saturday,05:30:00,reggel,2026-12-03,Thursday,20:40:00,este,0,0,LCA,https://www.kiwi.com/deep?affilid=mihalymisroriflights&currency=HUF&flightsId=0b77259d51310000ff1f6b0e_0%7C259d0b7751360000f6aa5f09_0&from=BUD&lang=en&passengers=1&to=LCA&booking_token=Hpq2hvKeuX9HiAkPDCJ_sEG8Q0vQLzk0_tzJMvdTAkcd0oxHAr--F3IFNzpnA8_XZPyrLVEny6ffsoQ4EC5BKLyEZv40otPtnnAhwTvjocFmxUlXfEfJXb0RDjo9O_pebeXn6IB7oJr_zWAl4SPXI8JKRr5T1TxFM-2PXJK_QeP8_zt7Dl1OQH-IEhgTogI7j8b2XMPUsLK0caIW4vnsskxmTDczGoj3gliUetD5HkNBlK3oCCodsyzqSOMLCmXTQWrBK6qxALVU442ofZhm5wk4Je0L0pscN4uayiv6h6ouO6ZGMZr2CaBZp97ePYZrG4M4G6cHWDh8wnuySX2jtYwRDAb6eigtt92salu6q9ua0-Xno2RF8ajg3-f9J5ZGSdzvtPGPC1TYF8NIZy9qNgChnkAh7OqtskjfA0dO6rxJvroItDeEZb97e2pEBADV6UFZH9U_A4sh6lVf506GznQiBl5XTwv-QQbRev6FI_IiiEqOlkbWcDGzw1D6QnfbuxvTl4RWsOCwXFmjDwR9TCbdWrdnbv-0Abn6vHyaLwnEBRH0pijZcwaPUuUZsObUQimsVfMCEGGWl8GipiWQUd4RJjxJT1pqMy_uK4ZfU1yxiytX6T1g5OGXrlMWEfUUic8ArDN4JX_WewRNacqpKcBErkTDhdbR6X9DmdyZeDdUfuz9p9lFf9BfepFfCjvgksR4nWrrfOFQNJWBhyotOmdhHoqeVq0td4H3x6YxwZ1zuFP-0ltVKRj1MVhIHAkfj-aL6LB0boAR31iduIbC5puByJGVQ7UnyV0iz8totNCLIpvnhFdj7opMZsOTtexHaISSX_D6JVRl97selIcMwds8ZJFZr64FTTSADnRwQWajt-nbClH-WjfYa66kh0vvFsNYs5r5fddteRXI9Lh3VYn50wrRyAFPIclXU2cr9KWwrODHMfDZiP21KyTgsHAJJEQY0IQExROS8dUUf3RTuhc49dHDjgvpRgVWO43GwGBG6xeTGfFmorsxUaxIxjNnQeZ0QXhlWN3iuHswaUuCRiZfK1RNfjEgAZGPzhZ9w-4__IJKFzpONmOMBlF9XAWix5M2zmhWflVUF5-eM0eZ0zyPIqdl44szDe95maFOk2Nd8Onw9pbrpHk6mwRPPFU-6hiXrW49Gsy-wIYCQs9MQdNqPSBSUJVmZZQA3af4cVOw=
Alicante,21241,7,Spain,2027-01-24,Sunday,05:30:00,reggel,2027-01-31,Sunday,09:30:00,reggel,0,0,ALC,https://www.kiwi.com/deep?affilid=mihalymisroriflights&currency=HUF&flightsId=0b7724a0516a0000fe3d0319_0%7C24a00b77517100006e6e3514_0&from=BUD&lang=en&passengers=1&to=ALC&booking_token=HnFHkt-bS2P6a6e2j2Mhyn1WLyWZcOFAA79-l2Bq3oShdtfQnuZWnudarMgQ7X12uo_OwKecL61d-rzC_EojRNuBomGOlBIZfBHi0KwAAP0zfEx6aha5b6RLFbQYrNlK3PFnJmTRAg2p-NIracbtkdE-a_Ywn-KFVpv7NgRKdc4n0wA47Ny4P0eWwwAnOaQ8BU1oWqt47qdsX3gv6kN4tEgEmgCVjynunymdYYC6zLEJTlW9Ef2mNdL_V-ZRgZ38z1lffVDnAe91mKo39lzjRcfGxq_0Id5NbQyamtHxLw-KLsjXJ7mHpsz7rTOAgjyYVbhimf4D3S2PXknkTRRlcdnlCceNzKlaGSvzKJ_Lo8xsCE_mo2K3h52FMGlZ8WHhOHzJJooTKxCl6QOfzT8YMMEa-Sx_PtFRiR6HmYtMuXD_DXV7jMAj5tJv_th8vVamMtyTryEW9pPsLN3PKx21Aui3K0cAwcXKfsLKlNZNZ4ga44-PbhBdUy1QiHncInsAwhjmxtHyB0a7T1nq2Sq9tdQzTDEcoGxg1ecEU3KFlelwZO9Wg18X_fQCHoETr6kHKviJuQtMGH9st1pnvsH91t_m4tYZHSE2w9p-cui2LJwQ3yi6-mL-wnFAEdx8IPCx02pA43gNX6vjaZJHzmmJ9X4diIn9HWYfQFqtLLtbdpnqaO5hh0aB6dUOsuqIr9aTxXl0gLhHEr_IY1sJF0zC9FZhGgjbj6T6hTX9FUQoUZT9HOPvvqm995yG9WLgbsn8fOYX2D_Uhy8vCgiUSuvGFobJKERyr4Gzmr_2KK1KIgBMKoqj7S3T_YRQdPR1Y5HoByTSvb1LTInA9nYlypcnPE7xo6Mlh0POq7Q-zdkewoZY2Z3I76lUKGCaza51gdRRTkQZKslUzn7BI4VnVitYlNkuhMBDGGOfB8Nbh5uG-HNItldtdH3SmaWjw_gMpkGxnVG3_7FYbI6-FYyueIFkyuIUYS6NS8b-5KYkA403aJ5DacssaUCcY3zC5NwxENqin9zhTc5lvNR7l144Ss0KyolrqUpOxfWu6hAFZzp8cb5U7gLVjiLt21hSdK5qyAOaW4YzGqQHH40B21BFCDA-65X405KTBbC_Rfxt953LiXdz2liaqeAOLND_kN8Fz3F5Zr-TfuF2uaUzv-lpNJ07lIsPBZudKXrz4eqsIa-BIK9Q=
Alicante,21254,7,Spain,2027-01-25,Monday,05:30:00,reggel,2027-02-01,Monday,09:30:00,reggel,0,0,ALC,https://www.kiwi.com/deep?affilid=mihalymisroriflights&currency=HUF&flightsId=0b7724a0516b0000ef961739_0%7C24a00b775172000057757eeb_0&from=BUD&lang=en&passengers=1&to=ALC&booking_token=H5UR489kuc_iOCeQX-DVZysB1-Komx9Ozcn5qgu7j57WgICyb-BvCV5g7d0BvUEdWY0NcO3usV3QM1EKuw4WlW9k2pzgZ6JMHz4tODItOQgZoLT4N_G2WKu_U8WGvO9G3zsh4lWqfF3k7NAbZvMuFQ4AQS0e9QSC2mbR4gxjzVt0sTfrC6vzGm8j8xU5F5XXCZdqm3saI6sqxJ2szorADvdwCfNfz-jLuBsKHApEUckTXqvGkbUEmmxguBSbW5LqoJitmItC8AkI-7DZbMW-GcTWCmmnwZCbMHZ7_UuQHtwzlrsUDskONiMARBcJvSumS-aTPPKEWt5eiZIjpW74PPL3lAAL6RrierFA5_m4JW3IDx7QXM8zAQEgdDTMDJYJHV98KYhIFLafL-u00vFSIJ9PQ09ItxY0VPiRaC9Ld6PgO7_NkXRnVtK1rfDSlGuEba1WWgSCQqUDLs3A1LhprY9FYOm6vrVTR76u5BUUqncgh-3tR5y-X2iz-oknp4OU43LrBtU2JslDg7xN8Lxykz4EKk3IfqUPdD_6eJOJAC0CByq28awZ2SuCSa1MR5sVDDzraa1Wwqn-hPaolixv5Zoxu4gkv0RWN9REIl_og21tXDI543P6KjNQJs-ARkonfeGCWM0gxULsTh-dIfyz1gZIFG7aMQWwNjvIjdXoIdB04yYdm3SyUnYlQCP-OW96mWu6n4IpOgBu_h6H2K1D6yrcT2swi6gX-Qd56fI_rpHEY5SC6U3nm-dARKjGyCCxfm4p1VfhBUaiTLRoMzWhv4xpFTHq7Qbejd9rI213tzBAknrGwuHRBnUAluZCGeD-uqB56W0SpWCCSwgAFM33619RmnnX1s5EzZQB8niBtxtILlvsLEfqnljjWJWnwXJP7qGW2Q4S8FaSfPljz0OWYvBbtEAWUTN-NoDzCoGZcuF1v1d3N1i7OKxFu5xbboqO_o6hNlact6C76j7SJq8O86RBqAcJ4l2F-w2ZJ2jZoA-Dzz5oK14duy6NLaR1b5viTDMBJ1LeeIDc6sMG3DZyf3nFK3twCjhmbKSiWlMFz3KAs9Ksl2rQAYKj8KkGsd6irLZSdVQmAbF-q3MPdZfVJGQOFuUCMFTmZsYnPPtU5Z_o5Y6l5FZ9Ept0IbX-cyeYjMS6gFqE-7_yk7MT55Cpz7w==
Larnaca,21293,5,Cyprus,2026-12-10,Thursday,16:10:00,napközben,2026-12-15,Tuesday,10:00:00,napközben,0,0,LCA,https://www.kiwi.com/deep?affilid=mihalymisroriflights&currency=HUF&flightsId=0b77259d513d00000f63533d_0%7C259d0b7751420000f93ab951_0&from=BUD&lang=en&passengers=1&to=LCA&booking_token=HnLtxYAeWV_QGkyh2ZOxI2HoYppWu57Rkg45uOapxjIeGSj49e7FKP4IiagRtL0Oa7R-sL0BmRyQ-ST9I8JWveVQpOECrOuM-J4fnFMKM7H6pKa_K-6t-Y145CHZfmEkAfcnDhSgRgcYPCqDG0gSuPYXPjPWwGKq4YVnW-tTs6O6k3z2IjeH4m59Au4FKQLAu1pumJUbrV_XSEQVecOG0IOD7kVQJjDtJnGGdjHiSeXFyz0pTxamMJTv67cnfCIe-6yxdZKtqXIgUoD8hcRyIytCosxVmfOqieaYSyXaWEj3O61UKRY9FsjGFx66H4loCxn7GwHrBiGjUqusId9Spa-nCp-adrzUxbgZVBa6hG_lW7FY3LUVfTsyUog2D1LpJ7dcc5AUGFTAsfVipiheh5FoJ4kkZXfqF88xQ9h-VaWKFqYVjjYmwzTPgepodT_jm1asep1C28nz7-fl-57UQ2RG3WMQ8vrJIv2yghQym2pye-GPv7aq1b1sAynx6RF7XlNXzXGMPWTZpV7ekWPkLfiSYJ5_6uJNvpAGZvBi4SSuwqp8BuhXUcENntsKzNhOQxUeKmSPEKf2dpXJK2-nZGu_uwLFg0CZp1nzKKZjhqFsOMe1BVSosKQ9KY-N7hQjhxd_ne5AFfucJHSMqUGde_8OOtkJpsjlynxYfFyZwlNWTX79AwTsKSKVEiUjuozZlzVuKowH-J_aGrY9KLZXWQIIdB-Mo8WVYfI0XVQtdDjnmygf6qMFnhsjNBUI2nHCsjhD8Oj9Fj-IYiPyOcTWab5FmPKM_ryN5ro5ROdUFIldPhZ4LM8NGYAQjckBY3ZQbiX_Ib1y1bcVmGHSAdy6vOZ4heQcTebo07wC7L9kHw2V1nezQAg5Kpg6zOXs2WZHjqvL7yBHcintkBYe-qrszKvFCeHSZfNKkhavFR9p4Z7hCZveOiC5qvgVETXJ15ojQdepeUz0TMoOYqIm1tepwvuEBnrpxOJrf6NVaiEfIS6Sst7hFG4bOHG2cI4Rl_xNIc6ZRpTQOS--zGsd4Fk_jOOPvIKUw2fwYp70voJT3o0_QSvPmP6MqFpTIcEoKIkqzUxSqMjtlNyIxuRi5aNs6RZiv74YfWFh4lr-HIH5R_CbHEfzJ-DS2N48bAGB9RdPC77wZX5O52JbpCJeMiBEBCK7zuPbqcRNLQmMG3at3wRA=
Corfu,21361,5,Greece,2026-10-14,Wednesday,19:25:00,este,2026-10-19,Monday,23:00:00,este,0,0,CFU,https://www.kiwi.com/deep?affilid=mihalymisroriflights&currency=HUF&flightsId=0b7700db51040000a9f680d7_0%7C00db0b77510900002147ea1d_0&from=BUD&lang=en&passengers=1&to=CFU&booking_token=HdcKwisJBYsCg6IUVqXg-bXGci-T2L2SEQfS9yQTHDUeXvi4sjAqb4rPqEujurUXlk1pRCDWNu8zcKRswAy3ucg9ek9dHVAm5o-dJp4auOsiOnqG8MmhMqe7mXBXFDTFgEfY5FL7-Vhht2OQMv-GI17iZqQnVZheQFfNG88FaASR5SUR9dXEXbwjhA0u2xekih5zCqWCkMp-8qu3El-_KET4dupX9cuugNqPcPjhAzLLjjMWlivox2hiR4kU0flTAo8DykfcN_OhGSdCWFPKS2WS_qAs1PnXG9FYFpuPgrUNjLfJVCE8dqZmOXnMDUv2kJk3keYDDotDWXIHlDukDsC59pY7ezHXjulWj2D9ZAIiPO8dLtVDksBASRIqSYsk9qaeDagm0nLdM4H1EnD4qIb047kUztG5JBeke9KyyMK7wzpHCoC_iQNjrGZdH9R2_yBM80gZrdEdaFlXlDENFjyF46X9BrLiSX36l1sYitE1YU9dxaWLbdx6uRDtLWQeqCmOIYe1ZlqU2kPZ-vaJfd9LRSji1aDIR_0-1kfgP1fu_xVIA8O6aTfaEAVtNenUXb3HGNFyYAYm3g94p9bG_5fe_JOc2w3bePzSUQ-5odie5V7vJuOpz71O7wjFkO4H3dTG9xXelhwZcl8GhRpzNnPcSetmieA8ArK6trb3qb8YB5fJGF94gTCATUVKnJt8fECTlfDmB5xtk2EyrNUydZ3Q-sDo1edQ9JNEmlkrSkjefikTHyQYEoDsm6zleGHsbqMb__zAzZTHGdBoq_Z3jvXumftOQTscfvoDOtencUcknDdYYYDjMuAFicgY6SJC_WOFB0zCv2n-nHecJO8GMpxYkXgEcwvNbbIH7kZwSsTeEcaLHXAcCX6WeTqaho-szifZML3fESzQREkrSyd7Ljbun4YbrSo62PXa-MqfG4jbaFDiZnPR-OTtAWREYUw9QAg0HBxgfMN2vUAnOSyh8d_kLWG63gfKSX1VZTPWAS9n3YlwPN9OiJzLpB7PWQ_mwzXSF34MpSVDo2nDl4yxrIhKarAAKwX4hsUfNBMRQwUXnNB_kF3RzssDe8JRDhXGZLYND851ubhBljMKiEeHpzjFALJTOzeFlbR4Op6jF1Hv_QP6fZDh6_rfL1WcM9Tkv
Corfu,21389,1,Greece,2026-10-18,Sunday,19:25:00,este,2026-10-19,Monday,23:00:00,este,0,0,CFU,https://www.kiwi.com/deep?affilid=mihalymisroriflights&currency=HUF&flightsId=0b7700db51080000a7a74ada_0%7C00db0b77510900002147ea1d_0&from=BUD&lang=en&passengers=1&to=CFU&booking_token=H_lDJzYSVZpiwcn-BvNiif4ERlwxfaqp0k70KNhl9bmV9vUJIYIOWA5vvnEGVISl_9Fc2j0DVeXZpnnfEBLRQAawQpg-1z0Z8eufHRfqShB9aBtUNUcyXB0ZXHrTzwZDcj_gZOFU_0HB8UkSYcez6XRG9WTVONevG6w5deKo8irB9wGQ_7TktmBGrOVJcoQLY3VYsjDGIaZ1GXMxvLgQyHmsWyBKefrbMPOwryfCNTUeYFpu0264iRwvmDMf0C8Cve3alCzTNURfUMizftxcPWwcfk4Ka1oAciImkgcDHKj6_KHMqz8QQJtdWIacBMxFtAfJzETxLeiUBVmjjuDdTQjADubQRbzjB5OLXT7TytI8P-zm0huftnLE2No-5XJdqDvuFood4mIXt0_9hXZCAYUdQGanFSftes6i4u-m4Oan4sLfqbQ7TKMIPoebsa-ohVdwvA01z-Tu5KujDUPhGq5kqJykk1d3nmbpoD6KknlJr3GW3KEtDK6CvYSv4WYIZKoh9ni4bAN0aojxh2HNHgOPa_Yl6XPyJpUwXIBozcEyfL41rUo_aGtb0QLreZJq3LA3WHJ9HnNtrB1VxBdh53QockgHaLXHzkqE4as2jwlycYjecTqEB2qsb2KIIvA0hI6YiigRIdU88E_S8b1XQG2wlk6csB6BLlTZ0eo3HRDRMNC-hgGnH4FO2tDgvZvUsneg2lg3FWt3BGjoIZilG0vxjHMp5nJIZdQ4LyzY3gF-BztphstKgxUjirug9gYvcEggo328UzbuihCmu58sj1doONN42v_81B6Vf0vFXF4yfAlUoUPb4Uir2LwA5lX24E97FpMsFgQpzWcrV7jGriHyAWymZNzK898sio3Tff6Do1bkbBoqxCOcqMdicf9beel-DJlpzlA9M6MkPmPduisy4KX0yDz1yyvxfzfvDjorXeBx0XHAbCUssfwjNYMe10P4SeMJU9z8Pz9LFRstUwQMJkMpAiJVSVklwdCVBtu0Kya8gXd7Ql62t9FTtsgGyuHxyTbzknNhcLtXPlelvH8Rh87Qy0alpjqQXFBfIFivQwVPun8Ig2IWLpDONsb_vqNXZGU1uTgTO0EOWxbMhbhrmI-2MFsBtcokUpwiWAVgHv_HnP9x0K6l9uOdnl557jvmyjR0hDSCa87EEgD4XOQ==
Billund,21496,7,Denmark,2026-11-19,Thursday,12:50:00,napközben,2026-11-26,Thursday,15:30:00,napközben,0,0,BLL,https://www.kiwi.com/deep?affilid=mihalymisroriflights&currency=HUF&flightsId=0b7718c851280000f063a8e0_0%7C18c80b77512f0000f8218aed_0&from=BUD&lang=en&passengers=1&to=BLL&booking_token=HJqSCptmM4Tw-IRiZjBDagVollFOm71kSE4_0c0ymELsBynRjFm7vjhZ8ugR3uDOu7bJicWqeD9sx1Bj-TjJyCF_UgFyFVC_b8KAPk7NS-Sz_GsUKCLRaNL-bbbhZ_3Chog6uZaAJfDiWrrjqGesegcSiCvOk5KB_xrj5AOWkSsl6fkCsQ6dTP-H9DnM9X9qqlR8Ncky_Fhwpx5Qz3KncIZYXL2ZASiElZ4XILetXGyaPGTD2q53C60Y8eZhaGnOGgxVXWBMR5ARtIv1Vv4-oK34bEtZ4YKu1di01PzSOJmdVGY8ZhLYkNd0EXTsOFP00gjk5oZhmfA9yWNbnHHKrukaCHhqhu0WHfBYkT-1W4NQZnTW4aaKqsSDE8yFhGQbbbISIG8rMRk32GNdDVjKVkyfLj6disOb-s2sjJhgGI47PSRS_WCe9mS4JA3AZlr2uYF1lQoACY7vE-YW7ot21JBzvySLA9nuVs3y8i7hZb7ibpBzIMmB7j3SnTqQ4Di_keoY7kD1NkHvbQ_fxODryP5wxsB33Auqrhd2DWwlELxy_ApAqElYUY4PgyMWvfpB-PQ_O7qbBbktkgzADalo29HL3NF284JHXIrNKG14ivrp42ZL9_XYr8WdFVtAy6zmu8GfHwsgia1xN9eqTJeCsuwhdGNT0S13u9G7MCzvinuxmKyJ-0-QO0-QLCj2JceFlzqETyEf0V0TG8goyJYT4ucYWVnBFfNqHSCdDsISyFJfjRR_1cpgKSMJtcvELPdeDMvAxGgnwbgCgBnUymGTZM7-iZu8IdnSsvbtOCo5mDxO3VJoN375a0c1PfwrzsodA4pv4IVhcmad8jfAaZwxRpewmqNYHvT03Ylo-hGh3GxcpUlGm93ZRhk2pl7bqVTgD7rJts7Rx8CSQxEUgGjzndNXTM03mSXFGTrAJXxc42vRA9rymTK_rNyjc-hApAsVhJJLsBlC5yym5dKm0l9LJwXTuWkK2gb8DPwr1QNbii_2GAMED4uqkwuaMSw9Ap1z16VCVgGhT9K2WG6GzkDi9jgZQDjoSKxWJ0X9_9DnQZg47ntb5tmj51tH6Adw6XaBhYK_ZPmZ7hEyAT3HV-rIsH3VluHk9qojluIWkWtT-wFfb6FXekBuLaw6TnfE3hBBp
Billund,21496,2,Denmark,2026-11-03,Tuesday,12:50:00,napközben,2026-11-05,Thursday,15:30:00,napközben,0,0,BLL,https://www.kiwi.com/deep?affilid=mihalymisroriflights&currency=HUF&flightsId=0b7718c85118000059a23102_0%7C18c80b77511a0000bdd5054d_0&from=BUD&lang=en&passengers=1&to=BLL&booking_token=H0vlsXceWiY8S459hzdB6NP9zFKwMjE9N6o4pi61tWjYuG0V2wHb74o5NhfSyIx4Ia4SUbFPFK10P-WKFBVilyI9Sv3-_d3Xjl-udTUXxqexeoRuTYg_xnto_ueyXG8qoI_DrtOtzXonUvWAJAr38ha3KQk6elSX_hyTaF-6r9PrmdKWNJM7_a5Uvn-E9pwVEw7d3xCV0Bo8yuI5bn75-uwUNDpwey6uT_1yyhGVS6KgMS72BxU2Nhzz5Qog0hZ0IbPlF9viSb7l59yUQGU223dJdY0kWtqrySFtw35BtNjR3h5K3w2hF09IOjEHJ0CzEzAhUfwUkmFBmR0Nnt7mU1ibDxiNpv4aJ5ZJy37nW2PcB5YAVMGQv6jycHOB6YrTzJYgOt4_SN7h0nke4pEiQ0NGZCYNNTSqdAq5ho3HxxXY0tbBtM5NzKtDiSFwHkMSPW_9Ml1xJXQu880iAXOyI8EPJG-nAtRYTtepbTj9FO9Mpb7DSP6OA23W5DfmzQgMe8E41jyhud_1EaAsegXGKXEeSkhks6ozenDH4Tk3phA1C0bhhea7wTNVlla_0PRHT_57VZnwAlFzUEqh-xcuSdrKz0EzrlmAehHDzgLvi0i-SObKRJ6tcqc-9vheZI9uTmdK9Rlj14ewsGhtgb05pkwgBRMnJRyJZ0SsRmDd_EvB2c_BNbHxADzDi5GAdKXkEpwwmg-0gALGj5G5Ew3UKceWr0sxUWtvDL8Z3fFwrKPdX29-Smw_LeK4jmJ9InZ1QmaBr9ra34tGOXj5CtCwJ9bs3i7tBcJF_Idm0uI7VX5VLd4InNBuygBvJ7xaEVl34cIKrJ2578QDayoABatfPKkWKhcP87qP9F3Rks-Lqlibz8MMOfaDAT6qO4Xc9m4jY881mA4aFxfRpVAIse1KJl0qPK1o_uB3jHwCOHEcGQbm_QshpTUWehxRr7Wc0cJWb3OIFcZGssCUd4gj713GvAaSLbzQlIepqS18ObAmOCjSDaMl9fNQFWeQq4P9XHKZBuCCKu3q0EC0eOD2Nr_BRnM1qFSS-SUEE0OMuCndRL0ARFm5-x3IWYWW_vVUJy40RjaaD8MtlAQxiI3_nHdOGHndn7nb6VcxwTFhkIjjd2X2j5ZQV-4QRCZjfEcIaQCV4v2p9JqCwvL7ZjsOzFRUTTA==
Billund,21496,2,Denmark,2026-11-19,Thursday,12:50:00,napközben,2026-11-21,Saturday,09:25:00,reggel,0,0,BLL,https://www.kiwi.com/deep?affilid=mihalymisroriflights&currency=HUF&flightsId=0b7718c851280000f063a8e0_0%7C18c80b77512a0000facbfb0d_0&from=BUD&lang=en&passengers=1&to=BLL&booking_token=HIPQl1s47k97pnW9tAbJtZZZTw09XtrivoJg52xAkVZnjXJxNJQsY3qBlVrQ7umcHKfobCaWoDk1PPrpcMajGwYGOQcQyG-7WG71SO0W7JO8eFkUF6NHZ4-N3SEmtHyVbKf7HSsuuk7XSxZu7aKnvG8vXVYIX3ynDAuwmoK-HhXHav1mhTo2MNDVul6YzDHN8J0m59bk4USwWTC4U1FovkCYYb8QJwHVmOMNBXhbzDF7c9NMF7rObGnQHqGuQs3FF2JLugaZjzq2j_KjfnBcmWBATbCqDUcR7VdUMaA2d5Yn1B3JARs6dEa4YE_IcZP6U8OHQCejIZuNb37U6NPIQ8p_98x72PRUPVbykSv7ag3X4Y878VZJ05AwRju2WVRYQIjvxcF32eMj5O3v4Y8BYYMLuBSPmQIadq9elLgY4ImKi-FYKRvo0Zi0hWlSSy-wetRW0Yf_2kNonAz3Ue7ieKZGiGUIyL5v9JilzY9xh9C9UzvLDkIVsmS5_l41jhhh4wtj486JcPV8uCF7Kpra-ueALETzoVnmiaDEFgcW8qcrFfkj0KMI8qoniv9HdcmA-VfN2H5MmN53jv-UQ6_SyC9TtPT-PvgUF94MQngJ04yw7RA2Vjd_C6GEtjyzZ1LNR--wsgjqrhFeXVlsgYDL7V7vKMN7bjR-iqExlu3Rb0Xih8GuPM0bsLBjuCMYe3zUoRAiTyjYXk220U8BbsrFRg37knisZKUY0vhIPZnNxxGOtctgQ0Xq9R_rthOeYaOK5K4DI4EK1goIG8u8o2ss0pmfizHHEOj0N9njMS4JtcuwYx_xcjeuqrxNluUGpRJUWGeosoULvc7J0bU7K9R0pxPF8vzvs8BZmBwL1vnIdu097zRC5EJSpjChviSQ3dnl29vztw-QvXvKULnSELgMtkoYjEg5Gftudk-tRcSQJBBk1XLW7E3yCc16LM27WfJPqDA2vcWPNo2LhqlQyiLMH2HwXQDysSdbM7Mew9A8WM6ibMU1ITUGQwZkEFU36sI-Q8L_YSiknTVq7eyJW0MMsL8rIrKeUVWSrQd7iVG9LedmlDJMZ7C64gjygF9vIYbcCpFviuZRhzFcgWgMVUQWRh_dN2pBf61uE-ZeB8f6GyDMhryzFq_gL8Nvmdh9NMqkb4TEzkb8zXPERpts820CE-A==
Valencia,21523,7,Spain,2027-01-27,Wednesday,16:25:00,napközben,2027-02-03,Wednesday,20:05:00,este,0,0,VLC,https://www.kiwi.com/deep?affilid=mihalymisroriflights&currency=HUF&flightsId=0b771527516d0000440b14ef_0%7C15270b7751740000200523a2_0&from=BUD&lang=en&passengers=1&to=VLC&booking_token=Hh9C6D2i8qW2PTFpqqu9xbswnr9upu0wtStLgCwinWOsyvpxJeKg0hjmea1xO0bXwMgrVqnjmSdh5iS4Tlu28NPubOQWYEdGtSp9Ni_deTF331fInm0j6b4AOPpFz9UbvpmyenlGQA3kaW3DoEez7EJb1qyqo1NrdLEWYpKkuT8ikIoJlOxdnFU_vdFJ3Eqy2Q22KLszUC0OBIYe00TvoeESQo8IoWkXn-8Wy3e3sCpxD3BrlTDgXZWEptbASMmbFrcKEqJEoZ9cydd2MmLCMp80QcHq8vKdgWRrBq2-oKIopRYqJMyge0Iv7H7ykAg_yAnqOoh3L_skPVfDt3Txr8jmPekOnrLbmyhZLCmUfscXdA9Ipz8ISMtVTanGa7ckhiJWbN9GtLgngojEunhWitXbAG3RRGuL7Dkw77fkCni6BIZ_9HxP8uhaRqMn4fG6RcZEhWe-88PiddkUIkykKZGQOdWAYYrpvWQFUYZw4QUkIDo_Aw3kjId9CfJODXfBnRrq7vNdSB1gTfzdwRXUZvhaUZWUtk0-DlYZvpFCbq8a9grZ8lbWJ6z1k1teldNJZ5d5vqnwMFog0lkK8RwBZmr84K_Psr9f5lv50vE-TvswIzJsM2LYQputFczfYTp_A9nc5u6B8ZdLgYIRPOYW-HMJ0Nn2zCODeFAPXbo1oiUC40Muc-1T0Osboa8nXuQeAF3n_sBdMQlPUHAJfU5nmf2RIKWuiWpHMqBeQ0ogj5-frMsTMRlMMSy8_5FHebB9YITzBbiZWJKLv4sBL3LbdcG1zKlhXoHWPW-FGcSxbWAilvHjMNUfy2lhOazy_May6Jag5qLI3WV6gWFQboxn_HJViLCZMHTAEQNYj2yY7AaIhIIlHmDb87WmgYBqgyswKBQJxYQ9Zyh6blHN5oM1LV4BGjDdZ7kC4xEl0aJFLtLFhL9GZjCH9yIE27l3_PO008_xr3-k8D_aDJto5GDe7jhLyIbqXCi4DISjdRhH5prlIszTq4dcL5PuRyPw-Nax8E8hl-n8wVyM4wpDb0wkpSTDBGFRlv8ZYt2VBEMPSfF-BIpI8OTTWE7PXF0oQtmCpfdZ2T9CCtIeW27BXjJx7qThF4iS66UvWFSs1ggqWoowo9u3e-VO9EU_cvaYjA30Ff_HrLTYiyiOZXhOPG7KR7g==
Valencia,21610,4,Spain,2027-01-20,Wednesday,16:25:00,napközben,2027-01-24,Sunday,20:05:00,este,0,0,VLC,https://www.kiwi.com/deep?affilid=mihalymisroriflights&currency=HUF&flightsId=0b77152751660000af07b2a2_0%7C15270b77516a00000929f1d7_0&from=BUD&lang=en&passengers=1&to=VLC&booking_token=HpDQHqsjoig_MpT6SJqN7m02ZRt-S0JIm-iK6eHrE4mKjGKvsIbaT2eOj90IWsG-oU3p1RWTSTWRf7Jt8LMxTds-eYa8J3hB8p4YPOqIO3w6pF2T8elhLP7gJTg2I0S74DzqXCulShh-rqFZPzF1V_wn62aqeL8NYb3LJ92DraZ7pAMGMGcarHXDKK4Dcj0xDA9BX-mmmCvJ47mYpz-AOz3JwF-CafwVpSSGL6Zpo1xBanoZ7d9oO417mlOPd_PB0b8WahjZtqdozVHIpHPBqPgODElzmI-mgIm463CfHLVIpLDzLLvV9-wktJ4oWUaUutu8Vi7OPCaDbTQfmWj0bXkVgYAUt2N_GVQzwMdrVSO0_rvWHgzDZrYdKX8UIealzKX2g-yNs53jc8OxEP89eyMUsr_Zo8UQoBqpt2U6xSefatz2CyR-5FI3JhoR4SrJrrSge8DAuwBCehe3g5BMZHWgoyH6DcC7XgyFctA-DwhtBe-KaiBrgmCU6-ercHlasUNSfk_h1nNpLZDEYWulMIu5RUJwgann9ZVuI89jt_XxEHZm9KeakgxRDMeB4fGFFM-MuTgxr6YRWMP1UPBS5ip1LZS7y1ZqBf8St2_k_VVlNotNj3SnLUYLYb6uWkquylJn4nXsWSK40uUIi2bgDHvkBG0fOqv4-lLjJspDIiklJE-VvZv-Hv27oMXQzaH0z68ZGTxEWMPd3eN7R8NzTdpQTyhjrTmkoppPU-8zQiQdKqv7ulz5NX5qgyIMtPPncxrdOsIgzxeTplAXZBqFZJWLQok1TJmIjJhnUHaF0WDN9qVvAaDvzsZ7E_nI03Nh_KpAdYn76VGZwt1Z6Nm_l2OdmfREVwMVoCmwRBqDMjdnMkIGNGjZp9bMlAjdil1L7Teuw5AlqMcWtGeD_u8xJ7jbglp4FEdmBM7qxRNRfxmNgkBjU7Ts8C8E0TNc1LcIvJeuyvT6nBK7RERdit4bzGHvmLNxSAhmJ4jKFKq7eK5CuTs-DhCx0O4a6eABM7qYtIVenoFiiRgTPyyA0pWSB0ga1_iXCyWZtP-UhO20qDfSWqKIkMHmGcyqhyUvSVWkk6odYr38sBzNit0zEVgoc1YoZbKeVB37JQneifW8wCZdByWYpDh7RjoD1z_1pd2ptww0aBorx9-zhog3ftn7JmE-1Ls_ZydehoHGXkN7XAIw=
Bergen,21690,7,Norway,2027-02-01,Monday,11:50:00,napközben,2027-02-08,Monday,15:10:00,napközben,0,0,BGO,https://www.kiwi.com/deep?affilid=mihalymisroriflights&currency=HUF&flightsId=0b771f8451720000a6ad448d_0%7C1f840b775179000013a20b69_0&from=BUD&lang=en&passengers=1&to=BGO&booking_token=Hk-HC67uDKhEJ7krp6jC3_OuiWFGc7UEwbt2oNrMBuYeV6zIoKNFdd47rP3H6TetT-97Cu8dD_DQ4nns5QlTb1v17HXa3QnxwkTttYD50kob7UVI0X9MlW55FZ21RbZQ90kbo2brvpeAxwMRmaBX0MxP8QYQnAyOzgXswZo4f_ju18XCXz_It3OYciEAJ2EHgULCiXP9hdUZAITjUKRF-vlCekxdwS6AeRBoIi9IK2ZxmkP1Pe7kGg05Q-QMvPMr0VDsepTRBWgj6tgGPfHiZSr9ek_9ura7MKLzLTaQDdz7myKx0p81gJy-bn4buaCzOjI_obHsGJdnA6mKqQzFiulrCBK7BLEVfuV3OSdLwg54dAB78zRD3nCDUG63bp-1xOzdZ42VCsQLzs2YQTARcUfWIXNjC1YljSevpeEg0K1In_rEck9A2LDhK0Je38dca9sW7xldXK7YOQMMOXzctCLCT59QcDXNLCjTkkIAyRE74HsI4QCrLIAFdR0uoS7Ozws7jkLSu9Oo_ECcRoQNWtjd8XAZeO3Qn50dSi4rJHrlGiF8FvyTB5ii1W1DHfVHz1LEd_NWvjfzaTq8m_CRBIQxv5xOh6WkEERRyX5eQWUjFP1FASg3iZPio9XRnYB7GMJ5YSeQMcbUWTR0oxJFI3BWCfJ4hJYSSu7K4kzvT9A08gI2v-qYgXPav9e1cSeWOcAy05233Uxf1YEh4haJ0ZWxk8d28PRDkBTouwZh-Lyv6dfBmKHbv3X95WOP2FkfmwiiupW1-TU0xJJIlUwbGO4WZctVAG1AIfz_7E5Zepq1jN01N2gEwzYxyMVQYLLtbjB3EsNmQIwkpofKjUqeECB-xG3PB2W0rO7CxJaZZPjg_mAOzmQ7vqHTpXxd-OOv3YCXZPJLIqUrB66zdgES6vb8qhfwH1-YbuSEa4bUjEJklvdo4CKC-yPlTKBwhOg3oNUZXd54qd8YQd-Jx-wza-WF-RynCOeSWX30bk5ur3lmOPwEXC1Djt_JYSOCLjjNRfYpfskLV0r1-LsvRnpCFENCGeLQco6ICKzFzSE8ayNowaPn4v3Gs1jQyVSFncMQoTWo4afm40ZXTYI0S6Ai3crOFRvqiHYIYS3YlavCbMSqltKD1l1m0M_L4Pn53oQqEsz5wxGO64lhH38mHjAsUTA==
Copenhagen,21702,7,Denmark,2026-11-07,Saturday,06:30:00,reggel,2026-11-14,Saturday,09:05:00,reggel,0,0,CPH,https://www.kiwi.com/deep?affilid=mihalymisroriflights&currency=HUF&flightsId=0b7707bb511c0000b8215838_0%7C07bb0b7751230000dde3000d_0&from=BUD&lang=en&passengers=1&to=CPH&booking_token=HehlNfx_wimj8d4PkVZlgzueZnpyj5yHWAJRobXSOPXagKHALQrM0dhxPFlFVw4UQG0y9eGuUhWp4KLxKd5TclKL76rNt81GQUK0EzxkdARtV1QrUNXVEmuJfVH8uGJrkREFveRqzKpASUvefHjWtEO9NBHgztewxz_fMl7t97M-036QeqX_i0kpYBlYRShd3JNpIVEKP_Z_F3oyM7dYECp0JUF2W4V3ZZ7kb9n5S2NsDvFvDjzZijr3iK1AYzR224FjRyymwZ9sbI2R9QZgLdo6Z2iaemssS1vWF2O-SS6mbiTyodziuA05jDT83uZq9W9XeitB08dqNr-gNrpHo6DA4xCq1ab1VgfPFLNkckXWJQ9VTu2FxGDsWhZIPNxcJMKRx06L-MnRUu6fOIoAmtIJu-HLs4qkTZcCiuvuRIyrK-leuNnH9jH71jW2wAKhzp17XLE65d2nVi7KEjqz8siAJxi0XL0RYGnv4y8DlvX4WdIER_T_v94Y0aPdW0LhMjnkXWnhp20VHXmkOPiF5uGhebFmiLrpSu-IFKC7RAdaT49DJfwX78sxPsIqSGOIkA985KK3ZRPBcQ36NlPkAzdNRBBpFuS58k5G5zVHWniuhN3RjwYTpVQxWwNT1QcYPlZlkgulXk6WkdTPK4kvapWg90MgGYon-bv_Dtq3qPsNuQFrnGerYARsy3QYwAAlJ2Gbbz0vEVA1mMoClrfi-pBATnax0AQ5pdCCrWO96n3LU83h25GwVaA7p1_c7i4Dz3i8S_ex9MyHyXTric9bap8kUaomPmjfP5npR1ErqH68xJfOd-xAoniaaCDOY-Udj70LJmX-WCqLFgdDZNGXiA6FRjUy9WaFbhA8vWXSGNI6pSpWQllCTPyfXEkQctmQcFptc7fklAq7N5ka5bkxo_HYKyl3dZOsd0EfCB5ZN06rb8WLkPhij1d9yGilC84OkQARDLuGrNtGb2_5C0z_MMqIyvkpPSrNP3LaORk1-ZNNCPajKzqHlxBKSAhfgvWEtmccbQx5HiLAo5SIW8Yy1ZK32E0fgwgQza9IBhBm2z9qVj8wHxcju5qvWLrFUUgu0fug3Jbr9yIXnPmftLNeasiSF1ukbzgBx3pTcmrOBN6MNLAUf6aJD3jP7zBoYUc3y_6hrWnaZJ7QncW_hgoCldA==
Copenhagen,21702,5,Denmark,2026-11-07,Saturday,06:30:00,reggel,2026-11-12,Thursday,09:05:00,reggel,0,0,CPH,https://www.kiwi.com/deep?affilid=mihalymisroriflights&currency=HUF&flightsId=0b7707bb511c0000b8215838_0%7C07bb0b77512100006b1430ba_0&from=BUD&lang=en&passengers=1&to=CPH&booking_token=H7BsVj_IgMBtGQuaj_94TDr7AzHqVJoPsLTGoUtj0YgE-mxWYdzIlIuLmXrzrvBQ7qVotLkxypzCPlNWCbUpCW17UecEFfbq8UaPZEfuZBObGLQNT_V3rOpG2TwL_yZ8TKYnwt-y7jx0Q5sAUnxtwKbkd0C-kjv_QSDRCHP0WqTISJNpM8zR6Dz3HbTk28gppDjLJYXeyyeM6CjdaTtU8Dbn6aLKULJF4qYp8oUZ0lM3SXLym8CZcCeWFQuL5M0XudGSOB-DuiGpUU6Viwr0lv7DFXDWkf7v-F1DIvU0OwIX98ngGdbZcdXkB3Ttczi8FD4Wz1OloVzRqCdq_Lxn_s-XIbfIF6jvUfuJDPSjgqiXbdWllecaOZNaq2djgReU2vzdyuxBOCq5cnlx9P74E7AFb75mclE7_c6TOsx0mewVRq_wuNLxTG7SIfmcHvTihCBUEZL7cUSjUXWL6F-X8IY_YMpKJBKA7JjE7Zor41BCLUvCP9X5W8uFKe1KdmeBxYB0VIOISUTLh83e8lKFqudyIXxdHoFs_QNkD2gu-eA9rQGswU1a3KMny7aaVslPe0OWwSKr3CSIMSwzl_ZgseW7v3oGjllq1Csae1nLBwx9aFeX6tPiOT3qqlES_bi3eW7q5uDMFQsGPbxNki5POtcDwFFzDKWkNsL6gtKcBtSREhT1HJErFzXkVi69JEdkgZLQ9EKOJlvGGXmajBeIPk6VirQ-dR5QllaTCXSik2quY-VyLdocqjJfEINNviP7Fx1rutk_mNjNDdKdrvdILjSrDZ2QVraOOj6KgtFqjmlM9a3UgNHiqumEYXUYRrWkm6iWiDnP16IQzhJUNqwM28TL0tqHt5H5w6nf2q3dbFq350FfPp9rNIFAjyVicvqyeWD9OyUqspA2ZfkKiqzER-Foqa3fyVusgHz45xwPmNL98TwFM_yfQ62IILuPqxmVXRO1Qy65MQ4CKo8m3-EvuKcNQt6qNZjW6CRIWBOAKPU50pQkviJam5yeXjoPs_3mIUL8nNlB_SkyGAgd09bP1x1FqIgDqGewv-mRUosWAP3eaAMLXLV828WFpvab8Bt-IZntResC4ldAFHyDEEzMaqpWPPDGZTqCEPYnfDpFC6vwsShzVPLvKhPKmL018QxJ3cinUuH1iD86CXnmQuqNWbg==
Copenhagen,21717,1,Denmark,2027-01-14,Thursday,06:30:00,reggel,2027-01-15,Friday,09:05:00,reggel,0,0,CPH,https://www.kiwi.com/deep?affilid=mihalymisroriflights&currency=HUF&flightsId=0b7707bb516000006b5f0d02_0%7C07bb0b77516100005152c9aa_0&from=BUD&lang=en&passengers=1&to=CPH&booking_token=Hxvf5TOzp_dc9jUr8QqWIikPic34hdHRrM_dFwZcskcjFsK0iv26_SvzPoj7Nq_aib0CDTwDkaGXPGZrYYQ7QrrOK82PrneVxVxwi4XL4FGcdDVf6qNKRkZlvdPZIi60mXWyVmACdQ-mI0JsXru4UJL0_fsM6lg5E7sG_PQtlTlOMcqrl2OjIZaH6I-GhCaJ7Zl6tfygcSVyduA2QJvd4rgOTxuxOpCENII7rWUxJRYjwzX6ACeaRwqegbi5V2WH3oOkqM0xLm3lEwyr1KD_lXIH1F-TMSh5YsJydRHV-E2uK6zcEaOrvz4WLYPda1oQuQMyNsjtCpwnh82QwZbKZVi_g3PkxaMQRH6AlAiI_M-ZKNoszTbdXkVvbJlunzoFG-25qRbl3CjDKTgS5JmcmfQsYzshRV2kSiaFjJfw1pSqeOAvBdVhlmR9nJL0B8LObdilypNSKLbBKuwIKYL6qTjUxbKZuoHkhA94r8xlH5kVQ-3ZNG7UwWYpyLTgtZKucfRtT35vavjwle80FxdV9dkeFrwciRCLFfd2SQxeQKhPtIuDSkxMUWyoh1Y__gbGpzfWuH1eHzAwMzUUr-IzQ7b4BuaFqaXDTOFqhcwgWU5iDznDXVW3EGLbO24MvJ-JqGB_1CMYQEkvkRuWBP9GNENPQEwTPsjlgDvG3ODLVHh9gV5UL1wdrsxHh_psXWOErv4JkpB1lA6i23sqVvGKF1qmDky7vIOJuCVEVhZPg4DqMrGeoUeK8q-sa9G15Ceazs9XTEzt5MtonCjmWWXq5SNCSTUTZIW91z5dxxHllKW_0Lby41I0mWSb21VXxldYDJQRJYZ3-yrD42MCKT62VQJcflTwTPkFF4AJlAX8_CipouDllSGA0Bs773T6XZteKp2ckPr_lghQu-1o7pNmnioHLG0A6d4IovrBTbkZCeYxvGemkHyCtXV7CtBKlIEVWztiQ4g3StKBO_64CEfdLMKKbjFDM9eKXx95XuNyuQZQJQtwRB402xHPx2wpttQNjuKqJGk3cZQGVVRTUADpJEot32ZYV3f6trZBd4kUkl_HdZFWvQUvJnTnbtoCRWt__7c903siyw0EwXYQwjmq1ruB_Q7U2O0mk_odriK_2_0QWRt2hH_DXroFNiCBSBbG8W3RNrq6QdY0r0zec25pQVQ==
Bergen,21816,7,Norway,2027-02-22,Monday,11:50:00,napközben,2027-03-01,Monday,15:10:00,napközben,0,0,BGO,https://www.kiwi.com/deep?affilid=mihalymisroriflights&currency=HUF&flightsId=0b771f845187000094472499_0%7C1f840b77518e0000bd8936e2_0&from=BUD&lang=en&passengers=1&to=BGO&booking_token=HbKnfnUrywiGKoPIPuCiHsV1OlIN-NPlDvfl5CQQ_0k3i_qHkaQ6zuZoiDr8bPvZ7ejcrYXiW0wUQbChTTLyrGzbDVzJIl5lkKF4H-dzogJPCfTX7NScKROC26h_2SIQL2-zZJzYzaqhRyQeMQcBixHxwnAbM7m5xKCm4d_lSd19AFd9q0sEkuaMNJU7_Ru1X-slQhIFwFIx6_GOu_-iqsZUe3tMwd-SAmiByqUdzoD3ER5lar-7j4kIDfvcOdQ7m8o7PwSyD8zRqgJVZ54zxbsvzPezJp7_J2Zu3QuvRd5xmQ_hwcEyvUVCX_9lFUryrTHt15B7keJVJ533DbMrSGDVadYsV3y3u9Hz-XWSAOUBEGeMpK9rIhcf3hiKv_5AjfEzGUclBDRYbhcIThwBTwmqBUsZ-7N0XtatcPFUKdBqSQ2tbS82wk5qTHSI53ZM70l74xqE_2rfiWcYUJx1VYZ4Kb4VR_KQLAlguigg2ObvUuezUQd1vPB0_tyxW0dmvr6dVXtFgSE3dVmGTU3Vv_EpTYNNhBBhp3UCbgFUaUb5hmADjLocmDVqQ-rbhhnXq4B9zwUtkoAoWcDOv0mjS-UylDbaIa7enIylvNcuX_7KZnrz8Dx5v0j89kykrRR_hckXQshXRJPr3emBYmPSu1S31EIp5sPJY5HjK5xDwG-CeN3z4PjoCC_rUAC6cgZPPCMzaT39kWGmALwaf1SF5QqOVkNXKQTyLptMNfzjTCfHo3MTJFYAszuhrTfAOjhV2bT3FDC3JzqJhoUEiAXm5TT98I1sG-50uPLI65CxMOQQmZed3feH2FOBKHCJO870UNcTXA8dHbGWfZMrCIpMOap4Vux7jQR5y2fUvMoRb0aQRLOFz3hvb7XUp3XNqDuAcJgbYaJrrOjBidVLW6H8CAMpTbdGPn3smzAA2U2UjOvsJjjqVJ8VDU1GS3VIuZ84o6twPinGv-NTQQ349nKBKuvvgDSBG5uCUzPNsthgD0CWL2wV-s1JSl7EMLzN-npFJq2OvmXVJIpVVyWUh4rsP4AZB66YLLdal6s7TWzLC9ycBBeJ7AzmWJ8k4-rx3UlwJzrGQOEXQ5i_yLem3mqEDxXupbxDSXUkMWSV22s9N1jj4wzsDLjjVG3ipguf8t4HcXy4I0TTPDystkUbH-hB4gQ==
Bergen,21823,4,Norway,2027-02-22,Monday,11:50:00,napközben,2027-02-26,Friday,15:10:00,napközben,0,0,BGO,https://www.kiwi.com/deep?affilid=mihalymisroriflights&currency=HUF&flightsId=0b771f845187000094472499_0%7C1f840b77518b0000e7506786_0&from=BUD&lang=en&passengers=1&to=BGO&booking_token=HkZ2gxtftR2kn1b796bbmtFTT4Du25yG2SmR0y6uaJKYumhrqoIDkmKroOJInjxwa37P_t2vh4QD_JPWx-Pn7_5hM-A2FJZzWY1zJGZzPYdGJRYljNl4EMJg1eSSNCZZxXVvqMokRpZ4I3HkPbRvZD4IcFKWJr65_brEUE20iXsSDd5Qsbe6V2ju4HMtOajwbvWt64gJYF-aEkXkCbNpDsSERyZqVX64QXudZmFILR8MMP_FZZw2AGS9EoIKg38FfwEP8Vk-lk9nQhVN3WQCnMypDQftBmEJAgHxZRGFfInJsQwYH8NR69xwx8qOU7YgR53pa9G8Z9h_52zoIwGwMJl-UA4bQsbrBLK6pgKn2XdJQFLY06m8w-qMyJM3bptx3rXoEDaN-RVXJ5jBorYCkaXt8hM0QuS5VWa9U5e8EJaywK2x6MyHV2Lk8XlA2khUeTn3DGWQWFBxkbRErb8CVNgTecQlSXIwWynZvP4f75vXdaIhO9EU0CvGtMIhg4rqAW1AXMsN5se3Ztb5f3W4mn-LkIzq0Vr3ikT7RtvDZ-7ZAbdmHse5U4mAVV095aI_jBMsRXk9wSRNDKE_9Pgj5fYz3cWqoiCvI8p6XEnWofeqFbOOfCSDq69_wPdskBmDxcsY9zcRulRfTQfco4sSOCiVde2LT01IPNi9ujAUJ10yY1_yY2_8Nx-6hxf2CzYjqmVr0UpJZrKytZcp3xrrnIod1moUce-m8q_1cQxuqOvkeo5XdZEty_S03FelTpzHY0fYsNa8FBddBBWO5lqvXpE4BxrdRfC6w85oVSKsyxqj0ck6dgy_7vxKAEtniMsv9RwPPFBOtex_iMmKaqWuKtgLQ3xPN8L5tAOKeWUZ4u9FaoGlfOkeKdD1vxyi2KNororkDFHwj_z9gBtRjL__MdFWzu5U8_eLdC7ovbX9aaZhOBw5s97ImgYnogKSR0U5E3kKqKxZdXJQ3JaFTfWOizHSQR3UCRz4Gkw1354bZp__xV8C5Emuj-fhq1OXTt3R6hFalztNGEEYKaoLMvITBvA_4BqHLWU0jEO9RAefFUQMHndHmxwi5fb59uJrX6ELc-KYKrH_yNiOpX3LyIf7a31XLzN6l_keuvN_ij0JwptWm6XVdi7pNGcM38qdtT7Hn2nME1QOXmGkYaUpyrgrBHg==
Madrid,22819,7,Spain,2027-01-19,Tuesday,15:45:00,napközben,2027-01-26,Tuesday,20:00:00,este,0,0,MAD,https://www.kiwi.com/deep?affilid=mihalymisroriflights&currency=HUF&flightsId=0b770a225165000013588310_0%7C0a220b77516c0000f5ba8389_0&from=BUD&lang=en&passengers=1&to=MAD&booking_token=HC8O7BnQOrr0tVtsi24SLuFql8tlcA-tehjOmF1Dx7sgmye7XL0s37FRz6O1HuYX46P7urSrAmhc61jmjrBWC9IMYrzfXa4u9kAfpYTDfH9-P06Fy3g552w-Ml8Vv-N65OOQCiIOafHuIArWFf-_7ZekKdNOJorNmF4XUxleO8rFvmzc2v5JPWEhzpWew9yUvklm_7Pnr-dfrdzRlq5GZBiAWT6hGD9G-XYIbouyqav0algl7Hudu329WIUhyvFZ8y7RqExgQ-eITDf6B54jeucju3K2lKKFhIweT4nxYBiAxyJShPXkmFnWOZ5bH8Ad33q_I9FIb9_PFc4vfZrt7yzKYyy-skJ0yqvBUOTXMI3DSl_98gFbCvjEk6o0ulM2J4OZFVQtR5H8FY3UgSzYCwbvILVAu5VoUNlzV5dx-L9KIHt6IlN6ectCMXLEryImbC8PJ7H3y3VeYvXJPUT8iCz1Xk2bVae0FQvBgO7GzxvgxcZ2jjWU19Q86BDlBVArVpR68Rs4bYbqWpnLA3hWeh_8m1ejINy880UJYAedk4bxw-4cnVeJPw-ySwwrPwPaQUIaONZeV66JZxFTCFieFHcayk6suUy2L5pDVf7XlpbNjGej-F9d8O7dlu4696CuQMhNOc9LynWFPb-AR_GLESh6aO8UuPcsgnpKsCtkcbptHqClo7mZqIo8VxJnKmzcxdGKGVQrisKW3CNwJ-n2YqgoI8AlduDudfEw4ED4rixMJa7FfXbvRkOGm6JW0gm161mQCRoSM5vh1p25-dWir9j5ZDVjP0BsCjE8Y9YgTMHkni-56DOPuhkl2L-Hf1yUGLkW2v0a8dWLpKGC3B5E041fzTx5ph9ELmMlFov-hpNd0bAsR3txPIL2AVErcGdoU1_vNluBj1QnrMxb0tl5p2zDVECi7smsG85hq08qC29sEoGEztxTjiD5wGTmNhrfuZ09BLqP3UnIy3SA8l2rTpMHCvC9VfNZRgdx26KyGV7lD6HAMIE7zNtOFxWZAuPbx9g_Z55qCZlrrD0Z076NfmWZHaY7D2fcmRoy9LyYcs34xqdz2DJ3iHkQlYW6QKAIczBQEYLXsoieeHBYlcEFW04fPP7NTqZjEJbHf5_6e4UDKZ9nXV2x2JQ6ypBSvu4CppINNVT9-VzgESV-KF1z6cU66HKHC5XHjX5ljjZzsdQpqhGYh_IthC2RxBUJSmqkj
Alghero,22920,7,Italy,2026-10-14,Wednesday,18:10:00,este,2026-10-21,Wednesday,20:55:00,este,0,0,AHO,https://www.kiwi.com/deep?affilid=mihalymisroriflights&currency=HUF&flightsId=0b7722045104000031375c4c_0%7C22040b77510b00008b53a5ba_0&from=BUD&lang=en&passengers=1&to=AHO&booking_token=Hfu2VQNm1iwnKDeeDTQwUNNWDBk8rk1bfB2ZuGj7njtZcXH0b0CavwI4Qi2NRUL2Dy7txWhatshCIBS3Q9kBZeynIw50JVM__NgZqSNoNvmFF-xWlPdY6D1Obh-fwpFE0JoMZkkzUcrfNd320qfRhGi1iVDGz-dVG-e68PSJJU1yDtdDJwO9mHjM9HkJVA_fMXO_k7V86vIKenmSeyNJSPDGe-ng5Gxe6HGo2ibncG64s8BWizXhu2qU6i7GjBb8iok7ha6sXI3STk0c--i2rWblj3TBD823lsk8rQg5rqDtPKzyQxc9ZbP7jIju3Jw2lQrTECmqgeAYr4RA434igk6inzNC5fdMowmAFpEuHZsudHkayfo91aMnr5bhgWOcZ2DNvtolwaXNdLmhAQJh5aD138r0L9rIOouyEEXP7quLDRkrzeodtQbT4QoUzVul4Gjn509Rt9Yi6TuC8GVZ0JGK-2CZe81g2OKRYlZNWog-ZAn_EvKc7jmNHbhI1VaSDIa_R1zRy1GP1i7uKGW2H4KBllCVUuEMB4xX6sebkKmwZEwyojadaePihQfxesKD--Q4zT8-CUCQA0Y0wGQhpP83N_qHamdHld7akOUreBs60B8I2gqbbYrePYk6Ul53HNx7DE5FR5ThbCHjrym5DWpDs_exKEg7Zx_79HrykHhQdKE9igZFGQ06xtTYy-nS8N3HksA6ZATWqMTFX7A2Mh6AnZxMTd4NUhJVyo874eiRkFndzCcsPgpLffqKFhaeV0n0yGCQ74qGYm-X7kk9UBcZxmP_79wX9_vqESkFtXFcM0aBbVB0cwIQRS5NbgsOmc9E6RH-M_dteMl5Ui9MrgfJ6cTji4ptZMgwv0LQs5uEPaJGftqpmdo54Q8IqQ6etO4NbNCwhkmpxL5sJV3bpIAtJlWRofMpW3qmaQj0VSV81ItBKqbnXnFmebKjgZd2AyC_-7aifskIKk4wgiSY7vqAXlJnC0OJhNHLfvuC4p5ejKdDyVeKpP6s9iBGu11pNPRX113AiB9WL_g-O4bM96f3LnBpjJKih62kAeaJ2oaOgYpTe7_juIxVAeXU9WdIFplW-vVS8FE8KSE98maAlupKyQg19z1lToRFgqFWJij_rmEXoe_ltKXeXfz7FES8qb_cyTbe79ZNaCx87W92KJg==
Alghero,23322,2,Italy,2026-10-14,Wednesday,18:10:00,este,2026-10-16,Friday,16:35:00,napközben,0,0,AHO,https://www.kiwi.com/deep?affilid=mihalymisroriflights&currency=HUF&flightsId=0b7722045104000031375c4c_0%7C22040b775106000089b9d45a_0&from=BUD&lang=en&passengers=1&to=AHO&booking_token=H6X6IH3N6wJYmzM1qHT8A3idqf4uTeUgoWvxfQ1P2N-3mHcG5e7RO8PgOnuuoaR7C0siG2Qb4OpSww8BS7DhSplQXUiEbULFD5qnfHWc4msO9tFjLV0eTYaUP0n7nvIh0-1Up558WcAWQZ6yJFIsEBEKn9Z1rjT5Jm7V89f_mMcmABt7KIhkqJOkMnVZFiH_s5iVCBtP929KlZN6-2iMyQXdJkCPc3brHpzC7jtOmrQM4Xbl9zLoDHKo_M-5TwSsKI6lJAY2VCRsQAb9RRKzMSgL2U7ryq14O8U0tRzeCVizmr7NBj4xXPFGRJWyiHOzaObUjbn9L2cAyQ_n79Ma8ccelYRphyPJMd_6aNdgG4vlEJMzWCzB3x1NFnZheOC8Q3OSUr1gg9V04zZqZQ2DDDILOHRY4DThGTTH7Ja0VdZLEUP26zVDejPQqYtj6CvTIkb-3KD-8021Cn0sZWIP0E0oMoSwmIHn1knQZU2nBrlIcfShukWVuIeIYbcAAp6faZ1Q5693PQVATQWgqO2TfvzKKuSOyBIma5nKnaxxoavt1zvc9vHRwOjfq7BAsOi2_JNCvpxEknby_8D9aFP3RdsrfbhvBnbAfZKelSRoLY18jZe6n5WQF5WU3UMhs9iUkYuXkWHb9OJizycf0RRNabR1PGjtIh-V9Vo1cxsuWg_wslEfw2TlGzcBuDqVYq3Zg2kGDz1mr-2A5lZFzxQNxOb95bjkLHuZr3ouVOohzkI4upr78HXsrH9xOfzduOoPTzAJ1PPW8LACAwERUMfHtqpjBcBpTx6ZIuBPYkqidZlQRwZwfnQ7TME8vE2ZDlEjbsbPcq-aWOkl_fE2e5jeucljEvIlmfzvdiHYgCTpXJUD9g7Dac0Gmq6Acd39N8KHRrXPtj19slai0Sjl3P7WgNXxjHxzUVUNqBXq81ESjTgZlY_BODuB9nKcv5cIxuEFIp0mZiVM5BPUjKy4cq1_0OyFLNhB-hxEDTqsx_LAL0QM1pFmvmuySGTYOyD1b7kIzWlFLchGVNhtRPwkhrbfSD3ELlyfTFqN_5W1MU2LS66Nrg0PjaorTNeWfulcmKHX34osuVYE-6GNbTn2_1h7R8wIlM1I4BDKvP-AwYemLzsq5mHuX8CW7RstrEbY09Bkcusq6d4dNDZH4SbvFkZKQ-A==
Bratislava,24229,6,Slovakia,2027-02-05,Friday,05:55:00,reggel,2027-02-11,Thursday,22:50:00,este,1,1,BTS,https://www.kiwi.com/deep?affilid=mihalymisroriflights&currency=HUF&flightsId=0b77251351760000d0a66144_0%7C25131e03517600007666d9e2_0%7C1e032513517c0000deac293a_0%7C25130b77517d0000e2fb4d3f_0&from=BUD&lang=en&passengers=1&to=BTS&booking_token=HZauEEOQr7TfkWb-fcKprbEtWR65iXLVhAu2WfpPPiwgcyKVY_lY9gn437Sv6CRKND8pferwB8AEDcpGYo0LEQ29XB3wK7Mk-S9j26_m3OHbS9M7Ry7K13sjhb0NHsVA42-MUotJFsg31KD-Sup6Wueto_6ZmF1GrOYEOilsc841w7lIGXze_5_s18ryiqmrds4mbrxLBLERbRBmfRpNYuZe8GOUo7Lft1st_bEixGA8ERc9HK6DGH5rZU2qFQpj6nMb0igPqET7Pb799iVPTgTJgrPowQ_SII_0wwNYiQYZxScaHeU-9x6c3GNK4x8L6zahx7DCjIeGgeTvUl5uMaEDNLs7KWLGErZ4N5nt4jyAPsH82-stKEclsNWiLWBMqNYWLMgpiwmFEJLqFDgY3pBZDFI1hhujbKUHhopb7ZO_1LXnSrDzh262DfUjB7wUx2HoqDS63Qgu5kQ4h-LIvM4VgT7IrOQ0IYlM6wvp4aEBy9NhbUOWTPR5uoiomVn0FAwWQyDdGc_QvqjeqauAFPyEyX55n1DJkhkBv7CNYbdk2VFjXoMovR_ARyOOEc1crsHxJSJFlKvr34Cflb9B8kY003B_-CqKoS-ezQwzZsoS5TC5ae7qBqHsQQMrIO_7X81Yv8Q0MrdgE1c0urFjcAe55KVnDLANbjSzS3PhQuuSJuSiKUKkUXZOi8vaQz5cDkrM3WEP1GuBlSnS0JlG5zy00U39ratpR0A9fGJqebe9ohnGYL1a-LmGVdIXFCv7IZvor5JCgDerrVqtRc6IZSRIJCXOxXo7izK0_Oj9ehCGPaBIi8WuUxQThFPo1CtEImbORPQIdmTZ9I3QYE2EL6b_osw470aFcVeWHgj65MDB3IlE3Yjd8aP-8Urfdnb8pCLvGrKIhYQyHk_UnkVLkDwnWpFGqf5ZMYRsrgQ3tJ_-oW_djIaF6TCT4AmnPIUYy0kL6UGQVewjWEXeYNh6NWQ5xlOK-0PI8IOX_3J_-VTLYC8hFw4wq4GRok737Zyswg7w11IqBjhQxDU6QuNkZlRQNK3BS20ZVU5tDPSNck-Ssru4JhNNHiByJsh_aR8Kw76GaO18MjTCLuiSJLNZzBCEfLaZzKM0nw9tlHejXPZLqrbCVm4Rpk_KGR9mR3GKJROHwsItzeWKl0HtVqeBcqSK4qDDe4fIiKMtEIIh9rA5GIjY4G5IEycUBft7i0pCEn_mHsmO9s2FZXN0WxmTchcqLlVzNkjUfyH8SRedSS3kZdI3lNEPJ2bauwQUsCAFzLaKZLArERaQRs-jzw3Ta4Wils1OAKB7yfM7jNW_-ZqLfMrJAkgdZIesuBVpqYyIA
Bratislava,24237,2,Slovakia,2027-02-05,Friday,05:55:00,reggel,2027-02-07,Sunday,23:45:00,este,1,1,BTS,https://www.kiwi.com/deep?affilid=mihalymisroriflights&currency=HUF&flightsId=0b77251351760000d0a66144_0%7C25131e03517600007666d9e2_0%7C1e03251351780000cfca95e4_0%7C25130b775179000084a4e4cd_0&from=BUD&lang=en&passengers=1&to=BTS&booking_token=HMpv3yU7FLnnJDcwpOpK2GQ5Ce5oZGZbLJRL9MFZ6M2SBC3_WCo_2nj7YZIACFJKKsaszhayu-uKEGXfGRGt0081m8HQMed4s77kjO5eTff57G21CLDdMcvDm5XiztYI44450IlSMrK4j0aU4iS9m1zkXtPQXrcYB9XTatTKDGzbQPGwLVud68-2Xn0YyjEOjQTXIxKPb-q3AGw9vChke8s6jpVNZhmjs8WiqtNoIf2BeHtX6r7QTYnG0U0ZUwGnt--h9hfsSaEa49O42AhXax6tVnx8SvOiV53Jt-1bkguV-Cfa0ICXGtBxx2sHlvOnM7yED2Q-8TCXC_u-a73NCXrm5Q28zwI1DoeGn2VcC6rm4xumyCPokobtU7nXTSXLXh6e9miybLN42cvYNh_wq7_x6UGi0dcuJxYAfcrjF3b3gpNKHWwb4-9Ko1fiPTnpegy_EayElX28earjYY530CO4zdtwdbh4eN3NX-jI7-frIKwKF-MK8CdNJHer3foIEzLbpnFmsvRyWXvdp2CCdE_4ZBBCbdbiSY7V3zon5412DI8bpGJcHGwYXqiGinn-ZYX8rtNY5UFTBtPCpLDWCTXFeTyR3wkO98YMO3C4ePE2F5-sZE3nSg_TjaygMvSCvTFFQ-ttDsu-Vm46zQGzicQB41ki1U9YpuF1_pe56ilLR-5_v-OlhkCnfJzQCN18horgw2vptAJ1_J-B_hd3YydH7uN8bNgOSBbncI72W28T7yzfwzkmyTpMDl_HMbdrBEHzbxefEhOPYFxytgWWZTjmc1msien5G8y9RSBPt1KGJ570O_7nwkUoA-SQxuTRtwTo2u37sv-vt-cFjBWcy2AuyqZhIh393668Cuiy0blyunWc6K9I4_c5nGskxA6eMFMX-FkbIu9C4zKtzovu-fyQNoEmrnP74Z-pR19Sr8HllYHwKmm0IwHh-1Nmv3Z3MdCiRL7LOPTYfT4GnYu-yZN20PgTVtlPA_JCZMSzCG-5uSuzKJckHq2TRl-f277s2JppjiSUIVYDgKr8tlaF5nbPCp04cmFNO2RRQwsCTylXIB06lXZH_hMzr5CWxf2dTaHDk2Z18ZwIHfrEWhYExn96R7CqS4IoGIKNgvoPnkV3oFKvClgj9ik6KSkA0DbYHFSp_ErRlMSH941PkVoE0Qw-2lcz_6Pvq2fWP4TDbAMDkSTcajrBl9OwuIE0BmjGDx_Ug5yVwi9FTKrdLG5WHox26-IXpfjnXyK_AfinEO9RMpTPcxnqTkQC_-fY85VH-jU8R2MsJWeq2-UD2G-6lxs8Wjst_MB-_hZ4ZvXgtSM0=
Barcelona,24674,3,Spain,2026-11-10,Tuesday,14:10:00,napközben,2026-11-14,Saturday,14:55:00,napközben,1,1,BCN,https://www.kiwi.com/deep?affilid=mihalymisroriflights&currency=HUF&flightsId=0b7707df511f00000425075b_0%7C07df01af51200000de09f0ba_0%7C01af07f0512300003021db80_0%7C07f00b7751240000ae77ff07_0&from=BUD&lang=en&passengers=1&to=BCN&booking_token=HYkmaJALptKYfYxBrT66z3FYvDSUDlDQNyVGl20FilBrGcHRwsIa_0zSDNKYK23E_J0M_xeAIakBNiVCXaYiJd6Y7g12N_RWIFtXfK3C9UkciaXWns-an9hjaghiTJ5MAjOC8eKRv6nDlX2xAfWmnY8TL9Eq5GmvhKUDU3qOqKMkYgsPR6A2vzK4rNIcEQuwKfNSf0jXAvSYu8QGi1ClOeT9TXiX86YgdE4apf0s-t0AaFKYUK68PX_CD-tTRE3YC-0wul8ve5KqJx6c_HLBfSwGMogtdTjaJl8vvsFdc1pb2QzB6s8zYNm-DbZe3fqRRr9Hw4m89Ebo1_Ec3WwGXiFdYHvXAPv5vcBKwyibczjYd1gv7YfrX5bMibqoVOa-n06dMFnfptsvHeYQKMCnyugaXlaN-7Ae2Ip21ROMke3yYL3BlRoKA0-iZNjzfM0zNZngtQjm_CxGZd00DEUoKAvu7oKI3KSJ8-YGw6gAr_a7WLhONIYXH92xf0-op5QZYzltS8yb_pMti-EjEpHlH4EvTZ8-jR1ElSNHwTkV1rK5xrw1B63m6lm14iSOyZp6yMELwZyj7ad6sFT8NjkVW4fEh23Z0vyhFXHRdps8Wq1E6O5_y1DJNxqiX2dM2Xqgf76G6yjqfJ-ogl9Hdm7W_lGWpbYqVzMS7saH_LqLsVS0FpFULolAj3VjEMpJWVYpUV6_Mr452Kba6r5PuBAknNJTUb95qTAZ7vYd3BtP94EW8XpAkVgVSb1T9cKlSucCEj1gyd5eYVdxx1xxAQVpe-Rz0GxyWlNlyGa_TBwq-v-UT3s1Dih4T0gLJtL7S9enHYHExq5vnEdNtprRHQxnwmm59M9iciVz0qZxdMPMvQje0aKPsTsoAhfkAtV3sP4LEkofPfXpKK8o5lKuD_bRkSsqUp0DqWWIryMXvB1J74Rt9bE_hplUf5vAx9olpSdEG3oKewe_Swe2JD3wEfVHOu9Zs9F-of5pmZM9dLXmMH5xe5WPYBSaqiNpDkT_umTF6USSe1B645-NLG_l9ntKSerJH6cCWbAkYWHdGkxEQwXEVXKZ1b0dTaq36x0MFNUUUUi-FKjiSzHT8f7a8kbzGVCvPD9Mrs4KT3A9YNDxTzt0eUVr9aiIBExaxFOf0MyDjO_q-fPW2UA5A4vR8OMXnIBOD0mjjJTYFyeB2bZE2kPXTFIBPCP3TjjMib20w0rrauHBZ3PUJhmJzaSjg4nHMTXYfweG1vB3z5OEJlBwQySMFNyfg7kAvgXMz1rRMfanOH0ZnFxdt3NnRDRY7M3ComwjB20SsOVOq60IbguW0PRvH7_cMyy1pvM4v-Y0TiBYBfAWEldP40UvrHpnPhrA3vQ==
Alghero,24825,5,Italy,2026-10-16,Friday,13:50:00,napközben,2026-10-21,Wednesday,20:55:00,este,0,0,AHO,https://www.kiwi.com/deep?affilid=mihalymisroriflights&currency=HUF&flightsId=0b772204510600000c7a14dd_0%7C22040b77510b00008b53a5ba_0&from=BUD&lang=en&passengers=1&to=AHO&booking_token=H1vQCGBntGB_L9bSvQk3Pv_5KxfvNYxfSkEZ5-fewNiJXvh1qsxrinC_3xTuSggJ8O6mish9IXe1WdkZ4sEmhO-xuoghiN24XvHtFWufMQJt-BaZ5LNXdYgKtwXQxYM11SpdxCydyafrSqCIZkWf6zXuE8qfVgpsEgoNlVjbsha344aWJkFZxeNSjtnPzOb-VmER6WP-qxuY3aE8f91NmR-oc0FHxXh_F0tnzNiqXANgFJ9paVXF5-2BfvkN2yILTdHs6r8CCMB_CW1Ou4hFLRnxhgT9PGMJasW-ufbkXuCT9ozKZochL6QdbODFJKHIB70AaXFULp8nvCzBlI9g4dnowwlgbVACy26wRzxBKKplRLqvLmvkHV21Lww2wayV26vQ6dY_RmYiDONtCvmEnE7-1BDSg7KCf2SKG5F0ArYay_cg1ANEXi-kh2NP6CN7ff8dXhgfwyrjU9QGmzcs-0aJTiTCO4ttEyQZ1UJ0TVbfQGqmDkTzW6KP1PpmXlHwNEX6Gm9fO9Vu-unN9pzKLDlhJq7GlyfGK76v3by2_BXth70ad8zu_ogiC6MfrkgZeOjvZWFDTnu2ZTOphS0aLdmSEOiXz8Nuf3_t0OCLmORDG5OkasoEcRZfcZEvzV7HfJstabhhM0-Rxc5NYonVctIlFYxppkPmQnJy7xIqn09bqS6nY1iVTJx4Pdo6W_JKETo8TUfEbcbkdWkhX0NEs0DgHNl276KCrtFkuBlft2O1VPAcJXC13yg26rHMc7ktHbQXbcMWeOFc9izWsfUIUjQ0LTBhgxd4-m6XADsQfyV5fNRG2GaWG0BMX8lzG60xvFJfNWWHTPa8uWjj2DTLdf-Q0svPazscNFEB9OIVA9pvrbk4nea8E8iJR1Ptmxl9ryqeZx-Bm_5RGwdLqKvSoy4ZmqdhBodHYtasOzP692F7C0A3XtoaE8Wy8GvKnrA_XsmQyr7ABs5ateQFZ6z92cAV7NVLK0U-oiuRqdxsiWN3pFngNaZOsV6x1IPQCvRWYZ82DtHNsIPmQS_3HK8ZVszdgzmbL6T0WS1fQiLWVheu7mE983w1xB-zcqeuUXwyXJ-VAMzCEw9GvP_4oqXlIzN49rElrJXdFSR-JFnr3wuZHYjR7MJptxuAw_aadQoaT
Oslo,25251,7,Norway,2027-03-21,Sunday,11:00:00,napközben,2027-03-28,Sunday,18:25:00,este,0,0,OSL,https://www.kiwi.com/deep?affilid=mihalymisroriflights&currency=HUF&flightsId=0b771cce51a20000091e3981_0%7C1cce0b7751a90000a62af068_0&from=BUD&lang=en&passengers=1&to=OSL&booking_token=HdK1Q7mY-4Ll7fOW5rB8BpmpxBeUna7akYwFq9Gt6lpomUZJXfqauJNC49EOFpb4XISEbAV8ioro4A3_TkwUi5Cz_0vmzXBIzfErwCVyE6PM2BVPZdBcs4Ed-OFTutIQd5Q-k3aGOHf62SvMJtB6OPCiGEP04Zhms5le4d_zOKG-wLNkFwwAlQRfZEe9SWbkh77uG26sUJmjs3uxE8MZCcjywyItN2DNTdVKd3qtWUSTju8wewI7YE3K7SU-pVdgHJy5ddaDGYHYFaYCOofXd1jhSNurHDUpDvdZOImNBykoBt0VAaxtQQATy79zSg3Bh_kG9QgVjxKuxnFplD79juvnMpIpz2aM8gXgWZCzXbTDbLWnJsId-Ri8jk0CrCfias3RmCGT1UWR9SZFFGTmdzJed2X5vP_3P1RkrLzMih417oU2QL4vYAL1S3ZITITm_FATxpB4q6xNVg5s2L2Kv1tVtQ_jMwjuncjJ9-sE73YFbTrG1gpirskbvoQFK1TR6nxQw8_uMRDgXw6mzj5b8uGrQvIBcjr31lAFHXdJX4pJ6qmqoW6tehUFnk4CC7sJ6Joeq3X8eVz0BwYtpy7inGnpK7CvYopa6t9Qfa4-P1TzV7VMnzPqP5wMBfamLM0LcMZIwL2Xy1hNzFTwjkAx1d5M-wNopqW73LScPdtIsG4j61V2bYv9YkMmXAUxUj82V1B50wnWDyVOgkFoaIyXTHCf2iadKQ3omOUixQ4c4LP1mrBHCmCSZcHz7AtgQcvrUh_tTESg36B5xdeoKfGPZE-BkKr0rnjjIu4y0F1FLcduTEWt_P1mQdl8lUQSckOkajMChk2cCAjkDe2cZAnh32ysXD6wNRCMe0WcTKcYkUdV2C7_jv2HcePrfhLqOnC-6pNtt_85SBNS4KBc37BWWC2DGgzcAEtu1OMPOWQGL0gjJUqSz1__06sCB8kZFFv4bsssoNJ-PX3o50hdsqfvP8M4WsB_wyL4SvUZ1uOJkCTzzXly2w4Bi4g0Z8GrShxDJ_G6wrYlmQvSx0EgpKqyNnODdS2ltcdxPAFOXBMmEL4jqhm3YartLRIsSgfYnjakcvN6koeAkc6XB5SY53WVmdjxgTNJ43qXYkV8RdLuQ37OWO7ux6zJc_Nlvqcgy9mz6k4qBphfLkGW92nsQV_7P4IbtG9xHovtgx9wxZS-Vyxy3IuR7nbkrr1WxfmxqgYgJ
Oslo,25251,7,Norway,2027-03-21,Sunday,11:00:00,napközben,2027-03-28,Sunday,07:00:00,reggel,0,0,OSL,https://www.kiwi.com/deep?affilid=mihalymisroriflights&currency=HUF&flightsId=0b771cce51a20000091e3981_0%7C1cce0b7751a9000048249144_0&from=BUD&lang=en&passengers=1&to=OSL&booking_token=H_ehwoisr3ax8rqysFmsPIALk0NptiflM19tCabfx_alqd6yp13JG37vip15qwbCZ0wHc1FLJiP2XYXCmNJQ9l8VDgqAC_yGMMBdtouLMm46Qa1WHviBqj1KaHORf2J-InCJ5Tk3EX0OcDsVqNb3tqNntjmtQrwy7jV0rzAQcDkIjOOElLQo8H4w6iCn6pTpsBM9ORRPbyZywMsl02-gNPUTY4KRREdjSeLGNKAmYfN_Q5nq9IRkoVQ-aeQek8jlsnEyqn_hHJv93JjKuGjshu7pM3s3-I-I6WrOQ3IPuGKnKd_cQeMMMMbD_Xa9YYM_LfxD3H40nreRg9UjA9WX8yTn7dOg5WvKd9nCsJe81ACBG-H0l3U1q3hjZGU3wasQgMMRInpXRdUXS414okyphr0FclBeiOpfxOY0-1hTl23eczbhUh0tkTfspBl7eGr_qs5VOJKUeBE1foWwDwk5wAuI4fPmVm35UB7UyUNlzv_xxG-QpBwIDGEdZJJUnNWT9kpYaIJqvDuTAm46o39xd6rj-GymhnH6Zxk8hKHDdwVXDX_QwDbsXJbCxOTDx37-OF7V5-0K_27exXd20GZLxDBKbyNxYYX6tvbOC5Y9bLABswmXzG7z2rpgxv0B8RZKxwCRwf-rCVYueWrEP3sYmTaZkwWxJip4OmzSZejlzUtcjzUeigUChvOOT96coGeLzHSTjlbIWWYHWYYm9Yt3lL9DIF8aJT3SvoV1vqIHNnnGn9ov8YYWgcrJel6dbZMqmMBc4eR45Vhh_e7ZQ4excfCSJVyBOK3URvT_HHY0v_3hDWEXj2WDYN7FwgQ9z6JA4Bp7ZcK9ohRR64jZLGhWeQFW5Doy5uoQB3dLIGGWHiX3HFXKDSLMuoJKa2zTLULxgjJNGaEa7NtV6p4DNzp8n_NQrkvr9iXffPO5jlxUBIfm0FHPUKNOyBj7lRnywU9N_lxuurFfCP3IVM5JJtl8EKShmjVeC4lx1ec0KKKgKF_LLZmQDiLWrbWAsjo0wlmj6OIwwUsUZe0u2TasfLmgnipe_zhncV_EuU25BrDp1fWCZpLCWoaUID3vfCRe6sYYnWKRfEWVU6J2fwo5FsD__qB38F4nOMT7Yarf_yZr99aNncGjELYO-PvBXFZR80zJLdk13pejumU3xu1oaUeBd4OaYuIjuNOyE_z9Fj0XJR9H2f4HXoJKlflQAqdxSseAE
Oslo,25251,7,Norway,2027-01-17,Sunday,11:00:00,napközben,2027-01-24,Sunday,16:55:00,napközben,0,0,OSL,https://www.kiwi.com/deep?affilid=mihalymisroriflights&currency=HUF&flightsId=0b771cce5163000040f0e625_0%7C1cce0b77516a000012978550_0&from=BUD&lang=en&passengers=1&to=OSL&booking_token=HWA-ziMZ0PUAcu_jdrJk6SciJHZ0EOI6k_beXDcdmnXxVlvkQ-CmGK_950jat5clsrs_UAn8vo-PUvGQqo-yxQ1LKpI9QRXdl2bzCsG_g4LeC8WNmFvp6Dd1dv6DdkLaPQtX4ak9_8B7xlHeIBQKRCHB_gdRw22j3dJZ1hB1pAhyInbhBkaHF2t-ethd_wlFuFKQkK-r2h6CrD8BcOki0f9RfLAmvDRCj5gRIvrli7PrAuwDyF27RH883lI5S1UNobw85rsvDzWPduAKt53tG0p0kXn2EXoN6B9REQD3-sAO0uaY5D6BYAgvIftOhhPc15gDvQ2zoVkMbLW5s5We3MeG7tgzgCMmeMMg1693-GIozcxp7bkNJgLV5kQgfR0u-6YED3Hgu9JOHJ_7dlDzQzikBNqvPv1TzdaySYf4Rok2K2Z8_yg5ho9c2w_wsr4q1r0J74Txal1vnJYuBoTvAsB6oVcH2gxOCzRxVH-CM4HMk3urRLXJs2wj9wU8eVudzYffc2IiODRBHiqOZzD4302hm0jxIwCbwW69Bnbr1FOKbrpcH1YI1v9qmy63nb25H4XywEPlWYIBKBxkfkEPg_uJKsvP0tS9nGJB8ViyWEXM0NQXk1v_MSDWpsQq5XWNDry8gwcs4BDtb9Dhh40Jz4xs4DOA_nTQ1lETF3U_FMDjmplOyJj13cg18QXYWhiSmATX3o02hwIlN0PKejg7TazfvKKPmgQHqjpq4nOES0L-DreKz6A23WmbnR7Cq1WdJT7jwcDKI16IEfF85xaVvAexGAfPZarey2xbvXWB77BXct-RYahL107lAfHUeCkEhZD5nB_eRcn3J-6Gz5GuOjFqXQNwtC7JBlEEuYKdpdpjOHMmncOCCxXdSEpIpH-k8KQUBtixa0Zo4nAfzli6CeGSdFtVR4TiMkn5vw5D5upUV6RqIZGlcqNzNgTZPZ3iPPIaWK-B4bflfC5Rlyau2hFyKKeCFNkyyx5uGfvpwqjoe1OIVILOE1E9LAuRItqd_GX2pw-zS2ermzF1i9EI3S_Fa-V9YD4OEmocSNj50wDHc9cLWiVSTHg7xw1GYo99nprB8QnVBeD416lIa_Hm1xLD3xVU6UMZccxUNozzOAAoCv91yzawTxctZdDTy3RZ0619C6ozb4f0NJKJjpPTQ9c41AL6f4yNZCYAph62KU2i6_0YHllnZurYO53mukL6x
Barcelona,25504,4,Spain,2026-11-10,Tuesday,14:10:00,napközben,2026-11-15,Sunday,07:40:00,reggel,1,1,BCN,https://www.kiwi.com/deep?affilid=mihalymisroriflights&currency=HUF&flightsId=0b7707df511f00000425075b_0%7C07df01af51200000de09f0ba_0%7C01af07f051240000fd4d8e08_0%7C07f00b77512500004801cef2_0&from=BUD&lang=en&passengers=1&to=BCN&booking_token=HHsnrhOgmaFK2LJeHPQOcDbXnFcTfJTPQ9GqCUAZ0KhHMd488X71saXqPyinf8-QIwKAaItmtFRF-pNDRAHaLsrfrj7MJatT9NQXgDvMwxcikXqsRuznkq_vjrYnCRTlZzcJRCDB76vvLNQapUZVufQ4Wz-lNYmETdbdKhba0QAHpMdxOwwpgCJgdW30bctmZyOngbJKAPl_XCiCQE61GVhlGemfPdGx4ULd5maIYHuEqi6DI8-m-n2R0wcefWM36vimsAtjadfPPEJ_8WgcBDdeIeFabHcMlKKy6DbU3b0zaQvTWlk5LpcxaeK8_uufWdZBW1uYJmWAarwhhlUSNBBkHMGsUB6piHP93zfvnNVuCMX2HRCyZ1TzTQkSQ3BuEhFx2FRicDUPqMa7N1BdYWWMwtIm_W1lD-7IVmSaxp1GtF3zKIzXafyQAgwWblT34I4rnkmHLBYmNe7dZ9yWPXuRg_8zOA_v_e-hreNdagtb7S4sC8rnUcQWNlVkYvJ-Z7Vxz29u-g9LWoEMQpe9MVesRmb-aWyx35A1KKZXbGQ6Zi6DmRA_FzVFZ5AdLY_suMeutxIbm4if4Xv51MtdHSNjoNEY4B0H9-nhXMr7S4B25SZ0ZyeaqO2tQLl9S8eyhFhHYR69kh22U5pRokiT_3zenrxfIfK5DavAk9vYN0dNlpbSQZMDun9MrlTHDyDaTuYn8pNrQB8w0ZhYUdbZKolPJvu2gr-TdkMhw3X014Tpn2OZ4hmlKbO1O7JPO1gP9jidYUOIY1yxKQXoHzByRrcrd_N96p9ED-hOmO_PD_Ad3v80p9dvqneujzOH_ZEjLLZxG7WMBJneJVJ0YHRxZjkDSwJxt_zmQcUIdObgqsr9Vyq0TRmDzjeU-XnQ_WL2UmDCVVI1Z4AE-oayOg_yJvHr3i7vJ3li8JBQCrKoWoEfDpOwfYs2Zgo-ADalZnFFQbw2w5b2_QG9s9uCH6QYwrpUCOOGwuW-EUybO97UhIDu2IQLHhfKUPPqemfR97PbprYNdLVVI4D_JEBQmqwS6DgmjCbXG02Lf6SqV7cI6IX0yyeCT7XPbu5eUOoE7aYPZGXe5rYMuMCfg72qO7hCV748impsMITMem9azNCBY7cGCck-tEznd_oUkWadiObG3beXVSoCybpDBt-5LOsRWf93id4I_wdjJoFWCdO-uc_ATz5gE5guiPsvILmEGs61jya63yYVP1oGaPYNfeJabDgpStqpES9xXbhFIpd_UYFOuljciU_EVsRSCAfylDqQtf6nLt-R3uZsc_8Q0BODn5uGKytwZoimKaqbaOubY_MGgexexHjoY49Q3dqIXYWrm
Menorca,25631,7,Spain,2026-10-13,Tuesday,17:15:00,este,2026-10-20,Tuesday,20:30:00,este,0,0,MAH,https://www.kiwi.com/deep?affilid=mihalymisroriflights&currency=HUF&flightsId=0b770a255103000027747c7a_0%7C0a250b77510a00000b3b9c0e_0&from=BUD&lang=en&passengers=1&to=MAH&booking_token=HtYiMWMLn6SW46EBzXVCY13a7ef3YPSLtRBB7f61Dg51BEHkrlduRZMNqyJo-ZSEDxcQzUWeKL1GklepUaiF36fAvdDncMvuIA9o7AxfeUup6rFt0d19lnv_jbRNAQB7X5j9UNL_26keBYyX4QkmKVtLn0Y88Lx1KMlvizt_idxrdCxXIvbbaRfO4xJI4R1MSthKNcUN88ZFc1vgDk-y9iSnqjZLVEsw-PevoXSkWTNXasRWPV1nYJH9fdDnwyTgKuAmhL43H4AWaJHWEv_cCgmDf4l5i7u_67knr2pkkrGoaEHf00GL44pjRLxsHCOCyRelAh2wxSEffGjlKaYZdGrfPw81eGb5as1evjjG-euD2-OWCM6uvZ8a3E43YCV2_KyYdYWJEAA-B0_8laz_zOHnqErtUGlqTmheRF3x8eXDesYohneu51xsn8wcw3WlHaL7FLT1H5bAUcOV8gJyRRfaVg8D7QHczGmVv0gSL7bjavyibrPpjQw0BRWFjB_QaG04OvpiXut4JRTIJWteypF95F75KV-O3H5I5lCDnEBvIpSE2mZazlYmOrBuWQxz7ffTc1xmiAAE82Gpl4LxENma1qhibemy5YXvYQy4wUlxteDhjQhhNUhyEtUSOTvDd7wi77sEWP6rs_8dRikaJJvUL9ZMGYNrcZtJN5XfWDR6uxnvjFdwVGy8vrRu9QQnRtDiuDLZd9N4eCLKYYCRAzOm8IGdTqo3yxst5vX_Ukgk2pAyoINV7mT5SKE_lrmydJG1wQtEXkX2wbK9OizJkCC7p4Y0d4B1rCryQvFjluIKZaM-WKkzXthkbuJpSki4bzh5oABq9o4HFHCmcZ5R4KZY6UvHYqtA7aa7a3duV4qujUQRhIJg956fDhUWvoHLL9hHUDqHPD_IPxC-epOf5BV4F82VZ7Uw_Mmc0pZd1PZ3r99-qFh3r0MgevzsfXsd0p9ALg3fSO5oYnV859u4YWxSsbssuPYeOiqevH5qt3YQXJk3qR7_2kTwLp-AHM1ABv9dWIo1ai28IihBdfRvOJGfRDMmvGawbCgeyox8tj6lxeIEiE049YbKQnG1RrEWHN1HrOv0sfOrFGrOPQVP7xFoZT5W3psOJjdEANUKnClPnUdGeCmjgO-L5ePHckzSV
Menorca,25631,4,Spain,2026-10-13,Tuesday,17:15:00,este,2026-10-17,Saturday,20:20:00,este,0,0,MAH,https://www.kiwi.com/deep?affilid=mihalymisroriflights&currency=HUF&flightsId=0b770a255103000027747c7a_0%7C0a250b7751070000b144cd06_0&from=BUD&lang=en&passengers=1&to=MAH&booking_token=Hfxo2NIDrzs2zsAOL47dbJeEVptEEF70yJf1K6yuA7j2SaPhlwJQpPoelQQc_LkfIixmgcrs2Mf0DaWKEFkksgNJSL7GNMRUlVOjliKwZgbHx41aGn6WGILMvIniCe7NwIgMzN8WFV112WC0aB5JJI4geclJ0YFX6my9b1MfTIjZKIs5tEgflHZHMUlzpWTeyPWuKdtBavBMaUPnsUxqOT7BSGlIBaHaLzxOLpZLXsIGLNxu_VS3T1mBVAl68gWCwGweBXx73smJh2jKaNE6rT-5Xr-QXdagRhsJ_Y9ftekcWamzav-Eh1e6C_eGH1yr7RzHOGEr18idu9KvlCCpcyOdDCyKeSIKssmO5N3UFbOELR4wBwrTuTf7L0gMu-vnr_BSK48BAb3VbulZqXgt7cKGo8oa953NDpOimJVyNurn6x-rfjDNn3ogS6es7SFKlU0hezOamXnsDIssaIVBq7cdwERI_eA9ebXkQFSE0cjsOs9dghpKQHss_MApz0iThUewWMSYh9BFYTkBp4H-BmlwNgO0aiRyUI2B1kB36GQzSv1YjqPaURefkwqGpOH1dNKc6b3rYo-wYxXk-QUtMAze_unoOiHp6ahsfqsUps0XeD3nAFtEBMGJwRDPfcfwINP8-634AoJkHTDqO2IPT90Lz1oIKpkI9dwxDKIZN6uFMpT7Bdr4xzGr7hEzHPWy-oo4eamj0UldvlGM6cbD9dX4OjvVCSt2urFz7fge4OxMkLaNo2sLQDwQOxPpuWfUagd1aHEO-lIRB6aNvi12j8H_wZWGi58RNRx5APU6figSl_3T2uczT8uUo8khtuipTyFxZqX5M6DfObpTtQgcPnvNHS8ASRR38e_QrLu-4gnKUB9eWzG64Qv0pPkGpn4_7x6MmMBd_OSbDECuwNW5InUb4dVmmrllOfXQWRg_iNU1dkmaEaxSFguJn5dnzoPmw2vqCTATLvYLwK2iVwW94NbF5SRBkw4jpQiNjfYsKqsCsUCYCcjPA256RB5zC7uztHHrQGIfNADv7Ats_S86N3sP5o29Cfnzj6c2UgmB69bEy-e3dgLy4TlRNujRYfEviE7BzXVG7sQpl0Zg1CyUqK0oQ_EbiqhhU4-1BIMNCgKtaLm9IXRdhIXsxwumRj_We
Dortmund,25763,2,Germany,2026-11-12,Thursday,11:55:00,napközben,2026-11-14,Saturday,20:05:00,este,0,0,DTM,https://www.kiwi.com/deep?affilid=mihalymisroriflights&currency=HUF&flightsId=0b77244a51210000bd8f4ff6_0%7C244a0b7751230000ee98af14_0&from=BUD&lang=en&passengers=1&to=DTM&booking_token=HWFFYpcf8Z7oe6ZhA1_du_KZ51_ly8nnV6kcwyXeciKLdLmhd0nBlpNPgiZP9Q2hQ644nWFLJU-2aZCes5AuQfWnEkzcL7S1lEPxrdN7Veo05xS4PHMLLRK0nz0z5Akmo2IUXDCp26I7FheoSfYmPol3Ko-da2LFYzQcQlv9uiblyyQCVNdHQr-GXdmsLvkSgqjgUwBmkkqlanBnmbz7o-JRmYARcvxFyt3zoznfZTWoIvheUwaxx9PAMZ1sIl5TfCpi3idQLMceWFFT_7-aVvg2E2e5xslNvfe74tY_RDPUXXSDe_8RpEmf3GJIOQnsh1orHcKbBSTTSZO1N8gY5tvnEiYPuSRb_SjlhotFRMqcofd0kiUdoP-HbeNtyfSM72o4kU9MDhOtty7iwNMGglW6xWJJrEdhOc_cOifl_VvYM2Tb4mPb-O8Cm79cIgH9-0BjBDvRKu3aO9GKEPO4YaB_CyGKNDdW78SjBMCqGwO_qBXHNuGUy0OubEwSyEgVGx9AJT_EyG6BiFCkkPi2RtjC16VS1fkgMUpRemcobVf1ls0sOXY4YM1mneWOjHMRgn4ZKcmpGwLr1z4y6AmmQXcsV4SJmzFUBvzQ-rHSwQmL5jC5bM1n2J_JFJZOBA-4mAbqx9H9EtDXVCzK6nAQK0RQobLrJcE4vwMMF0c6n6fZ4v2U-laOBmby8GMvP92P-VV-yDz-Pjha1ZJkMjE6c3ky5WgikQpNv97rRTgqBi5scn_bujQUK9zRl_JM8e5Eo5v748CR3jEYSbu0qaXbwnI_crb9CFuOF_ZWai34Ow5VlPkha16kGZFw-29rytnm3xtDZFsl7RyEonjWVpq9-EthKnbbLc5_0xPaj8ptEpQSWpAlepnNOtRqn6w45Bye-5dtNjkM8FFR8QR1OaZxeCJZhAEXiZ9FdvRHvlugqHOK1oDKRuzk7xvDEZD0gNNF3OyhX_ueXPiemUOqHMa01v44crH_A8H5qb19o-568AeBNrTzoItzpgklc3PFttNRtOZy8Yg1uvWXWeXV2LSulpo1bDXTEUYymZy-FNvtMwGR21W10-bUWAJpb7LFYtRK8Ed81hIrnXQuJOBCvhrtbI2pFy90qZPN3HHCFl1lWYdI6rpP8SC26qgkTjrVr967-YGwdjFhDzGPxYQBON6t7OH15i-TsIwW2so4f9-PxDEs=
Dortmund,25763,1,Germany,2026-11-13,Friday,11:55:00,napközben,2026-11-14,Saturday,20:05:00,este,0,0,DTM,https://www.kiwi.com/deep?affilid=mihalymisroriflights&currency=HUF&flightsId=0b77244a512200001bd35fad_0%7C244a0b7751230000ee98af14_0&from=BUD&lang=en&passengers=1&to=DTM&booking_token=HGTNOL9jfI8nLyNS2tq_0VEs6DZwVgCuao8ESkrNPqpLDPEE0vBhaxJJwdQtRSJ4KWMg7fKlCj9A2iS7XlHEK9Iw4xJtiE4cbZkmaQrf0qqsKR5QPY1reIw-rwOH6c0sK71RWPhX6KvTNTG5TxSJk0k-Ak8DYlums_i_MuVKPQdTeMMO40l1IZ7bDW48IqberbhA4UGLQdXY7VJD8T1hRqPIXsc48zFCcb8sDFCBSajBYUkrrneDl8NXjKqFOekp6h99SttyfmOapR_rHrgvr3_3OaDrtkafzXM1ZCk7dGPCczWbifyY0tKeYw9QJwr41vNlscPBQcqJJ2Bxs5iNyokg3Jsw3RLr7etgbVg9TlMwex2ik4K4HLcAmjFbEtEoxebPzCITY1MsylDnCnddRcQ7qssUmhK7UMYMNxLMeAYE_S-MhW3XFmfCk7kTxmexKVgh5oXKwcRd7ai_C6RHbpSrCfl-udtnf0V5nsIykfbyY29cm9ACYPg_NXioKjPSYVgwZgV1GO5wxEIxtzmkXvmi2SPR0j913Q_EWtSuhDHSZrxN0gsC7A1TRABu3y9k2nyMgOcdXzuj_t00O8UqlAnC0V9MitXE6USSuDLYnRy1kQHX-fNnmE2tPQzUYyKNvA5zBd3s8q7waBoz22M2r-xg3gXO4-KWP5V8-6upuj6Eeq7ARFI8GrHO1TdIEivBtBstwNYRferJXFggCvk2xXCHsSBHke-IP2offcqSjLOxSyvui-GzLfBm3qDbZuLlIONmxLTo_J7lR85bQpLzFkO0RswBFKdlzP_SmoUJsFefdWw-mSrn-qhDnNfAU9nhtVwqWRmD7UaH6qSW7LRWpCs88hIIrlk51eiWB3uSRhIi7dWObVVThqrAVEijOQlD2GH9fXO-fCvSQo0pPo5Y9-L-O4cCFfqJl-CUbBQLS_c5WBZsN0S_gdMRSQDWFaEi2tRkTZFmtWBFVnR6KfIeRLO1LM_NZuZNrDbGtCMHO2oAQkooTH2i09C7O8qe-2nXCqY9_apyjym8XZduqV1xIWCnZH8kb2pQrL9w2RMijQY4B5J6w0_kRwtk4zC5qhqxL5ZBuRYA85-eXRv36wTK11XttZy_0HuEe800IAW0dbk8Iz7624SNmkmrl972SNtzinL3AdmNQM8iTSnoGjACERg==
Dortmund,25803,4,Germany,2026-11-12,Thursday,11:55:00,napközben,2026-11-16,Monday,20:05:00,este,0,0,DTM,https://www.kiwi.com/deep?affilid=mihalymisroriflights&currency=HUF&flightsId=0b77244a51210000bd8f4ff6_0%7C244a0b77512500002ce16e5c_0&from=BUD&lang=en&passengers=1&to=DTM&booking_token=H4mw75jXWQ_C5Ahtc6LAZbcXsKLEmdUZ2IticLs6g6NXf2ISu9YOx9izACD2Edywdx4ty3QkHOcINKq8TVqcp_9Sx1ol2XUgL1IX2Bfs7c8DWS4C6ea84a6XvfeyrJNvs5HBD2RAwi_KjzGsdwfuKi6_swfcKZRnhkvp1LZu6yhBQTc7EXvSJhc_NtVKs0JkI8jg5Liun9kyHHXwIq74XH11HG2b4wiUjMmTJZpDV6POpinImqSy-3ZOILzns4_Y52wcJ485oFN0_L8Wz80P2v_HiC4Hnh-wWCyTWQwAHLTZuQETkcjR6HgXSFKerhF3UGxCiGry80z_ZUnt81cagekXJ316DxuadczBkHK78MkD2ngD3W0ZAL40zMTzHCuQTI4NeIjkgRG9r-SAyiUu-iqWCRgpjOUsD7LGyE-SHvL7esp1xhkFdNFJT1GSKMY9a6p9TZ24iVVdhzv15N0lsXfv5Ngb0sxz5LHzymIMkmu2U1J9zziOWIv2q1LhHvxuzPxVvVQz5I88-lynZh1J8SQli04zveAWlnq5c2YDwq6ubTgJIY27BDaU3LD7mfNIQ0Q26qrV8wC_k2lgDbl5q04XJ-GgKa_kP1bD8_FJn9sLmvIYL1j6ndnfFl1cbrd784aHhZ7hh_2ofcmLT-a_yPzeBG-4UIvtriWxG2-XsPjEh5a42kBrsHhHlWh3zM8FsRvMs9JTyu6cpYy3xnaZy3E6P76rXB-azebd0WIRNDhCf2XNu_CmyCw_hp99ZpMKnJLhNqD3J1cxR5zpnGJpB23z408pWVhp-krjiAmPhbOvQ0Rqy69cvg3nzJijoCTSjOYUA1sbDmDKy0pemrkxApy8ke2TB9C8wFjHl6wyvY64wbbMp86vu9b8_WEJwx-BqPP6hrn3Iaxo5f9JFO8lnDrOOjelGOsu9jv9Fe_2btcp3t8wlwt2Q9TuGbEiyuuJczobvaauj2VSI98zZZ-Gyg-X49Jw8nDIUXCLA6N_ZvaGWxr8Cjni8PIPuM2llQbLw0U5XFBRe6IE8ybm4tPpn7W73cKIHb8vDb-PAYDYCawei8__3kQ63tTg_hKIwRO2boLW7IPOQJAZKBeRmQMTBtaWC7KI6jkszps9SgFAt7bVgegr_8x5Dp_oPCj49sO4FfkfbGd1iv2XxU9MoyIujg00jRFlsE2zG1XiUmFjLwiQ=
Bologna,25960,3,Italy,2026-11-13,Friday,05:55:00,reggel,2026-11-16,Monday,21:05:00,este,1,1,BLQ,https://www.kiwi.com/deep?affilid=mihalymisroriflights&currency=HUF&flightsId=0b77251351220000e16a6f92_0%7C251318c551220000e3d6259c_0%7C18c5558951250000f371e7c8_0%7C55890b7751260000906896b2_0&from=BUD&lang=en&passengers=1&to=BLQ&booking_token=H7lsL9NNZ5waMSlCiuQ_KfyJoJCG2Sd3h7g5193MYmUwQAv7bkD_lfp8sVpFvzduWBFETHMV_fXLQZa6W02LTuNNtf3j2zVFhqCSLQAz60DrcUWipfQMokxbOY9nyFboByqPag7IzduSKGpb6FFPIhUKstk6lG3oVuyztFez627IdpjFUcbeKX9LRtwjmhBcZ1LL3-NLGWqwkT2EmR3SWvoPV2gG0u2LuNwOG-P8fHg7Vj_-urONA6rISQbvHQUyEvvImDAv0Y3odeghxvImLSaqm_iQmYyLDJwjZ5Dxo4uiWXHYK-CFOkcyZUDgu0t0AUlPtFGVe3Etf718JQFjGhAn5oB79qM2Bm83WOnu0qzkeYOBL_umlCGWrbglQqoDKIgulHzOO74kvqEu1E8FB6sbI0I6cXLCINOXWgdXD6rjwRS2tOJ2nDK4YgOpmCNiXWvJQpaIbWUdhGnlf2_UHlReN_AjzJ0CWB23_K6LQp4Vk8u4DYeFVsTsnQBE94xg8Q8erZYdpWnxuevu50vzQLlqq8LvisyendoUq2KTyw_x2ye6S6kdhYQicc2noQaLEoOHzJYV97SL1TVNgqVPxdMQuVft21UEMX8pi8T7Do7Mo_5EQoJcZdxIVNUtbF0dYaGHsZRMGuixEYZ-WmmoR-PWVQ7oJKLgJp36W-0yJbcTmCT8QUAEBUz1OYHfa5tAVPFCcGX7uURdif1GbrxbRSrZs3gdPnv3G6RvWjfF3nguKI9SZfiWL01I8sVUpCDyBwQQC-cMcKrrYh1sPEkG3CR5zi10Wx_5x0Y4pjG8uYbrTSUxlObrPgc8Tv3h7ZWLHDieTMpUDOnUJSGukgLsuQHBGJ4km7SSdb01WoCmTpREigVGeJEGAdEm6xH32D20vcJAM-vSn2IwdkMSdybOeFjXCUh9oIBoENZhG3MO-GuMINnGapHf2jgTLcTIPS20XEhBJumtI9GBTYXwgp0RyYagPJsJZ-m88HT2sx1U9MwWRE2EtJPIPhyYFHUwyAlz38F_diEzm6hfANoZbKf0mi15wkEVOUdRbd1_FM7UUto9W_MCMWGVQYQs_mkvh9WhhlgtFrASinzM2m0Scrgs8iqJkBd1KnI2BSmpTtqmF10XE6_-XTmp9zy8pF9J9nCmQEMwI6amn09tb1UiaxyH1AxXZWNs8r-Ph6GPfsvcMNQKUxICDpxYboWExLyqOZoOOReKSVPQ3YItaV-ktRFkgpxvmUCUo8xtFCMfh_2NcxhQy6whyFYE2Z4IrEwDM3ftp9NHl8eyctyea-rrnm5Z9s3IzrKtyymAnt3Ls2veeBa2nSVYXC77tPe-sck1I3Tq3GGAvm-XglMpsTDf3y05EuQ==
Bologna,25978,5,Italy,2026-11-20,Friday,05:55:00,reggel,2026-11-25,Wednesday,14:55:00,napközben,1,1,BLQ,https://www.kiwi.com/deep?affilid=mihalymisroriflights&currency=HUF&flightsId=0b77251351290000631faa6a_0%7C251318c55129000061a3e064_0%7C18c55589512e00003e68c472_0%7C55890b77512f0000d82bcf7d_0&from=BUD&lang=en&passengers=1&to=BLQ&booking_token=HCqEnXwfZJRKtOGzsMlutK4i1BkFQUfMNrz28m6RBjv1BGULMm9Ar8f3hM3e7Pm-1jkNbkISXyTKTk_iquzlNw5l8G9pvSa_CZkqdUDdDf2rPeezf2zvQpcSOJTyY4901_iqHgWZ-hz4wsQKwEf0iITJ7idYemla4rxOlbEgLERN_W1Nf-Ii-BwX_fD6lPKzvt360paC_Kdcpw9SdoyYSN6xRkYzOliYkSXGNwtkCzF5lWqkiClqz6yOGHLgg7QQjwvCPaEWn3yWdVF_xwVBxneEjlPrGRxuSszmBZYOm_xx5Nbp5MYGKhQKe6neHX1ys1PdPhNr1IpXnl088joHspp6ek0BN5aMF-Hb9RVXCJJ3XTSrbmtMKn_akTK21l4z52rQ2SWud46-67b7O4dbRtrsTjjNwXHXQ42RX9DewHT04z5e-_lZ9-My6VD94gvwE69z_fs8BnXj8q16XLw_SwCALfHWA1LBtOB05QcRMrqh685Gv1susnHmBq_9WEokoZ6TOBp8FLZSM4rLPodNUg2WrOTpc3hQFR2QMIWFEcaw58o_O3U71wz_JFKQWE0D4HjZ_ag8rI2vkPCtlF5Pr4fp3Cnl5RqxoibeAC8iuLpBYTHApVIEqSHgNQNBJWvaCaUsUSWv6COIM_GKfO-yLHGR2X-tgLym41NatKt3LH4BUfM62ypqB--GNCjrlo3smrj_r2TGK0T_7fHSqblOn4gTvZkyeh2KR0xS1BBT4FUb9W1a7qi9H4hORf8ppAvyOzZqCjxlNQeGE7GSoNwiIzW8eIV8NT0JC1BRVxuYDlR7P3h-2J1YFdCn4EheaURqhK2EzC1CS4FOFrn891_wX-j0ac-_GAc_XA2FEQkeqVn4htijYhmZez8dNjcywV4XqtT5bHRX1JkGfjSN75W2fCWjDX6EjnKysSfvIpe3yxQHemxCf0q8y7e6lFMmbMMm49lNEsWK_TCRvcwp-M90scM3OOtAC8aw9y4jALoiVDEZBaS24FY1ywDoOWtlKrHajJwqPqJVwrlgIBU7KR4pC58UDXXKejwiYj1S6UTa4i9m0ds-Imj-KGvQt7j2321SdrvVTXb4eLdoD3RIuFWP3B2CX2yGvUfgQ-QIwlV896c1FV9m52d29U889W4svorA5NxFeoksA1ScePlrA6VUBNcEc2OBgz9p94hMskp5DFFKWTcHg0ztD9cjYZUWpUii6ZtFAkqsGnr4V9Dso1wyxhBc9snUoDfrtfgl7oIdnKf8BkCCcAKiwAqguyH2Xbkzym4FzpCq01WhUOPwfjx4pZqvUbtzXu2q_1ELu7jH8EFKB-8wwr6sq-lChzgk9XBayCMsC21NlKD98yoFtJI19HQ==
Menorca,26069,2,Spain,2026-10-20,Tuesday,17:15:00,este,2026-10-22,Thursday,20:30:00,este,0,0,MAH,https://www.kiwi.com/deep?affilid=mihalymisroriflights&currency=HUF&flightsId=0b770a25510a00000658b759_0%7C0a250b77510c00004e690bf4_0&from=BUD&lang=en&passengers=1&to=MAH&booking_token=HUROA6ozKd6wl0b9BIbnWe9qp8Vm0BXTNZpCSv5KKZl7uPwF-j4IEhRVXVS6cmXuc6f6t8jzh9C4BT3NHDQi3ToLrFUszaINvmd2UtaQCzIAE0_EMa_e-oQLBUoVz7zC9abGLjfgUwFip_R5HlUH0j5MpffnWjLn-SCYO03sGpqaQ-dXHhyFkVGQ6CjaGFxk2Ab1OmzLhtM-nlDk3rp368mj5g1Y6dcor-SABaZfCz1rozE8riueMaixmYmgyJQ9P-0NdS2-5aUioa-pcDiNqX2VzeJ2BL5S5ZwtEMYDQNGl75yp7DuVracNRj2f2SX_z1SCoVrG8zEoEezOSBcAPQKEa3GZFn-2BuxoA3PSZ6JLVu6cTphkLwwxh2ImzWWBlQcZE4CJ1dL91nqyr8_81mKrCusnrLBxhFhd_6x7V7-1imz6jyEhUbPBa0ofjEAA_kzo1HRD-iXykfJG82Mn01qshYdfxhuuTJiKQGgHwAPw0gQAwVz7-_quN9pUXmLpzjKqZOhzAqgkEnJ8kP6CoUP45e2-_ORRjgfNEFcr55hj2yofWc-9dLPFbGWcjzn0cWy_0UoNSl3vRyp688uWTwUEqgpC56O33kpqPI-xTKvEfX9g5lP1-bzqm0ZCuoV4BleXAs9GLFAn3qKSQPt1ZDTFW3RVCMwuwymeq0C1l0zAWl34c35xo1k4ewjKDAZppMOPDveifkYjNxdPLatjqmi3-_Qs--GhJ56gMrUlmFsKDf3bavY6LMQliBR4z7KORzM22hz_FSQGNI9_L4pJSUkFpXyMCKh64tljF4PPyY4fLu9tKYvqOAAm8DuaiOr3I4Verd5NO4vWxneIeiF2TNCwM0i2VO7BjO22dZmTTGzWrRQbcsrMHIFERSluMzKcKu7Dr8F-FOKwNWJtytw0UkIKnaLF53rsVVHJgrDvFBEWi9YNV5ltD438aKeKH6Mw-fO9k83pK7aP3BujSDnAPlvkWfrwxzYuSslsGQNHOxJxTM73K4TuJ2huB1btnphXx46n-B2QuXujH9haYu14jed4ziP4P-ipZ2YgM7tfNyhkA_s26Z3AXBAMWdcI82EEeMf5AmV31LT-vKiUCYVP-s-X4ljjdZq52vW46cLKPgE60rqgmZKB69hD_0xTd9vj_u17uicgYWVxsKrgPTUSfrQ==
Stuttgart,26113,1,Germany,2026-12-13,Sunday,11:00:00,napközben,2026-12-14,Monday,13:15:00,napközben,0,0,STR,https://www.kiwi.com/deep?affilid=mihalymisroriflights&currency=HUF&flightsId=0b77033451400000d5ef29c4_0%7C03340b775141000005f14e61_0&from=BUD&lang=en&passengers=1&to=STR&booking_token=HFeC5uEJ0ISJt1GYKDNps7LJwEMOoSpFbsbHxrR8obD880JcxUyBfUJq5M4zVTlbWNXjyvP0aUeBUhWfjkjG2baA1Hd9wEbHCxh4TRdderaXNXh00O96QwJE3p50hamEuGR-4EmObM3M1n-XP2a-GsTcGmTEsFloiDA0e2WLMrERChLhAMNeFoltGpRFoKDUN9JptuC9metpu1Adn4joRyqg5eBLcF2awFdy-IhAxS41rDxOZ6M5i5-nR6VKQoU3EkPtMmVh4MbsFdMI26lpasBOJPiI_N3gtdEVegFKh9jDb_v8aA4i0jhGiTfkcGKjIYOFqD5c8G13BYk_6iiiMqwdqiRcLnH78VSzxLDU8QL9KVjHu-JLvBHumnMNX6zHL3xLc39dboz3vJRllXM5TaAVJLEurV2TyOPQd7cLA5fly9a_sHHjGg8MB33Pjzx4O58TW7FP9kV9KrztlN7JZcAvxUijevUTfFBiO6TqfHxFch40mMOzDUKhb8AooKtq2HoA5YHCd3v-3CMMEFviyKHjpjq7uuPCwUzoRNhJd2tJErkYWotKm1vj8Qdf1Jl-NMPlolyhy3-SuDHCIunTke43FXTYLNKsAPKOtxGj3Xmu-KnLsrXGTI0f2pL7sSdR-ac-BBEolm-xHQtqE4Axd13iIuGr7jJaKoUvVr8V-7h0xIYiBu0eQk8WnlCFCAhNcxEimLgIQbC9qAE0DAu25S0iUK6QhTAPkEcmzcnZbzpn9jYysBk_vWJX0RoeYeHQKZAtzugyyL3Ri-uW71iLQTKYoBYPui4VnYUSvhSi6CVaFaJWfUXReZEB7WXnUGDAyUSkZ4ZfA0dlfNz0jd2e04QqCjf5BQ5EhBGhNAHtD3vgjAKtqQgYM8QKFmlecO6rRY4Z_imqb_945E55_uyS6poJWN-EB40g1uSLX0MIXGaL1SupXFaNkXYUat8-xnEiGnwLSuolOf-qsJlBGJ-WWCLiEmiKmAtKAMMDIsR2kT6-vypzRlHxP-eXX4YTuVra_kuoGXzpGfI2ey6-Zg7mGMNGa-8hBmSUdU7vlJ7m1pcp-iN4yboS3V9gRXFFo34HEgMhPPB3m_cCDDK9Bo935qY1Dgy9XZyyHvvH9MC4l60KtF3Tryy5mOCPuYNWos4xv
Stuttgart,26213,3,Germany,2026-12-11,Friday,11:00:00,napközben,2026-12-14,Monday,13:15:00,napközben,0,0,STR,https://www.kiwi.com/deep?affilid=mihalymisroriflights&currency=HUF&flightsId=0b770334513e0000dfd39e1d_0%7C03340b775141000005f14e61_0&from=BUD&lang=en&passengers=1&to=STR&booking_token=H4kYL9Vw_rKx7wIUwA7jDvffTIvIRPi75CpLW1P6Pb3hTq5zmY-h85uYmED9-OMrMg8P9a9dgxnH4cldw-ZAiGbBrhCBb7Ylj711iQ1LMP0lifeSqhQuJthZ9ZZPKW8UskmBtwaK9kLNUMEaQ4D0CIfwZC2XSKo0UyVLWWOb4hu-gU1agwJ5S4eLPeYSUr54ou5-OfH-KXki1tzC2d1xxJ8cpN5qhSlXXb7g99JFoL0gp_nyQqihJAFPl_Un22tnJPnwA1303wMHRn8ncWlNKH3kWJxs7lzXqtsvGpms9U0dcLO9M_sEv9laD88xnuCmUD_n-Fs0es6SVHsYWfMzsxeWZlgBO4GXrrGiEbwUtEG14ZhQh72j3tAM95a-whhvhLoJP_axnpbEyCKOJz1RYg6lqoKhe9JKigCZxXtHMDeMU8acAGE6Li6tb-0KerRiL4DxUIZaSb-77r6ibuWwR16__jlaXtnQWFKmgF25yYu6JnzczAagcjjuLQqekSa8Prt2FKnTmxi8CEYa2StqiZj-nbl2UVmBZGE5yEHaej_eFl_NuATIfZtAZt8_OmE4tSVS41d4CkLHgV_0pkeP0njMOdbaIVDt9_bGQToWIqiIU3iHziHD-CS7fr_Ks9_qJme2xOdvhKeMOJh73L5tr2Yp7wzCJhMQm0YPKjQiqbMMqENN6mbSKZX6yrhZZsQq7NWt9BSa2pKaNKhh_BWGbo-2Uj2X5kDjQ1LEPnZ283fOmsoBRuVTuybjPTpXamA-8NLOQnDhw9FapRLLKFPRPW2P6TKNQTu4SynaJJTBOyK29RPeXF6zsxfjMeCRyVYy2qXzK6sgF2ev6_JFkTiBJsDdGh6Dbi3KruibeSbl6uuhqwfPlfAWi8yimlJiIoXo0zO8i-oXWe2qLTOz9RgAay3LrDqtY-_j-nbo5eFjA-YFK1xEIeLmiiScYhX-JXFilnhXs9RXKQQVSpSIJxAbCYKKgNuE0XECfUZSQ5n6JpiYg1xo7xZEj4ZzNQSL7yJNb8LsdEljgNQ_FHG6g3icxVVnSG18A_8xTEh3TjHKOdVmcSPXEh7NShy74u157MwAlMwMKghH-rrqgVmWWH1xejtSbXcZB9qMipWwLg3hZU_jNZEYwPOeuL4adVz8gvchBnhLoFGzBVHdZ4X6jaaFCBDL5v_rQahFKUN88PobPA64=
Stuttgart,26213,4,Germany,2026-12-10,Thursday,11:00:00,napközben,2026-12-14,Monday,13:15:00,napközben,0,0,STR,https://www.kiwi.com/deep?affilid=mihalymisroriflights&currency=HUF&flightsId=0b770334513d0000ef09e0e1_0%7C03340b775141000005f14e61_0&from=BUD&lang=en&passengers=1&to=STR&booking_token=HbPfgyEn3RJGDM_8gdNL7n0mIuzX1ENIK2-3btn9Jtt5r5zwgPe_erMaeGQNM6FMIx7VWAOi1jYhju5mpCDc0LgfNQtaVwr39PnFYImng1k1x3CEpKXS6dI3Xrn48tS_Jayc8aib2MVRNAd8nr-G96Q4_HmsF73xuA8cBrNca82RwcTlDhK1DWS7jyubyg57hklxa5oHOamDyLrE65meTsypOq51NZXCwVTa9wLVWyDAKTzUt5WDEtNPUh-hr1fhXMQo_G_7eyR0rVQyW542AasCt7VWxlFhwbKdHReeI4DI0to7mSliIgZM8ToaYxzmi0e-o0RGgawmMqz30C5JFeCLeupSXQtyMFdM2oGkWsiOl0VlyL8G1yz4wA6E3BeEk6jGJW_URGKKiQegGDVYeTkKBVsGKehVCH9CLAk3vm6r1bBIp9mQIk1QFjOWSIDVxTv4iYjtoD_YIvwUOUnLwMFVGm-d6Pe7Lv__MOEtpPVR4i8SPsEunVdSCt4SpUk8hwMGxxmDnBOOkFXaU895IeGe_2QnVAgd1yxS8kUMyJqtJ-zJoL7vRARkSDALkqtp2sOTDGpVKkToNqOsQXHaq6IXy7g2OLijN9npxtc36OM2VL3XxVonPfLhJev874WaJOquPQHX5ZYZBO0yfGrC-OOlQlt3EmYT_RiyJu2Q6r0Xm2yQ4TMNOonxxsEzzhd5nUhg7z7XS4Bim-CN86p4XmpTLNEgMio0vtDN5DDwL9ipT0eefCo4BHR9GLI6UpyYYtGyGvoUoOqC5AphpLQeUqWQJuhpssrQb2Uf1Ni9zzgZ-d9jjuryoK4NCyk0PV8RWGA3UghT6g3pCshHCMq3JxhmRshykViEIQ5tzw2reSafUGnDiibHczuFFU3lPt8hK5l6e7uILpvRBsbDkDoQ42-2QhtwX-DNNBHHeiR4RMjkDdkNmrecplfGK19eUiKrcf2HexPMxfVbugk1uFBNd2n4aZViUnDXSUAdTyKgE0_MNov8MF_sKeDafqvOJ4kkh46_ynDYw8tKIvFs34GrYnnEgmtUXlfLIHbBZDPP6tePb1Jcxk__yQSeKCyscHMF2yn_lnbwPIBmPKlZPm6mfroZqzYsut65JdXDrPHelJAT_G7kQFvqd2m9ylvhnXinNXtcuBSsV7b2ukB4nlZ770Q==
Bratislava,26574,2,Slovakia,2027-02-12,Friday,05:55:00,reggel,2027-02-14,Sunday,23:45:00,este,1,1,BTS,https://www.kiwi.com/deep?affilid=mihalymisroriflights&currency=HUF&flightsId=0b772513517d0000f091e93a_0%7C25131e03517d00005651519c_0%7C1e032513517f00001d43f98a_0%7C25130b775180000088d4dbeb_0&from=BUD&lang=en&passengers=1&to=BTS&booking_token=Hm89J7D-bCIbzqrCpBMv5C5sceNKRUuhqs2QtKM6goyCUrugSElwM3tgpRgKXt4wAw9hFbnmU3apqv-txFEUtvEwi-Eh34LTfUB5RtiUP7s7EC1TCHSPG3ya_6Wi6vGBKZ_VY5Sbk1IrcoQfQN-ISgZ8g3BpGEr94wsa8gSGrjyvbmeF3DOeTBirCR4fUQQfw8PeUNuGJ4s3pYe0LShzfKEfso2bZDJEzk8gyCLpCaPerzrTrugns6fIgbYN_gK3QTs3QNgpOhCh3ZtdCXbrrP58tSuQjdLoWIvkAonzzZgm5oUzE-T_QIt3_pEOfXIVQecJ-3wdiX22J2AES_9KugUyfXwFWDwwkHgZ9eBNkJayBprHnf1tfDwisF8_Y2NkxcoYbX6x8gmIv_toWluKQEbPyJCtC1aIFoT5cT4prtPGdpgfAp-JdlG-IDHl0E0riosDx8yLDz8oV4MiA3PJ5tX2mTjr82mebJ6iGjeU0VWzyVw1FTj_XBPJqDHqtNVy9hGe7lYhg15M8AKFrew68JUZm-Mez1-3XERrMUdm2LKgqFyaZo_8xl8jN1yI2XHF2IDtLiVk-Z5DTHV4oRcjV5aoRdHBAkt7QssaqgIKcemBAMvwKoUshUvKX9UaXOq52mggNwRYbGoo9xvWuZXzxVV-TyCSJhC4-YGcbT2C2Cxrqi-J3O9SWmYpo_dzKh9bhwjRv-0LAMlFXom4eT6QMjMGt4g7UzUm4MBQn4ufcxPzvZNKfdrNhjTtK9nEx5I6xRfjt2pllA_oWVR25n0WtMnUjbV77e32a9lPMxZCtVs4BaVtxnnfuCv_9Jjyetp2lTVGlTOmdCGkstcesjSQLcirtCFVyKvhcC1PI3IUgez1eQIh6EWr6AjGFcOw1pe_yj-Uq6ccsTNbAYNMeiS6G7NoBAMs8lklYjzDq20fOlR5YC-358RuVq3fIv5modb816h-tIM74NlrDS2Mavp4AYkwBuISLW01hswC0tVNCpkr3XtmpTzDa6dQbVoB-cv86q57kRK_U7zvj51SqgqTraNovxtB3x0xfWO3VIlj-bF_MgaBxOgEcEtkItGj8fD043kh4TDdplcpqpAl_8LvxXgw5_FGxYR25ecMK4AWizKCuW2lu_WAHUpaSlOFTQKPcAGktsWczhBLb4qoHBt9IXxgatrZAwsnuWB0-mmItU9rZk9C71rF0Xcx6whtkNF6YRj40TaaA3deDQnHTHr2gSV7e_D_dR4UbY6_MOL_2GLTWcRqYl0WoshDldcd475N5B5hJTOMEVbWgywzPCZIM1zU0hJ7NEsHhv1LwPv_-0h4=
Barcelona,26684,2,Spain,2026-11-11,Wednesday,18:10:00,este,2026-11-14,Saturday,14:55:00,napközben,1,1,BCN,https://www.kiwi.com/deep?affilid=mihalymisroriflights&currency=HUF&flightsId=0b7707f05120000072236fa9_0%7C07f001af5120000036be14c0_0%7C01af07f0512300003021db80_0%7C07f00b7751240000ae77ff07_0&from=BUD&lang=en&passengers=1&to=BCN&booking_token=HO8oxTaoI6kL7U3lizCsgPYN8-yON60F7piFi5Usz2UWBN705LPDOTEcnyGOajPjIN5w9dbmmkgwIz4g2NGaNDTZbP5Dm-kxA76M_OFKXQUnx-Zkmxr_LLMuifp4iE0B4pGK-LvCbyYDnl3zjtXhxpcYqn6RetebGzSntp4oxBsz4UhD4JFjMNLJzSkBWKjT81fKahtYJXhLWX759g-9E6goJ14UCR_-6vgfk91_MqyusSN3LlqsWpqwKHG1zOB8s7uQ5emd-yxdIGPvEzPX9Je7iN5CrpJYqA4xlydMVDJmxmfNrJKkwZSyXaqh86oHzYanvBToZEAEora9M3IazxRak5TewldWfsoau1IhyqpHkICVFDbH2f01op6rz8DfB5G9uCXC1c1bDai8Fwhxzj8_3vX_ZpaJrARfp4Ds5Ra55EuVo5HIelWeejN9MyjMZVc0zuebrlMzUiUlQ8NmDhBXkgju4Ysici1McF7JY4hNCyZb1IRePNAPepSbVC7tURcTvj2R-fCNLOmYMl7hg0qCI-xuKBgKkKnGtnBLveWnlGm_HG5SElsTI07Q2J5JVhfryaIn7623TmMUyKClFxUuZ90cB4fsjmGuRqqMBk3D6x1eN-HQMkkLAN9Im5uZSTIceyXjbuAMz87tX8TMJXvhM8lYRU2H8E4Tk75AvUPZTYMwC2OKefgAlwxoS5SZmc50Iy7i1RPYQHO89sOWmaehyorL1rvGLJR8xxu0Lar-KwpHic7whNSg3v4S1ACSfj_BnuuFY1LEakfY6SMrGdrO06kLeUrE8VPX2wvoUIyX0wC1RNYcSn3R0HHRvWfXBCZXhDXz8hgMYLriavk6Cs3zW2w48GKAiPi6WOweB_gz8cztXIH90FZX2jFN-xZEi-NjLqRm7HnoUV_Qzc0N0oKhATZHIX4i-L7WyNumMtS12iUHBR1O1B-UHWnuYMs3t7dV_1XihWkaLb6Uft3_jVGBV5NGJhBgNYpIhUdyXc1CvI5aXR_agGxwv96ofn1c6xCGhBVpvlC847aZL6iDMJwCT4CCzbmZ9HBO5UuNKTeiESQZwCx12GXe36mZVVSmaQ8gu_4ynpiiRIbmGEmrGxeRGSCOrb6eIVpnzxU4AK4E6U8nyUSIHrHry9ErJeFcP_eo0ORspAba05dLfMBW_Q3JfQyYffit4rkBnHQoFH9A_H7QIsJ4TcS3ZxgpDbOHJs6sTjPvtmCWKxfvaHWutbdGcO8VtjOpfT7C6VLHe5RymQMmqXUDxeKhhlCFITkIEFL1VJ32P_edRmtgBivEjN3GQJTzWL2-tjXhwHO5ImeosG04eATWze7I8HUT26Nal
Palermo,26782,5,Italy,2026-11-19,Thursday,07:00:00,reggel,2026-11-24,Tuesday,11:35:00,napközben,1,1,PMO,https://www.kiwi.com/deep?affilid=mihalymisroriflights&currency=HUF&flightsId=0b7707df512800005c74ec15_0%7C07df2522512800004763484e_0%7C252207df512d00004942c63e_0%7C07df0b77512d00005c74b3fa_0&from=BUD&lang=en&passengers=1&to=PMO&booking_token=HFTPPE3oCwFfVnidZZGswTW51wUFUJeL3F7KoQeJXRojyfhbgCaRz5K9UUPP8tw7XISDEp-k0skpG2yghInwHBZFp1diFliHqErV2vZr4HXJz8ka-K6WDRwN3YSdkNSWKNmeNohhlTfSOjqbzOpRG3jPboNspH810cNEXMkQKM8XC0Qnk6AoGvzUHrDFh4Vk0-TouUpBhCZjcwmB7wfTy9d2kfZkFebcXEXCW-4BVl4FVU7MlQg-YIjPyPSO7PRzXhR3mlTW-u9T7Os0jQz9my9yHxLIck9WTfNeRPIeYyU1XuJkkjnd1XLEq-C8FJf0q4R6zohxFeDWAK_coUl2rPJdkD-T7vGh-Y0qbopdJr2C99NB01QnpwiJXV1L2aqr7_by15n8ebtDJno-1RwVkS8wQnXBdPH8X27AkwVTXFKLDtNphHbfsPWgzhXp6K3Ys7Yu0pgFWnocuxglKcsBWt0NIgIVNTuYTFbzjHF8TzdpRsuIEP3Ms6cPmHBNUvJCUFFPIPfniqUl5mLUUbNVCqAewjbxMc4tIB-hJU0wZGzymGh-U4uqM2wRL-zxRcc_3W7kQh-hIyIboF7ti3IvQp63KlpxIMiG-9lx6ScJstUZzz3-ItYSfS1TcFBuWoIZ9ofCjOrm9hT30WkKXF7pJGZh6vdSLYYy_3ypdt_HJW8FjbIB8zcyjS8yTMos9U-XxX6lw76dLSdBzQHeiVKs9NXpVy7FJ3W3vJhSXVeGVrIxRMH2HbiJknAXEjLubMANKfj_dZhpj5q2_tpnHbDxU91kJf-NGUE0uYdeSLGPP23xp_w2TWRa2XY4C6jDz4_clH78AX9gY4lawUIU-vdSUjZ2xW9DtZv0lXgfk28DwNjmI5vDIVlqi43G8sjCYnAsr3E3nGtL6iVBu7dN2ai7O59ZTBQzBLCY2vpGqsXBlExI0syLyxZx3iWTbsDinjJycpZAGFrpJ0_Ux2Du49vtNw_eL905jSVxBlL9c7Qqst4ShrvQuJ9yaJnTUz0doIpL6lSDQFMq6NM_twi3FV8xjM6NjTEEEpBAArsAk9B2iToVrqusQGGsXzGxHekWlg_TNH0leDoE63zxcyCDNglF6RW-DkRmwHm3-tVd8tFcJKDa6KSqDNCuV9PxQ1fXn1PkI5kmpvToQ6kpe5TWE-TiQhdtyeaTp1F9mI9YY2VjYk6XQ6U80SMmpK4_scRlK16AJyvOyE273fUSH1rsptIVnSA0p5TMGKm8Em1PXZF5FYVTPFGvdsMQhoIlnr8r5ZH0tJZfRxgBJdQ2VpbzzZyoNlJkYCLdQSeo1gn7wp_y1DM4=
Palermo,26782,2,Italy,2026-11-21,Saturday,14:10:00,napközben,2026-11-24,Tuesday,11:35:00,napközben,1,1,PMO,https://www.kiwi.com/deep?affilid=mihalymisroriflights&currency=HUF&flightsId=0b7707df512a0000fbe758c6_0%7C07df2522512b000045a110b8_0%7C252207df512d00004942c63e_0%7C07df0b77512d00005c74b3fa_0&from=BUD&lang=en&passengers=1&to=PMO&booking_token=HtyUEx8Fyya4w6JZIa61BQrhXKDB16EvtvqUe1Ht4q22PjtQNmzvUCk4Hq8V4DtG1x4Ksv5Hr0IGQt9aUYBuXIrh5GEosnQ2nytaMNfAfSTqdmBn1h-hTKFUh-ZxleQH2ZmAmMvYIBPER3cVKQ4fyyoZoust-DfUBCDT21IQEgsC_H0fDUgRmvi9gD-A6EwzBN1aGAn5zoGjwe7N_Y854FAb9xSPNx_uoq7BFgcceyBr5MHlPSE4bgxad263uh2pyB1BDZofr54SFyXrMTzNwbV3gs_Bs7wWET2j0ZfYBSwJSLXOVdeE3gxQEplqk84rTgRfc7po_lqGbE6Fc5nBOc3yxqma_eAApz1vnBDcZHHw7EAflSLy-HlKtinfmpnia72q1jR8vNsUNzzsUsBkC9yYas4og_NPN94zLBXZLKEBBX1g8ox3zfW7ZeF5x4PvhEpUdw4a_2mnnK01T10dtOHgCOvp9xlr0PJNjr_ZGu32Gv3tYa39GFGFNgN0oCX2nEeWNj5DOwCDkEWiwXhLFcq_DmCOpVYVQyEkPeUss4dKDrsn7cO1nrfvqzZI0ozBc9tClv2GnocIcscaKPg-XyLtGJYbxLKrxzUZL8r19xiUWcMgvFcQVDlKxfNU-uGMPRu8wsI3iGlIIiq23JE7NZzmHDdrMA53j23lzfIBapmTM4OGciXZVWlFYQftS6ygQJwggF6ABpWp-xUZ0lFS1GGSv5VI4f3Nqov99n64ju9YcMZXPhGfIVaHSRUyBqP7nfObuVo1lAHPgUqwpNGw8qttdn_IL8GQ2UFlby8UXzf3AUt7ZwJCw-g1_H0dm1lWOej4wLljNJabyE4S5Vak04mDykpRKECQOf7BGPAQpb3sM2b5KFiLIWbeAu-ad7QTQGnXYlYNu9WZaOUuk-yv2uRRMjwlnLiLc2d6uX0pV__0Sg18ZSdbf8ClgDhZW3W7En6Slf_bi2BQ9tr-BI3hYpC3gEE_TEAgM2Ml9puwl8e10KQAQSha7LM9o8n2IoyKg9o_eyOGoy9RfqM9idku5h7Ev8fLyt5LNM3j8d0gt947mP0kBos_TzbIR722DltqJCEF4PPMh5wczcGiQyh1hFPRmObOo_gA_wPp35B_QD3ViV6Na2xkDAoZ0jBlCuAEZWJDd3ITsEmJ9ruIIHTi-ErNbCZma715MaxiD7Cwt-nUlD41tKfKNnHbTM5wjqGzJtTmX1AJ-kayLk2KyKFbwglir3_5naG221LOeMdFfwmYceP-ObqY0f_SJozyuT1NfLhJD516yUpZZ0epD-VkBmD0yHb9Sf0DpfQu2zGXVn2Y=
Palermo,26782,2,Italy,2026-11-28,Saturday,14:10:00,napközben,2026-12-01,Tuesday,06:15:00,reggel,1,1,PMO,https://www.kiwi.com/deep?affilid=mihalymisroriflights&currency=HUF&flightsId=0b7707df5131000041155b6b_0%7C07df252251320000407e6130_0%7C252207f0513400006598d502_0%7C07f00b77513400003ee375ce_0&from=BUD&lang=en&passengers=1&to=PMO&booking_token=HPBxdNqspB8I90SiQCTVF5ni0y45s1dpevzMoYdZuwU71tFdvtYERBfRm4pSXDEpQxpAoiDWfYbIhP2bGjgkl4hBsm3M59VcVjnc9lsY34b04HWy_7QvgRVJVUjwyXIopouwjn6MwhFh2Zfxp-FZQRJ7S2Rps_WTqTOtIaeEhlyUFF5X19n2l86hS5rhV9d19rm4kQio9-B1-J0iRSREUZHWaYOZEuvPBv8fJSIOn_nYYb1Bm_6aWSdzzz0C-qz3-pF6fxeEd4s6K-76G99-2dgCx0jRA2MK9roVk4mTPFHUAAgoisXGlpQi429LMi1jLBeP34LIpzLvkq_7Hu-_MCIR2CZ53TAJDhPQd97WEK6DvTWvR4kAq-dwy1pQ2sgx8ULhubZ1t48hlv8BhQCdYpLLO5-Ob33xJPJOajnefQQPTu_MNrK-u7voWbBzOxJtUzjwv3emeiC4059vudqkmEvBhHL5-82NkpFimktuCBBCDNJrxJv_XD5zZOzyP15r1ddwxFpKtZSDMuwvSHjoxl3KTfs6nTJatfwx4R2niTkNSVwCZ9ouuC-971YJ86QzkhqtE3e6zodXDRyr7Si8thrFQcW5-l4qyHe4aQQ4eJFIZT4cb9gaLn2wQoc5SrBf6lSDux67dNPuc0gjfZFDWl-xEzBqpCEYGHCgCqz6fyDuC-3KM7lb3x2XX9X0lnK9NgDH73DZNXSoxu_yCnhrN6pJiv9jnZnQbe9TyU6CWKUufiUZPyQz6BIgnUIoZQTa97OcVF_W6LwbWCkHDYjNzhPmimNsgEKXanBe2A5tVot7d5DZcwQb7OrM7NfpJJJL6lqCQeGFzLEYD0D4Vmk9AaPbAYm11ofSNloqljHl-PQDwiTkNQJQI6ElFnPYShk9aHX0K262H_4uvfecdhTeZsOYkb0t1ghVjWcLAOk8w6Hj9etv_dKbn73hryAlRJjrStK0XBzcgwyIcoWFiAl2YSj2AWmIEFTP74f212No4WO1NvQNRuOZIWyMS5TFgbkJLRWmqKTmRM-ltJQMOme2v8dhzMiyz1hI_uOUHeL7ViADMgeaJ1-y_Y1YyrUyiJNyfS5G0GrPr9XXg3B8NqTHw3kbGJHPUByemYhG172PymVOul0ij01KMvx5GGLaHmpGKaS1lLVOk0zlhuyDobcFfzKWTYyZKyrgbnaxmaqySxlVbpDuZ2AAT_ssbPIJ57tWEbxHFj1GoAow25vdOuAJLD7syJZHAzrvroW0kM5BIDnym9MgB2ne8lNWdhVJ3E5CxZ7f5SmiMnsvh9zC-TzbUPY5ooJ3z72kNv3i9Ivua4ZY=
Bologna,26909,2,Italy,2026-11-23,Monday,10:10:00,napközben,2026-11-25,Wednesday,14:55:00,napközben,1,1,BLQ,https://www.kiwi.com/deep?affilid=mihalymisroriflights&currency=HUF&flightsId=0b772513512c0000ffb498d7_0%7C251318c5512c0000fd08d2d9_0%7C18c55589512e00003e68c472_0%7C55890b77512f0000d82bcf7d_0&from=BUD&lang=en&passengers=1&to=BLQ&booking_token=HHEChgIOpSnVy1K8NFNU6oGWBSyDOvAOf-TPDqwaBgrS0qvEju7OoKbQq0REEe9kcbjl7H86h9E4VwWnwocB5Z-aqAgnmLx4kSH-1G9axaoWKZ44kg2O1bdwRk2Lv5WiiP7X5Qs3TXFNXJDx-kC_AJM0l7JbuwPospEEeY1Cad-2ayKEPG4nqyzQlpmOKfdsp41h8fjlawwMzMCl6oEr98a3oXpwvv6QFl0y5IkTP7S5FqGsR0mfNpWnBCiGxg4hLszEOwsxFJ80413zXCLGyzsKP4jJHg1MHsZqi8008V9gBx9WJbVT-pe9MP-EdGOt14xALvWkXcmmdlg-8Bfw0qyddDyo59h5fEvckQFAqgjvEJSCATMWXFwgscSXN3GT8F38XORYyo3h2IYzdrdM4PgpscCYkhz64FIDDEe-o-wMrellhf-WKp-qRMfr_fhUHRnM_aXc7ei-RII-YOp0A-Eab1aPhzjLHDZQg08RU_fmd09YW0XvxM_HjRFvV8gDgJC3p_Bhbhz8fzU9jjjHy6-7qWKlvzezHELcboeEzpeA4nI_dxyOUCs_C4fVORiPpNkE433BXOkNcl3KxhBzYF0cds5WN7Dkxm_gWNdIhAlHcVatz0_sLSoo7-O97Jn7DQgSDJ63b_qoRXW8sfJvGEyvhTsZG3DNrt7B56GoKKWGzcmxPYHMUJ5alzUFu82VgherH3CyPwLsjeP9773_MK4zX5MlcVu90ZY0HlTnAPbg0bzhw4pGxSWm9TqKHtUVJe_kyFt0epTEFxHmm-0HObvdPGrwIkPwDLFvFH4mbKtq7ttf0ZyfA5KChdQqofGcBPAv4PtMTxclMlsSxOi7_jedEOpO66KmAq-SwneO5nfIyUqmD8KMdoO7D6T9W6u8UrVg8J3-Rz6fu8MAQv6C9ZJBpYkuYW40g9U98sjCjO80xfNnKYNoZb7nO03jIu9Y668jt5TChBBrrioCOP_kSXPNULGqHWuCh3tp4qzUZEvxg0OIJVUZUzeuXE2WDyd9YmkvnB1FYdxHuQyhFnMBje1huUIyYe9FLF-OKoKlAhAglvAf4pZnHVD5COnptMvuWNAEAupuAa5E8RExkMieSypYC49G4bAqBrZwgcSs20MI-cD-JsOunYY0oTVDsscf60leEdJmQGAIUt1DvAaKKWoABPdkHmbtyj6d3IsJ4w2Cssk7MXpbaq1rtL0wFQKV7Ad26UkEcNSRwXLukO8HAuAVLdPnX9prekSaIZjATulltWcQcrfdYzb_CPcGLNMdgVvc_vu3LPexWL81FJhXyXCNjfc6779kyf41rJkhut5QRG_vv5wbqHu0d3qsLuZ2JkyW9g1HTHhbMCy9YdxiCQw==
Pescara,26967,2,Italy,2026-11-06,Friday,11:45:00,napközben,2026-11-08,Sunday,17:50:00,este,1,1,PSR,https://www.kiwi.com/deep?affilid=mihalymisroriflights&currency=HUF&flightsId=0b772333511b0000df05cf53_0%7C233301a7511b00007b361ace_0%7C01a72333511d0000f6f8b442_0%7C23330b77511e0000769a2e58_0&from=BUD&lang=en&passengers=1&to=PSR&booking_token=HMobZHumI1nD1g0AWpikMIVWmt9a8c1HLKFyPL_KsCzF01bwx9cAPBVXmKuN-YJpG2rGB3qOznCuiPyyyqeENN5o85TxrTmXx10y_ramUni_O8f4r_j5l-Zg0zBbu8EjHSytrJZC3BIX8im7gAC3TPqXrStDDRsr_dhBE_4MA_k-sLXghZrbTxGVht29Rt0YTD5jc-GnnUOFQtVfR9LjfHotGrn3NUxyFT0nCefSQPaALBTT5O22AtJ-WFlMUkuCQgDj7O5jd_2OwXHICpq5AZLIzBw3ge3faBIafRqp0NoNhffqonhBFwSBCFcyfoyMzS4vLoD55L6LaPH-dz2DLQ8w6pWmDsLy90EK7EZpa-mrr0Tb8xnqxuimqNGeZd8UQeUMliQ4lK62AGDdg15TthIiJNGi-kDqaADqt8LTl9lcc_XwrQ9L6EE45XF5TPMVfn7Q24vJB7RcFJBrzBmNu8Hk_-FACK8eVITt0jERwxsjQmmXryeMgx2WMDFc60wUvpaSUiFIP91wVipFMFFFOe5_msVZ3Y5lYJlHVRY7jJ6wJia-1DFrR1FXbb_5Mm1D9qXK0U7z3PtC9DQOJ3f-lEBeE3ypns3bAQ46xYz1BdvJ0IxMIBW-huTZJb9w-7ve9OAQ5AEdss6dpTmInTJyDr1aAzQ8dRANllkN0_PAtYsEGHIdrZuvnmegdioEEBf7wqJCtQufMkvAoiK1BbGMZSP_QoeXiQqXq8QCu_ucZAl16aeDUHqX_gdYfL5SgSxjzO8H0V9npDwvewXvxu3Ea5fZ6tvZEZrEj185K4b4VC6uEpogA4TeNiiJOZDEV5pNpSaE3pKbkQHdnoP60dvYYM0seinmUrklZlhy6EijekaTcJK7SSpVSE-pt6PURfgpIxbkV8LH4QVUyxaDl2PYSHCLFghszKpO6mG5fayC8YedQWPVUrnXjgXsPLDi-QeY-3fmi9f1n_i4r51aZZdkaNPEKtNr6qdTKrF-d3IwSYzZ86ALcNLjpxIrX15dE9zPprPx8D200sk0xTXDP7S7yFNIRpvr0gvMYEArUDzAU3oTposD94-DQGohwyKnPQlYKbHRNEzfUGDAwMIC2-PirJyV3bU7oIoPWu9GvTr275OrFY02w7VmLUjzDJDGKOdmxneXuUcU0LjKJERUklePoMlFDNp73iE2lcCJstYz6M0konRaIckHn0B13iNkOMC1CeycVgVYLjRWp8rFF5_g-9fVBQQhL903pbmdf1AHktOAF78bsbNXNKNQa4nTWXzCdhxD9zrDbu2q7beDBJxS2SzPnpSSc7VR963xKaQG8z-Q=
Pescara,27016,6,Italy,2027-01-22,Friday,11:45:00,napközben,2027-01-28,Thursday,17:50:00,este,1,1,PSR,https://www.kiwi.com/deep?affilid=mihalymisroriflights&currency=HUF&flightsId=0b772333516800009d1bb80c_0%7C233301a75168000039286d91_0%7C01a72333516e000015e65b30_0%7C23330b77516f00004661da9f_0&from=BUD&lang=en&passengers=1&to=PSR&booking_token=HIBLdgz0VtJVgpQGwerDct5OZJscPC9nOptv8brwS9jISSeMf2yetNXLeqinIUnfE6AJ6hMDemSmnvA3A71ykdXiNP8yovEPrQrldIb4v-8946i7Q2QuZ0LSysCj_-gorZklBUACtpHmdbXvRrW1EyyiqjKi04rDhMdVGEB5OxCmJnJEUfv-2Rq-1h5eRqsY_Hla4_0gbVslrS5YuqlzZr-57ITU_fB2sn76w6me_noLhEsTYNV3HZDgHGt3eQ61PP5iLoqyohkLKr1jjdspLYn_7aMxQxnaXGTQ7zFMtCXCKCe3M4fBZBzk0ntWH5kyQu3qcp_iXzotF8SlYVDFyAEfMvNPdf7y5lMMErS7pnV2VTOoh-d0pD9oYTc8hxEfIjL4mgL3Jn-aR1V7K2ku3YYiqSzdlPMqCmygcvodd9b14xdeXB4JQNCMlCaP6mrXDtz9DIVv-OW7J2-Zz6T3_YumXXyDBsezKFjVCNkMEcN4ufrtuWe0SYPugvtHt8iAXI_dpVi4mcwuxR1OuBqe0MJ9Xvs9P9MfkR7EKf904bhM2JyaeU-cAVlwZ7QXIhCQ-5SqHD5kB-G1wPgZiqerMBB6ei41QISMOz03TbRLb_IE9JSTBQqVj6Wqz7wBOajVJPAW5xBQHCS-lFOE3BQizkqfF-p1_vPBjbB2pXAjjlS0pXyaRwUI5l81OxOQIPLaUvLbbmiShJQdHz6mog8im05QHoEcYLHqnnnbccvVx0OtePGxLNxzcvGJ_G089fWCh6fVADsC1HLYc31B-Xtl-zXwYWY5b_Q3mEVSmJ6shdhyw14L6DBTYXszzNyjteWxgn3u04fTbpTcVIGTKCxUA0bnrxFFbm34_wOl23s7EXv7kuIGdnsHXAnviL_U33plL8oKiBw8tqR-6UkHuFHbh8JntKTxWp1UPqWagmn26mFPOlHdmPzbJsHcOp00_9jFMQtwPIota3rbE2CSlEj1Ys7jydZtMixRdv6-k8tCS-evkFQe9aArbwAK87HBd3VkCdJj1P595v2MebCQwhp4cXuq9oRk1vQ_ddA93YOgzhuhJwP4Eqg-1cdegk9e01QSFzq_yeYahw8DGAqIlIjfK9G1bVtQsgKY_Ec9Iefc3jQsNV7-k91X90NGYC_2sA_Uj9LkXxIn7Vo1EzuPwYI0f2QPG1idLtHvjIg1XMPzqpIwPr3uebG64-1SCZs3fIruM9QWYQ4desJO5pd2K5a_Uup0CtZJvDTMeJwJvuwHzrNy594dnWUqn_TRbo0gVbFYKhAfcSQ-54y5kOKgu7h5uP-FYg3sKSXSEIHXNSw149mFxT64rgO2zLy91DI_Y_Ti1
Perugia,27019,2,Italy,2026-11-06,Friday,11:45:00,napközben,2026-11-08,Sunday,17:10:00,este,1,1,PEG,https://www.kiwi.com/deep?affilid=mihalymisroriflights&currency=HUF&flightsId=0b772333511b0000df05cf53_0%7C23330de0511b000016969032_0%7C0de02333511d00003b19fd6c_0%7C23330b77511e0000769a2e58_0&from=BUD&lang=en&passengers=1&to=PEG&booking_token=HCwVRe2BQs0OTbzMQjkNwIgr3Jn_--IzPzuMoAkMoRN2XLj55p-7JIuQxDh5VuwpCgPWnWxSIe54Mv6Y0aITJqT_Ux8jVU7ikQXrjkxKavdLnCSRsXrzeTApfIrT30b1S-WxpE26Y42zZ9IZDoS-e-cATmhc3jgC7UkZhwztqZO9cPfUIJApaJKcian6_tROQ0Hlxkmd6rk58tHK0GJWuCoX-9R5JSg0lW5FVfg4Z7JjvVfaJ-vx1ofAvbUk3UbAVVpVBexsN6-Y1auKDv_GPIofvNCMX03A2HAQVjtYkXqj4o_f1K97C4JZAPJ0AR44U8hmHPIWZByIY7B-ei4UbjWu7B3B1IPECn3G3r28qwJkFuDXSSZDUIN9DDAIWRy7SoERCFBbMK7GBgWniKWZ81U8tIpTElfLJtwTkyj1NgAJFgpm0xdlMplB6dUw_g5Oa6iaaPwW4NuthNE0LbwpE6kNi-7rdMRzRuSbOpRJKbSvua9LUkBpWG0svITPSIwtezHprJgRZVzU7SvhX0T8eXgyzqdCT2q4qw_Id4YGFdAMINBMoV_kFmb_T-zTleZBWKhq3OW79P6i6QB_H4_DARkq9m4zR3ZilSu1HHYsBZFF3Er0cVzwD3Aj4BvMjHvBLnMvM0S2HTO_u8eAIcmQhqOrqk4apwGewxpAUYOzUv7NU5pqNmSw2Iox-qNEDMB9uhjzczOpQI3wn1dhpScJ91VawvQ8zeh-1jJKOSgqxfi11ktnpHA7TnLC54uJxcSVBwSzqm5f5L36EwIHP7KecE-e79yzraWpqM5_ZEPgFuKmKWSR4k9g8m8X4DViNYoxXc7c5KlF2BfjHq5ra0czxZlV6HYxvSYFJd375xDSajnCwXYUT-0uvCl9f965hwlfZV6qAXEGhZ8nU2VhM3yVcjgpMU__BK7dSXvQ2YLbBvSeKtRQF2jHl4m8PjzxEqSvYWNDXcRs5GOjuQnzJ0StfvzT2f-axT_5BCADdDFwSFHQF_zTZtkfw6X5Za0Zrvh3m-QQ0KVPIUPSV8dtYDX_aTJ9G1_AqonGWdSi29Ga6EsmTqmmQQMDiNAeDVJYxDWeq3Gfl0A8wlHuIj8gk4aXvHBhkQHsvVJA3rAzGtdhEbzFkR2JOdYk2lc54sWetR-Vxj5edR2RjgXXZfPDHBUgLVkjPTZTWLUQfQEr0qYc9oREqnrFYQChYcSbvYoKpMx7rG5UiQfEQaU8WeB1UtIuQ1IzRVFYK7deMRBB_HHJbZD8d1DRsJ_GLfCSTi8bdSGBm2AZMWTvUhn0yWar0e5s3X-7NqSp1ccUJzaK52Y6rxSaZYKMVrGpawP3QMd9vNc_L
Pescara,27384,4,Italy,2027-01-17,Sunday,11:40:00,napközben,2027-01-21,Thursday,17:50:00,este,1,1,PSR,https://www.kiwi.com/deep?affilid=mihalymisroriflights&currency=HUF&flightsId=0b77233351630000e803580b_0%7C233301a7516300004c308d96_0%7C01a72333516700006232efc9_0%7C23330b77516800003ce9dcc0_0&from=BUD&lang=en&passengers=1&to=PSR&booking_token=H3GjC8yOkEyKCeX9YWTBmNbOq16UBn5Gv-ynbRwFt-Q3kwv-p0FINaU8RLzEhhPkYeDcAyDfzC29itPUARnA4ayMMJtFm_0XlNuZka-jXMEW7MNKPilLgLWwWyn9nb2DFf3td_eOgDlfe-Jn-mLj2uC_G_kSSsa4jKPycup_Yux1vPjh0Zrf2JOBYXiABwzfmw0DSM14siwdRZeNi4HrHdwloppT06rgycPG50hNJ5EGN8V-ixm9TMqgRoX9nHAKwju7wi3lDAf5Va4fVHi89TnRkbdECkvzPgspK483Nny1AsSDiSbsiLASCFuNufwH5Vzx_-mLSMUosCZ5u1Z7StGhZU86U8H8xxtyfk7eYGMou3Yhxtz7g6jFRnkc5fjPxWSPbMrQfckGER0GSBSTrQegyUiLxIbt8MBJzmlrDMQSU3l_J_ytUBN-f-xCGvunB3pSUS755mc4UIshh0YKoMmfeGzLOdhAthwYSlCE-12tgdQvAwAYNEXcS6Fdhp2_UDwg02nmWqV6BpyQnH6UQl8j6JwRCasRW0EVur144gXAXI5LJKC3Dnv4qxQGX_TTu7SJspO36QUrI1lbyQVIw5s7eOVdbV-bWXqN92pawmeBq71oc4Rpl8ahf23Jhg73GJyk5HTbt-tvXfTN6yovtw7bTwWoHIZj4f4KWB4h9_Coh3pZy5tjhgJ_tA7JUq-auhsMC5V9D2jK9F1LEQgQPyI5TnQpFl0eBKYVPyRWMBVnagyMwnxQcwhk1DnVt8EOTawCXfK-nxus1prVqDL0f-dl0KxC_5jLCJh09w_k2pWUSnX9hGMV6Nsu7oyDi3qKzF5VMBWNOHmVlb4HxPtpYxJPQPUdqOfpWXrKDKZT0mm_5O3zXrhT3KPsDKdmRDh7fznZgydqWBZvbkv1YDhsxeE-JgrzGT--JcDixdkq5eDMpPr8mei3F7eMX4bK22H7blirNFc-b8sF-KQBXEFEIAjdiNs8qGx8lIoiqvqyFpN1Bqf9zm4Oj7ijarBN8x0d7VPllqEgZ6TaSil8DgdCnIxOpbVUCRd9NvIX4W8-W8XjQEk47b7t6SFNyGENAaokC_tYbxVbwzM8TBzRdUtAhGamesM0jGXd8JL79r2zTaIGryBx-9GLYpn4R1qDnSkXKjbeDmrN3SZiwCCmdg6kszWbbBL4wnV4X3gYlLOCT1FuUg42oQdFQ50c7lfAptja2o0oLFuUdRGSlaD_fNzT67MD1VsCXn0VLtdUeCjgUElIoo_rWmijyet7rGquMhiempRyHFNQKJefCpA_AJ-TYJc0hJlPhK16uWM6fyLkZisPQ0F_af0vZhHQt4O9Ya9Yym4pDEQPhhwRd4wPwHbMugw==
Bordeaux,27752,7,France,2027-01-25,Monday,10:05:00,napközben,2027-02-01,Monday,07:00:00,reggel,0,0,BOD,https://www.kiwi.com/deep?affilid=mihalymisroriflights&currency=HUF&flightsId=0b770498516b0000928bf5af_0%7C04980b7751720000c47c099c_0&from=BUD&lang=en&passengers=1&to=BOD&booking_token=HN1i8G0L6jLuPCv90vhbBvWzqZnU0ZR7FM7ITx0JF0mf1_P6xuLQRAFoZYz4SUWOBGa7gmPNaly6YVcuwzZ7DKET8D6Ic2bl9zgJcJPpVsSJAXnW-TIFAkBNCbK8bBGQr0Ai6ywlahmDLQeiwdDOuakNWOcg1WMZsgGUKwnhocwUUA1f5Vnal445mHwiRGPePccbqmuli49Sae8RQgyM1_UedCAQTug8abF91y6HbG9N2nZcibJ85Xs_oelZfltcGVLotoavURRAAnLL5nSCcV5YXuTV_zpiwts4FRzsCLxGdf9ytExEXYOGNG-F18u_sLoeqW2_mb5NqbPnZS8IHuy5e4D8O7JrPDHkYOKLEvZuaFOx7b_MVuJh5tqWcDJNQ_1fx3Zhgsnaejf5loliSenaozcIq49zuAZ1XvQqux8hxbG4lLOl8S22dYvzxtAKeEAtz6e5Yh26nRCqUPNTU4fZO0TXw8Yx7l9O2_1g0Y5GCpnywv8sn7msfswCblcOSGGchb91mI7Yb0mjeUzTB2uWgIXX9Idtx-yfVCJOqCLmU8uG6mexYv5lAmNzFpyyaseQncHBFAgiPlN-m6KPkArxZ1OJM48rMrpXIYb_0yp8YSsWJO9PG_QHyqd3Vj9SY7lT5iJGzkhDGk9huCxu7yIDj3Xfq5RZzK0lo_kvNl-yfY83Ilr2QIr8bFKD-Mipre2urzLmi6BqwcV_ljpBE2LFmUCUZCMfx-hJfuFNrwMSExfzfKz1oCZ6PY-OjiUszXzVcMGsGNvJa8EFhr63-w54nfeTRP97CkPPzsTDg1er_vf80KSW_XdHoXjB6fgK1FVEwOLTeMmVOT1szp87NWZzayxF5k_xN_36yJm9oBxyfeAKu8kK4W_mbJjAuCygswODhCla9DMKYBskL6LDMYGoqixtPV8ZGZMkNdGXPoYiTp7ALsHAlIxHeUTaQDlAEj_LmNfLJuxhpFLOq9aVJ5pov4OGQfYpfmwqWQy0pLaYoKicUXSXyv6y6faKTG28R5HXDTg-7hwR7cS3mZ_avYffmy-MTE4VCW2ASNykvlzUi-Olbo-5OxA2r3mX1q2CiBoRUdi9UyOM9EILNUNmcN5dlUSGXaWCTtbJp62sy99v6tLbKikSAKjqJ1XrPOTxzr5e4aKO_cBpzMqT0rKdXPg==
Verona,27841,7,Italy,2026-11-02,Monday,11:35:00,napközben,2026-11-10,Tuesday,07:50:00,reggel,1,1,VRN,https://www.kiwi.com/deep?affilid=mihalymisroriflights&currency=HUF&flightsId=0b77233351170000ea90c926_0%7C23331d03511800006b1ba463_0%7C1d035589511f0000f32fb69a_0%7C55890b77511f00000ada29e7_0&from=BUD&lang=en&passengers=1&to=VRN&booking_token=H-0SlnRBFQ6XsyCP6r6AR461dW_Sbto9Ydnuvds5HCu7nhAwnzaiz8Fo6Y-vo4ITQqRyS1S2uPJQQv36xm4Q3eDm5ekvoKUDhaQmcMhh7QD4-xjMH-wHckJ5hz5DiIdh_EvE_E6gL6aZOnRj6q7YMDmhGK1sQTJLvQOzPR-ix9Vajwz-aXQV0hnkGVaWP0GIVtt8VTSXvVsSDhb4IEhxvVHtkbniH6doAkVVUYg9UhNCR5EluMb1pTpnYWxGlBSL_b8fHD_qnhH-h8DSeeVpu2Y4n7EaWzM4M7F1WZsef8oH_idgxam8H41pSptCPvvqyXEy8fsvBLCM0XYv7fM7Czc5RblO0nie8WdS6arlsJYc8LWSqFO7GsoR_BxwDljTxtSAm5SlIrsTgwLuKrjWguSMh8mvxUyN2o0LgJIUZd9FP-gPyQ7iYCirfgcIHb1vJ9xHlYYUfhv568fZmm7Zx18ry_BvHhkY5Vt3BKX1Q1nniX3TEGrsWZB3itdbRwOeoItFaQJI0fezFefVCOWfnE17rbNGWoaYiqzQEPoZF3t-qHH-K7XVi2lvEfqfuGFCC8eWKrIecCza-RCIrmLbBpVe1BHWFnTzlVFYXj1tq2ghAfFG1nzsenwGpKgDprgCg4DF6O3MiCukC6copr7BkXLvEyVgrm2fM8D1jj3FGp-1St_MmVQjOXPfMFpNTuo_ScA5GICgnvJmK2O5-MZGBVvbGRx-itrxizHxG4bYRgVHmmO4kB1vDSptBiAlFuzssvQBI6QsSAmXQr1xWey_0ULakcS1MLGd0hoq1ivSrfhaU64xJHV051iOuNORoGzkcIWCOGnKi8vI5mKmbJ_3AtxOSjD3PUefcKrSNndb_ei8IaEaGJmGKiH4yjTCQzRbzYSa1Nne329K1PkVao37_pJZLK8RNduVebZvRGNeJ4vZtIz-l_Dd9pDeMreqEmP0Ty7v6lbwd3Mg3m0bqIMTNvoEL0b2rngIkIFUdFpVJ_H-H1I0IthA2Glp_FJOy0uYSQa88qMp_5F4lGn0mD1NJDl2ZYuNBYSCQWzSTvaAbjovZsM0myfwvC2dxrqzlumkYrNen8KSeq22qnh4cmBRcjuZ1y8lkSgqFeQfg0zr6kF5xF6WtcvM0jPEMDXBZEi3G2iz6w5oFDPHqqoRhY65dK7diHNaxSY_pMDL7foAKvo9rqk9DPgwnZbL-ainNsNIBMRMpEADEgekZuxIaH-VWtPiz690ZSSM1DxaynSyPR1mkPH1_R44VdHUS8o5wZMiWsGsZfAKSr1CWEPcTkxK6m9GbDQ05BU1c0E0zm4G81c3T2ggjrh2TcYqsh6vaS8GX
Bordeaux,27891,7,France,2027-03-01,Monday,10:05:00,napközben,2027-03-08,Monday,07:00:00,reggel,0,0,BOD,https://www.kiwi.com/deep?affilid=mihalymisroriflights&currency=HUF&flightsId=0b770498518e00000e3fa40c_0%7C04980b775195000005c6ffbd_0&from=BUD&lang=en&passengers=1&to=BOD&booking_token=Hjvh3_9x0rX1kD-28h0UN9e1WEyhNDQJJkt5HGW5957uQtxdmRDEyOht7n3aCjmiI7-DxW2u1yRr8MrqJVbN-UUGIOc8eZoCk3-FP85Rd5T0O8YQxjNxAEsKgcsL69y6Ngw05AUfzwNzmjJTS5pdPeMZlRvfKaxzNQyjh9h7VhAqynsftcmRwTuYFUpsOI-LyPnOySEux7TP48i5SRAc5gYDTfN08Z_X5ScqiTN9jjy3KOzZ2TpnmA5q2IaKaDNYcV6ysdgPs6yXDZlkTmUSBDvjYHmK3JV9ww-LFdcphqtvSywbLxufOD4etpmVCYoY09QgOLHlK93JIVMCXF-uAbtPhyEx0qaE7Lxhwc3WIs1FSixJhMzAHbh549K1rCSYBUzi8iZq1FX6TtgHUW06ZWZbJXn04tw52dDoT6iPQJQ5mObYW0o4icGUZVc69UfGdYj71YuUae6YbfBjYpEBovMyZszl3Y0YzxDFf6w-frrvXX75wwrzWGBCJSc7p5iySd2vfPDMKswkFkxI4YjWyVvJDruUtwjHAmJ3Bi_FdbaL2NwV_xDKXl_qBOR7-1sn8axRBowZs-wtQhTSsHloXDna-9zvzluzajZ7Hav3ZgfwiNDUjFRR192mggawewJmBHPVAvxba2408nPehiIskaZ68liLgkbhW-Mo0AS0rjB5LkQAzSL1mMUMkp4dIoYVeuyvtMdyahCSpPFdGdZ8b-zhmj2DahwyqsluiAchbmwNAfB-MgAGqV6EkGuzaAz9uwHGx6BlwU23UArozq5qK1l3GMz8L18B3NGbDskL0CfeOsRIVb0htiVMjNnavPtBw1OjQc3TTdjg78rJEKBHC0cFLrFW3qMkqW1eFUNFlUL6R-vbbwgHV-mDOhVBGbsjo5bwvhUlpxBklGTq7qf4l-1eVq4gK1BleZNb6pDd6i9CUnCHPvbQTGcjSGr1PN3fzJ6eZsPJYMvXbYhDR6re4x_IYf4Wv8ZBaGuczhK01sHRGMcaS1p7Uz1XaIhlrAvOMh4mxAA3cqQbMZXgcKCSQeUZX0lnDVJEvuv0m4IHaNm1VzWHVSCkLI9gIpqQmrWn0ZK2e_KY_Bj_wt7squ10bRvA0Azkm35ASFcaNJ1-PY3lCq9iPN_BWziHlWkgKIMWSbEiobcPgxVwnjwY8xpuY-A==
Bordeaux,27891,4,France,2027-03-01,Monday,10:05:00,napközben,2027-03-05,Friday,19:10:00,este,0,0,BOD,https://www.kiwi.com/deep?affilid=mihalymisroriflights&currency=HUF&flightsId=0b770498518e00000e3fa40c_0%7C04980b775192000033885e0c_0&from=BUD&lang=en&passengers=1&to=BOD&booking_token=HUjU90j6oMURqv9TVPtJWNkFqiIC5dbhjP5R8Teb_QtShJH5lIFcs29lt4HFWIG1kSlkKfZcQT5uJdeKTrLCAGJWnbnlSPL_ZO8mD0PCUprisqhx_F50sfOU219wa7hMP3a-ASwQwqlA_jFkeJrUJTPqkH-qB3eSIfy4U4FUz8bEwp3G69UUeDk4w8mfjvlRR-BIZWsdfUC5gb2GVstcD5UCT58Sx5HrLYuyaHgeCnXXr-WwqBdlrNArZDjIZQpFcif9OYDeLeD077RR9kgjTJloNkrCSiUgQU6qBpV3NbA4XYhr7XACjYF8ERQamOoF5IZqnfwbsnPOrhYug7xVl8MmrW34Eb9Q_bTZDNTTM1Wya56tS5AemcPXb6ypopyWyf3CibYKZO2GrfYBdP1C1M5_BVjJ9Xp4Lyjf9siOW2xWS_SsNBmAnwjDTq_GjBXhx7aC2XFy0GzJpKajXiQ_2aJbd25xygmSPCUzclRavGQLE0g2ZCjHO8W9OjfCReCY1YRzgcM3ubP8GBIccpdBnIYgkxnJD6DVllubvoTOA5I4YkBHjbzNoOMWzeO8dt56MT0d4y3XMZzvlCIdy6U4hzcDkr3oTmQhLyGI2dSXp717e7c7cx7tslfd4vuk8g_qrFmsB7oHvvQl-5Itmz1e0SVn6d_kyWV0AVzQW25Fyicc1Qg8wBq4S0SV5ZCTCxSK0wmXQhIn6ivqzDira0Z-GmT0N1JTI854_y0NgnFklxtCH7emt9hE2cG5WJcfTFsIJymUrhSQzSupWFA5-EajEgEfT5pn4jdx25r_Djr4fkJdSGon8hIxGO1cmqigvlS3n7VEM2Bu2qV7rDmc-VcKiRoTahEvOEaTQKK7p3DLJnBJj_vQa1gTOegqQA5c5kh7fa7fzaCTDfm6abOlzVfdsIG0YXPc9TMMYJgJoUBcoGb_CEupBh9kkkNVzNA8qIowO-vE9mh-r7mKb_UTgkxPYbq9j-p9UYy3HPMnUvN37GFwAF5mcZtjCV1IpPxD0a0fMNMrqTil_b8zakEYPnBOwZ0tHgcO1paUeqvptlDMQqPpTzDf0dZ6Sz8M10EwFleP4k8xNw82IvP5-iLwLyYIEMuQNjeQSUqP7S-Cgx7Yu7oGmawbonFpDwM1JemCde4wd
Verona,28000,5,Italy,2027-01-08,Friday,19:50:00,este,2027-01-14,Thursday,13:45:00,napközben,1,1,VRN,https://www.kiwi.com/deep?affilid=mihalymisroriflights&currency=HUF&flightsId=0b7713d4515a0000937c25ca_0%7C13d41d03515b000090ac9aa2_0%7C1d03233351600000981baf67_0%7C23330b77516100005c1fa03c_0&from=BUD&lang=en&passengers=1&to=VRN&booking_token=HDMcw25r7tSPabr4Ajz1tMNq5TDi0J22nlidPoT6JM5g-VOblWL-7PoCZoeXx-fHjUdV2xRUpcy7QnC7lwOoqdMP9rMOt778k3yFh4w57wyiVgDhQ4cYtorJ2Skb-iOfWKTloS0XbkHw96XQDHG8P4as6ouRSw6a8uvqNzGBwCcatZEOLyUTxGs-T9O8UiuTQgkAcIwWuC5-J56JkaXqLGgVY6AG8FqmELUndjCbNgdP8gYrC05ZegryglUadFO8gW_hKshI5XY7F-v1ONVP_mmTnthEtngJOgLpvZVPqIt2eotZvUHG1XrYft04S-JSSG5dhvWi7XLGw43pNVe8klyZJUwiIfKBQoHmkiaj63HOA0IEHBm71XWYsuRz17i_S0ajQL-3aVRhlQBPlFbKOn6dw6vR03az6KbmCXIWuTcCLE9Nh7fnEyEh61QnHrNMPyzeeEoBYi72EATQezBMYqIAG9_PqGrZph0ReU8zMJLOSSApSiNCNvTvc-BlDxPRR0Gs2XyLV7ch-JnxmZoAcWhvCFqj55Y3fKhu67FNPPjFOPDOAlW5603Ysb_l8ASatY9mv9NuP5IGD_sr3nFMqQXbgCvpVGX2khZhUnrXi30531G80uec98kMpFwrL6kO2_HUSLMMODMIeHSKpzIBrgNQsufdBxTNiQqpFzwB9PKWQgVm6RmntSRMaXBgopPc-XtUyQMG5tEMwo2bz_DsOScRpGusyXPgMrwf79lwEUsYgd__OMpPLebpHeNpTWKvQZDs9BXJyhohPzJA1LKGxiq4I5DGJiDQH0x6ML7cxjjgSznUnYAepGhNcCZqWiv3e8snkeGr0MZw3wmEoQ2nJRko-921R-oqKzhC_Qql0xjlGwi71cfbBKhos2bHiJtFUhXLLplMmV-MnTnche8nZ0nYtAIYYWffuwRfh8g5LN9AED2FRIGF7zFykcSixAgP0exxFu32oPES2IeLU_W0caX8_rrThv5bYjGI0CASoxEkU0lkqo83fx9ak29RFNI61B2pWP--OAA3zeBM0q2nAB6n8Yr_SvFAlybhoivlxDiBPe95nbSloAt1kOigbT3VnngpjdhsTyGEZSeh0NSMph1rYCHJF6qi2Bh4ZKCbRFMlo-SAPG8UwQh4mRmz38hNqmL-Wn1owNPLgQuvJrc14eNdLJNIZMyF0GjECvi3j5-hcbn00-8evgBjQG-qXHVLWv66d9HRSK84SoNhwI0sSjs1LjTlz_o4ZytOJoaarrE8-4IQnph6vO1xFH8Sutw1AEVyDFC7YwndJN8rZzUaSnfN2vuQWOM1hHGI45fK86Mws3rSf0VMnxH1srb3KrJ_adpLGcQdT0e2Dzw02_geO-g==
Verona,28238,5,Italy,2026-11-02,Monday,11:35:00,napközben,2026-11-08,Sunday,14:50:00,napközben,1,1,VRN,https://www.kiwi.com/deep?affilid=mihalymisroriflights&currency=HUF&flightsId=0b77233351170000ea90c926_0%7C23331d03511800006b1ba463_0%7C1d032333511d0000aea617c1_0%7C23330b77511e0000769a2e58_0&from=BUD&lang=en&passengers=1&to=VRN&booking_token=HI3b_tuGEBYEwm6IIxqgmGJQyJ5xJgECmEUCKHadc2tBEdznG_Wfjo_TiM-aeGXl1QZwp2vWxVH2fazs6ybqOGHyvIobv367KI3Zsf3qHroHxeXRknIfW-WpMh_Iawygn6PbP6XXNvhZfiyRpPFOEy6qFv9CLuCQD9MsWZ-xoLGCyQws1UEIfobdlieCcUhyxTJOuxH9Q9TwvOn1xCo-NAregutDsJv9OF0ZiV0tGHMKYS30JfmvZGmDCKi7D5IP1z_Fo60lxiwdtkp5_y69lEVGi1sy3iYNZ9cgE9Wee7Z7HBcwQdw_t9sgwDYRbYk5I8_W0wYV9heCKutge8HpLIHqPRYs91Vyp3OnX-D4hK6wnvS_XmPGNqvGZtTgeHd1_VaK6zLUM71ingiLcEmAlGFff6WeBBW8kPsrwO-5u6-UEn1YCwMVcYo5y1W5mDqGrnJTUTLmBbli3rQodmCH0LdtVO1sVDXYJzSbL0kqRgR4KTPBUwwLtNiP7sO6XTaWjQ_PUBsL5ir5LR_eImIYbXg4oZxp_ze0EL_sndc-YMYBUo1rsodIgkaKtQqBrPv01sbBjH9Lo-a-wsyTRQRBWdG6tVRZ88W7lBTiu0m6q-1_Ji1j0XvvZuuohndTP_W_bjQiRI5pll2wtLZOHt8DHwbE6XTvHWQ7ywApDDxwfBtPJ6OeeYoWMhzFkm8soJXKX47dacLnwSmctkGPlwglu-zfZtBHhP9EQcrcfGtI4bYz2PcdzlZ9ywY4DADHlKh9wBPx__OGD9w7mroZX1ateY8IQlOSsKkWKByUbppZ2IuqkCrDUKEb3KgXrS5VI2papOsjUNZ8RZ9hmAKliB90tQguTe1x3yALbHVNtzUUJ6rQS1abpGwxlay0s59tK5iZRXWdOokPwzxhQj4Aa4ow1HVkbJhFhPZoHhB7znn5Js0k3tdUUt1mOooncShqXh66NCzfrHVzdYx_DY7Xa2K0TukBYAcFzic26mQn8NRyNJtsJuU32qbycoAsofUw2ptO7WkYou3zc10K-RLQsBAf929gWBSMwkuisyVhqM3wiDHtWH6mDdF-zU-ROEAMYvJRJ2149r8UbIkdKn6Fw9QxGUeK0bpwV5Wu7l53dwbgruKE9eh68Zge92ROnye9sysf7BcZy9uGZqOnt3gWacGKiP16BMgUFCrp8VnP_6viMyfZkRGTwK0I7KkHUz0FIoMwFMWgU6T1D30f9RxB7nLxHXn3OvxK9S9TPlUtjOMt2SChJ9JEMwv5Sb9IT4ib7R4VHgYPeVlx7sHNI-okiuG-8ZjdFPUlaY-FbeaTHrB9ZauMn8YWTZOPqvjklBojJJpCj
Málaga,28341,5,Spain,2026-12-16,Wednesday,05:30:00,reggel,2026-12-21,Monday,09:55:00,reggel,0,0,AGP,https://www.kiwi.com/deep?affilid=mihalymisroriflights&currency=HUF&flightsId=0b77141451430000b0c18d86_0%7C14140b775148000088083d9b_0&from=BUD&lang=en&passengers=1&to=AGP&booking_token=HNAlkvPmI9gWQoJd-WYZ67EdI9gLu-6RvCNc_94SkViK9jkivHj7KII4grchQzJsoIWMKMfuENQPmU0ZchZO30_Xz4Rbx5KlAE6CiGtfuHmiip33TifQkpDbxwDfUNTpszUJpucwMm6HsNf4UWspi6g6Bg9a2AdqBQGggsGzi9aIYTqBG4Hy54pO2Ejkml389WIul0sB04M60jqyqpFy_ExCeSfrHQn28h-Tt90F1Kv4J4FvzmQgA9CHiEiSVKffuqgYUqsV1idRtkA9iI_U_SrVtMqE1Xu4JqJqMuIjLjqBlKNGGLyCRMppqE9EM_EzpgR_XmKetuZc53JQwPOkuuFR5zrBHiBM2An0IGLMk6B6OtUDorLX2ZFluAAvgPigLiJVEqxUzlL5XlETdtmR4_sTmTZ4VOAUl5nwXyNl2A591rR0Kn9yxWBjSP305HXCVIoB9ujQ8FSXbqBfK7JoWQzlokZlxSg7c6H3QomkTTdgSpF28mWoScy9-MgVrS7P2VmFKGHxlwaglQ5253rnIzdoUrmvbGvgXuzDByx8dIlbOHVle0ZfDMPIsBg6gf9NXhktr7MQkzGIVQtArKZOvDkBPfA8y9v8TW8W_pvq12jZW4TuA-5BRBb6NQyH8vFBeex7a3heKoZhl7OSuKjcjdP-3pRHW9l0Q95PpA81KfwiqDV3vq5KMhT6Nr2J3Pd6os2H-BqtRR9tx8gyS0cMZV37VOMfxTrnECQg4LU9fxsXU9kttkSQo9jUSkzYc23I99D_uzkaI465hmnEy1nfKuRRrtAn7RZbNkLCyF60GvU82bZFv4XghXl_DF9x83xamGh7xZEU67i7Brq5Puv-F26yL6CYuxjIko2159lXYWez3ptWw8b-NAr-EO1XgnKi6f8IhUyNdvohKiL2ZObpejVdB6gjwUBaYT3ksYEDw-kW-e8ylZV4snkWGBDsWTpb8VEDYMSf2KXy3RnM8lwVmPh1EP-8tHP4yhkRJVT6t6FrzZ4KRI6_p-R5DPOUT-Kz-Z8kFGXpRcUH9i1BaD7fAypv7sUR1HkxOjT8ISgXglR8IsAxOz5cnwRTIefRqKPHet1n5tlzYb3V_7Ma2q4NCdS9KHZv9CXZCrNnOvNzOGh0E4O2u_OyccisL6IyZ5E8o
Gothenburg,28405,1,Sweden,2027-01-15,Friday,17:20:00,este,2027-01-17,Sunday,08:25:00,reggel,1,1,GOT,https://www.kiwi.com/deep?affilid=mihalymisroriflights&currency=HUF&flightsId=0b77078a51610000a4c6412f_0%7C078a208d516200001459fc30_0%7C208d078a51630000d9e36420_0%7C078a0b7751630000d06860c1_0&from=BUD&lang=en&passengers=1&to=GOT&booking_token=HLdo4-gkbHI1ziaYitQRKjDNIfXYYOO-O7vxNFIs7dLZYJeQUE6qDZJE-D0aPfrlbaRyz3vcyX28v-GDJXMnANFPGGks-tDTCLSoSkQjaEM-M3-AjGGnS8YbP8ZmSCO55HbXH1juaRUYZT43ft-ez8QyXydUJIwLHPUpiFvFhoV6n0fhig-e97ovmZ4_6MGc88VUHBqMhNvWKVCcgvvOMCbPmT6Ui7Qj6muNGTj4p5u8tovYxwfWgruAjCWi795UXMrm81sfgop5wWXvnvQX-aau2bmH9uttzFp0tULHxq9kldEB6Rou4t01tiflOagLiqR8ILdAiGc6O6EqEl8VCNs1SOqgFkVlbdyR_8rmrk64ars_2uj_p7-sz4WKK16i4JLrQ8Jsmqp9GqnCCoJbdrdVntwY6UiwnSGDLe7H0f8Xaz_CwAIEJRXa38xWeuyVccwTu_atqcGTQJGHohwfddNz3WyBg4PtZZkqcFdf5QUtukHUltkTp71YFZU6AOFHf66XsAOtCxzccYrFK8lHNu6CjRvMSc7Adk2p7XDNozpKajtYxXdPOJq31OPaXpSqVau3MSV48wlmhZwedSuaRy2zlp4-YQzG097qMkrYDa9mt09sYTpUq5FCsNIro1TMjz9ceKzZWEPRqvIWePEwDYtUc__ZhEwIDFSTA_fdHk8WaUCdzqNamq-_gTEMqoPSZNhScy0sOGn_WgJRZUr2GClZaZmVP3WFjABUEpJbJVlL3UR8KiWvRqwnyzb7E5usA63O2r1kOw4K5x_aPiyKpcfz_7wIOTjtKRRD5QrsoXNxHUouR0bkI9-85jsG1BPcp9D1pfC6sd8hMOWtDvH4iUjqhxRgsoXRz9rcr2Bzu3hVnwpq6ahe_-_wnfzDpP4IyxkZvl2FXe_3wQ7jGMNqW--zYEvplnhK4lkzqOI60eiqgdPwZkaqC8mYVkeh59-3TILgCSnUK40NGTlTYEXkrFEylm5hGk17gtBMAL9dH_cH9Z5b5H6IDBrXRCeGmjlsX60JuqHqZV1zJmmFoB0T9F7S_5KUgiz-vRmwVJzcf8NxAAOTJzrCOMHOJBXZNAERxCEs4QNBK5ku79WaW85w0fbL_HasyDAGKggPY-khFTlFah1o0PNRF5J0fUTd9tiOW-smocOhJSCzUt9zvSNMq-q-dQ0zAv8Mo5IgrMkIw-m8HkUOJbi-O8OC6uLroYQSM-cm_YEvG7_p_IQoLmaL2Gvap_SHaz3vavyQX45pyDeSm9ZuFc6Dtm2fDsgBaRpBji9jiK2icj5689lP8lU2PJqAlt5wuiYXqFD8uE5QcZuA=
Málaga,28616,7,Spain,2027-02-06,Saturday,15:30:00,napközben,2027-02-13,Saturday,19:55:00,este,0,0,AGP,https://www.kiwi.com/deep?affilid=mihalymisroriflights&currency=HUF&flightsId=0b771414517700006dac889c_0%7C14140b77517e0000330f6714_0&from=BUD&lang=en&passengers=1&to=AGP&booking_token=H6uvyIuNzQypoJkBIwlX-VStDs9-N5j6bM7YFfNXQvmgPdNk6E3HrHQElFGEICXnSouwWOBw1wzg-qePOPZYe9A7QjPTC8FvO2dhPovaiQuli5XZxOu1hiDVidR2Z22Q0xQdR3qfKvXL9X93WszXktQ29TmJJrLz4EXlb5x77JWf25EBrqUzniwO8CYEnCx38np0UlCoiVntHQjDBxCg2zNcw-nWFVXq6ood06-uZF8k3FZcSc8JwWqeOrSabUG8qkrrK8ifP7p1NCelbTfzJIWe5LSc7qbUxVPb6l1jUydLB60qIiKiq1TnXANr1CdiU5Uzbldwn-BVrq2sbGj-lptMw3hJRYQJNIWESmQruNFxRcCUHnToPbfibk-FRNgWXXlGd92qfXBrfRZaF0OLOR55K9m7y3xh9aHktWERvRhccpeVkVZNp1wqxtqj-oVg0UfUcJciWkHT3s6NrVcjm2O9dd1WfrzR2e2rJn58VyNd2PUMDPu9A7jZ2RcYpAQmXJlw6H12v-VKf-f6l1ng2qfguKHL9VPYMmXdLO3bRaSLFUBUJQ6vqU3b171pPybNUC_5NvqihSL8nD5tDAzmr49QBL5MtMjdMX7pY61XVDrSHYDEABbQ4nMB9UClPOm265WE5E1STbrD0fAlBE6wv4Jdw07amOWgJ6vcg2BVc9piR0R3qPz7PxyLhRgiNI3cJsoDby2kxA0QVa-Vr-ERuKUZWMK0McT_4SYyAiWqcMtSPEVjZJfBMNghoi6xuH_Iti9qTbb2SRvEYpB1UFF_DIGJX--Nrr6l7tSbU0IFdRRDDdsI39-PqVyoLNpiQGpB8Vt4bEtZyfEF-YC99hLIfsvuWPcchxiVdfUY-83tEtwUyIiK1pRvmorDy6gEnEJIAEDmYM27Y270jvooAhwWlsuru1hXHsLN6A2H5okjWFoaatmYitRkEm_nshmTrpm8NFfBvkRGDsnTjsJWctHu4cqVBsRXPFOYZYOTT7AtqtyrvIlZ3WUQedCBZQmuFHwRbeyHNed0GcAm91WSsF9XwKZ_sSUlGeCEaU4Yx69TzarBhdD6gViEdTktQ86UxSmvwDXv6QwMzgcDaUmNHyKYeuAhMC0MU4iFVUyzaRO8Nj5QMXqd_yQcUv7Q-gaXYMMFSqyObcvHtTsaPEiPLwLXZCA==
Málaga,28616,7,Spain,2027-01-30,Saturday,15:30:00,napközben,2027-02-06,Saturday,19:55:00,este,0,0,AGP,https://www.kiwi.com/deep?affilid=mihalymisroriflights&currency=HUF&flightsId=0b771414517000006873f914_0%7C14140b7751770000c0826d9a_0&from=BUD&lang=en&passengers=1&to=AGP&booking_token=HdhXcsTfBDMGCjiACUhGSnfrPy8VGt9jITk1wZ9G5Tis9n5pVr5Lz8WHXd0ig1qTB63DOBm6-jxov8Cm3mFFFqivTs1X3WSXsygOEZmd7G9XErP8lXFEvUEzrL7owbawVoiZNz32GQtEXrs_vytr4TlyTBL7hr_gjPXWGDOBIt51_FC3e4M_EpwzpsVjaKvJ417JcVSCTo3eB9vm8Lso3RT1pgaKloj-uUHpcLJ7QIjyr-jco0bnTo3w0j0Gyb67Q1qX5iLuiwTLXdWGT8eZ6wIxYXRChXYE6r8t-9T9SWfuT9HWy_dap6aubUAbm0ZQFLRHw3hHupvQSkMLzbXVowr1Mag463ON-LqifbzcaXxWOF8VR0CrBthMNBpPMTPCYg0x3U7LQ90dPz49X1Bm3CXwqNEhxOLJEZvjF3l7SQPUu3_IWPWMOsZQQENTtP6zZf8RaQwpnmtRyllJYa-DBeo6OfM9XFP6VWLwgEYaYbd6AFwlQ5E-AbiPG2_shpB5yoYJKe13aM5bVipI-_msbytVJZPI-K0xILnV4DINzAToZ3-UzCoqKKmfb5NRnBHv1mSiHqw9qhrPpC6tj_L7b_nrKnHNM9dPhiN7UF1uzfoP7seahKpL7lvHSt7suzqAEuTseLHzCHSjcdGEckK55gCKboMvhh868oYvUR9NzfXLf8FEO5QyvB5LCiLnYehv2vn0HB8hIy-G5QMn5RJiXq0TSMm3Q1xOy7MyjYNGe-qATVygxztWf1Ikbx-tEOWh7z1qOj8i8WeXu7JRRbKlbtnXJn0uBxFXO7hGyTQzxzfB4zP3O5ooeKdwm9GSzf-k74UPBO1MdiShCU0328Xob1giAIxqtRSBJG7DgakPpRR93-P0LADG_H1Zg_eGTj4-qbuO-8B-o1psgmA6v5TC6TqXPKeSA-QHx6g1u2diwCGRCM99zhAdkSzIsHiKp3_XLUd5po1Hi0XRrs5lGNuArbW3K6HhJjqhTeQeiiK0TEnUt9M-lELktrBC9U8G9gm-IUIbi3-bWevFxsoffst8TWFfI5-8fwz_xbtc_NLR8n0DI4URxv519EWMr1Nu58c2ajHfuSWSif-F_ECKkEprge72xHhOJ-bks3Se9SzrnlbrqxfNbOA2ekcajLc1-TQ1eHAvudhktN_WpPXnbAFr0uU7va-WrOVWee_DoEEB3PVk=
Nice,28621,5,France,2026-11-14,Saturday,15:45:00,napközben,2026-11-19,Thursday,16:30:00,napközben,0,0,NCE,https://www.kiwi.com/deep?affilid=mihalymisroriflights&currency=HUF&flightsId=0b77034651230000c58c9bfe_0%7C03460b7751280000f3ae24b3_0&from=BUD&lang=en&passengers=1&to=NCE&booking_token=HHuRAaVMrWvRNW_V_AFu8MJSxOLi-y_7eCrOzBaIdMXsyFJRF5MzWdCTLe8UpJDgtFgXzdAas81KEFOr-i30Zg-_o2wv7wvSE3T-XFFxME-44MyaUOdRrU0xycSKwT-bO1_FVKRcGGq10VhVOSJcTqwn0gVabqojhnr05LIqTKHE1chMg_lhMumZUUUHJASmkmBPS51crRJSFcxQPhBbELtQuU8OGXiraTN8MWJ--jdHHSfnFFTkJHzmfrs_FBZ574RYv8RiRM3AbW6lDehgjvkMTZzj0_MjhVDacg7qhRzQEn44j5hqNYsIktPHiNnh9mx_M-tenykAVxozyWyouAsNbAWWYSbaLdMz5gEqmNmGXAzUAIRscZZhRm7V1O-IrPPRa5kYcXzIux2hOJf6Xbl-Af-HbwYCFiJH93flYTgHetXkvzrvf8DmDkg-7Hto6zky76yLGFpJvoZblbwxfWm1MMUx6Iz5ToWQuZtwh7DSU2NXeuTQQ68Wgsia-UE-nfjergp2vOPndf0u7IqRHOKHXs086TQE9esV59YEsMC_S0IGjWbsTFZs1c3hJTsvwGEPUk2GEWT0DZfE_cigpd_1qtb8hVRQ8RbXJA5T0I17tcbxY60GHi7v2KAVD97hyVIRuJrVVBooYfPZw6ISH5pKEhsLDRRRQ4yuiERjqvjuucq_ozwg6V4AYdMFAC5Z3wvT8qfvTNS_gGudkoYZmsEUz8yd-Kc7901PpqFCZqEDmx0hEo90iA1leF1Wc1b9cqy0McUxNGrkmFqCqBGM5yKnsllgVp8wVdz-UaUt7UhPAB9BoLoVF2F6NwQFB8xPJy6ipO40xb_y3L_ztcJDCwkYCnETsZfmcglq-Q1y4OoS0i-RQwNAJ8dL_EfWp9Tz7rQpq7Mbvz8PoVwJb_32XZzE19VNj9n8_AgBeMoRGfEZyc8SmgrMLXEai8b53cfm6ZnVX3MsJca3Hez1Pg9L_ZOt4cbbQ_0ZehaOwPJGZ2izb-kAFCh8JIk4o7TK8RGh7BHc6UTn2npKaKWMBGBMO_F-UUYnsWmpMD1yOSiy1C3SPQqsLpFah-qGCJbFiD06tBY5C4sl1xwZ1jOEgADkgvsZzBWpj7hNpYLSlZ4pJGKTmn_i2rny4nyRgEPBHEhAZiyXk65YSMZ-n5wi7h7hp_A==
Nice,28621,2,France,2026-11-14,Saturday,15:45:00,napközben,2026-11-16,Monday,16:30:00,napközben,0,0,NCE,https://www.kiwi.com/deep?affilid=mihalymisroriflights&currency=HUF&flightsId=0b77034651230000c58c9bfe_0%7C03460b77512500008a188015_0&from=BUD&lang=en&passengers=1&to=NCE&booking_token=HFo8Jmlh4TB4ZR61MCZSpnhqIpnhzBaKiW_UgqkoqBECG-1nva9sFF9Qu1h1k7vAbEaP9PbYTrFveSWfezsFyvbTbAxvSMx07x8DXVf-Tn4st0yABivNSYu_F1sU2Y5xjchskkgm8VUzjd_odbPmIX4QiZG49d6YPmJyMzErziFd_e_n6U75PZO55FvU0zxIO4rsluwcy1OhhLEiPE8h6M80TaJ3_gf23mMTb00FD2FivT196jMN1414HudHUgiM3uO8q5TRopKmKHf5yc6kgW3B0TAiPmBjWxX_3a2lpggIeF74hm-U2hGCR2eiorYlIVrIq_Idb1UYZmudAFM6XbGWBREp8sEfd-r_kcfFDO5ZCu354eTnkHW5fb4BDHg4-Su_VORu70uzmJeTQUVY7uXc1GoMJ8Krj0IO6VSxo3e0Ve3Gy20cSq6nbmUgzFXr3kNjOeHDvXzpeHsIhRlNgD827Rl6utidH7S_TSZWPQW-cnNBUehUDyVUJQL4uruBEKITx_S5prgC8Hdmg8EGz-g3xYe779iYsCrXa_xA1xjxrMHP2crR4Up-v-HROGEus5t8pZKWcfMD3UM3KszUChPOu60qt3r1V41g26RQCt5Y8elndNBGePtc1STbZ1o3t4Z0XwnkJzzLeX5XfR39B5cjE2zFZesoy-O5mEQ8bmJZoWodJKxZEKl4k_m1RlN5CYKfRUezqcmSvdqI82X7lPryXO3YEHzZfAUC5IrEiqqe2grSEKJs_v6PMWi3rWzaazPzLIjkBq8FtcGWMrPVLoYupcSUL0tzTCaY4wVP5olxi4fRk5XbK9XLIPgTUj8MG_U-t9nKUf0xIsGFbU1T7dhli1jX61ySw044AO27X7uqXufQTmMNhrBniAoNZYYaK0rIt8_J9zkLaSXLhR8-R8E7kMX1NRZtwC2iPO6hPIAcJpYUj5KBFtXfHXHo2vA6uc9bl8BEBCRmt3LwwwwY3Vk0ZSW2nzvKS3LOzWT59co4VPC1iqz09D6DVIWllz3ApY3ICyo2fkzGPqANs2-lJ_ijjNi566qxYvniGmoRfT8Yr-pPWHZll11wIldghuLzIMLCNOhU9pgayQGYBPu_C3KHPmQJcPDImX911r_uOBkY926bTmwZ8OdBIKNMsYVKzuhx52lBHp1uKciWhohz7cg==
Nice,28621,4,France,2026-11-02,Monday,13:50:00,napközben,2026-11-06,Friday,16:30:00,napközben,0,0,NCE,https://www.kiwi.com/deep?affilid=mihalymisroriflights&currency=HUF&flightsId=0b770346511700005e405f8f_0%7C03460b77511b0000e6388359_0&from=BUD&lang=en&passengers=1&to=NCE&booking_token=HaeJ9YepoTY6M9gnNWJ2jmssGswDLbkcO6w9gM85sACogPCta9yI-RC2KUCQxhUMOqtXArwWdLwcMAai5pxFaoIJCAL99mRwuBngwQXRl12DH7cbld2kIQqoRZ0V_be25qaVu7vVDbw4D8tFT6I_ca1SMWCMTmbJC0QdR_iqnoHo03IpE3pDHRHe1haX3sDbC7KhJZ_zvNMmWYulx7dQYGOxLwKs6tqpDROPBsZqXTyAU1CxlD5-R2s_LF5ZnfT7os5OPHubgJIWXvgwJsgAUv2CfuM0txto5TXpW9ASIv8HThX0VPnoqHBDI8S0tOKvHdgh81sRNVfzwSqVaU2LL_pPDJd2I1OkLAtxvns9aKKVTu4lJzAVkpGmtteVT4NfFPwfwVlKT8bEWkakfNVEb7lNbx5UeCEkUy5q9qw4II67uvNvv_HUpJYCi0kzrJtjxucRqmj3rXd58an6gc6grAayBxLixqYDnVBOlRinM33uZeEZsYckXV_rM2nmj4H3ZE9tr0lXrdiGfw6-sP2XXpruQw2S4U3CdHNgzj8-OkWwvgw-117eeJ4_MASXHztiq5u5AN6VDQNMTSoIETsZh1i1TXPRNqUUOVjECt6g-DBrF5sFfeEpEgBTtZlxhwwFc-or0LF3qjVuCZ9jo4eFp_HO6uhQ0iS5PpmIx-u-6zyaZRpIdcvZHvCfpl_pbHnf-Cz2fVxKGkBT38QjmPBTNPPc4Z_tkrXwY1LUvgCM5JxQBOdyf7p37f-kpTmQhs-8ejzKFCE0_0E_EUGgMBI5Cf8ZGabZTrIx2lgl_Cy5wz5__89tYWju_7HZtbB-r-qYHzCSk0CJ75_8fycYLbq7X1zj2ZQ447bXjNgUehOpqTs65StfFg7MRFJ60z5nhYkFMEQiQVquOy-f3UcrTCYdCDSB4wyw7SQpZx_UZZbXTtCoXSxWsfnWLtxkZR-Gsl84MOeBaoKGtUlHda6XeI_VgNGiY62yIdXoqvBezmbslBiYWeDRSI3wP3AhQ9I0l84gUmgXLwOCQxeb3V72LVFQitm0DVyxsMGuDB8aP7XDEXZzey47pq36UARAm-BNz_-ymFtVZtre5fXKgUiV3YWNjVVCpQmqxDJa2ACd3fBmbTAzUMUvjNsUCwYcm09R66AIZ3b3WDnOlGbzLlyQz2b1PTAN-UKTyA6-YtvzB4Wj2bGk=
Zakynthos Island,28661,4,Greece,2026-10-18,Sunday,11:55:00,napközben,2026-10-22,Thursday,16:10:00,napközben,0,0,ZTH,https://www.kiwi.com/deep?affilid=mihalymisroriflights&currency=HUF&flightsId=0b770436510800006f9367d8_0%7C04360b77510c00002c6ecec2_0&from=BUD&lang=en&passengers=1&to=ZTH&booking_token=HbkIl_zZ97tdpl-Mj5b5sH1RcdgfNZv9MqG01wNJIRrAsB4dvrp8vTDKgECI8KSZVoyOgPfCbBULUl1vQYfYO-lVln-YU6CiUho-mj_KxoISzNONenaU2yxC1scGt8AlIoDbre091tnlESlWseeILmM5SgRZeHx1Uw1BKdAd34RLO72G4AMrFoNdZ3oEb9zfluf4sR05d3HB97Re5lIENylyJ-WCa0_ohP9weyKzmpWDOB9MB7-ORYyfSW1NNF_ERyWYrWdCDg6sZk2zlszTEiA94nUi8-O1mp1tFRCl66457BGmUParRVXHZnBOZBuD64u4Iy1RNTXaK6vxJDVDm14hVemcBczteGpTxoxbDBUBLmHYde3y19OelCDsBGv1Nf8058SEEpqMT35GOlqH9HBHJ4dYqhjoaEQDnP4Ot60K2gMOPld0uQoMoHTZ-qrMOPUmrNpiedqzoYlJulNTUFCVE2pGHNDnAPaK8bu9tn6UAu0BHIpfNfNkbcgNm25R_lsKba1-Pex2oFqAO2jhOXRNC6q5YFhdKtc1pzkPVCCycgNIfNCXfeeYaA6fAMfNkb1En7WSpxeO_30Wte1ClLNktywoli0Pu5qtlWciVJOUjQbI3BHueRezdQvndowZykiGJVpvZM9IY4f9hzwX9uU-n-C6--UH35EmiR-PjbWXyMh4zdWMxRsGAnBpfVfyNAgQ3RDu-LEAoGCNV3Gk-EhieRSYAUeXvcOmDdvmBC-id-wBWHw1udfyERKW8nP0i54OVUGfjHZlAbSmQdElECDfDkugoPRqIu-1G0NxegsGtRya3hVWyJccGf3LMwobi9mTB0sej0oey8wtmiU7q8tbtWTHgSo8s6X5TVsQEj1W9-3B10GFmLkZ7odmF9nqXrso57K1rzhV5mGWwVBP0k_DIgJ6pl_C5vfQCe1LATvyhwnJu7ppYRN60TYlIIp2cYSPWepE9uSdLijX-AE2DUCpwbiBoZ53KJWhbCOzrzqyMR1O9KLAkjDGw0h1lflJ46EDNFtH2NlkkkTGUHpzWYToAaP0nQPmUuQn_pbwOUDisfVFmgi2_VeQprwC_utSKRIFW3IC68chWPfoabBHWOgnXc070on0PzzmejPjvhYiA1m8C131FtKGmqIb00PNI
Zakynthos Island,28857,7,Greece,2026-10-13,Tuesday,06:00:00,reggel,2026-10-20,Tuesday,09:40:00,reggel,0,0,ZTH,https://www.kiwi.com/deep?affilid=mihalymisroriflights&currency=HUF&flightsId=0b770436510300005b46af3a_0%7C04360b77510a0000693c5938_0&from=BUD&lang=en&passengers=1&to=ZTH&booking_token=HWQhdRuRmobzV9WnJOwVcD_ziqAsZbH2HVNAhxZKrVsbXJ3JKndWaIQZrR0BvXuB2IERDigr0jQsIpLbapwrwijkgZeg0E60WVL0KbQRndu5wXicG0ip1eo2jlpO83ukb8rKwiq0VXQmFWkRQqpE21_lweG_BEhTYI0VtU6fyqqxnkdNHiKYhVv2M8XH62uYXo2q8W8TIa8dCIjbKI_am7cCD2RqZknF5xIOfYJv9izJv3rpPLe73J-u01ZZW3SbA_v1Exl9odTZc7rVC9Vne4F9W_QDJ53tRYp7WKH5Kh6A7RrIKfn768Te6-SNsrY8gGzOig_r0XICiAwH8-fC36wpUgA16vcDamQynQPnGY97fcrtOQKHkQtyhAf3D7yIUDPNZs-UKGTGDEsAHNDscWzo2y0g7azTu6oWMSya0u7ewMIaHc0VP2XE99Jx1r8mBgzYOr0YrA08KKX5dVTybqgsQ_LSs9Tq-c9X8L1RYrdDWRcmhmTtuAy5rxD1qLkVrp6j3EEKLYwM4zee9DgT9E-k8-EpRjGfSvcVhTYsg6AGIrjyTpRvVD6padVduX7367ekE3S6SYlhO11Jk3FgMr9ytih12IIInLOTpkDvASikJB_G50gJyvV3ESQE-Iw3a3qD9n5k-K6S9z1xGnkFiMJN5gcYFy1VYe65TjcDDl-7Oc55U0E8JA0ElW29F1VcAlJR47m3cxZqd00e4ybY4AjkZyzy1mYr9cEEEV0BHF-904RO8uaIfBUlMxDgtXfm9Fu6j2uo04M479zdXIVhnD6HR1AtVnMxiBmF9MnKRosFbvrbAOU7WdDKzHIUf-Tt_ZAhhiKDWOZBGmRylXf8UlSBCs3_mSxRnMLjubjn1hmAk6a2WsCYBQrv5II4j10mqzh5YddEDoeJ5yZHRK9BitDAHX0Z287u86nyyMa2nZD2bLSd41IaGbCfhmteE5e9YIRJ_Hdp5nYByUWrh7tSPBcXf-iZYU30UVd94B8pWWkrr1FuuqYf3EUFzu0s2mD-oQNfmqZS8MScH-Y5q9ECPS1Sa2jeDtSlxkP4K4YtvrSAwhZf_IVzyMKrJyjU6IawNaIS4Zn5dN1KkwpmtBhlC8S-IHVOrhHnJAiAiqh2ML74D2UmONrtmoyLTh7dYXA3wC9nAOoykGz1Vhj9V-LYRDQ==
Perugia,28957,7,Italy,2026-11-29,Sunday,10:40:00,napközben,2026-12-06,Sunday,17:10:00,este,1,1,PEG,https://www.kiwi.com/deep?affilid=mihalymisroriflights&currency=HUF&flightsId=0b7723335132000024ede4f2_0%7C23330de051320000ed7ebb93_0%7C0de0233351390000ce0ab4fd_0%7C23330b77513a0000dbe5de08_0&from=BUD&lang=en&passengers=1&to=PEG&booking_token=HBsJ6UtvEiLntXn6kpegksjDcBw-V8rqFkFBFNIAbPaKr59bGhq3Bugm0vyfmk80us8XppbGF3aDPg2QtJ8HzybsmN1uje95SKUObCXfL2qyBHtDX9HWZVViyuiG4oN4ZmBO04oLuUOUp42VgjxRzM4qyve1DsSWQ0E15POy1c1RvXI0IuBNpMhOfIVozeuvcMcIBe1kyJdKQbfnm5Mw2Yuwz2f0WwRod4qhYkBtrRgWjgNETkg33kuwjDFPScpL4LtLW5C1-uNbbps4nJYBrLUJlDNQSEEQFV5-6SbqcQVB3Ezz9g76aE_TFHpuLmLKNVLPRiMJz5OdIlSWjaVdxQQTOYvTZmxwXd1uObYeAIGwnXIO1_PJQzjWhBhSjaZbQT7GzkEkS7_85IWS20DPnZVtkHUC9xjJP23qBaa5_vXHRPBpS3v6wnOAovK-RvwOtAm6vLN_P8mGjKX2b4CKZeLe6j9Pu_VvzBYj8-HfZ14ALoYUaXLqJ3MIdXrHCAd8YBaTW9zAoIxUSm2wBqK8L58YQy0fMCPDue0ZaN0MfUoF0It-Y0pQ7-jdtrKe06AlmWxiuyXDE-g14UM3Sp8bZYr3ckPoyKVSHLE9CvyYM-15TLjz3oIQ7s9aJ5YwyXavr_Tr96BrGrZlgvBhHtsD5KmixC6kWh0VPAueIDdUtLu2IOp54PT5uFA3fpg4h6BQDIUPhRywlGfzClgmTcq1gAaHxvnkf63WBw064FGgGl-MkN3mQC-BsY56Z4Qsmmguuh6uARmY1mSyhpUjzFqvIh1OdugycKGi1WlwYXEJFfNohAGSHBXsZJ1mw6NZwRNuHPHIV2DJqVXBD007Z8uE21IyhBcwk9uNZptj-iShH1T3zB2nS7CnfHiv16jrgyVRcjf3KF_QQZvX2p0BmWpOlUgLAuUMSeAOU7BnNQU-Uzcfej5C10rnIpAMAno8T9E83_fTnrWUKggPwFcXLKGC2Wu-x4OtDlHISoPMSLM2S7zcrdLlNpC9wTYQdwUE2ACs2XzJkmRtVVGUWp6j4hlrAxUIeglvDaCFHUzfyoicLN0DW2hdQFDdocaZfbQXPhimRkDb7KwnZkgr0onCk6AnNOUPoBwYmfFcWA_9XT7jSDE9zDEFs_RJM-9q2U1PUMdDjdfCwGdUgOrU2DrbIDeYi9p3V5bSYpAmD-twA_GRxTAblfPAzOXw1H-VgK7Nqx_lh8gcFJD37tz_R76ep7OFeUv-5khO0buSRpDLcIefksdL7a4USN_KPDqtweEPKZiyFua_wvKKB4XRaDwv9VDwiMk6wNoKm8m93p2g_odfWEIO0La_MQuRTXhd004spN6GxIGjvLK_leJKzIKQeDP1gnEjBLlENBDJDFTwbqExJo58=
Ancona,28960,1,Italy,2026-11-06,Friday,11:45:00,napközben,2026-11-08,Sunday,12:40:00,napközben,1,1,AOI,https://www.kiwi.com/deep?affilid=mihalymisroriflights&currency=HUF&flightsId=0b772333511b0000df05cf53_0%7C23330f84511c00002bd1747f_0%7C0f842333511d000083826e88_0%7C23330b77511e0000769a2e58_0&from=BUD&lang=en&passengers=1&to=AOI&booking_token=H3xBBigRRnaSliMm6OVzU_7frt1UHOnjewS-_W3904STa4etCEYfHcul_-ZCNz0iatePfrCynIkQVDfFb0C41NojGVnO6rXmRX6Dl7PZ7Gfs-YcQmj01fRW6KhgBSs3iwtirtWteTig10XEyJC7RNv0lJBXVZtRteWJ9rxW8n586rKkAN1BJaD8ddMt9LHk0HUtYbl1JF9bdmwrzAvk0USlBYCQVMv4iuSOS8D-yjzQzKZDNtCAn0JrSM9EBk0UpdiW30KeublufrIFsfYKys_HUxV6HlHWnzLvI5s58pB4_gjOUcpGwnXNQyZf8OaYuQOCi_tIZH_Db0hrYGvVlrqlpVRydeugfqR2LSPk13A-Xfsreh52MuCPq-vjY_QhSyk5FFTQMn0TZs3O93PVW6i9KeKnPngnM5MRtmZPdMPxjqs8Ej2Bs4Q27Wak1sE7gJYHmjSULWmyHsQQXlYHszpalN-wULYuW7uslJo1AUdQaH2GohJLFKJ5RQh_9A1ri3dOVAhTpMJIpk-j4h5OvhhfmYgi-Y7QrSSOLB369xB8_OD1DqWoub59CWPRkCypfp59rD_7Hztg9hzAJHC8RV44kaxqytRnIOyKjnB0TpxOQLIFArxeb7x2xnuuvxpXIzFZ1Qw40P8VC9yo_FbxQRKGD5pvmskjtvGoaGYGB6pOsDI3p-c5yC5PU1EiOyJdcuSnOnF7PLakT9txSqHE_ffef3jMxQFnUMkBBoTvaet7PuuexIqzZi_aj8DYNoR4RUFnYKFw80PlYoukGp78j3xCA9DgT-IiYAgAvE1eM1aevlgfhagonnvHQK7oPae3dFFe4SlaHezNrMiFdeBBM7-FvmrRLn3TfRFo7hcmFR8GHYf_WPlkq44xWPXHj5n7Mf0rvmrblQOXEB5CiZz3GHDGxlYZqRxdkwnbuBQFRajcLDsvZUXcWIlH71rw-2eN2VttM4SWIr6NfwZqrx4YD44kgSEYrM6RPpKcUBAaCy9P28hh1vHmWnN4GeTuLKQq2DPNpmIg2DHQTuzCXNfnIgTsQLhNnTjCLR0dEvvqKjvR6RVJjeYYJfEQdU197TUGC4yHoleBfsnQdVgD7YMFPFnYJtUvkXLfs0WcTYjMLp9MXYGC1acsMrU4V1JIbbyrZylKaXgqLFDy_kw2wPVVg5XEg0P_dwpqm065LhYRFrD9VrlcZhsM_Ee2u9avZ-cfLk66fKdDYQq2eLNVhSu4onAFoIPgLMm0kDZ9SRjR9UHp8BwiokyJEe7AQWD4JowTwUI4_mzp7982hSXULikutdOoGvWohfJiw0BVHdBPXtLxy94npzj5KZCXlur2x2D9kQ
Zakynthos Island,29064,2,Greece,2026-10-20,Tuesday,06:00:00,reggel,2026-10-22,Thursday,16:10:00,napközben,0,0,ZTH,https://www.kiwi.com/deep?affilid=mihalymisroriflights&currency=HUF&flightsId=0b770436510a00007a6a6419_0%7C04360b77510c00002c6ecec2_0&from=BUD&lang=en&passengers=1&to=ZTH&booking_token=Hww2OHWNRMptAeQEfdIgAhcO86I4PZwLvqO7eXIQQta6_Ma_3chTz5FmZlJrAucJlzaQ_6-7k0Sn8bZCSJD1ODiJBZjahttTUsat-P8oWt5WrpaczemB-0IYNlKwey4B9HSELYq1Odv31qVOSUInEcGuxAtcKZ9yhfXz4iRF3VDjeWyFWQqzdV3qU5G3po3pTqdaYVLp2f1Hdr3Fnk4wh41Y9vLYTVHzRjcMmKlXw7BtQ2iIIgYvbNGt_PM2QM1mlsdPuE87fLvZgzJh1ApAyPHAJ0hPbaxxfUkfNdi_jQ6Q3lCtrBUm40IfYf2dyM_-D0CZdP7QgNw208vsKWR9fs5Gm0gpx-sVkmWdZw0CxU3aNeipsemdL8u-vJIBuhztVEkzXT2XH08lhuw2HJYxGXgIe0E8cDtfvsvlWOObQdAqDL1xIJ1uK734c4ZGrEsLeZ-NMvqAkxbaMrvpg_9dFB2hRdg8Q1btwdL6JoumeqXhoQNOTzyAjCgvJ2lYKguhsSl3h_6HknbPtSqwTvWGGinT7aX1GQyLxD5QrEer-DYE4EV3cWbC9sO57bmQQy23K3PlAm2Cps7vjXTnVIDMJBe9zsVnEG_udixxuZjM_fYVsT-Hin4JmWuarkwwTEBE2okxdoW87xk8w1Sg8dZDgRTxaPvfoWkrCF2aW5OEwHKi0J_F02S2BNvKbvRcwGBNHIBV0K7Fb9nU5LkfcoQ6KsRR2aB-UDVaHzIyoNJdJTkKpwq67g9FJkTSQQm2C3LPTU1F2zUsa5n_kbaPK9rKjuTVKJJyMr7l0zwklPKqnXh65oC1be_5MW5MFaQwHh7k2cu082k_K0q9Kc725EpPkOl5t1nfE_uISIqqN3vkG5FbWfrV68KqxgKZXh_Ejp0kCsE3LS9e-h-yowZnDuTEKq4-BYGd1CpNlk67MtMJiyEcS-k6lUqhXIlfBaakF3AhSEtsHMTdlHcLjWTLq9ePaT9L6f0Kc_ARBp2UI7wMd_0TJC72huQnFsHJjAaRRSbVoLn_AnilH2grTooLv2IoPmw0g9qB7o3BP_nz9zoNusf9hnjpBNSeKilbzY7vNo-CK6ZS2FtvnHxe-k1dBMvj1kb6GNEHy4uw9XGBDu7yn1UagZuiQ6X96ybXMNzBBHUWe
Ancona,29231,5,Italy,2026-11-02,Monday,11:35:00,napközben,2026-11-08,Sunday,12:40:00,napközben,1,1,AOI,https://www.kiwi.com/deep?affilid=mihalymisroriflights&currency=HUF&flightsId=0b77233351170000ea90c926_0%7C23330f84511800008dc2c924_0%7C0f842333511d000083826e88_0%7C23330b77511e0000769a2e58_0&from=BUD&lang=en&passengers=1&to=AOI&booking_token=HBn101TcJZDCGsKejHsgt5xS80muF6BM7wFIP3HsrbWUT99WL4E6vcZI0Ms7pQb-Esl49gEKKVETGpHuNr_Jq_nM6BkzlgJLOfW_N-C2_Me15Il3meyL2Q6YAk2ysacBMov5kOs7WrfL9HTMPqS3wDuqw6DoBiOBDbb8ZjQ3YfO3jH--IOP_FoU7-Cml09kMVDww6ffD3jpJd41aezlKSjNTIKVBvQWxcYUO7vdSaJ91zNJE005PP_Y_zt9g4f5orZGMJ8zImAf9B96u-kg3UjNPGotMuRC6l71Oh4pYdiHg5IoejoX6bSCeeROCBR7jmQA-5V_loNGluLu3dzgLo06PlbiJvyTjmctHq8Ba6kGkoQkwUPkRGwUYgZQcaHq11h8617KlXidOcjMtnKt-FoNEjPaepQnH0outN04T7Y9XAJKhX2KNhfgI03OF6dfeHOgbJvbXTBqrSj90-8F-Nu-4MDbw-2HOQo9Ehf5_l-D3R7zmkMoY5aaptM_nWkSDdS5QCN-IZu5eslotxWCZnJVjJ4k4KqmYRR_VMW0UsB7I_M24HQF41y0NcUYvU0IVRHJ_7Z9YXumpb_0kQj3Ms6sg6UxPlfnrvtktqKt8RTjqhYASl3Xb8uNlERJoqN5m6gHqvAeCZZN-38xbEMi9pb5X1760KHNX57Vn2dbFjpf1A6Nck9HkRozaTzifmNE7mvFXmp2WraaVZFdkiWn3XRdjyi1ml5PxW_8szXZMW2IrBx9CX5dyjpfAWqxc0oLEkXzqbdPV_otthUy8_y44DZXTWfkWJLrKXQP2v70RXdyXOSmjVBSzL0wcW0KSGPk1CkClnxzO_rl3h4Pxj3akXtrCUzVd1NPrqfeQSngYfrSXUR72E8S1iG5cTuknSvaMq4c_AIiM8E8fb7_Aq1KqfrSzZCjPJjrPA4ivqPKsGFxpzF4RQdGnMhXUXiFDtjdu663T48qHMdpVlZZOeOvoLnrmoVMxlGW03iQ011DL7NmX_J4xelV5CD9RY9pr2HKItEFjPGfsjf6Nfy6nDPFnl8tcaifh6GkXg5mtnlguqRJ8GHc4lrLM35UJ3ZsiblBdtxhKdDT_qkQwed19yrU7p_sWgG2xzncQGt9nPOu6I60WChowm7dOIRa4f8Wc4wCEtXyzIi2JGy-ESYwSUpL6hRwPPkobgDHZZTLVAADCf90EcydcQ1qZFHxMoysJvy_EWmJDcYSaieqb4PLihZlzjnIW69DXuJyBuaL7jWrCWCM5PRaZp_Z8h1cjtWpmfh2yujRyAS6VjnkvspKV-ZiNLezNmF-9nNkL_o6YePQcqCWGg98Bnm25KeoyHGCZwA8QMRlA-3wRTrQNXli72LZ4hpw==
Eindhoven,29339,6,Netherlands,2026-11-18,Wednesday,14:35:00,napközben,2026-11-24,Tuesday,17:20:00,este,0,0,EIN,https://www.kiwi.com/deep?affilid=mihalymisroriflights&currency=HUF&flightsId=0b77107f51270000b9a44d94_0%7C107f0b77512d000029c5c6c4_0&from=BUD&lang=en&passengers=1&to=EIN&booking_token=HhC7kf2MdM-gGYAaL-IrXQ7f2Aww2mmTWCM21v1GAONmHNvFOl3hA4nTRZWaiolxWniiROz66-9sVI9eRw4nJvoMKeZ0psWtjmiN3c4bj9o8lIUcl0NgKdnwh4rxVPpvd1Z_8zKqUM11yDyR_wtuw0cnJfZq4PH-ODyoyYKHrK0kHdHqq1lQW7z1n3rtviKn57Z8FYBmhY0J7Bzykci8SxnLAGzrFPpvAVYI9WnGokesLeMpjuuQXVOzjCQ1GInPAlbfqkSf22O7ECTN1mQio5mJPFFxXPP5NWT2-Ayc6fwjFTx24BHA9jHf2v0km8C9nfBLuCXGxJ5dht9RHXtrr5qmNYshZZ0YoHLxQG0vUJQekyDFu9rUb2DtseeToMUS823HF0FcqTEwdU2Axxf7H2MmgdmGTh1bE6VfTiH_nVFu6JpNrQZHnEx7XRl_JxBW-EAigoi6CnXc-Z1w0jX3baFUR_3FkktE7MhksqJzRtc_vKDJn-NK8IaUGqYlffTRuK8otfKjOysr9iuCTtHB3LiMVfIgXDaqjjQlib6N_tH3LC9oXKbMagNIlYLKBu39PTxgAm-D6jkw-sBxPIiX7j30tIQUN7uSLbfpBqL3joEzDwz3cRwp39-rOCEUixJsTiWunLqGUI8en13tNuz_bJBDEV75P4Gdvt5_RvHGUyeqT8o6FZ1nSzwMPEShf-Ox9SAnFQvN5M2M5J7qeh-mMo-vmJlfhI-2t76dplRJFzOA_q_Vf-JeX_DKBEiLJLaXFTBOvzYkY9gfmrX4_6rmD4bIRvYtwr0cBe6sB4WIKzDVU49X9qaj1bn5z9g8glLQgCGJRrtuo_YeG3bXEH5vIb2-ydIcHgt_SxMwhHH0KTqxIbXdV-XP1WB98rEOMbINWoeUXZkbWn58_IHW_pcQt2e3fRTnLeKAPy7Jx9oHPTdUWuaLOYufE8B1NHaLpN6BAlgRKnVgrxOm-3LXjXTjvOkbI-SGpa0Htn53tK88zVrq8JLJWe9SJAGozsPAer8efHUQtdOITYtYEOJG4yo75tjF-z3ynOKRoLrYT4CqMyikHMi8XPd9TqeUgMN8rcd3UPjSxXVYH2FekwdUdLwv4Laox_L8ZPCB9jWuQKk-vFxP2XB7cQG7yD17IOQHIOpEoKZXkYxi_72asZslan_1pHg==
Eindhoven,29339,5,Netherlands,2026-12-09,Wednesday,14:35:00,napközben,2026-12-14,Monday,09:30:00,reggel,0,0,EIN,https://www.kiwi.com/deep?affilid=mihalymisroriflights&currency=HUF&flightsId=0b77107f513c0000318dccc5_0%7C107f0b7751410000ee36f7c6_0&from=BUD&lang=en&passengers=1&to=EIN&booking_token=HDCKH27dNMSzWIisOPrv56DZduPjRRJYvf6AwHwjuFs_98NiauTeQCf5aFfuq9KhTZ0Vu28wcaJoqL6K3RfHzfT2SnJk1rjzmW75InrNOlxazYa7P1ajQo9PjS0DsHhutgYTHiPEyOMQa1QfFqNaqaxUJq2UYQ0zgV66nDfHzNNmbBrrvVYIB9Fyy-VqmBagc944w3WlLfN46PurmuG1yo5M5ysLlmclui2jVdmF66fi0c5QTG_2GP9dDAP5_-fonp9fYyN5chEpYXvaFseRAbp3bCnuZWcfXfMrRg-LRjXjATwR4D6dNtm_vfUe4HPCh1dGkqP8GGL1oBD91niGe23cTEzcNwaAelUNboN2B9VHN3hj789no1l5LUmM0C0Z7asjpPnLyK4zweq0BQE2tXIkRfmBIHTd0GylKoWshed7SoMD6sauyAM3lP7cwDMmDnO02ODdMgIi6YNFn1MXp3tS02rnctXFa8uyrRQxLTBPRSz0uZKrkSb9Ezqyih1zW-KN-UFr-T2MJ9ji8KmfPddaf0_8Um8xpPF2Q438oSRVW4guNge9-0ILrEolV302oLR-NLgk4A9N7deBAk8cAIxw6g2T2QMB86imE44gyMSWL4XzVc_eY1-RWv-Vp2V2WOOaDDQnueISPYeAFqXXA3m0ShjyFCXLJNKihXkD9tDh-4--POZwyzkA5thFZLxJcaGrdwM4K9A8ZN8vwXD7hj587UylVI2XXQNc6vUMLcdPLUyg5YMTdzC17-fVc614_j2ctLwYK0Jwk58no5JwokLEvn5Qf42dnyeQZo6WpbPd3NgrJ5HOrkzGpjyVfl-eVp1mFcvLsj1_vp6EHXbq_p7Vzk9pou4kXqd1TrBSV31JT2FbdvGD2CYr8IwhAxzeIkJZN7OVzt3ha4QW1XU-D1jDHLqwNJxs77ueuQLsvvP_q3Z4_Cs4GCPWoYX6inIpLnebheF2rxNIs4NgHWlxCm7VpkgrRgB9rwmGjEtdLj3lw-gfLm3acR7jLCp6r6wx4VBmDqj0GMmOakc-UVmRH5PlHGfZU0JMbkN6dYeN6p28uPQWIieoRq5p_lMWC-WN3xWPXemSGAi_IiNyNFHYNtg1wAgsYIWofJYQ_QYJ66hOZCzXzwxqoFgaGmCXwwfxhIxWuU1xRSBYrrff6i1hZEg==
Eindhoven,29339,6,Netherlands,2026-11-18,Wednesday,14:35:00,napközben,2026-11-24,Tuesday,09:00:00,reggel,0,0,EIN,https://www.kiwi.com/deep?affilid=mihalymisroriflights&currency=HUF&flightsId=0b77107f51270000b9a44d94_0%7C107f0b77512d0000c0a663f1_0&from=BUD&lang=en&passengers=1&to=EIN&booking_token=H9blgjSON3-gW_4_XwCnfIJ444rxGsTnmS6noebCj9h6-yhceBYQNhmIIQGLbg4Nf0bOc_EzVfb3vfDJiegThDLoa2vXQiUexE_kSFKdi-_yBKN70VLMU5ob8UVliYs4EIxFxLJryctt-_3F8SXlzNaQq1u78_70md82YW1z-u8_CKLEM95alU-Htlf5hzUmLfXW0uGI5vHazpbhNW1bJAYKjHVhm0cAY7-FKAF-rWTzwXCBGUkYlDIEkL40m8UG7P4rj7OBzC_w_GCCPUx_eQPEyAremGTzgpVgCmOx7QJ3CB9W2bwpEzUmxg4i3psU6vMoqnvKyBaEFaArBFlGBW7G6RzK3ywTR-jH_Lqd-l7O4thl5azbRdXJ2IlusEgGVfeSWAbxQGf4vcBEcKEt7Pym22bi812iNNfWSdBOML1aYAftYEr-hucbEWT0IQJf-8z5LuGEvB5YJ3rfV6UFsH0cA1XnnXSItNK3EE-az43cg0BAUilQJtwDqu4uzhrYCLRiekw-CKXDFTrtVfgbesgAr1zyc33vY8mbOgaux8O3U-K3F22qm4F93Cuk0MfI9wLiVORIogr12AwWK5rihJlLjmXCXIhc0-9yGEVI4Da6QZ7tgIYg9TfWWQ1QIqlcZ7n60UQc6zI7jJSvdjE8NrK5TAcINmVaZUOJb3Er_LDUWaO5uPLMYPM-u0ia_cUACv4uvZWpaXThakGq4gR1AFt7KQ0a2k5hpCZSpNyNBwUNxiQ7DLOuCAf1qT6aep6u8pMqiUW1nHikyf71mFDNtno4UGnozDIfh2iv-LAH1kssZS3CXLE92fC62Kv9tIoHC9vm91Cxsz2IBHYembTXcgLGuJ_gnwmlG6HsSBldIJspHc6hsT-i9xF85_EySanIGA64GClgRbofj3V_ivfsawiBIswf1JsfVgb65F_U8hR6RADF8lTxrlK3ivc6aFDujpLH2wwn2v5bGiNtssK9h2DWhWaRRvDlDQUMetGAdziclIogP_Yj4btQHJ1pqn4E21UufeCSSf5sAc-MOuJIZzGG0qjLiEjMI7b9DMrwcaDNYLyvEFWiW3BsH6TtM2SNKpP2-0mzObDypPev1X5cSYj3nBXcoK6Bxv9EQOeMcBD_3xTdBLdhZXMvLq2nHl6ErE2imh-nFv0ObOQcmuNYltg==
Pisa,29419,2,Italy,2026-11-06,Friday,11:45:00,napközben,2026-11-09,Monday,08:20:00,reggel,1,1,PSA,https://www.kiwi.com/deep?affilid=mihalymisroriflights&currency=HUF&flightsId=0b772333511b0000df05cf53_0%7C2333019f511c00005d6e95ba_0%7C019f2333511e000087cfd3c6_0%7C23330b77511e0000769a2e58_0&from=BUD&lang=en&passengers=1&to=PSA&booking_token=H3XfYipNRbLYgyxoSE_4yXCfw7fjbA_qZHLAKPcCeR8-mGZokS-cxDT7D7wln3X9A6MTEhN-CJolfIDnvKffgoFtxkoTFYy0cvksKHsNisIrXOZBR35rQRhrGk8l1l2bAMg2uzjofUa1VmCs9vE2L4IXl2LQW9ZC6JAuD6Lmo5dbfBH-K5of4t6YAtkDi96012fzjuHcdPwgSG0170w6WGgENIPjy9agX2gIcsOTmuTiag1XfVc1ARRtZ-pcPYlVyDBG9OeriLJWizINNTHtG66f0InNwglizpQheIbajsT3-eGtdHxMettTECTXxpbwRMKPMMKgoWOUjpHa_Ou6rIvGDlUdBfYGLIckclZl_frPR51jqHonlR2NXZlElOgciwpEDCDkEpyDvjPJ5keMkmnsGxCL9jOpB4asHqWNt9x1XECPvRS3jQA1UMSTzMBci1O_vQZGStaI52KQYZRU5Vqj6QjGr95s1bLO5-hfpumuUg6Y4F0a8eFnU4n0Jxe1Uc7DTJeSGur2-xNjwtK7urv7P-DYQdYkg1u9GHfed-ldrJ4YlFaD5Ua-k8HYNZHLmHtouqa3O5SIgxxECAmRHgMcAng04K6H-1mIbfDVh4Gv10YXciCUTyEzcQz2kFTFF0Vxmz1a7ZfDODLOjfeAZh7Q1I88Lyp975odVdA9Ho-XqImbs6n0r0PTMYca0nuLo2lqSu2rQJD_-F9PdEfr85CpdnWe65O1qp2-1MykVBrQu9mo4H4939Hz2ffsUXxZuGL5t2YUSoNEPWvjwWJ7N9_oeL6Ul88uG63B-v1ThFwO1alODiq7go-2_rGZkIOZJDxg7Z8W53ZmCCNW_QetiV2K3fVyvZ6myDsJffzR2y2wFtKCPOwFeJdrEIkPdtEh1iqKBR5LjtxgWDbob6rQJF8svqoP6xVi0_cGcrnyU_W1P_rSBqsKZQU5gn9K8k6TLQSaCJYVqZof6-z2PLPrXnILKnOB3z87RXe1yUAFSfjcesO1yUkCR5FdruJy3BvyL8coP1WKoGLtJQJ3JJqEd2SKYjmYlx9QRkZelp_aiRjweu94kcjCHlgIlVlXwtXgMGxFwRCbmu2rhamggEG9wni94zeHzznsfU-RgSvLL2OBc8NvwdIxjN06dzhxCsrNifbCdT6zfDHJ0zaaufXXkEDZ5xe0ygpmxdjbnyRbeOKH80zNNOwqITry4mZFS9PTTt3rCP1TYCLgpKycu6LMuuOBUfV12xw-JuMoniMeY0lN3Ih9AVhBtIAA-QjYCJm92Lc8dekX-_m5ByfhCFeas7nu9RjUT40WuT0r5QIqt7_Y=
Perugia,29471,4,Italy,2027-01-24,Sunday,11:40:00,napközben,2027-01-28,Thursday,17:10:00,este,1,1,PEG,https://www.kiwi.com/deep?affilid=mihalymisroriflights&currency=HUF&flightsId=0b772333516a000035677ae9_0%7C23330de0516a0000fcf42588_0%7C0de02333516e0000d807121e_0%7C23330b77516f00004661da9f_0&from=BUD&lang=en&passengers=1&to=PEG&booking_token=H4tDFQXLsxXqzKYg-vru6iJZnUwDwjOH5g42rAtuO4kUhkpkt2nIehf8r_EZaQOGBRrrNHh35JN3fn-YO5u1vv4TMB-Z0uDY_cZUC-SJonkpkfxpFbheeZuBIC9NPTFdE_P8-aWER4v3gCAzAlmpVuwyrnKQiZyTdHbxHTPQKo89X4kfin-az4rnz27zoknyI-rvGAhtUtTvgogv9DMMBTpWTn76WFboUnwdYRVf9fZllAx1f9u3y8xUZ38lsY_S5Ks2PW43g98Uan4J_3__hYiyLlsgEWf84ruwCA_unq50FdMWacMpE4X3hkH3P--anYQbwj9ccaa2pgUzD3XrBr-r0L6nPW8vo3I2cfcAjvuhx6vMAuM1aL1VNr09ZJ14hhDWZoelRgspqJnMNfyUtdta8SohoWCVPgzamg0edu_wU8cnELkMCFLDfGtjHv_NeSZGuxropXyWL8hHjVE-JvCrNpyiPrSb6Fz263w7qrYK9kDSeIwIR--9dlhXtpS_aZ_dNsuVNPIi9qa8ppjv6udk1WJLAtae8PEoRZ_vslgIJFmM75lTfRodBMxHkUpe6ZiLppUzc6Hbj5tEoGcVsEtYdVFgZvj4nRQJJJjZWPVMo7MF5Em77w2cy9FKEZN1LeJeXVdeBf2rKB97iD6jbSvcJhR9Mp_9k1GH1d2o6NuFIuQjkh7P9w9Ovhg5vRfN-RKbHGaIjc0cXWJ6pSXouMTCfRQ9Ei5nZd_HFg2HYt14fYCc_ntzCbUfEZh0RCMiPxUldyTkN0Icqcyj-WIyIirQlaDQrrQec-HD9EPKjjNC9hhREoBuJl_qa8la9NLN_RPFpezQZxzQT-onT4yT2lhYRTtMiAynDSgsnGCQz--_d5GMR8FLxF45T32H_umpiEqLYG-vBLYxsSuS6auk-JtrGdiigQ3RhZ-4O5qQH-br5ZaC0ygKon0hP8kdYey3isBiV3ETMXeCEtc0qxKtZhe_OYkgK3iiEtfl_4SZ2js6_B_eorBKys_Q8IKl1XiaZ6jX05PQOS0OvEaH46_bNeGf3OczfM7AdLL-8ZffbEbO0B49UHsZsAN6B1GQHmEenw5O_zcd291sxUN4LaeJXHS-yO9EZhJ7JIS40NcbB-WncQRqIWbnYz1Ii9EwtOteFIxTaAaRjBUHJIL-6DQ6Dpq6_vHGt4UPnBbaKlpd2ZKLt7yz98CzdzMkINO6pFdWeUUT9mHa0Y8A_0Zkcc6ibshYbaAvnWgZIKHilppEefI3XivIvZ8yuODULD3KyEXxc5MdM_lXOhoB-lOBq8Z3D43d6UJagP6QwaMv647lQLkCqXN_8JO9uDS8rQVW9D1UuXpseiBmGx9bIt_AcEyAMrw==
Venice,29517,3,Italy,2026-11-06,Friday,11:45:00,napközben,2026-11-09,Monday,09:10:00,reggel,1,1,TSF,https://www.kiwi.com/deep?affilid=mihalymisroriflights&currency=HUF&flightsId=0b772333511b0000df05cf53_0%7C23330ec8511b0000759533f5_0%7C0ec82333511e000059655265_0%7C23330b77511e0000769a2e58_0&from=BUD&lang=en&passengers=1&to=TSF&booking_token=HHFpHA5VIVY1xdxjVEMPy7NJM5krR4FsVFCU7ZEjaKJkyrO8LvIUzMBnUQtUvvgVULSJWaek51uQRefyN8Ddo0CKBMqIBO2Bzryy1zenXxrGGDh-yteDS1kxPamaiX0f1NLFLP_oyiMkg7WcYLGMU0qoU0BHJN29mB8MGdxkrb-214v2Oo82tvg_iFV1v-lAyZJSMRWBlZvESI5NCdfUID1AKH_Xjhcu4mkRvrfmG0VlcVzLl-uoUc_43K_1SR-7TOCAirELHaqPkG6GPzgxEA5e8lPOSgIM-U2Fc_6lME_8g60QgRCFlgOLNvVWMN-dV2iY5Q9BaZiqJwPDJUfOkcJfEFln6M3N1zNlMOtQHnkZLothJjQAmUsbB_Io5RythLFI2reunsULH3suy_g_BYG-RoXR1gE-7csyzHdNEqAdNRNwk_I-QxFwgpnHeOZcP-EEBUznyuub_CSJ1L0_nyXiXgLzDwvwLO4_deFhtrgklwoc3kWzUVHwY-WofIqqjUp6_gPc9oVU1MEh--JT0fjIEf4SwmA8mIuCVvLSqbL7u8FCAF9PwPLeJQVgW1T7bl-RmipRxCAwAUG_XA7YJShhu9xBcjAoFs8LWYG6SoqAN3T8v6YXffmJ_BlkCjyO5m3KBeW_83MKMzmrwZmwm5BH1erbIC4HtzoCiDh463OGOLQb3WUkIv7LLsZLYjxePj1Ua19HfiECFyTrEaTMoc39LxRAOdOs2jpJCYUgj1JVrTXcqVwc7MrBjDZXaMUyI00Hztec-xzkbX6IO0GxSHVU5V6FQXAQDMuainX1pyeKsdyPO57Wt_GTAEqcxOOYcrDGRJeZvdpaD8Tr_cCXMMCfk4hzkCtlN_GIuYHdfO9tnjwGG4QvD6V9Xt8_wOW4YQOsFS4c2oaKOSwP0FJUV8T70qmhyiG-ZDbNTN9AYfsb4rBVyl6ornPoNEM41PnbY_cBcgOm3oGZCIGS33CoBsFtzDKhS1VVAVQjoMY2_TKr5SvQmmkO2D1x2XrWlwJPuF_NZ4s_flpRnfZtYXieirV-6OXxILyX7FIhUWtE2Z-wk_ctPQ1jrRvk-13jjkdFi8wpUusf3TUqigxzwxekwOqObgEJ_B_Bza8ldUgVVXBj_nQP2BnCzeTur04ajO_vL-s125SwoMGi-LhzF7gl-AkLgp2FO4gJt6XRFiXsN9D8LEayo9z7ggQY_uGpZUqNSj1T36ABG6A_7y8DyTd6w3eSLHMmgH4ID-BAeRkSy-c_6biTv825kNjhmhS1XxDmXJBwdI2MvsdwDXdaoRDmGkS_tSGRWeOrkv_pHf0FnZzQ=
Pisa,29542,6,Italy,2026-11-02,Monday,11:35:00,napközben,2026-11-09,Monday,08:20:00,reggel,1,1,PSA,https://www.kiwi.com/deep?affilid=mihalymisroriflights&currency=HUF&flightsId=0b77233351170000ea90c926_0%7C2333019f51180000fb7d28e1_0%7C019f2333511e000087cfd3c6_0%7C23330b77511e0000769a2e58_0&from=BUD&lang=en&passengers=1&to=PSA&booking_token=H2p9z3Gwm-LGLDhfiMcbIIAZpTEPSiHBNia7FkzzIQnrHLmsUHYBEAgd67Oq30jUj8TzfQnEq7-YWqxjANW2xuINue3_Cocy4sQEYFMp0L0xf-yyTci60RDtR60EgQfGnm564CKYZKme2uy468is--ekBdgRUoB2AbMF6Yhib2NhrOkDu5eECjDzo4JeKF-2-wqtr_r67qeOM9q89isJ6EyxFoDLPcy7_gAN8hQaS2hCC-vpBSjV2w07ZiN94qccqhdlnlp0Cei3W-64KbTBiE4834uv8mTtZeKzaQGQTYii8qdG825UbQvTkjfub362aQEI1CbVFrczDaPP4ks51XJSBpWebpz2AQLAqLnNp_wI7OzXdeGScNcPYoLfdTZYkNf9TDbIzr4bfD5UkKA0sLHLQLcgH29Bu5AqiaSR5XWEYtvXbCrKuKvsB3LfNiPUuWiagkAZJ_9Qk75xnksmYIFJ-eTUOGYmiQRzW8UdSrihIWv8mm0FdXXoDMsSzCgeunpwriVSuJJdDNgg-9TW0uQUl5Gr4khymcio5t7SBEblqljOhKa0eWc4QWq6WesMyi0zm-jICupF-bbwPQO57NzF9X66ganvzi5AH0gmgoIdGt130eUiwMfo2ILwCTEALePEfY6Et4hFTDhpQxqQjY2gNSHifYB1Q26mIzksh3nK03dNbBXvK85pbnMV9b1TjRCkOCu6kop-bjHgpEc7zaegshtpUNvYm-8qPB178-1bjcJ8JiuOUHq1IEBbsXtLfAP9ylVeqMSiujZexw3kEX8bgCkml7DXaqicMcHyWOn2LQums6CWkC0MlNhRfK-FH0cdaOndMBQVGqgYctOsdMDwE3SVc3LYTsPm7hVJVUgnJTv8HUe8YNCl2YjuJHVsllq26sQ7e6JvKNmoaAvSWVCYghdO0oU960EDmZjAxeT7vPmg8ZdMlRsf6XLgJVTXzqHKiXSjQAPLatwq-KCMnmVYNUNxqZMwPX0JY8i4ujKFQx7Jn4KjJdCZcBVowdIedYMmVA2alwKWK7r9BR4jx9uHmGqJm8O1EBAAoLkyQ-5WBSUOC4q1Pu8V0qfVl83dsy2KIj4tdL4nExNorTES03Elkhc2v_6rODgWk4iPuNkr1OWWtgLyqCDEzAB4sUL4zZ94XxfmYqLGwvMPTuGMpMzowLRk5pNAK58aIsRQIHNq4iHUefuBvQhEa-B613GBMaph425P-hqADP87PHq_q2vwmKj0aVRv-brDkK13jcJrMQsjS-IaChA9yBnCrNPeVAI2qRhXUYOxsppaWra1HAujTzGLd-rSQo-gKWMOpwYg=
Rimini,29730,2,Italy,2026-11-06,Friday,11:45:00,napközben,2026-11-08,Sunday,11:20:00,napközben,1,1,RMI,https://www.kiwi.com/deep?affilid=mihalymisroriflights&currency=HUF&flightsId=0b772333511b0000df05cf53_0%7C2333170c511b000089f60ebc_0%7C170c2333511d00003b72d2d4_0%7C23330b77511e0000769a2e58_0&from=BUD&lang=en&passengers=1&to=RMI&booking_token=Hu8sPpeTsqgNfF6-OZ002neKKZqqlSiUuklwWA0G7ZLh339I4ZlshF3FZeyfQFcyBhDQmI1OQWktO3U1VN5ApWQ7zroPkLQKY6bE1a3Us7rG_iz9QB81kbT-SDRsiqMOXHS7jtApI35KgJCS9KNgdQrcesoWWy0eqOYNzlDKlkxVVILSIitrLxQJcU5S-Yv7QgNXrGhvx1wN3zCO7f3VK3wE-ta67rKJ_nZqzDaiP54KFmGAfYCyXA5ByciagrtVJiKL1orgLUZcchsCYN144qreyRvc65hHNKldNX7eOzOw5-4uxFRYvSiPYVc1SeVlWvMfRNdNqRIA34kPdhsE1NBIUHKk_RJcLLcmCE5Jo1Tta7dYHv14OD6ADNI6e6TrD9g-qtX_6SDYSg3dLNd2t7Xu-I33DKVUYfNSl720pUcnv2V74lOUMi1u9QUA3ajyZ9T446bwM58fa0D0BAZFJI3WPijCJhNFxp2MPPxBsXAV0QRvFFEysHPQb9v14o4J5KupkbDd0DpVUfvR0uQb3oo2LidJio6iwnHHQsJxtbfcaErXsIQl2Cd6Qlz38Rw3HOvnIWsCjtg3PUEumj-oj55Dsk4VKUGEqGpyor98ij3XyFMO0PI3LC7A2q8ZnFGwZZ1BZY8BHVLnKSThpLdUvdR9YeLxpSA-oDVYgmUEikUruvogV5h_2cDCmW7kaKfNxx4zoajyPGhVrgc7ctaloLvDA_cr_CSTzyJ7TgySTQq-MgipoW_PZPPqp_sLp_7efelsZrNryYabukh7jNOXr04aMg5yhX4YP30qNddFYztYTUTWU4Gu_8to-LIqKw8HMwi5sT9F18dkFrpPUVod-knO_VdPK0k3Gs0HnLXXu69cNMewiXOtt04IyERYOGP3f6xkekG1RcWUA3AN0LnNkQJvqteFT54Mpp2wd9ahw4x7oQ-CyqGARa6fkb3IMWl8iHtnL0hVRifSnQ-k8kab4AkZnI5-6SOPqCye__JpkRAE8NXY337rhVFNcsjwdaFvQ6pG_lWr6T-BETRfIdLs3YmcKOYhkwBiFbuCw74HCixhXTz7JuiLv3E9S-RWKla6BKWXBr3yBWs1T4Z0MidoJq2dBLDHJnpV7_9ldloiJ96FYhRlHJR8LvY2jXIpM0gMteoR9amav0OzsX9EPlPpmfnb91iiEi81DM2SUs-WZooLWDZacF9zXr5dgJvc4eWfPulMOHKQR4V2nEDNtoA6FJ4BkQvLuREJH11iy09xuf84OLdGe5ssSha6MP7RNza4qnG2bKH7KodLnQ26Bn16u9d-G0Zrdko8g2-6So6X2juPJ5c-0frOsgLkAFJFYOrhm
Pisa,29794,7,Italy,2026-11-20,Friday,11:45:00,napközben,2026-11-28,Saturday,21:25:00,este,1,1,PSA,https://www.kiwi.com/deep?affilid=mihalymisroriflights&currency=HUF&flightsId=0b77233351290000e382e843_0%7C2333019f512a0000e2efbca3_0%7C019f2333513100008038828c_0%7C23330b7751320000851f803e_0&from=BUD&lang=en&passengers=1&to=PSA&booking_token=Ha0s3vQtyGezNe_xs04mOfTM3zrcmk54BFYxjaD0XjkZATQjhzLUAniLRluI5BH1aVpR3Vf-jswi-n5tK1iv2KWq6JrxfRwR7OB19Ydne13QNTjmpa40mavUzx2jiZmDO23f9LM3lw10Iv4U1ql3QLZZz_koM3a3bsX-4mMblNjUF6hWfXqMke-ABEqXqwwNavfLMbHCdNKrnAu5OepjQaxsA3xk-JC-0xIVNd94H4wQDezPaWPMbI5bHHzJWz4V3eHCWTJh4bIKa96dB5XfmVG0ZWys7Rpk5bR8C0VoP_Vw7j6tvU0UpU8QQQ_jZreyfY8oPxGEeXCjAssy_YhsQGoQeYqcB2xlbl-Sm2bAv2aHP6YIkVaXDQee1pkVqZECbiq9Hf-0mUCX7tXaIwV2B4YNpP8BVa5w-6jl5EeusCJpTe4nbecFhNlvKmUGGGXU2K6qoKXE33ENv0vT1IEMOGt6hvDfTbh5u1gB2nq-TMDCf3R3Sds7MgU8mKY1TOZ0WCNtVGiQB82Be8fxhH5AFAc6CxzIPH9Mh9TuZ0HiAF5pR6HtdZR9aQJLFnlXhTRew2wuDi7i5Lde6U5A0Sy0Ow0cF6pGyM34aDUM3e9w2nrLBkuygCNB2nL2hSweiX8yXoQFG6-E-R1lRZW5IUphOm2c8bFGduv-BbpI2lRMgVZCHT8efAPUz5TxhvgbeMrLizuJp4hu9Ts9uCAS81RX8dIn709GgR5lpTfigI4_vv9JPnjCS8s9am43HKOtVzMmrB6qgoK2HIVYlFrpCna9EumtAKMsKFtrlmBAi8NzXuzHmCwG--ZioIXEDst5qfiwQlLvkdDhSQk9XCeCWyVlR2NtJx633ToZkWJJgvNlAwvNnQeRi_-R1NDPdkq8pCPeEQO0HT09d5TPz3lw3iSpM--Z7dRKnagg3qvan3FnmkBOYzNTpoV8vBJ-u-4OwixQkzaX8j_E-TMw4jGEPbcWnQ4L3WuxyLT8YBDJb1y6xMyiUDkOLi9dPXnwAul8qMUerGBHyvWZrj5vWNbqrcY_EolsZ3wAETdQQBbMCSEbvmcgw7CgZAy1FuE1FeDfytirXmWIt7NrNkVzxOPAmm0DjmlIhNW8I2AuxsA7q8zPxbY0BLzddmGbaG6L0A29O47O80wXzEvTJEam8QrlR1fl2uvJF29hC4MD4IvlfyiFGNl5-yw0syLTRq570QZtT70Z3OJ8CAXwqnPX_gc_FzZcsRHgdY3nhf_bD2pwwyIEja3ROFS1J4T8j45fEJAQd2zH88nIzs_PA9yFndT_eqB3k-7JXaLbyYAZFI-ldXgWGLlWHYpeBljQaBRPFj5tHBm80RSwPsCbj3gSNqoHb82a5Nw==
Trieste,29897,4,Italy,2027-01-31,Sunday,11:40:00,napközben,2027-02-04,Thursday,18:25:00,este,1,1,TRS,https://www.kiwi.com/deep?affilid=mihalymisroriflights&currency=HUF&flightsId=0b772333517100006606a2d5_0%7C2333215851710000ab805735_0%7C21582333517500007d337e5d_0%7C23330b7751760000f1c947a1_0&from=BUD&lang=en&passengers=1&to=TRS&booking_token=HxxlABdNwgZfZbySNMick6mYIdpih-GGKCod8TRZTujEwsve8e27sfTbKyJPr752b2D-UEYgKbm2i5sR5j8f-hX_O9_f6LEClAL5grwv7LyU7g_G3uTAKH_HmkjQHFxVKki6YgVmFjSddryvnkkwmId4LQMe2ub_4J-N6lDZOzO5cQaxMpKE6JjbkmhN0FUkIL9a72r7nDj_wbx-iVYgPoP9o-Gd5wlHe48ktonaI4QlEAPcncceB5SaIkVE09Uo9psQNwUp0FYy8FrQP_UHLmnvOeIkRO81cZFGDaoY0nkDgbz3P8ZHaitI-cOLt2bJaSEIdFeUav5mCjgra7f8iN1naAynfeQDzEsWp5zJjODecui0sN0MCb5IFgQeIpfi8N120MtnUPpchznrhZNiBNwaygFP0KN_liER95-A3GB0kS86ZLj3EzbrUcqrUmriJTwPMQbD1M23nyp5AQ3w5Ij0S8euc4oJCiSDwiqqJhCA4wgFeT8B9NEN4VCqMDOTx_YxYu-z7CPm4-TUZ1nH1TKxRIg5osAPJhrJKdS5cQpSLB3v5QEJsvV6sdk_OjLEL6E9xqkYBBhFMQdGiF1ML8ra-hUehEiTBdCfwv7Pn8Q96x8V7SoVTPiR1AaXfmHEM3FnpqkFZPLSsNrZibcEzNNGuk8idX9SfkQpnBbkQllplb1wW0ITIx2U4cihrxlC9ATnm2XyFjOuvLEzGlafRMN9DtU-WYwtJSqlcu4safkCz5LrQwOVR8itg1ruYoWFj7THqdjoeTxO77kAnA14pbhkw14JjSidNQMG4wxW66GxU2mlxPqSdRjLZVLjgTNbEdXGvtoA1NdgUpj3NSt8bBrUuwy7MQI82IWstnTzOkzj2fiPV7-Oph8FlKfENhUVEItt_UW1BIPiDWpEqOpb0gZRwv0EXkM_D25yJR--byDy86lvEJAUTkyIO0_75D_D4mZ5xnSbRdmz59lyL-SqVCDRqN5qJUKx7NguWTyONOQ8iAt6z2i6DeQ8lb2dc53bKc8Ujp6agpVCE09kSeff63IQW8V7m7cx_3Xl5VflfMyf09So7BlHJlqtJIOw5YATL8uJjA12OfUQX3Xu2eqrACCxamNc152b10hNWbv7ziVAHW2gwnJf4KBPLiXrcJ_Z9gt9gH23nyojzqF9qrSSbwcPWIRv9_6-1yQkJMBKZf_NMCYaUxnke-p7j4KC2fnHs9xzduUQe4MBbOLUcQqAmifhxXE3mt6lgw3SlvKrhwIJaKm4Rq1z-awFLVtvGBhARlQE0nbKEHLXH0WC8GyDduClM_IaCz9fKSikwfMA-oT73tMD1Ny36MXGF7tVSjloB
Trieste,29921,4,Italy,2027-01-24,Sunday,11:40:00,napközben,2027-01-28,Thursday,18:25:00,este,1,1,TRS,https://www.kiwi.com/deep?affilid=mihalymisroriflights&currency=HUF&flightsId=0b772333516a000035677ae9_0%7C23332158516a0000f8e18f09_0%7C21582333516e0000a2a65ace_0%7C23330b77516f00004661da9f_0&from=BUD&lang=en&passengers=1&to=TRS&booking_token=HHxGfEB8VQ5bhVAjRWec-gCxyqr8ulZ6xONGxncgeIEnn5vDhqTOG39M0_M1VeOjpabpQn_dgOsb7cKqBQcgvDPUxZi-Uc6tdOW9Nb4t6-BsE5897s25gsZUFq0qQcnee7MPbXlxLhBn4pe-aGQH66k-lfdvK7gW7hPro1_BRgsUtOtxCyWbDXFBS3exDghZsKAtuYMG-Vg-6LDsOwfikmJxB7BtBbOMm3gzOTGCvdGp8G6-s-PvfB9MZxXKEjVUNbiteVf4oshL4dEKuyv0A3dfPJNvPoB1ud2RA4ixFfKhsPJY-549VJ25wXQdO1p-WgJ8PyaFXQt9f7s3E4_0K7J26AFMvxLR8Cikr3cCA6F4MaZbbJg4fjWGFnjSLD1kPeqNM8IMkthR0A2zp0eS3gnDXwZ6c5CBjrpBT_qHi2cVme8M242y3seJw3AOkdQ0AT_Ht_ge991bIVDm0QgmONdmAJ990BIXgkG7DhZ38KlhHsQdZdgnuon25FU_CUf6e0TbWh6FeBwAjFlKbO7CdgFB_UvROd8pR_K2UEulGSyVWDsjqg4EnwnLXn7I4-OMNY5EWByFLoZWLAObVijrlavUM3QtqAF1g_CeGv7S9aSsjQIyAOa2KNy5vTOGzo9rNq83QZDypgRFhgSSyyFyI-vym8FIm3l_TgSWXz2mmdPC9OyYI2z3OXl6y0ioFTiKaNgz5IfYxZmuyrjFPwmqa69F8sCH74n6WVW7L3_V9Zgpd0fqEkubIlwpdbzteMgUc1LXQFEKt2Sn7m5HBogDzjQm4Sg3K-zSPrRxH0qvH1xFGk88S8aJhYgjLpEz_g1KsOX8OFfJc7uoNhkVhq19LcsOkHxNHfuxuOEJJW-utHfP1dtmcxtmLGteVi8Sav6fAT_Fa2pruNbS6EJZD7gD3HyMTumnGno4dN0v4ophGm6hF10u2dyBa04FSzqyePOAHB6WLglhUJLuskXJnCg5SV7HQF_e4DzZM9sTkyWVs_zQJ-LrcDr53CjTVIUN0zGN17DHf0s9YdkOzvhEaDtB7khtrFenT9n4ihE8nrwiwwzdAGNyhW712jlPgF-YMeBToE8OuE_IeZwQD1_WnuWPKQH7QgdVJuc1VrSpA0E75_kUwqudPvVT8cXCMYLPpCjdJTj5yIFBad1_JF-j79NbiQ9MERj7XRPkf5RCriLdWJwuRzM9du9jE9Xxagh50ZHNu-OI-DHGdqgeigWV8frMK2WtQ2hpf0xpd-Dwhd9hqVRFvyFFqtB_yEZU-EtRrzae1MTTbSvYwXtgOzJ7X6fIbFdAxIy1mRqEP79q8UZPda7tpouPHp7DN3OQSg4MqIRoS
Venice,30024,2,Italy,2026-11-27,Friday,11:45:00,napközben,2026-11-29,Sunday,09:10:00,reggel,1,1,TSF,https://www.kiwi.com/deep?affilid=mihalymisroriflights&currency=HUF&flightsId=0b77233351300000542a757d_0%7C23330ec851300000feba89db_0%7C0ec8233351320000aae0fc03_0%7C23330b7751320000851f803e_0&from=BUD&lang=en&passengers=1&to=TSF&booking_token=Hc6FwlSlM9r4SlJkuWhuZVP7f7T3hgbodvc36FZEqZRW6P4rp7-nanY3F3lhxu0aZCHhgkCHwijmdQm30px0Fa-JibDHA4yMuwNQof6KhadlGqPT4SUZWsDDtsi4UYl_f4y3qMpaw27PPD5lCetY65Z8PCkuE-l8c4agcfDnZo3dhLxy6gIUoe2ooBQj-XsFohXWJTIH6p4Pj99dkDX9X6UWoNJ17yuzasvqgLRbSE6GsDWImma5Xc9Atn96Veb7QTqsr-UauOj52-iUlWaxEjlXaTE0sYTpdh8fvyoseYKmLwhdUMZ5ALXoXLV3izHq2l9zE54sbH0tOyzLvQ785hquVt-AhaVMrADAWCB2StBhXqfze-2Bjle179TZgjdENSFNBjFjhHR8UTeEtr8tBDPS0MlHiBL0pvXA3Ge-z1itOAls1X16blhHKZYGuKqE1lUexx9SsjiJZhz_Ji9vfoCfC61MvRgk-4PeKzjGOP9q-ss_J_R5N6ZqCicgS4Z3CCbjraAbX-zYHYXFkE1tbUW67g3snzvGQNu3jBXBReZxIyqJoF_cbd9YJTeqObOVjzRf3I84AELmiEozf5Et2ZaNtMbTC6ON58WMCexMWnJnVDOG9bwnd-qJx0ch7nmG2Vrf32jMHZ1y2M8T2jn2hvFJBbp6UgJ9UJ1keDouW2gocuuaVzksGzkWDKukP0NE1bPa5bu-pwuNh360oFYR7-s6kDaQB87OQDdYqclIJs3TXL3WAAVGjKe5ZCMAuHx8cR0OIUHmklGd4zihwlBboefaQ-wTn2jIkaLYrUPYjgj63nXbuJI9Bb3gIl_SQgRQ4XculqYzOES_pYKsRnkeRwVqbReBOa0ZZqXKgb7Y7YYBec6FHFm0yel1O9F2rKYHZcyQi1WJdE1HUx8Vl4rIWAtxukDwzDOiO10JKBTw98swUZbYBc2s6nJ4BBwyY4qQuMUCHoJuKS2ccR3I4fF0byqWpQVBdXaxQbFmnzu9fLctuOd6EEwUTwkMdZaatzEwgZgD8mf3-G35x1XTMZJedK_x6UFKV9S-ANaeQbC4Rd3NQ9WkG_Vus1UI0_a23hwokrzKUIsHIhyOxRm8vPcL8vnN8lwjzxHYZueURDKM1kWJKchwTpmt3nd_TZc42pR-GbLZN9GP-zsLX78aNDO6EFaNySkjDQvQQwX0ZerVGYDHzfug974M1_3m8nysLucEfLz02YNiS3endM_ZZqoNWExA6cwHNEyo5sEcyskGRTj4AOnhVGVrnGUzGjSxkM3j74ySC-cnd7eQ7IpoPdEt3FU38MdvsobwcIwhmm-MpVypRQJKh7YPQVZpJRpcbwCzb
Comiso,30321,5,Italy,2026-10-28,Wednesday,18:10:00,este,2026-11-03,Tuesday,09:30:00,reggel,1,1,CIY,https://www.kiwi.com/deep?affilid=mihalymisroriflights&currency=HUF&flightsId=0b7707f051120000355f5a23_0%7C07f0267c51130000b14117d6_0%7C267c07f051180000c9a11e4c_0%7C07f00b77511900006b69c883_0&from=BUD&lang=en&passengers=1&to=CIY&booking_token=H0jIi5OzifqTk7c8lil89k3slh-1gjqA8r0wbAZRW0UjnjMFnyndOxa8pBxPEngVh4mnf0rh7ml3zi8yByX60scDbMivd-AZ9lIGyiCGqKmnKKSfhDcc-ENJPWw6cLO9bYfDCLK6b5GWLCYiJPMgPAVqK-g-pJJ7fns7l8QGOgQdio-caHzgKPjwzA7qv82CQcfMehg73uzIsAkQy3dWwdUDGie0wOrefl7ZOJD6PQtgnMzXdWZOQAM75uKzyBTPCAXp3uPv_L9527y_z7gfYTA8LR_JrC6Ht_OkA_YkCmRsZa8OTMCXvywDzQluO6vVHEcHhxWxGb6MPLgqqE31hanos3s4STE07te4kVvRM0y28bjDFtv49rAWTofkHHJF5ItQt3qhu5Au3gcal7Pp___5LTlhyqc9PjRq1Yawo62Z5IE_rGf3D3LxaTsM6titWSCLT750L580UJc_vExxqxSD03RbEIPQP1rScLoi1ZQTZUFAc31i1mvVUu5XCGUKShsaMIUqkGHgJKasvCuXMcmLR2tABy3Hgs_wJCTkgUbpqMqjccKNMtL0-xibShL62vSyH14DZ6RSn7Ubto1QBOt2HL2IGp41qmVzMgydJYNbSmNB0s3WudmWUwkZ2U7xZvtOGEE25VxwkCgVRW023f8_ItozDjkpEYnffgsZ8oFBhHICj1w1emAR5Bflaux6xg9eSpknP3p634GHfcYt8jfhw2YYf1z-9QojDJAxpeH9cNEAU-mrc_evAuZJueG-WKX50pi19vX63A2i6urJFghKHO22GUsmBYCmhKaW09nz-47Gj-eJuzwJbC0D4gi36mm77DK5Kpq_ON1r-rDP7CT1H0G2FVBtrlGLFPZjmXCM2mj7bB7nICyqpu8tQsKNTVpVXAXf-669aEFDlns-1PcWm7_SK21p-MJszPHEc-zea3rO9I7cTwLot-vG70JxyAzBbeSBxtdxCCz1EN4A9vPmSM_NKQiXRufSiqjHNnbQrJAUFQbXrxP2Fsvs2weQBuyqUeedzuV6g8jvf6wV_vE4RvxwtjKH35NbPSaBbB22RTNz02fVJPi6t-_PExhs1vKqEzh6P8RUoR_zaDWfKXBiNyk97yHtWDWJRQzt-9Ux1JtU0oioGgQsOAWlWhtHfeewVhNpYVnChI4qvFGy-oAa1yGKPTwuUx3PSTDiKu-a4zDHHARVYxyO92nr8pN6Ds3ShnDyx3CO1EzCXvMd7USm21Kw1oX1Qq_CmcmJrO6igBspUeX9YINkzEfzcNB34d0MrqryaT2S87upPmiGq5cQzlphEEOnCeSutXTysUOY=
Zaragoza,30342,5,Spain,2026-10-28,Wednesday,18:10:00,este,2026-11-03,Tuesday,14:40:00,napközben,1,1,ZAZ,https://www.kiwi.com/deep?affilid=mihalymisroriflights&currency=HUF&flightsId=0b7707f051120000355f5a23_0%7C07f0102c5113000092aa8f85_0%7C102c07f051180000dae7f48c_0%7C07f00b77511900006b69c883_0&from=BUD&lang=en&passengers=1&to=ZAZ&booking_token=H2Fu2-OvwLF4IOOgYUR8bJ9vAfUW0YPirXzsA-L0AKmdSU7Cm9rcS8XJPhMUKxY09kf8vj4jRsZhNLKhZQRYqZoFxLiWUULltUwVCUpXbcFbnP7KPdwk6jj3-ATnWLUnbWD-ulyRK6QXzb79hNbbDX-T0BtHInhQJ5VLrmY0WKFYQV8z0blAz8S890B8FDfcSRAV7aqDLJN6IZ_ZWh-kIValNoJUxBoqPnWImBD2l6Oq7bQx5PhIpsrBxD9f1_RxOUvA7kgVmT6XSUsAeMFfKp7_F0G7K8LO8G_ckdKboVyKqRRcHaCu-CqYRz_vhjbw57ZRJlyx3OXfHDOAKJzFyMJpZhxlXQ3-UODk7CvYJJ2ChVwcnOTKeqa-FBIDCEbkoW-GVZ4rtFcd-rq-x_33SdV2zp0oa2AbXFWPHcwQCLLVXEHOt62xCKBAX037BeZflYYvA_-vznHItAU6qltz_QrhCQ7cIZKEYpxzYL4ZDAcd5GmVPtxs8bIa2us6lCouH7IEW4VZhPVkR2COjKMtwvToNvyi4OZX9KqV8bHrZDXIowJkuTJurID501695E59-2PU1J71MDUUKhe1njcJvLnMF_-FKqQkI6ybGQ3e0FmlSnpp1xyAuTF-ewym6RXJWD4p0XYf6gs2k0uRkimqQtExbNKwiaBPGnzy3hshAhqCfDr9gto9bgl-fYFCjoCnD67NREhrREGsEoR-utf3UIx9GXS3yy1fKbYSNxbU9yUY4dacPWaan0HoxqH1nzuyhXNTo8Q7eiilQIa7nUgXo6XmjoipyKOslBPdEyHv2BUV_EjaRQDR2TCEQiFrXomEs1xxOtf_WYgJrzNDANmfMbRjanJmcwgwQdYCBPqBP3QSKI-G9r5GlzFK4PqbmhvwaFtdJORbPFZ2iZjxpAO4uI2cL_7HWk_G-OeXq7m7UqQNsct_7v2aIx70y-uYrbfiCzT6JiTH2gWfc-eRnQjEMqjBiL7S8Lxko_CX6yIOqGmdcS-1nETwhQKGiWhnw_B2kP-IS4m0A63Svv03YHQPDEmB749ga42o9uMsygGjS8ahdUsTCD2JIRKrcTR29JMXO_e-8CfD8INmCStY78claAPlKtcYqLydf_RevF7Kh0loZfwHSc0jGvbt8FX0tWl1Dslvraw1iJeVkU5kGKtkraUdmCEr8zGRgFow2b5_BxpWSP8pECWo_uIW0WObg4ywskMW8OMGXcqFC4o2HIWeQgHxFw_n_I_jXStcnKMOo-1Pz9BXteMXj2VH3AljhP7n4TAxx8yVnJ9KzEcr6ETh6CLtkO2OsC0CKWE1kl3UjxJvvQ_LtNrflAfz6p09Pctk5
Comiso,30347,3,Italy,2026-10-30,Friday,18:10:00,este,2026-11-03,Tuesday,09:30:00,reggel,1,1,CIY,https://www.kiwi.com/deep?affilid=mihalymisroriflights&currency=HUF&flightsId=0b7707f0511400003870c88c_0%7C07f0267c51150000123c04a9_0%7C267c07f051180000c9a11e4c_0%7C07f00b77511900006b69c883_0&from=BUD&lang=en&passengers=1&to=CIY&booking_token=HAlT6na8y2fYB-eHm6JChGHki5EneyWBptms-3u4cyeV_C3harDJRzx4SYfzRAXNtnknZ7op4-W6pvtGXKiBg6ccCSDJYbi8spHolseOMERu-Usom6VSOJQeJcu56G2FkHxSmh-yZ3Fw0X1U0acvZ8Ge9nSF47Alng0u_q-D-Nf8T0m3XD6dYyqx8YDrdZ7sC81alIfW5XCfHF__qeufYcmW-C4qg4QmJfgIZ1AH4Mgq9xg5YZ_qiqVNQ20_jUpImDizUG53VCrtP-3wnK_m7o7q_muclhnf0AK686YBseLU2m0vbNNY8qPEOZ0tDcjbaG-_vTsSJFzgXbRZTXRx0NowKPwH45SCtVz13a7dOvCig__Y901IZUWIX1HE0UFnIMzdidKN32DGAWhHaauMtGoyBy-S0m9ChfSFYrQGw0k7e1nFwQhmtgA-YqQQewhX7xo3DAzH8BSOp1aIu02JG2YSanDckUHRk2WrvS0Zes-pHJtaOULPA_75Tb3GEEY64CrRzACf5Q3wet2nKfqdNk-e-g3GfUYP5-WnabqQfnXoVpoFJ7QKEorpXUaxvcs8IsLTgUTZW0Yff2d7FJJDrCfEsxwWelraMEeOf40_UZ8hwVEoxM39A4h7jSoAhbz6r6KOXVJELizZQEBoPARxyEj5Y1PLCwhpdTPlph_lzwK-zTimjgAWlHSmOturRft8knB8sFYIBz_V1Tf-EEF0xOc3xV5pl1gXDcUxGxHZXqdq0YZsW7-iXRW0YfKX3g1i4a-BGimpFUPDU1Xc8Lo8MSqQxjTGSho6LkjEF8uD32ZfOw5a5ALp3dEhbuzq8DKV_W9on1vK528AF3AdYuBYi09gF40t4v7PPXX22BCYExx_rMRCuZe5doN5exyGC4QTq8h1gXp0ZaLmE-NJsXozQ-8HmMxP2cO6nR14t8TRa-ggN2I1CBtRzHnsjeJ9xK5BFrwbA47AzJucpfNcBHhc6u3tBk6jiHMfRAjy7jtL3tT8M_OjSVBilooaN1EkW_jRZ4eev6LWToEw3L_-z3wtrkV4f50-5RX78vc-qDO2kpGdtQGRCWWL5zQF_GL4XXlEKIn6hi1nGd6OADizaipZpjfWhrz2Sq1tRwAtV0xCqGM9zWFRwL0hY2POcB885YnofePbjkNtfNF0BK1h8wAYWhnkAsP0yqvqrFvWlrBPJKuDUlreqTcjJcrmajleZeR1ke2zOsEvfJ7c_l6odUz4lVQfEITi5KIgm0ruJKWAag01AFQkCYXg1NT3PAp1ZQZ84VPTcd9dCG8hzjiu3AoXOb6pvlHV4N23-J2rVBhvaD1E=
Venice,30351,5,Italy,2026-11-29,Sunday,10:40:00,napközben,2026-12-05,Saturday,19:05:00,este,1,1,TSF,https://www.kiwi.com/deep?affilid=mihalymisroriflights&currency=HUF&flightsId=0b7723335132000024ede4f2_0%7C23330ec85133000057115549_0%7C0ec8233351380000f61242a7_0%7C23330b775139000074638cc1_0&from=BUD&lang=en&passengers=1&to=TSF&booking_token=H_wb8EZ4l9aIhDVmopGGRI46u23ScvWYcjkvW9QpaDZwXxs8Ag7BTv6krDVLefo0fi4eGBG5QgEBUj-qDXh1S8_VVta0b4pZ3rxqBgqPsKUfbk-t2FBy4VzUybj3UGdwRXAO75nrql6IKrW7ayurT6QoHwKttqv5mWfB8YJT_sVAi9XSHPS0PDQqXA_wrsAOp4MizjCzZGiSRwA13bVH_XCwQftacVu2YdvGSWLd-JkIqesK9mZdy6IDMFQCgT5xn-3f_b9vIgdW15WOJG3cts14gy5PjypJg8Q49U8ar3uY5jt8eRijHHsnDWJLtS3vryojh1mq5nqFf_OabtRfLN__IFqBSjpZBnEYqt76rrKoiO6hP8wDemZJv_zSFJl5fw2cKMoAinKyVQED5eKvb-OdHFUEdEUwzFBjXFLCfpcDIMFYKUApp-EoXfmF_nKQbVANv90THepXn4IjT9yphOTCqfN-e-aK4DNs4nJLmNwUpw_lmoaaYqaILWe-5W0m3QIF_RXAnJmD85ZwSJZojLvHRKRnX8-6t6GjF-WmF34yKUk-UJuoch4nMM4hAMD6w8QBA5BZoJ35PcDiTD7zPySusQ097nR8Y7XwiV2_Y672CWuJUELTHY0GvEODdP_omApwd8X9Y_LbCA39_-7_cdILKRNzm2opRphXWZpIESZCizkUsFUoQjNiY7E6FDKSI5yiYLNeMqC61EBF5l1Pv8CB4UvcUQlgVivv8uqEQQ6TxIoY63G4pgzIQaHVhKWiJ7v9xtR5vMqmni5V9T6qW3OgamBEr9SH6uk4n0EAr6CL0xQM2cdAZsYOk-kHE578Gl4enb33HrRamtFkYDhtrctBA-gUvpO1xFZDz8vgsiNtBsVcJO4jBJpoeKfyshJL5l7akwfmwTVeT117YSc_x7ZjR2egEzBcfXpxeZ9pr2PIhQJP3ALhC8vLULxmWfOaVGw8VvMzRhjRPlbAl-Y2XsQGHL6P3hFEGAmPg1ylAA-kxbXitCkD8bCGBffhbEFJMXO0bv2CvishjmvII_Aga0bCZKeWJe51ksC8fvFanCMJLcWMvrZcRlvQ6zSg3RXeeQTyGI_w2Y-t2ydgVFA9UL2Scag7iDt90Ojlkxid979YXHk7LasyyR42Kdy8N_ggECGc4e8d9CYcXaTgNYxMxfMtmX7fZiwstZwGnTqCPPUO8zOm_6zTIXnbpHvrWenKRhKU4BRFWxSqqQdtcWFJ_v-HEQQsuhl3a5nqXycWwUSi_2Z5dlycnQSkSVlHHGQG2xBUwVY-MYPR88O2eHnjmterNNQuvhzid4JPSzoazr5eNkNgId6TokryU3re6DYix
Rimini,30359,3,Italy,2027-03-22,Monday,11:35:00,napközben,2027-03-25,Thursday,11:20:00,napközben,1,1,RMI,https://www.kiwi.com/deep?affilid=mihalymisroriflights&currency=HUF&flightsId=0b77233351a3000010a2e5d5_0%7C2333170c51a300004651243a_0%7C170c233351a6000093b0c450_0%7C23330b7751a7000032016d89_0&from=BUD&lang=en&passengers=1&to=RMI&booking_token=HEXds3YRFvO0bn_-X_CgqWWGC9y_mptjnWtSwxJOvNt8frCf6r3LbwYL2siyhL0csBmd8L3c_mut4OgPeX1R9Z-CFQbxr6XfYZ6xtis482BrV8_Woaank_SiMC-lows8cWSsQJF3e0-9edcMhiz87U8I-Jon48kuBALfsOXmQRO-a3IMhZKcI2pDHWNXxuJMy4SwEAz1ssvbTAIf2VMVWyprXEWBEGnDKbPuEN8DdCHzhW_gxHrqwoRM9XNjTg3w-Zr4iTsavI7pd_NLjBVTyZpWgavXBJV4RN6mViXHBz049slWFlMRp_d8PBej2XTDP_7Xnih7CNF71fVPaP7qOl4VI1IjexCtZ5jCCsUuVFFpkYDHbGTuY_8p48zxhbO1BjAkLuJMJdFqxUYM88C8wFfZORkEW2WT45kWG-PGaPC_PyByTNfD5hGMnXU4gPgHxP_REm6OcM-JhIG-eQEhxNvoVGjd07AzUvY_VaXvrWygY21-B9iimkAUjZMc9OzUJXzd0l7IHc6SrgrxV5-MOL6tiNZcOMl0epLc8_Ee5agKoWRoKMWDoPNa5kyLXFm9i_6L1l_CKvqKH25OWFTpiOrAC3DVVCZokbC49plh68YJKibqIsc-sLW_z4pVH5K3oH1nTrS7Oy6OPmnkb37pIfwUeyQv5Fy5bqPw1Q9FfFgYAjkjMuuYDq-3994Pbx-KXeKmMLsi8t01q5zNFgIl47saveZPwMdYg7hohaCWvSwaOCVAE53VgEbGbxzx97hfNlD-wzyy8_uKnf9IcfKvrHdYk9_Hp0r6oXMKRfW1xfMExW0WB1bkcQpw3C1vrSNkUJamCnfyXCHQ_emtPMnZi8GgOz9buKoVn8cf_iDOwHVAe0ZmY9XUTtxQg6DgiWgYYLuNDzTCx9t_mGKMNBMEYJHPnuuoAqUBQG0wwEr3CIqxv_lpPefdbP_G5ytkvX5eSd7B9LhArFEAIkHD-xCafkqgW6ykz7zPfOP1xfF2G2SKZAf7zLjPR0CxmZQTPrsg0eYyXMzjjTPvd_QJ78YKCe6JK_ETUHxXds4J6lwj3d_AL9NkjrZId-3bjdsarcmWs3OHsYx6RCcrPkKkiMU7B5ULsptKSk-vEUijcYRWqIy5WwnmvmiX0VNyjL92rRj5O09xR0UZAjKnE671bZKGW-yRVMIJ7gprb18bgokLdlSW7HO3hH1X5et64qhKa87ota0mRlZJVyEcKVcxbaTHLFmmGi0_CuWRIKVj4AJdwg3t4JSp4rr9EX56LjM-vBEDLFNAHU7lCkIn9DcEPedLNv2RLHANimN0HRhZWsDrudnQYeaqMG0mPCuStxLg-mPMl
Zaragoza,30367,2,Spain,2026-10-14,Wednesday,17:50:00,este,2026-10-17,Saturday,09:25:00,reggel,1,1,ZAZ,https://www.kiwi.com/deep?affilid=mihalymisroriflights&currency=HUF&flightsId=0b7707f0510400007e990bc2_0%7C07f0102c510500003aeb1fef_0%7C102c07f051070000cc2ce5d3_0%7C07f00b7751080000213bb020_0&from=BUD&lang=en&passengers=1&to=ZAZ&booking_token=HPundlAmMhbJ8wScD7MPaF0OSn9hbMLkRbJTeNYSCpG0G7UVWEFciD-QPBNFHl28gVD2FBVuICUqjxrkcA-MSBWmnkDCpo93_5tAbJekseT8b6NUQd_WZAVnNhlUbafnKuGbpUgsDL7lRnhsjLCr9X2Pl9TPy1EZyrYI0Jvz6Dn8uItrbJGBBENYBXVUvLBmrjq7oZsgJ4fuKbyHkmb-I_51PSdI6r9EhgejUybTHIZGoVXdIUOvK8ACtrMYNv8Rzo3fa5udd-3DIVCphQQLkldW148X3GN7YOEJxVJtCg4raAqjJtO68Qhkg6JdRqdB7TEhYr5fWHlVXfaOe5gvsa8p-AAEOP057WFmNm3bvcyecTEIe5d1oIyvAFj0Q5zELDXd70-kbJE2w3xnX_rJbbt5IPsMTcvKUUhlP0zHYPFKSKEBiRqrQ7YLqtlQ4wHa2FVTyQRIgFeWa3uOo0K28oiXDdr8IJ-MeLseYEv5eCanmGH-eQUWv2GF0yicT3kYmoOYUu42xXhrSG7_7kC36ebSxKHDC7n1cwJ37mfGHpN7SHhuXvO1NFOS9AK1bsOf4NCLFOsDJQ8gRnb9JZb496Aq_oVITtE41erxo-yJONQuxCDugVGbcE7S0EK6EBm8ZilnCQPnJ7vNw-bzFRaR365yzEbgzHBVWkvCVJMgxNe0iGwoYBBEivqsBUdPJmgbt9Ocvo2PDdT6N9PSxrjZLvj1i9d9bMlBxW0Dd3JttxfLPs-C1nOjCU-_5yzNRz_1wH5wDnLFFBhDBFuffcwuXE_Li6O-EImoQUZBgK2MembZdUM8eEiiphVMdInISVOCEggGsuv1UXObmtNZF1SwT3FLzlhriRnmAkBJYGC53ckfMvun9B0Z1LDb_Z6fF1j9SkbS8fbIj-xy6EvYHE-qDnJF1STtoyX7KGCSBXwOZifJcvLTfMEa9SsAz-yk9KLlAFOVGxU6RyO2tOne5KcxbiC7MR79BYPeJHQcuBMt8CRMJcHBxrpXQft8TF9Tn_JaC5kow-EiaQ1cATbF3hJVG2wd7VuwuF_M9QQL86_wESjaq7VANSaweuJqngdrBslX3G05NTgAawoMSwVu80M4UuDZASXgGR_YnkhcQBZoq8jc2YWPYLjBw5xFKoeyrkT7l8x4iETjaDHisopvNRoGiswdQfiwnKVfUf_5VQ2nMZOBpkd2HAtVJpK41OsQ5SEvmvtA10XqlYnqJy_lh-ZoszJHa3_gA8AGAs_bBW4i4aBZY-BvJNz0UKv7YAb0TeEJDgiocsKiCgTrlS6qPtZ2jU7wT6uDskSKW70IUCgRfXANMcapbURmXGOBWWXruS8OA
Zaragoza,30419,5,Spain,2026-10-14,Wednesday,17:50:00,este,2026-10-20,Tuesday,09:25:00,reggel,1,1,ZAZ,https://www.kiwi.com/deep?affilid=mihalymisroriflights&currency=HUF&flightsId=0b7707f0510400007e990bc2_0%7C07f0102c510500003aeb1fef_0%7C102c07f0510a00007653b4db_0%7C07f00b77510a0000daccd2cd_0&from=BUD&lang=en&passengers=1&to=ZAZ&booking_token=HMDhvFmhiluwHpPAohAw6j_hsfNso5fkWOkxcGf3aE1cyGgHKuhjyV-o0Sr_1zD0tDg65ZrpVDxvaDESwFVrmBqufUVFE1Y88kVUMEWcotj8nPDOn08Rdowl7BsmOF-h3fL0gjjXwZugo0INC3pBYWKhtX9VdtvZ3fsdxjgZDNpiEfvQZaqFss01V_-r0qpxCeE1gKqPWzP63aqLAykrQz6vR6fKHAT72Tl3b0oHnf8NzW7BJPzo87REYxDgFgRB8-HzNMGnhPHlZhzEQqPrm6WWkiwm9LXA5IcIGTbklkaUfrGPXFTE48wymWeqUBDBBUib7_asXGqzMdrm7UyROIsc8cVWLAvEd2q-MtEYw65l8vraSYdQzF0Zkal9JDbwe88PlRntk98AHWV85iIC4VNf7NhtSE0ABNW8fWK7ATRfjrBDJ5afQ88Fld2G-X5nhSPP-RSvOA934UBEYLEC8a6E_uK8voGBVQup-Dv4uRttnIvdQ3dU9S-EzjJ3hfiXr71k1WPSn3ddaLmIk-WdKItZl4T_uzynlCx6kbVbHeWrKgLq-cNFGSF8WLbKw5KkRtjW7lvmh86-YGgX3BqS32gQaf25bykz4vg8UalTCzs-OrAkIRBEf2zOROxylVCOQC64dS9muHaNGnDrjlk6vwnAzHGtjFZPXErHuDpAHT_jzP6PrIpAVj0PCiqIGF4tzXczRlHSPk37JjoJcZND2Vtd-dzhs212SuXeuAHxfj95KKXJFbcauPiodaAyjQ7n86uzzAryDVd-EZeIoUrzK2mNUp-_ikP6WWg2k91Yd7k9SJ2gThO_FmAdYMpoFRXfi2-dQ3ocXTKAM9woo-dFRGS0bVaZwu5EbfNaBgRac-jTcfGdhT-GeHM10EsJ01l4MztczQ_fbcndxKyWTKKgqICIBF1Uepsl_IPbcQeQBVhG4rMQ62rZpS2KXb7E2zuztHeRQq0NgJhDdFFYywaV-_VbShRtZ1fK6_aS9q_3eYX3S1CDLFolyCs57QPGsD0srJA5kBPiPr4F6esKIMAMyTJ8Esxxh03J4XqC7pTWi9yCiKJwTNsurAOinGtg8cu8jn08Cw37rGGcSz1mQ_SvJseEd3LftfwFgtN6uOPQGQ4aR-5TlC-dcTcthewgjsJgwYJMWfdPCwMmRFgdKUK37AIYB64zGMVNUzDvehTsNlNlivPrZqP7t83u_3r_txiHAXAhqmKlpzb4VGZekwzFbA3lACcSLo1shyDfhbK532lIWHecMVLdDC5EDRM936SUk0Zi4iFnBJiS6qQx1DeDvx20FiPdv2ziyPK5SUPX_OT_WLErhWf25Hn6_13KVHOtE
Gothenburg,30538,1,Sweden,2027-01-22,Friday,17:20:00,este,2027-01-24,Sunday,08:25:00,reggel,1,1,GOT,https://www.kiwi.com/deep?affilid=mihalymisroriflights&currency=HUF&flightsId=0b77078a51680000c4303dd3_0%7C078a208d516900001f69cf42_0%7C208d078a516a0000048746c2_0%7C078a0b77516a00000d0c4223_0&from=BUD&lang=en&passengers=1&to=GOT&booking_token=HyYS9tZimUZOJpq20ryQ_ap4Vp_gqGcuEOTf1NDHhm6aS99tGtDpWm6TsT3h7GuHvzTEgUom4aQSXI5hl_VT6OXPVEN4vYIRwkmAnsM47MtKDODxmYUldbxwiCRTCaT-uzqFx0du5KQd71yunj-AIlRH7M9ljlk5g3qY1jIHUgra5mWox4V-vmw06UbseeQLqFIXpEy3gYKRpbgbjdHvOkjWPdnBtqi9GMCS43kkVCiTXi-a3q10PkpaF8YRDRpOYe3v06qVkZByhjy9gDjkaOdNnR3n_aoWg3L_mE8SF4CSb8MHJbIMAGYK_1xzrgFVTQQyBy9Ta7jhJRGdohz7Pb9rLR7vcLmpgX1kBdCaXJ3-DIYexSu6ZLoJGHhgj1rx45ROckqgoJ6y8bPwoipZMrsch_UFOLwNqMrrzpEsi_Yh-FrIWQflc-6iIq8skR0q5MPlLaUIPaJdjBHQGpdQ5Surd_PyKUhUscZDyLqaiE5QlwNg5aDgcv8KV8xbdXGFZeR_Qug0ffAcFLsb-OlhSDwTwTvCuv10fXuNx5DSuDsxowG0-mnRmj3Z2a3I-WsMRiYDzi7OTHRsD1n-RiUPuoWax_gfsO6lSoE0xx9zVoCNRrizSp4s5DmitOqPmC0IyQm8VwfwNqiWCLyvh70nKepomzXG4HvUsz9xVLp3pxG-yx__yn0OwXU8S6EnCPmQTH31cYwxTgJIY8_AvLEjy4lqNl8wl2tfb6uhfPvm8cavhLUlpnD1vRXAnby91iFqXit6hx3ZfSQCyN9_4xUpwxDm4QapXgsHyZWkoMSXTbt4Kc_G_YIIDUgk4uojS_p-knHEjLE2FMJg0-kXu9Q87JiMpdbdwMoZHeAX9VrGQL7yVhFGQBCAs-NVLrJFifxvpLhsrbF25T7A1M1chBrUPl2ZaK4m3UOj6E13cf974DOdLnlkUzYmAB6R1fXxxpBpBt3KclohUTl1r4QV4zIbYWf3HCeKzNH-TlTHxSQ6190n5TxYtAMiYabKD-QJ9pMZcIfvk_pP0QGbeVUuYCXQO369GJZKyqq8LtyHMIntP20wIwjFjl2r_HfgVUIOuFPZ76Ow6TpBtP4VOCjTeIzwARxX_qPmqGwoqOBnuLPdV0ws8jqU0yyNW8yCKh6EKBdF7-e17rlt0s2dEEewHQyBT5cQVcE_UAhUCQ2u3FzXmisjz1B66QyehqjZAhu6ceVatUI06FOVa5xMlvxp5GIpKVdRfYCrndfLWjO9oq7garw4JoYjfkHsH2Cm1MyNdRiD7EQa4_uMVZ5scG3gM7ToBO-2Ezyg04OpOWLSdIxl4uoI=
Comiso,30714,4,Italy,2026-11-09,Monday,18:10:00,este,2026-11-14,Saturday,09:30:00,reggel,1,1,CIY,https://www.kiwi.com/deep?affilid=mihalymisroriflights&currency=HUF&flightsId=0b7707f0511e00007dbf3996_0%7C07f0267c511f0000653ba436_0%7C267c07f051230000dbafe240_0%7C07f00b7751240000ae77ff07_0&from=BUD&lang=en&passengers=1&to=CIY&booking_token=HwIDV0Fl1AltM4tieev3fqj89w5WJ-2urq86mb317DiPbGRNLhN0auHp-3qx7fYeyMjnsoPxnsHGDatyFzhfv_pN1CM690AJZFhtlCOYMEFLrgY9YvInyuEiTvuGXdHTjacBCRnB7eVWJxcUeV5o1f0P6jrMarvX9Qb9zI145voMP6qQ3_VIUnNstTOuQOGhEU6TPxVgV6fRb3hz30EpzxTaO8RlAyQ5dqZCiu0xCI_HsEqJhj9I5BiPZ0wvcebX8eS1IB7Z-PExIsmMBMnHrjxB0a4Y1zEA07I-H434tfjAuWiBT9PQChqXsY2P--b8sV0yRQT825SOgV5NWMto3MWfHxpWFrvg3Gh9tyAjOXFvav7znyZZz0cxKDx4bn12rQhJPM2Hsw-MdSVztm2bmrSI3YCwjCWxGV0k5Wez0PVtTIOqbMWjGjYZn3eorrzfPVddtQTc0eD5Jb4wWnYblg3tHrJP_RevNX5n_ycZQ2Hg8fTj5jbvSI3SCDyDPK6EkY_K4fiEcQkOJcPkKrfnBotWSITSPzOaKBM2g8xFnWiSIP9IDV0KlQhcyAyhk45YG5T1wtUryKMynpynBhFFMd2P_eCU1eMw4FTPp1mxH1ehL7TclpJ-YSaMmvsC8ZVCcf3BbF_J5gTTDk0BOZCHqfYQsJTrpcUvgeq3n1nzIBRDI1CW9eMt2BwDVOqxQwro63WuelbCsyAYamynOSPxAjm_739v8ioPlrKz8hyVzB_v70p1fAbFWHH1-oDljbPf9LfPx2uCtesAnvT9Ee56motDOpcA3kjHFw5TdabPjFmNaK_ZYYyZyGLaAcl2eliBGNPYHAYscmwHu-6-M7IKmuLIYr53q45GLsPwI2lPQM1WJuZt4epf4BVHbvJJq0rDRgAd6ecizA8sKdalyD0iC9kEUwWCil1kuaZWWDsFTrPtPcd81wz7BNxzwsc1oyJW5Qfg-SNPR-H8d-fewD917z5sQ_K-LhjopIrIIkjkL_XAvJLYOlYAn1aOpqpK-rdQjUkyFMsv0G31Cs1tojDZAPG7f5do9OZ-BYQrhv0OL4CPm-IXvWDviBeJIwldOPh8O5j8T2HSMpJPjpmv0JRhpRprWOQeolEQp_TvCDgBVPAXR3CySbGCOvhYu-jRnWQynMXaunHKxmcOxPqy3mlCr2gzfVf7BPX1DLnM8wPWEvMilZU8f5mtzdNMUsNpUkj4dBQnEvHIqqvwLjJJJTf-KPg9f60JBddHqkIg2oGsEZSJg9n7S_JCtRh8COhsUBlyfGdvSt1x6tDVEFk1CC2nC0HeWWUbC1I4QhvbnBG-n6g0=
Paris,30780,4,France,2026-11-07,Saturday,12:00:00,napközben,2026-11-12,Thursday,08:35:00,reggel,1,1,BVA,https://www.kiwi.com/deep?affilid=mihalymisroriflights&currency=HUF&flightsId=0b771760511c0000f477b6ce_0%7C17601cb2511d0000ec77a825_0%7C1cb2176051210000d927db64_0%7C17600b7751210000245a1df0_0&from=BUD&lang=en&passengers=1&to=BVA&booking_token=HXEKvRd_FS_8EoBMlBikyEHbXAg2FTKq0IXkk1dFywT_NUTnCoWswQPKXwjs9yLnJ_yHgWl_LggibL4T7YE50mepoAbGDD9IjksQqITTTGgErB4P7KElTKPviCvpUbrG5m-vM4EzJUJY3sxilVoCCAU1RcFpLbUwWa9Yrsr9L6oIyxl-qvx1im6ZK4KwRj83JNrAznL7Gsmm8KacwgnK-IebmJ8Xon62-iyAQ9AXkp4N7GQbKNUfVmh06S9Bbb4F5JmiuW_9AsSwIqgLa0_Sp2v_bOhWONdsENxrk-3uoW-Gfy1nsiIV88_zIcCopBLVYOtGNvHLEwlvq4UD7Q3RqO8uCYKJW3CKfPSLt8fv30ILgM0gp91RlwRqw2O0BYAku5nh36zRX1-wZ1TqN5hdpWVYzBELT9hKrxkXlqeeU3Mo9VXRAkDBJaxvJ5YCuS3tPGT2UjDpYKNL4Gjkzvy8dRaOF0fJyN0KuhKAruqPg7DQLPQ_QWRtDwTD3XUleUyKY_EDVjjrCceTP_StCtwrZKrxaYtYu2YrmmPmafNjEbkoahIRQQ1d8RK_0kqtrnjqRWJEMJvJaKNaO8aIIpbF-GuFnhNsQ2bLxanQD2GXJXe-BvnWS_1Xoj66J2BRPW2r93h6rDQUmndek3mX7rB3Rvl5OthkWOhz9BoQLVAuFp5-7h3otVKwk7RdEzrM9xCxYnMXnfbS_sXQeYudEZs1FcrJIq9BvfNV18ZezS0Q4s4IMVmKfsTArP3xLrjroFKRhhLwQnvjTuvc3fowCo6FSYZyz4tMrb2-kbF5-ZLYke48W1LlIKA6ronH_avZNkBkje4E-8lixgCOTplCFE2WJtYiJK6fqCFKoDTayU_mUIHcy-vN_-EAEMp7bCRCdTC4yCYUr1x-slbmVbnp753ZwSU0LLcmV6Ta5RXQLqgWLG6Gca7fHP7PwjvL7gs1eAa2sxBl5flxz59-KCCxlATlNhbP2ye0yeKrr3i_1kWeFmnXTlCdaVBoXyV8I0DYUi3c6Zhpp-IqD9tjBOtU8NkbBsz72V6OYn8rY_sI8yiF4z1UrcwvxjaBsR1vyey5vLw21rqE8XF30KNnjVnPfm7f8zR8QiQhIkKsGbGwTc-NOhuNS8fp-QGgGZn-Qc7n-tRxRPvagIi4jqvykjAtb60LHMTSsPRnIjknlHJtWvW7McLXf5-Lt020DwxqCbvwdhgrP8qZ95XfgNT6DJqCQilxyb-sMRpHA-cklgF6IjsY-dEEGlaoI6z1nfDYNpDTvnmNXBXhHxsKs0I3puHh0uAboVhU5VSdYthHdPZ7HkhYqWh26nLWkzgwd8Ai3UuH_NN6oD2IUxokyDXlpq6d30G5v8Q==
Santander,31126,7,Spain,2026-11-01,Sunday,08:25:00,reggel,2026-11-09,Monday,09:05:00,reggel,1,1,SDR,https://www.kiwi.com/deep?affilid=mihalymisroriflights&currency=HUF&flightsId=0b7707f05116000081338712_0%7C07f00e2251170000202153dc_0%7C0e2207f0511e0000f52f9c12_0%7C07f00b77511f000069e6811a_0&from=BUD&lang=en&passengers=1&to=SDR&booking_token=Hz5X6ebWmuRC92urlXk_XugKqBsqWCN-gzRz6n2gJFehMMMp8WiiL6mxcFEFjerCqWWpqbQP9HTL3DV5oSD7iUcpag3DY3X_cPUDLwhyuC2mQXTwz36XoisbaI4FIubNwCT1BwGptHljxNr4YXaEYNxVHuVqtg2IM4-LhFMiziLD8ukPXIsahk41srvjFxmQWoJUATRQiZ4O5hOBNj6jKGee2MwT50dwvM56_lwHC-0sd87FkV3DTBHOc-g9B9sCPs2Zok_-sGuIBQj6ypKGPyhMqgcdNXcEIjc1-HeZQf9NGWAVxgYbeBgVx9n2X6uw39hx9zbzcheg5-9UPbefjxAu7dzZGwRfHK5VvaZL86qcMSkGciwux7_-RuebHOI8uNNocpSzhVB_B8I-qEShkTkApCYK5wih6VEG7O9y7lHJmbrdSoIYAZxzOI59B6bXd5QtxSuxzA4gEk3Su7fyQjeAPjVmZ3X1a-Pv5ySb-q90uYrhd8QAuXHaahvEXdhb4QrfocHvX3tN22e2yrGFcpsbKivcqGkCyQg1v6KDU2hGP_lonul9jiPPylH7bKBRF_LV-RKYY22U7yyjzOJhwcwCeTlAAGFhULhqqonC2d51jNWj-YpGwa5zq05V3GVnckQyI-NG2UXrr7JVHHSlzch9mehSMyajGqFhFcblzr1T5zmrtiuRP3dTfn6DJ8r_YUJVgjuwHbiE2Hlj1QdB_y3vPaZkrqUMw1oXB_hkJzty6fyeqYlBmB8lXx9S14qKVr3YrB6EpjsKA-w2dCBylfgnZ3HoBRfJE_AQkAaWoCWIUuNzW4d_kh0LiwsFhE0A24AqbSHXVKdaOC48lf0S3BEXXkgJ9DEVsBZQ2jq_cmW-929ltXcLdMOLetaXpaRKKyHji8Dr2WWM1ASK7LDeYOtlEKTdT4ZdDTHvW1YqgbunLm78p0KE05RL01io5LberTOOpdXuUuqJ5C991oEfzDRSU3S_xYsFiepxjICNRk3T9rrEbosBfgNb8SGt8PrQ1H064_gyk62kW3bYWa385S__F1YE36d4V-jMuhJldiVOzXX7IaOqO-_IxTpgI9O_acvAmkydmidRxNxssmFIIt9fhHsLWx3Kzp13garRmLFLOdlbQj3iAgAbP_F0BAQmfy5LtOIXSRIeUlONPARzACIRj52BzGqbEGiMXCylRia1sOahg41VF6ll7D-fTwGENpVAkkRSLpzDdP9NORPV3hTu0sbHiFUf3yDa9W3L9Rnw-NxpgnrjFnlTn-dFKhn1hqzFqbHZdEE_J3N6CzXHOG4sJqgaMyxNYJ7hqXGCXa4I=
Cluj-Napoca,31299,3,Romania,2026-11-20,Friday,08:25:00,reggel,2026-11-23,Monday,13:10:00,napközben,1,1,CLJ,https://www.kiwi.com/deep?affilid=mihalymisroriflights&currency=HUF&flightsId=0b7707f051290000a0363e74_0%7C07f0204e51290000e6b086a4_0%7C204e07f0512c0000abd2b557_0%7C07f00b77512d0000a29b7947_0&from=BUD&lang=en&passengers=1&to=CLJ&booking_token=HBOcWzuzmAm9kyUnk7Cd5OeSw-7O_aa-LcAHZDkGbhLmIdWCGQA57RQshEjntaVmbS7RG6hcE2sy1v2AV3Be1LTv1oPE3yztnruXfUn82QybNrIYErMCm7A7VX-N_l6evd4XpemqWp2vpO6UDeizruvhlzRy1kI_1yiNrCmrUgysr_PxPUNtv3nqaQ8UPR9H6QLKVhPl6c2JUdpE4amYw60nh3iUpkA0_VNnWwtPASIXfXraNKtTxlo3qGu-kTmb-a7vxFA-DBdG-TUNhTJFevoKyhhJsSUUD__ofF0RotM28JR8pZCDC4xjNcbhU6cCjIxNm5TAGgUvZ_eBB7QMOtlfb9_s6xYsgsTeGnZVN8eYzn0mMSX-2MYgg1N9NYrqIEKqtENZrIG6k04vPocakqdnhNt_yzj7DE8VwlytSPkfTAsSxM1Yw_NYHL7M9_4G9k15qk-AeWm49WxLC_IETohaNbNg3VDZIpPoW6gEDblTBKULwIbEsMJrMxrkkYvNe0JRwzhQ46ZBpD2AwJTPNM53w0JBx4e25NpOkpiq908ipu8MdSJH9IWKrRdWawa5WrbJVtFv0cnzchIwr1Ja_-joQBTQKd28331aM1C5V42efq-H7E099-NcPLCYam-7avX99KxIga6ExxPlI6ctbBKWYslvGTlCU3dDZyA8jFmWDtdB55LhExmsFTE3-zNYn3NloEtfU6Mc4jS4-7tFFzBkXUpDyeqc0WeAiZN7X7EjL4Dq9eefgrWjBY4TbfjnyWHi2P7L5-2KKA3HOo-UArLZPr1EVuu8CGZYkPvTEP4iX7jvsA5jdly8zCcS5DqRBt3u5aMK8dhzGCQGz8Bnb4bjiR4E1ZAoQVuPvt48rzbZeDnix0QF79ELB3PpMnABj44t80OCwzQZgMVWPsuqL1EMaP9Lt5k_lyV6QWBvI-sa0XhgW5lz8Elj8NLC8etj86-STnPOWWSlJrAlCfOPxIV-0Nl8l3KrR3-LAhOqh5dojdZuvf_Sjg0jCVGgMXyipno7hEWhSy5jmNYioMeZ7BF01cbDwsyN15mkQhTo3vN14YmYu-kczdWKjHEwCKDXuOYiE09uWTQm9q8Ut3cMnziFDXzTn5Qq8n_0hTLI7QkR6tS3mQ_CDiO760eO32zd3sDY3bofzCjw_PNhObbOSM8RZohBvQDzFG8g5YowGCMUoQ0I-ehdyeJUL_8tOx_EIb0VbzV_gR3XOlCrypmAf6FyqPEaVS2-0G69hv9y55xxIBNtbkewiekehtZbUr7Plk0dAwGf72HCKTQbk8gI1pDT4BbwNJF02JIOFr3Q49gU8FkPQA-2niJUQzMsmUVbW
Lisbon,31311,1,Portugal,2027-02-03,Wednesday,16:05:00,napközben,2027-02-04,Thursday,19:40:00,este,0,0,LIS,https://www.kiwi.com/deep?affilid=mihalymisroriflights&currency=HUF&flightsId=0b77035851740000c104066c_0%7C03580b7751750000db60722f_0&from=BUD&lang=en&passengers=1&to=LIS&booking_token=HRRdTzBnfABFgUfoRkg7yLGYY9WD2M1Xsus1O3Hx1dPPnrd7Q1_CzCKBlCju2m8cQ6Sy9u4DG10z8GFidleEVDCz-wOLd68Wjp5uZFkikNvYZ2GlzTJLt6AjijWxBQwQ77O1Et8v9HTIO1DSRO403XVSTiBHUteNlpuZS6YBRojqxiJhLlRoXnWHn6NloII5KFAjH9Njh15n5CTzPsxP_SXc49P-QnhVv35PtgfsiwiUZ-bzovIk1Spiizr8fM_j7QUedxN_YpfYpjXjLmO4qQgwefF2e4E743so3_XLMR67v2VMDDKdwwRC1xFTpq50rQH0DQiIJxrasczwhDCXrSDnz-6Hrh_fJJ9UBwglFlLmxor1RgKR5Lsr4va0Qu8R1Fv6lpdMDKLy-bFbB64UZmucByAji4kWXcJGipC4FAlxgjN7RcmYlg-RZh8XlgPDDFoaT3IoqJFlMlyjOh3fs8a0XTbzJHhTF_JWQIPykmthqHPdvR-OKsokZo1krvdQyzc5gG3vxQcfXQV1smmGv715Opi_mAsLtjho6Fhjf-5vQ4L5jRFV83BqSWg9BjZ1LBCp9b8MTOBmXj8QQxXQeAMAgqk6O7Z0wx3edxdCrGiQshOJz6JSHRRPtyZR23CiOg_USlTDlKA2etEyn_R7PWP0NBlrxB4ztupnmw9skp4UKM3Cnuh9YrYkshGBpaxZkX1Iv3Jh3LvpTSWX8Nw-T_DG6Z67DBJXQv1I4bF1srWsf20awnVMEAAm47wUyMLSv3Bfh7tM3UDvoEJGXxPtx-AwJzGhiRMBUO33e9iSWvfZ0pTH56dFz8xfofvI2PtTO_EOh23JJ5pJwa3nkg11FXj-XUCURwCRbIjnA-0OwVN9Mj0CNE_U-Ta7HgB8GYC3UQMR_p2jGKnNRSIfApPgimQCv4r_OHlgNbo_cRmKqIajedPSLPmTpNG8buFsRbuCavNyHHOKnNn_ywVWJ5MByqpvt5W3hkUnBU-htcjlawQ0bN0FG7MEuJnowzU9ZHkScox82UnCmeNFqq0xwd5GWEHF8PrpwaScyh82DlrhHlemDKhpnLLJ8BLbDHgyWJ0zU7jxNVYH758yqUdnkoDA639ZJmU54XikfZw8tfIM1_401GW1bUDSfkVVKBV_lD4MB
Paris,31454,7,France,2026-11-28,Saturday,12:00:00,napközben,2026-12-06,Sunday,08:35:00,reggel,1,1,BVA,https://www.kiwi.com/deep?affilid=mihalymisroriflights&currency=HUF&flightsId=0b77176051310000e6c42509_0%7C17601cb251320000e818ed4b_0%7C1cb2176051390000cb1d0e89_0%7C17600b77513900003660c81d_0&from=BUD&lang=en&passengers=1&to=BVA&booking_token=H4pRtlfUViEmlxdoWVK8sfdnP_wDmz_hUoXueeJVp93L_a4ENCRzFZ9obSgI7kR_UwmPg7GXLtUdRxlVAJGXuEvDE6tvkDeD42Oso-MRUhM7HYmUGQO04MEayZrp-Oz11ojuN4MZOJ7g3Xq0w18nB0Fkvj3qdWILmztKb8svPWwP7f-iwslOmZjHxKnV8YP6DfXsv3uaoiqWjKg0LfAQ2ucjgEgiliDvum0RYQibfcVWPxKXkpdb7sRQ6ORetAAXm6eUdtrCypjLyQz-zoxL1iPy00-6alyqS1IjlGC9qw-VjhYvcB5rMjF8x6Obhc1Lp34zlucveZctFaCwZLO7BzKVbq2aDX36VtDSHeczTZeBS8l5HWDkg49P-BEMma9_XT8o_UgKoLaTB7RNh9cr1g5qJP4HFX5UiQ8jnS6SgUK8vF7h6U3jCOj-ULKHkNJrnccblp9E2yFRDNtW_f9go6t4ppoNCcb9WGGweKisZ0-nmoGdClNzB1ifUUBsHDJeaBrsp6uzewfHM1JporcvAyEkh4GTRA26d-hZC--Kg5yI4NFWQ4m9TxRxyOtpd5LE1UinWK1NblT0eUpAEMuCb05olb92UsQ8WffLjFZhQu0TiZHSFvAurmm2AY9ExRHhduLGsEWae6WZ1GjD91vF886xxL1UZbxX-4wGendzrxOsSUBzeA5XUyrIi0IrqvbKpKyX86LGWBPjLdNJNMIoUK4o1ur3tYw0c146BRO-My8kzr7gL4V53UdxU3qdKcc0VxpL01biwr-9vMw2w_o_iDe9zUcekuHlb2KFsOz1joVjlb7Ia5ARMvWICZY10iL7uTzJsZgX_WjjhAi6WEHYW5VtWhVBr7pz0sM_XRZXL9FhDeNs1ZAAr0x4e4i5y9MMmG7lifg_IM1drwZ-ux1DatHagBDeGvwW_UOW8ILrH7yCEJrbIqviSB2NWcJiU_7nCLNExfcgvjJyg498UlOIHnMIq8-O9isXDZ4MBs782TUSBjdCHN70UTAa3c_fzLdD9YTI4-jNJBWn3k___Ob8neebQ_P5zOL3kcAjyrH5eWkP1su5WVwDClfYNxzsPnCITX_mos3e3qN3gNjMcVtSHYWg6NP4ONmgBwdmKQysiyQkA-spd_u1YAhKwnuqCaaOl-lYziT7-rz0BftEAvIpIV5MuhZJR0bi3UiWZgovUqpbjSSN8zccq25C5FwKVbovOeJR_aFFpID_w8rUjAQb44WuKl55zN5TT28uU7SpNx6hz20FipKP5TyM7QzYPffHfJi8M2kuBWguIBAacqZw2qLG9UfL6F3t0Nol80GNIlNCt2EcX-qybEbu60qER5hy3
Paris,31454,4,France,2026-12-05,Saturday,12:00:00,napközben,2026-12-10,Thursday,08:35:00,reggel,1,1,BVA,https://www.kiwi.com/deep?affilid=mihalymisroriflights&currency=HUF&flightsId=0b77176051380000ae918d9f_0%7C17601cb2513900001964e1b4_0%7C1cb21760513d000039020170_0%7C17600b77513d0000c47fc7e4_0&from=BUD&lang=en&passengers=1&to=BVA&booking_token=HGhc5lp6ovxT4sUGBz5ih6_A4CQSCxT3_9WBTVdFKWERXGIk9QXlEKCP3KbFZ9i7YFbNuHhcDUS5Gia3FKfDkV_woOjhTMjBVXxMKraYEfhZgkCCBrochfrBaSesSrdXMzot4phGuqRBbQNFibPP7dDG6KH0PN16sZPcS9PFTQvD-d0n2yoy-dQGvXlsE91-DzWwc2zTM-vL03eGE3b_xRSscknCZvvXKQc1d6fQTSV3JlYn2bVsSXtQdaKmrfYxdcTqJ5pox6Hs6L-PqctDWm4dp_l0X9l7cV-mWHn2C19CF02lLA0q4JlRjXZT-_gaZMJajb1DprCpf6X4ka3zPmBZahceN7nMaMMIojWmPvQH_wQGh_Oiye6GkmckzfVvDeiqADBntTX1Y_Fvnzuq4kC2DVhiqTqoZJbUSAOq33ua-K7vN5zIxXPeRTUrmT1XZq1iQaZmf7ohltnojDXqZJQwBXpHpK-_g_qLUj2Nh_9QA6DlcN7gqTocNElTIB1M0cGQGaD0_dMRjyOPjwCDQPTkmUe4RsFvISKE4wFqw3J0ObHljy_BJO-CJnCRPmdHJ8OsAsh-OoTLaOArYx4tAsoeprmeyshIekOMh47kObmGorPJxvF0ClwR8cvYK1rkLiWe-2OVE40WZRJZpV8ea29XATaI_yqjLe0bsKUzrV-XgfscDv3zuGW73JbnyZLUlXhyyljz50P8bpXAAfyA4oY4sfU7BBbrELKuFG-yHoF5xyqZrjUYO8Go13PNOzItoEY4QcdHT8JCHfEUtzLFPYgxboY3SwflAFwDv6mB1WrIA5q_kF4BgbmBQaktahoYT-btEcOOE7ge1MO1jPIufE7b9koBDBqJWRJuyYoU2WpN2YeV00zWlVX18mmMwOAO1In13pqD-Y3TLNxFq0YCaWpSbEy6q7UCCtlcOSbimQVmYF0uc23Q4_1AUaaSGxAxsrahpBYEZbpL-4KtvWc4031Pbh3MPSmmqSj54vh0oDaUfDz_ah6mK4ioA-yVMVLr3TBh7iA7Q1uATc5kEsjrF-f0SWtGvcOsKHYGPXs6-OvcjH8d4b3ft7Ie6CxIWztsb59c6piAn_8OQ-SzfceWG6c0bEbiEOeksEKrR4edpxT72kTg7JwV4h9UAmLKVfNd9CBQcoyFoZylXhFsg-nMaEc52NHmMnJXE_ZkX-s6ErZxoQB0ShHfn7lcHnLIpKgkE1FIYYhYVx-VmJYzfU0jLQG1pe43evn5WsUe6QfSxj7r6t77IgiWOwcqON1Lc_W55300VRsC8Twu97ATK10dOYFzkbKteW_oHbaoQKe58_6-vGAAlavSGKJu93eIhmxZm
Seville,31470,1,Spain,2027-01-11,Monday,17:40:00,este,2027-01-13,Wednesday,10:05:00,napközben,1,1,SVQ,https://www.kiwi.com/deep?affilid=mihalymisroriflights&currency=HUF&flightsId=0b771fb0515d00008f6fade5_0%7C1fb004b8515e00005c924184_0%7C04b807f0515f00003d3aa654_0%7C07f00b77515f0000ceb40358_0&from=BUD&lang=en&passengers=1&to=SVQ&booking_token=HWjvAobqDHUoOHkKlthZYgpYI79-PREjhgAhTEhkzyVk5F-J1Bcl5G7TfrVrnHLa2YVtvF5UP52fpcgk8mX-cbs9Yc1vxkH7Y2br9XzZ4G9aj4h0mWiRKT82BQowrhDUqeTGFD_OuSvHcA0Sjgw9vx1XllR8Okx9UOgPJi0jrQJ2v5HJ1RHmpgkS6f14yvMLA0qGJHgtlmLMjMdl4rtiUQ2RIXrZ2HhXf6Jj2Hvm6E81Q5O3LgzdLXFmqGVPDHgvh9v8veevb4_rSokT4xTq3k5KBNjshghzzEtD0usTAb7jgODHeXQiUIElov3WSZHVgk0n9HXDADll-wNePY8kYcuHogfg3i-LFtcr1Wtwainozbmorm6TfumQ-VNe7_KG4XuE2ytOGuWnBRL_CsZKOsMHnAKGvSFssIdHS7m2oqMdCOkmHM_Am5Q6Wa6JPcn82BnqJg2liCec23z4nLFReumzsMVIESZyRaGQZ0DJekMuo1e_Rozv41dylGwIuwlq6_xDJaMXmcH77e9niYzarzH63uUNeFzgRqBrI0i3k6dKiK-LxWb4MTb9NzmiesxL08MO224-Rf_fMgKgiWRIh25LQ1piRF8BXfXk8iORRm3tLiJ2KjkQc3o9AH9-PdioQQ5XvHxfNZgOqAieDdy6__n-c8B_L-TtPulmyyNwVMKKLAudgHeQGSyhmRIEOroosmpdTjsGRvXVG5xcFOw1yLfz8prsCyNhkZNxeLb8Nj7Qm1HPRNbeQuOOQjgxB_sGKMIpfDkfheh2K9xoI2tiWUuAz23iQ0iwUkEi2bmFzDlqmvjywWQHDyhvplQ1Lms-riUUVrox79H5GgVHR1oQhsPy5WFjE0WyG9jlJlW1rNC3cFI-Jsb3JsBm5OxpxeBfypRqYMqJVYREHFm9VpPgbD8WscJ1vYBxwV_3gTDJCaKzQ25mRJ9qXdEhSOdB3yU93FtvBG7p8Fcaydy2iOXkUiLcQTqrHgkAjQuYnHHOaAhDEolqbyBqNmhTDVOXw3KkqH6iuTU8sfPnvrzNVqiILNu74WoEgf9Rvj94ZxwperE83BeQMIE26Xd-BtGVjuAjI3LMvLuwFhvMudESwfQ_hmEASgMEuPh4gpD3FYHgpJUHvW_M_FJdkU3yF6AT6cQrq8FP9m2pwVUDtC0nn44An7EpslwotS1ofEdYhl1RXa3FwLvGYHoxqa-_R_esWUJ4XQuIQI7EcaSXqtYxq8ThIyT_xNu8EHUfYo5gEInJ2myt12SCj4xBdnxarYwI5IVCj6i_PtAKKYBrRyafs3DHe1B-Y_7RHDf4WlGsgM0ZHc-0=
Santander,31512,4,Spain,2027-02-14,Sunday,08:25:00,reggel,2027-02-19,Friday,09:45:00,reggel,1,1,SDR,https://www.kiwi.com/deep?affilid=mihalymisroriflights&currency=HUF&flightsId=0b7707f0517f0000d5e4d9a8_0%7C07f00e2251800000d092a73d_0%7C0e2207f0518400003c1c69d9_0%7C07f00b77518400000b71dc9e_0&from=BUD&lang=en&passengers=1&to=SDR&booking_token=HruP5CnR5VM3kvSc3027m-wWy6kKuZcInNb2GK1thrObslmdlbyiVlIFqwK3F5h9ekUI42kCc95CAZXoUkIzIBoOT3Fya4NUl9C5vxrWhGFQrpihaIPkIdqHs3d09W7Rr1HVnKIVN5EXcBNjslRkTYtvERTJCQi0A4QwOjEuuGRfdW94S0GlGn999A5q7IENYcCJ3Qd0G4nl4xwDnNPrzL-S6Bp4nK7fwjTxKMDxMBeKzgSJqxMGiBxWpXF12B_M6BgL-KgVNg5FxndQWL0bqCytu5tKrle4dhUc720p1PszktxUiAJhJGL0mXDBnVA0akMQ3FIlzdvaR7YEaMTjUEj23wKy_aySv8n4ifYwQ_lIXeD8UchZ8_lpQHnDFfrBrVwKAeUtLDLnROnKI0G6YnKB2fHG7Tw3Av9esFKGqrUZWuqOBZP7sMEOtTE7PIttPIhql6qzo65uEk7uFV0C-08Mwz-O7R7P3w3kEvzwfw-ofCc6GovLU5Eqm-W4kyY9sZ_OJobMwJmJ2p5z79PbeGUOwW6F9rpXnTNjsKNAAgzkaLLAT2N0Y4QxVU_KO6-ORiP08Bup3tHPaZGqVSB3vYZiL-0vWX0GFzRiJf71J9ABpT3yRU2Y4B5eFIZi0hIm93s5cA1RfCm_hGbzdOffh3Plw4MaHGwEgAfwt6cngnmY1kAHX4utmY3pwqvO48lvhhw2IQ2aehiz9KsoJveZZDOFtqUinHVjwK-9FKZALoO5rHwkiIbaLzG8IOkgZJfowxHpjnIJo5V-_RsuI76xmOvmOcUalqIecdacj4VutTX3uubMU9HOZVQk9JbNsjzTWb85-GNG14dH7tLcGkesDEoYi5r_KWlAknrWjkIys4YBbtl49f9ZkDwq9xJHjG4I9QdAg2vNjuBq6ERDFivcvsmSuU2J2C3ncjJe1QENt1N4bzKJPx-pBf-YymSirKI2xVAi-y9E3Sop02-GhgndFCBayyrcx21UDFcJCVaQTL7Kb-Zy3vqRy6Z2_GRjcIJHH43UbRKEWQL_B12Lo3SFRuFx2QyJRF4ibiGM_adiL9u4hJiGaSbc2COsSzXOkE4QPsKVoFritvE-gRw6K9bcXg8NZLi5qEbmbJuh8X0q8VQzxEp1keJP-mOHDc9XnsCZT1ZOXNaVTqSZw18XVAuXcUlvzObJ0tekINAGvdi7OaVdqTAjDG82huEBtp5KsKiXHZW3v7HzR7QBWXFtMWllK0gSc9ft--8yXCcumU861SdqM7SYRwFiBRCs6REgQ3NahBI0DcO7cqw-XdgcDH1vIAGvWHI0GtSVxOTsj0HZxXe6790fREYDVklZXYf1DhLhf
Santander,31519,4,Spain,2027-02-07,Sunday,08:25:00,reggel,2027-02-12,Friday,09:45:00,reggel,1,1,SDR,https://www.kiwi.com/deep?affilid=mihalymisroriflights&currency=HUF&flightsId=0b7707f051780000076db5c6_0%7C07f00e2251790000dce2981b_0%7C0e2207f0517d0000524b7d95_0%7C07f00b77517d00006526c8d2_0&from=BUD&lang=en&passengers=1&to=SDR&booking_token=HfnHKxWgH_E-tOlBKCBGhK-vptqsBjOj-cfr0Y0eGWvkzvrjLnzamTlp2kfP2u064bekGvlcKoUfh-YXKmv365Ek3ETUsJGMqJ2w12ImCcJK3XZKvt5dG60995AYS2_B0Wj-Cse9bFgt3jTTJCF3GWPilsN2cbyKdUJ1J05ouhHfagiQfVCvMZ6TlRi4YX7xTwubHJgumI_4TL2Ra-cLC-a131qD2iv78ll8EHYhfYWcCX1Jr5Y018Qp9PNkx4mCIn2STnCM_TAejOPo93FJWmMOKaTBiXyiJHtJzUuqf2lveqSqMeCPXegJrncxQiwx-RbG5cG-ReyRfQfKIruZQdCnYOhkpkY-eANw9FehEaPIyXZ11aY58QFbUdnmMauoA02Wh4Y8B3HyP6wMIkIjTiFMWzRT7WfOOYYqYW6XfO5zktYREGoxcY92B28SYhwy2trP1Di5kNfSjb5sg40QrkI5L1Vu2kfXhj4cMiPbMkLs2m99Pb3swJtM-2Lo3JJtvoe7Yqi1oOWeHGbuxw0c5kcuBeJhTqoYAIig3BlTjYFpSsoXFGBHdG25gqenfltqIKwkfPTWoytitLGt1znflukDOVWSe1lJSfixK4sqVSLXXq5kCL4lHs3QYH8EygzNnU4gfkFA6BeE5p5VdzbC-yKUQCdKCU-RMUB2bRI1cvY8zv2L1ejiOdj0k4PCE8P6OsqBreKxWxVFFh9y3OZi-_BqoUTXD9a4CPfOmOgU8fBPMnbyMRy8Zkpa6fRbi9bTrQ20cynDq397yLNr1S4msMZAcyUb1YdhPOUtudch3tf6QQcJqfjVHopbLgoTD5OImlPlV_pT-faLwZRv3C52lnEpY9Qz1V3-nH2i0PRDfxRIT5DikUX8I_vR813O0B2ljvKpo-XMPP99M7syCEkYfTyOl8siDylMzLOfSrq-GPg6eHIP-jsnX4b-XNodEbkmADM1sYEtfK3rsi2eJRF_A75JcvadYBG3vb_xDSiG7pC5m3UwfrqidUJ8OtvGThGqEIe2Yua3OuJC4sN3omrnUThYmKyiGE6KL1tb6t6e_ptrwOV06qUpRgB3QBvQMq2lvZz2JMB_OI8P4-XBMdJbZLf7O1GEXc3q_FSqQoeJVRujmGKqHWsMGRtR1_KJ7BmTrCxv4e2GUC48vIUcc5buiDKyopTeiWh93aJcZ8Kb-M5TzZyi4oqahTT3S7uuPdCQBugJDK2jXmgr2UPzrq1XBkDNWitCth5vstbRhiP6r02kqsvncx3ULhWEl-O6YNcGnzFQKBBJhcxEbqwBeP159dk_ubtK4XVJtWKjiSfVGl2SQyyaxwhIVetZJAfYfOopkSwh2mQI51ugmKN3jxRV6MQ==
Trieste,31519,4,Italy,2027-03-21,Sunday,10:40:00,napközben,2027-03-25,Thursday,18:25:00,este,1,1,TRS,https://www.kiwi.com/deep?affilid=mihalymisroriflights&currency=HUF&flightsId=0b77233351a20000a1ed87af_0%7C2333215851a200006c6b724f_0%7C2158233351a60000e97aa338_0%7C23330b7751a7000032016d89_0&from=BUD&lang=en&passengers=1&to=TRS&booking_token=H8y_I_KroLkkz0icwYyx_iKJjKmM3gxKn8vXjxBTu5TOnOCSsjTPZRkMIXxLFussvnkLO5E84ZiZb7VTpL0SInpAZCxYN4BMADpXmwXqq5oYmq5P7YJrTiE4iteu_7K6MQ3MWhLi0ORYH2dTM1FK3tqugMpkehi7p0X7y1VVrupqYA4wWFxWpeSNb10hA5Yrs6gxDBoHp61ZCKZJAwRtkLdroORumShumd-FXXjkOTK55xZK-ZyV4PFWNulp4YHvhhwK1FSnqTcgMb57uAw2PT8xfAqAcjqI79_FecYGvNFL6Sl8n6EcTn4vFQVaYc-diedLEx2n0m9jNCav64_3Iy3zfsvRp1w6651VVbMjo1kSZEWX9gj4OyL12lpy_Me2zc3Wj0QUgaZmNTPdr2irgN_1OcDH4TE_0EQMwisxYxF0VxfpyHe95XZqt2bxVjNL8gq22Q1b-tgVuAOvsNjRKwtYdlh_CRBVjuNARFljLrCUkujiFUKgFKaymwTW7ESgzam9k0WbExaZzcxRqmMPUydiOmYXPA0qd3AZ48-OObNcZAocZJUpKq9jD_HuNuiKJVV_5450wEzESAtp54yozGOEwIoM0ppqhjc7D3I7GhGxKA2ACgsGF_mNfngk7XVN99iVDXAx7MMJQMkmKeoFLKsHzYdckLbInW_CKxNrJCMxoGNQJOY1iyy31raT2OIBcLHYjOBytGBBObw9TK-yo3TaJyYAowYWNriPwbUUpi4IMYnKN3Pgquw06EqXQCDvH1c8biRPZMXY41iOijdtglCnySNYty7cHUl-iRFe23V70_9gljdQBkka3VaJoGN9OBYYbg6KRiMxGVUYliAVkmuhQHAbla7lifPbRvIZ6WWi0kjYQ5T10nbaKkF8MRKQLteHqJs5bBZ2A-9Yf9pbL1VyWzFijGcWAgL8UbWbrBzzZqkYD04dM46gLN4vioWRL_eR4n_u8L9yy1hsbCxGYMS1o4RxKBloLBaUEKgIN7WL7tThF39InGyH1zVhODnggszkCWOTN80UAxfmg5vswBBqqgf9HKEaJIwgwlGQuXddrHkDq_QSKMEQkYqjEnbHyIRNC5BgoSn9HMk7RlHh5YVBpMD43LUc_IWt53gtylb3-YyiS6ovaaEbV8YTpqXlHYd1M6BEEyPHA7dEMrbOHOHRJfAFuYUzWETeY7Z3rS6s3isVOSIFyr9oJX-4rCVHdOwJs3l5ABnijlNz5ZIcoDnbNIK7TbOVYtIIBhecetfde3dncDxYW7JVcuLsNzRuROce5eBBBc8BBKppFt2eThmdcwjwkG-Br_dxNPC4Dl0HLfyOwqrJKpy60KKUC0es_b_Suyr7b8AVGcIf1ZRygZge6x6U6fkZO1if7zTXdxaU=
Poprad,31772,7,Slovakia,2026-11-06,Friday,17:20:00,este,2026-11-14,Saturday,17:40:00,este,1,1,TAT,https://www.kiwi.com/deep?affilid=mihalymisroriflights&currency=HUF&flightsId=0b77078a511b0000862e4a8c_0%7C078a1885511c000042c20129_0%7C1885078a51230000f2848e45_0%7C078a0b77512400006d38c520_0&from=BUD&lang=en&passengers=1&to=TAT&booking_token=Hy5q8ddUyrh202CdKYiNzp8Mz_k64iNjzfX1z8aZ_n8unDS2nKUeuqalwvO0lL-V3fy83rbZjTMoHT_KsDiLV0ptW6hbhxUQ4DETuF8mp4XNqMqapJqifg61QYMGhZMnhT4JfqZfjvrVVrbmwa6dxq_aRkyXhSJdUgDoFmCfcUeKbBq0Iy4jmdWC4xMU-iuMRuYNu2uMRjPYkDmVL0EyjTVmRfUt6Ea2i4NFxNiz8GFqYbvbVP85pe9ymZKcVX23aD1sETo7nIftQWTxPV2dNMAVwoIWmmVwiqXQeoeFwY36TWa5UuUaWYR5_a6h9r2DB8tCgtZIMY-sugGc2Yg2eGQ8lNUGQzhICf7xH_H4oDjUytq2bF3g-R3yreLdY5VLHhtqCqGg-M7QfMt6lQxJ4tAQqrtl1Cg5eE5RCh1SD0ptOXmv6SmbMiG6xEckqBQEU15csmghRypNLcRzY4SzqGI57ZGzxo8PecxaUSqTjyPDO1wiy0G0xqLSxneqH49SIHYBGDsJ7_ubQzoYPU-yZkuJRis6ygnUZK-IcGnAk_fbeSnOQElzkQ_RIXxrBY5YNNEXOY7dWj0qDni4w8YWU1m64Bslxkiv8mkCgrBC3sHXg8CzWzcA__BVRLMhFYJx7ZBnE-3tj8XUwANW7hEkOysv1uERVAJwWiU5FHOWuye6VCEPwimgr8sniNQm0DoemLW6mW4CX1Gpflf7aX7w0ymUaTOOTrd49N02Ovtef57_cVZl91pdkOo8MLKqBF98Sv11nlZXOjV7iZDnvUQui9QlV1vN1_os6UATRnyvOqyCPc3aHVMNbIHW3QaCHCd3TD4e_DntczBvwoYdLfKjyf3eEvsn13sxczFNYkSOEoq4twnmwGJGH_stq0XC8ToKSg4B_NfCn49x71JcAqgE_STT6u_kBRZiq9gNlj4ZD3_VY17-5UN3jcucucsNbI1Ubc5Gazijf-FvKJh6wt1UadzimEw8r5_P8FpDe3kbNodCauTeBu7kmFHDcX8uP8DmZ3hpXrdsxjk5qC6dH8h0qqqNdfrLJhC6g4pW1x6mVugo7dY9Wd-dYjDCnienlo5PWeKojkatoNZEYYp7mcKVt-q-0EeUuIjsuxM6CcJPzmOfIp95mnJZoCznLtw2Ha8gsth5CT6PloSRG260XKfZ6ikYKzJ7_kvJF5lt4Okt0LtY11lbLajCsLthhL-DNlSdoCHW2S43oKr3VtovDluK4gJfLztmWPw50PS3ViKzJADv_-5o0cHJEirMun9zXs7xb_FFTwOR-T5n7e6lLBPD20irTHKTh_5QnjKspm9yoDcU=
Cagliari,31834,1,Italy,2027-02-01,Monday,17:40:00,este,2027-02-03,Wednesday,23:30:00,este,1,1,CAG,https://www.kiwi.com/deep?affilid=mihalymisroriflights&currency=HUF&flightsId=0b771fb05172000081e8e04b_0%7C1fb00f3d51730000f04835d1_0%7C0f3d07f0517400004a303f11_0%7C07f00b7751750000e72d6890_0&from=BUD&lang=en&passengers=1&to=CAG&booking_token=HSqZWyEeaCspkF_Ks-QdktcbQ2vB-zqT5a8n569ko-vOIkU2ST9fLblB_K0_OXLjbkEmKB68NxqTh0jSbpEQwLmEIIr8FwYJfgWOB4IqHbajpQ4eYLGfVFo2SQKwWpj973SiT4BK5jDi30FnZEv17RFmc2b2qg8TTDNTvbNwclXmIv_QFIOrTb7R_9NL5SpRtJXybgkcHd8RXssfM42A1Ub3mEhRwO7RvDDGtBTcJ_gXJY83EoFqvy2W5uYYcQ4GH_ILOJcf5iBeQm9wVYCXly-0G86g4RyyOlDXnRbHFrxRYFt0L1BRSLTbFKt3LK6tplU-DftJqf-r9VjzvvzsIMgXF7jDtx78OpI2HRjCdoR4wsh-rfbfynRrWhngeI_Bxp1p5AlTTG9qIK0A7QE3yKX-r99QpiwW8ND7J0Udf2rFyA0laThRcXRH4drKoqIMf_FuaTuKp0ytptBDOVQiK-ts4BWSYoGJa9xq1Im3MkWH4I7-xh9nDbxBtyeYIOvRXVjuCgwkmb23cL8in4GZe4I_1OqXsIb3gnLPzVtBxwjZMqPcrVA4oZ-ImKf0UEC0D7xihtCaFq66iDCZtBjGrf8Z7I3n8VmUi3VXJN1WOlNs1A-wZhO08AaDuNwjcorI--z5VzPKVNiSNIIwYhBy_z8RqeLUTHIdLMf7dmhdXJvx2gIrVwgxDaP64CuV8mfvfA0gthwwodI_mgUJBYLDTxzfMUf-1XfNyL-owDWDKj0rxymgLUN2eItkKpig6mAzD7Gv2iuENXH1-cnogoutzgeVclGcpk3uW1s-1LA4M9KH9OwbrxjMriqPEH02_tLrvxPDZ0iBhMNr8f2ZXTmHVNrLj563zpetRvlWC_mwrPSd9tSu9yU-bfOACxJJY5P0dGsDsrJC88yg7SCVIHH_jBRABguCV8M_g_JqRLu0x3N43pbm_ZaLQy1z91zAtyvFsbqB2dwqUa3AvYGbiBnaQW-Y_Wv6kYOrdM-3qJVgbU3pUwBF59Gk_6VvdLqrpY6x3U2ogVrin5QfuIwYTaMa5mcZHv9mYQWhhLL0TD3u-drrvxJTs5wzLUZw3B5i_bW061i6MYfJYzydulB0MZp0YPkTwzdE5TLIX-HvSzUN8KIjA-vdr5lgwIiTsoVSWWLfJg6k1rt1Pm27SYv8JmnNbf-WnTOHD49EITQMARhvKRFskwZ3RZ9C-e7srCMSihOAuGuJNzwBZTKcA6XVYZk6NpoUCgIQlQcGYHYu6DRbRjrbdIv6EcEQSPzIA-xCqvV0zMkoIjUO86OqCIr-gRglgrUhAcATi7y1csn-8N_YDYbq4TX8Z9Kk0XnjxXw3bvKNdjggV7oCwmm8MUORW_oo40w==
Seville,31851,3,Spain,2027-01-20,Wednesday,18:10:00,este,2027-01-24,Sunday,10:05:00,napközben,1,1,SVQ,https://www.kiwi.com/deep?affilid=mihalymisroriflights&currency=HUF&flightsId=0b7707f0516600001c2c4d85_0%7C07f004b8516700002a79b0f3_0%7C04b807f0516a0000d3c3bc24_0%7C07f00b77516b0000dfe86c24_0&from=BUD&lang=en&passengers=1&to=SVQ&booking_token=H8jo1Dn5nHM_6CBdoTWfJ4r9se56D2O1mcnPgVQSARRqGRV0VA5ex4TjK5Za8tmHDaepGO8OLXtnIkuyT3hdqIfVwqTSMQChHHrmFI4GTjXn4TQI8Ux0kP2iJ0IIXTLDPAJIAZaTPb2Ts-gRZ3ZxM9fVTVqRDwALzVKOjiDryVUZoayUBM1Y_EEuPgs4FMVlVGHm_fNQfNMfmi7rHRqxgghky-NMrhow8_NRG2X42gHmhbzNBLRQwPmcY1-LKqknvA0Mu_maIv8N7WOOGZ25jgjJ1M-cOYDjQDEOkWv6CHEEnkRdvoIfPrxyNpzzqFA5a6YZN8NmmSYzGM_6vDtXoYoSwDLCca7yEtRLNjHBjLIg4e8hcaWMQqIIs11aG4AHn4fgHvkHtSJ9Cm636ANVe1vlUbBk4Yn_fMbMdMpiRpn0UsEfkVdMN66PNo4i3Nf9Bgn7_hf8h6MqycTEiHQORIkr6sVfc1WmcZru6p8kMJUxwAN-v0jYyv-SddwXVWXB4Z2pomi752JDVH2dmw4RsSHfy_CARhFi7iTqg3B44mSX0WOz3itgbGL-wtxoSmnj4StNVvi4C0OBboT8U3VeJgQ-Tu9pcEdz3gYnCTENKEteCrMMADWnxhe7u39MhdTmISgnjUCXjh5U_bFlaxeYjQtypCfA7-Kz7KDCzRBnavBB_wffoYu0JbBuvFSMu5st_tsvIu1hk3TiUEwgLDx_J9VZ8UNZFl_Wu01mFDnGYWBlCfSkvdtkZ_oQhpyzM7Ng83a2MFIgJTLR9pYCGD_PSTdsNn5Sf9TQv0w-BP3yz5LmHnnLFvDDKctOeN7mkGMDjoL3u2nmJkbKa5i4eoxST0dmh1PTs_R-5LUt2dbQvhie6l-VkCEf3ZExZfpHIR-6wVazHbsBhoyYLyKsw-TK5Ts9BbAG3gd9tsVVDtzXWOYOAVLCYV-xsJ60676DAxEZLlLueOztUI7X67NVGo4xdldpkxmaM1M07bTdEBDG4d6gHE4ssrd1TX-hhK-Nv-0qOU9Aq-4TLWAuZRwxi7If__Mzq-l9wy7uEo8sv0CaHa8jAQ56CGVmfId6m1jFHtuCbaljo9hQ9uYNvGkZUpzLLcqSr74ODdiR1_kMcgsAb_3s8yIgq8MhiwBCDbOIhfrJiVDxl9jF7B4yFxwvZNUSWrP0JMIQ_it1vosmqbFNnCoY1-EzECuY34Izut1mqFNp23KMp2zCb-n1qosQzWX2EgDhG5oxtwaZ04CPkVqYYN0sxB2RhmKg95PttQ3NMDLJx79IvIASzzctfVr1b2X08JQ==
Seville,31862,2,Spain,2027-01-20,Wednesday,18:10:00,este,2027-01-23,Saturday,21:15:00,este,1,1,SVQ,https://www.kiwi.com/deep?affilid=mihalymisroriflights&currency=HUF&flightsId=0b7707f0516600001c2c4d85_0%7C07f004b8516700002a79b0f3_0%7C04b807f051690000d4392c08_0%7C07f00b77516a0000ce437804_0&from=BUD&lang=en&passengers=1&to=SVQ&booking_token=HY1Cs1tQqsQn5IuE_rlj-K0rq123jUbCvkxUgeOOSOIKWsd-9zEvZ_lv1dTJMT_NmEpHy86UbN0LuGjhL176X4Of-70qJSx-1I5Y4kK5fyWfuJHGbShONWzrfu2i1wHCYD3K1PSEIXLZ2g0llJfLV7_JZgovV_b5HsM2_QuEaz7yFMJA-UMCNv5rAFsgPr-v4lG0POab1n1CdvYI7W_vR7Y8FAjq_v-Jhg5b3s7sHyf73wk3pwlk6tthiB4pGIsMTtrOKIbF1CoBKEv2O-Pnyrb5HdiUha2g4ScjSB1Aaa2zh7ma-c58-iT_pS-mXGwR3jYGVjsnBTKkBQD488l0e4VpsbuxN2eEGToW-XM1rQ9DgSjS-FblGjpZ2oOIPOaik88yDDfd3jRmdIWXooTWPy9yYb94uRxWQSIkpIjD7RI8af6HkbyZlGTdN1vcgUSKreUb-nO7u107xYrL19SsykiiujgzoNkRZPfDedFF4FMdvD8YPz8wvMYAEpPJ7G4z5MPXEMGoah58jKC1DXVbtmfhT3q6pCkLNLaHKeMzmmq6YCDOiRq4bcVbiu7NJ_sHWOzW2JIx47WaTWN0JvAmv_HiA2QrYvVEHbffH9PRPdk7pxGa8m8_vUmtsgva0pFLmg4uySuohW_ncV-lSk5FYq85iad9L1QfDcXyUdoYNFhI3_g0EiT3JNt9BKdD0kkCGPEu0O2oDG5fWTTcz0cV_-5-iGeaf8-2NdSOCfsh2GJLiKaQ5DoeF64vcCUQi5Pqkf2E12jJgwHqKMgRg76LiQc9x1ZC64TUskfEQJhMyjcS4gPsa6UJ6nUyHmHyUsGhS4qmR808BR_w85uuCRNN76EpTeq4xtSeGUsFU2NhKDuuFFqg7kYbU41WLsTj_yCIUvCx8Av0Rp0Y0NPey-cy8-IRgOv5AzS193JVyZfmF3te4Zn2H9weckTcBRmK7UhhtMtQfXLefbX2n4VJyK9GxBXb0L9SK6bX00SHD--5HEqc-jirMjv05NOf7-bjWs8d8R2TPSYgqIcMFX-6PUyjjPyurnpESx2-4aGsb2BFvauSTWagkMls8AaWvvXL9gcU6pk1Ccbc9vhtv0Iy6MXaT_T7q8UOusnTKg9VAVRmWp0oO2sPBvrP_KBhoSqq4ZKg2rLryZwFdVw43PhFNJ6J9kx7SjT43e-_3c0MXlEk7H77k-IpXxuChrvPeMqgt_jps0isadU-HrbIqF50Ij3ouFlxF1D6UHjy2eCo-6ARtwq1d-4ezxdTp3yjxVlerhVQc86RfQR0J1zvRrz9Bea5mYw==
Cluj-Napoca,31867,3,Romania,2026-11-26,Thursday,21:55:00,este,2026-11-30,Monday,13:10:00,napközben,1,1,CLJ,https://www.kiwi.com/deep?affilid=mihalymisroriflights&currency=HUF&flightsId=0b7707f0512f0000c53dde88_0%7C07f0204e5130000051181b9a_0%7C204e07f051330000c774a76a_0%7C07f00b7751340000d0ed14e2_0&from=BUD&lang=en&passengers=1&to=CLJ&booking_token=HCUVJ5uc8pxgABNSYVR3Zzvx77iA7-Ad8axPzWEyiMNNzG95atcbarLB2HNHDDt27oPdPgBChBdSpwo-6UzRCnq3wxlJmGDnVLxkJhqBSs-vJCdnl-jn6YU7YvONSalq1YRXOTBIm1zD1raL2wAyJMMpaxH0CkNFXjKd0CBP8Md_aqDFM4zQOxXElx5vycavb2HwapvdbuSgIv_6AMVHOZvNGcYAcWoHl9f9LZqgoBeIbXzN2wJ530hDrXdRvg4s3014JjLwmvyI_aeFWHTXFAUJ1k507YKbwJQZ0k8EC3APJ9g4Ablw7g4rl1JmpV18K7a1CM4grD771QbwlF4v9C8JPD0sqHEq76GAAdsujij6U-pgVj4t_6Y-C4QxdW0v2dZYk1NhW_YHHd-HsOYEjK9xmDU22YTXT5K-0dlphzn_azfDrnsR6dVCiLr2xkwRkL3MjOYJjf3pSj_jjkRc252ClFKd6b6-3UGTnySNtnjcoVODZ5AnXWJoHGTslnQo8IvdYqBcoqBbfvGFHA190sGNXg083DXPBVpKa9PxVBmexAyJltNGh2aT32iELi_v77feoBfeZ3gK78zLV0_6-UklcJO9e27n5-3zIeyJUBWlF9BFWf-oWFT7pJhxDJhE0YjUVgIbhFQSjAe6WEaZDu6YzdlQZV7MS6IygqhbfZW7r8Qn3fVFVxA95K0onWG3lEqHzRyNO6OULp_wRGQQE9FZXQI0JWEEZ0X5aeHC2Sler2v2mPxBQomY2Y1Sj7rCNtBYzetaL0KZFsm9YJNp6rArr36RBpg20eiF6b-GKDj7MXYbSAxBkGHb1Xz7o-1DGxYwftn6Ez1t1a2LTiUyQuYmyXmORnnu21-DtSh0L9UBNRMFRrsxoUsSs9in4jkf7c3wwPbAsRNj_it-YlTaQN9tuHlez8H26rYPpw8gb05-Mj3jnqFS6hs_fA8BcAvDBPdXC8Mri96yKmESJKHfRp0jPzBZzBVUB8haN7HbPBI7RiYKRTqWygej-61VkM90CxupeYg5E5m-D8mGSLOr_Z3m9wl7s84pSNAMSEWjP2-h4Y4MLgNxcr6-6tv27EmVGUwmxD1ETfyJhEZJaiF0xFoCg3mzzTKltyDkRhVdnlgKu46OmTLcc9xjAJyQOM3n-Wwni0wYYbxd9hUD0GL2f-U1vlIG_aG_hCEEOQUVrZGSN5aIlZf34m_COgJxc31Pwk_h94nhjlnelCN9sDglJwk5hZdOOiBlM_02it42aoRPbNclJOtEqa48-W3Q9GtmGy-c4o8CBGC8v0-K3NAggpUKRuaCqVI5RQMAAwxEitrjG89Vk-zsK2M2I1DPda6Ao-Sdd_gYdJgN0UokyzxQvDxNKpY-sZTsSEqNrrhLOVqQ=
Rimini,31924,2,Italy,2026-11-20,Friday,11:45:00,napközben,2026-11-22,Sunday,11:20:00,napközben,1,1,RMI,https://www.kiwi.com/deep?affilid=mihalymisroriflights&currency=HUF&flightsId=0b77233351290000e382e843_0%7C2333170c51290000b57129ac_0%7C170c2333512b00003ac2e632_0%7C23330b77512c0000dedbbe32_0&from=BUD&lang=en&passengers=1&to=RMI&booking_token=HJxQ9-VYMVwiy-EpVQma557heIooIoCD73L-kLExbG8scNOqVkBLNRtQ1kG-EI3Cdw2ZEggJfBd8q39Vx5g5hbbVgMRotlErNp5TWXKw9tvgDIB_hfqrImUpH52HAcyp-rv0DbUIn5SF2xhlZgdFjHWLGJ4uNgcbJtiaR6fuJEm7tqMwpti_FSa-2hQfc9GhvUs7MH660MJ-MLf344Hq4MFAoPsakTydkutUBzO9Rii7VvrRos_Bu_JFzblA6eliWYX3bBZEwM07p03jXbcOMLAs2aa67qlH_-bN8uQj5ZCfRWiQOzuEEwepAMwIXX2XHVzG8TjF7rIfkdREFt4wxnrvmcHzJEhbyW4rZM_9PQqqdpVl6V79MrIveE-btj6Xe-6tHB4B0nI52xo0ley73Kt19MLGlhRh0NtntBHWwt2Izc0Oq4o_idpdvCuYobHAGmueWfTi3Dv6GqUa--dXD1QymC0C74d5gGl5IlMGhjUxXs0v0oAb8fHrTRByNZPuvqAcoS2EvA8Z_XYqOAq6h9wyQGWuBSEMWZcd3d2MmhimUT6RTp4UcejV7fOtr3gfWgNaSvpn7AaFyZjNctN8FZORfDflwsTzDOX6DS804I95Kh82jhxrKOKaEsoLJGMbzqxjMF22dgAQR3bk2liyoSwWF1IxRYuxCQuI92MWzQJ2cD4i_K2YU_FH2IwXWOm-fIWy6gyLzlTBeNrORTNf5ZEOWiYkFfWFwhzo_NBIeSuC9YUEdmtQrmAuuWmNoMJTPS_FGu35zDvxbuWyPOHs7RJm4LeD2w1jLmwdGiWIZQro6FR65zIlJ_Zar1upSV5lZc9OkUNC-WNNRw-vYqG25-rONkplZEKBb7ZNJlsv2QanHDQEs226_8_xyeYNCOYiY7omPcYnAUjLNvB9Abg-ujvaw2fIb607whINGPQz1HbxDGP_Z-iWcqHX3eQ-nOVamSsvLdJEL5biEQOsXQcgxsUo53FfW8qfU1durN0uWIP-IQ-ydXja2k9HmUCHAcbHeH4tkTn7mCJ3lhGEO1-csU9Aq79cdgvAktfXri8XepBZ5jc3uaQ2_R5NgzulXUOOmLlLMbMwQ8epjn48ToQIiwaUGRDBY7qyphSYO3X8KEkzMK23JHXIaB7Uc2J3bfxtLAW3MKwga5ikqdVwth06Aajm1OINfr6El7m-uaOiIhDF1-Y0_Q8vWIjqgAJHX1P63msjwCF6BOHOUH3ZBRsELQPt56d_hBfOuOzcOPVVBAWFh2GqEH6D1ovif1zdPKYtZ3WR8UE-If0LcGzyMhUrqCgkKQkoTXlUMigpJw0PQMK7VEvRkWL1qmkgdnEz2atjQ
Gothenburg,31973,1,Sweden,2027-02-05,Friday,17:20:00,este,2027-02-07,Sunday,08:25:00,reggel,1,1,GOT,https://www.kiwi.com/deep?affilid=mihalymisroriflights&currency=HUF&flightsId=0b77078a517600000910a6b2_0%7C078a208d51770000bd32cdef_0%7C208d078a5178000075395fda_0%7C078a0b77517800007cb25b3b_0&from=BUD&lang=en&passengers=1&to=GOT&booking_token=HjFTINuvgoSiowfUBxJFwBq4GxXums6d9rcXrUML6UlSOjqifZXD7UTVqaqSlex-g3XCVNJkEf0XGEvGmFpoA_aOcgm3D_nDHYleMaHbQGRDRRKWJ_zH6IqhvLhatgCv_NOCBhdYZw7zM3h7SvldOOQDqXWxd8ocn8dD6G0XRaPGcBwhrcxr49emjuhsj-lrk6ktBJaiNf05qgKjQLh5I3ruB2RsJxBcH6IHxUtAzTFMuAee9zPxpIdNw0mqnpaQVEGlnjk53w_KIiNVv5zsgKYYetdQeISXaFWG05BYG954g9ACHh2WIPSmj7WOtvRKOvdvibbscZoGO_6QHkImbosEqIubs5e_K47HNBvt3vtTlL5r8tDMlXjgi2kk8xtolq7Gh3FkYClSuzoCHP6iLxCXTaEFcV24k8NPDP4HoC5yt5PLzmPfMvyHtEJfVLx_Hru19K6GwlsrOwqmNBW8mWobY2xDtGreBZNEYQjii4T3HNd3GQqnh2StpBt-MFrLoFLnknkM5BzqExdOq5IIUL-KXqYxmhyf3kmnSwfUwd5gCnOaJExO-QoflRUfQEhPdl9iPHBhrPSbwKFiz2ADcLOLldHfQYr1xePoV1d1rbFdzA3lzV82Z1Glae0f1-pJGfLr6xAnAvO0aCKdAnRa3w8QHrBYMXtoSyPPV7vHTYdy8aY_RI94PClCzfH5cDohSyWYO6KyJqMqapk4MMIoPoM_JkO1p-OQow__i9HPg-bL4_zKGboB-EegXuxHnsci1CRCZ8YHw8s96BucWEPvo-aNOJBCM-NSmRDNM6_JDmZmW3g-wfW_xivh7R0M_yZ-0f9HxGJgGRcS-8T4Urjt0I6FoaZ4cCT9I5P4BMEZLJP6B7Cc44MSSB_PIzTvUYzDpQpnttDotxCFh_tGz3RFTAe1GdkwhwmcturrzYsT1T71OEqJ5atWcI8f9AUKFQP9CW8a089TDJ67gZaa4vsAhVj7smrAy5szZaYytc1uNauSLSzOlNIs4GQ0ew0COBNI64_unWmI7-cTdweYuzVy-ISXHR_S5JKHXHlqfadE3_gNPGPoO_1dqo6zBjta9D_DLvEcggM4a6dR96ssHQOAtVjM8Jr4jP2B0RbLIhOssGQZRjCfsUSOv4nADHBwZOEQOpHuyHoYfDUqR_3FBBOeASmAUSv_GT3tOyYM1HnotubEronP8jUFnwiAPyNfeatZagBZNflkBpQjiWLzQEZGDXj0N9GayofP1t6ggXSfLn2baxwqJij3XQDf5ANO4xt_qFgY1iSEjsNcQMNv6400y77SI-p9MmuawAG71_Sz3rqsj6Awtya47AubRKxsIdnFa
Belgrade,32121,5,Serbia,2026-12-29,Tuesday,15:10:00,napközben,2027-01-03,Sunday,13:30:00,napközben,0,0,BEG,https://www.kiwi.com/deep?affilid=mihalymisroriflights&currency=HUF&flightsId=0b77003c5150000051f20649_0%7C003c0b77515500003944751a_0&from=BUD&lang=en&passengers=1&to=BEG&booking_token=Hs7pveE7JVolZZAdoA-_nIQs6gd6qXv3DDcro1pV20MkQ3nottNUh1vafkrqPzsTCAfMRnGAVQ2CeISDP0ylbMob20eDnmdS72TAL25R7iop5Odn75-b6GYZ5Tf8DZsZCwYXO5iMdqTYvvj5NWxSAW6Y2FVly38iuWmz_7pSOzVwnH7kyLgn0rBJ4TorNZ5Zb_JNioCESZ_btq02TbvyfdF4aRu2JJAsq8Kk_JFPBQW28SmU0QR0VIgK122BHeomkh8lRWUpWIn1nhva_0TqSO5ZEaWx21Hr9govydzM-cyJgufa34cTNezGMEhTkrkBJJsidor5CnS-CfKT9MF7lIIRwftBEpUDbXylkHwgOy33NDnvnZAmANh_qG-fhpuHHpjTWc8mh_1N6qMPeXScXykz7eU-nBJwbR_d87J5QpirMR5E7RNUso8_j7ICxciDZpfBgTYPATn-nd3sttEEGuFqCYW_xSu67Gb3lNSA88kzQXi53gpKoTdXXzVbkczo_6OX4eI4MM7RY5UkVWhid-IT-Ry4FpP1Pp6XcAfsk5bjS9Vz9OQ5cLwUzk7uNhm6yo8eiSVyhTgxid_ukkRlJ_GPqPiXvdnxccmkhiApl2DglBv-Dl8QrNhntUUVukqSqhD8JEEaAKJSuL8vS_6MkNgsOdlwpsYoyk17fNur_t1x5zGSi9CpldTji25LOF-8BKM-FXGiNZQa-GVbWVO7Cc1UYV0HRXjEVwpCsa2oErJlMEhvRMMG3RLO9tIK49I49CsbL9MfBhr7VzYyp349jJieguGrPTk9JdrtyeHaAyCJX5M355umPq-HKcoY46dSYWboq_LkpHUNJW-lQOB67zwLFwZvzremRe4HE2tsCPz5ulc9PF-MFhUGnAW75kLaj78gwdvoQOn5toT8ONiIKBFko5DFuqik9RiDRGxUnmjgFOvLFG9-ujyb8xLpA0CC5F-OEpYWrssBCdejHqE2UL60TLCOkLDgxRPtNPTKCnGhlH1n_yTnUmOTM2NCAY6l8ZpOfUQsXzUoBI5J9ZpZpf_-kIyOgU5dYkZ8F_30_QaEy3rg9ERG3mAWlBlvHz4qaF-s9cxTEgA7b-qK2GD6mknOxVsJmAzYapBqrowTyfzoyGvw-KdFx0YBzwDOTywQTAWihT-2Kyqz-rO4KAcGwCSotai9bTVcKpNOLFwLUH0QnJFghWmJkf9982LYpByo1
Belgrade,32121,6,Serbia,2026-12-28,Monday,11:25:00,napközben,2027-01-03,Sunday,17:05:00,este,0,0,BEG,https://www.kiwi.com/deep?affilid=mihalymisroriflights&currency=HUF&flightsId=0b77003c514f0000374032f1_0%7C003c0b7751550000d027d02f_0&from=BUD&lang=en&passengers=1&to=BEG&booking_token=HqQkQotcnakr-dqi-3uZ1Icoffb-5HRqGUp4Ru_nwS1Hwmymr9UhPvgohsSnIR1S-XbFhC6Tyb4K5Uy9TssShXKGbY1np4q9lYuGBxnYLMpOyKvNv5YWFYgAetwELlq5fzXaZgJi3s9TUVUOnakJn-4Z7_i8er2Ks1bsH-b0XfsUJNykG49P_NxxoAw7h_rQ8Sx87xMy19SdXkzy2Y32PfjBAvC7l1iIWg16n425nHMCz7KVjTH2Ci_TUCUceZJC4f6TGh7aDajvVi2UhC92HLl1JwrxbgmbbmN53RatI3oR1kXn6rFGjF_-x8m6A8fYYl24c4vovtxuPsLeBpxau-slT8wjFx3uqpjkWTR2F1TRUtC_M5oB_C96OGBDe4R6vsygPTYmzFb_1qdHTpsOoMSaW4yL5_JXsdwlC2hOkPfcJ2a9cyopzEwAGg5JQZLzKGEKQMtNrWjABHGlWmii6g4k3mJe7TZrMLtNy5gpkUAHDQHYzdXL9lbq59eP44tkufYvSqk-kz-LR40FgW9ldQZnWK4yJMwSqkNMhvcFBKZBwa8uYJRuTD2I60eU0N63xsJslvEOotY0tbY3d4Ucj7GS8PO70HkzlSLuusmSy-ay7ZV-Di58z7gthOFqaPk2rUpx6rEoRIpwhvBiZavdXWoHnRj5lPz6yL8SkzEaearAOahA2B_LSGOwR9834CYvp9x7r5DWbbD7BJo3IM12TnnbzTg100qS37YclPyopkahS3sYngOlv6MoBacaQMpIttNEyFBJ4drlvgNRuIcoxZR251S9yrLgoYJckISXAqxfFGqws7D_1OTkxSjAqVTLGJKXOIaAdVU9q08sXRiVUdcn7a8sTgo085Jk3MnDlLI0V9NtZFPZ5s27uFE4oF1vpW0o0c1ufFDdhGOCxzC4YtwigvXtvk1V3wzF1TrSQbaYxKOnAw7S0llKuO9ptCz8P9hi6ODuChqxOAWeUQWJZCNfbjvNcHuiLVSgkh04b6rpma1Qa8TbPcD-3e6X3Uz4_7Ll1zrpKSaA56DrRWCmfFHfPt2zs50qlA24yZ4s5rq06TDldZX2YTmNPA_cNjumkm6-Czk8Tltekac2LYGkMP7hoRG2OHfD6JFx3KxpxZRjz220NuuQiyRGETVNirq-FgQ0dNoqUavhIfLUduJuNpRPDQFa8jDBTS2-yALimWuRmD-WRsWQNVmt_QAs7utDQCvsPta6FaLmwbNS7h4_rYw==
Belgrade,32121,6,Serbia,2026-12-28,Monday,11:25:00,napközben,2027-01-03,Sunday,13:30:00,napközben,0,0,BEG,https://www.kiwi.com/deep?affilid=mihalymisroriflights&currency=HUF&flightsId=0b77003c514f0000374032f1_0%7C003c0b77515500003944751a_0&from=BUD&lang=en&passengers=1&to=BEG&booking_token=HXz6flfOpJpNWnY1LI6xF0L9L1FNgnRCuNXcOskeE_UdabUFViZiCDvgErVris9BchJ5jpvInla_YREPabdLiFs5_hKzq489n57Dh_XnKcPTR6HTuOXrcHwUNMW66WISI2BdX4f8NL7XFIQmoc4Vl0ETh3YwktLonV_N_kTcmIxu-ZPDShtqm8IoiVJLyC01aZiXyu5B6xodDfupTAlZBB820KPpTi6Anw1L4STJJhssjAU2iX0bj3ymTXp8_vZIhdscENY_RudcqGpm0VfKZp1ob5xp74dl7TcGe4cyHOBjVDPhTqIuCJcs9wgxrGoJTj8RzDrcNtW_1Ukh1NZf9lHrlJBrpR8SWJ_-idgmMTNKBH_8HWou0AU8lCgQ2F3Qe19IzCyIIfyQCfgUK17bDp5CLwJUZAnfvTLjuSfD1onO1n86t95zfCyOnf8W6kPmfMPCCwrbHsLfjsyCHFHQokfS8skqgHzYDpn41ZfYnPE4jMF-AoDvlg3YCce7S_9ZyC7K2FcQ-jTyqDkmAV8O_dPOdxpGNODOcz0BEQyxRLx38VfuEqWJPqH3IiZX8WY4ZJnY9Gqoq1UeSg2Nz3Y_687GnWjKnDSHvA_5Xi0eUT6igfwSA1_9C3N9HBEWQcaFKnSERc22f1Chl_w0fya_u8jyTWONo0GKy8sG6IumuMEdb9zQkYugVjzuKElC6aFAHAX1R92iAff96GkJLGmZkvRegdvhWCzjqRB6xXmvvoYdI4k4IEjLKfPyF5C996LMRbeOHVkNeFsVtNHsejWfq4mELooSBhxySYNOSY0eEytMwTbNXT73cUCaLPO6wXNEJC4PHeXlpULiGTHdLn77NgLHqoVSW1FzHZnUI4uO1OXK5bCK0tuLNTphdzdVOutf_29o94-5teM3eoG-PHvQ2r9FyQWwV2vXuRPtWZ7UkCp065lX5Gdaz3-18NFNs1if8QcbBrNnrh9heTPgTkXeDyzgWwFbVFu1qK5stKQPss46HNvgN0yk7bKg9CvWAQG_iaxKRnzGsHW-uTcOQz3mF6CY1_hhKPL9h-hYyWMJ65AgLA4ll7yZPRSNYjFp8e2KsQ7L33sLbtZ8ehRzQLNjXf6Q45PdIgMZdBTNTPH4tNmusg46Ot36V8j3X0k6n3qR-KvxdrO_P6gIqQiAa0PRgD-AKufPaCBMh0aKtc0sAB2Juj1bKXoOF4xYNDdesPJ7ojdQsUunzloeRuhorXWNoHw==
Poprad,32121,7,Slovakia,2027-01-06,Wednesday,17:20:00,este,2027-01-14,Thursday,14:10:00,napközben,1,1,TAT,https://www.kiwi.com/deep?affilid=mihalymisroriflights&currency=HUF&flightsId=0b77078a51580000aa70b6a5_0%7C078a188551590000fd1a462e_0%7C1885078a5160000095e79a28_0%7C078a0b7751610000c586fc3a_0&from=BUD&lang=en&passengers=1&to=TAT&booking_token=H8PBFMn9zdjuPGuYju5Q2iq2Br_aXITSCObn57dnzs8VONnLhC1fv0bzNBmtGi4fSarn62JT57l5Ucka6WHxSmu7lpxzK_S3Jl-rRqaX8g8EwpMQJjYeAbkW_oBdB2ZugAVu9Uq1cCsmxUFF0CJ9V64GIbcKg5VU9ckmETTvTsMyF-YcTS0LreEDVrxVeYMuJ5-Z0Dd-J_XPj-CC3pHLv_1-k_w717zo4lexBaCgHekw8cDYlp7wGGsgnmLZPi_OAbkEdZbuTLu67yzVy6O1wVdhf3MoY5cC83dDbEh5i9GV7l5DuENR7b_vFg4LifPQt1cApxhxR7e9f9SZMfiyz8g0KMD71Je0cXRwjxVEwARrZXQ3c6xYB-K8kvknbbNkjja2lpl6dNSPVmbzt35-fGVVUvQnFiS_3HtWB9K1_lk7o1bkBDRTud98EVVnL5cYpGa7m6dZmOqyn1840TJzQddEGwQQgceTxol60FvA7vJZaKneQrscOu51etCoCs49BhQCsgPTQsXYPkF2sqwPt-whSmDz7QfZ-N2vzMH24uCRWivqzaj-ROH_xHXEQvwVRtH3sAC6qj0aFMIjSceeIdvonhFAJW2LBv-x1KRW_2LwMp7i4t8s0JgvfrZo2Gz77xK7u8aC6H2SIc5_cUh5pl2TmvbO8UZvYTWqegEgN_BeUjf87w8S2_XdYxQ6X_UynlKciRCWabeWFr7Z5M56egDF0y9PoD18iYe_U-2s5c0FReQWoOcVbX1wcW0Mmld1qEvyK6f0dCQfy9m2oAqrEqg40jlkSVf9ZfB4J6qUgTVMpSvomRe8geNhurIFKnCVteuOcNQjSN0E6Tx7ZiJ4rGgbftBQx3zolBN2evSyMSYkhOiTb6QAcsPAV7teIOy0s-FUwUrIl79-2zHcfveZBmtRHafHK4Dlc_mKhsg4JT5mQeZu5RolOlTt1W5-ckMl2DUuHe2e1LY3Uhu0Nk2WffmwuPj91UYJi9j2sD29gnb-xJThuaH8phap02lLCE1XLEMmeBV_yyS1NrbiXt4swUVGgj5Dx5ONuyePoScrwk1LArTgxaRxrnsD8zjZb_wuSKpHRdIS9TYIGkG_TwMITkz4nqyAvW1yiMacvIeu2V7xl3F2LNVoEjoBz3-eHGvxKHvx8e49UlZKO_qwYlQF9CNn0UL_HkZ1wA5ve3ArpiE8I6c3yT4oPjn1_eALrexB2p-B_S0GiW5mEpdeACDR96GmZG_A4CpMP5Imkc3KCwP-cpO461OTUh80BEznUmEQjvnncAFjVMxF4lrAHLRhhQb0hzSm0R6afZHwBT82lP34=
Cagliari,32194,2,Italy,2027-01-11,Monday,17:40:00,este,2027-01-14,Thursday,13:35:00,napközben,1,1,CAG,https://www.kiwi.com/deep?affilid=mihalymisroriflights&currency=HUF&flightsId=0b771fb0515d00008f6fade5_0%7C1fb00f3d515e00004db8a005_0%7C0f3d07f051600000a7fca3b0_0%7C07f00b775160000003157afb_0&from=BUD&lang=en&passengers=1&to=CAG&booking_token=HpEZaEF8ojRhWW_8zfPOMOw6OSB4GdYBikcRch7t7reyMF_k3XhK9VsxQJVper6YYPMAWE7NI4E5DU2gS0EWeMKKMIrbbcU22nJZSaP5-EJ-YLDEjQmo_CJRHINexIh5ICXRxwZbfPePz0dnWr61Cq-LpjW1fUEfRubMW3or1PeHnc4KvC0BZ_Nn7nPKg4gPu1xU4JvKNlizB0O_gopoFzBQJQ_UAqgwuHM44ZqJmPi12KBB93vnDsBYayUhijgeVOxbUU0EKnD_D0x8EUo5F-DbUsXETOV2pvX1i7mAGCn2AU-Jm2e1nK0c-a6-cO4nYcAiq3BpvvAcpz5iLFEhhcrqZt9tE3wyoTIluSmO7WKgKCQN1PtDOhcpeEneIq2CI-DORVYsqCmIrrQsf7fzL22D_9glcQb1rIeuOgjJ-IKhE69bSDNrsVu2DrPmTdz6Tmda1KO9ySod_APDZmKhqvPzPfSsRbJGJQV8YjdBUI8i6w5HXfGxt40MwxCFDMpi3doTCKIhMj1lPkHaITWWHeNNG04-4IoG1N55QRCPxzyIet3xpWasQYMLxpVjlW5Fu1RqbNne3g9sWsNpDA9Yw4Bl3xHdtEptoWmZwrVL31Fsh__cKCDO0dq4-c19rbSV32ceH07KxD80peAgi8aqf6odvP4_Xk-CX2AHSMRu5R7rQKrjU5xUH3exQ8HgJQEUW7yQ4pdJWFOEFSfg6HNbCbggU7H9xlw43ndhkUTtcX_lVUowD0Wy1UegFDXkB9p6O0KIhDYg8JTW6gC7BuyRQTLWDos8soVZc06avAENGEV7Ai_65SGTSm_GP7E8llGjHHYOGq30k3sQPY-a-htAIlK39mAfxSv_H4C_i77STjNxAKacP_JehzyT8ElD0OD6sQuMrJBn08yzmQ58SwWFr0o8bhHB_ll7ldr1hT6p93zoJhDKzD055rjHAItFHORItUy-qHeUE3xe8CYIrV38lGHwAKevG4r1c_aNjV-lLlf8TWcDuFLuVdIX5PWtXoRUlrj-PK-JPUaI0TTFD6omY5pA5q11hOgg0pkz8B_3QF5JdaULng8p5bhXeAC6nM4P_jE-x7FHE8PJX7MSgfbk4yknwdYtaz80yF84QubL6ajcUnIDmTrUsJXSEXzvmuokNKrzHdbNQg5KdkD9WvQRUIO9bOH7kZQ2-Nr4DC7-8MJmMY34nCWPjC8VKLlY6PB8R4SJBoYpD5EPtGjcAfoN1aSi1kV5wjHty5IlsCU7pNwZvAjMw2_FCpHYpS7Ynx1__UUK7Ql9Nfxgok-gglxm29iWpfjhqH0tBVO6qDbvWcflgrLQoSIWl-6mzCvnSRs3D3fVzkNfxeN0SLBfXb0FNow==
Cagliari,32194,3,Italy,2027-01-20,Wednesday,17:40:00,este,2027-01-24,Sunday,23:30:00,este,1,1,CAG,https://www.kiwi.com/deep?affilid=mihalymisroriflights&currency=HUF&flightsId=0b771fb051660000680e37e6_0%7C1fb00f3d5167000020ddfe1b_0%7C0f3d07f0516a0000631ced64_0%7C07f00b77516b0000dfe86c24_0&from=BUD&lang=en&passengers=1&to=CAG&booking_token=HMdTl1vHNvaL_ecqmj3vSqpHMUQX4pBkgA75JX5wv8YbSQSYowwQXXudZZUDAHMOtTsOaviRl7HVOdNRDv6-yHreIzEdUXS7mdqdWuGR0lNgDvtj644NBFyy7zIj1-pkUBK5NDl1AqJ7-Gtxn42-iclVJnLahDSIF8Ss7kiwnM5OFjxzpFCFDZNAI335WWoYSp1fZLAcfojxABtLIVQeVHnHmzljguxob-u30ULi_JFEGJcJIxYFKmIUezx5yIpjAwC-lJ890OVXHSKi2ocHIG7qiyf6fcCk6LzaKD2jnfeLOszWsuWuF7vv6WNhX0cjqZQsZPhYCg40wHTEcow1aRObQz_j-DE8jnEsXUQvmjJOcIWaZ1gaHeeDsXG47UfDhOh_NLtwOj2rqvL9CANaVRhRjCo9w89UqFg7nG-RtV06RYqsXwRCJMzcS-9cIlDfbtx-oEzj068Ta3-ls7MHHvRcAMO4kk6lfqa9GQvD3icX2NjvIs21Mc8iVO22wLFDeHD10Sv5MOHcSTCj4kzjyo9S_UoHJjjnR3VChg_DrewI5bxuANhpEhjmVv_ShhvVtQF9BjbVkAIqU3IB-cgXGtcFfH81edBtA7OEDdA8NNERgaw9WxM6J5dK9KBYVxBkOuxGMg1kqxWZyDVeX_KA-B14LgdyBAK__lPeuPE8fPwbE1cbir_C2_2cPJtA1YdhKDG688Yk3ggJV00hp6eMlmE0BdlZSkl7hzJKtkvoNIndhvRvTegBUP-kOpI_Y9J7pBu9y-fBwllz6pmWKuou4UTgpsJzDRCRJ_4ccDQBrXt3BRvYb19uq_J2dZ_RZgqb48xCzfbYtaoqpdz7BMb9JLa0Kq-BXMXV2K9j2ocIZHtpmpV0o3h2bEbg3x35E0WkaRaZfv_QI2hajBFlsoWZJJVX9wBkJq8Ejpf6bkPPB_6EY_BbrICrOKMgg21pwbTJVhB4LAOFkQzyChCyR2hbPCV93OyBiwFJaWa6P1vaoGl1KyKxDN6Y6bIq8bgLuZEICV-aXOlfQB9puAoyFxvuU0M-v41XW-MkQ2ehyW9fLzP0J5wL4p_wiO5wN9cHguN5aEuHWGttugRJ7jjUozpc9qX06W2hmA_aWNWZk2ix7BkAZhyOBNQUpfLFYuoLo4aPMwbLQuUpSyKzz7Grlqykz9-IneHlTR2PuAmNo2JlyMI6v1RN4Z5l5aJjyoV15P9oUGpZvYbu3jkweP4wfiOZ6twk-CzZ5otiACi27uwsqdxVvOwQues3iBo1T3fmzg8qxRG_784muIB4-7m0bjhtJr72UenAt7nbZHAztxAFFTdaTLz0O4-prqwuE4T1qEY5OXqxQdOd3v4I_MsPtcqBVpXHXMg-AooPRf3ZB-eRsV_o=
Brindisi,32312,0,Italy,2026-11-10,Tuesday,18:10:00,este,2026-11-11,Wednesday,21:30:00,este,1,1,BDS,https://www.kiwi.com/deep?affilid=mihalymisroriflights&currency=HUF&flightsId=0b7707f0511f00003815f0f5_0%7C07f0137b512000004bc01088_0%7C137b07f051200000074eeec4_0%7C07f00b77512100003c8f3f0d_0&from=BUD&lang=en&passengers=1&to=BDS&booking_token=HEz8BiS-VY8Zb5_PMMgVi12m69cy6AV4SSre9lMKLeXsFEOyrkOuz0GyuNvb9z1qV3kD8Z3VcpuF9AqR4oB44yQzUcPXFxN2uwAJA3Vpzr-zu-s6rMYnNekHZ_RCBlyCdlSLm2AEbgWE3x1TzPJFAUhHh04Vguy80tCLj5-C24VI5b_6tUN400jzX7uvMlxnuAVXt4iX_k_yxt9CmwiC-cz5V1zGz2nNfsVyHrrFvVuKqLeeeFP7WYNkCAku7rSkExzAcd92h-3VGIoZahSp12PJduftyZ7f16wFWtKV88KfWdfZr7atDIP9_gsLXmJrujuV7-ISdE5oZXWJ7R6Av4c6yvI0q-s9dFtSVOcXaR3x68ei1sc_Y5-2bxd-YPUzi2PP3QyC7gye9ZHyz7hR-io68xcjY3m909ijH48GlEtXSuZ4SXI7lxISlDYDNJB-C9gNE6vPmiu1wjjRmvqnOFKMZpbgga12VoUup6RyFsStD92jhFPoaoOWrkrDDQzWd7iqBhfCbaQvfKNauZWFtbg-aT-0YbrMGb9dB2Yyfh1nNH9nzq9AfcSRr7FNkPkeB-eUDtMRjSTRQI2Voc9CPBZ0LVGICZR7G6OhpizfXGq7HP0QRQkoSqOMvGxDlZi8j3kOpB5dyyRw1A0OFStVSfN2Jg6-L-WO7LUlGnnS68AqT4Dcl2Oqz11t_S6AQPTbCLdBSFQ4qU2vtsvc3xweYxcsRshTEiDxG9kcNRFwBFl9rsB5yd2Bitx8rHD3Mao97WHyzQHYEeA3LLQluW6KrXMd-9-8unzGu8xi50VcaCwXlIgfxmjSpR2yKtdCqjBg-5bhQCFOCbuo4jJPNQsT7TJOubYlYwwsAOsor3zyZ1T55hQIMhx0kI0qLOC2MmfD-6UkESiYnDAxORIJ5foIYbXiP7ilPKPK8osjxyqW20W3L0QSBnzxxcXqvhx2uoE-3jC322pOr42MNEql3ZB4Lj2kiglk1Rty8xgYLLCEmwo-tfH5LvIajFCU7GMuxSW8QUwpf90G6o41O9f69maT8dZovpjJzUl4G5bQJexG7YbOMDPXNzDB4RCHP9_m-uwaTFJvy61oOMzHmdPkZrBUBYIeBhZBv4fGTiJqFlmb5rlBYXlukcVRUA4BgWve8pLBIcVfUVaZ774Lvpn40dZpySCO7WgvgBMq9NwkrsEWRwtj1kF22zBHLbY_KdlGSQF7ysYgCQa4TYY9GNNYM13qo-f9-Pn7AqDMjYGjJMNIA2ZWNRvBZWMiGZ5ruyVI57IuHUBS9G7p-qWC5mPb2vCQbzV7S8-gjrDFS5MVCzEIzpb1H_r2J4lbMb7acRsak93i8ioapW3wSzHmWp0L8eI3aCtzUsgCTeSt6fzMNEzd750RYBn5nUNEq-IyML4n22TZe
Lisbon,32479,2,Portugal,2026-12-05,Saturday,16:00:00,napközben,2026-12-07,Monday,19:35:00,este,0,0,LIS,https://www.kiwi.com/deep?affilid=mihalymisroriflights&currency=HUF&flightsId=0b7703585138000042e8d9a1_0%7C03580b77513a0000bd7ea296_0&from=BUD&lang=en&passengers=1&to=LIS&booking_token=HGqSySLHQegZLePDE183XOpE_wwwdW-OWUpQMfzp_fj_Ku_s2NzHa_MyUGJXnN0DyoajvjWLrdz78cQlimstkst5M7ya46MriFVCZVh7-i6YBdQxyAN4e3IWp-JRZWaYLbgbyRzfxUzq0_Ci3W8pxkV9Qz5xUFEYIIjpLvrsOMMqrDPqZmDCvjQh3T6dYFfVnSE4iReTHVQOGxcpnmXRgBriXCsSGwEws4wobPb8rmp9qz0IY2cXWeO1AWPxJoM8gbI3ivn2K-1ST4XWESj0bQzQ_eKhIDiFZAFexOmePvKFT6L80qkECXyb0bS0qTlJYc22X6hICzlbtnhu6nAY_ObpNNnF6alIURotsQ-TLZbIT0Y0Xsp0xaq19uNWAZAqNncuFrBKNA6OeIwZjp9ACid2LuZQhKiAD0JDyHXqPOorpXTanAOsKjaL7SuOfGuhSNXOwf6hfN82vG95_kVtIeqc0X7N4mQ-eFnei8NCnlkTEqqH9JwdZ19g0tJz5hgmt4Iypa5prV8JjZt53xL7cHJDrdnEeRYpkfNNQ2Oqu_ClePIr2n0xkxoZccjgb_suUwpw0YLfcCzEwM0k58yhSXin1ATqJBVy0bFjSpZigg07wW1HiHnPYDhha6W8_ijsFjjl8oRJJc53rBcaKJQWpLuGrqbwlhow0tN0DXuxbyHwq1H4yCV4XzPl3x_48ke6xl_Od_OTPVJpicfeSVTMwnfx5Jjjusqs8EPHeCXyIQZDKMf7fUsdhg7loLxbWmTTiLaxP0WCunkTp9lNdxfv7zlDTWFhQ6HWCW7YN8ggs38noGGEFgevE4R_Avh3MG-FO11F_SM3zcB0glhCSga6OvGbuoyUzXdnAoJIapN2v_XVBLnDZaHoqMkGclfVq5wB5m7z07VkbhnLPw3bkUMM_oy1zrBAU4x3imaqoswnxYKTFyQOKA2Q19MDLJRmxowTcYBhWyj-jj5Ad0OGs0D7lQCzT9OGbjxNkm5_2PBx1pU6b13t2f3VJqvrBgN-BsHRnfe3C5fDKEx6JlLM4YpEsuVxgsW_T3gBC9Qn-BdRicTkD2DVG-jIRGfT4a6g2qD2_Fdnf6bepc7fTdLNXCC1yDdomNe9gwejV4jJN0BdpgeG-SmaS6HkDMljSwv4bWYb6KStUhLpDFS-Zh5BZKGakyE-xcYcFEMDQPiBzRrqRE2QK_GyYVLpKhw0m2kuSjt3E
Geneva,32527,3,Switzerland,2026-11-13,Friday,20:00:00,este,2026-11-16,Monday,17:30:00,este,0,0,GVA,https://www.kiwi.com/deep?affilid=mihalymisroriflights&currency=HUF&flightsId=0b7723fa51220000fd04cff4_0%7C23fa0b77512500003bd72e0a_0&from=BUD&lang=en&passengers=1&to=GVA&booking_token=H_Uf6id7p3GCSW_I9OD-2lEFYTWhvVwFySf5kifW0Jcp7FcOuNQckGDDjYrTFE3CGPYhdqo8pJzmuem-v-OQtZXZvuMbvpOZ7ll-pscTo8_Oc6moekiAzbLXI-uPtLgdONt02aY2xehiVolAMZEQQKldM3xHveKl55ASFI1T-GOMxoT5dVHAGI66TLFQOl5Y0ac-Jjka5z9FYroL42buhq5m1OMGR_OxG1DmtdG4_Kqg4emHwtgjn_DMYfxq8jx9z5d4afv6gFiuAc3X3HmGprlwdPYhQvZf9KlfCNtf2Cl2zexyMIgRizm0Otbm9G3RMx6EnJbFNdEdTBR62T2No09j1c7OXjQBXhRxOuJmzvMW58BkevUlo3Q_e5BFMo5NeIkLDksXDGxFm-UMqFHnoPNSgp6T0WCyg7SMl2XZRGfg-wq4xtRqrTlw_j4A6BNAEZlto2DtdDI03akJM5iZ6bpsXuVphjFaFv67ZeT5OJdkGxTtUtVI_KM5MAnfkafdbaL7iKYJWxt4SocIXhELGzq1cYNgmucN9oP5Q2pJYTM6Jyl9d_-xqBJ54WNI5j_Sip_njBAKd_T8RPLkt94K9_i5ZcqRDBnljISNKyGxxX6DvuwK9o3Kf3OPBCy_sZHS4bUF8lbFaO_e2H-E5UoDlEHc5g8hNaJURY76HckENuly6IkZwls3rVJoC9TxHMDMKTg6eF22QIj57SnXm1jJxnkc4dPRMdmzqZ2Iycm_UGXv71xEetu09LJKih2Fg3RZm4lFE7rJAfn2uMv0--T1K13oZI3lb3myPNB28rw3AZEwExzJBFFMcQnR0QJ0xyLrN_Spj8-RPAportHqo4UQJROZB1tmsxvWfQzdPIHY7TA3weYHFmcwONJGffkutTHhDDXtXQUjynobvbaTk3ODmTRoawFkTljmO4J07xI8bo2syv1DpE2WkFylk4BDJtES-vqjKZGBQCZS4m1cY2fQXDcXI5oqS2ENJTMQbsUZ_mpQOiDxh2KwiEnmUwOUxoo1a84rXQ5MW-58VZKzt3xphS_CB-EMzlchdcpQqi_ZIN7V5gx57hsfQzRZ0UFRTjwldOvJyB2R5Bfi_zsYSx_GwoXs57qe-xuaj5mdmecwwOHcQGT4aCEPPCIvWG4mgfFqW
Cluj-Napoca,32582,7,Romania,2027-01-14,Thursday,21:55:00,este,2027-01-22,Friday,06:10:00,reggel,1,1,CLJ,https://www.kiwi.com/deep?affilid=mihalymisroriflights&currency=HUF&flightsId=0b7707f051600000bce86a38_0%7C07f0204e51610000f8dfaa17_0%7C204e091e5168000095f53026_0%7C091e0b77516800002884569d_0&from=BUD&lang=en&passengers=1&to=CLJ&booking_token=H3DIvtjCVgjgPeFV_ph_dmr6w9Qx5taGSvOY6KVIj2DJwIZojvpQt6lDHRKwrOxwxoQGjz_Ra_ufy9WRTC2_fi3E2k27uMiGL1KXzP_AOPVcMqjqX2Nn2N6Ioip_FxDUxqVF8iXjBTZ3ch6L_9Ec0Zcq1MmOBSXNn8IM6qTdIKgUpv5lSTkNZ7atKf39g8Mfno6JURfdGAKNoLCk3fW7sDySfgvYcI1dPcKiP4Hjyd6fdM7bW-vyxOOhVzIiPzC3AKq5NEShYn3-ZX4xWiatpGm_K-ZuVN66s4B2vnp2zqgfrGJfhsuNOgICXfBVlp25foxXkPbt_jbwb-lJYu7eEg6BsRZ0d_Fk24uJUri9womcb-E9Ww1YmCyrYO39on_ujBS1hs7cZ7l8GO8UHBnk6HYsU6e71FbTEZiKEmTGznN_mPiu_iXPGxeYfy7RCsw6U5I5qD2YiMW89gUUekymgIUk5LVugPHCP9cKyR6tZo2e73s3CL3n38Tt_JaVuhzTNOxKgdg_UT2oEGmhPPvAZMzi_TbgcPIsKqGjhn2AKi7NnNzx5Q_07w17fnTBiEClI1-dJrhRhTERCiMuEPHYkfhb4fXHlK4j0pXQLorBbMsS2ZpFQoDi-bJsLaJQVo_l2pMufw7mqevE8U8idStwPBZ4Kl1qdYagVmMRGngZ2fbRoMpcUpq7O3ZmDOUKVDwDoYUK5OEDNilQsA0QLCv-TkIB42RUmSJ8oKXVba-MzxQIU-tapHICDx_fK4MPSyWOlD5OobvNtWb2nsudUK-66ACJ0icAUqbyrAmOcuFsUWnxs7XWa7DNH6dbwgYCDGJEcZMFsgbohm-J_ci709NTdBl9ex1pyvdtm4TQXrP7jAz7JyTm3roFQ32lpTRWz_7TGu_XZr6Jig1Q3t7RUHAyfIJtof11W4e1RmCucx7hslNNDrLeqbavTPc9JHv9QFLVkZtPyNo0bloxnyNKyM1Gm1ZApoP4fVOg5n5DQwP3zFHH4PaRXw2Fa9RfE0DZ5rc7VsWDg-qNo8bLB7LmMHhOJWEHLYnrSxa6VqxiEveqaDL1EDsDUu3toXnx5ClyBaMFLRi98BPM7jo1si_O72KFfK3C2G_A96LaS_k1hQ-yFCcB4Cam2X9PCSG38jNYdhGEXfMbh-BRiHMs7dP2CUwB1QYJ5pLw-JBBrTVPlZmSMUUG4LmnTuEzXUpeQ-3JYP4f7pu1qIBn34O6Fj1Y4oDLtQ-4wcmBjnnZd2yvL0qDZ83b05othV3PYBYsb93GBSBlQkfqm2MXP4FvzTZgH17gwlHBs2TES44A93MqUVmHwnAVv_hgVGDKQKqxwxsiLRYg9e1Nx88SyqIcc17MwdtZm6wLwbmCX2uiN4-7xtbCV7sA=
Lisbon,32623,3,Portugal,2026-12-05,Saturday,16:00:00,napközben,2026-12-08,Tuesday,19:35:00,este,0,0,LIS,https://www.kiwi.com/deep?affilid=mihalymisroriflights&currency=HUF&flightsId=0b7703585138000042e8d9a1_0%7C03580b77513b0000c4655dbe_0&from=BUD&lang=en&passengers=1&to=LIS&booking_token=HRjb_gGZqQ9UB0_HytRfU1EJ1JBjLDkBejAb3K5X9Sd8fXG5ats4E9DhyxG3-8ANC9ATi-XI3gRQ1Gt5eQ6jTAN2MGo61-6yZPGyKyKdioHs9vHZL2w0-HZQnWGMeAOU9E0acDHE9BMWWqnkC1cx9Oyc28gpAzCtitNjd8n7MiQs4q4gWSKtykKAtFEEGqUnQeJqGCVJWbtS5WPP96cG68252G794_akUYhedJbi-oxIjqbv8mJvq13v9vDHmSFl5dJ7mYkDiFA6tM1ySem_Xq-4st8sT6g1O8W-j-sGCbN4HgFEKAK1083XHGCwnEanMv81l_k-e_Yi3qw9G3SxMxewHhgZ6Qup2OzU-Q4JrJ0k3LNnYiyA8yT-6yoNyTEAFpV39U1t7H2OFJNb0KJb3GnZ873OFX2Q99lLDCz5sX8M2U5aI3mIkvyExc0N3MkW8LqRkjWNi7ohBun_fNE9HdXMnrI4uAvFDmfEQvvIvKLjMOYpabrLdMdzZYBVTIi1rPQW17NrPLGI0ypB4ccitc3RCu6VeJUOWqey9oFhnP2MuXuZMtArhkES_m2F86lrsDMNnYARRREPuw966qLUXBZwUu8Dzm7xAVk4dStDY-ys7Am87rDdmJctZ7kO5RaQdHHjVZxbFAippoctVHp0pQO1WvKFCzkhSnWKLOZtfsECXyb6egLj9gfTtWztNWq_lffOHJRNSc16rr38SAO1JWjH21Tep6wEruILhpY9xVPCGOmXsIKBVC3i96_XR36Zoxu8t_MSePh7Nz11UmRv3KZcK5Tga3tqbeWCKnkkDIo7fUnN7lh0z7V3zP_IVKBtGxCSckpNoy52C_Pm-7iJfhsrnbCLQTJsmoAXfA44N2tz1hbbHpHXMdO9GJvNl28wNJP7DtZseask_DZ9rgcqy70jzs9cETZviqlnABx7qJG5L6dnXjcONVxsJQPrCtXuOXVH_jQxvQwoNCTfw3OQPyEOSwf3Ppfm2jVAMaLJ5Jn7FbKQQ7tbL52PLh1wdLbjKEomSa0mMzYQNuzLul8yLFY2GqQVHJPA18duZnRT-J7HzDg198Pm-1jizO6__lN6yy3rsWlBJef74U5S6jQMlowAWmoHFa2aP10WRNoJOnfoP_z2OuFANz1DQS7AIeNmesXdb9koiMph1N6Guo4qlssoFxdTr2KoD0jZ7CiEaYok=
"Palma, Majorca",32782,4,Spain,2026-10-16,Friday,19:40:00,este,2026-10-20,Tuesday,13:30:00,napközben,0,1,PMI,https://www.kiwi.com/deep?affilid=mihalymisroriflights&currency=HUF&flightsId=0b7713a251060000918a4568_0%7C13a207f0510a0000145fe9f6_0%7C07f00b77510a0000daccd2cd_0&from=BUD&lang=en&passengers=1&to=PMI&booking_token=HkR4WWokUlpaOrCq1kvSveWoqdxnGkWBMo3zUNxUA05Ok7VSUCO01gjTPW5XZsmVksTWyOSPJ1tCP_E_Cv1kadiZF0AxZjBVR6JJs2lAkTwRC8TMWlDBR8BVyWbt9BHkesI6OvxUbD6YUReHJa5nZlBJRNeJNxtgrot1yV1G-scPzlHKAnVi338MONE0MemQGAtlrN6VT2DRzkP2ttCXLsPICQ2LLigkmewJY7LEY6cHjcKUnG0A6poPSmv35uWSJnhAjxkWJMOt1js_rLXuidRkaYLiAc85uzPRyVPONtpeH3azVGfdzLlLoAkrOVFMCDk1zfc7h9r1FTZS7l5RwnCd1AhnrGxJibTFbU8cZyIrV0LkfsdC2sBBtkzpQJvpN6_PI9-BB_U_5jo8oIXHk0_z17Vej9twFiMNvsRkBB9MSBW4jKssqdkwgFzdqYBhtdyba03EsnyMpLr9kZSvEQKwlqJ2RHE_lkCwA4cCGcoK_w7orHHR_rhnrz_0sV5SHMvN7MuebNgz8nTZIGKc-RPw809QRQsm350ma15L4s3Ni1sU1hcvirFNa4ZKDau9g0asdh0JoAOP7VWbiVRmBNlrR7Gdx9jIzsjkhw_mMzcd6-WEA3P8rFYK1ul1ERGaot9kTZ9bzkt8rC6Ph0pvLvRorA1-nKWYrPCf6ygteXvHPxi-0TRkHmrntmcORj56azOvo0ZtiTuLCbMH3hsSpVBoR2iHvB_Lcd9FhEjOZruLAKk2kRMme7WpT7TQyL9k2zjR1Vkt7_I5HXAf4OdBEHO0w0sYE2i2-KetLkOOESwUIaZdAPyY4Y8-AhputMu4qVcDBPIxX3U0LimN3NAxerouogmmZOq07acoJQQ7rz-zozG-02KACVYn7TdMp006kALI_D90SvBFtdUFM_28nufSJ_vVkjzttsQKTfKnr5b1TVLUtpDRrty3rVfFsEUKt0UoSfD-mhFwztVth2KrufVzrJXAz5SR-w8Fkmbkaqi8fdKuoyi02SXhN4vFYiDUXJNJkLO52mATJpdcv4inDh6GKjuGOt2f5b9cu4ngBw9549VV7wS3GuGGzPlXnF7EGqTLoI5sA6grNK-HSq75U1ESf5yS4ostrHBrswXi24wtET6rTOfPp5nbEDovE61eZ-5OAj6a17hXGg17qXFMdb72py9Y83Z8pLyD6d6K5lgXd65IHNDq-yxnilND-axSP1JBraG4eMxwFHKsK5pQtdXPZeJYdqn5VpAU61yG0E1nh5DM2lETEhrAJGQ_OjPSgIwrF23jEMkMFynWrF-8liQ==
Brindisi,32802,5,Italy,2026-11-10,Tuesday,18:10:00,este,2026-11-16,Monday,21:35:00,este,1,1,BDS,https://www.kiwi.com/deep?affilid=mihalymisroriflights&currency=HUF&flightsId=0b7707f0511f00003815f0f5_0%7C07f0137b512000004bc01088_0%7C137b07f0512500006c9f3e70_0%7C07f00b7751260000f3543e4f_0&from=BUD&lang=en&passengers=1&to=BDS&booking_token=HGE8IFMawxHEBoJEP3FqLYdYAD0jU4wUgzlWcsOn08wGbEoNcbPesqJuFMdcJiBVYhLU6qPlgVtF1Vg73uDfG093s6j-LnqB7YAa7zGnvNmB7F1iXTHzlfHx_NgBo6rF1Ut6omgBUV9GyMX3W9b5_kozSIsmaD3NVEvn5_CWnQ4FXuI4IZ0cg_MpUs120Yskg4sLskRyQv208f19wTqRGuDBnm8DqY_psar381BV3mAwt63QkbD8R0WRxoGEkeVKR9su1QKCROWFJfyV3UJ4v4O8VXjq_X_PjthF_UGZv_pqMXvXJTVknKyvFMUNNebm_8kIjXNVgY4iyKEfYaS4tvt2Wolcltu41nGmp9YoP5wqS_Zcc-1eNVesGSqfoMKWufk4bcKnxeXvzjWF4DHQN-eubCxzqOGQz0-t-G18lgQ8ZzhLs0WSepYIEitvP8kQNR9iRkyt2_5No-Vuvv3eMGICjxuB_iZG_HQCBO_BE0nyOG7cRthZ_PxndR-znNcBr5pCkMD8jDMLvhDG5m1RBn5Q6PV9tXq5KwWHrpB2cpZCy8wVFfbIKslr0mF10p6Xe9sI2qI1EFb4ErFNdUydGjb9fMk3eAxmTdqzXITk82fRK9AAfo3sgERux-PwjlxOt9tsMfDjHKdhKiJWAG30y4A1wjfL6nmBBPHUyUjJv1VuWBaX0Mltu_LXhpUaBPrGO3wC6RpuNCz2kxWF7jb0NNxZryf3qPLrz5JAF6pLXPKAGZK2AmE6S_WeROaYOcHuiGSzEmB8pZsj_sHwX6LbaK4hHZV27bhP58VLIY7-Fot5YlspDob59IL2eQN2bTEcdznJFfrbLnPxq7AvCFP3DfTp2QuKeMYZXzT8QgeJSc6X2orUDPygwRG8bqD04h42AFWVDlniLU-8peKNuKJ6BpJrwuxMfY40MJvZgkdFyRd0CFBnNdax8lIvJkyAahOSjpszctBebN2iY0PsUPyPHqtguLdHrJQa1MMNLOsJjutEpFaBeRaT-weG8CvrSKnVHWumDP-vPh-jr_KcB2DfUWl3PBkdM0_9kPss7auzZ15xqR6cErGvMNKn6o38LH1LVZxGJrJY8wkMWu6IU6EdBIjYwfZQ_VYm3pdpAY68AmvoPXP8gmmUuDjO9aul9howLAtft_JPTcvQC6yMP-3-yYHAtc0k37EtiAySFTJMg028UH1JP15WuhJNUEyuMh4zK8wgUUC_1jNV0X-0vsUn_EIuIJhJkhibqd4oSAipfv0K-trpt14IIDtQJIa6xbYIvXjAxhx4XaNJ5h0PlHQuEGoNizdFU8aETt8coh9M3q6XANyNdkEjPGv6F1qiowxxAVtljcIbvJoTPYtQuNEhI1DYN93PiPCQVGZ485gAcEq0=
Brindisi,32802,4,Italy,2026-11-11,Wednesday,18:10:00,este,2026-11-16,Monday,21:35:00,este,1,1,BDS,https://www.kiwi.com/deep?affilid=mihalymisroriflights&currency=HUF&flightsId=0b7707f05120000072236fa9_0%7C07f0137b512100005d297de8_0%7C137b07f0512500006c9f3e70_0%7C07f00b7751260000f3543e4f_0&from=BUD&lang=en&passengers=1&to=BDS&booking_token=Hqa_nhxHj0EsJ5fsIIgQJXBjAgS8bB834RGOqLriJzazX-o13YmCrfjVcjTMohdcxsp0uXapjEpANzLBL-UcOkm00HKDNd0xeg2miH5r3WxNQPNvqxgxZHsCLUSRf8idHvL1zT11i-Xu2xGoTsVcAgZq7ep35MwjA8qM4NIwrQnZaWjVxOno8nQCrs9QNSlbTihINRaMgvKAPwKmYS3aHdNKNDvhvp0GrzvUVhgqibmNsxq-bMVEqsEyfcvKuePGX8_GsPqOUdbNnaiSfRFgn6PFqIUabZyahfp7pmQFxL4KcDVDP8G_PoCmiT8HWZ21hvKqzutTt1NJpVSXkxGSEtMFdEQVdX4cjwmgUg8AJPmMUUhiALI2Rq-crLHSf8MP9a_A0f16DhYq3bXhwkEVIfWmYyRhi1cmEC2Imici27RI1zognlkXRcN6ShIC6CdZmE8hkxUa3Up5sDpyC3Y-OrbTuH8YQG-O_aQsW5glcSlKKAo5G00V6HyHZckB56b3hVOFijatzCX4JEkgyXV_fyDt8BTQk6879dg3JImcweW8Iut1-UMfR_KThsnJTno--JmhJviKbHGRP-cyAYpaC4fJcR77K9fE7TijkLWPkMPm4Cxj704Wk0ugP0Ucy6EsX6fKA680GKEdiK-aXIo0AnLt--8aeqJb20Wn5JXP81K8ZvPz05H_CZJOd1aUXWXTT_8PdCg9pD6zPnLOGoaLRxkWwV_KjFVowZbfFGrHYRdvjlD806siT1CAmSQ2PCzFjwMRq63om4R9DxUBzZvCMo93Di2No0KK7u03VoGLu3c_7zC2pv8zEiuY3ZNLIR9kt4-icmcBrFHDKgNkPIluRk7oUZ1E3oMYrJHC0gRg286o58ce-lNQLzdnZVHnuQDv3x61udEht27yNJRyTzrFFFKSgRzelCFFPCPIYKxgFTWizi97AxX0w0N8NzXZr6SvRYOw_XbCfZdiCWXRpdRmbdRN-_4wIJJlL9tTiDq5WP7HjKUavhfQAb_clva7O5RG4Eg1SiVT_MTvidZbqC-vbdYTuP_T6V0YQe-vXWySkVEFhnse5CgflsjJ1Pcx_Bm19eMc18Wyb1GMBQjPMutfp5XPvZYNb_4ful9Q9UGkJTbCSuktnP4uSJ9maAd8D74yZFouE5n56KhuHdN4wVoSdluhkFmM3_zpSbiXGKCN9m2BzIgWzlF-rq8O-T9WObikQ_W9N-ud01SQzeVlCIKj9jaiOtS03PDs3I1CMmxcnQnbEmOCV8qo_gBRyqFo64eNDsXcikU0uMef9usUYGANzxRbYXpvYIvX60EYYrgruq1mBSQC4njfAlqsHDlbUlbP4f0LpKNurTHwlTBTz8vZ9zA==
"Palma, Majorca",32819,1,Spain,2026-10-19,Monday,19:40:00,este,2026-10-20,Tuesday,13:30:00,napközben,0,1,PMI,https://www.kiwi.com/deep?affilid=mihalymisroriflights&currency=HUF&flightsId=0b7713a251090000171d975b_0%7C13a207f0510a0000145fe9f6_0%7C07f00b77510a0000daccd2cd_0&from=BUD&lang=en&passengers=1&to=PMI&booking_token=HdInoqrHBGgFnVBl_B81llOBbFmZc3LJ_prhCyPphmFUuzLSn7mOYjzp87f4GdmqlxTB1hRzBM_5xZXo7MInmER2Tuf8hm1ltyRM3CEyXel8qCOKwpHgsli9LQEGHAW08hUpht2xB0gcq1a5ZLW4f2h8ScQjflp_Sp-SV9tNYscLibmTP8zmNfrGfFfw3sMGg5bT_9vxIE-TGS5JL-OHiN0u2Cq_TVIp6ifuR7YfiYCpE0Iv8FQf5Bk-G6BggO04SenM_Lz61zcQBOvkEZOWjolRZrD9dya9-UbcxtJkprES5n5ZzKobw7BAaL_bN7m4ILlefLf7QOswRhLDmb6BIUngADsxgw2qilpzzngYuQtcfc_hkEnEw0967ZiQLEIQz-W-_1DQ5HCdYvVN0-sIXpd1KaMchNfsgr0A4D0ms1L5CyVNWLx4t5PqA0t8cwZLXDFl44XNEEikLvC4pErvno72bMq9qs6yyry6pGLoulcjkXv87NvW5Kmk3sw1kU1wFGKpE2md75F_7AzlN9zxFJWM1ramHNAs73mUs7Ug06TK2xKpuYrmb-tnrvcyB11Xwx90T1rCXwsn4Ef33tqAjHYAiN-11caW7JLQc5W6ezhJ4p1BT3oHikcDu95OKqOM3koCLP29zCwlU72RXImt_90XwsPky5nbublzWPWCSQpztElvuyfjGyAMaw0H5CFVkUpeBUZC5J5HChY19U8JNIZniIF2KGNnWlxVYEboHnvi1EMNjFH45iZ3pn107v6L_tHeyFHPhnumQO1A5UTZgW7LBKehoRTpW-qdBdXSUlQR90kipo5AnQJLaFdCv5ImhoPZvs1tyqlFWuxLXXSfHiBH92PHlQPIsKPD5yp0eX_QmT2AOI9KVeTiVvxOrGkeBUOeB_7Z6i_u7gNdIZM4T-ZglmhB_TfEWES-A1rRNH_VVHtRydu_VEpQBUftcgIUIMdNJaw0oM94q79h-3uWHixurAEym4-hgCEAx0ZPB_MgPCNsemQv47Kl5ZqghTxAQwn8iCXPlxSwrgvO7yniiDnyJ_Yo3KZc92ojK0NSZ8YDF9p16XBnUDuFzhknVSmU-U5m21P6B-sRn4a128t9hvG6b1J9gOunA0slO9WmtllxgZhHP5xXpHFBM3-Uab3glan2XQZ1-l8N_9r-557akY3ab_RgCQyEnPNUH-kvCq6OZ2WZ88W33CkxbIxo0YTk3k4_XO3FaF4F9D2WEH3d9Pa7vHkSEGCJU2JKWXFnOuz7AQJP6BSDx4Gzx31a9rMC9YNbxjeXb5K89buYeB4OMiQ==
Lyon,32880,4,France,2026-12-09,Wednesday,15:55:00,napközben,2026-12-13,Sunday,16:00:00,napközben,0,1,LYS,https://www.kiwi.com/deep?affilid=mihalymisroriflights&currency=HUF&flightsId=0b770e35513c00007741c604_0%7C0e351fb05140000072998be9_0%7C1fb00b7751410000e58241f0_0&from=BUD&lang=en&passengers=1&to=LYS&booking_token=Hwz27AHeIZG20eyCCeAMpoc9A1LJ6tHlhoa7ZN8iFA_9MRZ_rYPQJQHUvO7m5M6u7iPD-pFXMbh7e-nnqEG2XWerwvwr94e089N2iNdouNKBemEfT-O_VYNoQ1_HWbDesQZ9bZ3vjt2bYTZqvWmfxzmyNP9xxksfdFTWbG7oMSFd8BoksV2UljlrMC7wCmuI553pezACXQIwl-EwBc6exx6BBdFCDHbpH-yBLLzeBXewoDR4jbxTph8_H_imWznSJr4ASsRwjRx1S86mvPyJ0c_BU_A0iBFcZWJHiwFo6N9RTsA89DEJyjBvVpGAOdCM7Mn_2dGROTGoVLIbkj3V6-BMa9p7jsJPB9SnLPkGQv711EA2drkWLWL1z3QCFsx2X5o3XCt87j8Io7b5sFG57uv9wyHxc_fY-udkAiu-uhnroVC_zzYmjuKH_HRQMOi6v7txXOMiq_3Li_M2BMHAXaH32EFjxgQTM9MldvlX9L0pSvmyD4FCJkCrX7PGACgoLkLYKV2okSwysO9tNo0NTlzDNi3PayXnu8eD7k4r4qnQu5ztIHXf50kJeVsU9QAn9h2j4MPAs2aIJfXXyVITeJedPeYopzzukiOTl-syBe3mFJ1vwLcQlNO3dljOQl-SwYnQifkgpb6g_7VgJRrf7qIRKS3cXHCB4NdBMyXRkA2y-xufDCRktc2iRSBYPFW73ldPMA_lk1ghgDtpEonhx87UbyDZQiGhTQGTf5CtoAa9kSwjDKRKgBb43Tcu6z5Z4s0ryqa40lzkP_de2H6_U0XqjgpxHFn6FnMRuVcgbv61STaZKUk2gMH6BJo-9dWQtlL9-Pl0fXkLUQe0KQC19-Dy3YVjTwMQZTbdRTOFcFppnUzNDomw0CxaHr0P_7bAue7zS_OiufRVmCa6U82EbUr2gp85_GLm9IAXkgNB4WpsjS-Y2Z1N7J_HtE_DEH2XunCa0ZVikcav5Y_Ae_w4SaP2FNlBd7BEqUHUwLxS35AMickRM7J5gMC-9SZCoPyh-bQZi9trdkLb_6nlYp0PP1gFUS4B8R0P9O117dY3Jdy1FkigCQezuqi0wHhmAYILJKvbD9I5IBGzbcYFz1fKd-1Lkuoh81_PjszEDCCBOYxcg1CYpL_NfKa4upq-4NSEeWjIQw32zE1b0VVocGvgo6vbsDmSxyMedAJA0bFgMIPmhKF5CjumfIfQKyWr_oIKH4BovaJgAN0XqLhIJ2bxpEo6KWBN_x6bUJFGC1vNmwkfQCtK4LWYU6oi_phMjykj6G_gJawfRmmHuJOsccWsz48JRUmMt6n0KJhUTKCFT7gEvMuSjsg_7DxKiGyjoU4zYtyBIR3ml8yXkeNZZPW5ARWaL5Ai4yvoFU360wJTk9knGiYPr5ArPZ7gKd0kMZtdtHYzJKxEsj0T0gQpA3Q67PdlkR1RqEJLt4gsjEDoH7fc=
Turku,32889,7,Finland,2026-12-30,Wednesday,17:20:00,este,2027-01-07,Thursday,08:40:00,reggel,1,1,TKU,https://www.kiwi.com/deep?affilid=mihalymisroriflights&currency=HUF&flightsId=0b77078a51510000f9116e99_0%7C078a1f0851520000bd2f7f8e_0%7C1f08078a515900001ae1288e_0%7C078a0b775159000042f233cd_0&from=BUD&lang=en&passengers=1&to=TKU&booking_token=HoHWe5f30Vw1VHO7P5Rf2iknjyC24V45nHoksPSY1F0k4oL39mze-RBH19V9sBeTXlPcwyWNdSW4_U-qXjvzNWDGrmWQyP9Lfj7nFPU-0eT7jmAEodLUbRnpQA9v2tVLdzk_hjsiAKMbYfmPJfO-HBQ3UuJs7wnbuypT0GgTA9YJw2UjI26p6A7dz1ejSQ6LIAS0xs-_lTVesg3dxKGCaUyqIzqyo8mkheSQz5TfgufWx-1ZEVNwszHhUdmeFTuAbfJxeWNTvqFrSfVzF2g0lO0vjxBJ8R4mu_Obcxv8DmN_w1PLxJRmek29uSDT42tvnW1lANz3W-bPaUKGp1aDMvZ1Mxp97x8cHc9SvN2Cxz9kS7KX9uQ1oa2vDCSCqQ4uLswSOZw0MDbVvoH-gmlMtNSZqVmfXjBC6g5csXwd5VXEUQlZ6Urue7954854gbC1aooRzKmnrHH3IBBJM38o7Js1nLlytiwc17lMYpFVjMjXzdT9GjHt-6tqdsuJNZGU87BJLcaR8U9pprG-GDn2Czaz7BF5StkV8lQX86ZkODOBUVqfoqwftNWYic6eW50OLw7oyh1_93SQuh9wR2C_kpAC2JQSr52P2f4X3HJXIz_kqgRvA4UQ9ze-ep41CWLYmer8ltQMX7_lPKoD0slCJ31U_hzaoDZnk-D4tb_Ar0Au5i6R2NhlOlHCJX-cIRlUTn4DvKd6q_PtEuX3y85eJzZwyEh0pJMHRly7GnjdArGn9x-USOQ59AqwfF6DZE8eyury6NX3Fe6Kcy0ys0qw-nWSpkcXBzWonFThuHTz051wulmvXF7-JzFx4SWbs_mOM5HOE_9P2T5maXyW3-wJlHB4Jccofipff7ntbqj9vwxzolQ8dyqbcshLrpQIz09QatUI8bb4xHH6Pv4B9_q-TaEk1-V1c6UZS2qQHcdpHlDVD--yEp_hzRpc2ArZiHiJ96IT2lNKmgEDtwvTxMBamRTusYFL-QLwN2GhJdi9tIRJgYT8sfk--iKlKVmTLvaJeDgRqS8SSPOs4uJq5AFSiPzV7ael3WaZaR1rNhGaT7QMbWgveUE6yPLN-FdUs0n_bDzlJqdMFOR001Sh6wBofAGKWMNdcgobkdnxy40ftlnmiXJ_FeLjR-S48-MF3EbFLFyXtRm0avXMmFZRWeZJBK9iwy4yRRrDWR4ENGxT9PLztWPBI4hKHEL4BBAOQe5S61dB3c8moqqHhtICgMnrQolmE79SG0bKvnEpKW8wVHHI9ryNppBHKPQ4KnWNulYU_BTuWfroEaseM1oDlT7jyCM9w5nHoebsDGcPnen39oZ6bUh0ByknmzDODsDWL7yGc
Poprad,32926,5,Slovakia,2027-01-15,Friday,17:20:00,este,2027-01-21,Thursday,14:10:00,napközben,1,1,TAT,https://www.kiwi.com/deep?affilid=mihalymisroriflights&currency=HUF&flightsId=0b77078a51610000a4c6412f_0%7C078a188551620000be2e949e_0%7C1885078a5167000037907905_0%7C078a0b7751680000a57080c6_0&from=BUD&lang=en&passengers=1&to=TAT&booking_token=H0dTJUCgNdN9PRdYrylBSMIFSRcvWZLpKgz9Yi_NYv1DmX7XpMdPxG6kbgY05XIB1Kef0uMWZDY7_XuB-bCtfIJEs1SiPQjhJnsiP01_Wa86qBEtS_1tmzYCqfcw6ojjpKm4L3UEDlhVnctLVyH8ucnAuGNc-fV2loTTb6DXb3FYYxXf_0GYDpdp4_jSbEdn3s06G8p7bhcUD__mmlcgmzsILjoNNrK2YbEQAnKvRk3wUOSBnnHZhKsdEvReHGZLgzXAE-BIqjYqv0xhh2UZnyTA6rMzTmfrZnIEFngqCOmgYkAn99M7oHpQJohl_reAzqItmA2nMtAJ2V38f7AjgOPwXoxXdbPAWGv1rBlADQRtGPFwcq_KvsI4C1zRdr6M8GYYp_wQ5ZeZGRae-f3Oa-oKcozv5KhyQDLr4hMp4NltSJuhbdXBmwCTDrmxacBshrStHAQZ8A83FQZZj4Yr87BRSVQOTKRI1NEMzSyvuURvl-CfN_4dLghiVIbEAvqpwM-iRTEa8zbCIWAwq3p8QI2_KJt578mcuK_NWA6MrqTf7u-5yoxhx4hjcPmZbamelhSL1sju-8bLt7PKlTMrkMgXuZrsKq38V3lV-LLDDFqhH4IuiQos-O7yVq3rNVuaNel57ELRP3foi-JCNNBYkgh7_c7RFe-eGmnhS5MwWIDuyxcMkf5iEcuF79LtstP7na0S9GlTB8TO4Dx-AlgDJvFWjrMwrhRE9BTrwV7LOOZl042_aGGOusax7z3EFNfBhlP_euCtBIcwTEJPcUBmJXDHs5O4fRMGQ4SMmb9axL97Nmpfci9E2KLFz52MXG4VO17LK_DKYOWit6_uNeJWRnSg-v-SLKeOZvfGtNCbREhFupfrjHgteds114TPcGT4xO8IlMBVyW6L1W6SetFKcKn5F7g_BWDzDn9iw78ClQ53_x-w3_XhjyaGnHSkcYbAiOjlBdfZOXY3SS_WWaUBcAC1jK4_BvgFnhyMtAeuxb-hCMUhMQrF_MVXbJB1d6M6p79Y5tve6v6cdE_yXGSr6arGZpLi5sgCkjiAtrUbG3Inu-hEL3eBquWmDqXGa2HVFMbmjQ9wsxjhUunzoYEtGsEdQV5jCxtr5pDH6lxPdAyHmIN-MxCWo5yEDnPn8YB02S4uQ_De-APuCXDJnSMwG1CXN1VY_3oefZGrXw-UTtB7ybGYF1koX60HWa9mJgAU13pt9Q_jQ509CmIqZr0XKOAoir9rNqgKV9MMhbWpBJZaX-pn97VH4HrPT0zwsaQEDne0a-eAEhgVGJfivb10bQyEpvTo2N1TC-eMP0pG_I4Ez8mBimjS5A99wrydg0Yly
Geneva,32998,4,Switzerland,2026-11-19,Thursday,20:05:00,este,2026-11-23,Monday,17:30:00,este,0,0,GVA,https://www.kiwi.com/deep?affilid=mihalymisroriflights&currency=HUF&flightsId=0b7723fa5128000056608af6_0%7C23fa0b77512c0000f7db38eb_0&from=BUD&lang=en&passengers=1&to=GVA&booking_token=HK9wAdhNNlG0b5eFllZjd3BJ-N9vcMgopEDTXOHyQRnj0Pclll7e_1c-QpEWXe8MpsZ_rYL5DwYecRIruEtE7B1aZxUWc71xM1FdCLLinbW-driBYM0yYrbPFps9lUX0bY_J8WW9D34-wSMJWzUYWB-Gi5JNKB6Jf-s2oMYJ3TPSE8XjD4FWjz-bAm3LihTlNrM2QoB8gwp67t2rYb3MZ0BJCDE_PlxHag53dNdd7UTpNlfAt9AFir66kpmgq4wCayVrWKsweUA15bFZEgG8vOAJzdXTZ5olt60792T-1FdDdNDYFtc0nxutmflWnu2hRO2wKV87KywlDaMyurPNmE9TlAFeoKmZqJkVFeKaIlxPBsSqJBs7aM9mvA-DR3dCmghwAOl8TBDGrZbBdpM2G1jSQf_Vyh7kTuylwMeddMQ61CemZsD6HIMYCAHstzyXZ9aB3w5QSj8kKX4cM8fQd3uOw4He5RYJbUQXKdpxHxBsbPj-gogpwysHk-_tOMZKrgJSJ7mAAQA7T3Uf2iCgktACPj1wOWIWg4147gwHyZNpF4BReq94ycbIIH9S9qgCNScel_Fzayl7DKx19vp4kHxofq6ulaxtfPNz60BlGHh9B_BeKiG3JISHuadHLHBhenJjBumAvS6xxbT-wKyR8nqtqN9rH9CIdEokNRFkUUtv7Q-3c7vk5aYk1XaJe0MG4DI_xHjt_pSeq8TXbiTMzt097QQVolbR2V9ziWdnBCEwMwPZip1dvhzdiRsoMAG5Kp5iXNRaXtNfOFVAuCQm-7_NlUrEsNfNUwjvo_Jpv9MCV5fYz6UyQKe3fZt5tpCOLzvwsLi8RPAIQs8w3uaFDAgdhZGkrqDUfvA6fTdJM3AmMVZvtwH6H8-sRJb48h3Z_M5FGIcEqXJo1nR_PTPB--H3PA_paZLNLCXob1G7LYm6ZNBJenqf0_GWOfKBUnYLPgpdV-3XdUkazBKVNt07iUpTmYCnjqoOwbdCS76ov0jUG0PEEalO61MmDJyTedLTAhUrkyPkO8UGDfMpS_Z77DnHiikbjIIUw1COX9a0JiEdROUC5LMJNodtdYNlOZ_U7rmAqxvaiYXUmjwmv6VL1IxVB6IRQ0pGIw8p5gtMO84HQmuhAON6A1p1r1HTX6TGaL3EKWLP1WIqY8JJx5v2Gvg==
Lyon,33261,6,France,2026-12-25,Friday,19:50:00,este,2027-01-01,Friday,13:05:00,napközben,1,0,LYS,https://www.kiwi.com/deep?affilid=mihalymisroriflights&currency=HUF&flightsId=0b7713d4514c0000ec2d7e28_0%7C13d40e35514d0000df8a8964_0%7C0e350b77515300000c13d938_0&from=BUD&lang=en&passengers=1&to=LYS&booking_token=HTU9gzr9RDIxGAsAKMcQmscZIpghLEkhj0E49ARreTJgZr95QSOxcpLj_H3G4e2h_hAS6dadw0iVNsoXieCHn7vY2XQqlQwuT5mYGZfiq97KIvoU5mBJPe-uWM0E9CHZR_OHDXSS-BGsEvq7tBxiirVF35LP6ieMY7H--2hJcnyy7EKT8pTxMx9XaWsH4qxvjgQUedcqt1d4mcDihtctuZr4EeqcKs5JEL8vp6uKmam0q7smtC4T5UxgaHko3szVUAqWR5kiNwzt0b7h5KbVw3526rKSQb0Y1FiLpOvsZDYlyfsL6rraeyKDfSPGxywVStRG3NUaeb9rBThemuU3jZOMLgJb6JQDjZ0xzW-cwvWB82YspYOl_XGvlRaGWhBuP8lUGyStp9tBqYmlALYf8k3BMQOZWHV0UszeYX1MiaY-QzN74O37rqUS1yFvTTjwN5z8IFq9450SosOA_a4yAE2GHeZp-hGAKVjotq3_HmGK9qY8ORsJbNTUhF0fR7SjAFUANujNqmow8ByOwl7wOfPo-o7Z0mc1oMBEAp4PKviRgBBS9YuLlUlqQUH0DVNnCETaQBE3h6R74v4g0BosLFPX-w7Lq0y_cFqzVdLqUv6zEXYK8sI2T4fVUtO0FVAOWJNDxwB8Lqo9LtmtIBB74Pd-0TN3Q7GbTOEViuiBc8nQhz74J7U_MnJD2M9iP3ylgHKn37D0GVcczs4my6pNkOAbeTHLGPLp52WjdcyCEK13QEY4Vewg3R9Fq9DHpLzHufl8BvA0lxMJQssp2rIxeTEAWWopb8wRw8jnc3ZWiqb1jvX91oUb9Y8S8w9YW48sYHuDpCYTorLwYoN445MEyaaQK2PbW8wFOWrcSsxZanNEwFyfOw2coCIubXUQWnNQx5vyXZHaQHuH8JzKB9qk5CoNujgqNab2GNB51IDlyq5aQoCZN84Y72-RWKk6BvUeXSDnu3kIJtqJMOtGocDa8XUtMF_zrsz_e3Uz84zIuj9UUE_oO-jrTZAl3O6FdMvaY52N9HcBJplcq6dTbvRjpWNO_G8zRd_o51LHkrQ9uN24jQAkeVyHj2bn-B5P1TtP_zd1cDhcKPPIJH0LtcQQltTJzqpytZxTM5s1csEghvLBYH61H_d2ye5bRjIM4Yswu3_383zG24c70sMYwFkScYu_7DX7jX5sbmpFvaXMRxpYoQwni2_ZfZWrdXN-uIX5ivQqQuWve2EVjcnrmmocTinOQ4TUckqgf39nP5qXhcmlpIBLdV6h8_5sQ4Z6z8C1sZoGxBzrVUxH8H7uU7N1FGQ==
Craiova,33837,7,Romania,2027-01-30,Saturday,13:15:00,napközben,2027-02-07,Sunday,11:55:00,napközben,1,1,CRA,https://www.kiwi.com/deep?affilid=mihalymisroriflights&currency=HUF&flightsId=0b771f3451700000062e723e_0%7C1f340918517100001d2be343_0%7C09181f345178000016b87adc_0%7C1f340b7751780000ef549f85_0&from=BUD&lang=en&passengers=1&to=CRA&booking_token=HIxuYvrn_tm7SgTzkTQWN4yT0pMlyL2AvePSqflQtX8P9Y3gbr5D6RR2NiiLNz_LnVwPrvpLbeVG2ytOD-kGPAM3jP-vvGP3oZIFnAgFtudsAt5rtWrgw2PdN8IvC5_u3jQQnlPsa-SNbsAxS152ZSB7zqgMfhtQk9YH8I38vKr7tfShT8uIpVpgTzy4xhsqbfqo1KyhcQ9VJN5S_B06kUzbRZIAY8rJQj7qA-tjyJrV1K_HxED7i8NfeaeYVfNRsIZg-wmDk3mh4gwEYjL8NFuNk9OR8KMPbSrG5HCLh-8SsuiF2VVZ8o_nHgTajsGnhB4_yt5v2shIOkBXKBjPz6mZa433MlLcL7w1TPv5yOBQauWgyz47g6b46l-4_hJYAHJVzBovlAxltJhUvvUXJuhysD4eWEBwa9rmK5peXiNn31cY0R1CftTQ2-uULG5RIEVW1n08e6IBDjQRyLC_RHqBCRYLT-dMMY5qv98gzfCsffF5OAOKlOGRmYA6wtUGy7mWlURXu0yD9APNEZ0jAxCfuhtG8IJx_HL3WX-Ed8L-01RVT8LxyDLMVtBqabgvsn2zwxbz1z5fLWnUGUtmKYpjPyiZYd-jbai-Sl_HiEB4VkLo6SHrLJ94qicSU5f1bG1dp458L-oe_oSai5sdysRj1M2ddhNT8mc9yp4fxKjLG6z51nU5iyZi9jqw3JWo82xX2-J_YyoonA7w5aHqxfXREmBBPTMyj2Mr5etHw4OcODD-R42L8TFfrswfTi94bsPiip7z51semAdoJz_djyfPQHzEeC80lJgxSwDMffvL5nN6bnlg9LCr8xJfcUjI7s74271ERnruFW2BZfTyBXvTCiaby89p9yIqeC8xcargCkiX4vIyiwQDu6xWylLCtILGkaSGx4nbSy63Hm_5-0aqPqnmji7SmYwnyfJzurePlJ8Rh51Dz8KpBwXrPxTyTThNkh27hEExyChCKoCYeC9ozdvy3qZSqi4_yon0YTezZG2a6IgaeIpOI3R7uoYGc5qUZ-Oz04cLaGwgw6qXi-adOzbBiUWyyNBgJJ9zSM9R5ogo0sbwOKHgELCNqXzohvGVxITiRqfvMpd-O3wgEUgKMGnteJCpovEGZgmODgJ9b5FW1NSYW3KjQpWGCQQ14R9kfRCrFHMpU0o5-lGtb28vMP6F-FyG4_wV_ujJbXVRoClSAZE0Bm-xsxjYq6pXetbPYAygQqCVveH4Tr8y_MkM36s8XXg3JfIy4PQzQV6877w3xa00rEOhcgGj2h96ybCTtDUxY1rSAWwykmKdLseA-kWGGMux5gUJMre7DKSs=
Ancona,33886,6,Italy,2026-12-11,Friday,11:45:00,napközben,2026-12-18,Friday,06:00:00,reggel,1,1,AOI,https://www.kiwi.com/deep?affilid=mihalymisroriflights&currency=HUF&flightsId=0b772333513e000017549908_0%7C23330f84513f000022569712_0%7C0f840a665145000059c85043_0%7C0a660b7751450000c9f7b8ac_0&from=BUD&lang=en&passengers=1&to=AOI&booking_token=Hcg5oONPsuxSmPvqNdgDG2D6Gv18401rBRKKzx9-DLSCjNaMOpzkv01iCilHqn6fGiINHw92_pr9gUMyRJkifpW3D3nDo-4-pYc7A-p3xciP9m6aLmyZpdRDU3qkY8D1rI81l4655uAHaIiAf6Hweaqv710HgT-uaWbNTJ0O9uGWLM8JYkMT5TT372eFKGooA3FmGGYLJ0TS3rKjO6qRHChhONW-T3NV1kEdDdrZ5sJq5kDE4dM4eee_ZHTH2dUNYtPMaCCukSrCi_ynnVjiPprVhMtpvVlxYt6UVhWPDTPpju5hS1Bn1-TwBu-ISnR_wr1jAQ2MUTCuTAg15KWH5BUTf5PoAKgeehDZRzTwe3DEtc3iMpGpACT-wdAbzol1aDQmQka8pRfinEZP85ymNG9eFrm7YoIvIt7qLxcv589uYzZh88-SHbZcA3zJBK7lZVmz9fQlaXOKbn0Xo5A_1Jk00ofuORLiR5A3CejYC8D0fDpzi8sEcxciY24rD_rRDhg5cuJA8UWjY4cZ3n_OOKtemCY2PsNnjdKEbgn3OtmLrwqNJpZ3eLJEQW61nz-c3WyTvCu0Cxgkw1aOXZ3iQhiWCV4Wjig9iV02mCFOz6-5ny8HoizQhuh1doaBF0iONB27xMeNOSuHPcbeeelqiYru3Ft7ddvwd1koMIv_OyHIjDVLkChI5qRgmX3Zcv7m_wbJ5XN1v5ZSbIkW2VbTI4vrdmqgcVpCfvIOB3at6lWigRWAgrRb44DOsRK1xzbCrQJjQxPw9JhhfsTP5BeHAI0H3FO1m1m88NmwjF7mVNbgMbDLXTB6VtmdHclHRG0RILdWGfkqZxM648xh-Xme99C0-tUYxGbt61cmN0a1bGvc_f_Kh1VFGqCKfSkM6Dfdgz6H5N-Smfp1x8uBqrg8Ogm_-UV_qTbQK7YpUZiHRLULhXMJGf2yCc-tLruBhqkvHwKIc07vCE3hMy1TTxIOtibBwf_OmW9iTCnH9-ZkwiZtRv6SNTIkoZ5_9MVWAT1cW4PbBQ-EVVgRkeWkMSPTKaLlTx7sYXQ_k5eQQdbkLwxTwKk94Ap6IRBQPsbnsm_LRT-h7JwwsPulBswns0kZwJAtLXAI8nKtJ0wo9JxDAdxuM1EWVlkcGzxlFsinb0jAZuj0999fWVZuwzWvCDAgF7_7cAnKth8b6rTNLxw9YxEJasuE4iHBQ7lLrLoVBy8v-xzKS3qE8oEv9bxQ8b1gOmO7ykxBlV_K5WuYq-tknFEXGNi_M_PH9yPY78mpztGufGDeXkqFioF4hsSCzvYbZBQCGbK2Y9PwEoGC3z2VLdXSgwfZ4ucQ7XIMdwsBWETKqncduoeKXV2PbxfgwjEU-lmMQ2S_qEtivBQBG_queIZh6Vc1cxVjN6X_WfzKgMyzZFQYQeZlpx_5Sdp64aQ4yVA==
Geneva,34165,3,Switzerland,2026-11-19,Thursday,20:05:00,este,2026-11-22,Sunday,14:25:00,napközben,0,0,GVA,https://www.kiwi.com/deep?affilid=mihalymisroriflights&currency=HUF&flightsId=0b7723fa5128000056608af6_0%7C23fa0b77512b0000a9c0776f_0&from=BUD&lang=en&passengers=1&to=GVA&booking_token=HqLoS_ZODLMGdgrw6y2KOp20qrqKtPNpaP3C0zf6Itp46MGTkxpkmdPhSgG3h9wvkI-2MbibFH0TZdlYHWOH30ve2WGSUsuSe4NqAZG95MHyW8AMLjuEZUHlqY9STVVEH2lH4HnQF69h10hs65aLEwUtUegPS3znajSqPqvmCFUcBdEdUvWYtWcDY03aK1jISvC8cyE8hBQ_PeZzn-MvWCf9UXb2LhiFDSS24wOsr2PW7ZHByvQGJ9OsdnQe5yLhSJlypZFavT_KQ3V7slgRnP90DVvNkH_YgZvBERPmFclDvfTJRQRa0glEnKOJ7XpFQ3A_lSYKxY9e2kVxYtQWW1n0t8RlRdvzTV6FHPO-K7WY3iIaaL41J6MxQgedjoLDvT_loMTNNcPoNtBbPNODsbeJ037nG-Epv5VLDW-sF-J1J5n2nBSE1fU9w1H_uly1FcRcX2QzRrclcV4tVKPnKAcWThaNKkHJaTpuagJs8odf-7sPbPtCtEbY1hOPeJ6ktmIhnLBCNRzjWLHCbZX2OLoqVdazO9QzlGduDLTxM4WCFZnyBsSjLamE1YZ37C1-OdWNkRcgcfRe17OWn2a8CkUBLhiaRr4KFEEaVQwpqPF5xktWkUJWgp5FT9gpZldqRcnoR2DWij1vvNf9w6XxP3WGyrhRzXAdRpEIsSUA_KsPnbzoxSO1CxoU07_BCBbbtxQB3ezp60dlNFQIQYD296-wpY1nr-O9YVCn5gOClrfKlhzUGp8U3VkGF4p2-fJ_10gwxsCY1o6EfHYDZtRd-itZrHSaYA__u4KrxWzTr8tS69eVlcZ-rt7EdtJ_5vwozfXJcy3hKfWhOKj47kF596tfCksgzVWG7tjQhzF4SlCjDDO2gN3Lf_qU2IYsHbh7clI0lMA_YBeck2Aut2YoPEMFQCU2q4bRF51BhpNsrJ7Wn89GHa4yMtIvK8NJjTbIjfzl4Y1gABsQdLrpo95XaF58hmvPg6hfx6QZvmGuigr1vwZTFDyhHULxHYXew4f09hXuaNGvdCPQbXj_-E3i01Po30ULWeLa09CgqTwho70TTseotE-G98CgexZDrhdsv0feGcsSi_1JMRftBJUZxblmoVykidFO2kLThRqZnw_F5BSpCH5RGKkux_Jcvky-tmxRvDzN5cobMsqcfr2H58A==
"Palma, Majorca",34277,3,Spain,2026-10-16,Friday,19:40:00,este,2026-10-19,Monday,23:05:00,este,0,0,PMI,https://www.kiwi.com/deep?affilid=mihalymisroriflights&currency=HUF&flightsId=0b7713a251060000918a4568_0%7C13a20b77510900001b2f389e_0&from=BUD&lang=en&passengers=1&to=PMI&booking_token=H27TZE574myfyO86RVG67SxGVOeU6s9gOmqM5NfaLMTc4fV8t14PmKD63bPvp2JV_WEMSQfdbT446xMKmsavmCTxbCCvF0JWvqPaIyfHCNCUwgE_WMnBMLGNMYX5puHqkluD26AqMlHd7YdWL5wOZMV80RrWOVQ2U-jC2CN0DTU-yEn4lpxc262GIQorVtVx96FTnrWKr4FiGbeHl04FYFHLVF7Y52wnWisZHsERd6wCSKzoY06vpVvqeCu52P8IVnXndMb7j1E0n4EstYzomzHsTvZP_Wozw6nJtIXbHXH9uQ3FpJOowx-cqRTkKgll9384VhvHO01CUnzRe0wlqXAt5pMfsObiKQpR_eVb4Fm4ABVeuLNxDWbBHMaGttqzaBJVWIuMwNjssxqutdjFVnVvvXL_Pf6i1G_2Q_UU9vjY62NFWD9CsWFFyhxws-GRdfZcDJW7S0WXZDjeiF8hj9acW6Fg9ZdfMir5YTnsLe0IE7qNoey06d8HJfglks_GoSJ9UsheMuJpCOEDkO1VA27BW5r1q55_953qWXF71x38Im2WMvzLvdtbDfhoUQ0_0W4r3lyCdC9DJA_-JLDO5hHcRXbbgGerqBULBNtxw0dnHGzk_Cbk2wy00aVRbh0nptKBL2pYYspmpJfKdu9_7H6TRq_hGK6_oFjq2rTrpy2aazLg93gTUve50KzGFonEknXFbtwagFyQTMuTtFtSifbhav-rpY_DxosNQZWoNtE2IADZG-suI_-p6d3hwjKOd6E1_iAkXr9ozlgD0sYByrJSpfCUlrc1Vz4bBELelzWQyewt6a1uba9Mb1bkYRNTzoAMijlJU3jtjSS0Jfsss35Dq_DA-qigV63SZMECPCnrZ3lWGC7hyDe57cdtvnsZKei2Tiuw1UPcoYcVCegfjlXmv7Je5B-ZsT7M0mebkR8uPU3Mte0LEwwMUUJcVEFr9-y9ssvwcJVT71wjJ--Ozpba4Yqx-BISvwgW3XgL2JxSmY40JFxXOXXRwc3aBt4Uj6nmW6rcCRy5BLbpsmTWWp5FybuyqT3w9vVbLV7fpU4aof-HIqekvesu86XniYQStOrulRyPXCzpXJQz5XYPaZ5-OqUUjiEYuQ55wHqczVG5__e-aEJSa-RId35WkoQl-YaQ30uiCp6jazRzFgyc_fg==
Craiova,34287,7,Romania,2027-01-16,Saturday,13:15:00,napközben,2027-01-24,Sunday,11:55:00,napközben,1,1,CRA,https://www.kiwi.com/deep?affilid=mihalymisroriflights&currency=HUF&flightsId=0b771f3451620000aa9a3269_0%7C1f34091851630000932e199d_0%7C09181f34516a0000670663c4_0%7C1f340b77516a00009eea869d_0&from=BUD&lang=en&passengers=1&to=CRA&booking_token=Hm2CS4owGbyYrqaz_hgukGe9T9A2favoL52oZVLHcDp4kkrgNSkFe-okjwJfHJ2anw7ronACJC1qFoA_3vE4y5yO6LSwoLzp0IzCApzgOelHzKLgmTRXKU71Ja27j9nUysEb5lo5nJqAZd9RAqjLQpqH7o8ODWEEB_8La_zKUSRuax0v3pPO21nFWDv5fKw6hkzLZpWxIk4c1ycZNhjnaXgzC4m2XicOcDWzfXYvdUx9ESIP-zTic3i2qtBJ8LYFdL1fDecMBUccwcWO65AerxLOzbXiiu0uDdAavE6gRb4HTXGTMA4fHb9Gpj4BIJEmxTk7DXanjnC6NzJ0AoaVknf7OEAXI3fRvqBu69TkPLUFZPvk8vvjaKR6mpWxsz3kHPNp5MHRD-cgSw7oeN34Sl6UpmNPYJh1ZLfHTa2KEVre_wpD7CwIhE6luRuOXVluZ6LqbFUfQyEZjXWlFramBdslJzxczTkgWOItw5jKM_9pDU2Sl_Q1LqJdMjfwSVYYoKZfAd6H9vwFGevhCexhRjvx8QwdmQxEQMTGsbxsRx-cdfeFWXzg6DmeFlSabdgbRnxnVMll0Nk02NLA3OBbke6NynJcovSnes5z_0W5-DUy4WsGzkSDcUo8mD7YT5kYc8MIAv9rHa4YNigKNLWUTXdbNQExzVSKLyMfwwaDPK9Ys_9GjE9Uz5VF4NGW9hsHoTETd-r59Opp4dRmb1vMWiRrFB3_ox2ceJuxVGC0K8cdwyJ7J-NKv2D8FTMbGZp1grYIxV3gpp6ubxzWb4fhYYFbsF3zomwfD4yvvZERb3AJvFIYIAVyIM23YVhbVlS13afD8_bnQdp5jUwuMNRUD2WnC89eVfuVkLEQ_Pe2P6TmhHrcXIwmORJRILUjL28wjZcGC8pvuo8Zs3gTX-XQgUvDXQwt3YPR07wJwFTaIPpZSPUCu8g1SRcbflv_jXd1cuCw_l15iut1YSbcqZkCwoX_881efemn3Pqqkx8nWll2qBFLy7c_X5QloRZQVtUvYC_dxwqByWQNnJBbmc2ED5xYYsq8g-VzihW7ij-gA7zKRlhsvqyRYd0wW4wYEa2vcbMJTivc5zThOEk_txiXSusnR01efd2TdceRZUKktygDHd9KZ29TrdSaF9IsNoBUzqpJykufChH1349Adxi94yekygfRIldDPCMJQv9-1H4jSbDPc6v5hwJopTQfZ0fJNrJK__ntu6KBPbgrQ0oMk5VpsDAc3FDvsZGKmbXyN8b_6GOEbEvH8P0GO9py9PJ2f5UJyiSXl32f3M4fqoKT8GNZOrgYhbS_SrDHWCRjzlTk=
Nantes,34438,3,France,2027-01-29,Friday,20:10:00,este,2027-02-01,Monday,17:15:00,este,0,0,NTE,https://www.kiwi.com/deep?affilid=mihalymisroriflights&currency=HUF&flightsId=0b771b0c516f000002ce3f40_0%7C1b0c0b7751720000714c57ae_0&from=BUD&lang=en&passengers=1&to=NTE&booking_token=Hx1pN76XpLS-fAwAMpOmnDVFgJVoRUnei-aJASRh7-cMICEpq5FYo1pDZulpvn7__PXO5JJwNe6VrF1oRkVqSyrnm2MlJggpP4SpDXuY-A0NypSRJYYVnI_0kQh4KpO17g8Hj0GVQt8jZC3QtZminSkOi_B826G7BajpUTbaFfQ1ELgNutedcfjU9gotf9MKbRM8EjYQ9RW9Ui0syMRHLSpqiAnNprfVqnaD_VX-OlVSs5YSDLTv5P-t2b3Rh0aUevZISQhwppfeFw-N6h-DrL6RSqmIhm5C8CoQ64_6W8ZaOQ8P7kozfOlp7yXXDAyxdwXgDIDZnkhfk572ZxGollEsvk3I6nfscWtGJULy0f8zUq_HdfRZnyCkskAmXIVIAvAWy0G8o5soZWsonRTXX8X4CNBnF2qKu-phwXV_c5B5NwuMzJunocgNvAibiT-KDxLJh3JDO2WAYZhyfuRnH-Aj-LqkBA2R6DP57mmX-wvD2tG4pYxTvfOewpm5hpB9v1e1R62Ego8orMVNA8Eu2-fp336NYhqnbGs4-MZpuE7O2U-1c_A9sv5zltMzmhzetMIwwU0aPml_lGrTypo1iVfHC14S68_DOG08SMVMVQT6To8t69k4JLkW16zOSwbAQqlEnb5_mSAqDVkAwb_tBYMDBod3Pc9JJ443USkTc5RohVQgO3sWB3Q-kBt5ELMgQ1Tbf3UPdvau-yQiHvguZhUb2xJpK4XoQh6XGhNiWCjEWqI2MKXmTGeW9L1tE-VTT5d4SBg6yCWdVh-y7VNd94W_ZY4IVsX4l0Yre5I1DXUOy48AcxV4zmrrAu0KxuL9CEZGqvL7xfWQD1pfXAwBoJ8VZsvY6yemAuyo1vz98nx-1bTV-Nd-EggFtAYRyBrCxO8Vgy0dRa4f8NbbI_dA2MTuBzPN2Y3EcHhxvl4uqqiW8h6LK9SR-24a1soY5QgACan8DC66VvZqbeQFEbMg9YP9PO1Vdy4EbktqXa3--rqjMwhRskbMRZ99MxMpZzrsJb79flkSFMGnfigLA5AReNYzkDNGZCOfpVtW1cg4ffiJvVcKF4HmaSPuEIhYvQRC7rxOkAlvpw5pVMUAk387vandUXckHum7yaaWe4nng4MQ=
Nantes,34509,3,France,2027-01-22,Friday,20:10:00,este,2027-01-25,Monday,17:15:00,este,0,0,NTE,https://www.kiwi.com/deep?affilid=mihalymisroriflights&currency=HUF&flightsId=0b771b0c516800007846391f_0%7C1b0c0b77516b00000a9dd04d_0&from=BUD&lang=en&passengers=1&to=NTE&booking_token=HLFAdt5kZ3KjqD4vYLdROM3UADW54xI3qJuCbtkvpb8n4RmchclwrvTh6Ip-2tcKlOdLwuj0KsTVFJjdNEYnc-VWKdqkTq81FPngeW5tSLKGLtVSl1gg8mjjbi8_agV8TQivxT53dKh1Lv9_8vnJKiDRfG3cOVeun9XMa2x-d-V3sJF7Xu-3r-0lw8zVQVtoN03H-nGC0M_5POzIqhoQjW3fW5go37tnCZS9tOBhEjUfm4Vy2ZQLnHuNmlgaa-H_fxDWG5mmzVJdVJRN-UaB378jEtfBbRB9CfenHYjQu-ShzZ1PYGzSSClww8UYJ0doMOue_WfvSCn1lI4cWskaEWWlcf4z9J7Q6NfLElk-dM0hXBw2DkTHLdNWgDZ06xTnke41tuUJNdxyiJstIt544s60lHvMJzEIt1rl_KvioMd7DxvHtxiIAO1MD6J_TIMX4x7Rl-U2FAw4_d-2M9jzoIsOucUyO9DHTmi01WFY9W3LQcFhHuKdBjdkqhJJWUHoh25nGDjZqFKDYXNsouYEDTrlLh6F1JLj60eDy7Qh1rD65Hkta0f_Or-b46v1GbzvEQp-HxPy8cmtf5DBdekl8JDTclfxCVXmCXPZBmhVhXG5FpDrv5VJh1JtWINzdYOQCyUUpjYM3DF-HXELgEk-nOllBrxrwWIhh0nL-mjeEId6X9BugkPeA1NZLSMwYI3_onr7Apcmfmr_EgWD42l9VlPJ-b58XN4cPPtDmqo8TiVICNOkIq2YstDfDRCAvwh5klHjXGAJtpZanwrLnqGY2cpPO60UR-9fIWeDbyAMQbgg-j8C7VVpc35L8ZrI59TtWVSmoUqrXsET8wmHVgead5ZMw032JvVwxFRLhf2o019_R8LsaB6wc3zyR1PCY-MXD44L7Lh6ExsjKpZD_pqjiHlg2hzLLm0k3_DEq4TEieTaO89x7MhGgMWe48vgA8YuywJMt9bmnZ8Z1MXOF-ZYv92JvfojfEoUWdk2ALcsMpyTGi3SrFw_UbZGiKhMRqst52ERB8NrlRWKVYVy4ZHGpKCyE2dHGccnHGM2BfBjc2w9_rNr8tvmBPdKn3_490Xbpu9lFncUpQ_Hve6EvSxt_as8rJ87UNJZ8LfIFrA0qDfM=
Ibiza,34675,3,Spain,2026-11-01,Sunday,08:25:00,reggel,2026-11-04,Wednesday,21:20:00,este,1,1,IBZ,https://www.kiwi.com/deep?affilid=mihalymisroriflights&currency=HUF&flightsId=0b7707f05116000081338712_0%7C07f00f355116000057977e65_0%7C0f3507f05119000028941f74_0%7C07f00b77511a0000d13a20c7_0&from=BUD&lang=en&passengers=1&to=IBZ&booking_token=HRBu6CeSP-LEv011iw7RmPPSjQbVD_a0w7X2iwNG5IJsZExyhm4OjV0Gg7zPBXavsg_9_8dzGfk2wbSO9odaYU4OKC63jsHqIG707Yel7mpYlnMRzYUY58XO8EVcc25la33WYK_F2VfeRSef9-5jmOhdCmfH_MrRQ7ISkiq4FGy-Mh4a9Dgm1Yiso_g34QxfYW_EStASqf-5BBc0Ze9cbhB0-S9f3BD-ez69xHLfQN9QoIH71sbEHEoJ1avoaE2ljOgPPEeNfjjkcRvPZq9GioeASpOcOKk4TapHXAYNGnyCYmdntlsQJm0PVs76mUqH03EWjg-GGyGvBFDGEUwi-gpJedujTpzB3U1E9NDKyZn26qbKNazNzkNsXUAII8iespipU8VPDSVDHcp6BoKgkPIeVWBNUVapN6qN0uHDIGcl3KKmqP9qO3zfxTVIRPntk_EFqO7bBLYjAIvegmAd9ZVmMowVSiSD5ITIfcUhCVdijbqXd1ix-nkogUeGr-KXDeLb7F_SRbLHsw8ZqJUnaCrSO22QNgjsjJj7TbAv7oh1cPJKO5JtsNkBWVYsH5UFHjqEAVV-65YFFeBKe46bzLf-kUtGjUMK34dbk_f6ikRbUV4wPgEeN8P--rSZ3ifx_lr-nY7boAu531Biu56DBkrD2zp1w60Eg8Ar4mqSAzrzQItxfBRqo5uZF3udYgjG3AMjQ8ZaTegymJZ8RYrJLRTbrbUVlWjpFIDj79KrK8A8oQVGUpVkE6pbNFlAvDA0ojqkAQrMrOsRX9NEsnmgq7pfVAPK799JfMAVEeJpgXM425o-xmTg73z-Cg8uxi0dxYPeyU8uH52aJg0ZyAG-NwtZRctPjEj0LZMjxZSok30m4LzL-1MmmTD2Z1N3kpDS7E3IgjzRTZPQxtwl5_LZWO5HdjFUqzVS4Cb3dJJJF5N2t6LRrNhpgbzjXGWtAZGwhERGnCcXl2l7Eovu4eYOUkQpO5GbpZNoKmieOumdbIRHUtIlDXmYSaCtXpkE8ZwCUqwEe0OR4R1Xtx2X1ZYxVInPYwHwrZkXHzhSQPwH_VKJ2qp8Cie5Bf6DBkw_7QohEuDDw5FNtMgKKmkXE5lQ3pNM6nY7DUbkF2Nuw22daFyRXKDqJOvPoZsNsaBBcTs1KGwvz8kLhP6yG2ds_EcWenPVaCrThzv717XYoJIRbYjZolMNHJu_UrUsSKL6oFMIOxRLwNqOinnocwNhZsHu9XN95aR_KJQ9mftvga2mEp5fRoRQPkCftkoGdJl8rahduBYEqD2YrWZV2MaClU79omU1Tlkcg6T7BSz0EHyXumhhiTz9_Ghg2W0UDVHSrZ_FduMWuHSIkNu7ZEGhKd4wxFg==
Nantes,34878,3,France,2027-01-15,Friday,20:10:00,este,2027-01-18,Monday,17:15:00,este,0,0,NTE,https://www.kiwi.com/deep?affilid=mihalymisroriflights&currency=HUF&flightsId=0b771b0c5161000018b045e3_0%7C1b0c0b775164000064cac401_0&from=BUD&lang=en&passengers=1&to=NTE&booking_token=H6lOYRJKO9xyGMNP2Hf7l25I7I1oVTP4HF0D0fU35vR6QiSULQ3fj8bN8W6JG6qpMPh10iQ2SNzLKXnlBqUuTAWx1rWae05GTCLriginLyGQBZ4hefCNM51yN3S6FoQ2FBXYo3_AQ83Lhyy7GWQm4YgN6u29Xx7aaAUzlu3kfBsWG4zvN3999LOQV5L6KhV__qQ-5LScDWKuZNj-Ld6GognwIZOAYE8g75F6XwiRrJyAL_oUGW3YRmaIMG1GCvG0Xw8bHCsQIjyOIHamAOI8ArCiMikK0XEqNoGj4TpK6m5C9X0tNlmFe6fLxGlWF3WiYPfB25nKQZJyvB7Sq3b19tX9xGdkRA5SMBDHNkDuxnJB7gC0_hw4s2rEJNxszeF4-UGM-prjdVrn8t2mpMN854g6SjcuTjADQl4tu6eGj8k4j9GbIqzw7GVGd7k76eoR1f8pZGmdp-LZM5MT_lexSFXZgviC5a6P2j5Z03oUZ7Shas5jUQfpY_MHaNDDPON1smMu91Bb0MgedbdHDShqMP0bknBf_2kDCZZQRnNTNRxU1IDcoqvJ157Fj8ffTZR5d74QElEIeLE97TeNZcMSXDiXWINFm_0UGDdKzCgpj3kLu4xe2wcOfCi51zFhQLKhg18_Wx2UzlwPs9gTa_krHd-0lZw4z-mYp5SVuP1UM26lB4_FyI4dXOcOt5CrAnbpGCiGRmVI2Dnyg-BFM-S17R7eCjoXQlxAEFyEBZ_BWQMLizsv0lmooEiWgEpwrORwXNSR7iRb2Xsihiy7QKoIVnsN4Uj352ParCNn4phzQkotV6kHDG7dcEkTifVdeS7KI4WmF20ylFx9Ge-9-bx--Iv_1nRyO3Bi_fd2AKsLy0W4EmrE1Ld4eTXfgeIA8PanDpAMYcHEtO_x8RV5TKJDYKboSUDSFO5Hd2XPQ2IJi90r0q3_fxESs3mHdUdcczwO4lGzctuY3HBaUPulZeHR0eK1Iz8a1Jbbn1zIhYsb80-vFVPxjmxFiuZ-U6mavvebBw2JQzeWdZbgc5fSP0pPDH4oImXZEna-IYCElpm0aSrAnIkU1jheGnTBpUO59jn1Z3C72IM_9K1y4WP2i9L6HM7Na6eCeapsfsdW_PiZiQPNaJj9ktSTiuZdmaxNhcyVG
Ibiza,35038,3,Spain,2026-11-10,Tuesday,18:10:00,este,2026-11-14,Saturday,20:45:00,este,1,1,IBZ,https://www.kiwi.com/deep?affilid=mihalymisroriflights&currency=HUF&flightsId=0b7707f0511f00003815f0f5_0%7C07f00f35512000004de433eb_0%7C0f3507f051230000c985d84d_0%7C07f00b7751240000ae77ff07_0&from=BUD&lang=en&passengers=1&to=IBZ&booking_token=H3IRjXc6lgkGSfevSIcNEsbt0eM_FSEilvosg2JjYJOftcrxHKZ6IOaOAliTI3pDyX3A49IafpdVFWhrntgR_22fCKKA8vjLkdkTifvt9k-MHRdfbpsJS0ptoeVPCVwSzxflEn-xTznPvbp1qIg1C32YNbXbW-tTn0bDzlqNiaElyF6AKg2cBHBN3mo_x8C8pMRnm5uk8KBSGbGZRCAZZVJlyrEH8KMARz0U_VYp7wZX8eCxJcBaQZ9kSsZrSzvb_juEZNP0u5h_TnNvTEgLZ_3WPHuxaQl7uW5hIZUgC9G08k3M4hIiUj-qMcH8Fvj3HLV1MWmzM0l0PVpnJr_g20-1bKHMrtDALkwuWgNQLAoli83H-MMJe43LE-7dUD_fAMsxfYAg0QPSbMcUzcJXv-_LXzBUHVoS8bCVt8UWDFCZ5-wP_txZVWeJCirTIu0nqLWsfINughef7bI2_nc5n_cqpNBjfjmEAZ537_xBAXxZVSUG2vUkxEDf_ajlpZhoRDzv4hZYr5FsoUNUQfHRrkuTBfYA3CevzrqfYyO1g8N-6JSH3W1mpJNYL9o8erWUpfUGHqdP20OKubI7Z33Inr7zmuHA_15_bwu8R32Evp8-ahNHrSqHrWBiTA-Jt-g5ti2qlyyvMjezIxnFdaUlWL48YuuEM74rt-gBoXayPqc24dya_QCu9v1PFUC9BdLMXTUPsJcGnzJv1-4snNYjSgO034DUz0gp7dmgs0mreCb42fka_2FJAxr7UFMiYRHWa8dWpIr3aPPYQR92EzvwGS5bF7sO--dUQT9cXIBUC9puRsvk_Z2_eSEtu6GTZtQriaw5Mowfro7Tb9y63n2SljKnISwGQdk2fII8T6GF3hDY2_AGSCbh-3ItM8U43jvDoTIfsYGf0oGpRY5Ag-2u13wzpSGoIg8rZsYhy0EPxqDYpNPUK-xX0C0n3pDCQ7Xce1-PHUYAUYZ8N9wWNfuibNuRcXoxxuCgYyO1RJ6m0uxQf5hviZ85NhJsFLHWxTctYYhOUGKibtXFRadTJJ0h8XSVC4facqQvSLCe0A7ZSVc4ydElF8KnDPDnegOgzpQSL9Z9gOvtO9T2Y3ntFUe7CGKM0F-aAo3JyOP4Z9K7DzEcieVsPCmAt0mNVn-rICg5SlqtbjmW7bSfDZebrkZXZSS6cfTH39_YtdO9pcvEoaFaxLLb1-wxH8LbDhBJHm4vb4uwDcineLM_iEkQERBpdZIkrhsi5jkR2xalGg4tTpEbE0w_mEL0wnf_-HDub4HOGTkxD-AU3vQ3gpETapncj9ufKqtcreO4rpdKcz7us7S553NX32brar9UM5JIclMKy3s5dcN6a-NdH73mpDLr0LQUduvLG9-sr6tp5hcFPzN0=
Ibiza,35268,7,Spain,2026-11-06,Friday,18:10:00,este,2026-11-14,Saturday,20:45:00,este,1,1,IBZ,https://www.kiwi.com/deep?affilid=mihalymisroriflights&currency=HUF&flightsId=0b7707f0511b000075d2bc51_0%7C07f00f35511c000050516340_0%7C0f3507f051230000c985d84d_0%7C07f00b7751240000ae77ff07_0&from=BUD&lang=en&passengers=1&to=IBZ&booking_token=HHHbKjZW9JTx04_kmMwZWxMfFhgEZTH87pZhOf0aR5ilYP3sqOXUVhkrLddq8gWszkloNpoP00-SHFfRbjgpJpDUS1RfDqmJL2u0q3eZ-499e6Jy6UgaHo384sURhgntCwFEPXxaQ_qxfw2Vk9xaoRibwQGUkSKLTBzdPYy1ZYyqPcx21YUgsTgrce0OP_t2n0jkqPvYwQpFCpeK2ujmwuMyG9qZgOaBfudAw-ml2o-Z4teMVPPspGYx28uyxy5YaSHG9wFb6QNon6hr-FLGWLht64AatJBNU8VS0rLb0dI8DkmNMQpjXbhAR8a6s14cU8f-HMq6iAc0ofJM2IYhz2mPub9wZyq-MM4ovoGqPCI6yGRu4uS4YkhUPvcoPB9Ixpf3zWUXPO_M4KrdSX6v0wcIpUDdIYkmVx-EH2dUQHRXSpEsJJZXe5icFO1Ortl_nxFtuN-0RLzzhPOesyFfmQAL9n0U_-xkGzegpyOcHNUYGSJ16zdXvf0GWO-Y8evygEa0niA1dSuqVWb0Fi70HpTRJZRYoYC-FI5icS5EHZXE55ST_J5PKoPMQ6Zk1OHLqjJ2xoTo-AHa4NRiqxbDEnN2P_gUKt0NAaSZ1_9VGS9SYk25YaUHL43HVthHJQ4L6MT_qnqmdRxww3tQ2QPAavAppMDOxNGxYbB4DAXfdsx1VexgooPvFFYdyyt2RhSz8M4QC0MlpnyiPrxfXsuf2bAjIZ44z1VM3v1sVnu7zVhRqHtV5LJK3HwCMjJrsJhCJeOMYEBMnRw0lXD1kQ1aTuoSuE5ZbnQOblHrmcyOHMv0-_GZFmer16DmTkohBA5gOJ19W7z0esXRz3rZgINjgSD2YWkliK7mRMR3CKMDhMC09RpsafgS6Q7YRdJBN8sFB-bvwkmsGMRg7yGNG0q49EbFtLBVKTx6L1Tx-yKnG6oyywc9LUOJSuUiLRfoqSIQRReLpUGhTEGT_dB1s9H4XzQTgiC5PF0y0haENK41do7mjY6riYDfTL8CyNp68EEtN3smilWjfyMzeOYVJ34HdFSm3eWAFPG-qOD456ij17oouJuNDhtceykLTARx-9Pm4L0jI4qMMTUSGYai3S8PYNAtJtqQeC1UdtaLDt8IeVOsYNVEWCN9YifTjOTiGE1YqE7yvAllxBKUH3SLo0AQF29LJTrI0BhkL2SlUIRIwSAgz3zoBduawxnR4g-OnZKyH_58WE-OlvXG49hxt0wYAuwN-aawoDPBptPWQhCWG6Z9YREzTEkpJ72-4xZuB5DrQIuPffOEOh0bMTpiqufTgdKWo7qTKIImAihucXl1tyrf50jYejTSeuKvtoqU8V6NDd8mWUC6yhKOQ3OYIz2J1eLgBZvcWt29Mz8uhutWUnss=
Olbia,35295,4,Italy,2026-10-30,Friday,17:40:00,este,2026-11-04,Wednesday,18:00:00,este,1,1,OLB,https://www.kiwi.com/deep?affilid=mihalymisroriflights&currency=HUF&flightsId=0b771fb0511400004c52b2ef_0%7C1fb01c31511500002bec117a_0%7C1c3107f0511900000ae9215d_0%7C07f00b77511a0000d13a20c7_0&from=BUD&lang=en&passengers=1&to=OLB&booking_token=HPaJqRBzLqGn2Ct1Af_1mQYyGpW0RKk7b_9iMr2ojB1CvnryhfgiqlXhfY1Ix3QIrXI2DUwv95D6ldCF6oz5asXLiOm-zGK2lRKiW9VIE3fxH1j6A6CJ6OTwG96dAwH8jE-jytDTO6I5pIJviU_zVnqblExzVl-pvbKXxt8VQSZqaUgBh_p_TPydcpMdNhUn9vnuesNPdoA_DjYUzD9w4QTQE4X_NxHJV2MH9jWk1f8CS7Gc2vN_jpMpe9GV4hpXKTO32tHreQvzxE0JKReQSDDimbGZJAC_Ly-jPlzJJjndRsB4kwupE87j215HOoe-_94w_Y3HVLF_FZXaAWD3gF18P0G32mDtt6jyA0dk4C2ZjLsFpQXlwbFnjPJIqMeW0R2uilCoLoUfgvgHgjCF2AEQu6tjhDNtciRsy8FAqPYfYI_MhXwE90ego3PpVuoLlZ309N39BcZY7OIANlI9Li6y-J7jIzKc9HFguQX6YMEgdF7TedEsQYlRutw9vPGQeDAQjOshjUiX5K2TfFsPIgFPDstQ8sHsJeB2mPmVYIse-1e2sHxODwHuUiYCMj1APNBynv0h0KjN17JRI9yX_iGj0zFihiho-SQzUopNcHOIeJBIycnkFwgs9f6z5_az3DKwnp9IbYy3mbykKAXJ2d5VvemlKeALbHdJqQ42eP5RhIyn6ZNq2MWah27IJaFsqnJpsBu9XfdvtTz4SdSF5QdCv0O2WWz7e3vWw6QWXrUow0abMNVTLfziL4hV-OFpjvVINTgscBF4rSXb8Zrv5yb7EKUHYE1h8U_0g3n2TP94yvz4Xgr5K2vtwQXE8o100DwbjsNPbWcnpVWNZn1AWhhZPA-BZic6r_p89TZQ_uKau0jSvFOt3ctac95Dtqd0-3X5_ZFoNAIf45Fdoua9rpxDk4imTQ65hHgMH5-p6-dZLd7ZNiGj-UeQu7NLMYOdbm1hsmEEXqeD-T_vcdXUZDXWHMNWVnoaLBHtIyKEbgLNA1-0mM8v0BIc8HfWxeGFYjT09WM-K3iv0SxHKbIQaEzPpHwytoMHoTEki3LJSDvveWQYMfGEJYQdpnowFXDgBTr2haT8BGlmesUzP_FvKs4nynxoN1-FgSECDLGyN1o1_LNt8DA7m9EEB_eJSmkpT_Lnn40JrjRYYDlUlkX_TV3PC7YtJRfC_4SXYFJItFwBeJ3VgPLAQo4VtfTS2paZ45BGflNsh5SG7zwmKw-9aamdnNPNIiPqZTHXQ_logkgRp3ty5Gf4vIoOt9ayWgvNWa4Yz-hpEtWk5RDlLIj-NXLI08uXv0szzlsTUINMTtyqBxQ9_eU3Ljd0o8v5ZJycZ4NzcQ893StZaT5VcRFGphJLsm9RbQfewnAg5qSVVDPnxjq2ymSbHF0qmPKQe1Ywi
Lyon,35721,1,France,2026-11-06,Friday,19:50:00,este,2026-11-08,Sunday,16:00:00,napközben,1,1,LYS,https://www.kiwi.com/deep?affilid=mihalymisroriflights&currency=HUF&flightsId=0b7713d4511b00001ef7799d_0%7C13d40e35511c00009a63593a_0%7C0e351fb0511d00004f7304a4_0%7C1fb00b77511e000045c5e4f9_0&from=BUD&lang=en&passengers=1&to=LYS&booking_token=HW6xg9aq07Bxrnx-WjRIaB_cEMGNeMT5v4m5us_1V4aVfLc_Aq1DZ90JvePzkkBSLN1TnChIwre5Va5JV7cMIVcyoq40HHkWsv2aInAjZNyriEVkfrO1YWlCvHabjow4R-iB31AEcDi9SFs_8izf4MJCQqs54ZqFvJzs2fsoKCl6-_2Np6gtSb_0I3vBGbNs2YFlbcKAQsUS1c4GI-SVcpAW7zwxlI-UR1IHPPwLMUKUDzh5d-3s3gKJ7p-R5UOXX_CAP_XyiKsQ0hATcV6fNE-SiBzzVXSoA0kUFj9SLDlfFxv9ih5NFBiGrZOjg0IGKt2GE0DdD8t9fiBWITmMHQ3IrPtuxTSH7M6uevx9f-O3uH16XfSPEdc2fRL1hKaVi4mCvxJm_EEYl7nqw-E13X1LaKfkkOoYv_LH01gGeIp4vcjaB-OeHhc76subqWSwy5pZgMpDSAcfvFpjbj8Pl0dQSr34A8Nn6iATeJSZJjnKhyAss_zS_wer2PrTGnTmAWEVwZkP_UwlUf3yKFNJ0-P4BOi_kuVm8ijJ59pKrpRs5zsILdJGqIokasC7n2dv7JdCdLUpCUophhxYjSKns-gLfzZS4CIU4lKilTWwv2QJORsV4DCgmDUGzLH1CYUnha8UjntS9OWooXQbfRcUZvRHxooGDkT2LDZpTMdWu5yeHb-l74Iwyhsp0w0sNHseOfrQY-8k7dU_pV-CSF0xX_JHzH64tV_3wdDwOTLkrvP7moLv895WLOJwnQ1XQT5h6ujh1M0vGfRHaoSJNQqqk4-31FWUUp8DU7MDhe15q2qKDsIUKhqdm9h6rAp5v68zrPoNk7r8Nmd72i5blWDKMuuvLLvAF20Y8Nq11zFaqpxois06JXfw827JuQhKJs5eIj1HdkwzIUGf1qtKD6uPTs1zTskSCX4zpatsdbsUtyH3RCprayhmkBxj0itP4_NtbXYglNnb4Lx_jjhzeOi54rF-sm6DrLK720Al1w889hY_fcR-SifaYqjZsVBhqnbCQGWglAVfUaaFPbQVCmJolr7kgz9_ve4SxmPxvu9eW5eSv3Yh0KAZ-sBnGSUhkxDApLSNj25jbEq0hfHoMsaExkdamrUBhJJWjRmyHrkbBBxIPsmHQwgvX78kKe53S_gp_xHBc9HD7L2sl1B41O1veAtHwYwV95_ED12QJzyI5F6A2lazoxPVeh6j4lIOtY2fi14uOBubeLPtcLdj2DgU6m9EVW4gkr8KFrUm6B-7vspSsVNkisbjm35tdjbZwKfv2S1L8Psb8pzrzWs5RH9KeO-2G4rLyyEzw8UkTSmK6tRjbPmFkjV3FHmFSo7CW_z2N4yftGgrBAZxW5d77w11S114mT6b2re6CmtKvP_a3Pco=
Hamburg,35770,6,Germany,2026-12-24,Thursday,16:15:00,napközben,2026-12-31,Thursday,15:15:00,napközben,1,1,HAM,https://www.kiwi.com/deep?affilid=mihalymisroriflights&currency=HUF&flightsId=0b77078a514b0000953a2e01_0%7C078a1788514c0000cf10fb43_0%7C17880f58515200009b77c8c8_0%7C0f580b775153000032004c58_0&from=BUD&lang=en&passengers=1&to=HAM&booking_token=H6eaAvzA-pc4KI5M3uGnj7LIB6FIbdsFsqxzSFPFtQHxckVAQOSl4YEVnjPT4pebIS9KJnibCgH_lA-zQm4yPqneHR262pt9rmPPOJykOfoobQSZFNesObpc1vnFVHWD9H2ESSZIehnQwfh4XuDJkrBToW0wekYBdOvjCh0dscHk0RVzLPXl6ueea-3YhMOWCI-x7_JBPZgbXoAMey1ox3zjMT7d7Y-jhowFSn6zd3hg5cjugLrfLCJLgXKkoHC00VDZY0VbBe10-YRXTLWqSt0bprcT4X8Q40DrJraX0uaRGSEFb2pTf6OvixWLBaRQMe5Q8W9_NAwdkTQX-FNeIHtGPOAfAhKAIJ-RVlVzzu2LQ2uNr7C3dS_Nl0wl07K1aOFx3ubwvNO5nciBJJvjOFRx29gQN_ADXFshNHHwDdg1-aQCTuC6btBmXuSZR84932o8aougGDktnJlbOnGmaGcrlqh1xfk9HiYopiDgCrIFM_eJeqbSjaRrzcVzCkd024KDuIkCyVsWutppjCkEhIRzz5pQqlvDx42D6mfM1tDE2Q7kXYIXZtrBk9DpB72A3laBqZjG2grsRNwoA7fmTSvRYwQj5qK7_ACElVjOo09LH65Un79ZM9zjdvRfHgUZADG67WjfWiA7u_SabscJ7FYiW3l0TQWurX82UCI6RSRVfoWI-_zWdujVUwJG-BHtTO2FzbKkqM9NEzIVoSn2Ugd4s8xYdlKppj9qeiiW3qIyv82K7loSXX9r5QjtjazN6ZLtZTSLlODCSjSyf3QhlVv5tiFvULZtaAMpsI1Ge9NyWgiOApQq8HugXlfw0oVodCzvSs2O-84j-2x1KI7xWM3Al23VQCDXiauikVE6HDxfBvZ7y_2RUbj3ufgoqaE29COUbRSxT3FaYXbZm21W5e6CIwCPtQbSjdV_YYJrUI7MV26EiT3XMVCAufMX3Z_0-1mIvuCqkLZjT4Kj29KOxmf0187gstJjqkfOqyUH1ZOzfLNLorQ-oP5KaNkpjagpLwyeHL27UJd2ODywmA28I2jEhqcGSKgI7fC69M1n5mn_c2Y6N79lxUExxWVTgz1R9ShuIhVK0b1smMRp6XW4WKVmZPlfWkE-WrD5r-7R8rwS9PF2um6jrhF3lB8RNWuEQhnDNHw9juXxhqE4HZ23czB_dP1BTZanHj_75-YzWmlF_OnKwZo4dW6oz89MfV6GJi3jF_nyaJQC75xrXrQFnVRVVxzyZjHN6QDTkQQPwa84fHtjtd1ytt7Mc0NRSMqZzvz1gzf33zxwUVpj_9gHBxPCKM6ht5-kCRL0fI0PDielf1SZhrwa-6HBfznYrD3BANuQPKvG_vfbNLbxdVX8xEA==
Heraklion,35833,4,Greece,2026-10-11,Sunday,13:25:00,napközben,2026-10-15,Thursday,17:00:00,este,0,0,HER,https://www.kiwi.com/deep?affilid=mihalymisroriflights&currency=HUF&flightsId=0b771a0a510100005a267c7f_0%7C1a0a0b7751050000a7abef36_0&from=BUD&lang=en&passengers=1&to=HER&booking_token=HxKjXjxZ0ejbxHmNGhLC5nVaj3RbHjJYZR9f9dZ8kN-Uou241Ww69ynD3-RXSJexWeW53iKbJrgqEHteShGK9AmaGZ5ZbOV4TnhVREOs-NIUzNKskQrxRjIHjYAOnXkeLEHY3EW7h1nNstEoLlsqpUgGr-XV5K7BxHzJlsvT6sVR3asCns54YVXUXlWAuzM4DEtYwas0vEPcyA9NsfYZTrh8VxRaLCpt_qXJA9yE5IJqIIviOt4mTstp4TYyNOVgxtunaD8dy_inYWTavZBc9WpYjssWmj0efNKhqvdAGPOKv5sDqGvrl45mOcVgLUefoSrnPg4Csx9zhWhkhclgODElPZ8Whw8RQcahT2JRlWGR-VokeMPUjFF9feMTc03egrge8RJZbXzzu-qDIlHLv4XomdwsMUq-x9nMvzEkkny_beEKCeVhjiLGymsfDbjyZpN1_qMDjeR6yJQ6aSOznrD1RGhvKNKg61r_eKT19Rg-L-G_G57V5dxwTpOh00492gVOTCat2SupLSPbRIKG5pc_fPSY1nUtbCVBLqN7rOplmUn-HTIuVCu5cGZFJQ73N_0PKUZHwNFTR5bQkeibedcD-Tn8JTH4AYwV8O-SoV7tZNFtthKzIBixhQiCfSqdqVatUhwf3ae96OFCZ12oeG1p1XlyljgSgmSoZeM_HLBYvd5rdegM8O8hrjKXoAFAy7_pbXl5isxF9ZtLY-Jl5tG_sErOovBencqJFvEkPOeVVKsPbnVPZDPpmPOMTRiK85RxyurVfCBg4y0pf9pW0B21TGtv8o_uOpc28oCvG6NSs1ENhlALjdcNLPip4xrio17V4tHh0AV9E_RfK77BkUaVOP6LLvbJEofHGwgMOuWyMhHkA6GuNPQyuGBovPGQJUP4rXgVhW6Ljb5MHLn9RoYLpoxtklZLaNBHu1lYsF-5YF6cVLaXHf2tKybt6M825X5_iHUfp8f8gEKcS1X-WrbNPXTbGX0Yij-nO54Z8rDU6t4K-cVbbnwP_8DR5agxX5gIux2FuSUYeqr9-64_fO4Wvz48PVWJJmLHSJb7V6IbDUDjbG3X_a9di38gbIPrhiQZzLtCqTQFCdrjuSo9Xhp37qqMi0t2FRga4-IYApaONWVtnq6Uqpx9HSmVz6PZ6OKu2YdON1bjiu7TP-eqslA==
Heraklion,35833,5,Greece,2026-10-10,Saturday,13:05:00,napközben,2026-10-15,Thursday,17:00:00,este,0,0,HER,https://www.kiwi.com/deep?affilid=mihalymisroriflights&currency=HUF&flightsId=0b771a0a51000000f9b84608_0%7C1a0a0b7751050000a7abef36_0&from=BUD&lang=en&passengers=1&to=HER&booking_token=HoCoGrOz7Hk9NF9m50tcUkgltjxUuBkfhW2af9Iw3K9yTly4W7prdwUMc2h0n2IEnbXv9ykGvpAXiOQVgWRSaghQ0xSd4LastQFFz2jrLB_tHbUBXaZi8xx_kG5PEbp9c9_4MViPMYzFyxkXeWGCymBR6K00NQrGk7FzRUIzDN6zEkHZ8Q8h333aqAMxtc6m4ycTwFWUX2GvctrfXfrypAH9kX5j4U2pGlPzpT6_OeQE7LHxOdo_9xEiyEKcnRCA_ekZWQDSswYKrUFKXV--k-fLRbwvXScy48ElGFPuE6quxz6c9Sz-X76u9EXQemUDkimpKKfsj20yOfLgGm3Okeqge_RmUr8WOST7BmaHal6qdSkfNHinrKLOz5rn6_mfnIADxw9WezY8fq9B473YM0c1wIOTYUgZevjvOnPuuGAJQ0usYdg47Uv1nbSZ_6rKSLo6bNKhGgUkxHfog9-7x6Keft1FH4cPixie89CnASdGRp61QY3mwjsPSPvjha5ipQH8JHdhjzjNNvL5OZOCGe_DCFKtMN_mPBOmfMECqThdQ7C7z6i8hcy8PYSmJ1nS09UG3rvfaNq_K9tgzDfpnYjn_hDaDTPff2nVz9oZU4ksdAKWM0Dst_6F4dfDXqEU_YSrK-BHAmSeTfehqVFQyr-lrufhBsU1TF9d-uoLpxC-bKfBA21dYTcLvaeR7lbg3d5yyPYPJFexHiw93KgqV2B4iS3ZdC5EbFu5G3d6kOoQul0diYdZWHF4uZpgVtzrOEbgaqCLlqfAMyLyPeHNbqISR9y0kMwM6ZwOKXnKx_l1akdOF1wg36SzXt5KWOsN_YDk3HklV3grBjEGIN7nYH4VyEacB2uWpLwqZwpBRXWWPGFdobe-0VksSGaQjBQ1SjSv6pcOQpnibWE8NUAvK4Dh-CJ7ejG3r-r1qXZ47XFPLaaudG93ZjR3P0x1l5B4x2kbXusGUg0cRH2uy5pru4egVX8OU1cpJIjRUrZ98waE-nf8wqXA9yBaTDqv-jpydAzfNF68kEODG9mDtbqXVlv1Yr93otDx6KLjyPBxvTq8lrG2u-5oCqQZYWBfcxFS2o1GGTGoG3_0jR3pUf_tERVYSvsxJ8FxkofVxmIOjhg2cpyC8wnz-QkMzkSWxyP5dEaY6URWxulUMVX0WXCFCdA==
Heraklion,35833,2,Greece,2026-10-13,Tuesday,17:20:00,este,2026-10-15,Thursday,17:00:00,este,0,0,HER,https://www.kiwi.com/deep?affilid=mihalymisroriflights&currency=HUF&flightsId=0b771a0a5103000029543199_0%7C1a0a0b7751050000a7abef36_0&from=BUD&lang=en&passengers=1&to=HER&booking_token=Hv91qkeQlAb4X0cZsG3_GgqU5_ONmno3RXktE_kQjbyWrR2f5znxH15tyewKjjdYeiHziliS7j0LSJMXIvMoh7YFKXHfr5VoRCjA-coRhAF5qaDkAQXwp02MYQgi2_5wnzGDnvGTf4uHR0hGY9VRqluKpDwAfgR2rsDM-4NLq43HQXC1SNTanMtBj-8h9o9XwYee9Rmtr0qlB-Lys7KGiWeGKaKg5u58J42zTMPRXrfsSVxm4YCSqPBcWLE6y81Vo4B_Hs_e6TOYUGg286UbMOWpYLgVjuML3lItk_rfIFCricyFbD5vRYDFvlR9GqE8cqnNwNe9ZsXWIfT5zbaoj1C4VCR1OzwcW_3PkZzZPiO09_MvCNeUjHskGKz2q3jv63rCInmd0PW6aoLqlRMsZLJin6W8rV1URklWuI1qkynrwif25QoR-0z1qZDGfmyRDIDX6Kmn-TL_g15N0ewALTmiPi38SAy99-SJdR7TKGUzx-afPaXF31jR4n7JZyTmWipdxZ9Qacp3eknG-4Ag6r-TgbbStYy5s5Sb9WlkqjZfyOe0boaq2_3CQmW2tSdZLaha2oHqQhent-qspFDPdQYD5JmYD_ew6eiDC7Xq6piDHE_9Jx-OSJOhfRwK7tl0oeYuVzkDlQpLoXa-h-_zAVX_Tgut_J339wN-E7sMyh9tJtKePn5dbP2sVwFUPdh4uytk8WGIsFtBDt2yB0fTqVmdEu3Lb2doE0Z8Lj4kLNzDEn705DEiIrcJsirVK5M301cyGiWs_luXUN4vD_x_k2N3U5p_ETdSRaBUxNub6WUQFUiaIND8u4e2HdLwYUy9QgwR94lz-3sgehfh6oxTRYDlla3-xhYMTDgXUPuHNqWMWWyrad5By_UB34iO2WJ1x90LvTUcIBApQJUlF2eC4Lh3GZvTiTx_F4Aq_UCRNVs-5ShKX7I7ewP2Kb9qxw_wDaAfS2Bl057CKf-94ak3lfbBw_nzTiX1laBTAwMz3USMzowB0cnRmGcEUk-cM4Rm6K93nnb9PWPGHdA8WEH1vqViRqEcYQvdNx7iIBAlywD3UVIYqUwuHRaguKHeEEJAnzjAxVvELNZBFyY_Is0eMvDcU5NFn7p4UaGSfsfChFrHeLv4NmwIkr4nt7eWJbIohVMxYrNGrL0ZHpzeTP4KsYIEOqjkWSvys6oKyxEtvcfk=
Craiova,35836,5,Romania,2027-02-02,Tuesday,06:15:00,reggel,2027-02-07,Sunday,11:55:00,napközben,1,1,CRA,https://www.kiwi.com/deep?affilid=mihalymisroriflights&currency=HUF&flightsId=0b77091e51730000e94d8f03_0%7C091e091851730000ada5be4b_0%7C09181f345178000016b87adc_0%7C1f340b7751780000ef549f85_0&from=BUD&lang=en&passengers=1&to=CRA&booking_token=HuNQ-G5IKNhhiLDlk9GzEbCaicnVDKMBq3THvcSfnwlHskN6vOH084LE-KOm63UER7JG44AkV1LIl5MoENPntQ6HHi6SGPj4mZfHGcIK35nWuZhFvJzCRmHgkMWJdolE1pKXiHDuKm2UCQ3jnC-DVz5rCJCa1kVz_pxpZ5DSGZWUG51-_EFKjp8bakkLuSjI2FrwVvrtQ1UOK2_kbTrqlTiR26BjEML36HPLO1CxqQPmx8HIIJ7LNS2z-DETEFdckj3jqcsY4Q1GriQzNhUTGVKvrmSKO-SE7feas9Xv4pyeqrePU_t6PydlpjPuK0_K86iYIhqvmGRK0IzE4_6UAteATYxQYZcRDndr7JNtWBLjKXzCT0Jpalae8D9nyPm_qzi-RhwMLFWVD7ilV3MFab_353UiZolqPUQO438Rkqb2Y_OTpTDRjdWm_r3oJ5ToVUwmE4UQqrRQtUF8JalzUxyZkdXEyjl3UjYZUCDRnfsQx1HP7Bd_GibiSBhPAX8Cl3b9qjw57NFrBLNpJG4m1KHLjsy2wZAw8-_SnhbDA8ZUn4xR1j1ciRH8yfuzg3hAm3d3xY7KJJf0V5ysCohSLMVZyMpSAspY-BYygdAfm5cCWGxw_8w5eKiz9VtLiwvwWiWTTE--6JLYymGGvAgqQkI5-lGx3REMdzCb-3hN5D7qq_ejPsv7rNgpPEJlgaOGflD9yQPhKB2qs-eZnY-A9GQg7-jiMyaXLFYocsdT_sJaOd9Qqtj2BAVEgnwWaL846WMR4WQIPyUkk7zeurHPnFYRhv_JPKMZAT4n0VDnetecmwAXqtFo5GbcrxoHidv5x0BwKsUiXWJD-8PqYEQFs2oJOMU_K4WNFmhx1nhTBHmhHnUPGME2IvxpDnrtbQLcOTyxwBtan1R_BxXbTg--JjqOeTisP8_RC0EYG22LVajC_21slwRQO-iilsUxQPado1c_ZMv03oVqQv2h0inaDe_z2chM8uuybt7pjiD294u4LbtQzNiijGofbsarXuBzodqP6awRNX7jrz7bK1vdkg8Hi1XsK-fl2vW6PD8t8nsCM457SGR_X1KOsbOYmC0gnUaSyO4n27WM2zER53e8oq7dyf8oA9eo59ye-KkXjAbc-H-_-JtdxfZ0Xl2HzsEiuALoSEVNtoKIe173gXeeW3RCGib4TTfK5xu74OyguwepnWJIHF63vxjDMUf9ipOAApkyxTUyGmLKDjKbHpH6_o87hAdtiEaglsqIL0-7SFGg-SeIEuJH36KxGOEBTNLSV0SRZvKjRPzYlZFO232CnQR0LZV2zg7UW5PEYKNp8hNw-U02aRNGDxxG4gGwmqS0L
Haugesund,35909,6,Norway,2026-12-30,Wednesday,17:20:00,este,2027-01-06,Wednesday,14:05:00,napközben,1,1,HAU,https://www.kiwi.com/deep?affilid=mihalymisroriflights&currency=HUF&flightsId=0b77078a51510000f9116e99_0%7C078a179851520000d11a85b0_0%7C1798078a515800002b2b0bf2_0%7C078a0b775159000042f233cd_0&from=BUD&lang=en&passengers=1&to=HAU&booking_token=H0mKzs9LER_h_8egp3uWfD57pbBrxfh9t-7FO2LW1bJOabaKW-IOdC3k39tZqKGSwmJ_IvYyGULu3Swsj-xJccmKUlmMtqrBaw0nHbyYaM1sc6wdWXsc6K71xQwN0xrz9oenVJsjdzlLpFj5F-WTi6w2-T13yF5TxRqkiZoq2j-slfhGdMWJrvYwRd9r3Kt9VdYrBbQmiiW8aDywn-wZi9yMDR52O4-5EeivcbDqAKZSE_-EMIm_RomanGF17x9_I-P2jq-uXmyxaYKw5HW4qNe9a4pyN3V4ynZ5sh_gtt-Eu35Lh_B1qex-Ens16LjKTRIKQkV8owln-xoikQYb32igjuKLtcLn8AxyxwyCGpKLJjNEeiWBf3TucDsS5gWizg-f4RaKJbzMTrgCeN0XRh7FdcPrI4e05ieByoQ2caS_P9rGbDIwRqaltCDu0QGy52UPwMz2BMJdVfaYA7DRsdXXmOBR_wpgrwlndDLND0Tk_27hSOhVt1XKGXhuXNm1B1CwNZNYmI3LSwqn3-ucyiwFpzJSj6xNVkAeu2XszfffG4GCV5-9tJKp2PegMKqifZOuaaOcS1JBQVjuYlXIkGw0P4U2evb94I6G_DV8Hf-sfF8kOvnu-TdBdBXFcQU0E1zBPUk1ackTp2ysKuqMZOe11itf_n0usd7mYhJxSzmVGhNdCPXc6Bx-s90vqKUagMkjSF_llVSdAN83_EfDu1u7WrWj9QJ3iyoAwq51cfG98MODOZF7KT1Vd-G27eDVgMAsipYkYeeqYReuosIOXtZ0SQnVCZAYFcoj-24MUREeuqU_9zOVn4YCPNjeFoEp1BsWf2Sr1C5Rr41ryXx1C6xHnESA5fgHNDmmqZG6b3cj2ibYI_8awoAO1gourd0YFtGmOIifstLt2vnozx-Mug8zK3BlyF_1IcO7msXZf_z3AJA2phLlJl9hFSzn8WSu1Cs17tYsLmYQh0wuRZ-DpvoLd5ig_8aUI8WI7Y5psznmNZk1MuBKep6asj_XagsaAEZ5pH3mvgfp3HgyrVNko54PAuaCYl9m4OQIfpNUhKGw8C02pcoluwRpKgWIJqBYj_oW9XEJGqvF3oPTXlzhT_KBcjniTFrdvUrtX99RKSiy-DdCwdAHbmQfl_tlb5qDChRZqM9W4gwNkE9eFHBHuxQlpH9KKYgwebVPFMB7HFc1ujKNvxTPunpU87yrepNfvLlNkX9FuZWyfrinoh3EK_DESqr9xYa7R-03YblXXTR5fQVVuuIi666pNlvclPZDbuNMWTnfsVdE5tVNyCn6CVkSwczdobQSFdtiOUBoAOWg=
Haugesund,35909,7,Norway,2026-12-30,Wednesday,17:20:00,este,2027-01-07,Thursday,14:05:00,napközben,1,1,HAU,https://www.kiwi.com/deep?affilid=mihalymisroriflights&currency=HUF&flightsId=0b77078a51510000f9116e99_0%7C078a179851520000d11a85b0_0%7C1798078a51590000a2e9338f_0%7C078a0b77515a00006ae5abce_0&from=BUD&lang=en&passengers=1&to=HAU&booking_token=Hos0MOqllewBnQLOuiY20xgrcz02BDKESwjGSFSqKWcwFJN9BG7qM4NbnC4p6YGhf5SD_otmT4O-tsNaQdfrOH70b3NUixlgSeLA7wa3Za4MdX3nZj0nSy4nhiSGEGD3PLBuB1Q5l7qHYgsRYvZnYFa4XGgMq8Nk8Oad09ZsCAxsepYANqBfgBfg0S8cYBAHRU1i-dOmGsst9bVYjv8TBIB6Aftt5V--i0TzX4SYdl6M1rRUPHI7Nmm121zvMKJVSB6Sx-awHfPbbxqh6GYBbmYmrur2LcEzMDaTp-Pn2K7YB5iM4Bqo3IFJd2ta3G6Qd1_pyfUzdh_7gt64csVLFSempnUHhe2R6uBU89xBtMuSNQNSzudM-wJ9SdfJ_tLV9QaMVaCGkhC6rmdi0W_fwxWaCMqF1zPlpjPXpLwY_2JZTOIAAnvg50KL-KmnRC7HaWUA9GnpSpDfcBDsYJFk-E3vp-X3YuHEOLP4BhbkBP7PmOm1EL6PasnSwkNHbMFzz1MR4kBcJ797YXB6Hy-07j4k0YV01Uxpk2QT-EV51KQ6oQxvoQwwudzAbzL0kd8TbyQdtnrzrMk-XJg9b-4itVhBu6SaIDYBgs8XlgUPKh9PcOccZWIaPYR98x8ewI91GPq7sgUajO5XD-Rg4mzMBMiGAtBTPFUeXyXs63PY3FB5otJhOInpMuYJM93gjabvXsHUfVZTXMxrGn4RHLk3w7FbvgVb9uWvZtBoOl0Wr4gRwRaGyjz6tpPOrT_HXH4LiThQdpcIlb4q_hA5dzfSRMcgSnxrwFdGg9ceSLB6rOG5EZUwYSOV9SLcZc_lUGFmJ2OR_OQWiMmXgsSIDk0lnxfOTxCXojnJRXEpO6EJnaWS_X_I3Im3MTrITlqzmMG9lDjQFa0lJFEWooIEXCTRyTUfxKj-n0OXOmwPFvwiRx15UdksnoWwlAWW0WyWORyiQkw9NkNLEL8P_oFR3NOlhFXHA74HYXbzcG1wMKB_kw0KVmy3JLD8fXS4wvoo0dKfFytbHLlKpe34RbpNwi2xhvkvjsy3PMatQ58wEJVlp6Z-9eJhEy1yYSj2O_145RZA1wSwlD5GjvG2_BfFVyjJk4BntMmactwo1YG-wS4nCsfPrCelCXr9hRJy41z12HDoJrkPX-JSe2W3OAJ1rw_iSfI-fezp3mDJmlaVh4LqWMHt9_qyBuleH37XQOFlBSg6d6X94n4jBCfZsy6bx2R_-lcFpu8l3vZIhWYtaeXtzyvF1N1YeUDz6u7vhTDOIowXQr4qKeUBLh9GgZnufT3v1XDYb7sZTfM1YEODbHPYYVOU=
Porto,35961,6,Portugal,2026-10-28,Wednesday,18:10:00,este,2026-11-04,Wednesday,19:55:00,este,1,1,OPO,https://www.kiwi.com/deep?affilid=mihalymisroriflights&currency=HUF&flightsId=0b7707f051120000355f5a23_0%7C07f0093e51130000984170d7_0%7C093e07f051190000dfaff0af_0%7C07f00b77511a0000d13a20c7_0&from=BUD&lang=en&passengers=1&to=OPO&booking_token=HI3S-_M3Di-ardRYd3JX4ym3X-VoUEVFPHtpe3MosbRSQ4uy0F5aJag2ob8ap1wTJ3sRYqzneTioJI5rQIh2vBy_HXnX_v2R2kDcFsRq0twLjmZbT9MjbESrq2NQhngnRZYJ5iPiTK6OfR4n_DDshdp5BrldqXVpWXUlOgpue9-9cnMD56j7lv0jwIOK_9WBzzapZyXxxooBUl8C3iI1D8Eg7YH-2nIuQK9mTuICfMR-xLda0LWp7F0MiluC-nKxlJBXNUapTUB_C5ZICVPLRC8VQVOvKxFj2CNFxLL9Z_y1EQ9Xtl84yrEjHuiNCk7DbotRN19EX7Ys8kNtuMGK86oVTcTqHKi99NWXjXLNu9zpJ70PhgZxf9muIQw_HyJjwfqsLaFcVlCl6nwF5yVAhdLIp7tsnkr-1P6_M2HP7b1csyo4o5IE1AkhcJ8HgVufYNOrnt59nGZXKyUc428iruQwJqlY2qb4pa0XfkJa2cVJeXf057Xt5EoqZavzg0gNeY3PjrX4dO_NAiIQO5r7EU7T3UNTNLhgfu1iMGRVYaRYogDDMMV431M1wAT-auELztT0exw86dW3n06DXdK-Z_jRwVhiPrIzck5b4j6TMmaE86WwtTWWNMIxrgJaJ8F2aUGeMSI7W5Rz5lTafqRhv9L1jWymvjesfYchQf5JCOAXIBtbIEN5dASqUvUsGz7L1pD6uinZqZIwKnLXsjvfcEG8xKrFYi-CODHF-p4lNtGRNjxTyCMGERrN9QMscYxbdRT3L98rSQr5hU1_RgxLlbTJBU8ncfZb9QHPuKYiu0ZM8lEhiQuunv5s9_AD-oZvppwOkbAzRgEP2z53rz3bA-H2znqDes-XOncTv4OFF_W7ai-PPZJzN4WC2f7_be5ffxRb7Kar_K6xG7xHKvnQtU8q7Wo8sET8nGLYAL4cymfpoKcqfzFWpgAc3-wy8FiAP3kXci2wtNdOo-L_HYrqZ9urQ6dc0T3FN3EBXBGGD7-NAWVEv9sylMtuZJ6qSLk7svIm-NbKFfCXK964-WG-yLJTDerG6J4ZRnRMwj2KcO5ol8h_OPmx8FCnARKmY6SIpSs6epyPTN3OGwU_ahGemmStGM_kEfghVLF9bWxuOJvnUZ2szzP0wNZEVgSSVUGebYCJc34-BYWeoSo3ub5OF_4dTaSHlz6oImnc5zrX9R84x6UdZgMiNlmtdIGxaQ--wwEXQM-Ff4aZHVAbymMUWerXcHFFqz3vtfwUwHhLFdO8r5mYIjZ0OiKwoonXq-2uwwUECG5zc5oqLChhQUBjCTcVA6e-nSw7d-_TV6kN3xT0=
Porto,35970,1,Portugal,2027-01-14,Thursday,08:25:00,reggel,2027-01-15,Friday,19:55:00,este,1,1,OPO,https://www.kiwi.com/deep?affilid=mihalymisroriflights&currency=HUF&flightsId=0b7707f051600000558bcf0d_0%7C07f0093e51600000c8c659fa_0%7C093e07f051610000b20ffe31_0%7C07f00b7751620000c289db5a_0&from=BUD&lang=en&passengers=1&to=OPO&booking_token=HiCWULWEBqWUa2cwN5YU8XBU8vYixirtJWR89GZp_73JCORZjgZWYUJ645HoX476ZZIufGNadp7KWvniZuIChf9Oha5uBQBMpg_uS7FlWKn2gc096F9sG-mUnjRDSHcBRUlRyKDlXGb8WiofBpVSoy516h74jNqzewmCZpiWB-9KIxoistA13CxUbfSOnwnggO7kf_GnfwXV2hf6_jEowNhIYDACAd3LB72Ti6DooPGH61SJ9xcUAitmwHxLQPeJPm-fUAul4d6QPGPRVW3MBYR1vmLoT9oYCwi1-jehzJSYDizHnp5vm1v1FErEcBIZAZ3nj_x1Si8m-FE3beGNFgK8hZkarrmkk7hqcwbuz_u1HE_-6ldktuJvuErQlJaBkpu_NSgrUQAoJTexYBURQwXpOlE_TyPjhFA-gozw0_P1fPl2vZPpVY1LEmqPFUz1p7fv4JU3MBCm9UHRmze9xJaYLuMWO-Kh9PhfSKzsAPAT8Y0rCn9-8vECzgZL5EW0ekoWAEUm60D8PEwFAvWlUzT0ntlkp_yeZFcQaF5FYhrjOryzPz14zZQgTvarE7p9jT4L3mxIy8SIRMnY16HOlMehy284opakWuM-jOBdr_B9E0C7hLPxJzfiVSFXWCbiBtkO9xM7LfAm4cOp_EJqg_uQD4sB4J_TAPSC8UtmlsNYoCFpg0EhgBQhMwjScJxKxWLjbzyp8-1bumu_V98Z3v_6ZdZl-TuOzjR9dO8_BJ0vB3ZuWio73dg1zqroAIsA7LWgp9hggBrJo1pNYY6Xk08x40DqD72rmiEecjIN9N3sHpmKpTQcoJuHcBYdRttOooikFytPakYrrLSvocI1TZyCDZVC4ReVIRLzbDYw6G24AOjfpIwX5Ri-SISMqlyltc1j6lgus8YcL5nBoO0UoFsbb29fK1DQQOAgBUh4f0z1pN5KRWDExYwyhzDb_jCPanyEhiv-kyVua-OiBnfJY-NQuWgGr-Nt62KwQOoz9BXL8P9O9-QXpLZrUeQfITE1mXw6GY4hJj01HX3quSFf2H2TU-Jovwk4xdvz4LxZRLMzAW7rnqZfrUmoYPB8msP3NkTDqng7hc2AYvgzab1I_01sbe-DTr_Zj_3D3taJW86FtfSipveyA-t37jqkj5qbPXH1fbPy-Ib6kMk09ewvI2tVrCQXzAT_Y3ez9Tlu7i9QYII1uu0qKFts44_LHWtLWWD0snh96hjIzMP0HWbZW1pUZwjBgyfKMrnq1b2fvigm9TQI07lHTMC34bDFbex0t8c5akye0MndEW29Fp1hETmm5rOHr9Kz05Q8S0tVTswG6i0xiQnch7cvmAWtEgkNA
Porto,36007,5,Portugal,2026-11-25,Wednesday,08:25:00,reggel,2026-11-30,Monday,19:55:00,este,1,1,OPO,https://www.kiwi.com/deep?affilid=mihalymisroriflights&currency=HUF&flightsId=0b7707f0512e000085dcff38_0%7C07f0093e512e0000189169cf_0%7C093e07f0513300005c6df202_0%7C07f00b7751340000d0ed14e2_0&from=BUD&lang=en&passengers=1&to=OPO&booking_token=HMlB9_tzjQTryNzrfwXRkocsIYsgio3bF8_sQO3qndPmn_NYX_SdPzfp3CWLss34SmzVNH8eP29n5POW7b4zE2ON37LVQjn8v7G3BcuHPVctLJXw1pqXNmVtoekS7y9L-y38gLPDRtjGP-wbfffbHQyQ499eWgKJk-PRgN2Z1FXlcB78UXbghuKBVLi7dGLO3iHTqOgu_V5IkN9jP9eJGcT3r-SN7XPQFd30qrwQRBTtmd9ypgl_y3KPteskbir4vkNXFL_HwuO9XyFMOKJWNmZ81hJYjFKKZqANGLFJhbFy0OCtFAMmEspkV6M0F_aPlvB21ZiH6BMMDRI4h6vLDd5HtPlAXxRV4dJXXXKB5OF84UDlj2RN57qZa4T2G1dTW2TY-n4_U0dohcbbsepLdn9csLXoZ3LqzJ4lZRPGu9nPtgpqkuaxQ0BaamrABho7EaAE6EiQ5QZol3Mnviods60E_-A2wfxLrl4iqaTrR4h4NAgI9RgGoh0urO3i_Q6VGEmaWu1yM5DQp4xOVOE-GJ3nz6_CYX_i7FMaZSuGLPnDtTsjVYeQ5RSSyC_1KWxWEA5CBffv5sGwny9vRTSjITcMHum934DwUK_fOH_IH9ZJCX6sQmeO-0BfVlxUpGpaDTF7mL7QizZvfU73IU-GcRyVPEelwUnhSBWLc8URXEcziWvF-hOSZdi9Y1GqO5tqeMyX30g-mcTlLKvpnBJDxKIDrIUslHatuNNzaEPiSa9HX1L247181I-UgGlTmuHCr1fCA5xe9iQsGX3k80SVkqh-dUuk7tlbs2jfbA3GBRETvrHS_8mDLzooY13wJ6Zi0TClPdTJssv1c0r-BESL_2f38qekgvJStMy3G-BCFQRN62htZVHLh5fACnBL08viPUjsJBO2-a-uLjvs2aFNUcxONzEf9UmyBiqbSpu-7rJmoxem7rMi8hW9PhBHYKCc6dDlCXFfRFjmNszJoZhlM0qzGb9P7uEtSxToWIC4K2g_Sbkgposi9m0JlWYY6-AjiwEjXaeQFb68R3M2BdVupztjFZS-KFyQEB2NJYnWJ8DBn1fCtGv7M48XZrrx9vMXfE5qgG71Ev5Fck2AKmBttisp72zVRSPzt4VTNG9xCHQZ0VGUop2SIYCy_uxiK3mrMGtzxho-5mWPVYkq7kOwqR-S6lChhHsnU0wiJgnxQd4i8B2j-G-t3uYg59BwpYLrkUdZmVgEiFBJuizv32kIbmsztPN8NV9nz6PBW77mJJTIkvpf9x2r-T4JXMULlNMdrTAvCM44boSvvsYn4PEpwqiVoUJ220waVxQ6aiedCxRs=
Hamburg,36044,7,Germany,2026-12-23,Wednesday,17:20:00,este,2026-12-31,Thursday,15:15:00,napközben,1,1,HAM,https://www.kiwi.com/deep?affilid=mihalymisroriflights&currency=HUF&flightsId=0b77078a514a0000b44e8b8e_0%7C078a1788514b00002ede987b_0%7C17880f58515200009b77c8c8_0%7C0f580b775153000032004c58_0&from=BUD&lang=en&passengers=1&to=HAM&booking_token=H3vmluwnZIwE-OwOproU5NRwqHRh5LkZHl2E9eTGRx9KCJWaE0sfV1IXGRHgL6mJk3OuQlsdeNYAARuxXNjQvgXrYbumGa-ksjj2DLaBXY6kYtaex7Wcv4jskJvTmVTb-PMmv__22_7-Qe-5q6egvhuG4a_R8yilloXtGMF4N6LgcnCbffc-qkHUH56uE9Sr_nI75ijHdOkrgpRZ7yHACuE4JVjHLM4VYFHKGifAbYfmzNm2Cl6Nbt29srYdHt-A4sMF40PVymnJbIDVNmhZTmSguFYTc4ek-vdRmUcP5zErZPzvLccNT1z3mtcsFhME5h7dY1SPdqatQ431YfVlV0eJOaoFgMhXyyykPX7o6MOiQ2ejwpxjtngORbqRahMRGRNdqlIweNIH9pDIjlJvd-UNItXCU9VouzgW9uKZPdgv3gqFkgSwarAVdWgEnQh2ge8p-mBAU31itx4M35XTsRU0fooDMB1Bp17xPN645lYMoqHiuPJRQMpyanUE-jk0NSW4lgU0K8EAPX6XVWSL1CkIHtYktCK6_jMKtCsuSw7jjscAK_CJbnerQHLSU7Po-Y4cDyFkaE4dkyeZ_bPjosXqpL1KrlRPH3Xg-sx4LoVXEvKVnPJgz0peaOx-AQJB-DSAviVEQu5xBF2mD-oQBwz7dHfLDdjn4CMXf1u6fJ1uEO3BiXZc52Qerbj61UbH8tElouBgAEL6yoC0g02OqMP2o-2jUL_ZWTvG5TiG4v1su9ShOCvaDeSUY1v8Nn4lyVVf_rE7n2q8GBiyEgg9Nad5DMSMrKXXhvI2aXnsSKbXyRwcw5j_QP4cuuDtdVB_gySrB1vz0QuEVG_S8vzEHWOPEzwAQYj-wzwEJNbpBWhbhvBLH7TTZ_YxD7hfQ_UvPeQvS6BeYY-pGPr1Cy3xs7FIpNJO21DMmgGFvDIP2KShH2BoKFsdyXdq_dJseJK3PTK-u0MNeG_BAPZFgIJpYtQ9xP0hTu3J_FM7bIBUZQzCT8oJ1a-FgrlWt3bnIvpbVlQ8yRoQNunX6svbu62JwHw0iEe6zIBi0W_9Cj_EU90HGd7x6TYmg3O3qk9GQI_Z_fPiNSv7UaMQx3jbYTbIGsNoqC0uxZvBTnlNR6RxhaLHaRUITuJpQmYsE9VjKeyHeLSVdbenDE4a373d1bb0VnXYIP5lU0pfkcRDWyG_-KsXSRWSwBRY5WpdyvlC1cgdF64PxR3iaNrzMbhokanY6TAt9b9e0TEj7Cfi8WKrOWmgzI1__wURDcJVKuHXY6xubcrOW_wdJjoj476kH1FTkpje1kmtHSPRgMmZedkjFWmvc2N3zuTimjwHQPdiMvTgwOAfNffKpwaq3rnAPcrAQ6Q==
Ålesund,36498,5,Norway,2026-12-02,Wednesday,17:20:00,este,2026-12-08,Tuesday,12:55:00,napközben,1,1,AES,https://www.kiwi.com/deep?affilid=mihalymisroriflights&currency=HUF&flightsId=0b77078a51350000bcc1f8c7_0%7C078a1bc451360000cf56bc1d_0%7C1bc4078a513b0000709468a7_0%7C078a0b77513c0000699c0485_0&from=BUD&lang=en&passengers=1&to=AES&booking_token=HBMFAq7cqijUbXmB4UrmHPOFYitetzOg1tCkaauLEHYFRAJj8Ry7yk6YKt5PXzTYdctgR4Uyjve77xdHbydNgeavLWdiDV3sxZEo2b_tAH26EGsQ9u0YsIk0CYJwx6MyHJtigGKdDqExT1qSTPiwE6OFYmOze5XSp4tWSIAE8W9D7Y5WyBNRIhPCk4cwnTAvWu7k-JWE5Y4SqwHImd6z8ST1XF-2VQffBwYC8afg7yLAK5eLsYTQUQ8KokVKRNJJXsdxlY4ZAnYTlKAj6mOWs0vYeB7SVDtRoT79xFYl890RgZoOWk4IVFpgCecAy0T-GaCU0NUBnWxtjeO_xdgFiFOysvWJJzV5A2pfSVhzUmHrWweAdFuBubFdzSmLgz3q50JCLQ7OsrYfnT4clPOuQu6ka_SL9Yf-s39LTS5TvE7CHdoq09D8zC9tAmUpktC_YCvzfTcdkPk4P234H3alHE8jPFiXmyBP7pjBRhWgh4BbOE-1vfrXrzPL55UHxFdXhG2u2_nx3PCKP0YXkX5Tw2Cd7VtWYpZ9yJBuvRfe4oMpz7dcqQpFf95dEyYQlHJrwGtskHhSYHsL_i5t0h34VmOIl9jiunYCRCzXchKSssrN8Xgqfd1N4u210YvWVHwOFrvp7nNJQEcckypvykdKZscCrYlsAxEvanLUAql-ioNRy2Cal7ExAC71PEFtUbrolwUsSR4kJBFaZpS6BzYg7w8UnXI2htAwwDdLLzXxxJI2jTeg8dDdHbgIQmpvcsx0qTmzC7sICofr09zf3YoEHSTkUK670vapKXEhM9U5olutMCbjnbJw0UoBtPUTYXQ3ROZmJ0bMeVBRKczOfBfMRnzm1Li-LTet6-N6AFWROvUmfM525U-08JTint_Xei2ikPDzBcnVVXVyHw5RDtKWWgI-FraofewdTWMdmM6RibocyyEHEn1_vsR1Jm7XaWq-0dtggaV5OgPJP5IUzISU4iFhrLMSriDO3vSX_QpQO2rycxfGc4SH-2VY64QeLe89JYnfMDn9uhtDL8ka-czXohOQV_gg-5FhN8_zHQYQkzrxKggymkrdeM5p8ycvtra1zr3_RZ8tF6OjfxOHbAOMG7Bn3YGg9gnqzMa3APRrM7K3p-XssjqA6VVsh85Nvest5eIzFAnSG1R8V_wu0Oi4waifU8PwoAViE5IKLuk2F4Rx49DV9mBkSZzCx4I1EV76CrP8Dex_-UQ4paLY5zG62i_PR1jXWy96V0o4c9ZBE_SR_zrDqdgyXEmAdi_KK80_yNyZ_dMsMlml-EZ4ypkCfnO7c2hBi3ZMK28kQDjvJysdp2WSXFuSmsyzzNhSf7xSZ9dudQ05U0--HxjuO2CY39A==
Olbia,36719,3,Italy,2026-11-01,Sunday,08:25:00,reggel,2026-11-04,Wednesday,18:00:00,este,1,1,OLB,https://www.kiwi.com/deep?affilid=mihalymisroriflights&currency=HUF&flightsId=0b7707f05116000081338712_0%7C07f01c3151160000ff8cc470_0%7C1c3107f0511900000ae9215d_0%7C07f00b77511a0000d13a20c7_0&from=BUD&lang=en&passengers=1&to=OLB&booking_token=HoxQJnCRalZjSjOTSByUrS3qqYMzkTgh5148_8aWLqVoATJZO-By75sAjoOjBKrPBz6mLwE_8XobdOPPLyjy1JAjuJcVeGmnRstUWvy-hLbYXfZZf2PqbCEUaZoTD9tVLFYsYmuFYXtoARWHz4YbxLdakwxGklvZlyENzhM_VUCzH4z4nB0D6UXAlNJgN11ddARfH6KnU7SGSMLLjzRPIXhVAS_QMXsVkvKoSl6thONAQakciuH_NmY_W42NDy44k6KCPwLNbdxdMgW1lpqU6RGJAoTZJNhcmFmtWK84GcaqXd8yJBGD995oNFProfc60ypWB4vh41QRzub7ArCcbo7v5ZqCGw10nAD9fdz1wdEPoYFRWqRBrUPOoD6uc4GwHb2iVXu3o9tqhzdYVUr5bF15h8U4y9UmVlUkAeK58cLaV1ydK8u_JKwZH_GkgCG8l7VMR7rtMoIplbWz_LqHuDHf75x3vZ7HRYtxZFwBF_G9ttHhrUXkOrgcaQ8a0UhprPXFZu2EOeUS8RoiLGCI2QUSu092fYV-hKgF5lfu-fTRDMVBdfCwJlo_GX_EIrtGhQqsMY5K_d1iA8RZKFggofPtuSGG7x_GD7ERh3xo3mXg5Xh7olODrPuMlq-Jyh59EA1DQa6kcJFcxRlTYy8SBjlhRCIcekQ4UlR2vYTtq8YQcfcbYYw8qrlEWtjCvhKuHK_4IwGpulnblt_-O2rgeBx-nBrN7jYp4YP1WeRI9NtMKO_pDatI6RyBb-4WWXWpWqXbolSVehRDGg-ExFi32cbddO7x62WS2K8lw2QOrk9sETAbvdCKNFFQRAiUVnKA2dYR9wxB11SacD1TV96zOR74iEg2oNtOHbykp7IK7GQHDjR5FUCvWSi3F3CysWdnvX10aeo8R_fTr98icXX2h2Pw3hD-IYUVW6rBvqCwyrjGHLlh3FFbpEhiT3vldBVAuMKYyTXhYXWCHl5cB2yLOVCyV0K2sjUkeZx0HGHTVUcNh7A8dp58J162GoEiAUlP9NqqVUjSefhlIENH4-0LH_jZs3TSZaiRbW7gAK5Mv1WEWhiJvkxgrHKnSYN9gaA4nf-FRRkAww3mJ1FjPyBZSAfx0zXkn_mRB0yxY_Fe5X97A8FEUfQWoLdfD5iDdSHQ02ltaeHZTVxpw1_280o8MyEd3nFta2ToFjnZgYwfKtIGEgKgrw76PgVDVz84yBoE6W292GVUoeAom_QmLyWfwYd3-mhdD6ZwgbO0YUO94FuVSWAPdktRlRmWkpEdlAMsF4wx3fS3GI2Qkl3PiZJYFS_ASaJ5deIBECp9hjVhfNEk256H5yTh0qv2BsYFATMYy6NPgnbGvrrrJUJdlOhFRSA==
Pristina,36768,4,Kosovo,2026-11-09,Monday,18:10:00,este,2026-11-14,Saturday,18:00:00,este,1,1,PRN,https://www.kiwi.com/deep?affilid=mihalymisroriflights&currency=HUF&flightsId=0b7707f0511e00007dbf3996_0%7C07f00d38511f000046683a83_0%7C0d3807f0512300009b9e83d5_0%7C07f00b7751240000ae77ff07_0&from=BUD&lang=en&passengers=1&to=PRN&booking_token=HF3GtDF85drSfS0WESGuhho8dKmwd6SRnMmPwm2sj3mZ4SsoB2KDeaFbYazGMoCyTN5b4QyVE3D_7DQ0mcWbFSBLwYp5cl9EuRh-82_ZgHnO17lo-mKA2Uwhe2xtnkdTzimbCi0RkD9JkHIfRePdc8Vq65xYEmGmtrWcNO_RqyEEUK3rSlj2Df2Z-ncq1zhffOMWFe2xpuv7w3zXs4z3QYsQq9uxiy32juBJ_WYnOeGIFAd3oPyCH1d1Ruujt7AIGmDng2oHgN7Y5xH1y9jblWThvda_D1sTbtmiLwpJWfWk9DyUFdESU37J6ubQI77FYw0jiILEEZ0N_psMfhCi2d-_QTwaQpNSgEBi_jVE3sfiy1QDi8Y9yCivgLhy9KBgM-aR0X4Vdx0Xks2tPJIVCXhOOTjyISgli18XOXewNl5ABxiPa1ZZswXI-fTdH55afObiJsQzuWNH4ijlO1UzdnHbxCEsnbe6FdNAt4t3awqnepPsxD_xETXWRsnXufMaw_0OaQzVBkbzOShmIK41AwTB5hIuKSoB_2jeXWcJ7AyjkDNN6NL0M1GHPgHW-4Vvu3B7UOJA3ogGR3vXID2EFT5bZpSWdqwToGrSWx01D3e1z4uHTb1EdeMRqGQqr2ISdABCRElCLfUaP0qaQMGCR0Te__Sb0DoeK8uqyAhs53UVLMP3R9u8rfWYj7ylBQ0b0FhINYeIxhjLKnaou-d06ft2ie7nBPXc-BStTHpxMUlRMThasGVTLL_hGhNG4O22bPpmvjwtnGKgakweZYU5vMQszFM6qZLkEm5Nfqsxh2Rf30WkwSeSbH8h0UXHk-4ov8lAXx9M5h-8XEBjy2fePRC6W10zSXzsQGwKOo-OmCgdgm6aWIXI3jVC9CmolwPSByy71iMCht_WXsBve3JGnxHb091p4mHa2jQgMmKPYnMkG6QRky5509HNJIgs_DD7C_Hvl2FlrGaAy2TfHZBX_77wMSguz27HVVf-I5_HnKhJHyJwwvYxouny7Sr2MJoo3F1C5esNtUJWiES0QfzusexqxLvoBoHqs_tH4YjlSrmGKYCSi5kK35ubj2nWQQDvtjUNv2a6SfaGhfGuxUdZ92lIrL9jYkdK--t7tPJob_kWPbyF9q6szsZdkylVZ-VApCJ9iua2Dqq8cqEZpqUeCvir_zITtIUkv0Ge0at3E5Y4s33oJ7YY9GWTlW4BsuZ0OEeRpXKVofvxE3jBXjsn6upv9OuSn2NP2Gh0ekKjmrLtizz7wn7ey2qSoZimqTAdjy5x8LFr4kc4BGvmZ81nLHcohFGg8KXXqH4QChE-G1dlQTPsMzRsfn8RdnnwwjFWJ6maBbA4qe4Gt4wl_VBmHlg==
Pristina,36792,2,Kosovo,2026-11-12,Thursday,08:25:00,reggel,2026-11-14,Saturday,18:00:00,este,1,1,PRN,https://www.kiwi.com/deep?affilid=mihalymisroriflights&currency=HUF&flightsId=0b7707f051210000841febd7_0%7C07f00d385121000013018494_0%7C0d3807f0512300009b9e83d5_0%7C07f00b7751240000ae77ff07_0&from=BUD&lang=en&passengers=1&to=PRN&booking_token=HSmU2dsFLUot2WERysr8CAh50Bgc20aXAuf1K4sqlrF4u5LlfDZPAzNaSRpDH1jSO1GAQaxuGVBCYFEqIHHKPn6PJwXDWlf_JecyxFAufi9iAvPhpRnLh-6VC4AGCaSRp-lpOr07BfOLYc8zThmPo46ssb9bOk52WoxEuJxJR9U61F2tuTOPa2EQy842u7uq5J2hm88NJAGuOpvEuZhcaimGhLvNuwWqTh92XIqWmx97iPnlcxIkpLRIuJYAedtapApG8yvUj9TQXzHesR46t_wTGNAc76UsdattHXI-vfnIMztsCpAHNrHh6JXOm3OfvMystJSIhsKAQI2e0K3lcCrH_NfaPBexCskm-BOV_VtX3qkql8GHSIL9Q_1aqhFq1uZXk07rPBoXUUDf2w1m079r17haNtnMt7rQgC-kjxk06hJwS1JA8iQ__kc2dVZ5qWZasZ5nil0rRgqAu8V4UYoUmP-W1MPaekN9LYX4Ao5KnxvJK3u0u5xO3D2SDZXdlf30-2HxTsjyhnemNVv_xjvediuXCHiJ-UimGD2gGdp1Fkn7Y6nXh81IYGe9SX15miSEXjQ62jd9UtVfJZrn5jSwehYJpRnzgJyYm_WhezFGEAJUV9ZfxCtXqhtcxGcVwT6kNaemeimOnrCwMBZuVJV0fidVHK_evPPX4eysLwWXwbOTL-YENf9x7Wn_VMRePcQBPs73FGs6yALGRr91Q6-XODV1EcHeAtPaasi8lqY3X3GUEEwXT8ncylqegGXOB2JWcmkzNrY0EB34qeDvRrUueVkQKkczsYc-z8jAeBTLVt8IEcdeWvu2bEH-rn277DUwr-2DeI7RQ1NeF0rkap7wcN9lnNGCo01DtQvU51KA-nD7Osvrd6BQ9sFqkpHQrE3KIhJagh86lbe_lKKZbYcJx7TExNOqSR7o6YhjXpjcD-W3MV8dbqf9vvYUVqi1YFZhkZ6KXbDiK6YywSHF5oFbllGxF91_vZefGsq97e4VULMyzmkSrruw2iVHJREtOLRsmFtJvoXI-sTYPuCYStRlnCE0nVn_6uPvKNi5iucyVlJ8hUdGXa0CTx6aoRsyLgyOrn1if3oRFGpafStUq_G9cUiW7YqZC2TRzt8UpfBCBLxs_74eNwqHClkg5mnibOwqjwuv0fofL_8g2lYQAvMNktXlKx-n8hesyT8l2fWNIGlKroRcl-v-Wt2rk0WIHlhInVr4gcxMnML8YkKP8gLmZ8XFUyR_3jTuBzPQ_tQJe1cDCfzmnXmXg4HPY0dnRFAFDRvYOyE15R_MmIFvZquYv1aBT_6vF_0Cck9ToHnmFxn5oXyUqnsydBJIBdbT0
Pristina,36808,5,Kosovo,2027-01-27,Wednesday,18:10:00,este,2027-02-02,Tuesday,12:55:00,napközben,1,1,PRN,https://www.kiwi.com/deep?affilid=mihalymisroriflights&currency=HUF&flightsId=0b7707f0516d0000f720ebc8_0%7C07f00d38516e00001736f79a_0%7C0d3807f051730000164aee84_0%7C07f00b77517400000961cb5d_0&from=BUD&lang=en&passengers=1&to=PRN&booking_token=HkdevCBW6aK0FZ9W84WPRBLriLsv40DuicT9Ko385u3jbV1heu010IXgQPitz4LiKB4i40Vi452Yn3qyBJD46TnpJB7Jpcec0lBmnXtVu7Qw2vxRapyvs7DDKl-o89l1RYogJ5-pP_gyTd4g_mJsI0mxiS0F6sFxBPVwr4FNFebN_GX1_t-WCvxNYp6v_Ade2nnrhAkrAOPesqbLwARWwuehrugtZYPHbKhS6f-4sPdgc9CSZ7OUG3m30JydY20PGockeDm4457GAGDxdLbBFIwwSQcjZ78c5-Zj7pysVVOZu2kTprKok1olNuzy_kRr_AXR-lNIhiXhbow-xQUj7isCzaoHl5HDZ6fAhnXWpHVnVXYYH-tZTGSt4CQuPgB0Ss8ctq-d4aT7Sttv7l8gEsX1Cr9MCVvqppFWlcZ_aWLB8AmF80if4CWZuYBzkSFuDKNGyOnq_vV0cD1RIfRr2R7PSk7i1VPS87KwU88_d5JEn5qCJtqsrensBTBK5kHIleUw7XWT85MZhifLyj1Z5GBkUyzkuVc-0O2pjAGTJPk-qpXMrvhC8jh5oY_2gMlbpzWYMz5YSUROO2gndaswbVnyS0OSmgZEvuEIS_r_beZTPW3WYpNH5AH-xjpI08uxR_5HXp05nPuUe5ttWS449fPx14BtGx59lMFksq7eK9Vy84-ZtE7TgxIyNmUOGVATp53DywclIH2xx2XCrUZ9TLLzl4v_SuE4OOsdS7HrCTjOK2oR8Uv6dqzSvMvZQ98FzHjQVj4sgR0grXbw0bB54LU7DZA2u8a0APKGnaQm5u6zGjfGQyN07oXtNRV_NDu2Ot4rA35ot2N6AIYgK1saIKwuM_z0m4jJm-rkvdb9LWaScHrjw0VzBv7KpEU25QXuAZcVdY7zG53l3rxFJvjMIz_V_uK0x4K3JM_N3dg9nBNbJTgQyv8G35Ff9OSodPachf015abp3cNwzJc7HBqE6haX97_8c95O_1gXn5_-UqVLiihGQeXeMDu4E0t7tz_kMW7kiHST9W5zU7WWQgwhdFVk9SjL4D6pAVYl7TqtNx55voP7Xrk0ZnTDzCLkPD6I9ps5Lgsyts9pRI2mxuQdn2TowjIHoVP1wa8XnSenPcMwcJ6v_1jEnc8ApBcqxoLralQiX_aA3dbniyFv0OKR79BB4suZsgGbKo9BWVylP3iiLkZpnL_gjhHKwQvVKcJfjRO8b-bjRMj_MUXK03fDlTETE6IHnLLoYPPgji3lOfgJxvjqT3ONREad8G2FYqF8zxSOamzBr2RQGpxaPtDrAeV1zODhlnpIOpzx_nW9mhGUmXBktxHdazdRRFc4xx2jWJgqNYWxtlPLY9_IKXIzzsw==
Tromsø,36869,3,Norway,2027-01-14,Thursday,12:10:00,napközben,2027-01-17,Sunday,21:05:00,este,1,1,TOS,https://www.kiwi.com/deep?affilid=mihalymisroriflights&currency=HUF&flightsId=0b77119a51605163bdec8cc0_0%7C0b77119a51605163bdec8cc0_1%7C0b77119a51605163bdec8cc0_2%7C0b77119a51605163bdec8cc0_3&from=BUD&lang=en&passengers=1&to=TOS&booking_token=HUajSp86F2juVmF2kDkrBsxMSiWMrH7gn2PpKvwZZR1Tm5_Xv8q-vLsATSBMyn6E-NgrbuUdm5sX66EJPnFZpsRbmwBlSVRSkelTb8s8r6A3XXXrQep64d6JZySju37SQ5ljSoJS3iboyPi9X1WmVzIlYqH7B4u1wJSkI_6zZXqvG_0xEA929Mqr23J492YMp2jcxRs-atQ0_BjB1Yg3mC0ixzPg-YpK_bP-OdS8oFxa8t0FhAkpMlEbzr5WBRzQVPVJ9dh0Nw8awxYcpFQuLJi9N1YfJseoFfouWuqQmNaMAt3tuBerqdAWvi0JqhrjKfv8MUFO1A2OOy2ubYr2aCUHMTcV6MF7Ad7T2HEcP75DK4DlkuWoccONeOPsAUC-KRZhi6gLqVxNr03r1Qv93JM07PKIh8Xn7fOPA8iJ4DeBQqHF7THigKZNrYTVnvTrV0PSCa7pp2aYpqSvzbW1HwWOCahTRiYtLzY8KGCrGrOrRfEXTI2pE8adp2GdtyKty5eYUgamujWs0Gw_DkGzlo3dHm3rFzBJtu00dJ2-epvFpyl69EoDIOstntmhKBumTdDEBMhTh3dIqkozfE-l3DyF9PI-AbJQFNXrddruLQ-xLLPQ1_F3JJyt4ORFK6o88QG8KISR-yqRSp_2UvJCT7pdZt1l_kwknbVurG3J41WonbmWtMtuebp5X8BCSnpC0sAHfT-2Ujw2hMsespXgJQmCTVgvlKsUhqE9ZEC4Qbne2-ZIk736NkXPjMoVFwPiXOHoY-DzFsg_t20V7H04GK2qmeBBwVlIOKcyF9xe4MRbMRaMIFcBWRsZGtZzvjgmpL87vVs2pmn-hUTQvEBzG2Ezvj6GS0SV-xoMn2zYraA-66Nz1gOyXBZV0gu5j_fxN7iQy5lbn9WMFzpnxD0QvfWsw-XnWtlywxCfpKi0utV7vb9V5kBnDoZvv3ZJpg0g8gkjtWOZotswJxdfBY60wEsp4xWrAJDbnztXL4lep1_QdmIxI4SdKsYgCXlAijcaV7ba4Tob8jfYlSOGsMRjDj3R2NvNK3IrMdHT8MPh-ynC_1tFuRGK6SBZ0yoE42rjcm7OvoFygFZSrM3qv55goWnJQMpwbdjzfc8z_NHVJE9VudPPcQV5YsBIWwmGl6Oo09ETBl7Ju-emjPmuGscMtrQ==
Florence,37028,4,Italy,2027-01-13,Wednesday,18:40:00,este,2027-01-18,Monday,07:00:00,reggel,1,1,FLR,https://www.kiwi.com/deep?affilid=mihalymisroriflights&currency=HUF&flightsId=0b770a66515f00004ee54621_0%7C0a6604c851600000fa694aa3_0%7C04c80a66516400004f84bcc3_0%7C0a660b7751640000e2f7ac85_0&from=BUD&lang=en&passengers=1&to=FLR&booking_token=H5hhkZLVy23k5wGCGsXTj-4NPu-uhR73biO_3hWGRrsohNjp3VYpx8fH4UOf4vpHcmsBtXmwEjpKd67BFVXw_ptdHg6oSVAFW8ms9wQuKNKLesvsA7NPznffg1GgZ9G0rqL8Gcp4hqC0JNe58R5l9bnmH4f4qhI3trW7hNxsg3hUPyNzdPhgG3SnyUumiRwLVB-97yYSyJMHcciBkDF7nJZBGQI6B6k3T6HKrmWvfP_sbicdDNHO6KlAiWx6PxWZJrpeT_bL9VSdhQw5ogMD0psHrADqnCANAKGbzTv_WwzOAwTmBfJ6aEGuvr9dxD_pe0weYs2cB7GjYidV-1DDT63pv2wXzmIQJfJryDupHqAE5szUxyC39P49zQqSX0DEO4zdClRHr0DyZGVXW25L1KSGSe5u8T3yHh1GCRXGITBcScZ8-SoTUPS2_2YDf4zbSYgf27blGpMAFi4VSZPVKeFyqhVw-cLq2AoXeinGObZAtLg2tbP4is5zTuOmOS_5m7ea1ytMN6_aK89mZc_UFziAtQSl2lDCLJyV1tc7goR0t6SnbabsHk2-9cK7YP7JnYL_0ZNDt1w_zv0jawPM_fRHR3DNpWUSF6RQfXKHFxliH2_RHRbFNp08nLQrwy91hLqV0xhNVt57L_K7sw4ruyDj6CztZE8f1EiDJrWfpa9zZ-lBOVMMcFc_xlFrSceBIzOkOcsWPYI6fPhdSC-g1rxH5c28Y9LqziI294_fn33sxwjSm-N05VB57mHUhOCO3orGAHmlfda_7lp8Ne6imwGDvcaEllVjzUBBqxGeSHDBQkx3RjNjofnZ6w7dDhU4_L0_RujztX9pJKR_KWmKptVmtERtQFzAPFpONb8vET2QSj94cOpkMOwQhLGa7xR_VhcAjmlehubE4EpoHr_UA57B2hETygh6MA8Lf83619I85R4Z88OAr8nr8ZNji49sCRPp8AjVCFcc9QdOXXLn0czKumnu5akNTt-aTFDb_x813Xbl5MGF5LuUjINWf_Wo_xp1CcUISp96q2GRG1zTeJDlWdPw7Sn2dexIe1g0NdAfpPr6UJvNHGvCobEhK9Tpdf2C9R66clhMWljGUko7l_G8P7hlQ4J-tTzq0GmvCCezzdO9Gkzt8LWvDhoqcjQg9e2juhGUwWuOCR7bzw77umIKfvuucZYcrAlcwGmNwvUIZvu43Q8ChpUM7K5hoVpH_Wk6ibfjdm3ZjfZKND137lz6PLzmLwroWxeIYhtuy-z-rg0MJhcFwtHVVo4fdkBKY_N4I9cbjV0xU4bEZH5ijEi4-qEGsti3sHAxlcSkiqB8PZENkOwcg2fyIWM2ZZv45aiyf9vfXSeOBqH9oN-RLkBccl7qej8cGab2i_41kS5U=
Turku,37040,5,Finland,2026-12-25,Friday,17:20:00,este,2026-12-31,Thursday,08:40:00,reggel,1,1,TKU,https://www.kiwi.com/deep?affilid=mihalymisroriflights&currency=HUF&flightsId=0b77078a514c000074f44d39_0%7C078a1f08514d000095dbce85_0%7C1f08078a51520000c8240edc_0%7C078a0b77515200009037159f_0&from=BUD&lang=en&passengers=1&to=TKU&booking_token=HcTi6AenJI8rK_diyAMDPxZupcTjQpcJvDIGo26_YTBxalbP4uZxNDXDpz8VntADaqy7sn4RqEofkBiHNQENJQH1pC3itdx0nNpRxv2fg1OTIc_YgLLsocls9IFP8jHgBpQJD-RMnIqE5x3t-LLtKyhYrizEVIZ9oeZUxnMjmiT2bCy34JJeGS_1TkgI6YZS-mVa_cdyMgy7UeQomv4TKFCaAh93x3UzXz7EHLtTiQqfX3BVrRLYrdwroA0jj1YsFI8xxvshjEu9kYI7nQLqRUYzfU7n68XDjwHmsY_lbdN9uUp8yRR7KWHrb4aUptYTUbIydQRC79tZhgNg5tB06fWvJBUI9SxACIkZNY3J_0yT7D2bgDBnXFBWqwwJn1CWlZboHnYvCEkRPVgPnrzWQObKo0FPaQYPTs4oX6clAjTG3zE3LLz8P0dKMA4T7_ySf73mn-6KTZlnifkAVtZORXGxXxlA86JwiLaIs9aUDYw-oYTQm7DGtCH4z9c426Wd4cTimfsMPghqJGl-j3MRpXjdWojk9hHxP61nubQzzcLWmNLOv6lwKPI7XjT49Z4zBPCsexNL-U6Yf520-vbuijrf9fFnzsleTzIPNPEx1bkJf59wrZd51CDfLdsJStN5UPPzrM9wXt6h5xfKUVktcKXIPGDCCuCgKV9T2fsBbkrNLuWdFg-rCqpDwg0OYkkqXMvlbYqv_QUdTQHKAVXd9KOyDgY-CthsmrZyKOkLkDcvXIGNAm1fNx5zHyrUqB5XSPwSvtHVeu_3JQfbhiCnQXQzgnSox5C7dI_8D8t5RHEiYRUyhS9fqSXAzvXub4UgZHe4_0bfr-smUD_mwsEI45TTLM_yFkcNzh0Ilk3M0IgRundmk655scZi53DfGILkJOP8w9G36tCzS_jVmtQVVhgkNHGLO0j4utoiIjSfM3PLjXasHoqUBvzSfovjqBFZ72AYk7VXx7TZtu9f2x8D1-yZSakvZ9CCCOfhOuH_Kw1elw_xiqbtwF71DtBvAS2l9Dd57WtPspm2UZp-rsUkamELV0DoQ6ITtCKovptsnGSXyUO5DynqLbGa4UZctqInRFKO4LS9yz8XRKMEMvn8MIp9pAPDW2VrfmZbIVkKW8XPTqrwX3OcOln22JTD71cmGBY1Gglin2HRC4u9-t0IUROKpXUuTHidTTA_WxTnV5bqrJ3bDINs6OiDpbv_nV5HwGEfbNo_XX-kLBPDTZbmf0D7HFpuZfeb_TktFDVyIxdg5VSU3rXPYw8NJyOVMCP_tEdtqGnj46N9YYExpcBsTOdfLvUWCG5fizprAGp1u1YQd7BG6zkeC_GQeCnAYbLZS
Suceava,37123,1,Romania,2027-02-08,Monday,08:25:00,reggel,2027-02-09,Tuesday,09:55:00,reggel,1,1,SCV,https://www.kiwi.com/deep?affilid=mihalymisroriflights&currency=HUF&flightsId=0b7707f05179000055e7d4d6_0%7C07f01f8851790000535c321d_0%7C1f8807f0517a00006c558187_0%7C07f00b77517a0000fb7cfc1e_0&from=BUD&lang=en&passengers=1&to=SCV&booking_token=HAkhjbyOrYgNfr9H-Uu_V8VaAS4mAY8rtD0i60hqMKCtj6Kvq9DjttNUbErZ5skziyGeZoMBzq5AKD-ujqEnNAPu_lQSxJT3tYO86PNYAxoyRFjzkYRZ8Yf25SzUel-KpgNsRvf3vjjACyrM4bFy77V_p3aW6CwZVmGNVUbw51kNd7B8yWPOdjxnqaKfuSnzQoyNBh1S_bzzYpFK5n8K0vNLVewugIanwd55ivIZlh8GYFs8YKAmrXxT0iWzq6Eho1KgEAWEPbL9X2ipgj9L_ymtw0Ny7PCnNoEg88DWq2YKOisyVR5UHa564ezsb4yBKf3csgOmmuo78ZII5M6_Vv4Lbf2jFTNlc5n_0kH8BHC3vfNN6EpvVXl37-_iT5T_0gZFhdlKBSb3ECblXCYV8wwdKdRHfInh7JITitlUGqf33lSHD42PBYZDmNvwB7EI_pPR5fEhFL-KKt1YZpbj16kwdMQHwM-kseg8xnot8dJYbU70UdRWBhZaajE4zJm9yHrdPxYkYi3dYSxgHqWMy9SjTiw_-nrSrWwUj2wMB35HK5-ePPJYKFsvwaGCPHIvk8ZOyXzwnPWgEq3Xnu-qpfHflYYFmMB5-dDuQAk6IWN8bgPrVSgF9IGhzulhGvBk0-m09A0aTpVEbBwOTM74ItiarpIsbXITZg-IjoitqxNr2h5jGK3MFgQPueTUXDOG83i95zbVy4yi_Qay3oLJFoS0D5Q4o24vsWs1Ze-MUA9voCjeXU6RC9b4xwIc4UgAioqaDW3jJ1CKuzTPYGqdqEsTLQR5OC-gZ7aHvqgsV5RzsY0XTpVtIaXkza4YXfMDYUqLd2WOZiPK4TIihpX0JK_coLyJBzEb-C2xM2_-g19TnqAehxdAx4ChSTXrRdRIIil_J5JFbPvebhSvpD_hpxvAgEEj6rMU4JmKDyWhtNfx_byGpDtqzHXLZ8fm7tPV8bwh3q7hh11xvzFh8NKg0jdpxx5Uup1927QeYbKkAAYd73TlKuQKokUjtLF77GJGZFQCZuOLkskoTwNF_yYjCWvUYAMyiR4cKDpa-O7QPUvqoTK_3XP5f6fOQrEq_6kMtKxQ1v2RolnBFuyl5W7VjDtIx_YGCTIDyyhjnyWQD6oykuz_tIF9Gm75I6GingSx1v_FW3CY0vWAlzW63GCZhTMbjtG7TV4PyC85J5a42-N4ikmeX_x2r-_EmLj_bdYoGi9clQu8flAvYUI9ViTMmJxvpD7d-SkUvkz8pf2vqoMF6ZCaS-MsHzSOVBIEiTJ9dyVYe1ckecdcGuQRJ0hK391tOZGnCwt1QbAEtWDEY7QjhK7eLLt0K0HA4FYOKY8SjyUPAo8jEDlOnxUBHDv-SKA==
Suceava,37123,3,Romania,2027-02-05,Friday,18:10:00,este,2027-02-09,Tuesday,09:55:00,reggel,1,1,SCV,https://www.kiwi.com/deep?affilid=mihalymisroriflights&currency=HUF&flightsId=0b7707f051760000faec506f_0%7C07f01f8851770000d5c9d894_0%7C1f8807f0517a00006c558187_0%7C07f00b77517a0000fb7cfc1e_0&from=BUD&lang=en&passengers=1&to=SCV&booking_token=H-0eARC9sMlC2SM40bm1Sc8nmpyWLsqH7N1xwaQVKb1SCZ6bWw3D0bO8n2UBpknk61m_550IqPps2VZBf0POmq8IEKcd1jurxiZqXK9rdWTB1h1b6pnWCMOd9vtgxhlkqcaRqX1is_v8BkQcMjYgdbL6wg2uYs2zJnTgf7OUnNdowHuq0cYSfHNEo9sMDJLQqhg29d7bNc0EwrX5ebwGKAs8ZOhjvczeyyx0LAX8VSZ1G8wMh6g4yv1i_M5thZ0nHrKrpyZImoFEpD3tP4rqkiZ-UEvcJwYZjyni427Oa0OgKGBDWdSIX7zJsrhHfTGN5KbKucgcOAMt_nAMW70mNa4Jtl0IAN4sMb5Bir_cEmen2y5FY7QRqXQXuljsYh2d5LLuAnO0-6UebFbgTjabl8QU5swX-agAorSSMpRgl0YcoWXKaW0fUAjJJUUy_xfVygflN-CWCEMVPww5Svd0Vwi4fCI-OIhMpYQP0sOA-70jE346yU_RE24AOYDLEA6wbw-ilnqqdSjo0j9PpCDekXyhl8IInO5c1cv9-Vv_3jP5Pl8O1GIA8gF3wf1EhbyNIU7DHZ0SR03bmwxu8U_aMevkM4HRiDRQB_AWPdVi6NFyusGqikSbgj6BvLhAJWc4bfKTqpSto2pTlzPAoah6QqiqbdSriwkPiValfWVbF4LoyM9wGkgXUeJRvlGiMqiapRXmblkR2mGO6skrki24UWWcxeCA9OxmZFNVSWZQ3Pls4IKWa9HNcTHJwmIPcQ4ciEm-VcmzcajdJsq7CMVOnxIAO08iHv1zQSXdwRP2Q1_Qx-lRQedoVnsGfOKu4J5DB8tBHMw1TVt9ndUr8Tm9FtMKYMov_v3AyWJFyyYOs7o4Co8sRy8Q21RzL7vBBeT3TiuY6_OuNAIQCx0Hnr6rOw2-DxCi3e7jMcbfTXtWncCmwWHBrJ7qEOXWi4ucR5lzkBkBpTsTcHyCNG0H1wh-uzzKKlW0hpKGMh0l7qXAJ1r1SqSJGnxP2U7jhgN0xR_7NL3CerogDElCctBG2tOT3w6elmAmRJIStnINvAHdYCdD2LsjH7z0jvyagHFXM6A8-mY8FQaKaWoWrojt-uTivGWoGFMzPrcfS09vcuE0IK2SE08x1EiNM6DUJgyiunkg15dC8V6vhevPaMxFvEW1lujtFU3GA68Pj73fnM9e2VsFrwj8KSL_iXZR7h-uOn_v5JEWHMdDuP8VET8JCGY-TcnDpFiXYsZc5wzuPZ_uX7Ho4WHhI0YP4ct4q23xiOI0zCN_8aiEPHk_K6vHvyMNPEaY3PhTnAarEoQCsKv-sBZmiRc317Zr6wBSpxsRABoSHJGP8cwavUFg8-fsFp6qeqg==
Suceava,37126,7,Romania,2027-02-01,Monday,18:10:00,este,2027-02-09,Tuesday,09:55:00,reggel,1,1,SCV,https://www.kiwi.com/deep?affilid=mihalymisroriflights&currency=HUF&flightsId=0b7707f051720000f5ca9a28_0%7C07f01f885173000021d20121_0%7C1f8807f0517a00006c558187_0%7C07f00b77517a0000fb7cfc1e_0&from=BUD&lang=en&passengers=1&to=SCV&booking_token=HekEkOz4Qi4V47kAoDm4ne1RheNIFoTOihiKrzgD8utyk_2Xk5mZOKdLqrqiWFYk6h_NkX89GvOzGq47tcGPOHeIZaHm1tWYGuMF4LgOoROR9DpIlTwyAwsG_kzmyyBA7177Nk2xyeEYYw282bncWNxinu8XDkyPpo932BC78dlcJ5xEjoT86AfkOH9vfZFZREVZci7CfdubIxeV8QNgWkkpo4YnJk1T_rTYJPrNTaUjyabq4CLy_PqwXIeZOpMX1nkfw0ytQnBgYhGBXsPk1QJu1yssRq7ofKHwtwHZOYR1RBXJ0TFCnGq3ALqTaYpSbn4Ht9PxUh0Rg78vZoOs0TXp-DcYBP5-QB-uaGRFw4x8TXsDm-QUGOOK_GsQIJpbysJsYZ_jU67-gMzG63shBqJg9o2sQOf9PPH3NxAtEGKgIsVSSNNlG2vYC4Jxuk5Xq_AcZrRy2fF-l3xfs2QIqooduQDnkOebRM3qxM683NYwnJZkAhflSLeQtGjvNCzzf2chxem47BHQV3f6N-aHOMUs0WqeAUTIx1gvLb-k2GR17egRAsNzqsAipzXpWPO4iEpPw1K03B0JF_AcLuX27tu-scnunXcB7D27ehFtaPXzTjszqkOqkkhF8ZAaURGDV1QEx00eZ_cW66uXnSZh5j4fhdjWfw9LL_11eo_rVLu4BOLVDyDQ7r7vpXS5pqDt9XyF7lY-7eMhz7XCmXzxREoAj3juEKP3vwpFU-NZkuZwLEPGgorimrB_LgLOzKlKB1LYubUQVNC9y9aplP-SatTL0tNAb-nd4-XJC_iAfWEI2G5EzbckDUzkYJjJF8lg5dQce9vztNGgqOqZ3NxIuPzwcDTzZwo_zTP4i9i6cd30kQj5m_OeLfbjHiBbNJSz96yYuFaSmYO2d9rA1GLh6RDBpqVxGfb5GIjWe1KIZ53yv2i7W59WI7hfe_AllTALa2xyCAoH3RT7USkPDjqmQQz8X0NioTASwwgrtM_4ocE8aTVEg31qqy2Av4Dp6bjmFotA8WUzArQBhYm9bK418hY3MqM033ZRV2GOv2434cZvaqkm_AWvrWO3axjrCfmQUjZeWujiIlstVuHUFO79-ocn414T-h6oXhO41NpEr86LWjDmmGiPe_bZP4QQHOlx8SnQ7Yv0bxgnebOyV5ReOdS8Q_pHGJq0O1ue0Vjk7yZnvhDprUs-4OxcPZovytObXCXBFmY27KAQv6lmD_PzlPPlOIimDK0oYCdVNI0x6LSQBw1XIcV_dxPNx7k5gyyidkPjojD_yxFYx0Cbd02tliyI-PBnGUP0JYTBRy3mLJYxQCXe-Ug6FDplmHKLC71dfZhAnyara1SCNJSirsbBoMA==
Cologne,37131,2,Germany,2026-11-13,Friday,05:55:00,reggel,2026-11-15,Sunday,22:50:00,este,1,1,CGN,https://www.kiwi.com/deep?affilid=mihalymisroriflights&currency=HUF&flightsId=0b77251351220000e16a6f92_0%7C251313925122000053cfb4f1_0%7C13922513512400007828bcf4_0%7C25130b775125000021d22a33_0&from=BUD&lang=en&passengers=1&to=CGN&booking_token=HyPH2llD4Ri6rl0N7_9kkxTysNWnDzLkIPp46qLDGDnwk9l-NpZukmjq11AN9vc-zUtUMz-RBen1bqgcoBnpltDUcSm24pMmP0U1zz7dFK6zGfcp5rVGpdBVXwxYc8Ik2PCHtXzTjS3FoHcJTo0x0YntnVvQYtOX3l-ZBHUMQQiNnrRhGnla3e4A_Q-lxHSnvIvtG4x3RLsQir8SdKpvuNp-hbeP1mvSlqdHRMdzCcANrpGsAj-lBO3egA8gibsC-e8RjhrgUMolPpKxLZ-jZ19AmdRhljgt5o45kjtqhEGe-8ygJGO4DgGs6-h6r-myXr7v_8eO8I4nGpRZbExiLT6kAG2Vyw1g1uNymjAQd94dJV8m5N2zXMoD42EefFTZpq6pJaIOU2jVB8zzXY9tTnizkpf3DXuLxiBUwb8vUUQBoRe4H9UpgL7_-22Cx59_hVXE0bTWLe7gXNLeU1rGW1lXgUkC_yXlzF4wPK9Y1YU93nTfqkb20-yBZWi4_yhoYcsQ6xlpFLQaLIPJXe9ayZi38M1lyqp629WlWQHAo10AGCFRYqHIqaTTj70D1dxTuhWcdPVo18vOreI2UXhnyyC0agNjSWA069q3NbOvCzrTawM87OFAaMYDSFPpvEtuD4BDlFVSWkMRFJlnanC5Z3UeBazIxBz7YFwYvAs4xPolqz-MFwu0fElrP7JH4G1YjR4_KnunvgRbkHUBbCHIpJfFBOm2BOxikPSlrfVfFAp32TZYhSwzduVXIXgiP9ENzZmEpvXEU4w22cuKKBKJFU411P9ZbY_nE2oUJ5TqiYCOPDwegMGff52Oqf9VDJVMV5_dadET80zJCvnHGXqG_XsJ1WxlH2ZvCkAEf_v3E_SgG4_IdhXWHA-mQIalm_Ybptjh9z7k1ZXqUzj5ds3bRhSNxbhpTPtcn1O4yFHAa_tsDgz2YGcyxmiMRAmz6-GCXQEw6JqAwpSEOh3X8YIxEhD8Y0mwXrJkbk5dx2xm8ZRGFr375wuYba8e4eRvC39RBctErhYfcDxRrICpkZOUp0qhhwXq_GOyquoDUUKyUZwjPVstGtZXcVYXcD0Mb-Xte7IhA22b13eY9-hMIJmr2JEPiVcuQ_y95lb7cDPVLhbVDEXWriMhTwAbZjr_PajmrGiCWho0MMsyv1jqtZEbHWwQ7WlLBo5goG-wAmNU7ZKsdu2FxiKkmr-9AD32PQhhcj3Kk-8S7_a7F5hTvZ3oQOsylIv4i_u0Vu-E8_mmYl-8dzXwAadWLZBjdmqsiv9aQEvMuJKiClpMkNTAY0GbXJXmopbptA-wAgW6p4EtxlRbPjp-pQTIEh7SPIRIuDJeXIzxdZYgUucHR1TceXBerRw==
Asturias,37164,6,Spain,2027-01-21,Thursday,06:05:00,reggel,2027-01-27,Wednesday,13:45:00,napközben,1,1,OVD,https://www.kiwi.com/deep?affilid=mihalymisroriflights&currency=HUF&flightsId=0b770f0c51670000bc638680_0%7C0f0c07d8516700007447af14_0%7C07d81527516d0000f0003484_0%7C15270b77516d000061b913f4_0&from=BUD&lang=en&passengers=1&to=OVD&booking_token=H_OXAjVfdKSAkzgqjRlxNRKDvRdKUOpjFoVqn00XPWFWmVKnJKRQerqH0aRG4RGYw8hBEhfPl-XQ4YteuITFOMLMS85EhblQ-nMnDRWiS_VW_LEXvVGtJX3LMDmENuCJjTjelpPM27_1OpfPycFZ3vPHceh9Bckj1JiYTNMicjO35pXw7x1PX6J0gX0MucLIV9GuWclvISQlBxlA61YuRwbHdJaxkcVsk-cJ12Yw5qsTOPUTMU16GxDkZAm1RQ5Wr2Xk7O2nqZRXfGHt_0_N1-dZ8MQQnNyzbrrkfkJw6g7Ax4AqnRm51xmPw18RESUTOwadl58-gimfpuceWq0AC1gV-Ta6n7uVHQgx3Z7svfPWWTNOuuO1FvOmoQ_3HmpSt8S7TxQQLCSbqTshl5PqS4g4KAsEtMhpv1QXCXm38qHhnsB2kFFaqgbaXcm0T_R8OzqWmiNCLHCQLb51eHUgi0uUFHKtCGamocLXzIRGuCFl8wlqAOrbY6zCLercfykT0_1kawW1Z03IiVW0RnpSfrTRlG55ZqSUhEDU86DVw9mS341teR0-znpIAvUQjn7ZVZKk3dUpxw-c9cBMa8DvXKVwYAMNq9aSbO_xm4j9bqOCAWhbUT3p8LTi3eqXy5rlGtlmvbGosL7diYKhvjqjXuod3T-_UlofNgvMuCmRkpNgLpBXqWiS1Uul_ckewp9ejVEwQh9LaQnUKKEHQX045uMAcEyHfIqJGo4UW7tQWSUvj6amMqUP_sJrJxAnckJfR5Oh-Rl8o8A86-aLhDuKnaRDsiuwBxGZmPg3SGYafsiz2IyxJTHKTPD3Bg--DyhNMe7rgDi-J9HqIrcwER5Sfc9cj3Zup9wknP6rXVT2Wb8QenJvz3IkBdWdrKBasz9x1IdgYjLQL1cjv_1IeGNIoWfjG9oK_xILEcpQQIFWepM68F33fJe1A9plfRMfNBZSOpmOYE0cwClFda4XhUGjVWt0WeA6mm2EkoRxNvNjE2ZdOm8iLjKk5Xa4ATABY2bfD9iO-Z4kG2Vjmnjw4EWa6dbNRxRQ4MajjKcS4zJyy2H4g2K3BdQ3K1JEZL1tQUZVvlLW0HdTfKnNnrHnnpFr6ty2R1ZVVadJlHJeRSsFdTeUEOZ7ASBaI7Bo-4sQ55xyKrc7yEeah37i_PBFX4pBdKr9Q5myTsEuVNMHA34CWN1vLzsRRyCwtEI9MyO52zohO4FIUl0UgjjMy8wOWiNCruJxPgFIB6dteXTLleFuSlk7ot2NgAXfB_DW1CHwz4Tk88tSCyJ1YKEJhhh6NI3QhEec5UOYdPJLY72EA7Pk2XxcBL-lRuLH8facbOQPaNTa4xQN5fcmuxyAb3L6Xw7seuZKbLt6KuKwvzyidjBu8bDfipHTR79IKP2SsVLvI_BlB
Olbia,37193,4,Italy,2026-12-17,Thursday,15:55:00,napközben,2026-12-22,Tuesday,11:00:00,napközben,1,1,OLB,https://www.kiwi.com/deep?affilid=mihalymisroriflights&currency=HUF&flightsId=0b771fb05144000037d96740_0%7C1fb01c3151450000afb25cbe_0%7C1c3107df514900005b0cfa8a_0%7C07df0b7751490000390047bd_0&from=BUD&lang=en&passengers=1&to=OLB&booking_token=Hd6_VQVIVj6fMwsXfYa0TkQo3gYEoqgQogqxVZbW0QzGJ3F3CEEoi9rFQE1MlvY3rdezaGJifWKrM3CcJOtyj-ZRjZZMC8pQCjdwMdXC7U5NZ_e93WVz9o0QDjE2JqX_cQ8f0sUwbyuEzJPzbA0WxIZTEz14UO2Zav3trur_vO4GPbkb0ts1PYLp29zJdfCBag3GErAaLICJXy92a35N4I00w-NtxGTqlH2I2Znuz9dAy8yl23_dsRZ1n_SfnBHtM27-W9MGReZYUOEyCI2iTtHGrGursFEnpUWEOGMTVWbTAG4Vpe3PvTt38WqbO4PQeggA_Gta9wuWruy01vmNxFXfH3sDKJIzMG6y8EN2J0wzhSpCAo1rBbqbfm7Myl8A8_PNY26EJtaazWgndEuemNFpm4w-s_E6W2uHcmKV99vVikV3yQ84bCfr2ZpVxbwvvqy27O5FGeMdBtK_HrjujYn3yhCt50PYid84KeuFwVZEVpr8Q9aAxYU1t-y0isjeEelYBsAxNwpd-mIScn9huo7NgzjUt9CS2fmlU6XXRrlGqPbev0oAJbdzngTa06hTorruwDtubr7YIS9NtNEKjLeUAWCB4epGBoGKD2FVU19lRdsiBHduRARvkT4Yq_sbXXZqu8UHZwcqunYVzwfWuuKuVAVxj5LcPYstVjGiDunvB_ZIzmE-AuUAEd2G457x5MG7HJ0PCOmCg_Mcv_qP7iVEji_5ThHagAq97Vpdnaje5kj-wvm992FoiOh-IjTGupXf0O46sr6q_CK3dOw6jwg8OnsDo5FCsmPRTmwOhjQqWdyBx3vtVdN1RDgrRGD2z9fX5al-WfUAM9qBlRqxZdiwoL3MWQ4AL4mXOVvDdEk2x_Vklv9mS6PkeNuc4lwknwxS_ZwLsi4aLkOFiDYdxdm513yrazPz2bLUhxgGQyYH-fs7ayBBVQPfA_3k0CB7wZrMtWb7od069sJbrizcN3E3s6m3GhHARksiWTMD7jYs31Yr_GrG43VKa-4Ulgo-e15fYUArW5AqyI7RLhdC55OPLUcHjTQdKSFiUJOnOjv5P7bYinS7DlRZ0lBAOG1grbTXcD8ZFImwnilRyUtxqyr-6b_bk11-82eIP-rU1pDTx96J0ttSWt4O--pDeO-IKMr9PFxfbs6dVcbKPuuClmM1zwhImg6MQ9dD6tiKQPL8rOHsZyMDMsLAF-XLYQp032yQB8czZgZZFjGCBgEidTUOE-ndFL8euKitGtriXXyXXcnLhdD0xbFcw0feCx0UuDyqM2zHfcwpM7nW_vQ_FXTwTQbeVH3j0FzGl60USK8fLUM_FBHigm6Cbv4L3onzhAE08uzJv3j_6Uask6Sqo44lnmyXkAE5jN8Bv2nRgRLk=
Cologne,37196,7,Germany,2026-11-29,Sunday,13:30:00,napközben,2026-12-06,Sunday,22:50:00,este,1,1,CGN,https://www.kiwi.com/deep?affilid=mihalymisroriflights&currency=HUF&flightsId=0b771759513200005f785df2_0%7C1759139251320000e46e75fc_0%7C1392251351390000f8eaa913_0%7C25130b77513a0000e8e05ce8_0&from=BUD&lang=en&passengers=1&to=CGN&booking_token=HEb9C-OHO5K0p2kPogzjNhx-g9TNIoLGqYqI9TReYGnYEVLX31ZCj4bb75RgycIAbydPB2p9OqeX5z2FCKu8uz9amw0lJ5C7x3ixhxG2us96vZJqHi9QNLE5BKNLtatNuTcVAl7RXzgN9GXKcBxpet3ZGCfINxB4LMTCkB4scxTaEandSQRoS2AsMd7f5X2c1Je8N4AK5Rl1wCPX8pRfrzyB7znfILUiO10TWIrPtx8tsjmMip4KypZ5HlyWmcSf_vaMFQpgU0vbuLXeIv4b1n7K6vrQU5XD8of-K3xVILf4bo-9vYamwjUaIE5kihZ8UdM33JjvFZqgIhuBO3aornOwFZQMSpUnZqe4Fdxmm_B0OmyRBdeZGJt-RT_AuE2goU0TWvp02FwBei39lnfk3Ge2SlyURvJIohSMnYbtSh0UieS8CgnYDoai0zcAF0EBAekhXGBu3Txuo0P4rfx0hh8ruuZT0htnKafIss_wWlurewSEh6_eDbxNPmDE7CXYXg_8VCB2m7mFzpPGawIqMQrkWEpOEYxZAGdcfnuV8gaIR7YceGwzL3nlETm1MfDOV4PqzCPusgl5NZjxhVUNfSElRd-IybETWIew0YUeqeFPlbBimF10iL71EDOz9ep3r0rf9UKGNsbjIbTwf3tJ7FCidFutDfNcEgC1llpURexQe_vy7PFsbEBskp380WMTbc51ftAmweizYpoF-Su_EAxEhRFWLNl7f4gw8_KfncnFdYM42l6ztVTuzBetXn6MN_eT-P8ueX3OtT8Lhqw6f6utzzrNhwgOYwg-t-DuzSQRIJN84rGiMv-KXCr2oFNUPcWJUtIzhl0lJNPDazZzdQoI9hNuK7dA2AYGHWcwAbBieUgZ6TRGBk35GqOkjuyO74qnd16Vk5nW24o3kyrGwfvTokGMa1kaP17cdIDAkTE7451tZSPyMm9U0J0sPxE8NOLUnVlhn3bZwC9eWE8LlkVBIt8nMzawzzKlIx3Wc1SrX78iLixavJSsN2I7CdRHjvRwYIuCoG4lzTm44h6hz1aOGYW7pbtmLO7sepzs2Dj11Sndeq17mB3HqmJmFcp_1sF6y24lnjRxb_-KlK3A3AjmyaViv7vtP5xDSjh-OMsGBcAoZ2nfmVhtSgNvwEsZ4TQng1raF5U4Z6FZW1elgexS6CRSl6poY7R23ge7VENy-yGrTmSoPEASaVJE-fpGOnYg4U7fAVXudFnAcpoGdX1eT6BqayFGxFgLzdYSjRXSZzuPC-VaapFBTDMOisdPfDXSDzOHlZUY4TzaVyHq3M5SaYOm7Ck03jtQu4O0EySZhuQGaIMte_KWmcaugy1-GXifun6kSJntOEmJadoSoDA==
Tuzla,37351,6,Bosnia & Herzegovina,2026-11-20,Friday,11:45:00,napközben,2026-11-27,Friday,06:15:00,reggel,2,1,TZL,https://www.kiwi.com/deep?affilid=mihalymisroriflights&currency=HUF&flightsId=0b77233351290000e382e843_0%7C23331e03512a00005681553d_0%7C1e031c04512a0000e111a8c5_0%7C1c04004251300000d21aada5_0%7C00420b7751300000d24aac07_0&from=BUD&lang=en&passengers=1&to=TZL&booking_token=HjWV_UteeROZ15l74hq7yOvSgGNXKR4V4h357Y0EKNn6-rBOci-DlW0K1AChNxsJ7o8Nw-QQejVX8w2t6PVNFviwuQ5fKpsZKIszfwPwrtTZ4ijClmLfkWCH8ojlAQX1Ldroi9oDNh5rGHANQdhE7F2RBRPnt70B2S-hEqddjNdcBsYKQtdHKm9TAUluyRQN9Rfjd3KjQOzr30X_My6b-7lsGNK2fgxAY_hZ7lrL2tYdI4fsIhEKsmKzSuunvNnirOOZNSopcp4BQODE_D57d9vT9RFaBdoK_MjY_61KrR913UcSN2jw33CAHS7-BErTMt6-LXc2VJzXnfFrc8zRMXaA-B6zOfSsk9BDyjY4NJiPg-vYqSjBR0t3V3Jm0qcZWOlszGDiVsfR3Ec8KbEPDQTYRK0TIFyJiNYCcq0vrF97xHGNq3QSINzdlwWL22dt_QmXJbHtX2GgDi-qc3AMluP9T4hd6ugravALH7Kw-uYBx8xfNAzweUi-fde2wMlrUII7-EjhmIYLR_T97SMC6f8oDE4tAcOqgBfvi2GxoI34_uY-h4KNvcAPm8-xhnFsQMvG9bUFf8LTwjHXz6RHEKKSJ3a2GwIyrgLOddUNDgQGa0_Bs7OAW9lm8u6rKjOnqDEaDEbFNWRmIa7ad9TlTEtko4cisjJGQsoeQJGIo2XVyYP65Gu9nZR8k9qN8pfPrL3JC8TZabv4eYtJ1U6Cn_t_HQ4uMPwR_dyecP4hZfVvIer8IOozII7nD1tblslK2bqMc8FS-VvL692VnBSeKcH0k4PX1IZf1QzAbDfRm6LkApVxkBTidQKXkXHT0JHBYv_9BqFYXPvsjWz0TnFFnTTnxtXNVVZkrpHI0sB3_aQJxkSf_-uC2Nq5Hr7X0L1M0TYBPUzSRBZQJcXd3lEgkS9s3Sk3XGbF5de2ZA2f2sLFXXriE7zXKgld49YEuxowBgZbKXXcn2o3VwbSmnv2tg1IufrzC-q_oR2TM51beMqslcf7TKtMcHPNn7kxti1DLH8VBu0l9WWlvk7JZS4IylpJf9VzGYAq3rWcXwjck0uVFy53Y0bESK6MsWfkStNAcrwjyd3uZvhtkPEIHj2ZIflmKY3oihKJHfxVxwpy2ntvsE4J7PW0YqcwO32X6OY_6ua5ACcx8oRSyUUeAwwRmwms0OJE7MDpa4YFGVLshcUjjDIfgwesxeqf689ntCVBadx4AJjvtPlg8E4BMOjCGiT0JlbnOgHhNUvU4tXkgr1MvZPKNtVoh4DCeO3TXKxsTyOc-X8EgNS5_N8a2gONN3UUoX534dcKczpBra4O3e3opOhszj1YtXbjfdUQOQw9_aOzL5mzkedlp33tSK4AwSLjVoOFHNgMfScNdNoDsL_FvEaP_I2CoMKg2Yw7CvzENWDZqGLpiNxJFXbT7Q-hmKA==
Ålesund,37430,5,Norway,2027-01-15,Friday,17:20:00,este,2027-01-21,Thursday,12:55:00,napközben,1,1,AES,https://www.kiwi.com/deep?affilid=mihalymisroriflights&currency=HUF&flightsId=0b77078a51610000a4c6412f_0%7C078a1bc451620000781203e6_0%7C1bc4078a51670000c7d0d75c_0%7C078a0b7751680000a57080c6_0&from=BUD&lang=en&passengers=1&to=AES&booking_token=HUOl3AnMYQHCjULwb-8Ft4Z6D4OEYBa2yJiZwi1w90AQgnaOjIPiYNRxhbyD1Gh5iZXowEqia7hInhKKHN2SN8f4ZAnELN_B0N_NgSu_5c5o8K6B7krHVam4dEQweWL9vFaXIZMqrj6ACpFoSm96iEhW6vk0ojqLodK3o7ILCfSzrx_0GbnEJqAsAh3bfmc_FPWcWU2XGKnii0ZBl_9CczRSMd4Rjeo53JPVoDfX34c9MVUX3QtxeUakGsKAXC3RbIEEpTI6xYH7ZW7E3XqBt2vLuwnruKeun3Ri5bzbui3iY0jbcMF0H4JB9dvaGtYfvWiz_T0gq63TK2TyFQccvGuChm2fbSRK2VgeGAkwObJFIExHT8MofvzeiIdCBfsZsIi_9eGQu2xUMj53rjza5icbCwp8J6uwk7afISroGGLedmOPkUy404cTct_JE_zNP6YDqj0jLXmYfSQXoTt11J2oMcNsOZsSp0QYCK9AsEjIlsBw7Ylg2l7-wMCIfvNwegxc0LPuZUcFXiJtNQ0Biad8oSo1t85u-F_gGIsJpsFv-gCWjaguolK_0Rv9AuqYYhC4eNCt3z2dKvlS4kYAOANPm5NXTWrEpF0FOnyqe_R-_5qoKyhnzppnuVOoJWgn0f_YScTJ8uJqcecw8yhUAIcKRuJeMY4dyyVuXEIhI3LwKjtvgA3iUwPjwSDHHnTPl6OGHlwfvxKjk3L_P0gYaUr6c7Z-6IcQYfIQmgDfzUsF8beTqDd0KgF1C60-eyEx8L63GkdQ_--Y981zof7kp6Gmj_pH4xyahqhrNywnu5Vtt7wRHUwLcLcqi9pf3Og7OZGGAYlxCUOHnpRZQL8zMee1giJtKDktcQSXKTAcVFOgN5UhT34lWQFIoT5aKqkXaEy9U5WUmqOmkUfYDoftdSY1ICfvabSgv6nONg_MnHVPqtbry3QSYghRQfPca8lws9neTofFwCHpQ7-edIHw1rpAaEpHBgL5g-54aZBd2pOgpOZ22RONCHUZJK9jU29DR8j2n2oT7XupXW9tOkUsmgjxbqqqvgQ9r3Qi7wp-_INnfkK3x_yCrzL9abJTf0kOHXoJ5L1OYfu1AlTq-TBD_ldLOYSZtRr9XOurYLLVTtnlO8bM1ZjPSK7UUelTjk-3aSu1BsZOiM56qlLhckeU0yEiKFOqmDz-pzxyI3vXhtkv0QiNHp4Cqqy4aXhOMVEKegpQQjLrsfYWhXzmrXALKMyUItjEGul1vwBTbj5kFz60ruJEoMMq7jx9O9IPAQ9F6DspjbJdVPZobuzN5PGMVLSMGGLBw5gY4FmrN8Tm40WytroZQm2PiZ7XBymNQU8Ze
Haugesund,37458,5,Norway,2026-12-31,Thursday,16:15:00,napközben,2027-01-06,Wednesday,14:05:00,napközben,1,1,HAU,https://www.kiwi.com/deep?affilid=mihalymisroriflights&currency=HUF&flightsId=0b77078a51520000f177a88a_0%7C078a17985153000026f06eb8_0%7C1798078a515800002b2b0bf2_0%7C078a0b775159000042f233cd_0&from=BUD&lang=en&passengers=1&to=HAU&booking_token=HphgW1dYJcdrS99_BU82AxJsHHhLcNg1dryUXVu7WP4JK7maKRPYqpYDtuwX_KdaqS8Gfkw1Up8tRvD3V-6Q-oJNQUYvbTv13jFlz_fu3UrPvJ0fmCP204M90di2vs0wfC6H_SpFQ6tuVp3hEoUKjChxTmaYjvw1vnpopAE0frSRpaTkmQgEZvvMKg65YSq7DtZOb2vxaZ1n3dJKGxeVLFu6Ioc9c_3UqgN3nfimfDaR4g5dcaOAXiS3PI0kLjc-ZiRiWV4DhX0pZw541W_x7iSGFninqWfPheDVj8LMXL2uz9CofTY4oubUPaAIjlZ61nmZ1hbKd6JVfvyL5QYIvN3kTvUfC-FOasgbW_VtL7kqZR9pyr4jHgcJIUL9HElUyteIwpCvykHvxr-bYzqGEY6C6E9L3V1CYL6UXB0c3IPAqTVMvGZPh2RKS--P3V0gbi-yskQlbTUtLXKaPzvFRy_olJVSIv6V-T0DxFOsLhz3lRZXDIrlExS7Za9bzCknq-6JuhGtSM_O4r3bRLSGxozYZ1xoM4T4DLZaBbFL4DTL8x_y1_20JL7PlqKPn7FLdBrcv3dAAi5yCcmdMzO-Mx-8KdkfW_HlbRP8RkmGZZdf9-jZdspXkaVtesRHpnrd5ziFD43V_qXtu61UzUrJlA_IKcrIlealLeDO93VUwUx5rvnZ5Zo3GsegUYerRrbviAhImmp0SMQEZ2RfB4Xqoku5FKTEjf_wLp6ilO7k0QWk8_SfMxzweCoe0vi-R3z-mfQyC0-RV5X9Mgt6yAl1nZkHbXPvAk6g75sFJd9gFVjoeFPZO4dwG5SFu_f4_4It1e0J1kDUFgmNLNA-ZGh4fboIjPB0_Shd1_rQIQLsH1NqSx_WNdxLXCUDquMbp6DS7viYWlswbjM3cQ62I0_2SN9yeziFfI8iLI2kS175mp1bIzW9J4w8k6QeIkMFNoEUbBTXE56laG78V570LB_CXG49NeTAPQFREkYGOStSZOsmsZv-vGLrfdd353xe9dxq1mHy1jnWzxB_bV_s_kRtFSiuiJM0yAAcrNCpXnydIH91TYkaFOHHDO-rilJW75lf2OcpCw6alhTkFRnyNXJjniKfZoYB-xUc82H3TSFdFOoAYTHae3ASvWy-AnWHszQXagc_pNSZuaiFbIhgUY6DwtyljpTdB6f64kogiWyBzbbASzrEzcml5XylhJx-cfmUn8JcqGjhNMEhGOjtzYHm9EnDIipDCNqICjg6xWrneLOaDuYKsyjQYg04CExoCc2Q6_fKAjtNmlVSn5xlOCt6XwdanK6xhhI7IfUM73XSKO8k=
Hamburg,37507,0,Germany,2026-12-30,Wednesday,17:20:00,este,2026-12-31,Thursday,15:15:00,napközben,1,1,HAM,https://www.kiwi.com/deep?affilid=mihalymisroriflights&currency=HUF&flightsId=0b77078a51510000f9116e99_0%7C078a1788515200004a931ef0_0%7C17880f58515200009b77c8c8_0%7C0f580b775153000032004c58_0&from=BUD&lang=en&passengers=1&to=HAM&booking_token=Ho36MGrrLUnkg4RU8kedtZOpu_nk4NwJ7Ye6_5Q13jEhQpUA7zSxqQnssg_MxjyCWavrK52qnFKFSxphXintYzUKHcMK8ulknTkpk0BcHsvsLy1r6lBJgJ3qBfYkLI15TFtOzJzB9QFZwPy8Ofd1u_NHPSyOBOJMABuK-RK6IyvwNGqicL0VqDumbeSyKgv9djANgi_wUy5ityxfxf__E7B7O5JpITyweN_Ett3Pt85YNOdfAKGl0oCpTxI5lVIMwfUWzGQXuLZFFdsaF3vB58WxA6mUKcolUXkeQJ_aZKeu_lvSGzu6mM8vlpzGhLJH9kd0fsHUb77M1GoCyzZXYZPaQZIHXQ39k93bdxNxcBkSnKIM6QUAdt5SQRVJ-qWq4ejXyrFZUAjHmyd1DzwOaOlUPR4Px1zL9L6Hny6i6MO-nJnw1K_59OVi8UH0AnfoFPENOY2WqiRN4fxZmge-XQLfsVsD-6xYZm9z_JkcFYM5tv90D4R6tt65DhWFoNaQZJ2pTzAmwL6XHM-YfEVt_XnVe2md76ii_yJiHsuIGUYdkUjDIL_JyVGy-ia2P2qN17A0XcjDZGfto_XAsv0e-rJaA0SGP7r8h12hVosYXjjf1zefaHQurY9MTKBfkMI_CI8HCg7-GqPhQDJSqqir-nQyGJCOfbpUUSpFu8G-syrieTCyfhKJRoxIRtPISs5UWiYLJPpPGwNCfAmYwoONo-p-2NPb8TwZCPP2zs8-ZhHNhAL_YqJTZPCpsyIX1tpGobKF82JvaHfOop7HVSsjZcjy-W2z4GLoK5gJ6NQTVz-UXpOy1-etfDQhLVGX0HYgVTsofyfXcsiIbbhWSWTxblQhzjrlP2mbYtJy1VmnxWqP60mrkHAWnL2aieabWZkZGuX0qHSPngWkS9Z7srbRi-gCs7Qp9ZzOnQplS6yBrQMMN_xKnIgq_Ma9MhTPy1Kd252sAkh_eXXiDhSW9EFaQz6Ya0v8REv0zSPYh2F8dzB8JbLABlzUtGGLpVNJaT6nDipaEZlZXZv8sKqDwTzb9Eb6m-k52Mgpfj9fHdJQnsWpzAxU5FQhTnOagkOGIGAEs24csdYQFJexq-uKXBk_kOvq0lmYOOXjylqW75Y9ghQ5CBjvgTdRpGsmvxGs0FNnbRPRC8TlxJ1YCQk8rG6WuwWtT5VJRdmMD-OguBKkWf2v9MwcLqPviwTtH-sufBv98Q7g1gBf4DCoES6KKx93L1dtB2dnAX4eeF9P4l2MCPVBkXL9nhkrFWTqsvrVTPyyDdbqsTlbKkeRSTPU138oV703lFGHZzO3oEdNjgiYVZOuPsF6zgtWi2DHm9wuVn7_YSPyZ-Au085akgEINiHdlmw==
Prague,37532,0,Czechia,2027-01-13,Wednesday,11:30:00,napközben,2027-01-14,Thursday,20:40:00,este,1,1,PRG,https://www.kiwi.com/deep?affilid=mihalymisroriflights&currency=HUF&flightsId=0b770c88515f00008b72bf7a_0%7C0c88145c51600000f368390c_0%7C145c0f58516000009669cead_0%7C0f580b7751610000905b4ef5_0&from=BUD&lang=en&passengers=1&to=PRG&booking_token=HA2UBqSeC3mbGsCHdT-F9Pd3Z-GWubgeAIHEjcwyjMYUBfZHaqYbIiTAJmwiaf5lMheq149X1mVUEys96UP1ZcEP5HPyyAs38UKWi1fBHOcDpuFt9ub2-JD4PInsa_6PAMxnsOtZKhUtP0ZHsu6UGJxU6gJyMiT6rh5lH9kSqXCqIAedyxMomD2wlJ6QRo34eOM6PhYiNortE6kimWxFLDFKhT5cyepWY7ed3SS6ltf3d0ltnQKRJ-MoJNPekRBGHGbGwvE5_D-9L1rjt-ONkmRxvXfibZUxfenUnlEfl3Zv1cFs5hkX-n6_nLhoGUhekni6lc-9uHh_fp5xn7GMMtz9rye56vbTT9xTmQbbIffZrtg4UfoEtADQ-bomLvbq4Nm9FgK6huDWs1dvFyCqCU8KQQI11CzbtdvuH9gxyHXlK0bYWxVo0F1egwyQT0CuCcbbsteYC0JBATO474ZKTgI8AgbgZAbi_X5I1jNXGWkXGkKQJdJkTUVJV_0wdgEWOwY6LJm9q5sqVQfQJGHE-JQaaMwmER4CEZT6mQlySI1CFANe9ff0zDiRHhd759qsm0V1wsOAYeTWS4t6dDVOhyR3HXXwd9EMDb7v-Dz6kXXoXmodG1PqIbvmzt0KaezrPoAyNTrUQ-vXqaTMADhrbc8oOZOwdRh_Uyjxass_-jLQYo4Cuj_OXK7Xjjs_HmfI-UzV0fkBf0Ztfd4ffuMwimArT4p-TmkUhkJ62S6yecsuHA1nD4DvOc06VSub4LlXzSyyz1G1Zbo7mnZa89DixWHpSstdyLlN8QeQy9hGk_6i-dVSRj54tPga6rXoYK6c5awNv5Rk1sL3bxwdRkf_cTkKnS2OokLnzyqNfaEwTDIUwVXCgmw5kg5x2martAYxkuR-OQ9Xncd2ADunh_nd6qQI0mjEMvbPeBo85M5UZCP9lVa_PuWW5XInbr05ra8NGxBC-LZwSarQadiVr8rryj4c12Bmg7swaIRuugTx0vndzu8DBP8Yvk1AhFOLch3iOkWUSh7glysO516-xuJc5vlAH0K-Uri6CMpg4casoj1Fc5a7JJuIWSGR7PK9VY-V1dMtZuUe3mNbQyaVghmktt0BmEmZ5xqymOcQS2WnO9pI2qhrz28DEVhKpccrWFWmutdMxC0GHGj1e6c34BHc88kEfPxl9eo7rAjrGutzwFmjPAnnbLJ09WJ0ErfkPuIDmUY0RdNW7rpSQEc17uuVFoVR8xmU4tuHG_vZS9OkSetnZEuRSt0cYLWKPWNo96vWgQdWJO-Q7PFfLOHAh4iI-HTeDb4NTaXxm2yJXHQ6Pip3oXK5eHqW2PEMX_gEuPF0DtWwRQ6xhezcYf7-9K9ogEA7CnpPawcjqkU4oh5R0oBcNRwLjPjzJtXciRZu7zlGu
Prague,37605,0,Czechia,2026-11-03,Tuesday,19:00:00,este,2026-11-04,Wednesday,16:45:00,napközben,1,1,PRG,https://www.kiwi.com/deep?affilid=mihalymisroriflights&currency=HUF&flightsId=0b770f0c51180000c4edf215_0%7C0f0c145c51190000428ad593_0%7C145c07f051190000101ffee7_0%7C07f00b77511a0000d13a20c7_0&from=BUD&lang=en&passengers=1&to=PRG&booking_token=HIBPf4raU3hedGyqAWdvjZ2met0s28kgHORRbhOUbq00kJVI-1yqKGFSnI9oyHLByVC9OKQeBHGhibk6-bUBBXRirxO5h4ZujEOIgcXgsBXcHH0TI7_lg1YC8esFlcYFgFaM8cG193WGofAX512MxTaCvvcCGTF4Zof9W0H5c99ji8-vblIMtXA_bu-ZyW8AwIyfta6FkZXiahT9phh6eRGZutJILqB_hIqJQsPhUyyKy7eIPbV-bPJ9xs6aYMKdaqYjWbNxcEqsOjGPeWIxOYSK_sriTXUGIembMtW1BSPD9YNzKXoOS9M-DOeUq6Pd0Mdg0A9PdZQaoEGs3gtidKio9eDwBPMuYGgv72t4tAi_BjR09cBBn5zzaeSLtOxzOX5o69BW1TC38m5C4-M79t3mBUmkZFo94pz6hUP7SMumnpGC69ez5HngJ91EpLmUzXAUqlKbfsF5zcl0IUCS1kMmL9jIexCmzNdePjs1aJYpbv_IWCDO4lXtwlcqhtbRzGFCS2bldx8kend-JgnJZHMM1b2gg6BQVSRPp7Vo_GREqe13B9Mw7frVfeHKZdU3kN1qw-Q7c_58XWO9ZU3QDnO6gZ04EBG51qjRjT0wVV2Z8LZ7Z-Hi4GT-CPIBSOA_d8iTwApj_F1cTr8CXl0hxwG9h_2L7-O8zwUw4snZXv8V0I9FQgH0n2BPf69VAYkqqjONjGUXyjr8nhRcxL6LtZTb_jJRk_EmmjN-nOtY4iKLpDd4XnQ_wek21VCuWcp6AZezgvpRLsDXbU1oJNw7K4WFi2UNI-WSWAYPYKw727VNjn28zMBJz7jB1uNU_RIRmxj9TQJhS9hBAzQwA_XXR360ucj1QPpFNsNe4aG4LonGD3MD3DmrJFNQAJgzKcnIc79As1tHEXaK4N80gKhK_1yEKOe0iJMAC4vgxSO99YCjpUF_UkT-r2JxliUkoMpL9AuSj0BaFlKTiWa3NSk0NX7o-X9lFcvK92bJt-AvKkhepiEOSPGvLdzQVX7GTNviwRwxEDkqRCb2MLGBVBnoCAQCB5tKw8u_90uS4o0OY1L_filuhvmL2pCmLUgq7QNHcl5sr5TunChADuLLdDWRPSwpqCU-a91X5cxhFye9OpkPjDZ7xbO7wUZdBui-22x8BcywVSDHb_dRPlrZTQE-a_a_-RdAH9O9m0TjVuSSpJ3sxYnKrY1wz6ELOOi5uM8g7Y--Dt6K5XkSEkENh4nm5mIcHBYF8LsVt3ilBN7lmzUq5Hgvsoa_S5uDIXCEy_TalW0a32o-0tSEnCgnZn7nX8aEi-PIbfZYEKDv-Wi_HAbnDIZZNVJyP1iNFffPKii7mhoju0jjR0c6bJsnrJMq39sRmDe8U3t081EiAkIoHBII=
Asturias,37666,4,Spain,2027-01-21,Thursday,06:05:00,reggel,2027-01-25,Monday,13:45:00,napközben,1,1,OVD,https://www.kiwi.com/deep?affilid=mihalymisroriflights&currency=HUF&flightsId=0b770f0c51670000bc638680_0%7C0f0c07d8516700007447af14_0%7C07d81527516b0000893bc287_0%7C15270b77516b00001882e5f7_0&from=BUD&lang=en&passengers=1&to=OVD&booking_token=HJmLMBizrjC5IEO6xswdcvcvoq7uaTxKkklGCmbzBQOoIYKkf21OSGS2w3Jsp4LOiENcuha2R-PfYDun2p53e1MGHIQ6nzMhmio4TJ6xlQwweiR1EXMu7Plh0W9-48L7UY8_975d7jVZD4ydL-MzBCpym9ZZ3mHMoTzpqQSsTWEYsNiZtIrOlhT4-bJfMzgo1LFW4c8AlJ1yyD7r0VSCR8JGb00UsUVfVojSC3OpwGqq6E2hBmwG6ArZGiWztkdNamXh8u2BdeL-vqLYopRIdW-4ahBvjZB0dG_4Fev739k4F1esXgWHHT75QNRgmg_iYxtVrG0ZCWFMVa4oM_0AJ2NZ__JIDXwP__hwM3q6NUgm48gBjdgS0mdAjXXAuswuR9RaPoZkW7vNyT3bmozCNWo8GnLbpLZI59KxPK9zh2ZNAuUIbzVKy_im_tH9tOrF4RbASodUov4eqDdCjy9_kapMRTHwDEaNQugPn-xFR37GxOzOtjTEHsguOysd6S1cx55m5-3_lsZo3ljLy6JaIIDVC0a0QGhBmBpPpc-zNaQR92h3Ko2cPVynyPNuZ0czl15h3pxb9J2sqc1RvNKKKRALsBRtdZ8uAqsRyujc8LTH355gkTgh-GzZkYmMPMr_TNDk_bXwlIsOIKGKhkW2gKZSQuW3cn6oea6Z7VcHhcYRWAJWuMq1pzYMsTE1wVKrbViEj_Tj4Hh4S0PiDFUDvwNHGJVCSLslk2kJsq1PvYrAanwYlzO17HQJ7LjqxP2s8_rZ2uWpPs4qjn4JrIG-ILTCRuMzfDPcl7w8Mp-9UEXoDS_Iu7AxlbEWGgAlO9YeLK2s7bVf33V0Ib6-de4C4JncJ6nS-zfC1_Cu9tWqh-2w6jhijO7vNx9WKdCIUC8FjJpra4ZaS-w4CIPMRCqaOCATrTvvPUxxLBeVweYZxEpNmjPqKCVCob-TIv9fk5XW0_x83nQP73i8vsHPsHVkSA3ZA7jw2v7P4jOiswKJzagMqjocfu5KH4KrNxBT32DcwPmxgkhqYtDfSPYSCb_j1m_Je3fuHep2yb_0K6tEGyc78C3WgcHy5Phx3SehCThuPPYb1Pj9oOdVQgh7vPXupOGJDo8TG_f6w3DuPz7-uU8aeoQ4ktW4-3whSDcefCPo5UAT43RnXNL35MzJkbPbKWWYeuAoSAL3K2mKP9iEEnTuWhzlyKfgC2UyKOfDWPF9_M0W--8d81VBeICQjqLgjWjWQJAbVikfIm4QChdbxECCFxozKgZI0td7UcnVPRyeSlxAavSxj0y1NW53YrdJRvADqSYP3ZuWLgCTYh7MqBi_D7G4s4eSr2eLos74cA4tX1uroZPg3kDBguKrhk24rF8vw9fApvmVgaQcxXOtX1VNmpg0RZbXRY2suD7mP5966kiUV0p-KgeoN4HIgTT7ICA==
Turku,37675,7,Finland,2026-12-23,Wednesday,17:20:00,este,2026-12-31,Thursday,08:40:00,reggel,1,1,TKU,https://www.kiwi.com/deep?affilid=mihalymisroriflights&currency=HUF&flightsId=0b77078a514a0000b44e8b8e_0%7C078a1f08514b0000d962f905_0%7C1f08078a51520000c8240edc_0%7C078a0b77515200009037159f_0&from=BUD&lang=en&passengers=1&to=TKU&booking_token=HwtH6jw5ZI3ow5UoGfm2gYFqSNg2CmqtUg6YoJvvReDA6qfodK9SjjkMUVBw6ZJS-ToMtFuLkUa5ONsoNoxiWgYF02SPlzqRz-BCSMAFf9vPkvqMNEmIpZ2DQXu-F9TeEE1r7jcYbbt2ppWS4qbyKz7RaKB4ukAuqSSVpUcwL8e5Q4UvPXiB9HfeoHYj2uM9xQyhhtDfeondo95NvOjZlQeKE9AaoWsYLDKlHZV_jhdcvKUT2fZIOGol6dhjpqu1Pzn2XJEtODNKl_O0_W1PgpoyhNJ-aT0AtNKGpcq7ueVKXbYBGylFP7uUURwjcRxaUvLL8J3fsua_r9f_d2L7rlDt9RsmR-ZsVdcKFBemR_mIknZxZ9LbqnGiSKq1XQSkJ9W49kCuw-rq-y3D2DfL9u-tZC6X3q6D5o_Ko9ii1V_3FuahlYXe1m91Kzzu7IFTT4_lh_LytnAfhw_N3e1QTxbBc6JIEffO2w4CEb0DHHTILZDsKCBX1jrgFF_0zXOYvW-bvkBaYvX-k5fMmxc1zFaEWyBk4wXnk3bb7Uzs_Q4t7SE5ls6d85op4tDejE3Hh3vUw2fZxJ-t7ZWVCDQ4zNaAmbqwJkRpVHBrcYDcfN-0kAE4bHpcTLRRrZw-gWSVIiOKO1D6mz9fklEm0_p3csRBj6wKdsLTDxawnBDuObVlF3J6X_pbsOTQIkb2po00hdYy5lP-TTkysruqNCak1XtG8_n6_o1zEGpeIy2arTHmJoP6Fr4ALvhi7BUsVZkj8-bdplT33PKcU1XdzTmru3-tfrQr_Go1qfNBYiOfAK_pAkNhhnQIvBnXrLdpkEHOUhI4ehczUnbNOguSMMWnuFQHH-qcpzMxpBCoNDiT2-MIUJSk0gfLFOk3uZrQnc-VJ3YcsRzUUn00Fd4OjwVaM1BYpL6wWXsFCAfujgzYMtL1vtl-0HXli8y0NxYjZt3v1LWcaeRcDKNuEVLDgWgDa-zcgiq9-G-9dH9CCdxIJUpVf7nelb2o4WGwKqubK9zTiIjt49QonGwBCtiOHdYuY6ysrAbwFpkPgMzP5Jrn5RFXG2RFEQAIPoF-jM9GCVb7uJc8c3yUn3ZTnyIMPHpNly-RcP35RVOCMxvyir4UBsnMJfr1mSbd3pcM9U9XUT9PGxzSjcGMiJhinbzFGpGgPmPe2Pb4O8c2k3tNq6Z0S87gFhejwv0q15GTkrIfF0xKXn6ayPu8sybmn3g2jDnSrJL2t1mZ8LecRinEMZS6FDIoL0nHKR-5D57bTl0D2QSH06Y1RrNOHVMDUSdLEQXkKWTLrp1HDZXhNAGDNpZ-rCdHK7ve_WruN3Wlnbb4P0OX26E6bfY5SIk-x7V3BwhnZA1RIABOaRAYt9I3Ju0xvorg=
Liverpool,37703,5,United Kingdom,2026-10-13,Tuesday,06:20:00,reggel,2026-10-19,Monday,08:10:00,reggel,1,1,LPL,https://www.kiwi.com/deep?affilid=mihalymisroriflights&currency=HUF&flightsId=0b7720ef51030000b34b4e68_0%7C20ef1b9a5104000046e75187_0%7C1b9a20ef5109000049cc4fbe_0%7C20ef0b7751090000dc542636_0&from=BUD&lang=en&passengers=1&to=LPL&booking_token=Hd60uX2uUcisgY2kJwxyISPV0BiAERtzgLXhBO7dogecOohEtRKjK1QLOp2lgAmse_YmCxUSnKNNoX_fIARSOSG368TmLjG3nmRw9YHSmp_0jZLgqheHoIHc_UUrXosoM3K_lmT0qf0wLnT6CUjoC5DSq7InqAr0ZYiCcn5oO8Cg087i48S2RDuxAK_SAqxhREZLv88V7z3i4RwPQDD2F7olOmzwqnsoNXFvvp6Eh93Cqs8T8VeSNTY4GxYMT66Crwe2oScPZN3gC11ShqfNTyD9yyRwEgEVYy_zOTqbpgTxmVut_rUgYs95J0WX83bGYRRpGZZNC-chSiAYPqpNl908mi9CeSUUn-LSdbnyUlw5RCjuKMNnQ81GLl8NdkoqUif_0pdPUVwxt8ScgC6QlN2EEBV9RwK8tLwcE2s7PmFthQnyfDg3qvHcOoHoeOYU9AumS-Lrz9liJZEfTD2MRmtcxQO1JUMlObxh4EUp-P8voS4hQ1A71bZJwbnqXqkkRITnxzT-rtTJbFfCrVp3KCuWsd8RBvTu6dh72rpNNYHY-x91-0sDAC6VSU3Aqs3oN-xYpIDOUmevXDXtxXdtAtLSOife4hrmCJsRQ_Yqp4VmWdWXEacXbUOMneEwX0sOM7A9Bi4jPCx3ymMDKfJ1BoOsqMlvJgWkuHxRwzzCC4d_2GuRON3DYRC9u6_RJGbIcF4sQ3uD6yuu_SiYtNn9g93tDCPNDVXRT2L50DCcr5MsGYyOTZsyfqv43cYGh79YvKQZMxSA0b1VlyXcb2kYlRlHh3vKduYE9CaJpTay-G67K5ucDzmviMGeOlz1Y7z8J0Y8mYyHpVTfuwcutfLspjjqKcbcrozQMBAQjBvhNwmtaKv92zDL02Cj7ItICdPnflkHvCECotCOCd9v3YdR-hAf5IthNlxjfXvZmrOezEePOjZYVrkQD7Io3-cD-oKeLlqZ3Mb4PvGsp8zCTSRFDZj2evfSXOoLRqHcw_GLQ6eFNLVgTGGu6Lk6cdrqVVUXMRqbEfwA5z70dboNj_fUpijzd5EOpYcC4O0St9qyfUVAmNj7t3qgiU3sC-_g0TyGW8sKX-5iVYq2iumYfjF057_tPjTS8qHcLDDRxQJim582yDT0xIrosCgdcRliKSQwMXT3-ZE-gKBcBlqfW_Plb4O8wDVI1OW5Y8m1429atVhfwmMYb8fb_XhEPeOFMBCGrWmpYZTk6p5DkTmHRb1EB_gNiEmG5fa7flVc-MSDaty_K0UfcjZY5ce9qoSeAvVaK87EWPv9g3APXuQcodEOx9dCapmbw6RNKeoWoklBmMKskBy43Esn2hzn2YxIEJQg6
Prague,37756,6,Czechia,2026-11-21,Saturday,15:35:00,napközben,2026-11-28,Saturday,12:50:00,napközben,1,1,PRG,https://www.kiwi.com/deep?affilid=mihalymisroriflights&currency=HUF&flightsId=0b775589512a00004e6ff70b_0%7C5589145c512b0000df3486eb_0%7C145c0f585131000057a40850_0%7C0f580b7751320000495b6ef7_0&from=BUD&lang=en&passengers=1&to=PRG&booking_token=HwW43S5hd9WNh2lUSWcxIGBKS58Gl-RdXB6u-eBUx7LEJfd95ZTIStZ1HTbljWUUoqHtV0QYROKT4ZsK8R6qERW4HwopZPKDxPG7oTFXqkCe-kkLaZtNxmKk3YDSrQLWmBjFHBUVWAGphQ0uUJD75CtB5u0WcT_bRvK_29sjEGTfrKwn5tlDyZ-5HuSTEsKQIMs_DBYsjfe0zpMf2AV1dReAWHrvMULyTo7H-07BE4VV-FW5d357WHtGZkWReJgdoTtwVeQNWwC6Wq-EjlXpzieAtfrYCtjj9xgbqFARKZsNE7c1Y8XVSXqIQQQEg3wp0-j36p_I9fitvKYff_t6ClcVU2xxIcePWcj6CnXX1zSa6Xn7iK_K6D-VZahh_CwUrQ7WFEJ_dfVo8WHPLJCOn6BciYJsXbxQpFoImwdNYVP9uk8ON5ZIXkS0sQPZJvtXlth6sa2GN21b2FP0lZPG-MyG1mAkhPLn7kH2hb3XQSsk15RMbEqFjUZC-q9lWezGeVy2Rb32IcVZet-w27wLkAJP_y6-lORaMSP0q1Bj6HjSVkxilPL86YU3HTIGqLYrmVb5kWEaYSntoztS_2OeZrYIrN6pPT5F1HgkmlKZtd8-Yk09ViIG_r-Y4xb7Umsh4ykDdlXWNU4VDQetpOSA_mhN0qwJ1Js1V-48Sv8vSzFnECFxxWIQ8ynDXVbdCODtsuLjKAlK5g_CfKgEIJPeVdjbLmDIcVUbilvEVTxrmYk0qAN9naDKOi0cyrFqAXqRznY4fuohYSuSKDStQvBYsS7RaXKk7DasNZahSpLyqEYg11q2TwlFEOdd2iFfNYrN-J9SimrQQk_TcpBgEVGK-jmnTFH_hhd5w7cEkGYLsYxfZkxOx7-UitJfGPwyiBwFOJRKtmzIbZ_mv0iYupDC2cJG1Djqf-_GkXpQnV8OaS4GET0Ea0gInrOgNH8x3GUTh7HmapuI8IPfVgroEa82-RH4xvCxj1QhuoHiuDKe8wPVOR7Sf6dZo46bXMDOsfHElM8pGZ9EmvVsR8Cj9bkMjQ3XiFRPF1iGrwAMxsRl_YPt5nSjMa70feggqoRsvC_DvXful-jZF7GC2WILpqdp5DpJm_6xwmjs-PxpYQ8Tl4ebuRf5IONa-QZ5NrSA-wysv2ne8TKctCDowjhTcJqHNzyuuYH9srDA1Oad8jWMCvZgitsLvLdmqAz4XJk4d6nG34ZQbawxgitHio_FsndLKdQYQVrbVOF_1OGIGTn4Srd9Yz_XYqBK3SGDn_ZsJWw9E-khTK7ljI14IE2unRQyt8rHFoOiB-Y76-lOt9VzydBl0FuxbwPkDyaYXNH-Tr5ddcx7nqAGIUSLDs0VePA_QIQYi3cwqXMbKLD7iy8c6JfY=
Ålesund,38058,7,Norway,2027-01-15,Friday,17:20:00,este,2027-01-23,Saturday,12:55:00,napközben,1,1,AES,https://www.kiwi.com/deep?affilid=mihalymisroriflights&currency=HUF&flightsId=0b77078a51610000a4c6412f_0%7C078a1bc451620000781203e6_0%7C1bc4078a516900004105c78e_0%7C078a0b77516a00000d0c4223_0&from=BUD&lang=en&passengers=1&to=AES&booking_token=HRG466wEvvMYL0_Dtdk7pxn5YOEv9GcoZSnCQQXRwk2GRKiuVK2bzxdo6O-EezN7KICPkpnk3ZROHeEN2WNy1jEs6eDyVcn61pmHPZLy_VAAfS_-_jmt1MwbQjGTaVij3JJ6es_ctXvOYzMlFAavM4Vb3rnpimwwFDohSAoovCLJyd8rLWfhMx3AESnsOW900mtHoFn3YgtMaMaQnsiGl49XcB3jXvlmzKs9PFv7hYq5Q6OoB3TDY7wmE3D9y9C7liQu0quo59fhL-pYh7RTHUc-Lt9gaGYgMwgawA4LT4wXrcG1wHTu2_EPyifktIkFna6WEZxanK_KdxRrTeqwTk8OHfEsfQ9jkEYGrd3HkRypL-oWWtMXQT950wnnLgHXXDHxSh_PQmQZCNjeMPT_mshJjTkSyglgD8KVznA2N1qtSTiKpBNN7klBQgaAWXOS2aOHKOwKzf4kUzQSTJKgs95ynI1rti_Au-8ovSZt3cKlFfz2QjuFv5ZcAMt3jWIVNDssYDGV-owYXXF8jSYi2gy2vDx4e3rcYZj2j7maVgG8Yo-sIBCujLBgfxosH1YpHRGfXBYJjAaA5694OVWM5J-jtqqm0aSE3pdLlH7L0GDmgtR-ugXwijsdctGvHYz-oaJPVJvZYuNt2LNk83Tv696CON_Dr-hc2x4wsipkqs_kYV8uY3fPKuw5h4hw3nVghZvFCq_ENrB8JyImIVaxUInbwmZ3vQviBHav8TQw6FlbB61Ie80U3Z2RIDxjKMiYrNNZc_m5RyrdNIg-21mC3jv3F2kINcgnNwgC5WS70ZEeJBPLNuR0MnFOITN_YTDpg1Fc59iPYq8XFIKpi6QymxZm-GSaemeQZbcJYqVl7LCigHS-viC5_HqRrBZXFlpoEeF2H27dBnRgZcLbE2VQ76BfLjPHxufM34Y_px4UMTLYckau0n4DXFFdzTiz3X7IHDa0A5OKMjtYH91zj1dEIDijT2l3mI21ZZZxb3GdTzvEVyQhq4-CyXU7qNKDSH3aiHnq4A_YNQRvGbXdXAhVrZbqvBfOc9AuQ3FSclGacCxNXDuq1tBDsC-3DMoOulMAYsriBkDBMnNVgbh1Df7enqa9bRFHpXakfwNZAipv_FBL0XeW4s7CdDdAwKPEJWT1gayxTFpCmW-_N8rRUkSGJmcxMP8rCXWbus48oi3UOVoBB3g9YjDhnskdmMZnYBVjCDp1haM7EC4G-frQGbCnOmbO_s2JsDU503DimWWhIGXsF4HBdbFagP-RaNwqkqYPegYcWa16YanXyOxjaIXn-BbCA_zPuRaNcL8Cm_1j-gHo5i8bj6xUzch_WvZsAbGOe
Frankfurt,38324,4,Germany,2026-11-06,Friday,10:10:00,napközben,2026-11-11,Wednesday,22:55:00,este,1,1,HHN,https://www.kiwi.com/deep?affilid=mihalymisroriflights&currency=HUF&flightsId=0b7714ec511b000020719df7_0%7C14ec241a511c0000c03ad2cd_0%7C241a558951200000b1a6cccc_0%7C55890b7751210000706a5f17_0&from=BUD&lang=en&passengers=1&to=HHN&booking_token=HwYIjOWU_-PSQa1jk0XTIwgLz2BaxK3ZnZ1Q4zXMIu-vQzyoIkOpG-i3xA_Na8rNqmQPoQ4SLKaOPFE7Ak3yV4cuhkJ2KT-ie-phmAsPvlEVP98T0Dxh6B0T7D83TEDcvJnMjKFg2pQP31pDgWk1qyTU54i0AF6xH2Mrc941Bm2TVK_gXVlRxw5q6MsXRRABEujO9OwvdhBOnNf1LrLbT3j55fmAtWbSW2jbE-q4IHH-n2CPwicsAmiyXwvcGcMRED07HwTOgtLYl1XfuXNkGTiDr-2G7X3OFolM9-44L7F7kCLbJwhQ-L9ZbyU0tXwYH25RJGPMWVF5u9DPI-FsIAYDtUra0uytlAXYN5nvHb96SgAYceGJd-c6y6HC2CARIuNlpOApHBgJWxmwnwcTV9lwPszaDkl3H04bM4Wbu4Zmn7GnXTo41t631O10vVxFj8lUd6DtTA1vk5niGBjr0jlwKP83m9asJNj2KFoZHL54L9hIYpqP2_TmS9fdthZ_ewxCWvkEzstygpiKxuQQVCsz2HKOIPrVg-MCNgj-7Zesrx-GWWx9iL4dvtQhmc1dsuArs7JICZ_lpSL057_Ju3IBarSrLbpCbvW4hvKYjrZYz9mN6C4CLsjiw85umrABVFjmjO_2QwCtRL-Zp1T-ljMHGgAdw4p7wOghzjx5aTikU_uJZdv9wWIVt4o6_3rT-lASV72cvCAPOncu4o9HQJ5yFmT0tUN90LjtAWb17FxIc-o-z_OzsgzJAuyWeZ7zPb_u_dz5HEjHdHoQNOd7glb6gJvOxSwLi3pqXtTARK-dHF1Z06SsUkVzBhYMhUjz_T_HL94-fE9H1zF5eREJUUpu9qV2OHMdFS6rQHrWCIIVrr-z74IZ6JUlz6-jjNr8wOCXpwWMnk9AaWTfuxpe7O_y4ed77pmcONoleWNypAiqX45WBKKFXRHHDmi-vJqdVTP9swEFGQ9fv_oi5BwZ4Rs_t8eGg1j8j6abbl1tUGQB32ezS5kgEN4P5R7SXk0olZQV5qA2GPtOA2bYy7Wr_PhHWm-Mlm_JLuket3czrx9G6MWSYHpa3ITZQG4YlDc5XT1RBatnKK9owiLU1mmOt3_fg2BL-3p5JFQE4FrnMZhpbdjxX76sW2R3LIr-sQ5aL_DMbyn9OjnUcZXBKkJ1xi0ikCbiFZayjtmotzM5lpwUqqH2MBiXPPNBdXAIkU7Zz_VlxJ_ufIR926UYFc5bPJtLDJY6jYLAbZjA3ur_SRGyqGl3ARN1qhywTMVVpH-xafLNuH5pEET0IVGox0EeT1gHXf_3uNxe4WHgTo2QpaCeGLXrx1N2oajOQ8Tjow2tJp7dcHjTTeKzUzogKzwLCdQ==
Iași,38344,5,Romania,2027-02-02,Tuesday,14:10:00,napközben,2027-02-08,Monday,05:30:00,reggel,1,1,IAS,https://www.kiwi.com/deep?affilid=mihalymisroriflights&currency=HUF&flightsId=0b7707df51730000f23ab571_0%7C07df231a51730000b99cab27_0%7C231a091e5179000013a3b991_0%7C091e0b7751790000a3ccec70_0&from=BUD&lang=en&passengers=1&to=IAS&booking_token=H2xuVHnRpnvDv_Dys6GtRyci22fW9bcUlhTSWF7sU7KGdZjURk85bYA0Rqq74uMWxe4JzeJFBQ_-ZhqhttcJ2pi48q_mVYCCCVU1KseWEvNdKY1673ni5WAdKZjMhMFi5ULh_30G12fVlDdpnnhEKNybwZNJeAbzV19wr2seOkEsksMzsn1JBlktp8Xgy77ARj7HA4xDZMOu8ecaB9emoQlLNa7O4JC7sxjH4PfTtqbYurzcC_PsFYzpdNCIQKC0R6M2SvOXjDkbYDC672c8DO_UrPjIijhEn9L5Q96PBCdn7y4w6bYfQJ89AmIig9E2PriyVmn0EIVl7e12CKarDBJkWseocBoqNcn6MMFZE9zK-aLCd_13jbb2ecqpRWohWsEWcgpuBo6sNu-YlfXuQO66553HXUoROYN8gYoeMOKcvbgknQcRa_opr1FnRtiMvjRGYzO8UEPwK8fYAH91qXaYr2TU368jLsYHLtGWVg6nJzPav73kwVEiTYcW_k_QiWxO1sYRel1vNP-5r4lwngZBydpClGV4uE9WyRf0gIuFnN2ddYZYUyqRBs_MiaIl553u_t43WrkcJ6Aoy9jyPKv_ZOJVzmhnFWN6BBJ3M30hXp9u5s2i8-L3HO8yqvwk7Cq7_5gm4cFBHtwimn8L6dT8z3EESNbtlamCqo1VIyTx0ZJenDXGeYgPm6rQHdiGIQZmDwxJdcT6P8MUO-1xnkmnPYw86LAkYAFk7rnTujHnSpXJ8RPSTWIjLYcfWmsdk86-aE32wuoD-kDp4ogl94VoD2eVlx8Ds0U2pJd6V97yxBeRk-JQtbxgOnprh92zLmsjO5V21SMPh4QPAHCdvKF5-LphsEpXGgGEK2sQcEAE7qdcqCAuI9BKAyVrZhFnA3CiDaHwPpuvQT-b0SZjjE-EYAnnJf04vzXq9ynqFK2Em6QmW1edc121CdXcKrqm3Ji3EGM-TRKTEFbCwZu87GqoD2yZvtbwaJSc6uGNc8zWYzdlwensbZVkWWyerNd8fnmyB7CcfYRwi-TB52w7yBIGOJTYtvnc_c0CV5CqzG_gwLiP9m-LFMFkK-yMejnD4vsM6xCaqw-UUCK121mddFZhHBNSqnmICkRjwpuRemUmNMwbivrrF6HnG5kep3EyruSjx78o_qIjyRdfZ6LAORFemNiX8Rkth-MVuczAKoyfZLl7luRzvTYIRQDDVCYC6alAVMVCe33HMaIs_A_atIvB9udHrJZxFxAH_IVvspCl0j83CYmEhWamV0mO6VMleZZuztuQoV1Afl0ZksayMOpfOLwogdPHxh94LLMbyHz7FKp23Qj798oZAicbhYcqEEpyOOYfxTk_ccmPKA6YIEQ==
Cologne,38390,7,Germany,2026-11-08,Sunday,13:30:00,napközben,2026-11-15,Sunday,22:50:00,este,1,1,CGN,https://www.kiwi.com/deep?affilid=mihalymisroriflights&currency=HUF&flightsId=0b771759511d00005b17189c_0%7C17591392511d0000e0013092_0%7C13922513512400007828bcf4_0%7C25130b775125000021d22a33_0&from=BUD&lang=en&passengers=1&to=CGN&booking_token=HvY5q_iWHo0WF5koQs_OOSoPlKwrwMfkXoD-oVTVPy8H-5VQEQSvnZ57o6_E4npOtnaJwBMVKNS9BGnsfD_rtbkLYE7VtjPGQyV_oUjbhBnH1y9FGFi1u_xeSenfctdWj7aef3WqruDNWEpL0KPMzwdm13E5nlbuYaykLZ3jOJDo0eqBeRmacMPl2JLUX6LHB0yIcpMAZAKG9FU-SDpJ0ENJNasZsYLUydbY8LmhACYuEs8YZR2MLw5IgRYYnps59a6SMuIeRxitiRn9s_UbZ7N93Nf30D8uDPPTpP4ddmNdOVb5NRF21v0kXEmXDCegxwQmN8rbVP20rK_rcNa4XbOlIUKduTZgB4ZBfM2pLqGSu2ilUX9vH6K834EgIx9Dw_JxNhO4gom6pHt8AmRshIu2JrbWuPTRGVbQD0TtR7ejcfmxdttng0RT8iXR0HDBz1Jy5V0mAzEGN186N3Rci9LoLkyHGpaVeoK6Pr8XXAlIdjQe5sSPUGxXOfDN9GTBeE7Pp_QPf2NsdPaR2s9I9LL15FnGsCflChvUMRrmEbEiEf_SkDGPjzZ9P3ZMY5ONH3JpfnjBVlzKSmnpCMMA_zWL96boJHOokMGX6rCAuepMtpOx0oOZrRDjoZRxrdpd9EHdt56W6iwAaOG9H1t-rTsuYwhtqKufFQhP8-0vm9vfVRaoNuAJjylkYDbFVaXMdR9UmuLg9FQf2PJbf5VNsSZta6mLQvXEkaaVwpSH365Fu12AXiIqnJu-tntHM4fliXrq8pi72N1msIReCkKnmXuUGT6z1zXkPXSMmS0GXpEN54GWCn2E6LS60-3YSyDMbDeK6jJRqYbZoHQW-AbHr5gAjQfqP3bZ2vKvEgg5uNMShrzCgrWqO_8QxFhS4TbZuc5y59gi4BxeWqSg-4quAXrSjP3UReNxTZe1-U6sIIvOMOcS605zym1CJB-QKnMNaS39kNX1xqherivFHhnsr_-WYmw9brC57ouLwI86Lyth8fE0wTxXCcDGypnRjMXping1groAbdXM-rHc4RzOJrMd5WE2yXdimwZW_aPqmMLGVmjpeYxhujd19YPhsH7ZaHhW94W6ndHMGIII5pvKjkskIUKQKTQwNGN7b484AmeHjHjBsiqJVOI351P1MISZUTmBIBZoRZNb4n3qwbFIFrWhh-G4vT8cydJMj3qO1w6erc7-9F97xAliIi4jYPxfF94OVWS8E7EU2z7inco2tD3DoDD6t3kj0zasZQmVenLwIchADj4U1tJomPdQ0AF9ZljkBhuZXAk6w1DNOQseAImNnPaNQEWgdwoPFoE9hGcqniZ4FiqmD-vIDDfhGbCb3
Timișoara,38447,3,Romania,2027-01-25,Monday,11:10:00,napközben,2027-01-28,Thursday,21:10:00,este,1,1,TSR,https://www.kiwi.com/deep?affilid=mihalymisroriflights&currency=HUF&flightsId=0b77091e516b00004752b13b_0%7C091e0ed8516b0000e9cf39b2_0%7C0ed81f34516e0000bdc614a5_0%7C1f340b77516f00004c1e4227_0&from=BUD&lang=en&passengers=1&to=TSR&booking_token=Hl5l4PuaMDUSoolW3MrpRDcvcW8LFo-ywDaGViU9KiuiZ_g4guWK51VgWdPvmTeXGNmyZ1w4JvSREtKxhuPkAQvQZDFqj6r3c4ERlkvkyZ4L2XBmCW90QRcEm66DJvjPh4PTGMoJnYYGlGfd7FTyNMM4gD2ZUPKud8qaihBNb5keKvk5e3YaMjh_L4Eex0accN5C_WYUclNCAhepiNE8P_DTS-aj22K9Yj2ikkHVacgKLHyZEUS9-EUH-7Y2LJM5BySU5YFdIZgwNYkaDGFa_pQJ_2y6n0w239uQ_Qy8WHU7TcjneWhE5nUQmTZ7JQO5a2sR6eG-nX11NGf-gyRO7TAilL9YcqYRolGzhlggF2lglW7bWvfOnQGpBcwm_j_qzTGfE7JIiYADe9GhA4KHRl3RqNgtatmDX-H_C5h8ODJ-0sS6M5i-wW_05vjHy88BvJC05HXYFsjU7JXvWDz5dBM-t32kqOldka1Tvkl3Rz_a2r-fJ9Cpt6n5i8D3sBGoTUK1rZNXfTQP_mxfj7PKFJ2lPntZR0PMNrymPzAGIdhFGqMUDaPoXAiMZ3u5IbT_SDJ_a3PA6IHEem18yj0zFvrxJwvN-ZjF-PrhCl9N-4g5ND22r_gVDRgoe1DT966TtQXq1TPW0RLDAruGWNGKoJYENRXY24WeWg9ZI1JEGNCEjiHEQkpImEMgAdB38hB9fWVmTM9yA340Z5mQdjTgaK1nVqBfeE7itoGDA6EAagCheqhbhOioxhiUXK8uyQAxASHzOKWigyHStlTBHA1_86IcGm-XOEgSdxGf57YLHPGtVv5U0oBp0ptklKs4R6JZB4RjoK9wb_njh-VShqUVTVPWp64FMNvNvv9vDyvh-RPxxRnl6SCxgds8bS8QTIL33lXtWYnq8wQam1jEMC7-RI6svxrsmFKdTR6YP6u11pUXmbyjHHytR2R6eQ1uWQyRmUkFY3VjyUxMT3OC2LduHjicQApnxWRCVPntptcdeC4TcTb4h8RG_JIAL25wr_vLFFG0JYxWxV01u6TrckeKlB7yxkFEsmSvYXQ_rXSRO3hG_Z6jMaED8keFOTU0lU9DlG-6Ydg1X9ors5IrnaV-kWpjl3_UOACG027P_nUawLPCQe8b2DlRfPNkeqEwttVaWeYfokKdskB5Pza9Q6iRGz0iNxyQLkeHth3GxHj-bM_x1o6y2zSmAi7dIoWEINY53tr1MuM-_-UW3nO5qe7EWS9hQ2yRNyAE9vavLLyh5E68l_FM6X8NFkuWtrhHuWyCAjQgApPQVQomLQBp3kgSt1qHV5UZU_xwcu3tPncRZKZyws0Rb5SD-frv87ctXAqEKp98k2YhZoWjW3KF40G-Rmw==
Timișoara,38447,6,Romania,2027-01-22,Friday,06:15:00,reggel,2027-01-28,Thursday,21:10:00,este,1,1,TSR,https://www.kiwi.com/deep?affilid=mihalymisroriflights&currency=HUF&flightsId=0b77091e51680000108b06d2_0%7C091e0ed8516800005018ef77_0%7C0ed81f34516e0000bdc614a5_0%7C1f340b77516f00004c1e4227_0&from=BUD&lang=en&passengers=1&to=TSR&booking_token=H56ar963G-FZmrItn09BqZNwTYHlbR58m0FDJQpZIQq9q0OT38lqkU_Gd5f5GdtKdiqadPbKxX5dojozo6j18UQm8aFab0xB6mkYqb_6hyGafgDodApf_yijZrUoUH1FEb3prg0BahJ4Ghdtvo2lu0QVHmzygXi8bNXv-eqFbUJg9Rd5M5Hld2GgDkV_ztD_2JOY18la3UvJkY6bJ9PbEAnfk_f_M-AnXx1kvphvJ_GF9e6_FIDbaQvSzC55lJ9fHSLQ9BbQKaGBD_L9j1ETtr1V51epWm-YxZ24nko1UewcAqHcjA0blACF8xRNmQlr2dj9vLJpv0lGp4G3XWwe2c58ZK0qr5cRblvyjosGrNMgXYOOD3E3p0G2FkUbO0_mUnXr8IA0BZ4GRZ1kfmJXL5SdDAeEEhuiHAlvlS0jBK6LdQ_AoVpVSSFtmUG8d7gACKaUmfSSIo_W07bAeRWlGt48DLYgl9K_nISd0qIiJ9M5iPmVAjH2CGOFB-Y56W6wcHEYZZ1-ySwvb6A_iZA0YQaym3qJMKlQAYAz3WBPaWcMfXtzWSTmAY41YjDqU3KNVs3K2kGEl4VcUy33VQ80EIFnkjMyqVvWOYCFxPsGU90AZJC7jQWIroGM0tJc33CH8njiUiUPZQKZe9fECEA1slYOiwNdEGCB7ZHnOgCtFtqy-K_NmrtvBT4fmtuwgPbqEPa4uCJOZr9i_N5s83l60jo9c0bPu5y4olBJoo6XqedeLE_cIREVAOzSt7XYAHpDBM_BP4pK6oPXLDQ2nKYeF1fP9MOjbBFyRkvmRt2bp6r1g0-VZkmlYKX8oMPZmk5LE67AufWtO9RlWMuiJnpufwOeMDx7R_OB2LMxKDe4eOOk6VqWz2vYZYJeIaDZyrE4yMxPTwAzLDfLmljMSDrHCvCpUtpP4ilqXF1UtsEuU4HTw82sMUpkOUmrzE2JkXCb6vrAzgxTcsFImsmE2RpVcq9srCq74QV68xjUV0RVg-6AWvgHbn1PWH1k0gObl4JyGm-uUiEWRJqvlQ1NKnIRb1HSDms1Op8K8Hpi1z-IKm-oXz_wDQqrKO9I1N7OWujaLjfLhsJ_oWm9WNTavpfUfPhb9jyjPD-MWaPZzu2yVrKaBXpOj5FhEvgIQHprU0KG44nj_ca-F-4-IJthC5e7uO7eG7hymxu7zRvKpcdEnq0H4feHwCq6a21thbmdWkmEbC-zHnR2jvAjzvUEesRSjoTVB5__ZmOn-aA9FOACPAKLZFahikPOMwABIqqQpMzzQELZ16nWeldEBxSgRVxZNa5M5eI_pHjPfS2OBeRJ4INzBDIr4v-vHuuIUPbTZH-IY
Tuzla,38447,2,Bosnia & Herzegovina,2026-11-13,Friday,11:45:00,napközben,2026-11-16,Monday,06:15:00,reggel,2,1,TZL,https://www.kiwi.com/deep?affilid=mihalymisroriflights&currency=HUF&flightsId=0b7723335122000061f72dbb_0%7C23331e03512300004add8400_0%7C1e031c0451230000fd4d79f8_0%7C1c04004251250000351514c7_0%7C00420b775125000035451565_0&from=BUD&lang=en&passengers=1&to=TZL&booking_token=HnM03j5nPAJT117xe6ytRSpfwyBnsg-5YZfAYjaiTrm43Jin7OC6ZTSyvIZmqREoDCFM_f_z5Q28LkgITIrrUHyaKPn4X4Sl4iuxaO-NsCJBf91HQlQF8P5-8X9LXXhjfcowvFgo3Sfd11AbFqKTnOmY9RD1vdvyFjHuFwo_68JrtT8R1JKaYagox4s8zzbiAimmcBHDJcT_rLtb7iaoS12Kgnwazg0epw9l0sZ-oMZrkux6fEJakb-5PEOAJxR0BpprRiinf9ls19xUWexEQPsZfT1X68iraRYeormDXiRv_L-IWEUNyRpwI-m2GIb6Q_Q-MmQNGvezu_F-_VFeI40bdYbXN3O4q7P_V6Gn5dQgTay64Hl-Q5NhzjyFy96QBF1Ah2YTnIzoB3YOVmL6tQHNsFRcrxU_1fn0Ug-lnBihj9xbmRM2X9_a9hj1n3FSHYZssPC4g_uAWS4j2H0QAceIn3b808jtsZfHFq2ZLqLQn0AClbiDg4lJKJKd6LvlsZuzRLst9U2oZQ2iX-rahZLayI-FfSKzamqh7R0njvJX0nlrbwVDI1Zm4GQN9b1lyKKh7VEh4ROvbTkgZ5OGmX2o1m4Lhq517tFOuVRkaXUN9BR2hrn1qYCj-qYNYeU7NrdFEWGW7hz5QCADbx8Nw_rcCKtFVBS8hGkWo-_fmV5wdoDAOYrDZFItFxAdRwI-CCB41VQ1rRl0-_gPKX9pGimvKio_oZjGLxtJaqeTrbmdOL9TFZR7wCA0_H5-2HfASXPBjf7FMI99wvAJNFexiVvVNQHEP8JlpcmqunrtfmZiQVtIi9ukYtGcK3THISY_-J8QnE2AkuBG2iuL8kYx8ZOG72qm8fb_voZNKaTazQhcZ7SaJGcpteqgohNqMPdwpy0HuAdnh9sdvIV_iu998DByXTqDPIhsDOwqe5oeOnEVU_jICycU0PsIRyoWvH_NxnlPiTDi1GVfb4jKHBN7zgyd1F3rAgguK1JJtpTlWNFva8ys4LmHRyTUBM4VsPE9mg2J6w6nau08RLAiBH4KUwO44ff19Muy0c6zMTYs_FxTZHDLzrTpIbH_BuGgQGN-XAFrwtjjMg1S8wH8VPN-VyVQxzc3oneU80Dd3qgzmroiIXTaEKzPiIYUF2E9e832PYfjGlqqqSc1GtZTEzQuKA3ow2vJ1HzzASFI4cWt-0N4JLq2-9U_8AbrOOrfIplG4NtUYNoUqxCe33us2WDdGuRj5xENEFLQpMiBTcFl_g3iIzjb_7qbtWfyEnz0ASCh4xzx5sl2IQCKkD-05a1xtdv--P3fqZ9wzgXO4i0lk5BWfBOTKiZu2t0l09_ZPYauEzMNCc-1K02MiOYciLQo8SmtkSisXIseSfHQ48Qpo2v-Hvr2SIzccxOaOmu5WBy8QbDMJeCLHbrqXiYpPWS6HPA==
Iași,38513,2,Romania,2027-01-19,Tuesday,14:10:00,napközben,2027-01-22,Friday,05:30:00,reggel,1,1,IAS,https://www.kiwi.com/deep?affilid=mihalymisroriflights&currency=HUF&flightsId=0b7707df516500003db29d11_0%7C07df231a5165000076148347_0%7C231a091e5168000098eb037c_0%7C091e0b77516800002884569d_0&from=BUD&lang=en&passengers=1&to=IAS&booking_token=H-hm4bDoKYwfrKh3cn_8FNvpmqbjZga0hwTlqRB-3QaWeYOP-Z08GsvEV95oJuWDahYr3NVJVfNB22iQVmPoAiBsd_ErZ6ClbgxqNYAUljcRrxmBIpQGFIziTc_fRDH4vQ9LxhCk7S5hnDOEEFsyXAUptDhZtvOk4KjzJbOfV3oGhPAq70O8aoZNGeVyfnKE_tENwIfimf1TNbhg5L_sxl9sb1PhXAeMeifD10mr29W44GmhgljvrmHX0bTSl-rS0zScPaAnPR2xQ7AeMkfuhRBLJM5_axcbK6n8zC8jJda7NBAXQINXbZSh3MEQJOPevz1wL75fCepuYcy1NVmSQoKY51m1bT-zG5pXXGfhVvSl64-YvEck7R045Leh0s17cBjkJq-qjoRNFM0gN3s6hYk8l7foR0BrQuUk2boyqvRkkufSPjWxyutr9tsavYa3_2R_0Wk493-Nhpk5h8T5xlEIlqG67-zCdcCnBQFhPRhLWBe2N0I9zpqr-c05TR7kF9Y5qLj_RJ8lnmZehaCfd0MWCJjLqPm49AXLZEdLtGkJKoyYmKFWUHIVLUhcdP61YZrLlWCPDx1nFxAqAyG9aKo6pTtobhFNjHDstl8gp7WmvMYr5A2yyFIhxru84zUP_Kas7niDYwU7IFSrhGUYdlabhtYJzmyOS9SabkJ5KW89O3_KKg2MEa9oPtgzxIZt9mzaAgFFckoEJG9vY-UH8Tq2sBDS2wSWvOUbWnXa7riNVtiTH3mnapcQb9-3gXaVu07iNwGAc7ocZ5Ghc46mQNrK4pjl64Y17gW5znNsH01E4qUiUGeVA5Y_DNTKp4M_NdnUKCWjJFlXYxrWh9dF-yliBnd5n9XGpTyhexLs70JQY_j1pL_hcRhz0AlAGsDztnblsN0dX-fO-wx9r4ljosMjUTev37-bbdjD8jo6wNLhm9qhk8_B52OzucT_UQGACMqHXd_oEhiJJ4uGuq3jqP1z50xnmhESVz6QyJnYtJCNFeKCDBtL8qTvpPc2rt71cPW-Qd_bjE1bnN2UsvGFmX1hxcSUh-tQZK8vUbY8mP9yqQiIB35MB5m50iw8BuJhnI80s2d6bp26RNrLmsA1yVW6fUQrHHMkN10MkfxjkBb2YqPIRrqmnq1kBeQJyU8_l0KpGnTQmSO57z97rNYOpb1naHXApBzPL_uo9NmUOMjKzws4z8qsj9jm8Eg6Vn6fIuGNNppDzrndFxe2LWU3X6yldsKhV0PD9J9FIoB-qaTXfJxoQsW8q8MHXS1lHUD59RvopBXeiS3veDdWv2xbjoILH44SOzFmJukOkGxqPyS3OiSbHVahEIA_oHwc36stkreEYHrarRXqQKqNp_Mp8QGtX5031TiYRwwPOWowjv-M=
Iași,38513,7,Romania,2027-01-14,Thursday,07:00:00,reggel,2027-01-22,Friday,05:30:00,reggel,1,1,IAS,https://www.kiwi.com/deep?affilid=mihalymisroriflights&currency=HUF&flightsId=0b7707df5160000080d89d96_0%7C07df231a51600000cb7e83c0_0%7C231a091e5168000098eb037c_0%7C091e0b77516800002884569d_0&from=BUD&lang=en&passengers=1&to=IAS&booking_token=HmxV0fpzEyYO1KXio7xafDJhX0MCi7HHqLiAteB-tK0A1k-5fXjdGWF5g4qO6r1ibq9K49DqbKrrqgqNPvm0vqW8XzG2ujtu05RylHjTalH_4yv0b8wKzROegHDU_A2j6-LTXnjv83lXsQ2ft44b4jclYF-EsW8LtLkVr0Pw1fzyArfC1_XixLsHqKJDc8m5zkw8_EoKxxPHYel7WRmUb0O8yxC3snyfhSCJYN29y1BpxUmzNLeLwwXw25SQHEoYZHyaH0mTIYUl7Cj9JTCQA7GcyQ4ljaZo1kgJezoMbCtL3RTMqzVhNyr5m71GqTlFz20Oel4kjpmt1hKwtsw8kWZDGeBgD0V-iRRicfEfwipyVW2A0bKBfwTiqcFVaQgS68XWKHJjq6pllBDnk7NubdpMvuRrYFWyWHPQquR92kXi8ko2EjRpeIUev4ljA7Uf798YxU1JQZCaAvP5UJJu3zHzNCE2tte-LAYSy7bOGvlWWdJvCx_Qo6aU5dCjjUxUt30j5o7QBja2ZSUv9uK9QQA74vg3yk-Kifge_2C_BHDua7dPQuZHvPMT2QIXUQvAnzXpr1JcdOiU2sAZDAssokTL1fdKYg8XPEl5gKYZ7BC83ZvbI8uF4dvrYjuulWsuswaxewiNfkfz1fIAh7MPEzcSIef98KbnJIk4mqK4bUZbOAjf7ju3MdEc_UyYh0YTXbQM5qrs9n78iZH0B4zFDZOcNmKVWqTBr5oVFQPZ3SecyAaHHkjLO0hHmQBq6hjGY7ni6-dWSZVJ9mpDLVHRDnr7heMrSv4TZtOwkerjDgNjRxYUtZmA1TpA9jWzw8w-5KfWhXM9GbKHn--W_IZtR_5NyrHDnfuBycj5vNJfLXC0qVs8QpAmqFrTnhuDPmzUA7tVlOJ535_PTDOVcsHjSRFCoapnKzL6Gzy-qqMV2iXiObCg5KIr-Rj08d2a3k06UYzoqPcxew0VqUphrmU1XA6g-ifjShLLeJUegVBJH3PYJphwrWc9CVF7z0jhKAYFdXnkU5oNdFzMKF5E2S-XR3OHV7rTRfp_JawhW84iU4om1nSKUdlwL4EArxrNGsTqwa_1TKqrWY6-NHppmDmOVODVMiKGO3hH8VZShJI4adATnJqU06Nf7g2XQe6psL8c5ydfwrs6g4BwT7KJ17Ku0g13jH-LOapqzHny_XUJTe8y7PWDaVCk18Hz7uW5VUpxe8eU82hiJq3V4QUESB-oMSai_DH-Q5Z0RdzX5covlILGXlMnLslnwprQFISig66HBpscxipB4dAlb0znJoor6hS3f6PAVrcDbaeRn7tFhM1RqQRKJhYEhfld2PZHwYQ4t4Tu01xbBWXLLSv0qSX_3RQ==
Frankfurt,38569,3,Germany,2026-11-06,Friday,10:10:00,napközben,2026-11-10,Tuesday,07:35:00,reggel,1,1,HHN,https://www.kiwi.com/deep?affilid=mihalymisroriflights&currency=HUF&flightsId=0b7714ec511b000020719df7_0%7C14ec241a511c0000c03ad2cd_0%7C241a14ec511f0000906b7726_0%7C14ec0b77511f00005d21c772_0&from=BUD&lang=en&passengers=1&to=HHN&booking_token=Hkq3bQYIqO_NKxW5-G8_Ii-6KZGnKqxFVRdzWRhHGFf1Jlf6NTrCJiHossE0D3qEIItPi30VEGHx18A5tnUGE0E8PjC1fb8mKcZJ8XvwAQWbAZPS1N3TceiQGJAMYw1dcTOIEmyLLpC5HNeHpV2qn2lwvInRjCIm41U-_cXBES6J1N3qwjpmRaVAwtobSayW7Ixw8pxFHJtHqqeLRVnxEF9j0uR5WmHB6uhqA3IIVt0r4rdapZ5nHIq9Al-b0LpX91dBret90J5NXGRUYGuBXx-7U26C3h5S7AeLZTVQlkGcytAcCGiQaK4FGgQfRop8Uvic5NBW13seMPVI9ruAgTP77sU6vGZcOgx-x0flpm53N-0ghodrKCKLcvteQiCMLuP8m0nJBuULxCib-q3-Q-EXTn2EMqmE4359W94gcWobe7cVKJTN549M2dMvd3d8ejzMJv2RjnY3k3bNIpHTZ0SWcDzM6ksbxwnKlNqcoN6bcyh6EDPA5aAiANMebyIdeqp_rbWXTpxVFaCftM5geRWMjfnvSR0A2N-0XGGrLJyd1qHLvggKLmgTa3t0vidHL36ecy8oyB34VhmsnZNQWgqqlJ-pcHbmIzU2z7CR5aP0pRhB9CEpZSKxmgGQDibd_Sq5nrMaJObn16gw_JDrXsXKFTgx4UNVXrAykYzEsnP478GZsUqsRklkAxzW1qw45CIG98UYnJFyGm5fl1GGVQOi0FkPA3AvOCBxhYXBTTHbw8jOMewTezPo3M4QAqheRFNL7FWtQ4yYs9g364Oc5LusDcxR7FkKCYH5iPZF6Jmj6tIzipMT5OC7j0QvuzIgJ7YNoqMjOoZAx6nxX02O1QGmT8mZUhTh6fxCUcRnvQKhznOFqB3ZtvjYjOMt8SDidgmOYVULw1h-NqlQY_uazr4HYuM4K2nhRU2stXoCGdfGBukyp2zRmclF7l10BxD4bsqed8hBDQe2lbpZkN5pT_vbyF-YhVbrxiLO0K_HLz90IVmYTUDcsobd3p2vvSYEmrpfBf4QUO3wUE__dNr6oF3-hD9Zgp6xrjxBPb5h6e91YEYzBJ3o3h75J62RuQ_8Y9wksHUC9MSCqtUBHsTUWkyHqrsytpQl7xZeJi1romPfwJQaRYhDbWFuqvLlSWlcaVeTj-p4RTnU1e9_HJLyiXn8IJmYrXY6PwyEuuqL6GNAt0rPt6dNXnFnSSAittlOvwVXPL157f6ydJHXTMPcOV06CXmtjNdHsEFXLPstdCRx8l-b5Srnh-4128CkiVQRcgMRs5uvWE76XWup-G-VD3TotYAsZGIcFprjqFHn0eYA=
Asturias,38577,4,Spain,2027-01-27,Wednesday,16:25:00,napközben,2027-02-01,Monday,13:45:00,napközben,1,1,OVD,https://www.kiwi.com/deep?affilid=mihalymisroriflights&currency=HUF&flightsId=0b771527516d0000440b14ef_0%7C152707d8516e00007b423410_0%7C07d8152751720000f2ea4564_0%7C15270b775172000063536214_0&from=BUD&lang=en&passengers=1&to=OVD&booking_token=HYxeqs7ttG3QqehpnQS8mi_EtK8FiLLtOx04bDtGyhX3Sy5r9Xm07GYyw2uxD3oO7Belhev9TKoyB4c0GvsjeCe9Jh3NA0dOvzLENPE8KQ2CitPlwSfMOl9aLAOvpZbT_MN3_elKo7Ir2bbb_lifXJZ8nwYXmTgfkU4Gmv1yP0HN-tr6jk20bbqGWmuWSPfe3aWmy4TPTt8DRXec1ziKP0Wm4pyJiQXyWlb-QN1cppFlNsEPA9AzI6sM4p9zk4zZC2PtCGWNjdSd4Z2dgn6QYNApfbgv9Jzt8gAioZf6Ucc3PbK1hVrj_hvCCRjpFsJQsArYQn55GgdyoW9pAsuQ_dMyLeCsi3Pk-9PHOCUrsYMtST79gFbsXaS0foUfFO7eYaBs2kOUj1dOjA45gDjjuwaOz9XLX8XhW_kOwZW6IPHpb5rcANuCrKViDeThMirr8Cn-etiI--G0SPQYLk9UB8TQ3Zcrp52jfrKHG8CjsQzTbI8NPHOs06BnhaG9grN491uvJdvVKcK_Vn79HMgQWjzjSXMRKhdKeynwWeaXvFVYt_uoVTR_KCO1rc-vC-Vph1165Kq7IWOIyLm1yTv2nW_tnoV5oay3LPdLfIrZg_rmzMWj5n-OZQzxBt3LC2cz-WGAJRBlN_DGrMmcrU53Ah7Ijvc8QVIkbMIg1v6YIOwffHlIXE5bBuR3c3iNADWxDJM9SrztrUBHrbEKvOIDU8D9tsENVHJ0gZkzjKzARewnt0kpXNDMDgY4-3HFo32Yp-6O6XQay32-g4druDOAYvFI2YiHy0-26OHSxvgAoH_BaNRo4YxjdAwwzIXEYYNelQqLp6OXuguQ7OAL59gIQpwJtkw8gxuQxa7V-sk9rvxpcPP3hmkPZkhxYtFL5R6acQvyf-KKeGUeE1bOZCVRf0lP3OL_C5MSUoa2CkZFpHullLg6ZOTDcDAGBiy7I63VSDmutkcXCB0mmHolwxuDfupb2RlP6Syq2mYtGRS4XvdgUkAViyVv4zNRpimusp9MaYU7sCCfKUpj8Oq429iYsaw8_vrGePIHYmD5uSIhikqVtay7V5WemADZ5D1GfpXV0vX1vGYBmp_LocUdmyh3EJ-h52zEComDGBLpJellIK_pndxAaddwk-7SM7IZ3mQ6ixxI6S-dsDrxyaP3SWRXuisnx1Gi51gcAjEdX8zIfwFW-_lOVEu7d_x81riaVQhNtBeKIer2T8xn3kxxG8AXKz8sikx8WFyDwcd3rrAT9hYH72vQnicrqMPQsntCO1ygHsm3j9Fg1ViHVEFcoWtXG6bbR7w_dHwZOEL78z19jde2Vq3N-5fLxM978l6yzXN0EFZsaF6_9YeLXSH3Utj81j38-d5WQ4xWQ5KxQE52Dgn8=
Constanța,38868,4,Romania,2027-01-13,Wednesday,06:05:00,reggel,2027-01-17,Sunday,23:55:00,este,1,1,CND,https://www.kiwi.com/deep?affilid=mihalymisroriflights&currency=HUF&flightsId=0b770f0c515f0000d3b51c0e_0%7C0f0c21cc515f00008ad1fdd4_0%7C21cc0f0c5163000044e2785e_0%7C0f0c0b775164000071b8c275_0&from=BUD&lang=en&passengers=1&to=CND&booking_token=HGJ0DHugExypXqxv62BrhQxH0aMCSKxqd4N-awYiZftKVG2Cmo9R0NOd0LWDXklUniFsDQLmsm3pjwXqzYxbweRJ7xZ3IUMeXr6IS8nbapR6ZZ1qnZCoC9PpoTIBt9aINKcSQdjdcmRTusPPsnzzPVanOxtFUFCTVutk30NHY9Hy6kPoCALYRWvnXxXtVGGlJmnAsEF_FJ5CcYosPuspaG-L8RH-Qlu4I9fFVI6umMBZ2KevdXCYa7dQJjSl8J6VBhbKFl2xaHSGXZNVDJ-8Uc76O2vrJeMYMUYL6bPodJ-8xUqKO9DcTNMd_eMVKFhB4V70a8TSnfy27RlifEEUuzjUqwPGpJYYPwc9l5JyGWecjxz29AWruUJrS7q7ygssCIXqSWVUxjeS2iBhuSjXkbXj32uIxU2L1YrXDU3Zid99h-YCgEqQix5PS9ZqHStxKTk027niqMddOaJ10fq28u9VISXRVpM0Cysv7jAcQhgJIeqpqjCxlV8rnvpL56HPyZdDxK4ZqUg0ob_z__ZHC1EREtYzmZ61E-N7rBNKi2fQtG8NKxP1mK_0z52ePEQR0Q_nfs5r1rvGnJDdrTsL15BL3tBjd8ayp7Me-MeOsZjGV50Ru_On9gwfhsK-qUX-gQMuZMONFkMuDM45UHb1UsO-15cT2NAMZQL48dnleR287mIr3yCFeWa4tIMS6gxLtLRQ7nORpZo30KCgSqw_NcLsja6xsap3XizEbeSNl06mA1bpaqaeRrMCMONA8Y5xx2dORO3COZYL24gHTq3Wy-eLKPxfoz7b1AC2dy4aO6U85bVkJ1MQlJ7JcGLOLEc_OHKFO4sxZXNqcgRM_099_uI_glUqAenSaud9bwHFTj8XhEBsElR1BwKV4wWghrMrnXdMp3eCTiAwcg8yhCJpl5U687A9_wDv__4Rl6YnG-lm3j9Sl6wPh7YvP-ZExdzb8lA6xPpAK7xd2CvtyPLXh_sMMcUvN4U-i2Ob2XupaPMRjC6jDUGtINgX4B0oAjVeWDbcaLB9KOfNn9E67VHen3T-J5ZANfE-9VwAffq6FgQDzgMhV_1AaoG8Fd-fcr_nthlW94YKGVvpElpY-R9rynDIlp91-3TqVf0n4aZiZ_gdtmyBWN8vNvwchKWXcEVZtdacd8Ce6lv0LsAGxnNHuvGQq01y25HJmm9TfpY4f_5pojSqYtXV8qO5IIMTA-j6ey2LZSVZKPL9yAfcSJsdVpfaOE7UgedA3lPp3BHBGPbeYuXEju7PyPb13HyGvk07DYE7Vjg6Rol4fF2hcw-0xd48AxYXwjuygjoAhvM5TZXfLucUUNkZBgVCmjRAn7eJWjhQp329jcpUO171GWenskA==
Timișoara,38868,4,Romania,2027-01-25,Monday,11:10:00,napközben,2027-01-29,Friday,15:30:00,napközben,1,1,TSR,https://www.kiwi.com/deep?affilid=mihalymisroriflights&currency=HUF&flightsId=0b77091e516b00004752b13b_0%7C091e0ed8516b0000e9cf39b2_0%7C0ed8091e516f00009d7a47ba_0%7C091e0b7751700000c9e5d244_0&from=BUD&lang=en&passengers=1&to=TSR&booking_token=HDvfemZSjmbvg5fqzrDma6_bbY5AVtOSSit4fpZNk9TXlDfLUc8SSMN1HT4qQKHBRaQnEpgJTNA-EakFU4m25TVn8EvGoAcDWExOCEhKUgDA4TwXkiFhttBZPNS8_04CYtSFMUapOO4ulW35T1iaFhiSFqsKtOL2t4plkpBujfbqSt5cu-WzSmTLDfuohuj9qqiTNwzQUWFrE3aBTH6_gMQ5VhGQaEekdmYaXY24RDOu0bw_8VWFG_GCSB9goWYtSx10kEEzpmFe4blbA8KA6KZJgVUTWAn75LJgjmw-yWVg9wafePU0dcropU_FBoU2UdJ-IR1m6pNr2fWCCa63h-n89VGUNE2wnnYcR3pYSXnROJcjgT2Zf2_Ac0fZeGoLGYF11wY8PTGgDHR_m8cb_8CUeqncEItEf8yAR_0jt2TPRG0V8cKWjdTSX2HCQLfFcLO3rtRZhKOTC4-JHJP7SefROEbE5jHEYhuBZLZmnyeSvBiYlwJ_-GLpON4pCYBBwWth2LSNvzdDqimmjUaPfXsopWiVD_b3Z-AmkpPg9Li4EmAH-wVLsde-P0ykKCHRJozJwsPep9Eod1MYg3BflYIrMar0l4OfyqXg_yx9UG3J_KbgNEYVWUTqpE6Uv_q6GEc5jdfS6mi_c_l0elJfMzU49ZOfz8SgxVxToNu1-2-FJE3eZHbZmriKVp9iHuBISFiy15WSkF0e713naGqq-E3f4s_9eJXq0AEDxV8gOPZHQcGOvqugBPxURjAVU6Y4SiDszkvzorjymMGiw4SyCKKPe19IA96TJ4odOIjK16VjnEgZDuUdNc-EppOdhYcj4xqRSrrGHde63fg0Ti5gqZNIZA7KRvKAo9Io5tIxFxQaiVyIApEqcSDOsCn5p0mgoRRUctWXzWUibSNaphhJejSWcQvWw4T5rscDA_Rsp81FrabCvpBnB7T_4BwFdvhG3ZjCRRA01G_ePnMzaXtk9TskLsOaZZXbFkvwZzRO9qMVTafIy5N-cavfPt81dfpQ_wPg4emKE5nXNa5mEY6H0zE5Yi0MwYUi9_1UV7wnSfiPmoV5UsN0BC_vd_X6G6seIjwKTsa0PCDRfk-265gjNmz_ai-25FR-dywyCQonFQJb5VIFZOzsWhUAvUwvwXUGl0QEKlb6ujHLLVCingBCyW6PwBMGxPL-fCg2sb2JEFwXlYERNJzJvTuruD6U_dfhtcLiCo047q11qrnRaHAZOeZ2E23jcS3zXD9FXs6rNY23oYxqsefy432p5DnQwq9FYG8lTF98mmSiPIc_AiwWLtQQ4L_30vEe8LPgYCnm6gT2oSdeoiTVVIOHQJSvnSLxl_XbMV4dDw6O3eVOyhJ3Z_Q==
Liverpool,38979,4,United Kingdom,2026-10-13,Tuesday,06:20:00,reggel,2026-10-18,Sunday,08:10:00,reggel,1,1,LPL,https://www.kiwi.com/deep?affilid=mihalymisroriflights&currency=HUF&flightsId=0b7720ef51030000b34b4e68_0%7C20ef1b9a5104000046e75187_0%7C1b9a20ef51080000fc471f11_0%7C20ef0b7751090000cb949f45_0&from=BUD&lang=en&passengers=1&to=LPL&booking_token=HCkNTr-iUVxdC4e0u-J7UMYOSvvucB6ftRH4r8TuUhfls_Ny3VaUyRfrymYDd6rPBGvyvbryk980z8iu5-0w3BSKMWU4KtMPK8x7ICARKypIZBH41BYZ74urUR7s2GMGYqVsT9eZB92-eGx9IU_KfSr1_2LuzVfNOnG4s-zZBa_4wvw19onyMopG_EQAczYngENQS86wbOv7y3bHxDA-UMdc2T2kVPnfFsoFyBCIW3a0IyrVIumyt1WIfKStCV3MWjP2D1bhrP_W8EiHYtSYKaVb7auJnA20fS4qAS-Hi24i3Nmf-GcflWdHIbi0uMu99xHnL4f99hA348fS2ogSRmh1WqqJFC6lEkoel2LH6gYuIhqCYr3FHwjhx5sPl4PzThXhTCWkkPh0SBRyRUBjO7kWR0FWxsxn7WEXjselvhCaojlGvbCPk5Hz8TXgJZhyzauNff5UIOe7N0rXY0tF4_QzmRip87GUM6WM3-8uH8qjhZROBjcbt45-S1LAhYR8jYgCrgyBG_kLvyUizdx-nhDOJoGxcDjWpOv2B-FGYeUDLgfaGuZO9_0GJsnaRNm1XhkHHwi0MC9X5EQbFPWFmKxFbZ6bZKCgNJGxQ2qlEC4KOHpqiLtpXNrHDyRa2jUUJk3vSuymqf9fZh7z0q9dfWo-VdynhUGYk9LPyqFSE2ZAgVlqoKj85xE9jwv35zjQMwlgWSdiVuaGXBDy4LOXBdzL4YBcazod-bEOTxfdKNG_sleyPLnLNn8-Uhc4b-4GQY75W6R2MldnnNL4Ku0Od-MoNQwALhJbxiE2T8FKRLsLLYcUGZ4M1FBf4TNDP1MLvZ1NiDWE4_hllxsQT-BDykMRVyINXyZdxG-sg6CTJ_W_op74Z39VTUgdD8E81ErFgDnz6qGaE0KNJzRlSxtfohjJEz1QUATZJdTaAYpv6SdeURmUidkIwnjGN5oRsdcULHcQRoaaelGy7juoWFahIH10wcpdS2fm2Kmj-wxyJAHGw5bEgL84T9qvHqGojKoEj3bF-5Vq_Y_pSTGZUr78HXnk3XSrb_BU-VHXO0WkW8GSf-nsuhbSTCRES9sK5AYguhRNyIwSmi9pUipI9bmUg3Q0ZcVnakPf8PQh017tsq0uA5R3RWxBdiQUIXRWsDzys6EAYUjEpmKVF2ZeCMebHwowbEtAhJVUuob8KwIJ-IXC3ImoJKvPBO_mS5ncPn-vRyG9SALS7NeB_8Ba58I9IndiRQWrQAQi6Bw6IjlI_C8S3lDheFdKfCkJX862oQNqd6u_RaSsAR6MIna0KITvg4xo8Ktg_Asex9vFO1-zqJVhhvvGGqf7hFzmLoIMuylMy
Frankfurt,39093,3,Germany,2026-11-13,Friday,10:10:00,napközben,2026-11-17,Tuesday,07:35:00,reggel,1,1,HHN,https://www.kiwi.com/deep?affilid=mihalymisroriflights&currency=HUF&flightsId=0b7714ec512200009e837f1f_0%7C14ec241a512300007427939a_0%7C241a14ec512600000ad9c873_0%7C14ec0b7751260000c7937827_0&from=BUD&lang=en&passengers=1&to=HHN&booking_token=Hp_O5XmQoYGaqe-K6KrHXFSUDhyK1rkJ0tUxozOqA46vRQD-dsbqtQmj_JCK4due-aT1ityA5qYR2WFFrayWKwGzASzyByeD3IiwW24-zjknMHCRDx2vLnqpKsBY_9eLJoknBuxtjHdIdyjsfDMVUOwy3fU8won11_q7T0h-6MCH2Ux4B9d0_vazanBlVg7ZgZ6NoQ6QHxjFvGtpzp25Cm7uD3LlzH2zqrRu-uJq575dOtgmn6Ixsc36FJBUI4C8h92E5gaQTBW1OPv1tXTP5Iu0D8ecQQedT3DW6A6gC0ccnL1b_zjTvX6x9YQgJ1BWtFYcA8L76-2cV23eEwN9CgdM4otKIwbnZeorJKoMcy3D8O44rmzA0j8OeKbJk5YaaZsXtYVpyHagg1k1595WymjqvpEseqEXWNOe_iX71uoWFwGqp7aeRGUgTj3ArB_FuCwkjCoWuTp3oQrLWckjufh9EZ1CUPxz9UpF71lvP2_i43P9Iy3JLEfVF09Vq4pMGZevSFS6qpr600b8Otb2BUbdgA3OGz88enR0FL_X6KLZAfblXeUwCf5rL36k__EjtVsJDGU2pHlEyr2QmcB-GW5Yr6hIBm2unlm0iSup9Wmc7ldHj5DJdNoInD232G64d08sLI7H9iG3xAUivXWfISsVVNN56bMoO980Q4affkKY86HzcrYCJH9tPjfBQQF9pPrpoGf7SzJsEv31DKFKxESiyfmR66kBd0qGYYTLip1zFOKBY00mv7jJKEITs-wdXeyq_v4fTEe5QL4lR_3Z3ShwFjB1zYPggPZmn_Z1h5Z6UY89_hekBf7OeOmiYM5pP5ExSAV4aMAGKG9R4To8UgxRvRmoxH0ecjhkTulmpp9CdtsUtAM9mu7oFrmrw46rmOCo7OX9ea39zQyibaUBQxpuFW6kvqFYthnWQRNYauIogEgtgLZKzALRXwUPdW9tAtVo1jml9BrWYpip9apLsYolU1jUqz7Kr9butj3m2eia-II9NK3Z3kENoONx0sHByoa-q8n3SV2BRVYQvr9F_oiMH4EvCPfUSNigF1sJtX6Wl6OxY0MV_aYQ03jbtwPuNU5naqKmuFu5d2spfubuPWKquPr6btRArcbCErydafAmQZtGOmpuR4r4aovKA9V_yMKQKI2bADX0PEeyQf6LD00nx1gvZpMY2agw-8uFqeStnSaZnpRcBAAaRPh_SYNJXT97II9q9aU-2bhqB5XpvqGXtwuccg8Iz6RKy-IZ-ooGwDbqZqOlzN5FTzIt3kF-t1WAH3q73j_YW5XJp1Q_Xgh9liA7H1Or5sDztqSU62bI=
Constanța,39203,4,Romania,2026-11-03,Tuesday,19:00:00,este,2026-11-08,Sunday,23:55:00,este,1,1,CND,https://www.kiwi.com/deep?affilid=mihalymisroriflights&currency=HUF&flightsId=0b770f0c51180000c4edf215_0%7C0f0c21cc51190000c1025723_0%7C21cc0f0c511d00008c6381c9_0%7C0f0c0b77511e0000ec4bf264_0&from=BUD&lang=en&passengers=1&to=CND&booking_token=HuB_i9pbeL8wvpT14bikJzwMQ9URSSdsZ9vP5WUNbfcrPypc6RlMd4u8gPqwLXbTgDM6YX2TRJAZJ9d9xK5ai9-i7SEodg9TguIqVJCJwtqWxJPUaF7X0qVhaPDzbQT12DgCsKI-d300bwadCqwq-JSBU6bYp010iPRkgdvIHuPSQEmYYCXEPa8oCGpNbqJcCvj1B9EDTz0_DRrRJmzPZ8JVNj0BwuCrH60Le_B7t_INJkztICeU-CqhjLPfnXEZTyEtiFogLtoby5t89U846VDrh8S1_LMubg3WinVVBqHMQcAIUrD8vnBr-lfMhvyJirEzdswpAXjSgQd9xHLQfvdzl9VyudW-cq1kY-BerICGOKtw0GsiidNaBDyDZspUw7I0cvz4iEi7xxxg5fFKrWSwRtSTG_SzhC61AuvresqDXJpRyua6U28xKMlaR4ufIC2Kw5NpaIFTrG1iN_tp_Qxkgf3j-ifJEaJ250SCdibS54RUmvOU4eKYY94IbNupitIvhPq6rF9Ehr81w-LB6VoxJo77nLKL-HwKugF9GK83M_nTn0AESLQxL5bdZkA81muzuR7MnbX8wJSobIsLp4BmVrB5SJlv4jZCzqXPvQ-mYLRtZP7AAsfsfqAi7wV2gOLyUBI1sNI-OuNzedyapv-GloMBvJ0_55XRHWIP7kvFt86LmT7F0mtgqRg35x75BThsZ3_wexUX3ZRKwOpji_qkEKE3oDU-sGzxEmL_r6vgK5VzMwl6FCLaaYVMXSC9zVyCMUKJqepXW89ho1l2uDGs5EBSxUoCG-Tt1KsVzW6bC0HsUwjCj5ka3d0fBf0huNUUI5Onv1alSq1jWTedIpkI4Tjh22CrXQgaHSUtGyNj9q5J7UvpzVTnCCse00CabsuKabs7EUDiDqZqe5lxiiDMTzqQIqvRQYFJ7x14X9QKgsYtQ8VIf7uDvUnUziMuSI6LW8L0VER5v51knO5lFIkPGWL_OLfXO1g7BCZzj-NUcqwZ3YTmtPTrxsgJ_pNTfVDnY9MCdYy_qg00yRE9BpBAGY8MpmilIKtN2a1AiMz--KEgRBwY6QatvP8L6eRyyY6DsZC2K9treM2Xb30ALujd93P1ZLjXOxhlDjYuN950D_pRIZC4YWmMcTraFeHbU5kZDZ4H7pPdd2NHrJvqZE5Dpyw-cdfRuOyc16v8OUAd--VbUwnkCD7i4psRB0kHnUXRQ0v4ai7Nwm_5C25EE3HV25G8mcLeNrbRsnvJv4c_j1aPcZ3ltElayjGjSbI7E52X6c4X68fepILM8Ixr8aDr-3TqAqLwiM_p_lN3FpcUt6ePOuHqBDmNb0MqhMKnqRwsYLiWgLumejnUQ0mMFeQ==
Karlsruhe,39235,5,Germany,2027-01-22,Friday,11:45:00,napközben,2027-01-28,Thursday,16:15:00,napközben,1,1,FKB,https://www.kiwi.com/deep?affilid=mihalymisroriflights&currency=HUF&flightsId=0b772333516800009d1bb80c_0%7C23331518516900002ff8f235_0%7C15182513516e00001f5b4a99_0%7C25130b77516f00007564587f_0&from=BUD&lang=en&passengers=1&to=FKB&booking_token=HTwYFu95P_msiGtcxOdijUc9p1uJrWO8A5oJ0J3k1SmrPidoAB_jepyPVM_gFk7Dmhy1O_Q0SG-T8R_q5CSm58FvReHm-_dPghthaQiTFeZt7LgHtCx91JnSJ8lNgj1GNtInNGZ_WXNnFKur93dr20nRAAjohXoHuhQjVnrWoJlaZwjCtEOZ6-_e2h1kN66XciI7XeeqoH2bdSBHi9GRPHeGttkxVQgfdUaecOvnl_iNBL_HOIXGRX0mhrWL_VgVlfh4tpHOMkyz_4RHifoPBoBRM7lC1Dk22EpcCVOuiTsndP6PIMByX3T41klz1RmWfKIcXWTauLXgjus88KHTHOYM_Mv7-iuscIeakYQruID-qiEQ3Gg_yUgV_GHpfas0vytn3R5CRPgToXFLK4PtJTeyZfaUgCebkhZlHGy0OVUqjQuM38sXcRg7hlytNAtzxJb7VlamtsCtkXE2rI6t5vdekc4x3Se24v660RW85HBMgFDpXQ9I9rSKfAQKkinzMT0_0tFWFZlhn1-_MWEtQXY5lsZ17X1S5vOHUBtvDEKAtSUzF0nAT95pEOOlyyvmelBtSf5xgZzyjrTzyjmQCa4IoWFYrp_vTK8-Bo5jUPrWDCdHnY_kKkXGiBzu2K9FKYZPi8wI1ohMZj4bwwksWLhLH8GXS-_hEcHtEIgjU-S9vKFhUvet_CbswuzqnKcLLT-yIf4TyclGY2yeDCYJLg20CQuYmqNuxMaePQAgN3zC-IgL6zmHyUgQHkNQp_-gcwDPwM-58QneeQHd5h7MFUkiVLqJkPRKLLbMfdICq8n5gijmr6yJQk1ZgvuOgtitX_bigG4PhiTfwm6SJeYa9M2kUkamHQcj8avwkL5Z8aKeMSGYEsbFvAXXUC184XG93rzl0PlcNzxq7EXfn1DT5GH0TKMii5SZxMuANK8qdjBiXa7U8AWYWOKbZBkQCQfDfeIZTG-6nh7eJoaWM4Y2-RVkW8_Odq0Y9LGjndo9ShR52V4RFCofg87iHLDV1QqwdQ6H0YRFWZcPYk5HALvyWkqEiEuw_XdBYsVvBVL7njQDxFt0n6sLnsDGNHtOhXlqTFLmXTeEFxKb5CxrNvihJQ9AjEMWEPg9b70ztgkqAXIpPSYHcyELp9wgEWV2REm0Dr5IQAkFY7ofFiXxKx-ROI2Pib8JBXkVwX0KNwoSpLy6k-_YNGBPs8CSeXWoTiXossz7DAy_21Q4Y3HLHDNNPrrIoOM1p8sgSRxHYUdRcu1M5PI4h19lsNkfUuRfC61goWE7Myk_e_N8eVcuGe34lbPjuKpKdVx-E8dxHiQFDD5q_Q2gKTSB8PvmV1zZH3g2i
Karlsruhe,39235,1,Germany,2027-01-22,Friday,11:45:00,napközben,2027-01-24,Sunday,15:00:00,napközben,1,1,FKB,https://www.kiwi.com/deep?affilid=mihalymisroriflights&currency=HUF&flightsId=0b772333516800009d1bb80c_0%7C23331518516900002ff8f235_0%7C15182513516a0000e9a07e9e_0%7C25130b77516b0000b63b88e5_0&from=BUD&lang=en&passengers=1&to=FKB&booking_token=Hzj2s-g-QmjU-tL0xJ-l801fKEZ17m17TvJFLbESaQJQJf4kJKoncIc_wtSQn-dtXkG1XcNdPXP3yRa_C_M16KTF8W7n4piZzM-R0IVphBDp1BljZ36uZcaOvmtyuyuc6MTnRYwDpG85V1BFC_s13DbLJN5nkCYTKaA_toC33Myr0l1eQ68pMZw6bBZGTrdn9u-p6zFmKMsMAo1ShKQNFqxrI9Z4KXKqfqAxw5V5lUJsh7OzOkGQiR5HRE3MsBBmmljrnTwF_xdA5MecF_Yo6pfeRtBvUer5cbOhhKIPU3FD1t2-tkdd3QH9OK99MW-8spzKvy5gOwywcajHlr83ZPeQeQ7VpkkLFnB0nAZDmzgGef9ooZL3u9hkNar4E86MxACDJSsIF2iCgtDWzdkbXpSLH0ACLZs336gEdpPEp1ohyloTrzGHZdaSzH5U58hbxzLL3VkuudACvxJhF7QmExtyYOWKjXZ0_iBvRYLLFs6jQ_MQiJH5wyGcAbeOZG97i3qGASDmMBK-jXadgQfU-1lk_9T3BCEItc5iXKsjk6z027Rbbo2zx76rrLUFU82Ejx871p4N7CG0Amlt9dKk84Q0LMsshchjzHl-1iClyK6w289K3R4AwKrgIlz_Awqwii4w4rCj-VKcBYq-wUm7l4HErrffx2EbydYC9JMf-XlEmyIiCyrKwf9EFjTi30UiYhDEYAhR1rvLqGdPl3vIYz-vQPrX9HJhULO5vFyfU0sfybAW64JaaU-EbzDBzLaod1oi0aFI_YA6ALusBn6bL1tc_Tjg5Oz2DGc2JJ6tAeq-u1S8cJ6VY1DLHXrRXr6eGkC7JTWucl26hHJ172hEhf8UkfzsJWfD3UJUQXaDijwFtLJWafkV99pN1DvE9CldzeuyAtjj0a05tHdasT3u9j2avoL22y8m6ZJazK9q2XZEfTRexYFtyOLp4in_lCpImSwwn6NoE1pJDZiOZ7uDmkMDKnRA8QazG2hOHcLgL-xO8MHhlyrfxkIHGPyRIQTEc84AOc23CXAHbMXmLQd4UFvsrTYCYCQVrtqmJI7GY3sJSe6NbiL9-45Udjl4F8rormDT5nRL-Fu2aBOLvHI5NCDLpwQy5WZhwCylE-9ffFZs68geVJ12HjobnJ3oS90k2zHCuxnxdyUQEvmNPqTZAXyHGtgEbTPpAT9HWU8JsakdjjeKCDJUnJBWoFSyxpZvVZyUoOtu1MqHr_nHegFDnyKx94FyDU5B76PdNMkTa6eJJ4nxDE8v84fMhvfJJDj-FPu61PwMt8_KumHKbytZwIqsN6PUveBXGSgeGeOIT0jt1TTHTjWCqHOIwkWvIbC0U
Tuzla,39261,6,Bosnia & Herzegovina,2026-10-13,Tuesday,19:40:00,este,2026-10-20,Tuesday,11:15:00,napközben,1,2,TZL,https://www.kiwi.com/deep?affilid=mihalymisroriflights&currency=HUF&flightsId=0b770042510300000a3af4b9_0%7C00421c0451040000f10cfcb8_0%7C1c041e03510a00006b8c5a3a_0%7C1e032333510b0000a56ca781_0%7C23330b77510b00004a1b257d_0&from=BUD&lang=en&passengers=1&to=TZL&booking_token=H9BzrZdZ24oUw9sYm33PVfdv0SsPZ2lHBpNqmvjkOpxZE562lWCmPjxp8d-hQZVLd2AQdMEVbja9eKfgACFIzZNg-34tXxRw3WQxIGxZ4gt5eWwHHpLwe_Iuhw7U7ZoKtambb1mBVSr9n15gCpjdF6JhtJLXy7WoaznqWHum-fXmtfbf1qdl26rNlTr6jTMTk7RNqEreXJjbbIbWCmRe301tnY4uK1RLtA-QEUfNRfWrP_gAOGluyqQod3ceZCTu3xSAb4fq-m_fcSjO6zicPNWYFn_yq_nNYmyWDwxOGF5pOY2l-Zq52x1JXk_dYw_apHcFV8YyN5sEEmk5g303MXgvigRHEPVN1fIOl41kjDWeMHchhwqHzS9b_8OZiPcz8Qe1ki69zJkNSwMbff--Htl0AIZiDLL_q9mCytPXA8XP7Ie4BwKj4UoDKzQ656DmbEiNvVfbDPymjD_lMowy8qSU1ukdIqtVijas5d7gsaKdmD3taPCjlvqnk67Gz7r9m9No3fFRN414_jvoLjfemsnukKiVIPZBKEx8SvQABEb5uSk9XUB5FL-OdHeLlAHOgbN10b5BvtvlhQefHjDq8LLenUmc_sFYi99YQWV0rlTdMJSNLoDHHZHugjZkmEdTpRJW0qHIH5wQayzgjsE9F77XTvia12J56r_k4VY6QK4DrjyBiMBPOj-EtONPQxKwPr0WuIpj7dQcGtsA2vvL4i7SUs5TUjlv713RX69abLfmyGuM8s_FBYGFRQfvpPgvPYG5pkro-hGZq9z1oj3RvnEJBPVOLP7sxM08MxuQwHawG_SkPZ5zGkqoRyA-H9cFhSyktbCB4lS30Bh13jEB8s8zU0W-H1ay0OWXH8J2M8ggZj1NcVcXAUWKn9TTvlZedDmeYOnIWKH0jEDBdrSCAOdPmipmjpUQCurji6lDT_n0UMaWYZqgMxDPlbwpwHpc1CEeVLbRzzmBa2yvanRG1vyv6stk4AbovcGWyHgOIcbOtSBgj_-P3hBel1uoijq5-5MIX-zCgRo010e_d_KDbWGuYl9DsCN0fuTtz89LOqVvXIS7sS40ERHmYbOYc9KslMo6rftd9rg-G7bhd3PyB9qi0XBrhwIs3GW9AzIGB15T5KJvnRNP-VaJTgx4FE7GqcQpTA9ePr1EP0hsi3jEYeSbPkdQ7vDno0KFUxe2UWoJzuSipPEEAbyPgO9hc98vhLqsBwmP0nQodOgwEgHNyvlHpiTB9v7CBXXkV1Rt-zuTJd1YUEUTIvyZtE9BMh7QFwwLhak6q9ImEMT1HvajGNTX0N0W5bXt7XPzdzN95Kgn29yVulWTQErO48gnl4KXqmOjmdk5JCGPRKdy9OxFJuB--G-Qg1y30EaoHYHjyxChtZXNMSRs2v-MW1ghywPVz8RUCvSwf5daBrCsTuqKRDg==
Salerno,39400,2,Italy,2026-11-27,Friday,18:10:00,este,2026-11-30,Monday,21:10:00,este,1,1,QSR,https://www.kiwi.com/deep?affilid=mihalymisroriflights&currency=HUF&flightsId=0b7707f051300000fefd067f_0%7C07f00b1a51310000e974f95a_0%7C0b1a07f0513300001e6bad50_0%7C07f00b7751340000d0ed14e2_0&from=BUD&lang=en&passengers=1&to=QSR&booking_token=Hsl6y2H9rXTJqV8ljVBImCTYx964jwBX-dtTf9cYiwuBNa6NYJ6d9Q-UeBDMxwcKrDkMEEp2LHn9yapya5XHqnslav8SvtCAaO-SRCsIJsX-dwx6vzFJ9CQtcmLJ19HHmXt-XU1AxTobVUlihI6wGUW3c35dWwjxaxXLEtETPul-M5xh88G9MzucjW76PG3qZjS6-IepruCv9ndaTGoBRr6nvYx2KmbFDA-Qn2GpMi0HHJnU2XewSMj20XTKkg7HkTCpxZyk1q5IP3b5VKcDdMrmDpJunb-yjrXEimCvC3nlOR5hAnRHEliPhC5SE74uf_RlUN5LZA20Qmm3Itd-N4gUfxLqUZo4Fb5px22HxvFwFGRS6Gbh5C2pnwvEbIoMaEl0UA_hXWiGQjjdHupqstM72CTwpbJYxbz9eaL5QNIlpcGjdrgQjIthMlAzUHBA7pJcV2TVGANlsy_-yR6Xg1N7dLBe0po2tJoLkBFgEPu7XqxpgZvmMj1ZajQsmW_nO3_qOdqDuKQtap8N2NVkuxjeojHWJ5GwNJotqZqEf3C--row4zoA6P5YcLxkSi49cA3H-fqYTR1OaVpy8Q7s0xCy6NE8xb-F8O61Ba0jj3n79iuAnLF95uZwRJ2UYMRK4mfBLJN0IlmxJJcmnp-oZXyCn7KPljv_T2ymOYRo7u2RmzqJxDFSkzdxdVQFZbggjiquBoGTjeirR9R8aTpnhwWq-uxwdUjqMuHMrV5bj-ln02k_nM4WlKkYroBYwaiQuNsSNW7kQqQ8qk0y5gx5widwja1EvZK1E6C9GW4aQhIve6IsSJ8zb7HKjTkv9eq4lrOCLyzqdLjbJ8KrHFCo7LQfoiHGPsPrZHRIedOxjobHWDmfVdMZNoAH7qw4ELYHlpuk7KO8ILjcA4xr2cTh0Kbs_25a0oAqRLTMoH_uohZmahUk_by8oYIaiPHsqXRJ3eHN53Omxy8dg-xIzABNp_KjKcxI3-PXbCroZWssfU0gGqCzOjtlkoiJCxPtj7jSWyk25GE_WWhVXw4HxuDjlXu7iVKSkqp9IboiXL_xhusMuiDrE7sY03ng5qZ1OYCSHf2g55j4i8_uedqWXj_MfQSld6zo-phA0uND-YS3LgMxo5HYJVqsGxgyksvLRG0yAE_ePSFgJkZgXyEqvow0CjlnK0u5TyK0o_B5_-Fca6kmNoCwSVKJxWkFXeqdWzMT6hk56JHEiZmq786C8rjdXvMoG9JDOlrrmuAtql9Tlbbrbn95uzZpT4iUlWfOBfEKmuodPqyKKh64DPYWJ3ugNdJvlPGHUfeHiTTFSRWzwgN_7F57Dasu0u3hGyZTpCSem2raEzBpGDsGaHjarNL4JimAqwgLJ2Ewo3uERaKYVkRE=
Poznań,39477,3,Poland,2026-11-12,Thursday,12:45:00,napközben,2026-11-16,Monday,11:25:00,napközben,1,1,POZ,https://www.kiwi.com/deep?affilid=mihalymisroriflights&currency=HUF&flightsId=0b770cb551210000a6f926c4_0%7C0cb514fd512200004809dccd_0%7C14fd18ff5125000040380977_0%7C18ff0b7751260000a8dc26eb_0&from=BUD&lang=en&passengers=1&to=POZ&booking_token=HbHIi0LySi4HeH2DvKIBLbagUmaEtvNd47NX0jENGvo67KsRsmDd2bGcLiQUDoWopuV_nGjc5DfdM46Wcu1U82-nLRS6DmS5ewYlCDBBLq1wJjeuKjXGoz4tClb7hwz1FeZP31HgMBuWRg2QvoBI2FvRkrQ1NedIGT9mDUZ4-j5vFfc-StxoaydocOTyFfMrtVVWOCoKMMHQRYFDpd4mGs-KVicaZy8hWawjJiJJJcw-GwGqxI9RoUCnVUSLCHsjyClWIUxEKFqYlLZfNE-IovBRnW1fl2wzTxW5mNATR8DRe8eLQN2FoPgomeZyWKeGs7rSWJIaXvQlVWqLkmLwP7F1lvskUCBA5QhPN961BYbQXBf9w8rLVQW2Ycv-yKqx62pmQymxMx4El-20mxiA_65r6U8Oo0NIrFN5bSKoQUPlqyHEnZcNNho7AXWLWR2sQI3JrqXicutGEWFuq5IsMdNiV82mgzI4mFmaBuhTTxsN-CtFCk7pq30Hcogm5CjumrPUYCeojpxPuL3NMXzF_i9Nk5JuDoAtz-_BI0_GUVB9k36jdhSJCq3GwUjjt19cxAlcycq3rDgKdT0ehqlE471UYBNVfym-2QVzkhSifTQXmEqy-8CD8gm-2ZkDhT8rfL42zH3b1l8aWxEJ9gepBc2bPZOYZDxN3wEI_2Kd4rnGkEgUcLuhhR9NKgdBtXXLXn-3JAvdBzGnyhWwnoCfKYGB4UqoupYNrN6sYT7BnXVZe3L7h8SzpU6n0g-NmEBQGLV0kLiQUTbaOPOF50V9CJfgby8I-mfpjp9RMGgkIQhlJtHFGjxhQERV9XIOFqVxtJAdQXdkvlV1GiwS2uciuidyMpPZELzQDSv3yMugzsJRoRiCd1Lq2GnB3r30hoC0w6UhDrSVD6HagBwrKiQcnygJnHPf7FVA8ZxP6pdEZ6ilrj18MbRAj7vSX2UlaS4CsiLZEKSBFZmuLR99yprdtqBPcVOq5XRp0chn7arnsNdWhHEkOx-7jA00_oh9RPV9iaq7iXeWVmcOXb64MiYbWBCklA-P7CcsxENqzgZzeJedd797f4iBDeWSStfYXSGrndtp_e_2vGCJ-HFc8shmSv0eERf7GRmk0yZYy0p-dTajRAIBIXB23SZeOkO0PFqjrhNCzySChJ8O2MkBQ6FNULHTdNLvqQUjdb5sizkOFclMPmrphCJv0x7hj66O3wJR3-VEETlm5QCLtJIo0YhRS1iPvVfIq9kniUVzSdEQsRk1NkHUtMXb1n5d0TcxYqCJJef4uV5FrDWNtOO9G6OFkQwn3jw-1gnJGg54OLbxnikkeRSHN3QuOleN6kCF_8Eqc
Karlsruhe,39612,1,Germany,2027-01-29,Friday,11:45:00,napközben,2027-01-31,Sunday,15:00:00,napközben,1,1,FKB,https://www.kiwi.com/deep?affilid=mihalymisroriflights&currency=HUF&flightsId=0b772333516f0000e793be53_0%7C2333151851700000887c8110_0%7C1518251351710000bac1a6a2_0%7C25130b7751720000cdea0f06_0&from=BUD&lang=en&passengers=1&to=FKB&booking_token=HXVeiRY_Yi-OAr0atmh4l00t48vgTFib1SjT8t-YTXwFvUMAN0ZOBG6jSjr8q3bRJvWxI0lDDIFKGL1teA5j5l88KcUYshuaXgOgRm7Q7Ch6MTiDUxa5chtPBxrzSLBlaek0G5E3sxy0xvqCJPSA-39CykQXVO9fAM-PROxrkrSK8JpxkIhf_NGP3TeOtuN2ASmuBZK5HnpB9mLy8MEfPrGcCS5ELxQXSweSqb0YLAvuzVhr7S_3IoTO7gKnKM4064g_lCl_fpimmomH2F03rpgteZhXM5ycrDjusmizP4-1TOkdNuwJ4B4TGNywFqmrR5lqeLxzhPiFXTskaz8FLgEEUeWbyaZ-LaU80losaAsO8ZYm7jMzdVgRY-tIbqJX75dJlhrmwpEtmXYm0jABENnbIOAaQ6mQEZfBXukmSdVDlfXCTfwtdKQDmJID0XPx1T3TD5Zvch7coE3Y9x5N4RjCm-ZBVQtt-8a-L7_xcBDkHqFiysOxkosfVQQXibzoqnXA7hHD7SudEen66bQreJ9REdZZlec2oqtqH6_t3NJ0sviPu5Np1PL0GeG-x9VxefBa495MRWIAJei9na3IxIJsnLy6YZ5OUcNghQG8tPOq_iwwXbBmP1HFfGQFSEKbIE9H7z0ag1UuAAUHaA7axmAnVjhPkQei7XYCWBr-eEvl2YrilG0vFl4_rhLkl275Bf7MkXZjM1uKJB4w7nPpsjOfVIUumyKmQ1qrTJH2fvjQzV56pHApCDQYjLOMO4SdQoQqsHL5D6jxu_kilZU-qE-LD3l3KzwtHtR56ig0yogjyMOm5WcanBLPP16o4YmtHA7wfTnLFQePookl725i5ZbA2OUOKznL4r9A4npBCsKn_RMdzQd9JBAW_eXrh0TTwmziKnX2C9zDaeq4S-51auLDGq9wcIxtul3G7kDs8L7gJx5ptZf-acjxGQv14eoFhPNm_3ohOVYvu_tw34yiQavZNzxvOrMOIjDmTZ5bsgcFXzvNxGvaYKYNIc1Qf3p7HV8Js-SLznAt50SNtL0rIIviMvmVYC4Mlc8aBuuZ9KSPyqY7NM_zuOiW8rMqSNyRqFonJzlffy_qDDrhciDjTYhZh3b2QNYVITYjf5xiUxTZIdkhQuMoJNZhMfcp40v1POITWFATUhnXlE7PbAmdHZ0wVrpoNp4Y5R5xCbMrr7w17Li11FkUAoN50Gs4tOgUZEQKyDKoGuyLppJ-UL9K47iLBQlAwbBDvQlPAYsBH7NQvDqquIuQpn0YtbsSfFlXqGh8WahHp6qjTBo85lIn_-VLT8gkVa_rjobNwNlq98UUGX7EFSw7g1io_0NivL_1y
Katowice,39731,5,Poland,2027-02-04,Thursday,19:00:00,este,2027-02-10,Wednesday,05:45:00,reggel,1,1,KTW,https://www.kiwi.com/deep?affilid=mihalymisroriflights&currency=HUF&flightsId=0b770f0c51750000bbb66933_0%7C0f0c24ba517600008c44a0b4_0%7C24ba0a66517b0000e6bb00cc_0%7C0a660b77517b00002c7d8893_0&from=BUD&lang=en&passengers=1&to=KTW&booking_token=H4YN5dqo-sltXOw90gZj8MTLzRufyz8SuHy_ENvovUMQyrcDVnDO9z2tRddZSJjMItvkSpFPquJnVQup4YkVUIXyW8s-7o0bJCNLCk115bo-VKF2_KHkoWHa3HiPFDzGl_sCRZ5jafET5-nPSiARAK3PVbn1-Yb2j9z8B_6O1sgl19Ct4zeDWOIxujQa2OMLaeaUolgpMui_I6Y-B7p8w7ZnGwpyG-jOJILC47-ixtqq4RF2WHykjiBS8qgvZZ0GDPR8zK2ZbV660FsaqZdSCoRrtwNul2g8HbE5qO5YvDynLg6xQ23GuShM62yAWMG4jIKEgiZztYAlJQbxUvCVwyqextHPPqx4yiTjb11L_pcQ3liGaXYNye7eTIejl7RW9SaUvuX3cu9UcQWP0MzVcdXlauYs3lu7frdxqmg0r03_RjhwE2ms_KDkl8YwQHjDm4a92b5zZ_jzVc6Oa5g5Wv7Moo2C_WfRfpe8tz_vYLf72Wj2n4T-iZL6xMEjNJ9Ay_EBrde5FjgL1vGtAjcWEBTvT4MXP83g-ItCr4nMKetyZtLyg7_N40amiDdLeKZdmR-WCKVOtYdDjK9Jt0swGxF9sjGvqt5skIopI0vJOz0J_naGPcwIAYuKGZ6PQKtLT3quQKDCV3IqUNIIsojL3HtSWSYbOfoHgPP8gl8PqUAZVvrItzJwovfEUmeKljxJKk6Y6SfCrysbc7sdjez6GZBwi7Desnp0OM157dvz_B-iWsaJh8gVLTK1d6tM3Xvpp1gmJxI5tRB8mBJkxj_F9Y5YigSwPuCAkAePug285_W-fs_d-HtUnliIW8G4zxCe91828pqxD2RBzTS-NS282SSaHr7m3YXja6atXS4VeV6bWsjOqMV6PZH1zk6Kg99g5_i53EqFCW-gA1xoPGoMNo_kw_r53LFJpqTsvsFGbX8zl2Z0c5__NGCLmDO3C2G9-eL2IqYgGQu6hJ9O9RIdKA0A0gnWvTH2G5PSXgwuldSzXkJimnbEIfZP2uQ1avFTh1GoaTY_U2XMPonvKK8b-825-1fmRYShlzBIFbpTzSvehBnoM8JkfOZjqwWdl4Yz9RREh5JhhLi264vaf9Pommw15zicWxSxexwNlma5pc9ORxNzNp-BiFLeSKK8kSz8_29GvvgUNNJTzjgagXfAUuUcThSsrUQ0Hxd8UJ1f4lo4RrF2LH-Y28eQCgL-P5oCD9kUykRHtpRLlFsSTlJI-GaxZl4mdC3SN9iP0NNnqVu1URfn6sjV36Oaqp2T7cXkUUv-gL67l1dmSPPtYTfpVd2Fhy7jyzdgjnAB0werD4phqr3GmvY4ypGI1MZc55WrN5ijt1lGWjNpZ51_SrzQ_pw==
Santorini,39854,4,Greece,2026-10-18,Sunday,18:10:00,este,2026-10-22,Thursday,17:30:00,este,0,0,JTR,https://www.kiwi.com/deep?affilid=mihalymisroriflights&currency=HUF&flightsId=0b770eec51080000c2dd6693_0%7C0eec0b77510c0000e20b20a0_0&from=BUD&lang=en&passengers=1&to=JTR&booking_token=H0Ekkt08IKKCqGgpc9TOvilFNPFfcjRJr29M9wLdvXv2bptRW-RVCmEffhMXyzeJfBF-XSWkhkzZl9zOT5oSynGS7aol8kY_HwtspPdfbS8Z-lPF34oNjZMhPJGt18Phuh35EkllBRRKGfXNQdpChPzh36BwKRCIyu8ztVmf8YfJx_2EILAih9hNUbtM5w00Nds9dqdJ3iscpeH0yp5r_uIPoEoybGMyAu9fzvo5hTWvrKO6YAqa_ICczTozz_gND28IylhbxRb-AZuwhgm0sp_dItGgVJt1SZOtNkXaQp3jvMRe61_CaxBH9v12BpgCfSfJrUMzojpFpVfWZVzSLUiOH2r1hwAbOlDId4-la1ykDsbfO_VuK2SqZcz1h6AoHenAfVNqZsB44RhIrrf-1crp1LQbB0THFragijCN_VtnEgFhEqeJjHCXzvWR277mVP2cSblbmSg1UeW-SK_8pNYIxrDxZ8Jw5ntD89XHBpoIBPMWYME0QcIuKjWInYORz-6lAtyZLN7K1fy7Q1o84IVVGySfDuG0WH4l23PAMNf2Vsxq0qZcjvy1nnompUPFP626fG64C0xdFN9cpVYgkzz5wC_y-DphMLWzBtmEn4AfM0NLy1mKcBCyfJDsmlbtVgbPeRbiYTfNqlhD9tcum-94yVf4DKGHTtgli-4hEYl7tjM_rMlpUPfobz-_RjFK-s05rN_HumGf3yxYr3fS-3XcsTxBaXgl7hfjg84ckqN_F3EyY8PJTpmk6awNKKEKUMKieh2NcccHL8gHoco9ZHi_ibbVNQC8OqsBbYZCphqod7GOX_arO1hfRmam0kBqLevrLunNJ-J9VxmFgO0bZW2XvRQVSLp6hASzHvI628K4M5xygi0rbF6TpUXRYGsFjNCcyN1X8-FECXukb-UWMStQpqTzhUroz9uYaQgIJUq6lXuS1rS1X8jklITJBsiR3qJjXhsvFdqQdNdnL33PUiwDAmKb0akbe19WiRernIGhhfpaUwYAN8DYVX5N5uS_WjivIdg2xkMUmR4524V5GduWa6oH50_vK3v2DBq4WebXBrTls24hEy6Y2XaD19zWov4hN97XVnxi_S_nICVd8_m7qKujZNIwFjNoZ6JKo-OM2MMTr0apcNMHy5mXS539F
Toulouse,39930,3,France,2026-11-26,Thursday,21:55:00,este,2026-11-30,Monday,13:50:00,napközben,1,1,TLS,https://www.kiwi.com/deep?affilid=mihalymisroriflights&currency=HUF&flightsId=0b7707f0512f0000c53dde88_0%7C07f022ad51300000f58c4602_0%7C22ad07f051330000b08b5624_0%7C07f00b7751340000d0ed14e2_0&from=BUD&lang=en&passengers=1&to=TLS&booking_token=Hr10QTP3AzSFdtSisccVDRgPm79N0z0TWoDQfVI8qOcEKqWxhJqOrIbR2ePj95sTofvz5xkEmTczz5Yq2F4mXVs1-CthNS1d4kbCCxh10em1O2h2LmuTVCr_3WijE7uEw-aysGxozriXoHe7zc2_-5e_zLetQl_Vy1imc30PUQ3XjQexM4Lec0DzCYQsQeKF0SzzHeqtwDgd1-SA4URvDY5_S9wzTBI6AT49g4sm7rTufl_S9kAqzVKAHKMs9s7e5TQ-iMegyHiU8eK3qvjqMAtCDK3XfR5kDkDhqoZyXIUDfkAhtz9SU9S5k8GL2G8n4EpKHZg8p1BJlbKjRH0_rQeuOg1CaMHThbtIy84aFm5TyYZCgnt3npNuwlY6SzK-Y8kMoT_Eo_0LI7v6Qu5OgLAxW6qNRH-Pk7GlAeIseaEO-1-jA-E0sTIWMUxgdzaarI0VFUk5LTsUkC03pKoof_wynjQ3SthqxRpX9ZJUAG0GjguI3mNOONOn5NnZQFjk8gxOZ6aSW3cGtKl_xPMaI1VS91D3QudYbU9jzf1EoF6abLqlQZwqqmcNFC0PXl2aSzBEeujIzyOX5F0j86nTk30hPvBVuu1D3ohiIqhQTdeZPZJHbFaJ-DoFZW5NBBS10Un1XV97BHdL4qvf09KmXvKA9K_Ciix5LtqyqiX3PakuF82ehh0jS0nRhoKODHmkqZHeK3phtO3DaDOBrfJigBOgOTtK2VpphaJ6OCHcBDR0VXuyPgx6Lzcw6m3YgJ1IxaFh99hGr4m2N5CbqcXSM_MDkNXmtzGbFs42i9Ro8loSOqYQdZ5q8hlfzzFHCEAQy_5IyyL5NRRNBPNLNfcq4hFXzh2jTLz42H8lBTEriKY5gkSYcVWBQapsQLRkshVzw8cJanq3jNC4tJN7uKdAPrITk7rsKTDJrae7jp_liwefLyL6t3D-dbrWHyzPvMoREaVKy3Nn2kT72CAtLBOMFBj-WrphwU-u-Sc5YziskKEQyXhDAWOX1dHDPSfk6K21l1T_T3ltybDf80oJpuTIPsM2P0kjpuNT9nOknRixobJu60SgU51FeaIoigllw7wpvadqJ6e6ao6EU_WXIMeDHTkVmGq1gRb9OPGW6rrlnjnUE4z1P30mLFSJE5ant0_DkaEi5sIh0NwD5ZeugV22YvLRX2TTFF3tO64BRiGR9HkeKQtu7sXxciHTytUl1SVAtPK6gsshCJTytl1qKUxbr_TVG1oX_PfwAet_P8tZMN3RUIpQP3OhTziA5xUdA3W_hYlyt9C4TNfs0116phn9mMaBhF9k0dPZU1Mez-f5zjnFKF6tNbUXg1IYYcAWaokdw__aLOPs3DdVRuqvMuHVeE5DGNXk2ZzurUdPYIaj1Sp8=
Las Palmas,39969,2,Spain,2027-01-12,Tuesday,13:20:00,napközben,2027-01-14,Thursday,18:45:00,este,0,0,LPA,https://www.kiwi.com/deep?affilid=mihalymisroriflights&currency=HUF&flightsId=0b771ba1515e00009cb9b76f_0%7C1ba10b7751600000831ff5d5_0&from=BUD&lang=en&passengers=1&to=LPA&booking_token=HQnhmvv5aBrtcAL3M5SjdUWiSDNcsHroIlR53YydChfrQKjxQRHNC9UF8DEVZbv-ooYuEbhPHvVSRK5M9Fitojqw3Fyxs4oauDQPb3uPbzdbMhoe4juH253FtnV89i7d9RtQL48wsKJ6m-qXO3gi9s7MJEp63rKJ1jPIIDFBZbTI13huytXflKMZdFtcGOHuBjObr2iCenbXLYQuSx_xuZXfG-FNk9280emHm9dv9L0wtSDz3vOBK_58Ob-0MACU_bdEhR_dzK1OIIsXAGrDgQBVLsGpdeMY7jwCxwI97JNDxvSlHa3sm9Z4dJqZrX5LigwmiRVm4vSOta1jX_3WMBI05lg--H_eU81m19GhzDs-T3ISr8fP0WSFLngRaOuhJmLkdiSrMcsnhqrokApTRr0FHk9Nlhx6kkroTA4YpdUuWpAAszB7Jb8RhZAEvjw4URTWHoI077_7lyEc5fWIuc57eHFCxn1TwenNS1YDrpQIHkvxS7KowStHJYcfWfURhxYPgX5ghwNxy2f7EFwye1k1kIdFyLcrmRxVbY-sLk41R6N7n59YP70TO-6XKNJl4JuQzGm8omQ35auQDFEjl24qn1Cni5MNOSfP1KxXE-QS-dd_w25skxEdY4CH_sdgazrjJ0Szdq4QvOtS5Cpw9jaJGZ3Mmhd-p3Ax4t_cPcJfAQaFg29MlV9yL1_4Jde4QsfKnY6wQRLye0YRxvPKxk5heXuMtqMbSmFBLRBMqA8wMkJvq48LCn1x83NIKb50VXzW4-xw3hKgFh_ru5VDafZUDKBtxRqeeEfLRTscwQu-arx0lKMv-_DF8d1PcW6WCPR7GdFfOXV2WaDJvsPfFCXu-vjtO-3Aux2huGr0GIC-FlaMiXliDKavRcj6FX_4aD5hSOQktlPJMMg_QSlyqULZT_0XU5M6unq387VPRxcvqtpGZ6dkKe1hFfsqTOnH3echgMPZBCaYB1_2TYIbO8-32Q4Ma-H-sN-Var-SObY8RWnjuwyXYcMKn1LIZmTfCGRWenBZN6O9rbJJN0n-81yUJ718fWd0q4eKb1S4gUt1G3MBeOdsGFl3AfmihmAHcHk5jp-L2ZSaFF42xnq_axFTDnA5_tzrCjTUknNPCrplWRnggAoLjbb_l1fzjbfmqELy78z19olb9HAprRM2RyQ==
Oradea,39991,4,Romania,2026-12-13,Sunday,13:25:00,napközben,2026-12-18,Friday,23:40:00,este,2,1,OMR,https://www.kiwi.com/deep?affilid=mihalymisroriflights&currency=HUF&flightsId=0b770f58514000003674501e_0%7C0f58255851410000384e44ca_0%7C2558089b5141000098b38dfd_0%7C089b0f0c514500004b0bff4f_0%7C0f0c0b7751460000d84d8067_0&from=BUD&lang=en&passengers=1&to=OMR&booking_token=H5B7pJugeBPl75D6jKzs2JdBgPQUKVDFPh1Dyk1PZ1J5TlYo1lYFm-AozXzMA9GDBxVCt2kqkN4IURDTuFtgORtocxmvxvDlehYEgKadbc4SWV0imn8LEQ1FECTjS2dOErR62qWRAFKeR9hPw63o4PvQNa3Y8hY1BKDdaojOSfm9WpwT9zKRy_VnrZR_acmpDAuv7x8Dkf_ubNDOzLbXS5GZdZuWqC90WIdDTzlF71vpvWQwYZ1fhj8mC_MfrqhQAeKPei4hZHpgvDWBDt1wV28uIELzeB5Rsvil5J3kGwmPhjANZ7r7hrfdG-bfXuu6SB8E14nb8gKS27gI5s9USjjhi00-1N0Sjr9bbgfdHFSIB5qdyE61DRV9TfyniSj4X06KUvQYAqqcQi_GFR2u3IKNfB1AB4iyIAmfTsSvsnvi6dgQLthi0-iTQdz1VYcwX1JfIkosY_BCYpXhEmM-_ELGnzSay1J5M_BdjOCUrsmYFfVt1V0zSiQdypfyIk7GwIPZ5SoK7h8AuGfPMB0WV6pqPCVsZHvYkO9AIMKOpiv3mos-Q7gbyaKJRlL_XfUAC0ljhECJa1SqCdMu5LO9suzhwVlucy8VznoZZw-OdFsLHVCwMMn2pfQzIhOx2eMngpUIaYVplfO7TYzyvXHvJ4ozO8_F3MNRPajMlQTaN_eQp5ekyobZvoeeb-T-oTcnGiWn9VVApniqWgrUZ0dgVspIAodRJSPu6Hb5BlUVbD2QNpxvZxvWLx9Q3SNT561ayPz0kSD5pzIEuxYM310wcz2Dw5YT_GEJILVySTZDeZHNMqr_fWLmDzy013vw8suVpZ94idRmhIpDRHj_C1OQVuXiqJYEolAvn0hSE8kLq64mCskkSlYnGGMFRwOL0KSHjGdbBM50TlDFsbSDHMNWnHdRMTvljVNr8-iKGljlckAQ8iDsLj9HvuEFcUWlWqw5iRtGNG1F9n_Klcye7Qp6T3eGGtl8PxVzNvKrLYpZ16LIEMZ4To_YFGfj5Xcukzpg8uoblwv5zIpi7ySFK9Bkdn2jp0PyOaPXQgGYDxhRNltQaiR7MzALmN8oubi5oZq9dSjMwgGjjZGwLK5BsXeBhaGJruwNRQEahqYu_F9qJNpCm7jqTmoL9ct-2s-bDv0feeEc5xAC19jA256ugPKZfESbBf1h15xX3I4dPvrcibqGur0Mwpa_m7bPGnSIl8oPovAXrcNrBew6qzgtaLayHdHMRDoSqmxj60-cFyiTrLdOV5wpPHYmWqeWJ_YE9pL-35e2bvI1EslOTq2MYSxz6YYH6gQ8nRbViEW-wXvFIuh7SwYMw8ua0y2CRW-dUIaNUxrXj4LCtLPd6EOxQfODujCKcSnraeRl0Hss8xVwhJswuW3hQuVr2E6pz172HunQfTcBo3VRfma1JxWn8OuETPKPkLN9s8uCODniq_hKnZHo=
Liverpool,40037,3,United Kingdom,2026-12-10,Thursday,06:20:00,reggel,2026-12-14,Monday,08:25:00,reggel,1,1,LPL,https://www.kiwi.com/deep?affilid=mihalymisroriflights&currency=HUF&flightsId=0b7720ef513d00007a0fd3b3_0%7C20ef1b9a513e000085fdb04f_0%7C1b9a20ef5141000051774241_0%7C20ef0b77514200002579fd33_0&from=BUD&lang=en&passengers=1&to=LPL&booking_token=HhpPKo6RsH2ZQtHzg8M9rI0i1dnX7fh2p7fKFOwi4esyDL2GT4m7fkWBnh8KLx8Dli37cywcH_r4YoEcFfG3YHpqKpQIMgVW3eHrIU2dXwGnQc7D9KIo7Ju9T_GslRQKkL2PIh5_ZRESvtCCkJa0A26Qh91it8W7hQ2LmuMpfUI9jGQBMdjFcDpHaUvS98lVZIUDfL25S86FKbfhOuV8t4PIwh3MPesS04RDtylzYQkMqEkqhlpiURkFnbiTUN-7dtb7Tyd_wXvQpSUG0Q5he-UWfy0oLAhFOwZUR6Bw8OClMNsgsnZMTN5KNttUIzx1FTGmaCKtyxsJroUP3ydwOoF3EtOuJVIRc0OlbyQ-DgQ01ZMu0suqNDV06xw0NB8qBAcJ0ZF5amcOlnSWhYFvyiU-iRkDJuKAw3UdV0w1FcfjZTi22ZtWS1YImvDB7TprokZP0SJuMa9ZtoBp4lj2udTv44u8XkjzXhyyh68pKqkYFKcSpTfJL6QXTcWeEkIQ6XW_9SnqfhX3a9XBUcQgbB-iz5pLijlfegfSmYsr1MVAKLzmv74o7GIXkhwmLXGy9HWwj-JZdmPrAM3FX-5mS6mGAGdHnc2k122uoLISYF1fFSO9APhRVu-MSQIQCO91wggK6FUgi7cU0cCdofX5JqIuxekjCQM2fH1-eqC_mRQhvOhHaxH_xgywg0-u59pQYWy2ab9KOdwCtDGm9-Zd8g6hix4sUrIE4-_g8XptyrCcwLqaZ8eOqgjhrSqvxqWoFkak-YfkFXEVqIn-Nwrf92dBb1ouDilmp5wLfqwA4Z1MMVmpu0De2sw0lYAnKI7tMX4ss_N3lWsBOLXT07Gb8ImY17DF_OqYUmerXgtHVxHTMi0zYe-ajWXMCSwOHX6O_CqP9WHMe8AezRjuYI9ac05avbfDG4ntB6xu3K7c-kZPS7BQAAFVbuq7Uuww0Nj0LV5l3AOmSVL2e9pi2_NF5AXAVkr6m7Xc1bm6qJ4vofl8jPdTKf2IoUNmXZ835ea9pwvQO6f7qocg_yYXfOl4Zo-cUhvU-3dM9OTBuGQlCwuKUJPxBu8bxQQtqgs4S8yFUHsVr9OqfeHrMjGy94aoH7r7IDx64gTcLssaoyMAHtFPOH-hMHKE4KajpP4axRZl_lhkhNU0btP-nBSOLdvy8oMl_4IbZFVX71dVn6j7QEFseMkrRWbn3wC6RpvXQOBG-Z02Yxu2GDamy7fzGYXCw5kYbFQPT3dQHFLSQUoJfu3SemwlN4b1acNVSCOolaTyJCFFub3oNXqsBTnD8fFstlCbB1xd-r987oBdaWMQlOWbcFC8EAZo739dguxv-RjK8HDwDo6nUBMwn-t0HzOmQ9g==
Lublin,40156,6,Poland,2026-12-02,Wednesday,06:00:00,reggel,2026-12-09,Wednesday,10:00:00,napközben,1,1,LUZ,https://www.kiwi.com/deep?affilid=mihalymisroriflights&currency=HUF&flightsId=0b7718ff51350000d798e6fb_0%7C18ff060d5136000039368e01_0%7C060d18ff513c00006bacb008_0%7C18ff0b77513c0000f636e21f_0&from=BUD&lang=en&passengers=1&to=LUZ&booking_token=HZSaMy551GTCI0DQsShA-_lsBXX3ddqaS99bX4Fnh9rEw6ypVlnbI_1O2Mng0D21whMRe8Ga-xqdXr3jdPwrospmgIIOgO_1faiN3PQUS-hBJKMKUgaifZfBDckfhyMvZbk2Bkx8AjcQqQs65NxYOeCiRUCLhrKfI8PjfRGG5zurrA5tQ-dVeXNuIJ2ZjCVsPrnrFt_eG2HxN_oy5pxmaQNwWWTrsf4FRhvdlZwTizUrmozepjY9h4TawfNeM3_TK9qu0Kk2ufLqj5dIMmEwkdUjVkeCV8TWQ1cg0BBsE4kSjRIlKhdjQL_LDuhAChuFPKm6OjCdKemcx6QObNPUIxFgA3a_mZS3S3eSwQ222I44_nul7TThl8Y7hIc-rmtCMbXIpi8Q6PUiGbldUNoZOGGBEPRbnpG1MD2pzV44OfRwe356rX4cGU1PxP99ymmGHT41aps2Z2wOQJqyOo_Bfxr2F5Ljd9UgAfctUKpD6LZW5tY6G8douPvp7OdgAOxnMOcVaUKlEftjuaS5JTavLyLmeWswE821tlq6b5L2o8hmgLNNiB38pmGsdJVg1fvhcoQX8JLhUORDhNSdmqRva7qbcf7aGFYCo1A63UmRlIxbpaEu2Tn7PfFnOvJs-KMRt9Gakbo9LHHh3-Hu3hREvEvSYSREMp5d8NTJtnsCgUIYW5t5YMMrlzOYWrUjxCMsSy1e-KCLVFndz8hPmThRccNilTlz-5UnE6XJ7LSOJoR8673m01eNjI9Ixfgm8cXGQR74RBmuwN2SAHmjzhx0Z260V2iAF1DFvvUA5Dutlw8mfxMvlZZv85lvKnX4Wu5e7p25rqAy7Owl0D8FsqlGYHPpQuKe-18BePLyMt8jGxfmI5LhszqaDQDkLTWlHrdTw8iUYuN4dEkxv2DggjR1hc7BF7iiO7QmaTAcHWsD2Y03DTeRbRdfPJnhvfxvRas3-yNc4dWoHDezLFmhGV-isr0nv4ZCMmBL5oqTqnjFWrWhNL8g7IIByQQ5di-K4zWg7SeD62HlurJWRsW9vN93hg48itkgdVXocW4K5QJblq1Ym0X2R2eLhdyeGnvIgvKdT87GNw7m1kjefCJK-GsGP8vdlgPyNNs3hnGj_ZI_8ZAuhE0u5KLMlnMc7EzbMf-y3WWy9sujCaTa7Wr4WIJY_3lmPLhy2e6ng13pmIM_koa4QyBNpf9Qr2vFl1GC_x1l18U7p8xMbmoQZLMsccWzm6W94imoxHsZzYKQKUjymrsTgRdDCHlrhShATMRM0ErLJqaVKRpWphJmnFBDXP2eq351ZrAdskVaLGYy6uDhM58A=
Florence,40175,2,Italy,2027-01-13,Wednesday,18:40:00,este,2027-01-16,Saturday,14:30:00,napközben,1,1,FLR,https://www.kiwi.com/deep?affilid=mihalymisroriflights&currency=HUF&flightsId=0b770a66515f00004ee54621_0%7C0a6604c851600000fa694aa3_0%7C04c80bce51620000fd3d2292_0%7C0bce0b7751630000b6346b8e_0&from=BUD&lang=en&passengers=1&to=FLR&booking_token=HETg-csc2c1FxbGLKlN9QkBptd3EiATxFTNxHo-cfkJy0ks5dvUPjL6LYRPUieN2d3GtXvMOhlRxHS0wxwXhF7r67DydgeM9idJw7qS75VM2qBK0tcrSsPUeJuQQzoHE5liWMEekYGxG4a0k5GWIyQLBi6JsafJssWzoWKTLf3Wcc2d_5gscnZnp522AVkaZS6EPORS0bLU1DuaW3FOXM8uKmvF4PALWSOqW3z2g2MhnOzjXLz9qytDfUJ5xrxaRhD7A72uZthbI4vqD4JTocIArGYpZHDr_DlLEUBVB7yyCD09SOjk9HMChwaP5NMV23I3uMEQKljWKUB-AZAJiFED8pj4jZnPCW7RysDAEuFHXfmy3RYlLUR9X1-fn9_Q1rURHaxdpUCvjk_GfyFTUVA339LTlIfEsk5VM4wBj4xRHNoddcwqlc9W9a5FdEEwB3P4wGXM1VlDAfT1xPaKNnV90PFpRXO3teTgSpA7hXEovuYqqIhXo1P8INxFy6RjmvXBy1Jb-SKJ-KsGQO4nOBRHMnwa6XU9w1uq31QecmgRWBRcMwWGowMMHvOCBo2E97awexUH4iuy0PHnAQVvBCXUYIfXyf5E_qwFy3xEmzp0ZXFwenDjKOBToTd0VR_PpNapvKem7MdT9Jek2gwuVCih3iZNVWoGmNaEDQq4tPQkK5mt1xC4XjC6YxZxduJIx-87A81NYNnFE3j7Gl104XjL_JtVQZs2cW3f3uYMcfJJt_NwxArC_UUcsB9oCf6tS2IZm4MF6oMbUS1c8ckXnbM853ynNlHEf-M4SwjwGBl-6KoXCHhJfDWLB85yc9GL9lCdMFKqtRiFYF36tl0c5Qmx0fG7intAH9NYzcsLQTEIT9XpCr4cq5ddhGj4A_U3nUEr6U7fLwPEPOVEHe8pMyGIjEvYqQnt_OllIWV7gfMD8T-iKu8fHUwQe5OlC18sEkigahV_zH2Eiio5b189xPEb2b2Js2zVGzg2P74Gdleenw-9U_2Esk5KnYzAw7UoeCygp58zQOIszfSlqR2wADyMapfEnAtBZKyFnJ1F9WVjMD3kQkHQ9jJAP0pPmlQ_ncsjWi01Corad0kty9uTkRH1j-gP5lvMdPk75ihGx7KkvEKZDGIfWAPmEDbXA18Mh57a0mp6_221iQ8KC_7IK5qnh9KOV6xhzF5DQene3KxYfu63-wAs442ikq2pCbRZSxof6knilM3ijG68SEnaHuQlnSf_i6oKgwfThlOvvIp2hPv7i_OuY2VUNKE-IbZ1AUB1hpn4fz9t81cIayu_zxLrbNRqccrX9rypW1FAc9ClVoZLyAJXum2r0Jb4f4obu37PSgdF-jSYa_RP2pM4gL5XH_q6hWqG7tIU1MQyr-_xYSeYQeLcJPsbUX7R4KWiS8IFM_ytxEX0yz-OC8JyusUw==
Manchester,40175,2,United Kingdom,2026-11-06,Friday,19:35:00,este,2026-11-08,Sunday,14:45:00,napközben,0,0,MAN,https://www.kiwi.com/deep?affilid=mihalymisroriflights&currency=HUF&flightsId=0b770a2b511b000089dc1c08_0%7C0a2b0b77511d0000e73dc52e_0&from=BUD&lang=en&passengers=1&to=MAN&booking_token=HK7-vXFAmGOT-4aQ1v7jRrKJv7DHZb_K4J5Spgr82b7T-nz7yI-I-GrfthRMjxrePP4oMDq2XQqwklP2DT19FG7nzrx5c93hbY-97ziuPeus4tSRpM7fjfSoZtAQ9avLeoGvXQBBuIsXIkLFErbz2WmNcBBt3n0Ez6ZCxendRTHD6zg_dzQXrz3MWoKgskmcDvGy99uZp_iHiIQOl2uVdjP8X-tcIKmDgN6hr-cRmUG2Jn_Y2lXXtpo8badnIEeZZmB92p-aQVnTYt_B5OsJ9wFRwjxS9nX-dQHknB9Rz5PC8Z5Gzb5C0vZqew-C4kxbRnmdaYTx9-gBpWKykW8Vhgki3AFZmCKvhCvUuq962BHAOMjd6eFyD1GvLkZ0R_z3jJyHU1j_id5tmptn0EeHFMfsLfewx2bIYgjY2qs6dTPst-XN1JUx8nSG8Xy64eALHtox_R12BRczm380A1Q3rZ_wWCqMwk3LtxGdNdBBDZOMQz0RDFDeVrMimWhhNDzRG-C5FAnEyKGD9i3NBUM38IlgS_vRlyctfeNR_YVPcET8HhJAuoO_l3giLO7NW2oBqXr64cqOiqqujZ_dgquSnJvz1Ys86TPQPdELI55m7dVufqIjicT9TyiMOkroIOO9sgjUzhTz3Ijh1mcD-MdlslxNZhk6X6e2ykb18fCkV_kSwVPs-Z_ylTJSM90wGV3cvDVJf-6rRlJoSuubQq2naoRqgAIQKwTuRRIQGk0GCUbHEi8yH4UBDQ7EBnfTQKAugVDX3TyE7S-tdAew4CZq6fthQvOTOQoslK9SLICTZRqtwxkcJyJS_11AVBM0Pm6tLlwB0SG3hoA4AXm-E7uXv9AEtrg-Sh5atW_RmbX_LDT-OG1dS9CQ0Um1aiu-f44LTLw8OrklFa4odiZGdKG1OAGa1UrpR-4dEOU36qQrD2lbo0fH_il-f5o_RNCbeq5aQEGO1AkspgKuJx3_py879qSVpXq4mxuxHMIPDL5raLvTmm7JCCtA0Ca2-r9mOSUEmolSyPrd5xXkwjsN7I7JKVr2zEb8mDLRkwdFUkIFkn6alNNi67q7O_IPjuskgYDH1npjopqTTB-g_pOMvqpeLfMgjKUcLned3hevEKkr2a90YDtRkj8gFHhHlR22fGokNJ41aKm2w9flraZlC_ynHlLcy7f7I5HNJNumlv4K9hb4=
Manchester,40175,3,United Kingdom,2026-11-05,Thursday,19:35:00,este,2026-11-08,Sunday,14:45:00,napközben,0,0,MAN,https://www.kiwi.com/deep?affilid=mihalymisroriflights&currency=HUF&flightsId=0b770a2b511a00009df5325f_0%7C0a2b0b77511d0000e73dc52e_0&from=BUD&lang=en&passengers=1&to=MAN&booking_token=H3GMrdzG57BGAsrMC8R4HhWgFOe6Y7u6vzej62UKuoPRxeB-TgeKLwXoETmvsLBjuGh333_mvQLldrKB6tpGG3MAaxrOoC8_3-GQqMS4837OVvQWGNh5XGpcJeNtbQQ98x5yxwvQvQi3IuhMtpN7CQoVhwCq_wqKjse3vZud7RfKiLP1D4Y_4LUyFepS99SQ-5dLLLwHWxsI-uYmPVpF3iGxzM6UA6icIywLTC4tOJ8pD7egwRgvRqxeyv9Ih4XCu7CiUMDY-0MXwZu1YuToxf-C36m1-bKFR-vInhPzA3DBSSgeAjl3WZcBQsPakWPsm5tbMharp31wjn3wGtFXmZODLOQ2yhB07tloZ-sSJyPZI7OcJxJnXjEcUj4fgtBQZaWe-yTjPeedVlwt2Pn7XtbdZ9SQmW8hrp8DDu3oxfzGJP-4l2ihQrFgIN3WITSV3n2tEmhfy_ektMrPxDhrlRoTV0ASNPK92JKae7YqnUy-Hly02wXIAVrDmBVL3BlMJUM-zfs8WSSFe13CeSu7m64FWrUIx_u9mMTMiaX02F2OGPrA6XMDTwP_JeRpd_8kREf6OsCSjuRWVUmfmVh-AL7M9ZflVsfhFLO0FGYCkVwrY3xVYbVdwcF46nyzHy6MFfMscOTchEr8hQNVRuFdSO5MViUillNnG8QMRyUSnxszZ01FIirFAXxn0At7PQmk-VHH2kHpiR5cAjMomWvLpIlB_3eI6TnoNugZmJlUjwNODU1Oj3iCP5jfRG7h1QdMAvwjlD5Cs_h_pt_0tEsZaDmytXh-Nd7HINQfsUzb69ocuNtRxJv83apBDF1mO7M1OlAwBBNMaV15Ug4V2aVSonnsBLdPrwewwXvv9GWm0dcdIh0HF-lbQkkyVTl7_MBCB5GOGm-c-9YSzHQe43KriA22GEULzd4PC5-yAys8OaAmwunvrIM4FZo1YQxXBE8C_JQjL9Ik_1_1MGLqAFg2kLqgU6kaFqYcA83x80cwuO_NjL7y1cwtlQsyXxqVxGyOW2Xuw8MLdMyjWctkul-9jIP-Xmskx7rrxD45XOb-Sw_N7f7_cEl0NtoBnRwtFGm1yTxJNlXxvDmglSZ-2cWdE-QEyn5WwJDE7R8twbhbZHBFgER3N5OBAqdBKyGC0d9PkTwEapjpYLKLJ08TMCY3y7vUjcsEM2rXq-DX96KB9cRy9hEkXTxELIGs85dQsHllW
Nottingham,40175,3,United Kingdom,2026-11-06,Friday,18:30:00,este,2026-11-09,Monday,14:00:00,napközben,0,0,EMA,https://www.kiwi.com/deep?affilid=mihalymisroriflights&currency=HUF&flightsId=0b770d98511b00005f9a7e49_0%7C0d980b77511e0000e7938b88_0&from=BUD&lang=en&passengers=1&to=EMA&booking_token=Hmy1jkhX2EpHBHAiqcfhk96RpSEcpMzkvQNnMACEZF5gMG1Olvwqy9zQsrr9vxmBCJvQd2C5sn7Y_Z6dvC5bO-62e1yqcfMd4iYjR6xOn_44kgJRvoal8wbrcJcIUqDx_I8rCnk5hgXG7Azx31-6dWX_52O9FejsjPyt2W3uYYBmQT1y4eXnaePQ5xeNf4u0rSOuY977qbFkTicRG6L6zdYDNnvCqxABHocjafCqYtsSEnXbiy8BrdwQyfAxLx06cc8x8Yt96p91G3h9MMExy5rJaExVF07059VfbRkg4S0Zc-RIcHr9tv1xb5WCZG2aT-daZF_jGwQXpV9nV0VuPZ6NIeYsjIdhj9XJtWQbw8jLNbSNGg-b5cRqAHr92mNO5RbEB5ly51qzg4M_NYOPkE3v7bZHFYc839bFIP5d0agFsX8cIb6OOgwD5cxh8rf8isuY3BMJ1cyFxx8ntIUui0Qn5UKYDYFJxJ_-deCertj-UKD0zZ_-rGPykyiEjYXab1ycCE0iU8uoDiyNaaHySwKYlZy0sd_k-jprjc2qyppfenKjbyIlWM55Xx5G33Di-WRkyg_FdxpqZtqz-zy4pLuvwu9hmFzSQDtTRWhx9uFgryWkuxcblnqYQtqLWIgFwduOfDah9HNb_Ga1CIHlZkagIgkUh6pTEiPt0hLTFLndh3fpcqqlU67oxWlg1wgV1AZdHrc0e1OkH-W97qexr_q4pwlzLKzSr7lYaI0SmC89eMrbkyouabyLpOS6-lgMVCiGQVrXAmDKI3zeof0CVbix8DP0Hc0KCoa5AieXh10LdkcF544oP2zJjG7Ym89zdI0aGtNrMJxmHTXx3DK7fwfLX_Ha2Hmes03RGI_83BPuXX_C_e9JIp79p4T5W5M7hlujCZTYBuVlTOiw6fCjc9SHNPbS0bEvIos-9nTC5AvqNGTaWJy2iSLbmvcZPTPTqah5VxuYtFI_MJ_nIww9-5Cm61HjxJzmOp6XHIt8FLJHxLfP1qZKCIYamNUayG3yMNTEdeml2x-r1eFzgtHiogPunEGReCSfAH981l7TXQsJOyYEQjUUy-spHR14lJJ4mcUTPIYsv_oFu5wbLbK7SVHlukaPoMdqzgG_veOUwgD80lHFA7n5adinO4cQXf-aDtg2ziYTSSBLPpKoG13TxNGCFuDGFsm00lN3KW8riGGBCO-y127MhfQOMfzIlIOfa
Nottingham,40175,3,United Kingdom,2026-11-13,Friday,18:30:00,este,2026-11-16,Monday,14:00:00,napközben,0,0,EMA,https://www.kiwi.com/deep?affilid=mihalymisroriflights&currency=HUF&flightsId=0b770d9851220000e1689ca1_0%7C0d980b775125000083de0d03_0&from=BUD&lang=en&passengers=1&to=EMA&booking_token=H7_-eHCPinHXfd3aWhIRngj_d-o45OK4aV1A_Y75cjHAFU__1vqf48NEPWGKbn5TCCZvJeYRbejv-iSVuu9EBZo-81_Jb9s__BsPpaymw2naLJPMETJbhzplBsa6UoUu0lSZOuC5o45zAEMQDZP_RniqBCSYYmD8y3A-WyI06RLEzIpBket2nKvP-qh0yKzpBRhGbwyxRzzeyBjVwheNwofpvWPA3Aj61knfKp4SBrODAtGDyvaKqL_WmkQltF_J_s1kNZeZVO_qeof8F374YqeVBlPdX3bEPKbGwtmeW9iE0Zs60nVdg5FnbrqjA-1j5V_uDTFCVL5-1kkZ2_9H1xbL61S5zCSqiGBFyN7nC2gEesPQh8yYOa_kPgALpyLGghUQXsz2c_VJQyG8zTEpwAiuyYuYtH9LJBmkTfZrkB8Q1TH615u77QXN0ZoNLbUMo9xgOIzw9HOFC1eZoGO9LdjgWYRm3FhG7JxNHOr8GQ59Gva_y3IxYZXO2I7rkT1ppkVVQH1orU9I_oSzRNf1i_3L-22tcay6se4qBztWwsiRSpuxN6EiirV_qERaog1FA-GEPLOQi0R4L870mC73nsmUa-lsYn4Ka8E5hyXjwjqZRQtW3GdoB6g1V2asvzwP--PZBEiJi0gRtYzLZVpFXtLutuCBtaAN3_jhzLJ9c_XBy-3K6YvrUZfretFakkAX-LyQHTK7lDLn2w60YrXb0tpsDKMUsHM5mxVAJDNNI5xvJmylpskMghwbZlunMoBaJ7S9VcLjmtm90c3iU8J_8jypjnH-GaynjMHrjethf5CKZw64qJAQFLNlp7W1473bPyraUfjBSmn48flw8sonwveQlHd4PZz-rqtjtSCSD-Rrl-9yKszy6tKtAZBEy-JYjRPOFGikR6wZS9Qq_je66ms601jpWowxay5vFumMWp88GFtzVxxCU4DaVL65u6wGCAs0wGjYFlllPS-h4vnUjWhFBW8jPfSnXZvMSQoq9hNkURJXbS4yYICWNDv_Um6UIL462r4kXMJMCT_gg9ciRJEl3OxaT0hkX7NwJcxbyz8dAd0LyhCA5YhEaLS0c5Jk9UMZuG4TKKOw7m02djF87Sw_bTE3hmVcjLOJloG0xDUb5Y7LMxt4y5EDSdA2oaghVVpn--1KA8eqWUzyyrszhUD_-2OGFFRJRMP8mWjZNEmM=
Oradea,40258,7,Romania,2026-11-12,Thursday,19:00:00,este,2026-11-20,Friday,19:35:00,este,1,2,OMR,https://www.kiwi.com/deep?affilid=mihalymisroriflights&currency=HUF&flightsId=0b770f0c5121000060143eae_0%7C0f0c089b51220000e6923d1a_0%7C089b2558512900002181e360_0%7C25581760512a0000701e0d1f_0%7C17600b77512b0000c2c3b56a_0&from=BUD&lang=en&passengers=1&to=OMR&booking_token=HxMZfA9BNBCx1rS-DX-XJ-ubpp3APqS4oIMIDfHLQCHdeplqsgEGWDi0dNta666yVd3fHVKtvukIrwJs23Lxaao2RyuVcBFs2D35oL4K76nSCFaWcGxsd9OcplU39qNB3VFbpvA7ODChoEAkaklUclSo1tqLq2PHYGtiTk18j3gE8zxe5u0OCFJRfPwKne0feuBJuw2hiFaHQY-YvWx1H1KwteF6kh0j3DNbFHyEP-UvultzT0WvRpMNhnU3DfrgII0ydtS_fiXTOXlNArRiWz8bcn5IPb61vofiLOv6xQptA4pahlq2GTfa1DwuUGzkJ9qBYGPQdd7w7Ri8mWC2p0UOrA-_1WVgpUSSxDHDZbE0jE6acNhMFonsCOKA_Ch04M6nfR7ih3tyIXC1tieHO09MH2LwcvxSnB6iUbr9x76hzKqTXA8ig6NsnkDRlPREs1JLR6OaPOfpjQKWYmHi_O7cMDE44hngueH3c1bF-Dl02vMrig1M2v-Y6PCOwc1axRQBIfQF9BpPEtjgsPBmMuZ2jYW74oIr_3-sZDKBWZb88khxWTW-hauVHetQMhrku02ohk9YUdjPfNwExWL9ox-E-1Xa2plx9HzqYutsBlZ2vDTImC6HKysZ3jenClahsrv3c2kAc3vqIOqEQGanSnpMvdah2u5Rr6e9H3wqo4x8OJcKfU24_ZjsLf3Wgzdufo-vQr2eYfy8pzxS5hqUZaJvVE5SgOWcVccP_UNU56VkKUqgK9bbQTVVgLw4Sf90fMYiRrCwp2hmCQ1Qp-va8E0pmRUQ5b_eR197V4T5_FaVphhupqDdeA-fnwpfaOSVknkYpqmwoP8cXZjMFmlyjLCTmEuAWSb-8TRwJJ_1Bjcv1zsmLKEjwM4hfT5jHtigO7iz5L692baaZcZ2o-8lBOTtZHopoK1XecTVF0sdtcwVSLQkYQ9tpP_koAqgwiOVR1apkkyZE1SqJruMDUmg3RFy4l70qC-CtHe_dUHC_BQTdTumJWqJ_a9KbbM0g1McHNaxtF3vkMz0yTSW2niUbbtUtkmop_1Ml09O9Wbj_x1o83UE--S1JTtfbYzBPYi3FoYLG39gCn5pvm82Idq0a47PQk-M3wnz1E5ncALQc4RoUtly7mtTwqjfQ6uRh6Z5yiJfsa3fnKmjQtv3FmL_-ACDmDgxnjNPagslzq7KmqIS-9MD7cXsEN-KuQ2id5rmp-4Vpo747-RH9KmwVVGkQM-5g10JuFiWJZXm5fPpDkRHSeTd4X03_IQMECWwnuCFbma9e3_5rSnLbPGyQKmbvxUXDjwr9XDXohuTXKcd0X06Uy7K7o3JvYigPOMiRDhEuE6GwDmmCmymnKtYWsfCjXh6P_HhzxO9Dj3MXdObzWzUmhridFsk8MQT-1yRCQqr7Dio9KDHTwOEfiwrKxJpxgRoavELeIFqKFlmFji76fMg=
Katowice,40340,5,Poland,2027-01-06,Wednesday,17:20:00,este,2027-01-13,Wednesday,05:45:00,reggel,2,1,KTW,https://www.kiwi.com/deep?affilid=mihalymisroriflights&currency=HUF&flightsId=0b77078a51580000aa70b6a5_0%7C078a18c851590000b8df9b3f_0%7C18c824ba515a000026557b86_0%7C24ba0a66515f0000b9343ec6_0%7C0a660b77515f000073f2b699_0&from=BUD&lang=en&passengers=1&to=KTW&booking_token=HHCSUeYNuGqiZtH-DvcRe1XTWV0c3tZgyaokPjN_im9r0Zh371npWlJkULSmAT0sZRmuo-xXW-da-BXL40YZGTT7OweYtSil0UrknrjdjAZLbalfzMF-4xQX3yDXML1KX6LCHQ9jrMWzbES-d9y6kESDRjisdCcCo8XjtL3dGhNADFD1EIReLCQszBaSDQdfeTq67-ncZjFHCvtRl-Q0WZeCHT9PuF7B9ycLZk3vj0JA2SYsnIPJIzsoZwuwUcMZr52KQUVRlFZxYmqNlppeOSv2UpTngJQ9lT0BTfia49p_oEkndeNzqbr6GOWyxcrkJN1PaupCJM_kBwKi-ZbBJBLUfd18sxyds1bv30i1flfiPzSQrb8mjP3vBNIxQwvr7pH3hEEEoK3A9Cew5FS2kQsJzwk-pF445cmXk2QDxjsJirDPfyI8Ruc_7ucqlc8TTS04IhUcWt-kE01Dx1lAiYgx2Om71zsXBMwdSEh_gRqjeDXGvhpAYkZF7rfaHr22nRZkvsz9m6m1MEmo54DVAYgKwiHgxCzR9034G8ujN4hBXbr7zcB2JP1dPsDwRJo7Dre59cSDCeimq0URou9B8CQ0vs6GIpwVJIgJ4RDMVDyHr68QEMxH-5rFk-TX7wiEG9_AW07Y4L8HHX6KYxxnwMfwhfVIrMhCYu97OcjsLrkTRMT5F9dVZ7Her3d5odV8S6cp7rrbtBbIJjHrhWs8GplivImDmD57WTDgtS78T9iPpNKFhCUEbxLKgIT968CaVcEI0xnppyA_VYdVIpox-rh02BFtpnW-JvOlLYv9DiBCCNDz4PQFkRAwpa-yNENjmNREytHynaxXwn3xqFa8snhtL9s0bH95vThHDiqSP0ycoGakOeL82RUQcg_R-Ke_6xaCQjkFGY7_KuEFCgQFmmd0ATWZSuknoJ2PYMuRw6G41Omo3Y45VrWvAqBqAwvaZZCqHfLBe9sweQ-ikhzRIUBXzPdmxuFuI6SwWocjYPr_SDv1cYsq_1aMI1fFJiY492n53IBxONjfWQsH7MUWIqp09UaTJzJHYkDaDs1Tvi5xCf7ADR6glh_pWI_Ips0ridkee8AyniX5kajplF-yarVdgeWv469krVbAW9NV4Z6uJw181vr7IovLNz8PcQiE9t_6gaijLZS8AiN2xBhrodQMrXqXLjMMfB-D93nFPaWF3GAarKwX51e66sw9FboracSJ8T23P49VkDTW-GNZnCuH57YYpUAgCxYoarT6CQcJ4CQMlPPfIMSaN5mLiJ16g0i8jDjStHnFlgOGFXnv0G1q2tByKWV4HpzwkVE_715JBPVnFmxfkwST9wEc7c5HJMbzeuCCXuUKiH4NjNVTglfQcowz03UMTeIQiJOxkmZ8pm7q-BLM94VzhmFvjP50a
Birmingham,40401,3,United Kingdom,2026-11-06,Friday,19:10:00,este,2026-11-09,Monday,14:35:00,napközben,0,0,BHX,https://www.kiwi.com/deep?affilid=mihalymisroriflights&currency=HUF&flightsId=0b771b7c511b000027bd8bce_0%7C1b7c0b77511e0000b2b5690f_0&from=BUD&lang=en&passengers=1&to=BHX&booking_token=HZyRYq-M_nGRupX5gcAADdwmEUy4uED1ItD9FO0gvEu9Py6N97XUKZkVCy5Eq52b5SJEZSSb20CNBJg6CYcbvNcOLHPMRYXfDd7GcooRLwf14t2z2poT4DSSx6JXhv1q7aIlDebCvb4Uj9v6iksIPSK9FzoZna-8uBgVaKp8zSRmRRMLFbc5lw3-TB0lV_PyaNBQQ9zbhwDRe6FqVewM2yXkVLR6Hckq2dNWooAw2e9rngQEFignxk23w3Q3lTqVZRWbojdAK1u75WSGGTjKPVwRBFvDwPd_QZnhfl0lcoVbKkGSnw-_ue3ctXRef-rMQcbrWXObBf6y2O8mL69bbIf4rQQ_AKr3AAc6CzdeDXit_noHZZevdU9GoQoaUDdsVgM2TySzhP_rWuRsNa-4lO6m4cDgEtgQJ39Q3Vk2Rrs4qTnAeH63nGXKkvDDB5LHBJaKsr-I2hcwdLYJtbZWJiazDQJP5QeX9Sjx7FtagpMcEewUsqg5sFHMIsVh2sS_4F67-9Bgq2uR1s4f7v04p_trRmNXUj9HQAKj_GPXaRa8nA1NjpSLPEV_F820hbR4t1X4lrdkahU0LnwlLMECX7qL7MpAojCW261ETqTd7Hrc7gKmpZor3v3nwaQjlWWY09-OXpH-2vbHLPsDgeler4ruSDhEKfgRX6MlCoJQlRPXcZNgA9DNPfOxPKMKDsC-zppkQpUtpkzKwLdv1d6eeO_tYa7iZNlPhUrfF2kH7sZ1VTlnHazVc1v2jS2UkNgX3_XunBdm4IVtvggU3QhQH0erANB37Vk8ZZbK0Z1frsRnX_0Gqc3s5Kf0QcAgmacmIPl7-nZa5rL_bVozWlgFoqUgPswgqR9Je6k702oxOgLcrmkpV4oBXxUv6WxqC_JUmTXbFWr6XnUWCQiTnPHaXyHVpzg3oDz_xeABdLgPMg0i2SnpDU13EWQXUdWZXQ23S0gtDL2Hx-vHDoCDa-9RIh8VY__UyUTRhHhFStdt2MxXcDG1u5D86KmD6bTKXegapFAbHdjw-LlsfKq73W-FphDdqNH1oAKXCt3c58HQLP3J1SKZR20RySd5CqqEKMn2NuNM5GCtBJwAviEMJvOChrzajJn0iUXQC1FqhV27wIu3NkDTZSvDNk6pNyiwvbUYMZWIKdeZkfRLvJWwrrvGUieH85j4wJz0P-f6hMfYifAeyEneZk4bIq3Z0A6-X6Ao-aZdxTkvtQWBTGNipnT8KbQ==
Toulouse,40499,2,France,2026-11-19,Thursday,08:25:00,reggel,2026-11-22,Sunday,15:30:00,napközben,1,1,TLS,https://www.kiwi.com/deep?affilid=mihalymisroriflights&currency=HUF&flightsId=0b7707f0512800008927be8e_0%7C07f022ad512900004224db3c_0%7C22ad1fb0512b0000111d839d_0%7C1fb00b77512c0000ed847493_0&from=BUD&lang=en&passengers=1&to=TLS&booking_token=HgEqdH_UyWd8cp0Guj_OXgyEdBH-PRWOKZWhR0VYBFa1Lbz9UesLc0uokJCI_4UmkQIqJSSlK9L5Y3v4Jy2SZs53cPKacTegETA8mrgbeLCkgiTYJFt8f-ZEfChSOE-7G6mdU4WuYFDzWCQTCF3pp3VFidbniHBRpBGEBSBCU8bFhEf7Lc9myo_VM3q0xWu798S2Zmq589f3Ygjp5uKgW4ZXsun6AJswoF5vpvQnbR-gUVfUlieuY-NEQAk046fvhhOGUWtfVqyP_Do6BqG9rqI1bc2729-muqJ5y5WbLXBbP3zrTS9Kv_8n9tbttQW7KJC3bsNQg-us1jLXURqFmQ7LZvEV8yh9h1ShGX47QOuc1YDKGImdbNVZ7uUIy3TA8w4MVDCzliyryBxUF_4cdWRnZKUlheb1-scuSGdXsh8ouEfZEfvEnHNX_I7NqJnI2PWul-MiRhlCD8k3rFgice5tLsKxJK2-nhFQ0z8b_nqYq--l5azMUX5ID9v5DY3cDQL5HfuxTwK1Tf83LyekmqMcBD2dGQa-neFv4WtN5FXxXrQ3Yf31r713MxvM1FQJhPfdSCr4J2BFNXwQlM78b9XKXmnZnwJLOpXU3sufbkM9jiCxr-_iu-_qlBTwcAYsdEQL-MP2T8ohA69_ZMyH5he-hkULCI3zlqAm2nBTxWMYDcImIN5yMIcR6Nns6fKspfdAKOLarY41nWwJEu570nRlAECnsrmhH7bU5uAqFECsxZDFnNZnrFjZjhSA5_URP-nm9TP4NaVUSLM1-IOfbRKv4Vt-YpwrvCQqdLxDDYr20e55pg-ljQKOvpamQ_Lg0l3exas4iCat14Pke1uyNoxf6mevBP676Kn5fQtuE27l6deQQOn9aqMAuiljUhsbo2JT-jCLe6ZWu4Z1ijEACUYzqwSwgl8rlSBJ8q_PPRy8O6l2ygQTwKI4sDouxxY5d0JRX9ex7q_5AhCn3cvBG2r8ejKsT9db-l-FeDLzCIHm86-ewN462isI64Wm4XKMLFjpeZx6z1v9ik0N3sF8l5JVx3K7gNUFijFXEtF6PtKBMc7sJw-h6l9WRUtxHWVvhASLEUJj5SR4eTuyaZTAEaeVQSSSJj1Eh91Jn4G8z72fTOApl1Zj21O0FCGEc24j_DQ720xUL8r2lm_WyTpZUdp8PpFGTrf895zVvAIzrrTWxmjSP5aVmblKuCG7GspDTc4mkn_dkuqy_ZbNrfQRUBsW3ZNPkFGDnDpF72j3ImcTiQyV68tAc2cPMwPVPwnaRQhdwFFSO6wEhqdeejnV5xKPlJriXBDlx2asCSyUuSNtLHIp6-UITUjGDw_hywOiwpDXUJnqqrvzk7wd4rDbyZfSMT_HSimiVw8ps5XzsQk_yYReIs5nhT7wlegR48_hu0CPpekSosQxMQQay6qCBCQ==
Constanța,40510,7,Romania,2026-11-03,Tuesday,19:00:00,este,2026-11-11,Wednesday,23:55:00,este,1,1,CND,https://www.kiwi.com/deep?affilid=mihalymisroriflights&currency=HUF&flightsId=0b770f0c51180000c4edf215_0%7C0f0c21cc51190000c1025723_0%7C21cc0f0c5120000074153cfe_0%7C0f0c0b7751210000fbe54109_0&from=BUD&lang=en&passengers=1&to=CND&booking_token=HtKzZjg4q8JIQEyja7wdcy5pBoDeeO5PYoLvFC9WDuYJTeV2_xK6XLye4wNaV1hdp8zr5nHNghUBGADn8PVvJv3lhW8ngutniYB00MKLOw3nz07MpWwGdM42IXA8MfCAaAbIR3MxihJUQrq7jfWXkRhvRIig3JvBEm7bX-pnukVg-49f8rqRmCcFDAxsbLYsuCZBP8N2dOtAMBWHlxew26jeG2X9ItCeFx84rEaRFOlhUnCD1lCp3hhEllV0fzUTU0azPt-qi5bMVCX8WSt01LZ2U6lCm0CwfF05RrFnUOCCICImtS4gKWbdikV95dBCz_xMMCyKGnqtVY93gWUIF4O1xCNfVfxPF0291P_-8fCkTawAcQM354EdlZapfhLS7B5bxCXVXwCKhGVciCle98-p8wrPOeU5saNuGxvCMVzLfJp_StXiGJMP6dM2EXBpVBnqe6sfiTX8KRDw5NBZGFk0fNaKCAmfO_XA6-GdLQXsfoM7dtFC6FF6-aKbABi-5PPg9p5fyz_nrzB1aVjSP_3vefUqXEeLiYdGgBYqyp17FZkZfaMG6sn08va-TEahpQp19h90dCENhf1FoepoY1i4iofTd8EkHK8Vpjaop3lH77NiSAwaKoQC8tFDWXm3RBM9kOFoucqSJ3MgQSgPNIVdd9bgrHktb5mo2HTT91Zwbir9Uci4aXzj5XazLu1N2vYNT5xmYYt5EsYwFmx-r2upLnzmUW349lpQ6HPft70VUtGxAXeiafzUAXfkHHfwnftmmnA7SvYopeTCZD2mj4kKUng8vjeNXbHJnppHPgUhKw9G787dTCRlXAKpyD8nleh6hbn-A0EyF5RV8TU_zV1ery6cmr7U4k0X2zzuU9TzupmXR-R1MqandIpuV8Wyb_fsrb0l1HZfJ024d2R5mebxiGru2VlOh1mjasaEP-BqXIF8wJnEt8A067rDakf_cz8YCQJlNi48sJ5WHmtlyeh6OjD2blIuehhHOs9VpJ2jx9AkYM4gWBAmY8xZZ1B_FJU9-R_h5E-5BDcDWMm65zxg-CcYQtmPSur0twzgMzZekHZeyl-NIk9sGApcG2_ZxEGPSo5e7uVy2sgBNg65XA7Gxen432BRDQB6kTWLHPNFiq5jmeTkeRCSoMYRszDmzuqR7deVSkV1s2ItRrJvNt4afz4Ls7IhO53sLnwJBOOx6ujI4u5bXytWDIPCjaCgEr_4qd2972DIcbC0tC8PnZvCFdw50_c5DFqym4RIhKTTfzJUQJdSOecrb4KTmbmPuyaJlLsb2J-K-c6w2q-rHxoeLn7SUbCSvBZaB2Wyr6KiuDHuSyofW2Mc4aPbazh7Z
Malmö,40552,1,Sweden,2027-03-18,Thursday,13:15:00,napközben,2027-03-20,Saturday,22:20:00,este,1,1,MMX,https://www.kiwi.com/deep?affilid=mihalymisroriflights&currency=HUF&flightsId=0b771759519f0000b873ac89_0%7C17590cc951a00000ebfaaf83_0%7C0cc9233351a10000fd4dce55_0%7C23330b7751a20000001fe363_0&from=BUD&lang=en&passengers=1&to=MMX&booking_token=HG9GmAUBij687xr_jXFuv8oc0fnvelqvhXaBX2zF_UAJ4swT-4L5uWhJfzDPRzoU5Y9i06uwKNA85Tg4P3oQzVMrt27vzCLQu3cTFq-1oJ82q2lrWEd3cMQ3Q4v7Pvqso_UunXEX-tVMWWa5ysJzcuZjyi1KIILgN4H9sNarqs6t44RtJRK-V5bcauKojLzCDEeLF2rIZEUC0Vj6H-FB_rHeI5ubUpJJE2_-dKWlREuloknAMW8bVvehsQKqv8gBfwTeDr0PG61L_4LCsq2XoMRImCZHMkwqiEYFcyvLk3DO0okOGQPPx42HsY5RkjL71-iKAY77RPb52Z1Gmb8OrV0p4cwLudNgyUzq6CafSIUIHmPHoWEmXWwb3C6UKTXXZ8NwESRvDj8sXhT1p3zZzZHryMyXUWk5BWVJifKr37Z8zj3B04BOCYebsGrnA1ssR3bCqAhe_OSV30qaTgQ6mlokE7rEYQ2ifB6g3n09FjHvjgdRFzlD3_UYHmDd8vrc20NReHxPot52FNzt-KJKbkl8xZcTBvkmal6p0-B5Voi0GTpwgObihcerdMM-eHrdZe3fx8Se6Yn0FfAYZDeRHQkbP5t3e9rXKvhX1vZeH65P4q8sdq-YH_nHocgU1OzMA8QUuRX8VGLkOGq2Dm2joh8KYL8Zdp29WHZkb5J5VDU9bUnNkKcqlnitZXqTxFbk-RE78j2LxEGlB8Gu9GtMzMFn8pA--I6pk6kGpJ50zOIZjpdm4ZLB2AUfxC4YpLeJMPD_Vc2fQ8U0Ykg_3bAol-Z_VnWiLQ-s33GQni9QzYdLiEIFO8a9i7M3A3vw7_90LjAoc6IS0AT5wo9GWEcgRpByMP-SK1D6-W3BgM7BNB-FE3z9MzDXSDyyYitqHH5PQj-VE2ZvIJ-Wdk4pUV2E4Oa6-7b4bozQwMpi7UJtpF1vjK5ypoAhvAy4DKovf3LEFqGz6k7WeqFJMqFsR-poYm-iL-fdVXeKizVrJbGymRcS8wv-GhaNzVaVGIzSDlVzO6oI5wC1OsDNpaTSsWyngYVBuAfY9ymNZDZ6rWM7vOBpdCsT_jW-xWLHYghf6XV66oMA3BN73INuVh6Nmzv7f8rdETsVwwZkLO87msFaGzHMw4Am4f2UGvi67qoP7D7gmzkl-s9VxFsmDaxknykzV-vdyJcwC2ENxvIDzVLdFV3XgCZwBVVmsCUyXUGw6MzchmLihTOL_-P7fWIQ2LRHaOJBSn11vOwyiJL0UD2Z3zw62CqTCEMIotxmu-pSAKD7mDzpTjDcBP490zMAvMp8QLzzkHX_aIENvCQAN6ThIOfgB8t9eKntEHHN6T5qDFkyZ
Oradea,40580,3,Romania,2027-01-14,Thursday,19:00:00,este,2027-01-18,Monday,15:35:00,napközben,1,1,OMR,https://www.kiwi.com/deep?affilid=mihalymisroriflights&currency=HUF&flightsId=0b770f0c51600000b1801a74_0%7C0f0c089b516100007a88d451_0%7C089b0f0c51640000600beb66_0%7C0f0c0b775164000076d5066c_0&from=BUD&lang=en&passengers=1&to=OMR&booking_token=He8WbiFGOCreFlASu0-iGBYo_Ja-7850mM-EpsjiVbGQBDnVr1ADfPavClmwSv_2hwTyBPfbbHzA2gqpSnggJ0eN24BwLbSKvWhhoEkiIYOOChhqngQxHg-AKu6Opak1WQdDest6iDCOPpVQZ6-C2d7uGDNbQJLHHiVUgZy_u6Y2DElffzwR-UYuUpAUyOV6xMJJJJIM8kcwbLXiTs7p7nVBtZSbc5K8qcRPKehx6eovnzgz1a_SzwQ_DKvT3DTVjTitNUqT9G8ZpT-RozyrG705zHtn-ZiKNrBqkdmuO7Fka_S_Uj5QcVnDwqvNf_2a-H9GR-_nhjeY4Yb8aem_ZU1k-eKHnabVGJ-2Y1yVnRjXRRENJvZYdgRoCP7mo8qENuDvHh1fCLk1LN0eLVtnc5cTZcdN-12RqZOjRpkkb1tLeToVs55c8hpZd_ieT9avwz-nkbJqzUmPg62ebXjnQN7qJThze7491DsyBrK0xIzxxGtwHJ522wKujSAFH7G_oj4SVmxCOdrv7wAc9me0MsB1mXqDo5rxa-Sv7cF938tHILlmrUE2QibQP5xXQCNZDXiAWniR-kC0zuTjKY1PW8ZNPgt7Lap6P87as4VISepd__E1FceRqYgf5a8FG4ZRlfo6BwpLeQl2wl6QFKYMMJFpNzzjhjTtoeegCnwGnZy7YRS8Rd1xjfmagM6rZyfrEvJzNirF8iVIRTvamQPx77RpdtyKbXD9qnzaeG0iAL5L3buOPUTRMuYJAgWHLySoS4B6OL0V0yo-HnEoD7vnClQkp-y8mghhb9a31Vc-LfO9mWD2DbJKTETEeKhfEBt3teHpafe09ExXFR5F7zrxST6Png5yypJyhuQ_HIV-gpoCA0wI52MXL2F05HEcTr1tpRHi-PWrlO5tJnXgfCQDbcTt23Z53Ra8lRB6Psmaj5W903vNcyN4JQ4WE1BbRWokB0euUBfBVRyBHcnBdTxMTbnOXZvvgHiZGn41Sj-Q111BglhaBiBSmt4x5zeIsUXcA76qlhHaTYmo617W9Apc4H9cg_EpG0D1Tsw1XxCTMZScymd2gABxbM5VSG3h6T2dnzh7kxPZxo1DC3MhHNpiXZ-OEa1jkWAUabUCaHHROFqXjn8h5UAnsEdvDfSpa091_pax0oDf8yd6BD6_MJgk6aiOIJsGpPEon5izwuz0hVMkuPPPBqOgqf-U82pt8eVo23AGO5l-RxY4CWNUMAsnbu3HFf9UULtNqE1SJElWBf9Qtgjc_Xf8f3GcArcREDT9BPvKM-1dLV4eHkQRMU63up_Yxhx_UIa3XEtdwR7CrPynaVlnX65dJpQfZxwkE5MkCJaylSkk-0BNHFjLCLa7yfLu_t3rKKvcuN2A9b1BjLVyFI_ZXSVE6ju5mXcnrDXba
Poznań,40838,3,Poland,2026-11-12,Thursday,12:45:00,napközben,2026-11-16,Monday,11:00:00,napközben,1,1,POZ,https://www.kiwi.com/deep?affilid=mihalymisroriflights&currency=HUF&flightsId=0b770cb551210000a6f926c4_0%7C0cb514fd512200004809dccd_0%7C14fd0cb551250000638e2574_0%7C0cb50b775125000018f83d1d_0&from=BUD&lang=en&passengers=1&to=POZ&booking_token=HrVcXfni3oM_FYTlEfl6IkgHQv0mxvtPgU4N0bJVt_FD6NDylJ2WKo1tUzs6TIRN8eE-G6bZRZT3jsYazuP2I5VTh95I-0SiOFRzGrZjnTo4eUir3RsmA8AT3aUMtRwwURN9l-uHM-qKyYIqdSEogJDt972iNr0MPsVRD6znpLTkdqn9j8vSghWeVKEjVSnOEvPY3TTZoZy3AK-CjtwsA98O4WdC4lgsMbXUI8bUPtuFY_L7ZXBQCZb7FDDI5j8isZAl_3rXAzm093FhHFOOqmtwKAkmtd_bl0yopnEsWI9Tx-ELsX3zQEbsNofex-kln8TXNuCIJceR6cB1hcXq85kUz_9y7t18qVSPlwhG2rhGn_nn_d3QzjoMNlXwhwIjWLz7xgfI9ps3FSO8aVM9ebSOXcTGWGdlZ5JIAwin7_W6AzL3wK9T6kROEy0ZBp_eWLA7N4cH_ToqFhVYXAQaEe_Ss4xAl7E0SITC-BV3bEcbOauXjq_nVqdwmxE0HWK1zhHEOJRTIrEjqpmpgz1c-WG2zbPqjc3oo-t9diwMZqfBGCNTQpmmL-LXG6ipRg2xylORyPm_3BjPmXjwOrgLC5NlqXUmekgBm4FynGtZ-Mi_KMO8v8KsWJQ6T5ujyGbf9EOeQHRxrbNc1Xb7iSEJeHjya0tCKhNhWQmYunaEQxoiZNR_EFK3lbUL0eIp5ZQvzXNH3ZJUXU9pCYOfByO_FTAIhcX8cWFLsZUzMRhagg7i2hnOL_1ofMlSv3bJ5-ju9nSDsnSQ_eaYddrcQ7lfPP_4mhStK6Rn3CGaSNvj9d1YxsLwuaa0GSfJSC6O_r0D4yQwMm5OPwIkQ26HoHQ-wlz4jxL9EWKVoYYY1dstdGldfRAGZxVzIhfPX2RPiLN4fPkAfNyZpSFxFk4mVNapdnmKIDep0YDuEkKFibcEklAOwAwBElLa6lRsF7ovFKxEOpAdPv5fmJNx06_A41ovF3dGg1-mf28eVVQgPe53KwSiLPpBiLW9vRFB91wSYn1WP1QjfFdjKrJ00yuXCVLpbx81mGA5QqBJIVpkQLZa00HOUdN3KbBGfJX_h-mAC-XVbUN4sBkype9EgGtboYlZ0DPE8TkNtQjDlClFFr6jRr3fbsXF4IF1MqY8rZUnQQnKP1gQd8ulZi57WSbfOAVyqZblOyKM5HXkM-b6OzVhnDm9iBwakUoZlWzoJxBbNRHMkjyKglN8toDx2xxjJtalIp6DGFoTt9IERHzJCu54o3K8JIxukSKV4ztRYLtkib2HQIEZpWbmtbAD3jPLqwXD728nsmNHYMVfEogzk1SFChzE=
A Coruña,40908,4,Spain,2026-11-12,Thursday,21:55:00,este,2026-11-17,Tuesday,22:25:00,este,1,1,LCG,https://www.kiwi.com/deep?affilid=mihalymisroriflights&currency=HUF&flightsId=0b7707f0512100006d7c4ee2_0%7C07f0259a5122000022498b73_0%7C259a01af51260000681fe5bc_0%7C01af0b7751270000dbcf583f_0&from=BUD&lang=en&passengers=1&to=LCG&booking_token=HC0zJRw25ESKnG3waQM6q01B0-LMTGByqBVvJMTqNNwMJoQDhpUaIvTq5SnxJ9ISyaXuXHrWkv0jM1yTAvjCH9417pDwmOLbesHGHsYFAk2zn41BBHpNvsWtVVjSBc77fHKGOzuvLfl40v7ePxx9OvhURAEuRSTbCrlkrLexn7xeUtrz00V4TaXYFeLmgnx03sDbWvL8tyHQvfOlkstWvEN1uihOuSRLwZjz76SVC5smM0p2WwFw72yyytOi08yFhTUh7gWxqgBV8sTl7meEeKSpPskWdJy4un2W1MJ8DRcasODP2CHK3LtBUR1UzDAoL9Z_KCNqLAimFS8z9T_rVvS37kH57cZnJFkSuqQDd-2I9Pj-hgaRE4oRPhAdSOv6kuVGplAc4-D0B_Y1ySZsCnyYPZwXD4JXjxlXGWy8bxPJ68lb99l9M1ZI2eYwu1jXfsctyYs65p0QeO4nX0cZClCwZGL6o9O27gWFoylW7IzBLKl0keVbW_1UbEZygHzwVlaZlHgnL58ylR1Pwds3jFGQ-JASMbbG4z28dc66noihQIgsS0VTImpCWG3m612m0CMVPvs4xng9LeLs7HAOPFEFCuAmMacQi1Evfqul0zDfcfiuyjJo4xvkm5oIm12hfHv3C5fIRaYNMD662gOYNIJExTBtkpp-6XAhzUQKW4zcArDaDI04ooR1j09QEDIVfJNsFwL0w4Mzg5HeUOLhM7kAhb_uUGLmHcoaqR422__JUTg92W8cOTJSCLCwEpr_mFisjyvkE4b49FSnkzyyPXpBwLxb8xMlNGsqFRo5YWzoSrGapgmla_o0-TC2_aV2EY7qeFCUBOGSDTh1pD0w3Ea_-H6rCIuIMZK4Q_n662pysJ387Tk7zp3U6xayVwqUqKqeMtMLbNl8jr8N2VfjSxCjxOZMv6tTF2xAu8w6Bv20wihHHknlKBkTpdav4FxM8oa_cqPTJ9TTiQMaRZDE9xQ97xNHm7bBJlrB-pW_vmW4bjgoz294y1IOBg3AnnVz2J4rTG0tXB7GKYYy9Oeh2M-eNnJI7dbw1n8vKP4Ts33SEQX40oahiB20g1L28-F1wIbdLB22_BhzQkfy0CTRfa-Uc7o8Y6YGERGTwZOjZVO4bMclU15DQr2F0ogOIb-kuetjb9FUIVqGWJ84XpVGv10usY5ULhjwK5JDNWbVCWrJJEkArUTp6uwiB_I8V7qWovKKyjiodfCy4y4kgmSk35BHDiAbZ5HOWAvuSf4qtr7uZ5YCMXfeKFSm8xVt7a_GHz7dkT0q4FA7_XmAYxwYW29-v-vPDYpkhFOIEn6XW39G3DoSQ55nl99Q_D7gMyPSkY4zgC4VqsFXPIMQPBWMVA_gZTJdz12cI2rvLuVDNWCw=
A Coruña,40957,3,Spain,2026-11-19,Thursday,08:25:00,reggel,2026-11-23,Monday,16:25:00,napközben,1,1,LCG,https://www.kiwi.com/deep?affilid=mihalymisroriflights&currency=HUF&flightsId=0b7707f0512800008927be8e_0%7C07f0259a51290000a03c4e8b_0%7C259a07f0512c0000d464f12c_0%7C07f00b77512d0000a29b7947_0&from=BUD&lang=en&passengers=1&to=LCG&booking_token=HMGgdWlXrcewIzcRdTfP6quoh2T5n4JvkI9hDKQWGqvLU5MWRMHnCK86p8mY07tAaHFeARh7Yr3p663fP6cUAs8DxLRsiXtvm00VO7ctGE7SBsiGea-tmLG5sA-fGQp2oL94A1HanXxVmsy5dHcxZzqs3jX1TixBLG3JBbbVBPdrp9Du8MLVqDlHrwBs4olR4mS22CMhTtua7haeHwDHACv3Ay1qY2A_mV46D6SgYmB_VWf6j6SIEpcL6a5BZwIbu-ejS2vBh_RHhWRR7X2pOPTvXmfYonavCt0mdY0KJRrs23UDAM0qmcxVPXkIVZUVDWOkpXWmIM_dr4D9FXPckD5HXdB4sJ8rlnHnenZO44tqrnmf2ZLpJLKycCO9fXndYumlerl8ktAAz1fCqrnTbu1Y4u1YLaTMyskXdBskypxruyTk1SROV1YbLgZ9jCFOfbwZSw_NDEfOKR01rwMJLDsqdS0Ii1DnWSwiaO87G01DeHiBZgyKqKTtkbfXfk9yRjCNc6TyaPM4lgUcmBFKDi4iYJoYzseWmdHgz0muY7oGvTQ5J6c71MHWnWIhXZqRZOG-6E2MCebpUaj_r-f7L-ksAVqA2jLRnfbXA0uvfZlX_le75Uu6C6aIOoL0Svmv5WxIkJLwm37eUb3Mr5j2xOfEv4ph2EmoF7_hbPDYbYLhP533GfoleeK321s5uKRIOCLEtObkg6UxJJfccJ3-W7h--_VtXquqcCemEDvMV4DBP_QOjAYTM8GUmEbodB8WABjKc1I4iTk_ebEJ5ldzfrkjcxFG5iHJrLpvpXXhxGC_bNl-xRsvYjZKT7WlKNKN4TUUJ1Qp8RJPPNxo0gNiOCIMMiwhkn-ydicunlQkS6LFce6nxpfsFUxSP34l2ASJWo7SIaOmqejd9BDikLsurql2za-oyZAmpwPkfmwkjjYXyM9qkh9wDYlth2PmvPRq_Okc1d9mnHbRbAkoAIekt6mPRmjkWMuIVGJpOmucqRFJLKuZYs5aUylxXHp8VFsYEk4GS8mBbaMrNjra2zRpmZdSl1N2JG_cjBw0nh7m85dwFkE88xx8MdJObwHZGQYg1daWP3ELhOOgdaW4KKdDhKZ_kCjThwGwPYNQzn3pvD7Udt5PVdNkqoFPq6y37cxLaJH2PzA_G5wMEviM6QNCQV6HbnEV0FLC0seUiL2SUBqlK_mtXyl0CoYpsB85PdD4xafmbiqzh_kzIVvW9RNniVa_WmeoN-1ndDTWqNvhvkaV68zz1hmwp5NeqJRkzH29EH12ndl3qYkNJw6tja9flDp7JG9uGWw2VLkoguAGuJuyGQMGQGD7jf0PgsxOxVAHw1iLpXftXRQJ29S-mT2dQbHUDAok8mkJyTUdx_JVmfhmgGkrSkQkRiELKzy2H7tUt
Salerno,41009,3,Italy,2026-10-31,Saturday,18:10:00,este,2026-11-04,Wednesday,20:25:00,este,1,1,QSR,https://www.kiwi.com/deep?affilid=mihalymisroriflights&currency=HUF&flightsId=0b7707f0511500004f12506a_0%7C07f00b1a511600001e65a28e_0%7C0b1a07f05119000073a7ced1_0%7C07f00b77511a0000d13a20c7_0&from=BUD&lang=en&passengers=1&to=QSR&booking_token=H-Fb0tNOpvBQXzDJtuCXPxJHc1lKm0TCrK86gRyWynQCsC4TQuy9wAKP9HaErNlbKg9WlQKP9kkMraQkhr3uDZifXwrWt0Wkh8I_2KZmuHaPjO73RjLTND-Zl-UjUsA-8tve0l97ufXewP_FUuP0Wo2dYKx83x4rPcgP59LJCXNCoZnwzHnYti2saE8LPDo_STkAQRur526TMfFWc8RIfdOlJ6BQo1L5C1nofLq6_Dn-LpNWgw4VcIwnvU1AF61fdkE5xwkEOZ6b3xwqfytgXAfxwT8bodb6peRBFESmdTQBp6jvAtI9HL7aN5eGm8H_WxPGXw3v2cRilXVhOzPzhefPTjbFYgW0AghHZWRBEEsOHVc9jZPX85qlfAMkq-FFVv8exftWqeJhRfCW2hV0GmFiJXBxAAjeF7OsG9cAz5UN-VOmYihcQm0qvgNxQMc9PJGCmxvkoplcD_uEcM8aPsLKzX9abBfEBqp_z0Lbd8cbhKKyvueO9ULCT2ApVTLx65fIo3TeMu_jzwYWd36JowLeVy3DyFqhzl1vhhepo7cfWa2-ZnSva3R09H1EwMWwa43cdFYRmdyODuNf3jzW6Ag1yLsvcYI-qJlgEAYBYBPHGH4epmSE6ddxvFM09MMYbSoXh1edi-Z2tIP4xushg-SYAqFkvFJ9wnOwfA6XEbYiFregyMXX4vVNUjbLXKoS8j0SFxaXg8kNwZ_V6CsOzui_KomC60-mdPN77NjI-M_QT-ZGp-crJApDF3dnBEK6lGDSVCh4WnLVa3NOacvjw-3AcgYf-FIc0ya1B2DbtLH2AUJVR-dyEdr5y6LC7Tk6rThhEHvbdCzuvJMA2-_gGBppQ41Gv3eRCRhYpSMFismVp6gnKHSEmjRAGeLHLHBOLePHHwRZfkZp8e4_wb6bZzl74Obf5LDPh1NltygTw5C2n_7FPSCI0MmpEV_fdtGm98WO6yQ2qHu3ToufT5pqaqLEItx31XAfHu6e2V70-tZOIJ99Wa5ZaZzE1OtlFbSLYLxdcdOTEzJBwtEEQEeL0CZTnmtgTxOlNHwveTqglFUa9niWUoOgtjO-K6YKETIcdaxvnNM2KahhbceUwoi15chvesl0j2lRVPAfM-jnxxqGxj-Xr2UrmIilFbBXyjRwFh6HJ5pvyqW4p5rEB6rfaKizY5-Jl4tBPXO_MWSv6kNrfg5nnQjrwZyob1rd3TD53IleBCJjSVV5UKzaiYw9r7SODAoSixRgy90vxMPQP403el9NrHrrlzWD4_87KuYQJSmNNk-L-KfiPVQ5mlYS2yQmF2HQhKLdZtVqSrlqxgYUePx2gIX7hMeGtsdpAeaN0Z9wRkwgOKFVhkHft9hppxI_hA1ShwxiJvGsohL4i6EI=
Salerno,41014,4,Italy,2026-11-05,Thursday,21:55:00,este,2026-11-10,Tuesday,18:00:00,este,1,1,QSR,https://www.kiwi.com/deep?affilid=mihalymisroriflights&currency=HUF&flightsId=0b7707f0511a000080c95128_0%7C07f00b1a511b000003e73cf8_0%7C0b1a07f0511f00008f5727d8_0%7C07f00b775120000023d01e46_0&from=BUD&lang=en&passengers=1&to=QSR&booking_token=HXIhZdHm0UTbrWgMFwiys8ZJd0zJ14lOShuE0IVvSTari47KDjlMX0yJwvB9JFG01_uyd6Vq-reJPWb-ONFWv2dQWdiOKgDjl6MyCJ78Kn9gvkS6IuYwH1UHAKbz7BtMpIgGyTJw9yo7HXi5fLM0JngCP-OaEkSqIRMZCBaXJyHMAPLW7_sCm46j7mBJeq8MGufahh-_V5JFreYvNZdY4d1ORlrqrdfXlUg08b44zaQGgtMzOlK2gCpt2-TrS5ySBDxVH2Ta7-Z-SaUyIh2DFF3IG_HTrSOJ6egYjNqY_h1U9W_sA7MQzoWVGsZ8hw780XFVHkWTrd7Jz6L1bpjYIzFeSihUV9iGLHGk1cv3VolIfYE6_g2uBbgX5NXFTgW1HW5arQWujKv5Ijy7ERjipkpgR9BWc9RztEjMWkX_79-NbFpBjajgoZqUtpM7CKmttmcVhhejIoSXWKTH3Vst6lHvXlHys0g_XczRT6Cu5Dm6iJkEWNR1nywoIp4kksuXFZ6ioP4UFB6NsE-eisTWVngMg_JMoUNZ9UG_KdGBS90t7naqFhOrGBL1Lcyzkf9_KQw-J2DwGSaljBfe3ZlQdiGIe4ejZHzprdEbQevn6PlHBx5qOWdKV3irorW-D6g-rF1oBa2Oevsf1l10EUeXXpN2ck1W27KImAjYN6YsBn-TiuW7Ah5oRYBOQSvhVQaAtNwoY-g0Ol2W_oxZWVaCU9lozG-XQQDDn1wRKWtjlBx6uUuFS23zSkOHiImFG9nt7wbEkm-d8mzJ25uUYkGOktksAwkK3vyNadYIu0pW6DbgvHxp7iXpzJSP-rNNuFrFcp8mqVoDkzH2uGHB5FALRLps20dr9ArRDq8eJut1V4WhbZSLGk6bgP2oJKbLqZN0NkrR5IGeywdF1D9Jnm7PVsonkYWXjDhVOI7h2OOxVZMLWaIERh5y6TWkMK1tQpjPYv48Z4cTvNUgAKiNqmurfLEw3drAzf7dZKBMy6Q0nsC1kC6C3ZIq7HgOIf1-1gdqwhTYRf7fNiLFl1LjKAnOtnDOxX3y9x1y6PY7EEZkwUz2AQ1W1o-XPzke6w-nVHiXY4ovPyI3Df03DiaJdoSUiiCxw1aYXUL_nt0GFswfpAHKl5xos8nqSUeo59E-8rSnnqXagnzPAGusVujqpIRyanxI0G2yAAR0z8WtywYtKXifMI3a7RX6AOabK2AtqYH23ykbTfeRECPaW08fOAKAf5-Gpwicviv5Ux5djgkoxi-zXieWiLyi4Vlu1DNOaOKSzJfyuyvzzlw2tkMwx6YvM_MVBeafNBiFjPaRD2FcIfMQU5BWJfkg-CHrXxnOWHuCXVUY7Sh6LLTaaJU0GmWLeSRUTc0fCDVxA2xqiUqeCDrPO0oTmGHz9aHjmHe5nBAe_
Poznań,41038,7,Poland,2027-01-17,Sunday,06:45:00,reggel,2027-01-25,Monday,11:25:00,napközben,1,1,POZ,https://www.kiwi.com/deep?affilid=mihalymisroriflights&currency=HUF&flightsId=0b770cb5516300006ee96e28_0%7C0cb514fd5164000063658bf3_0%7C14fd18ff516b0000d7d1aba1_0%7C18ff0b77516c0000738a9f88_0&from=BUD&lang=en&passengers=1&to=POZ&booking_token=HPMt3pcK1j-fSvu9huhGNUFcgVBx0_n1ihRWjhjv5s8eESQ3etiXn-bhq7mjX4ZOojw4Z8NHsELDgQeCBEyT1jsYtmyJBYCzQPeDybSJ5DhLStZ7zI5K9ExZOzaO3H1yEMQrtRMYc0ATWXJCYVVs7ds6hbtSnmca_bQHuPsQpTiNvs6Vu-yJ_UT2rIUIFMyJCLKIAIBWv65xMOYXNuvsBMXVjoSQLtoDC9SRrJAKq2IRma05-KqO9uSjWRkSuDuxacNZHVzKgsqIySOYYxiKDfBO_D2mStbnNKNvQdvOZQhH42gfOL1v2CRw6Zf0LE51xsuDGElLAWS2AzmvE-ubw8-sCfOK3qD9N3-r5dGnWQakw66qBSTpUCPVFR_Bafjr2xYqK5KKw7y_EhT-14NR9KoFaLNwTqYJ5aFGB0Sj-JwdS-hEU829zf4WPFDHW04f0ZdNvH-AeDn-FFdDDZ1-IRm-UneiqzNzEIfHL_Gx8q4XyI-Hcgbjxq6KnGwS9NgpCJW4TXH3eFL4FBoN7XLHz4b09qc7vAJJxyJM4zyaN5_ppXS81ABWXM3tGMQS2BcoP85iUVC1mXmimGbLqTW2Qomt_uRYMJuDYY8o_crWlJ6dEEvYo8SO8hVhUaYnQT8CtzSXLjOt-4JYq5je7JA6yX5BX53AHWge05APLjcQWrG4wbXDSnGn_N0uoH1bxIe37WA-7K_kcXia9GANSAvgwvBa7e8ej82GDVt3hF28ERhRSwBBT8c7aDBlDEETslhNYqitgCZZRRPyJMFW77vNoSe8OvZuc_8Nvk3MdXGPkq9n4hLeMoN7SjQh0kXczcU535Ojuc6hYMcU59a1Bsqrv46u4IP4cosUYKd7Uo_9AaFHK5KHWrmIpO6Pz8LvFKTfiNAZAEe12711_U5bY_wy0_f6tQ41WLYypnXYJ9tMf3A0VMrPxXAbYt57t8R29ugdG1zMN9KCs9EmUnVLz6USR8iQ_xTVL0h1MPrSdEfhO6uBsnSOZNngq2T2K-prD14thRX7W0LESjrtSgx32N_nF6iGZLN5m24MNsGPtnVPsIlt28A0Ed3jHwJklHSE6oZ3a-ZMDIQjHyJzM7tVRs6fh_OVAkQqfZFXrOSGeWBjwWOoEzXiffURiQAKnWmE37ot4TlYEcT-aktRS-MzzSRVH6kwzY2cN9uQLynU5PiPOkAZ4xt9elaSEjFgjmYCEsHA2tuvvKnDTfGFik24jaDxbk2DFz3KAjTMfWSkWvqxJwhYkqEb8VIGVKFOySGtTLgY5VU2TvLH7ZkUIWX8KEOqUsDOC4s8NSOy3i3_HcLH03Y_-rMKQyGh2iinlLkNE57tRC_fL6hE0B5u9rFOvUpbgk-qx5dDGSB-luAe_b84AZ4I=
Bristol,41066,7,United Kingdom,2026-12-26,Saturday,10:40:00,napközben,2027-01-02,Saturday,06:30:00,reggel,0,0,BRS,https://www.kiwi.com/deep?affilid=mihalymisroriflights&currency=HUF&flightsId=0b771f2d514d00008ceab181_0%7C1f2d0b7751540000dfef4fe3_0&from=BUD&lang=en&passengers=1&to=BRS&booking_token=HDmHC0PhoXzDBe9BY8zElpngDT4-QAZYfI0ugC986DdLVlq9eJ5AAbpT0iKJVxYro7lyM8ZX1w6nyr7Il30ywIQvEBXt9F8Pq1hMAfDn6hgCzgkFsv0Lw7YAdGSFoYkCYlKAZhWXTtXu5h6MJ7RVcFONTZT5yMoSeWNS1d0P7IAlH8gyaGQV5fdXteiggoheo_jn-tBHXY8b2fXhLLpVXRqQKa6xLGofcmWyyydhrJzMfqjPfMQTHBg8stsCGUFtiqBvB5rv-E8ZhTkqG2XqB0yJZmS59pvA8---uGbniomQbsPKRFYgu-AfI2JuCndudilaw55QySq0nop4PXf4Kj8hynvLFWTRI-hPy_lB_TJmGBwxIJYr6sJZQWI9sQsVFcwQ0AV0RXaeNXt4ub7womQzs_q4Tfo_tkv7rMlj_V93fiV5PGimtugxn1kvVXVejr8VjyY1FF_s11fGHGP1CLEjuGpUngsAVaP2jMba_k8C21eK_tCTu-5ADrHZH7ZZeBRgYxIYBBsljgSRShngBTP-EN667tN4kBxprit0iEt7_ct3Zh8me-n860yQOiQml7uiBdWnCl9UiM3jyUUt0Yez3zfV3lVhHZDX5hrpOivCAfQmuMCB8aoZGgznaklX0hUv_EEYHFp6nb-eSk6wvlShOyrk-qVdquaGYUouKv98EWdH1xS7g15vZcdDz7-24I_ZogxZ4uH0eS2CmnYv7TNnd4IywO4TRwyo1zCox7gx0zHfHyOGg0iEkc632o0Lcgg57iMLJ77BSKxAqTKXYLBN4YwoXzO7DH_sb_h_tOSYhxly-_KLC38FLxvGo6Ofs_XmW3Pbo9CfnvNtyDskMnoJB0pEH-7gzo66jfUAYSmvHh_9o3S8q0qugjXHw65hOrejLqWte13x0XAlZmWl4P5rVJrywDP9Tnym0IFGdy_LRvdK9qHjS6IbF3mp_sEPzPGWqvR8HSWqRKddCvFuB-UzKXI3CpYQ3lGc9iFW9uQh-jonOuUPXrYF4l_aJhgqO3Dy5IQYY6BQfv9odN5AY6JsASmsJJmFE97GmDTIzV7EcEvr1rR6OEDGzaPq2GxVLM5QnepGuziVKreoaV4xh_nw1luRZnQ5y0aMnTp7NFDTHqe5Xt0Bz9ETu-8GmgRkU8bkvaBFbYrKR2_CK6ndg6Q==
Ljubljana,41104,5,Slovenia,2026-11-30,Monday,10:10:00,napközben,2026-12-06,Sunday,14:25:00,napközben,1,1,LJU,https://www.kiwi.com/deep?affilid=mihalymisroriflights&currency=HUF&flightsId=0b7725135133000093128aea_0%7C251317b451340000752687be_0%7C17b4251351390000e79fe390_0%7C25130b77513a0000e8e05ce8_0&from=BUD&lang=en&passengers=1&to=LJU&booking_token=HAcnMvuQ-Z3HGAnj524_RmCXBh3Cc9ByqLOQmeAUjA05E745_S3i3dFWvNRtCfPuDGqPNKJeJWoqOXwNsmcWwLla1WER6wjRM29YEwYbtbAyu-EUdx6KbC08zYSSgwVX5ZCbZvpWqyuKXH__b9B_tzL5eWLe5A8GnXlzQiQn2dIa-eRD9Frb9SisNo-VguvdVO6qDmG6_fj6kBrr4EANkxFaT_hXeu8O8v8MPI7Ih9SdMvB9CgikfPmZ9CeyUd254Ava0QZYhO7HOwQX99fcbN8nbyhzROt_YGtK41Vgycs8Mu3cf-M8s-DgSO2rrwYVeNce0d_-jC3ZIfrlu2xfr7jh7SeKXXJXkeW2kjJciyH5xbBDf4JU8nFhhurowmCvblSkdHwdIxaJswbfACsTNAtP39_eQgB4vsLWofhho-BhqbQBGpVhJcv8pJj3Frrj9IFbKA7Ero1BmW81BHe0uKATANfgBYeL0iW0TV8TAn6IM0nMh3WVDigLMz6wBEfc8Ss0smhN4IcTVzSgNfCKLwy4TmwOpw8bGJdSUfQo3eKPRwOqmZCCnEU6rtUbZZ2QBP5ulzMGPOXknvLgKzfyCUAElYlx4EVNqo5kkt2iTNINkf93lZkI6kKgswLVANJPMT5s8zwnVAUZOjaDhq8IsvdBV_u4sux4h4HjZKMEoLmifQvXlUkGcx7cGMmCwte50o5EcD3nwICetC61OaEv-nAEAEEA6Zw6RB6-PgnoO1FjXgTVcu98qc-0HbhV6KHHyvWtkgflDdHcpLTQvEbOIpB1fO1S4Y6gOy7fyHzPiqvcQPFrddPiFEvR_QMJ64udCDiRZdYoS96cjizpRee7Frmil1McDgENcEpZ2CCdputPjRxnWSkGykYyEI9cD9vR1rFQH4PirkXaw--J2z7taZ1oBbnBGrAcdh3y3gxDA8cplSyk7cMf8VrkcH_frGla1Yzd5TFQKfOqNsO2HUb2HiZ4KNSt_zJdsuSiO829jInO3g-OnpZSaAAZit63C1ACdj3yqhYZc1sA7wVPJlZb8ZrzpSTO6sxhrIZSMxRRx4VYzMMmJkq5ZwYy9FsALJy44BmMhNmqvN3Mr7dNDB8tWmQ7otUnEyM1Ql5YJ0rrSALGMI5JLpvADVdnspg6MXB8K4sanSCNEzAksYDEl0sJ3bqQhjHn74jO4TiJItQ4wMWc0K-0UwT0_Naj4gSLKcXDzp7QvEKQaQ-byZjiomBNiX8vlcTC8QcDGXEtSNZT-mYBz-fOKfR9kJasPAMP2alkrpW0QdL4AQ-XiNPVvDZpumsUcPz4g31FIN6g771dtr9Jr70hVCcvP92uXdHbfeEW3
Strasbourg,41156,7,France,2026-11-01,Sunday,08:25:00,reggel,2026-11-09,Monday,12:35:00,napközben,1,1,SXB,https://www.kiwi.com/deep?affilid=mihalymisroriflights&currency=HUF&flightsId=0b7707f05116000081338712_0%7C07f00690511700001e45ba1b_0%7C069007f0511e00007fa04485_0%7C07f00b77511f000069e6811a_0&from=BUD&lang=en&passengers=1&to=SXB&booking_token=HQWCI1qsshgU8D89OxuTR7_RMevRCypg1n-5ts2_UH-Pk6qrnXO00icjq_7Q1bfBH_8Yrm8i6nY8Zbay6F5oUHT2-537mD3A8fHUEtgD7YCRGULfBv5tnpvjq1ZG91ZH5IrI8JdzuAAGT4Oh6JO6pC7ewlJdi1EISFnPIDlKhFyFiNGc67gyqlJF5qzXfCQwA3aS_F8oB42YolJnhAQyvXFw3HgSOI8TsjFlAl4O_1ewd7QrizRikNkgzXtqmNZDyYrCCnGhl47KTTrEk0-55RXAgs4Q_qtj8r-zr6_oLdqEWtKyjiYitM2yAipvZdE04Tq9Qt5HUfhwo71UP_GN4XJw7AoUfhxChLircwrHr6cPWp0M3jBmk0jdXF4Zh6o96R7qkN2t_gc1F82ce1gSJDx3kjfWZTsjB3mZzGwGOQJQeJDsG7RpqR-v71erZ9igp1oUycjwpM0brAH3DdhP28_82Znux1_m-ZklVNAXFx7QF4vxYAgIHGhKiuy3I6DDzpUJEhcT2EUUIQeBEOjEGupC6p5anOlHD_zPjtq1qtKpO-DsqBWLEL_LG0hb8X-2H-W3IA3m9rsgRKaYcaQ3y3EQvQknsTtgTP1WyLh88mZ4daf7-2hUQGVnito-ngf9YCOcI8w2vwipGSpKBSCNceoiaTgDfcj9K9mTkoVIFkTPo5klr_upePPBadkE1DQeub6bPYvAzsJf4d6ieupNVnGO6NB4V3dPR8oD_vR0vGthkZAsmdXZH1YkBogizC3_Panh_qitqsvLa7QwQ3dCHfG2ykdLk_fzdHYa_FIdQzEK_6eDMxHmy8Ufo2oIFYBdyYpFKi0FCcNrorX_4PRte0ONgYXDhWNxFGiLUWMjrmP-yegdcZoav5X2RLo3DJsrWNkFn1Iqwk-7Fbe83XTAhvd0cW4_hzGIcU2e7cu-Xg37xjeOps9esycxEfgzNb98EdgSDPOxvYwd-9WuScEDNc9sflkELE5SRAquErqNDTDFrOAHLyt5Q-PnlfbpcNi8SZFCwPyDstO5alCBtvtiWPNwBWZ3BaJX3m-6jL9IQgPqurV83M2yLyJXPKh0XBpEtWw0jF-1fN80UkhUPPn3NgwYZYMw3JXskVeXFQWGmAbNqvcPVRs3z_nlQH9skOKevKmbA4FKrAUxQpVw_MR84kcEZvq39O3uFetpsw_s_2QPEyoXqrWX0_w4nshYlNfZf5Ac97wjupggFxN-tkgVQusQoIEG33ZfDyVRqLnFDZpBFeRPyf2kPQ1jhyBlhFgUVaiGPpYXcubHDNEMuLiJUTGD-TBHCd_kbK6p4z4o3e43LGXiU00lg-4BpdKNoJZyn4i6cXDAhDGCf0GwZM9zpFQ==
Lublin,41173,3,Poland,2026-11-12,Thursday,17:30:00,este,2026-11-16,Monday,10:00:00,napközben,1,1,LUZ,https://www.kiwi.com/deep?affilid=mihalymisroriflights&currency=HUF&flightsId=0b7718ff51210000f2b4621a_0%7C18ff060d51220000d628c5f6_0%7C060d18ff51250000897e4058_0%7C18ff0b7751260000a8dc26eb_0&from=BUD&lang=en&passengers=1&to=LUZ&booking_token=HRz4Pol99xGrDHskY9FZG4CxzUvr9C2HO2hNrYdwxcI1Kc3n0mxuespGS42_etIn5WjCuUFwPiPWcECiC5-odC8nFhV4tcjDMWh9m9esAmkgZiulnNfYmODnyGur7eTpk5fjx0KF1NVC84sJikTft3kYIejwPJT0WX3xW38jAmYB6W5SSOFZvcfgX4MpnshtWVAv92PQuzIMq75xtEsvUj-Y991sUnCNI7BEdyW7jkJP2ZG3URALWPLGR2KQpdYaiqR-ZulDOWqskLfTAIhOdbthUCN69e9fubeGh_mUd8qj5H8uXlkmdgnvEm61xqJhOeyFvdLfJpYx7vs6PkYYR_54JBgXt6Y6U-eSKk3-OQS78u8p9azpTcuVrcWJRYflnEeacXmG6dcMTD3R8jrauKETDg4r39Tfxha8SeMRsubpW_EYHFrg0W-0v8BBLo7xnYxlgp9biEKphT2bBlolt9z__gtXKayYWyeD4LNgjALRsjv3w3NeltJ0sBz4u3n6TlUhQuV64b5c1jXtNIdxnWUR5IlsaT0F3lWceKogeL8nkLbKMAsVEmFUAexzTO4pecXB4SqG6kWJ1o0injsw-K5-2QmwCD0M73km5lA5-nHixO-vrGGLmPmIfww8Imd1q8218Zac0JfFJ6-bgt45okvcgZx_PWhxhsnc20_Za7wef5eJjrlTvG-QZTZGantPTSuwYqxlBse3Rg6BBmzdZ7X-C5_K72xoi1iEP6vSrPUF-YKrfHKWVFJ-M0xz8omNwSnf95vs1z5o7K4y96bm5VSYBNZIDRBO3TrekBCXi_EwPFoPrRLtWtPzp-ESW-K5NOXktRDLxAjn4X6q4JmoIHLaCOv8nBp25Fqq-5y0QyvArUBE4E5sAj5oqrfxpsyo-wc0UOmVruwO14-ovIq95wOr7wje2kYWwuvB5H-LKsVP8xu_1JOgftiyYkA8fjEQ2mHGsxFkfZhO5C6U-rsoPg2qyQePlgPDEEcMdJl6a96xeH7Nsb7rnZ-ox_7s8krradSu7R4to4G-cNEB8Q6lY0qBgvtksqVe4b2OTU6KVyBc8qyHBPFCPyU_vooWcfHkuDWVRwERQdZvJ2eCK_ncmUmvXsq3dwKc3dcFkyLW9mvdaYCCI_62R7KTrwGza7BTnb7Yh0oCGqilqcC5tsS0Nlu2_rOGa8ptR5Ug4DrJkjnkE29OtutGDq5OUKM8BpBvkX4TaKJd3O31Sa1dfmPRLCUxXYREsQZPPwzT8k7lHpzfN24RGKbuo67kmrTWs_y3A7qr_NJJK1P7IMZFDzGViP2r-dNcWxeWwnngRM4GEAHo=
Nuremberg,41288,2,Germany,2027-01-15,Friday,06:45:00,reggel,2027-01-17,Sunday,22:00:00,este,1,1,NUE,https://www.kiwi.com/deep?affilid=mihalymisroriflights&currency=HUF&flightsId=0b77557e516100004fa5b43d_0%7C557e1254516100009119fddc_0%7C125417605163000081088e58_0%7C17600b7751640000a96a5a95_0&from=BUD&lang=en&passengers=1&to=NUE&booking_token=H_u3SR-nVveSVtYJcUCRclEqLtKou7BWQUi0AkAeEHazQ6bTAoFUjVvWj9i-DSeW3q2XjYUXVpsuRKVVz98SYYBxgXkd0z662KillfY7C_WB_H8c4_azURYHWBwAOqkmet2mCoC1hrX10QHEViWD6aUYUNRpDV7Y_oHNopgbe4EQTMhIu70K_jgLaf2C2ElH7YYq_hhkVAXpg7Cf1cp4cw88AMANdniToNxsDUiWOvwz_-SqisFj2MkCcYY8Al6gltG3f-r1PaOszKuxeh4ST09doi1MXYxQqeVVK6GVzloNPIFCjZ6GB49it0o2KBh-sIboFaEgGabXmw3Ut6JjoeQdcqu9Q42HnoGO0YJtiihZSHdyGvKwQ5BCxgHjjoyTCZIgyGXHX31cXcpDK_Qj_iMYLsj3RkKZkvD0Kz4Oy1Dri5_evMO2S9pIrBdy4rZ4WtqXWvYhTdTRDo7UB9WQd_vXk3l9IRXnqirhnxwlk7puZqNwNVJxVh3FmsEbzGX42aW_ZMQTSAiN9fxT3_43DT2RLKpDKe9O2I4eu3_AgcKs-IdY-3TQjC588INtJbjq0ZmuY7S40yzslaHySRepNA0gNTTP0NNAT4DdvV_5cQbKDREIdhv9TV1k9VLnIqOyBTp2XqE7ZukYU6EEj-dytf0wJfFo122heyrVLZm6edVNvqPe-aBZBr4Dvkab8R5Ty_HONf0Fn02GNf8a82bvVUe-KwybEnx3sxXLOJHhuohrHs1UmM661WaZDTO2nF48XJMSgXfqiC7p7USs-jbuxxAzxqtd7p4WXmNcMLJgWkUgJYbuecvQKiA-N5jf_BNmkMRyyx2YXB6TFcSbKhvaaXjzd5Ay6Z6XVpO5D66wCjhKSkL2L9yCmw9tBDRtu56XOanCNQDEbbGTbGD0G5VcY5hEISBnxTBODXpSloBbfLAQPYStj-9qeIz4ADFLfbeNWpjnmcgbc4ZzwFc_n1r8e_7zPb5HFSmBkOsnluMbAnJklio_uTz4KueJYmUeqb6liUKorbpdZCL4nJC87wucEFjfddOsoM-iVTqZ1ll0U4RmC1frlvUkFisnnqrBdjXsAsIiAX39GyoA5O9SFDERjK_ohK-yhEehKlX2IteqEVVaeMFndYOrH1XsCa8WsiVCp91oA9MPFQcXinvztUCndr_rTpnvey8JvcN5Ruw3YnDP2GkgiHACmDnzM7JoVXX_xPtdxVmTYefJFnK5Zai77noc7lRPHkhLLuL2St4g9huiSBc2wHQEXju5IIw0WInJwd1vLvqb9L28ouTS_YvR5w5lIPiGrAtCpbRhCBlSxoY_Na_5Qzmd7BiFV7iPUZAOP
Katowice,41303,5,Poland,2027-02-05,Friday,06:20:00,reggel,2027-02-10,Wednesday,05:45:00,reggel,1,1,KTW,https://www.kiwi.com/deep?affilid=mihalymisroriflights&currency=HUF&flightsId=0b7720ef517600000dba172a_0%7C20ef24ba51760000d58aa3f0_0%7C24ba0a66517b0000e6bb00cc_0%7C0a660b77517b00002c7d8893_0&from=BUD&lang=en&passengers=1&to=KTW&booking_token=HeHLer3lmHJB3rXzffBZEY0T3RoTgaRtzHDeP_BFe6GHKRwNeVNNY06NFoaumq7ukRIJ375FtJkPMkjKFu5q1tXdGyBwX7fxZnA85XAm804FppNKywZNamSavm-BOGazTkmF3D6SPd1ndNF0cR2iAOPjX38bic1wnFIq43uvM462jvhD8cTfe0yU2qUT-P6_3Sccsyery13O-fADdvhCP4ZxFendasU6dCNra8lM-uSNkZT_SNrwiFqNVGlkcL-Rueg1C3Xy3jYMiyzDBT66pyWf_Gfg2kuMZiCF8HvCSpTlPHkq4av2IhQaBT1CDvdo6XEH05N79jr98XX-d7DNpkcy2sdH47syshBGL5hgqN842EcORI7BtHft52BFDW1Lj_Xc1hv9eehQdT6ySoOK08letysXqB_zSS9tpgjM1DWzx-6Qz5p58Kgka0ThdXNRykyf3Eb3G-YMy4JhjwsW8K-qdjeIZjuuSjFmnoLp1p6l0NYgB7NK3tj4C05kHAAwiP1rBIXgXlSjtlzM-38tNDH89nvighC2AG0GK7wo9jnqRPzhgCrk0XncyNKcYqde8UW3dCQ11-vwN8P8kxfduBLzkXOnZv0remSbW-HHktBzzfr_Nk72vIUiacjSx4xezCP4kxnHgjKunm4cBoeY3cAKP9PYXwB5-pp__w3ishOtCipOtI-eNPiryZkYoesPK-m5AGZWeONoXRJWW8HTVHNdHqN7hbCKEffUbBVyxbEyN6FCI7iqIVUCz2lInQpnZj1X_N25onLzuFR7K2GNPYuG5jOf7vsJjApMav0HP70nxbORepabA1rb9b_tm01z9jJa4saQREEGJFoZIG9LtPEeI1JAfL131wyy1zVQxLyVUMcHqrV-Ram8dDWD_TJk_gXVsBd3FIEbHbuni4tn_f7w2DN7yFBb1XAx5ja0vw_9A1n2eh_el_9u_UMov-IPIYuFOyUeVQye8jB0pEw_1QPwja5nOnfKc-Um1Ljeknfg55-sU2yxdkf3L1ArxNhEheUzVRXPa2ofOIIjJpioUyxhuQcBBK7u8XtHSTzP-ejgT19ApzYQhAV5lD8RJ3qKBcBO2dEER5iQroErJLCqndEw_53m3jOYBdxyAaO6S1TqmUitKb1qcDvdAHhl9sWwF6Lc3n6dRbiydlLgAqSQPU-AMktifgnjsqczPfAG26VxvieQ_Rw5yO0hOZPLDfC1bRAFBDh6wzX0PH-EnyvAXaMXcMyOCarMJ4ZZxkmAa-A5ZI1P1jroQJVgHa7Vyi6753NXzW2_wBwAetsmvH3ttBDBbkc1NEepxVrGQgV1e7Fek11JUok29hxl2hUFdMdsSLj1_6C7ZL9DvjbBwg0jpfQ==
Varna,41337,5,Bulgaria,2026-11-12,Thursday,19:00:00,este,2026-11-18,Wednesday,09:35:00,reggel,1,1,VAR,https://www.kiwi.com/deep?affilid=mihalymisroriflights&currency=HUF&flightsId=0b770f0c5121000060143eae_0%7C0f0c1ecc51220000d482dbf2_0%7C1ecc0f0c5127000092383683_0%7C0f0c0b7751270000e590c1f7_0&from=BUD&lang=en&passengers=1&to=VAR&booking_token=H40yFnuGb5_-lOzDS_XKKwg0CbqlplD_70OJQJUO97A6YtI2po7Oua4HgKmxVFPQ4_CRwpG-ERR9yz69ns70kZ676vTZSEP5EInXXvLTUqREY-YaSOjxwZ40cDT_EIiiBBR0u9Ag0FXjWR6EM4dft4R3unjOsF2PUeGxicAKp74vsR3oSOS761iP0MI8AxJHPP9f75x9Wj4IcUV_5LEUEdXLGqa4M97aYMQet36kPdKYzUoPE8hULpAFNMtxbKplI1Q3EbTlLXGHqA0W9N3m4eoakhHi0yC7SfNd1JEQHMX0IO3ZfSRlH-6902aLtKISqgw0M-faNOVlRV60yWgE0PeCx4vD2_pQi_2M7gxgWOxKzD9b4yaASczR7NNq8NL4YjBFx4z0neH7StI_7Ea02Mm6j5gkwgGcrLThWafm4khW4M-bvmAdTE9sObWL9FHjilUQCtX2_ia1wRSf86eOImmleoF5S2aKoGmiDvZhhyHeJ2yZyqCLcnEy7G_X2KtnAWwCY9OSmg6l7aoV4lQGHwKlJcRe8Zv0r0ZDe6AY6VJm6es8N9-dQJcIuxHN1AVtPBbu8P1HFUADkbmN-CfH7OAVNymmtJ--mo1AJWGnNMsTRZ4t27--7AbQ7eJcCEXb77L-ZI2YCQAkoPDBiyCKJtntEUjPJ8dLMlRs1yXOKjpuP1JVXiq-1dg85GQH8ZRJbr6hpY0ICHbrdxNqRIPNRePtBZdIT0Pupxr9eIjBr6QZcrMJe1MFbfoMIad9HnpaXSlwsISaeEBMS9SgTE5x7wyhvGHVmUN_CkFrD6hcR0sBW5xg1GvCDuHSb4IDBETg3vxaaUBuTce0VyLBjCAnQmPOTRX-2Caey7dH9yfz5dUyNNnHIL9sXzqIYcb2PIybLqMscLW29BjlyOegbNn2CQc5lG2WEex9_wB4FhxU28kQtCdsum3bzb2XJTkGntLbb-g63ZRQ8cDStB0I-1DvuFs5wdH_Xr0fGTUrmwW9DcEHAZxfESJZg21ThNFMvW8vuS_OfS5BgoM8xSDHZE2qnUSNaKXxG7B0A3y79xBKjvf3HkzzRAZI_POz8DbEDj4Irstrwg5NHMTwvi0UdpyTBNVF-6H-IMgPKzF-QGvwHT4fzKLZjFIZZ9gTo8a2ZVoIGoeUyvYpYPfrdjLSxDIpmYDx2JnQAlCqfvaZYya_dQP9pMxYBHN5tTB6KrDTLtTx4w4AYc9XsyJaa_WyzfZiUBpUkB0UBILNd5QZGnOwnUHN3i66-yv7PnjXQgVY5YebyLTRO8exu1olx1xKf5zGit1FiSfLAt5OkcqGJ9o38mMcy8TcPPW_RLeppVaCqu6_4
Santiago de Compostela,41341,6,Spain,2026-11-18,Wednesday,08:25:00,reggel,2026-11-24,Tuesday,11:45:00,napközben,2,1,SCQ,https://www.kiwi.com/deep?affilid=mihalymisroriflights&currency=HUF&flightsId=0b7707f0512700009a6a6b29_0%7C07f00bce5127000034457f4c_0%7C0bce1ee2512700000ff18950_0%7C1ee20a22512d00001f65574f_0%7C0a220b77512d00007f237de2_0&from=BUD&lang=en&passengers=1&to=SCQ&booking_token=HNzAmCvGD8ZxI6M0akXwAsbIAVKcKIbqoCWCujrTVVAYC6goYPq3Iug9Cmlpyjv2hAljEDKhWdQdCck7PUbqEU5ElXjE6GUT4zHlu8tnhvkUT0BZ85IxXfKXSQz161SwPeAqlMslan3VMKiL7I3rEY7hEMf30HeIPF7iFo_AljXgN2p6bI16_-FncykwlOVmX0h3q5yq705grigktLNIieCVTjZ8c7uoF29-oUf-U6P7Pa5oSB5Dn4E0CUR7c_iiQwh_LpPUkdIqkeaSxktF9zNgMkwZbL9e7WJzyWVdFWEi6ahU8C0A7P3e37LJ7hEF5I-6ES-5721JllrTWeSovdZK4MdcS_Zjml1Hr6IHo7CTrrnDgR7exY52p6far9Qwf-6bLaWwTcLNVNyer7I9wxRknNSAWg137wMqB7Aqj68LPXCL5-797gofMzRYcDRII4a-NkrO0fdH0B87aMPrdyV35Y5xSbshe5DXMtxzR8err3EM7eRgUnIiB5tx36c9joseU-wKkIdrdSrj40jXRzYYJ_Y1Ho_Raim_7Kx_7HBWrtUW1Ufr1JxWrmLK5yJYLDbskMMzlu7BBRuBMJr7tza6B162zYPJ2XtzwqV8pXSyTNmnggssD3HqzlL5v93fLFNDGnIscvzZFzi5FP0oXhnbE2D7LqF_K5AUDbrU7exoFwnmGzVbxy3swyhCzrPThKZNogJ_xap3qiYUGxdlcFfi6zRUEs6HfMkmdDjMs50apxgIXqbA9kdZ-r1v8Vuhh8U50bAGilec4kzXTEGCI5Y9TCAowSFuuwiu3xk3BwaLr3rIMYyhT6TTEuVx3m4Lbb5N9oi5Ox0aRJR98Ox4epzqZ52IvEdrblzw1H3_D4MT79oqjlCtYyOIqNW6kxeTul2reptAQFpaorkyUs-xRPHb-nPRcUOrZnjvbxzOVT5uSO07la9XcoXr0R3u2Tve5VCCMn824ra14wMYFyc7qAFbKAzdk0rW7tUW6ah7B9yc6Vw-aOApySPcpj5eulURRE_OPpZYzEiA5eJ47xxknknWznFEPcUY9ILegj3oSI-gr-nvJ4czFCY9KZCBxLQrbpTYbRaK0rLyHNMzb_Z3h3lAoeUVIqvm1fdDN0Qlry0nbs5eXf3B2IDii7b_g5Y5CEyQdGsW2i7acJS5MzNM2AvQQQk_O2TD7BET2ecBm7RlesksM_lzI7QCZUeHljNye8z9Vo-PdBPrP3VHb34gM5y4TBarSckpQQ1i7U8jtgzriHxSNfMwOrUj2KRVIvBlVbisEGed0eqCOLV39Jt1spzUMoRecA85tVIM5tBp1XCVXuPWRIfVKi0j0oAQEu7p3NZlRt2bU3cv1aD_t_10SLcgl3BITK-GprxIS-wLfSKTD_JHgTGfQc1FrJENmpW8ZNbM6xRHn_VB4myCWAELSHyuSWTUHy733n9IlBpzvwP8=
Varna,41349,7,Bulgaria,2026-11-10,Tuesday,19:00:00,este,2026-11-18,Wednesday,09:35:00,reggel,1,1,VAR,https://www.kiwi.com/deep?affilid=mihalymisroriflights&currency=HUF&flightsId=0b770f0c511f0000357d80b9_0%7C0f0c1ecc512000006d81eae2_0%7C1ecc0f0c5127000092383683_0%7C0f0c0b7751270000e590c1f7_0&from=BUD&lang=en&passengers=1&to=VAR&booking_token=HJRltWONVg4Z2hzPxEzteDPo6P5aTG3LugzyYG5vhkeriXKGrLKWwD-7Fpfk5F-iJInlEQTXbtdITRk6kShpM4P4xgywDJL1jqpcqyBBKLwf_wwCWvH_z0ruDUkaRIRROMJIdIz2Zm8d13wqH9pAUvareSKeIWGhke_tczWT6HVQ_-_7dwQw9X_opRTsTcwavsOOYPseEHbh--7VebaKKK4v-QdI4lO2LkD8GItabzcQLS_rE1jdbmoAicMqNEJ8qBMlgDrhL_8mWMIPFs18eKWfHiIHxQr9OVL2_7vmHa5Av7Tg9V76GdV0clGvgGMpgMMAyF63PJc-wcwN6AMEDVnOy1o401w2_LE18G4LZDHsxKq4yRreeoHkMEi6PLI3JtV_p4Fs4HGI78OdaOtM7MGZv0eQ6PEMLX_3Fw64tWV93Mxex8rXKfLp7m375_0UdJXCjBdzMAPtW8HMTvNwvLNOhUdQ8kaw-INZRfqATAZEj1HD5NGI7ZClLIEfgKyEtSknDiZBHXykofp0pLTZiWKeKZl5rf4YbBG4LHoSNtLOgww2RwxXXM3ZGfn8ipAIcJpqwkQnRqml1dUPK50eMoXDlRPra9zy8xyoJ01IQYXT8Vo-oZa2DwYzlJgyUTAMIDkQVltnxN6KM4CAhdlSDXNnhuEiYEkfiw1RpUlJRDDF3YWCP7W83xsf5s4DVDZyM1MnADlplNz4byU-hUu9ZbvTDewBAjrRtwqCmts4_XxXCBilJz4Yp7e0dk22WPq0eJLse1wb4ArXCvG8AAkM6leu5dxqpogmD5SmaB3sT8AvUcQbpxV7tPYrI58Gzcxg4CfezWl3etJU7elSzS5qKKNAip7d7NLZh1L6BFCd5NBpn-YnQbfJTyLPm478x_WwcEqQPyzBNF-YXFbmx5hHRoItNfT7QrZBFOkapiIIURXm3p66H7kpHLe-r8Zrl0R-AeL6PMdXbH7W-w-rH6w7qW_afCplPNp0rw7WJ8N4d7IJrQGjgnBMeV-cMNkxLSXtOB1JAbuWb13ibt7P0d78Jal7XHxw9VU1wFrBaBtg6ZRXLUtA1dC5hfB0bDOlyr4kJOLzc95uR8l9GjKEVCuwX8d2y1wGBne5tDs83ovWIulh866TvcoeU_GzOulWWcMjPJ6TEqopFhivsWvk5vQ6vv9PrjM1g3QbdGuK_Fewxmezb9iSCWgSJ2AymkeehGtfBf1j0DJ43tcAJFh-21vjglgOX8eNplvSDY7JIlA3QL9mFxylymllCuD_kmWhOfdYhXz4uixvKyOhBGDuy9m47_ipe4bZEo-KkTk5MZO1PglvLqRpKjJ3NANNweC2RzRKJ
Trondheim,41405,4,Norway,2027-01-14,Thursday,12:10:00,napközben,2027-01-18,Monday,07:15:00,reggel,1,1,TRD,https://www.kiwi.com/deep?affilid=mihalymisroriflights&currency=HUF&flightsId=0b7707e551600000fb54c5e4_0%7C0b7707e551600000fb54c5e4_1%7C07e50b77516400001b713380_0%7C07e50b77516400001b713380_1&from=BUD&lang=en&passengers=1&to=TRD&booking_token=HRQY9gP-0mVFpE5PCNAdTNzxjZ8XmEG1jROV65icNaH-Pxa0m6sybWKQIC3FpOQywQHQ_0wvxXNE2D35WDf_V-7XN71dHvoYODM4irfOW0PeXsOHB77MesQs2aIlbFJiLTxvEI8-rBjyvme7V6BrviIq3BCTySUrKzzTeZZUAtTvfM7ZwKnIDScwwL8HOv5EX3eUnBvS07VeUGiEBvHBorUkEb6Jws-TCRt8vfk1G8XAbrK52G33Ii45KUG_CwH2HuqOPJqsxDIqDKo1O3JkXQ03Anqpmar3i0Rvt1EtTKqQaS1z1eMJNFNPHKRfIuzdAqHDkNdrsXs2PVRmcApr9VKhZifg5DflIHiA3SyAKQ8PiXr1kxhIw1c8yOd8wv6Nx14BUBLeBHhdT-R9DDwEE0J2wka_jE0_5hb74VRovq41KeqG6qvayvQjyQwosKSyvWQ2Ql1IHtWP-4hqGbdhxEcIMFuTEdK_sQleFtP_rXYH5yjgTO2JeWxm92cE6WaEdo3AyS6z4LEGCU55-PgustmTfbr_6NlHildjdhh6SG8rvzoUYCvcAI7ZrA12A6DHDRrOchBIKIBC2OhIRmq3-FA6W9FVSDE3SR6Q2xp34X62FTCXsS4wz8tBn4aZVM_CJVrKoR0NMmPn8272SNZ9xkekejv9cfbtUUuqdt-FgMYmjtF-qe8SomffK0faAqNEMeOjsKZN3XWyqKyfxspcc4o_afr9hQcBybYAMCUEPk_l50uQA0cNU6_FAexdlVEpO90gqk3_kJmn_RjqKOvQzhAc_1Oy1f2L7_NevRPYOhvmBLaK3lVX69UKDlrB3VxnClNe8uz_Rue7wz2LlJ1Bpdz-P4_CgcMwOlc56Bx2chOHi97yfBeCQo_7XiIBlpXd4czqbNPmhq25IIsCoTXawakYuyxr_QDg-tu9xlQMgvP9_AsZS2Go7De_443K0q7MwFdPdsRrV_LrhxUxEUOvlvDXPnoqIW5VVhGhmeSVIeXTduo9U4Qwqtfyp-7lvPJDJyA3U1CY-_p_m9DqNktVP3UXu8yC0IfZ7D37qLhsj2dXA8mW8Lundp4Ddk4hfAFIIM-JkuJvRExuuHoRtpG3hFfWZUTQbqL2ZyF94rUpKa_RLniVHNoLiWQb0kzGNByaCCFuZb8icn6O-kxH3E07HEx0pxk_ae8MbSrZ3TilnglsOjgEOr2yrcUvljjfvlOSMd0NCWU2F4ARQgK1AmYVu3FcC1Gi5SI83G8hgADFHjdo=
Narvik,41500,2,Norway,2027-01-15,Friday,12:10:00,napközben,2027-01-18,Monday,06:15:00,reggel,1,1,EVE,https://www.kiwi.com/deep?affilid=mihalymisroriflights&currency=HUF&flightsId=0b770a2f516151648393c420_0%7C0b770a2f516151648393c420_1%7C0b770a2f516151648393c420_2%7C0b770a2f516151648393c420_3&from=BUD&lang=en&passengers=1&to=EVE&booking_token=H4kAq_tEoZ9Rur1sVFcYghUKb5LM6ugBdRS37uKNw_b8kKUGMOutTyUYoYfIpBy1BVP2GVm8Gif2ok0ktijXqqiWdJ6cH0bt-5fg6eMxuF2Btalui4N_3QHn6OYRt-7f3BwxnxZq0ILmz7Aj4gXMRuhr9CFl9qMqHGV6W6p1IfQWmuoCTwUlzFyVayKz_9B80jTuR6FO2himRbE8XiHYJcLOMH-zVAzgCd_BvmIl8FII1ct7M0_JB1JoYvCjmqvR3HN2vdRAsCALkLZqImWmMDRwA1J5aLELSXezVxrpR4GPwnO4EgslREYFqbUO7zKpF2IjlYg3CV9U0OQoQPLFELpWHPJ9x2oGD0NFp-0tbxbkjOYQYl1Apl79XsHLCiFVhLfDF2ujRwBdnN9wdKwpyqltH_96hIdwMXPefb-YFuoYbmt6faA16ntTML2aaz0xIn9YfniMC8ErcMsPuIshVSxXEZbrr4njtTuBqRh80EZ8i1JkvCHfYrdYuB-pE9H-Oal2_760qG6lFVt-Q0xxvoNFtXOUNr9gRR0FbTovp7Bqwd4iid7bOnWBvqDCCzlDIjxdN8Fkls6DFleOI-g5oaHbek9BVCq8zhymLTuHEdWQXX4GdDCuLawmwrsblk2BaAWacLOs3XkNReVVah-Mx-FQcNcei_iylU4LtZbLk2ZBwY0IAtS2J3Cv4rKLE6BTJgwaTnqDsVN6mCUro58EmpP6k2dwMzqt1-zG4YZDrIx7LdJM60Mbsg3VzMob8T5dWY_2rfjagOLr_n9-jFtUHkLlAfYnO7hDtMbCa3SXtRaY01Di6fngpFYCGtzUSQR_JbEPXY1CMS9pSTu5sYNg1Yo2oxt6QWrNIQ1Cytk9tG2w8ezUClUE8wjKvod0JbYWumOX0ii0Ju4W2MWaewFpXrrV1gYKvaMs8U48gzFcc2FyptEvrEGEaz6wYzNhS8M6I4XOaNrohwqc2zqcp-UmXANwBox6JqDlvv0jUwYDse3_GcWYJv5njDBG0AbMXaHwEBplObxrowTOD29GsFL4IwOQ4FaVGQ0gQzi4e3nT5rGSxMrVSWTHfvMjz7-q2oTvYiI8dW7GSJ0_B95VGA44iySvKvAudvKXXemfeiwFI3YZuGh-vvtZEp20mu46q7ITbZ32uycbzt-gbE_uwgftHPA==
Nuremberg,41545,6,Germany,2027-03-15,Monday,06:45:00,reggel,2027-03-21,Sunday,22:00:00,este,1,1,NUE,https://www.kiwi.com/deep?affilid=mihalymisroriflights&currency=HUF&flightsId=0b77557e519c00003242b88a_0%7C557e1254519c0000ecfef16b_0%7C1254176051a20000c8e651fc_0%7C17600b7751a30000f353c5c5_0&from=BUD&lang=en&passengers=1&to=NUE&booking_token=HONFCZNP22FivuvuWbZukU-UGjr_Rl4uEuL8pYZgBTZf7SMoP-2lP2psCxZdyOqFrf2XD46quFlQRNYq7eFcRCZXkPtck0IW18lDSmcZ9OFPIS_qbCq2G6IOkhA225TW1Hx1b4G2bR3flf1D1Pcq0Kw9bXpLvEwRn_UD2PUH_mUsPevZB_U62801BmNRc-U37DyrauJZ1xGfj7hxP5FQ9Kwbdl657Ot2anMaEgv0BzmhNixCuMuG_7DToi-GfAFbBDP_9EAeRmcG3knsCIupaf2L2mVra3HHdLPes_dan8Yhrtno7dV5i5bQkVBlCN7WgEW-3rGixfJUhvSlmAVwmTGZNLKlhr0DyIef2PdLHhULeZOz4NYW9wda_KgGGQ_VpZgx2eBO8Ofw2m2WRWsdNC-iZk0apbfJFCPAQGp0SvqsnP5jCV8iIxULFHN4qzu3JaVIONsotoVX3VLkgrA0iVPdhBIf5hYFtkdL0e_1DbTMXFSBr1EQXyVo3uqC9V5iWmbrPF3hun4J-WNThqiTvf-iA8k2EU6BRt1Dv2og30Q-EyCzAuRVKngmK-s0ZFgulpvX1eI6HpBk1n41uNBxIBtpcgCHCq238EmDPO0TS79Mgsd0LKl9IZ-aAD_Ib2VSW1frbSIdxtow1ivmDk3u_FcRqlCFTXIvn-wtoODk6-JCDbrtnyyrl022_4RkWgvoES2QGQ9qqTjyZTPXKZ77q0gxGwFYoVhKPqHDBnM3vxSqLhksIoGyMDeFhrak5gDHAl95nh7UBADmICBRYz86iViMWL-gGFb6OFjPbGOJbtHRIIunXszia69Rtxaq0snGU5Oy_7MxSsVNlKghkE4-fstrnQ8gzBxfPJKJ8haI0KPfRjhGydwdgTZObhzs4XmaKgLRbXIOdNLCCc6ix1Jl5THTMgjDKay6UMaYkBtf9zonz2nvnKRCoXHLghIsVKXWh7M805DaQS4gzxMLd0lMUwXhbCqca-Hmt6fnH7kph0LHYMoOFBfqQGTBj32jBm1yW-KRv71ePe2YZJdiW65ZJm523SdyuOf1Yy2zc4GmgRugbAMiPDuDTVvnGt0ZKTz_QdLgfllNL2OvE8EIDE07y_3j2Xcj2mKpteEmiQsf_6AttWHbunOTl-pW5eCyXKFk8bjSBHTii4TCwIZ3IplTR18dm9J8aTHAC-XDEthcXyzzBfm6cQWclA_IPMMreu_b3EYmY-jwy_0yTnwCszAAfv7zob9WQKk2N2MnLvxqDjwioUHA0NZhFJjq3ybTp5viQAAINtMDGpnRjlvT1IZkcgN2xq5_7VUcCM5q1-yIqSWqJB4fuDyJJUIekX9fPqanMsdkwdJRdkftpvqsmsHvdHvoTVUFDsDVn7b4Jb9vd1bQ=
Riga,41548,7,Latvia,2026-12-24,Thursday,14:20:00,napközben,2026-12-31,Thursday,12:45:00,napközben,0,0,RIX,https://www.kiwi.com/deep?affilid=mihalymisroriflights&currency=HUF&flightsId=0b771777514b0000f573dddf_0%7C17770b775152000048630f9d_0&from=BUD&lang=en&passengers=1&to=RIX&booking_token=HCv_kv1Na1CrBegSS7JifhbpyYYKF9-H9bDmOn7gpLcJzY0KgHnuMninQl5eZI-J5sRy9MbsFBqph3KwLmzIDjG0Hc9kxp2-dtnWftvK-qYU-6fK5hIFhikxeirr1QIgYDQqURl9CZP7RlhZAWGFPM08PCZmSfB0cvzlsRPT9Itl5qTYdSEw184BRbVVmlusoMT_8O_4cX3xWnpUf2kJmzW8A3xXD0mK9CfrwGhaIsutuV9S40L7Xz17p8lA00g-hZFgC1V-5TfCT3wZCwKx3AOjE8vWM9ZztVdtXi0vM_j-NU3DbiVXc_vLwBVDOJkcDYNw7ipb1Msr_BMXtsCHdWMOUJ3rjf95Rd5AC03GkNKCld3qeW7s_Z38leOLjLbdTauBxyy91oLFnoxPFKzzq3wbMec2P_zzV3qDvQAfEnQY2daDDAN8pVYrPRptGNTHTG0uv9hElCSj6U8akH7sKqu8gKZ7Z0iM8CF97zX6K2WI1cwISV454Dvi7tQZsplKsEdoYHYcKOKQcWzChaJE0J4ExJoF931WuGpkr7818xKtxwibuzxjv_PI_-nnnwWNwAwzofFmMkerETUJiZtKGZcYVBncbtIb9jbI3rCBdq3gowORUChbcE3r88QmkaoP_sxwlsGRiMp9eH0a1znmKJ5EFZ73UecPX6jowgLOJBPINSESU1Kq-uxfHBv-oJqc1vMS6Ugy2YT22CaWQ3B-5IaK0cCZr7-SM-PvVqLSYQQF5H7SP6zmV38Yxq9ac7EH9Y42QB8D7lVPOheBEUZH28be6ZgjaCkB-hxW4RHcHdXkeMO5nS0mpS5bxl1oKOlxmOL5iMfDaeqhu8v8zNQa5wFnsl7zRnv4nWpfGPEOhK9_DBl2D5KUjl7NlnAQymufcndFEo4LBjep68AdK7YSKqXf_pSVGJ0E59jI7GJF3IW2TgFyPma6e9DA3zEGnMVeegvzlWRZg2tyC_QNGM62mBt6wYuUF3phoXLI0rD7h5YLSCc2LKHiRU_LPxOy19yNFtyg0NMZkZmq1Kcu9lJipWiZ3Y-FXmtcaxkGSyfUIBlgatp9Es7mALzr7O37p7REGtG-6rpuhof81eZQ_U1tCTVQ7FsqEgc4YvQ-WI4sxPioFMRq2vDan8_6BBUfv7GBWMWyMMVDR_q7uCWiiKazvvXu3jZ8-A-eoykheancNrWOHDFznaw0kzbOFAPzMGTVX
Riga,41548,7,Latvia,2026-12-10,Thursday,14:20:00,napközben,2026-12-17,Thursday,12:45:00,napközben,0,0,RIX,https://www.kiwi.com/deep?affilid=mihalymisroriflights&currency=HUF&flightsId=0b771777513d00006409c81a_0%7C17770b77514400003c5a1b36_0&from=BUD&lang=en&passengers=1&to=RIX&booking_token=HxseYAsYNGomvBKvPM68c9D-WvFur3-YyRqaIXufcr8tRFQvO-KhEXwYz9khde59kRB4Y6H5b0wc7AAjGmAFayMIcbeqqzZZ2aO9a1noPSp4F_TYcTt17zUsCcofo_of-NY_ffmvqkDOimUMVoob4mb2REsSDa8--Q_FhW7EjV5YgsU96-4nP6ZcAANZOTk9jgEEcs1bHPUST2X7Jr-xeUPrwEZ-l6lX43hyIicOFEDfarG1yjOzMPc8aME2_lTEqomGroUULQa5LIm1L93Xg58b3eAhPSqSRMSAV3lbDypJNwNZfUg4KjGLvqOjPndkcjwMioWDftQJLj_aOrug3XJnbawh_y3puIMhfuX1CClglfoF-pv89aOPGqbWIjF4BibGEFAosANH_UfiH9hBMqFUid_6I0dZc8iyaeJZcFYAIX8Kaes6cTYcE1SXOF4KnYrEryqS7B51MuIRKXsI4ALe8R2HQckCUJ0TuAM3Jv3Zlg5qiPVo39O0FWoZcbmSXLLLQhbq3zdk64yu22ogNPafvcPLMG-DPs7SbIJnBfH7cPpqzaickIhhBO725JQxfYjSYyn62kcejjD1ei9_UC23mmQbAN1lIiT6wz0gOY6763YlZiqZkEQZXDyfzcQA1PItYVL50zsZtXkCgvaVgwGL2qSMFQ3sID2QiOj1VzxfbnzmEkSQ48P2mz-PBIpPzitiqZahR_W6_4mmonoNtKPF-EAA83DZn-b_fbliNE7IpAdVj-jNkGC0O_E6SbbHYBvwb26LCOw57RgKnLA0wctml5mZPC5fU9T92Lah2quIE0L9tjfaAQINPyhIPgFDScND03egviQxFO7_7ZQbTqXXGkm-QB4GEbi43DspSe1Yz_DgS5kBpSV45zPGCudV7xugBeDzIFkjN7Mv7PxPxDhx6ECdqNoek7TOLShJ4eYmNCdEvlgsNg9n9yn0c8chg46586VyIvNkQcEfaS_GxaGLKDk0iHfdHJNvWbGeQHs1tAEwBTJxs1qDCid07mwSjaURQSxos5NdSM6c28a2K8yf5dw_55x5reO7_UKVNQug34VYLz7kSu1UwzktDAAxhtzpo_EE9KuRTuMuHCN3JXx1jLCSPTXu5Ww-ldGCANpHDitYii8Dmm_eBHWnmM3pKplyabPSrV5_F9xn2BqfK9JickIxJlO8J4qJr-avM2ulq6E9I_5Q6hl4gWy-Boq0nran_qtXldzCUvnTFyp7XpA==
Riga,41548,7,Latvia,2026-11-26,Thursday,14:20:00,napközben,2026-12-03,Thursday,12:45:00,napközben,0,0,RIX,https://www.kiwi.com/deep?affilid=mihalymisroriflights&currency=HUF&flightsId=0b771777512f0000b275fdbd_0%7C17770b77513600002418baad_0&from=BUD&lang=en&passengers=1&to=RIX&booking_token=HEwOUZqkcfg45pUuLejjkqnVT6V9O2RH8rVOotzjBFPdK1_Jlofr9fpjFuTD2-7GqlEczIvGkjenf0bU95fMjQXRpjJgX1QoEbp0dpCWWec7PGdivfZyYD6OLeCDasDj-XtNxT3Nrf-CqiqTXz3NIBl6aGlh-ZNwk2IRxKFl6I3UzwXmYFl88GlfvN6-toDxA1moRCPIuVeH0iCo4tnrWVfrLVhvoxaCFVaim0hgWr5pTi8NH-JjXg0CWi8ta9AL3-AOWp-ivJxpyNQam6TFlf6wtDZkCHhniXkciAhQbXYRUultq5u-u4oViTqRHCVqXxxXUrX1T0WRB-20gRXMWWrY2r5ozPr0A2WRFlm6y0Ic9ZJ-ZtHa5YGvj-WQr41ELP4WWI74KMJ6zjIpeXYsKKfpF2LpZk9IX_skSvlYeRdM50WZu65SYl4Vn_VzmMKI38Og32a6Ct3NHnvvQl1lGDrQYl4ZmJ3E6MK84l1EUOZW9iLFTkL-YOLuzji7AIhXtZa5xHyPYk0UfpZtOk6RxgytsDm4Kb--bTFtF4er930W8BaNGeBVYSsDyim1KHhhHDxprMm5ExjZ-F1ZP9zyR53ga8Y_Aigjx2Zu9mbYrQbBxvIYxcYAh0GAj-w-iudfp6FL9Pj4_NQg9nGxk8bdom7w5hbTztnpJfQwg32CC01YWJu9puU4TMnf8EG35TIGIkjl73cxTfiWV_PZ0NDY2fV0eJ0Pec-wFObgY2mf1ZyskSN4DSmn_DpypsGHsxOYPDFR0LTIGtMRxNnNPU6LFY-hz4lwE6fsIgCxt-_83xcvVlUCmDfWwffS8XO_BM05-K8urJhPM6E61QAmQGwlTM5S33lWlsNXoMU0ih8-vHU5YqNiOvHECu5S4hm8vezdK-wu8KhDlVWrddCirU77Z-lOIgBYLx5oK9H0hlYAQFgHbviMaS7dvSacJs6R1hDLnCkdOzLPrYSs9uumkoS0Qk_E4WY1XUEm4BdPBbiaEHj1RXEPw-2F5_1NgGwSYKXPa7P9yUNuxNkNf7hbw-YkA_w0UqphUZrHIc6msfCwJIrvWRPg3NSkmLNaCKl538QPM2Er587AzCwX7Rcs7VkfgCi5qUgrc8UpVWbidqNPZLah21bFXtQKi6Ib_HeqlnA_TF6nGi_AOHFWBOy1G9Aj2eqIInKtJYLQMwsUowckEsUBIZPAxhlY05LIrMvLO-_Bu
Aberdeen,41562,4,United Kingdom,2026-11-04,Wednesday,17:20:00,este,2026-11-09,Monday,19:35:00,este,1,1,ABZ,https://www.kiwi.com/deep?affilid=mihalymisroriflights&currency=HUF&flightsId=0b77078a51190000c9664fb1_0%7C078a1b6b511a000026b9b9bf_0%7C1b6b18ff511e0000538abef7_0%7C18ff0b77511f0000326e99be_0&from=BUD&lang=en&passengers=1&to=ABZ&booking_token=Hv7whf3jRzL7l7_XT1iVlKplXE902jaWgvNeBbDy-NklspapPkJPiJv_ynsNeFB3Ed7CJJe-523biORMB6Q0d-SIAesFfGAJl66TIZt6otdZIg0ty9YgLNv8EQxM9f0G5FCS2Xet2FM6U2QrUPx_rv76p_hYRabi9PEF0kdE7YBKUqxUS0LcobB3nehNDIK-t7BUyDAbVO0iUaAhaZvzZ4ZkOiB1BWk1OkpDQeczZEluU2rvrfHzdeFmXRx9-5_h3S9hkiL17DhLuP2rcgQ64Dmg-pBxzMhK_6FwrnJtP3TRFNOOIip_jC__PZKQoIS0VHVRoF3Kgk3AcBCSAGXKLgjl-CMD2DsICMVHeLzJ5Q3tFl9ucfrF6e8wImFIlIDaenoUTSNu1CWXpZ2rwbZCWNDS3U6dJPYwkYskzw26Kikxtaiot5ro-9Qcc0liCLSTwTovmzd4_2-az2FYzpBTuP-tnzU_y5_12qg78O4_U4foqEjWbIaccJWBf-Jp9jkR30YgK4FVdKiN-0zfzpK6eFlcNIYqXKChgOe_1t2u9f1HSamqrGB-VcGcRgorO-xTAGRjyGm8YeU8EgjApSaGq8IXhVQ2nQmMTpG15J4yDU56VyfsmsrXeZPEdiVuVo0k66B1sjujY_GYH-IwcIDaLUDTt2cxbpOV51PAG0F9YKVLxgUIW-Q9NfXitmdHQyBRMgPHz99M5SbMg2zf4Wrb6iQnf8a_nIVeC7NA78HYR2Dsrvnhhg-H7-vBDGs8WWBshISeWnQtL7lPG4hLwFHGdmMsC-tn_ljASTfj-ttLUxCvMMDbdW9nbmesskvVSUdaN6VrNwvDLSMPiERfZS82Svi1ZdEGGBZDqwaPauc_mIsns8bN_j6IVVdlqXl4ZsUv82iPn65s3bu1z2QrqNX4bNiIMlY4NVkkSAwWv6WqfmRJFuG8otE5VChhmb99PfroyRgSp3TCvFu_kG7UBkMoIkW3BagSkFNGolJathj5iEJtnPPLEA82f3L5k8NQyRCy3O28d2h6FdUBXkLSgQgdRbf40_PNcVnRcTB_VA8G_frRwVbezJS7LwBjqWK9ewqDKQtfqAVtNEYdYfejYyjQthmhehTN8RpGrmHyqkVu1DHoPEr-OWTPAFusCVjsLXlHZzfPpw4EEx4V3nP7fqOUzB41ihEWPkjJLVHdpnxSG5ZdEystP7yUyyh1X9WqOolwQ3kFKE5HJPB_CIB9Gkti84QBQHibZXKcBJwm2LOUTTFprDsIAOJB-PMuSr01DYOPXToeJfXzdxsJwoA-oX0FMBpNxhBrmWc0TKk1GS0AB4pxI8juyfahjPBawXIUYhNPy6w_SSlS0kqZCXHRphUAL0A==
Narvik,41599,3,Norway,2027-01-15,Friday,12:10:00,napközben,2027-01-18,Monday,06:15:00,reggel,1,1,EVE,https://www.kiwi.com/deep?affilid=mihalymisroriflights&currency=HUF&flightsId=0b770a2f516100000f613b60_0%7C0b770a2f516100000f613b60_1%7C0a2f0b775164000094572ae3_0%7C0a2f0b775164000094572ae3_1&from=BUD&lang=en&passengers=1&to=EVE&booking_token=HCBODWQbw8TdWk0wczMESxfDLklirSbRL4HhAlnLVQtDv4N2U5235wO1tN7cKKesZypNpYu6iYR_zaIYqSdRVzoK9XRLR3mJiCjm_Zx6kFAHc2BKB41BblfjqJdaDy3pmQzpfGsjkcRU-aeU_0M4rimu97S7uabJtCqt-wduwYVZLi9b6MYOzhCgSwP6to_8xTTU5D-T6t3Y0OaYyYLujC_KYub3ngzksuIafS5D79TfgOAiG3f8vqWCYHtKQmGi7R58dan9XtaHPespqUk-2KmfvAK79Lo6AFIntJvSn_XuEgWOUyHY60pTe4lDZRSSIi4KigcqosNwgHY7LvhRO-IgGoZwuK9HRjDnbfo0K4_mftYczLMfxZd3V_Yi81EXhb2R1alIb9RvbzIfpr9lsEb5BhqRFc-ZILlNmgL5--88vyVrOVMjYReP8b8m_q_yIqutypf5ipde_J_hhFZuMgrXJAOSpJDEt2aQ4dYS6iEF8qd6ND80jtHXI0SIEt4RkJmBvtw6L09Ja8YkZkTtCnpNl7vMnAjaphD0SLqOnBl91yqb84xaQOmyvGtv42ukHaJlv31JXjvulOeesEcbr_CLTgTZbKB49jlvAfmwe4pBlqXefOO0r51t94HK6Jip4kffDlVXH9iSctQEGXQFdGyJuf3lflX_BwyJAZ4oFsXCimjsCHgZfaz4M-SxrvqIeH2D9RHz8TQt7qsuTqlV6CNzADjNZ_WVXn1KYT_oFDK7PQkQCtEB9DU457iooib-s9lKMFG6eHYde4fNOqekBxR3smmnllEraqWepVACS75oZk67WA_JzBdjEwaGwNe3KjwTMn-w0P8Finda-83TkIJLUynVY6uEr3F2RdAuqfW_OXPFNKypJNawVEZIANb-laFvXfNEMDESSlYzyRMw5d4vnQPrqAo1JkEuZ-e0quNfA1isOwe5ENbF3Zj__L9xfj6rKhUDpI42dw9GycODBPPqeeFZ6fw0cd7najRTK7jhqGFPM4Sft7GweVNbawI_SxpMG1wUQaYJtyYxA5QBGNc2t5sJoUYsjkLjelYrSI5AcWOSSGKGUzCe83uHidSq-1ccArtsiPV6HIv8ZX63EeRDPcAHEEbouVGiQTu5kZJXB_BgDqLnlUtM7rXn66wV4zilWoIp5So6kEiFNCqfiZb3DjVcMQtd7x3cgBvtSJZTA2HG3VZs8BFyHpfoq7wI2hA7oBATz-ytWj8WI9WPqAA==
Lublin,41603,3,Poland,2027-01-14,Thursday,06:00:00,reggel,2027-01-18,Monday,10:00:00,napközben,1,1,LUZ,https://www.kiwi.com/deep?affilid=mihalymisroriflights&currency=HUF&flightsId=0b7718ff51600000244d82d9_0%7C18ff060d516100004a322cbd_0%7C060d18ff5164000070c0f6c2_0%7C18ff0b77516500000bf903f4_0&from=BUD&lang=en&passengers=1&to=LUZ&booking_token=HiwMvVJwwTckiBI9q1ZcAecGldJUkWAojpBQOU414gEMX-R7z0iSBKtUt3fB31xZng6Cqhzlye1qpbLS3mi_xMlIjvoX0xZSKXGAelVxqIvz20ggBlmouTneSJiMXLO_fEWGpBhzdamBEG6cS6w7AjWeB4BJmo2vCnhYmvq_daKpCXzW-ZZhIvxGKDqhAOlv72iTLtsMifSapPUvD7MvsVJJ5YoKQb0xFUQ5bv7VJhUK_cdzxT9WCCqa1XhI_qJPQHtM6PBye3kxKyk5kLBQLfd_ZsL8V0eprgSIGzc_3mCblIXKdt5RRzlrP0jfTOeBE9dTA096s0WGps5Ayz3scncJGyN42c8bQtRPJxV27bp_wtawq6E2I0o0vLNFQyW6ALpownfUsu7VXBaJr4pmTlZ15OoE52jTRmazaXJB02fzGW5AaN-6XYg017xgmANP7winxt--70b34eqSqL2_vyUr7F5a_jJ_8XUwLskLV0qmTC6utNfpthAw06xkvUROwdHfOwS2VwY9Y5n5VMMN81ty0xxfM9QFRxz4pkxn3r8X3zzEBQLPNc-vcZCaJLPy6EslP1QPy1GjTWVP7Sgx_agSbkPJ9X8CCQ0VymSJVArH8IblK7brnMgynmz4JBcTSph-qfbfZz93IyJh5-dyICqiJcAsmaS-twJiLz-qwynQV9gVoOzLe_nSX_-C_fVO1pHqpWB2SR1MNBW6zYC0bSqGEgl93aqjS4S3Z13b9PQsP5iD96jXVEouVu8e5HLKI5nvsSOb7A3lOkiIZYOZ92Mh3KBRb28xOfg6-N6muZMjzU42XCdFqySA7-4rY18_Ox4_RqGFgF5plUjnwh-vWPkNCYWWhaEcMhUD-8OBVGE37xSxrUBeoscw-DuCV6oiSZ3T9jtYPna6pERE2v7SHNKoJoaXiAsOFfDnlhy3crZfmGc5h0hHyQ3ArzrwmR55Z8-4ZWGGGBZmwXYAExm6mkKxYs6deedkxgPmiFIWWnv1SVPfJ2ULb8cgWdM6JvozJxmfs7-CrB_CqziVrleP2jnryA41yXBbcqyk3vZhfNiUqbkdDwzc4Pqr09MZvuxA3fBncDuH9ybOgOyO6_LG8cDpCCuK6mWPt1GHXv7XTSIJI3B7PmQCEl_EV7L-V4q-6s684sAUOr7Vp-CyqK0iJo0D6j8ZZlSNyRTxIAfdeQjNqgpA7Qdz63OtVRLepHcOZjOu35H3l-DhIxB5Ojt0M2lxs1PKudKXKReiSGazRQN9IYtOZwLnqYxxy92h7S-_T1tVRsoNHKio65SuqiHVywTzllbc1-nIsh0wW5I8e6Tw=
Aberdeen,41607,4,United Kingdom,2026-11-18,Wednesday,17:20:00,este,2026-11-23,Monday,19:35:00,este,1,1,ABZ,https://www.kiwi.com/deep?affilid=mihalymisroriflights&currency=HUF&flightsId=0b77078a5127000080f538c1_0%7C078a1b6b51280000c634f32c_0%7C1b6b18ff512c000075c5815a_0%7C18ff0b77512d0000f91361e3_0&from=BUD&lang=en&passengers=1&to=ABZ&booking_token=HTGFlmdEv_AWQqu12J6ffZtiA09pveia3PsOi0fm0RX0vJRX_o8ProSpQtK1K-VruVgOPWaukTFrs7ROkgSjyPcpR2P0_DBo62sIG6O1lM7XmvZkbV1KkI-4zj1MkS9SRSCU3-3-uTeRN5w095neGYgY3N4WJuwx_JPjDRwqcysdHRaPWa_-gO1c_YGfGVholtCEdPg9S-o_6EH_DvvzvjTCHiLTOSKiaqC-uEAlkaT98H0wbRlFWP4PuvCS6Dp6VImw3c3BE35gODjLxfi9fSbSwqgGHQSO0ED9Qa4GWUEltDUiCN0jlW7aFj1ATlNOInpRzROe9x-f5J10uXM5RKL5CAw9Jt4XwC9wqTyBK_w5XPvmuHHULc-xy3XPTUnCS6QKZo51cJFa4Ddv8_LNHW22xS1hiZMFphl1jRauIzEOkUxeJ66tOCL4g0nloZKIn62VSTt34TuoiAlFHnDtJVhUOSPKFcwxbHVA51wUdD2ZzdbBzSgUlu_x3l0oK8VsZzxRQ4mvRrZAJB-ncUNs2TW7v4XzHWBxivVGUxAG3rPvfbjKlIO4qD-Fq3EqZNarPz49UkF8dCSoeG7-LkgGisb9RsFxLlfGp05eXJhqirrlMOciltHKVX7VI0unDGNS5NmCaIAz9KNEzb-M_fPn0JATG0ICE_O0Yy4NYnJ2WdcjDNDlNcjpz1yL8kH1oMMgPhggU5yoVm7ye3bhwbhX9LgvXUWlhEYTtBK-msBsSO-WUg8uGApqqQsiq414VFUEeRRHRPK3lArwa8lNTJ8sdyD6ntS025d5Bn9VCKDdIpWdRByTVjVBfZLdQQBD8MMh2cLGoiT6q90JAEFYddOAAQo9WUIfxzuDhvrFXa1AuQ05046I_Ou8vvvH6artDPHSwG_ZgjLYPXs-3hm2_XWXVFRVJGp6WAFo-BRwC7Osn_JOWHZBXLiJpuTjmirIJ_55LW84L1FArRIrCLBxt2m53uWR0pJ1P6pyRN2Qzjkp4hG_wkTNDAOeopWa0gqe1-lwQeFRZ8lrt4jBq4aC_ac1BCBh9wC6eWlsp6GgAQVCy8IFdjxh2zcgkZ36FY0iLgmMlwGOAmOjlgIZguRXPnh3hKy-zRBqwdp2ZfIErIqsPLcDEy-BGXTv0IctGLZkfsWvf8pYi5qBsSXkoigqfla7BWJUhzw4WVUWc7UYkUm9PY3vVRZoyj4DhrRpZY1EEQDc5fajOkptbHa8FrEahmWuZU5x_l6uThltdGCjMMPnxciWq9GAIU8pahzGEf6Elh1kGlX2xrUCkbltxwAUQX8YOxXv3z72eRX4s08wORSTFRaF1uM7gQxOtouC5_7d8Y_1DLPg3_AfkLQTAXe3gV4mNrxA5cOGyyewN9800QRTia2pF2aBkIfrxtmqOVsExj1HR
Aberdeen,41643,6,United Kingdom,2026-11-04,Wednesday,17:20:00,este,2026-11-11,Wednesday,09:00:00,reggel,1,1,ABZ,https://www.kiwi.com/deep?affilid=mihalymisroriflights&currency=HUF&flightsId=0b77078a51190000c9664fb1_0%7C078a1b6b511a000026b9b9bf_0%7C1b6b18ff51200000289d98b9_0%7C18ff0b77512000007f35c2fb_0&from=BUD&lang=en&passengers=1&to=ABZ&booking_token=HXJj-SqcJeciOaZ5Tk0CJ1OUfOeIaz1gv5C2-HsDSJSxRQzDcl5P8tgmYi4nquUWAmRRfTtJMfibBFEnCDR5RubiGWQH_R4i7KTz4u0mPu7tSPNTxNlbx5xnlDsF5mTqPguhPFKeDGv7aKbrbVa9S4TrKcQ5HRNTHplp1-9_j6EoB3dFrvU0rTph8IGoL6N7P4s-2S-iB10dm_VsIHm9nvAcfrODEzXc8WzqLZX7GTFJOJMo-Y0YE9FBV3dYkPfDS68RRJeBoPqlhbY4HiXN64g4UX-FbuUOAHimbDZqfY7niz-HC1XLOTVdl3GhtMf_TFMnPRo-RqZV6M2h6NkaTiZO2EgSOXsGThUFR_K2mxUJB-O9ffrCmGub6A2PApRukE8iSA4hHq6Y-jemYOpIvX4-FqVi_jQ46RSjvgP3qklXWjn00UzWDDa_LJVW5sH1zVe3me4e30qGRu5L5SUNYNmvaQ1aOWIIPtZ6SbPWhyo4rIXX2bVqX38IE2wX9z1iC_HqwEkD6RrmNtx7TZHTr73_I_YQatmvg6PqFKIGdwPz19_gxYo7Xq5OQdwZZlsvf9jWZDzsFN9CbTxrShJufo2-s66Chiffdu7okK-1sDTjNv6k53IubwDDH0VY-Ny15Rz-2_AgayXOAViokCKmVUc4usKEj9jA4eTOss48Hz5FK94tpl8wJiofn8gUfXv_2vXgconpRqMQ6m7SsApM5k8TswzWDfH_5v_mRHXgOSYtV82B8wBegyYpTC70fPK7epowWH-IxlRdr5SXf3TCLWDjXODmIrHRRFomyS5OUdIzEmetukFmQyV51mZe5aWqTJ9mPahRIGfGurpG1EWQPYZW_pdewZzlpnSZa8BBdI1cibvkZmhguc_DzdMzJfGxORw1XqYbgAlXDgHLOthcMaeYlpvRDeeGeJby0VxcdpoRtEFsfeVh9YYQgTyskYA6o--6X5p-7qLwff05C1crYYyWNv4DFyf4YgnOFeryS_iCRlJNKsqEKFw6fq6HQ0272EzHS91AzOy8nb_tc95rHTmrcuOTwN9NPIqrrMqbpFaxUc_-s1gqnZJ66VSD9ByiETAvRi5i5xeg0JrI_M9h04SMScYUKePWBCsiXS85xWFNhhEKZm5hUd4L8d5aLBH33dmqiEYkfO15AxrT4C29HIWfhiLmcBnTDZqXVtr_7IYmdNpHgcIhJCmksj5BHtFrIL42HlvoFnY0K-VNec7gNZD7ISCcOfsMJD7TkeKJmwEi85KYK9qzrmUwNTaGRliUKKvzX_bwi4iwY6eA6xPkttv-kc6ojZQNc4ISnb8L37eBw71waefQBSH5QSpbGXhzRrDqJ8KWl9toOybq1fRkMXhkRiTn2XGJN9BrpMCSsqsA=
Varna,41713,5,Bulgaria,2027-01-08,Friday,18:10:00,este,2027-01-14,Thursday,19:55:00,este,1,2,VAR,https://www.kiwi.com/deep?affilid=mihalymisroriflights&currency=HUF&flightsId=0b77091e515a000031104cf6_0%7C091e1ecc515b0000b50cf9bc_0%7C1ecc2558516000003649cf05_0%7C25580f585161000007f263af_0%7C0f580b7751610000905b4ef5_0&from=BUD&lang=en&passengers=1&to=VAR&booking_token=HUhNBlo8NivYYo-2uUWB59lXqmlbF8SSuMpRTKFHbnJxwN_xnjOp0oICU9nbYIoa_9HSjzAfrffDBfNqq9IuG5Dy0ZQmqgaIDPWR0qf7a2gZnvxiRREybRazUIK_dGpOhh4PoeBaqRyNaCmcuy0bkTuZ7p7bINq7u35xcRgcyMiA8-ZBzxnRzA4QomxpsDINdWu1c1lC_aAAR6cCr7pBVdAJ9d_LloGtcw_MXjhYrli-yzmQPGalMLsRejNBymib8iCNYeoitnsCQKw5i67Eqfcy3tc-YvUzJ7RMhhxHMDAFAm9mjDW0Bnfa4acXSZKJ_Fi3wzNMZWf3SW16cz2BkemIaTdvRRprmep7IjZ6skPKYpY2olgQA4lxPiX6j-BPIe2_WKWajhjTph447yaY8XKLb7x-55l_gVJF9U6AktyH8ev2DVVzA2ve-DiRaWcpg3wwiKVLvEqdkKBstOpGmuFk5Ijrh923v2klHMzEE_3GLwN7mQjlrFCknJzSiHOtw46hPGsUwods-Qu2Gl6afCT7HGxqtif8NKwp9yy1TC_MYFfeMKNklrZFAhC_CYyfo-xzWYzzZRBEAs8Nn7EzHvE2-DGWqVejWe_i2qQvxh6lMzTpOkTz7ZA4TsWsIAaGGqA4pRSrwHTOFac5CtDaYTJmBFEX_ETFzxQZtXfjAnfnp_2baR3gPSNTAL2S4qJ29oSQvaTUUTPZxq8dyZXo6RS5w37oF1z7Z78wYtquh4S9bL9Itd4urDY0aK_poawoqhV5wEogTYSib5x-zoMvTzawlDrnbbQ8msaer3lMV5xzVU7k9RUrD9LS13oRlG_S3uYdihvfXgP1GLd6xa_D7-4FOXZ6LRXVBT6fd95M4z28GjBhNyyGQZNPK3GumpnVc0Y2UcT7OMB8SwK-mzl73tEWEB8UlQ10WzixRGtFl8JQ4pU-f-gD1AugICNeRinwWXdBTjDg8CIONmJ08FzmrvgRCbSRnnMo4nEzZei5onf0paATXdkoTEz93gFbhNrC_QtQgfQTLOHF8t08k8flinNUTSA0LlVy3yHS-BUYriSDRi8vkEnbJ7wNF1aUelPn52tE_klf1Y0ZdI_7muYh2MDaG9v-LwPDPPpfEzeHhVbVfqSbQEK7zjptwnroBWGymbexmm_oFoReZlUmLjWKxajKNJ_nuslD76j2J9TcKazzx_G1o5cHWLBB8_33x0L1eiFRDEaGDJEeaCqmhOp4isiJKw0gT16MyW3ueokQ10qD7OUykt4EZ5hVCr0ebixaDFxlKrMk5yJiCXNda1t_1HLqsCgiarZ4Ye9MPDyf9HflGjOG0NvNc8n7jUj2ScYlXNE3UqJQeSY3udPXf0Gy9WjXq-w3I0eus1rTktTA-_OGY0l-2HpmjjbdybyxrJBkaXc6aBd7FPkf-UsQyxDRLjg==
Strasbourg,41773,3,France,2026-11-05,Thursday,21:55:00,este,2026-11-09,Monday,12:35:00,napközben,1,1,SXB,https://www.kiwi.com/deep?affilid=mihalymisroriflights&currency=HUF&flightsId=0b7707f0511a000080c95128_0%7C07f00690511b00002bd0bc6e_0%7C069007f0511e00007fa04485_0%7C07f00b77511f000069e6811a_0&from=BUD&lang=en&passengers=1&to=SXB&booking_token=HCa-5KfOAAZ-II4NTGGGbInrkeD39TYnA0Xuh5ij9WRmgvVNkt-lMq2Ljv0DzXbbwfIEQRTSd-DRqVPK8CBtt1C3naCz18t-yzqdCsl4U0wfvHLNX4iY9L_PJBeNnl2YESdTTjY_UP58SlnBhJd0hhdMwJVYBCa9Flhq1cxA1a52ihozeKWriNv89ba1vtxdh6DWQdWJ7cvAhotg9kPGe1mr3YAod_wuPZB_rPytxQh9nG8RCJGrCLXxjmULvpfIsc9Iz_9BPtchv3sEJYcawQN_SoLlHmRUkNevAfsK_DNAQcB_2M-qb4WlfAdRB2331wtYZ4Rwa-B1ItDO-JRJd7pqcw-vaxthK6RWIEEapUHe0ggboIgzZrLKqMpypDYW12vSOIkbNKkSabQLp8WGlY0Md7dL0LVS-YLVbDp6f6-GWnhhTiP6hv_0tiNaktvGnZR1NSsKTOkQxgSsLtXJ_bSbIfNAiv0DbpjmUAO9WnIO2FIZYkdizttzsDNd2HKRXnQVbvUOqkZmiwZZBqiwCUeM2jNxovv0QHoKhwUW-l19EYOb_3DRWajaZT2-iA9SvGxWsaf7DfbbCm2XxSUQaFi_ivPNDeqEuYphDHCmVfk8Dcs9MVFRWHzMyzqGaJrS9Wv-bxBFd1q-QArwE7tSjWXBTofykGR9kCYHFMaOXIwXUOCY4rkGleQVDRutCiAf8h9RJk_GZagbegfmRKKQk1VJrVVfr-fBjoLvkydaWAKJRMU9fpRtoFrXCt2i40dVirWAtkpQbY6J2aGvho4JbXSwl60Nx8y9e-K-cUILmJeG_WYX9UVOnxlLxRWYwfUqTK9qO-sNFZo5QtkEfrTHg66nPUbBC7brtJy9Rjq6UAjs2LqS7BZcvjEjHevf-umb87iRUoDmsSSkbEAa02lqHGEw3CN_850PaeOS1AcAvLPjs0v0m8eHmZqmdaYLNBy5ogVusDNVX2ITiK00xJNOouI6s53z0Pq-Zzdn447pLOtcswDPmtUK_MlK6h15c1ZB9lS2b4htlx0Whk6Kc9yCVmlxT4aZQKlrvQswqu5rP65KAMR7sT3r3tZnOyGS5_wId3GjF9GQ1nOAx9ZZ8P5J-DOKpeK84X6ilTrI9QM6ayLL6fyy5eXMFNbcYwF3lSWJPekfQtgPVMj7UoxTKgAto5wui6_esuUTvY3UWkphyJOHuHSHnw6zL_E7jI27lmMoawT1Hw_75z0_jhvgePLQmHJZe5OKPsFHqj0bAOS_7UjtSmBNlZc8uHxZxPS6PDTF3_9oOocB5DaqOOf4dk-paM3j0LPrF6S1Rwm25n_DA7qsFqpatPkttGVF9UdvHy3KLpZ-n4MIM8mqGXPIUudM8EA==
Split,41876,7,Croatia,2026-10-13,Tuesday,06:20:00,reggel,2026-10-21,Wednesday,08:50:00,reggel,1,1,SPU,https://www.kiwi.com/deep?affilid=mihalymisroriflights&currency=HUF&flightsId=0b7720ef51030000b34b4e68_0%7C20ef000951040000c4b77d80_0%7C000920ef510b0000f0f4cd1f_0%7C20ef0b77510b0000582985e5_0&from=BUD&lang=en&passengers=1&to=SPU&booking_token=HWH225w6-KJprpmSnxh44EB0aDzcmyvO4Q4wW6lUyCqRpQtXu_-OaXQZEplssk9X4_jN9a4LDpxOYEOZJNY3MZVbGRcxxYxcdy9E-UJqrBWd91fPvRn9vHpWKAHyVjhNuTkipVj49QplZdiGBb5QX92RWhmIt7nlTgJrtElmyj0R2iAKGhga7fdJZxtJestvisWmxlAJDqBqLkRYUSNTYL2KapKybCKsUhoN7Q1uJTeUDW3zOUHzzEGU4V0rJINm0B2SaTNXdeBHt9xedEEEQybanm2EFjXv_faqYlbV0sTdIzF57j09k37QHmpGw5QbH2P9Sg-5FbwPUUfOdVtgr0f8ZD_bgAAAFQLwuyylmy0THbDw1LcnvuNQnRGRhULtSr3tTtNXIR3f-YnG4WOU6o917IkFPU0ioGaqnS4VYfAYQML5_bU6qGDL_0SoptUpCknnIQswlkFzYzxfZFoy0O8HTCm8TY3BYkvHwwidWSGZrG6NthWVvJJXzV4vzp3D9JGGQ1o9LZpDPTu-HDYWafpe1l0irNp5QhbYG3yXoTGStnQ18-Afz5zim4PDO9vsBGuxjliDEHEGSLuL-wvYF4aOEtIQHwagsSVFtaIxlJAOg1dWCLh-Z47LoNed3TW_y0InYgi77ODcZrdtfdlAcQM-3otNGIsLwouQd0ivX5LMgzMhweKFdH3SFm02ous7hdQKOWOXV14Gak4eqtPLZE41BFAfxQG3eEfRNdpVemBc-mNbXXr396ZkMuRGaDXepRIXcdw367F8JGCbCa_SHdoIOF7pMIzmWvKQy5ynjlZyWZWHRyQk4rtw3VOr4qZWC5mirzf2upnbLzuFsUq_I1ElLXUKXIvZK_MuHSOXqgNJw0xVMD10-B8gR10Nm44ijSTbGEgwc2ehGOro-DcxhFSoiMhZmSHwklSt-6wA_PnYF38lJ_3cGKpgjxBPGWttrQkHWilrrW_HEs0FaMxRdojt9j_8mw-kf2RPrvAFO-KvNrjG49K5kh9PILkeF40G36XUyjGj-OmkXVzgCbWEPuninaxjbXkw207CGSUEVvD8YfYkxL3AlbW3z4R9LnPSFByUqSMLr8qjOTDxAv-skQx5LrdJLWiEFfyFFIk7O-KTuUzXlV7gaLsMqctfeqqqsZFIx3JYpJdeA1xb8sWt6lAuGJIqT9Qp0z3jRQM0bE7KjWyU5U429Muj0CoecjhGrKAsQN1WuAIx9hXB_O9MjFkAR2jDS99wfYb4yjkau_EC5C_keVAJMhM63I1CzFBJc0afP0Z7574DumY5WUor4yEcc8HKOcYPowPQe46nBZN0bg76z62MbexVynyyP9Pmw
Dublin,41901,5,Ireland,2026-11-06,Friday,10:55:00,napközben,2026-11-11,Wednesday,06:15:00,reggel,0,0,DUB,https://www.kiwi.com/deep?affilid=mihalymisroriflights&currency=HUF&flightsId=0b77125b511b000007198672_0%7C125b0b775120000053e42e41_0&from=BUD&lang=en&passengers=1&to=DUB&booking_token=HlemZsvXe6MXR805PrUXJk-roeGxtH-EVun-1Wcit0-YwLgPINoNqq-yb_uJxK8SwTgHBKXonu1plDZvnu0dFR-X1RPbFY3uMdkNTP42rqXmUAOV5g-jWxJBhuXGYy_rMeeskzQwO7vWuYvGX8x1IionnXIDqicGi_xrPkRxrqOo3BFWcyvBf3Wp2byNAldVAJXcgJEofI9ZABdj46gzrVkiusm-cEFoiZuXryHnm0mxc1g0vvQ0XEMxKAw9lGMLvAcrW_jiy5cSeRzAgCxKeDUHIcbBRD0TCjNDr393niQ5w_tz7ApDRF89Z_lav38jXcBmKtW6mSUUhUVkt8jL8pPkJRDmM03c_gggJ3Q45xxg-JlgI-ITBH6PMBk7WsoJ51pmxxnh4Lb0Nyi_13B6d1rrddzo-eRvXFgjLqsiztdsz2qFEvD9uXTx2WKYCy4afFLID3JYt6JF1aQxirfmbLlBJy56JSCYAXHw_v4foIVeP2diT5B5quZUQvpSjIhZ6tWNnKHD95tAfEXJ_VfqFO1yr5nQRxKo6kB6LCl8ZPNzHuyuP_epS3mpn1Ul_u2xoQyNz0fpxodICLF9QZ8Ukj8Bm5oCWn1qZMjpsmU1FtvJXA7xh-ouV7OCln2rA6KPUV-LBZfwzxXvPmL0JOmwEopPLcfWrU0gz2oEy29WIiD9KXIWXbEJOdSy97uO_8xIPmc7Fq2uJDNLy5ma_GF56vPrIlKdaiHLtJxYok_sF0UXDQ2JklMaYlI2F84Hk1kH1-ju7mFHvL63nEoq5zu0j6N6-WipSMaCwnpEm9v7nXsvPkZi_h8pMd2jy1YVu-T6Xpq57bvx_eaCgR_oFdPffTsvnPvihz7RyW0flibLqWtRr2kkA17_xXjQkvCOpOUjXO9HZp6-t5twzvKluxMo2t-VSwGDo7VjgMK2tbpns0CaTDSfSTXpgNQTHY0MdHYSmATAZlP67fTw-J0tlhuXWO8hYBQ61y_U9WNw_x7s6cVnQaQ_B7EKpYvinFDXiK43yQwDzvRZpJi2yS6EagtuXz6DJV6DhNLAn_-CNLOpRGjCO3VmR4T5goTO1S8KnpDNVks2QXkbJiinpXE7ltte5kS7Ad5Q9YfaxPBGnI23D04bRmMeCQarZmcTjL8LExZXfNco75pJrqW85aClHEIdKBifcbxBzei3MCGe-r9KhiT0Rysmp_tB_RiOyl2Aekb5y
Edinburgh,41901,2,United Kingdom,2026-11-07,Saturday,12:50:00,napközben,2026-11-09,Monday,19:45:00,este,1,1,EDI,https://www.kiwi.com/deep?affilid=mihalymisroriflights&currency=HUF&flightsId=0b7718ff511c0000193db6cf_0%7C18ff008e511c000001424def_0%7C008e18ff511e00002dba938e_0%7C18ff0b77511f0000326e99be_0&from=BUD&lang=en&passengers=1&to=EDI&booking_token=HYPADELgCcymFBVN9tW38dhLscaxj5u8794glWr_0h5RenVtLpf_9QevdJvtUhDkR5TYVLO6Om-v2HuRM6ZqTMTcnJcqDjQOJEdyorCSrbOjckF6_rAqPyWiNCvWnxpoj53wtRbtO0kLnjxA22UBZU6wpzuyq2CnMiSIMjVMqLcl3Ar9PiBz4dKnktpD8zqnzfMq-vGU5TGCdn_xWffVTJLGjbizfqaG9241D-pbtNiH-P7RxLEXt1ZmggAf91E74OJUsR2aAnYaponodtOhECmv6Ykzmzlj0loQ8lKbCJFtBA10BCBiHsuXrAH08-olG3dYvnVDy1a8fvk1Lpq20br9RvMNzrPG9_k206c9RGfJw6Pu7cWeDUlqkD5zXLOcfA0ty01D3ZW5znD2rcSotA4CEAOiMvRLhELXrbD3MLYQAY0qEXy3SSxZ24_VeKwE2pMNEu8l02UE4oeDNuYTgeQfhsBQ7Li0hWHR85TbVkJ3wgAB4ZghXso1AczsFEnH7FwVwGwK73s_pdjveYSzbbrjucMjo4AZ1evio6pXkSEYCMHQKEa_QBB2SLdw3q6dFMQEPc8VaVssV1szvTqi8_Wo7Ca8XqhnZRPwznFp64GYPNsLwxLjFip8nHxl4QTZ3pNiq3ruQ4z6i0ihYYBdSkdk9Av_EYzsps0rEBLqMzCtltSH_JJrTLmF_NeYBnwCepCXOx9h6h2Yhqy-l_JlL9eTEOQIZBuI7WwzwJeEqMiM-ZX3Zc0ThyJkU6t9dljJ4VvelO8LPDAHL90-cEbf5tFqfGzEjNo4lEksmEpj6gVciQ3p6QTyFlJJVrZsXC9Hs4wCI2ehtq3UqUX2UaefJJbKftYhqKHtW4JuFKuxiSqECezsCh3-Dc4CPB_0YUOtbrTvGTPBQ0c3tZrn7sIxkgdnnORdtevLfrEoB97kU2ZGfqnulDKzarjCPq5oK2Jv3-s5gcRM-A7YTt61RWRo3sBRnipkYSc8yVxDS2aGJOfJv_iVLelrMvX9ChiK4sUTvwn8IonFEbLJfTh1VeCRSpSvE8WIlL4Nvey1JVMxEZ_fJF_uDk6-UOJPpa3aUlr2VWjrEpWsTh7Npow8LFej19VVeKEkoupe7C9T447464tLC59hnUj6itCIBo2OqnsKono17uLFdek6xnJkbxqb6z0FqcHPGT3bl-ulFjnziu38yfKmq8o2KPkB-09jy4zcYtvLKLuqfhOQFCOB07epIYbUQMOHgLJ9fYg3WI5E1sprHomZSLWPW6UGACkh3csxFfUPpzvaX9ASOSJD4PYl0hXKinSQohLrOxzQYlBkaD2QKEHvLI_reiZHfHOmlCiQF
Manchester,41925,3,United Kingdom,2026-11-12,Thursday,08:25:00,reggel,2026-11-15,Sunday,14:45:00,napközben,1,0,MAN,https://www.kiwi.com/deep?affilid=mihalymisroriflights&currency=HUF&flightsId=0b7707f051210000841febd7_0%7C07f00a2b51210000c39ee3eb_0%7C0a2b0b77512400005cc22fec_0&from=BUD&lang=en&passengers=1&to=MAN&booking_token=Hn27cxzjygrKMr8sQQPWf9sOXQXafYMCjgLJIkeP-Io8kz8PxsV1b_2FDs2ZGDchW2zis3U_iAzqK6wy1h0V_YsIIDrWRw_y0eGZ4owwCCypgdPjQINTigWQbiSb56E-o6-elyHxHtbumgBH3zoNWQeR4cyd5InSZdB7oGmfdNaBroNgpR64NMqMngZlXs_5UkBAuTYewaX1cWbCHpVi9yOKbmI68UIRqrGCD9Hx5wxq19_LjDppeYRyN0vcfddOwcA9qeyJbEknGyWdzyYbcbA6CikLgHg6rKyyCOwB7BlZd6SWqupMmfOGm4c5E3FsHwe18TjO9sxNaAFZObBKwfk7j5Bh9NmfWlSHn7v9V9AvqqeLmG5Gd9BHj-OLlWiqbKw-gSpaj1f-Hx_-phs5bMDjrBE3w08Lh7LnuZlTL19FApYtzxIhQ34HzR9ND3QZRIi0eYCk5Wpp1HoEr31-lSDZeRb0w4S4jvBnYFzYCkcut5dGin8UcPugoZNE-dzCdAxDltAQpQVfRYsMyaeI9mRIFPAmp-pF-OAp973NTWW80viywXTn2IQHAdnGNzMYu7eaAu1gew8LbKmxl5GMBqcKU9B-6kqyLILvbN73AGxmkWwMH4wir6dnqUtHgB13i6e6lt-t5eExBSQWUfPBZ2eKgrTY2g3okcgMFqG99EnLtWN71kWBne3wi8Ot3SmAslCngeoA50XOZ3EPGkx3JyzP1LN0cbvpLB2e8GjEg94AovPaXBXCr1ozRAik-HPk-ozBGUxPN9bFkwcMq6VuU6fax22yo6sROsThmeyo3T2tcVSorhwqjt52XC0xqSQiZKPMhWRp8t-JT4Rrxmsb0RDRHTLAf3AjhKpOl9727Zwj245X4twRb0lkwYpyu8KmT7ALTaiguSRqhbFkPEnQV9Lwu6U8erxcTbxFOxAi4avlAT0myGdlo2KdVkuyqtn-ou0BO2QGxZ6GXHfIKzgaNOOK8z9t-8eEcYKD1yJEYRwuXR3XWWgNtdyf2eG203Aw1czgTpJcNJ_jB1RoBscopQ_xx83mjKVZZrGDlcTrZM6KQk1IAJQ5zMI7Fqz-XHXumF_PEdiWs1g_fFRuAxSnbbcccW8lGjT4hQmtj3od66X-rWhC62efbSeqzBW5rdWSskB3sQAN2RHQ8J6MjEk5pvvPcW_gFNinIm9JvQjPyqJm4h2FaTELsOP9jEV-aENaUlwsdavQvzHKtVnIfehPzSpw2POI5xkEcHrbtvF3-AvUtOXru_8NarWdf3PsY7C1VCjtiBUD2a5eZlV4rcO-FNzQ-f1-XXXKDSj4qkqLd25c=
Edinburgh,41950,4,United Kingdom,2026-11-05,Thursday,06:00:00,reggel,2026-11-09,Monday,19:45:00,este,1,1,EDI,https://www.kiwi.com/deep?affilid=mihalymisroriflights&currency=HUF&flightsId=0b7718ff511a0000186cb9c9_0%7C18ff008e511a0000faf0bfd1_0%7C008e18ff511e00002dba938e_0%7C18ff0b77511f0000326e99be_0&from=BUD&lang=en&passengers=1&to=EDI&booking_token=H5IZxexkLMelefhQDHgOBuNyoCYwHV2dNs-_T0LoSQlsVdHuaIeYj7Qi83RhGPz56j7pJWXYud2_WDMSoqjZMDNyjfon_cTjguRHsWhUxxEVnXIXAa4T0-dFGkoRexAFhS19FifqcaMeTZ7QQhhkx-ranhXup56N3ZjGEUzj8BSKqJyMqS0SWqSGbdg7GXxNSZspFtM-5l4kQl_TYoE9N9cgDTUh70ewYCbBFeOQ0t0JFkPjGBNy9WP1QM2FEa5oOzgicAMQdKE2FjXBEohrard-WC7xsCDK8Tv2kQiqCUQeu8xL-KGOxobr8IAnpJfdevEhwfBN4HUjcy72m-bTNBqy37M8bGuXwJ-QnF3CmF15Njx9bJWbF298MRFGjcL9JL-6QvLGTW0Ik40ovupRORpoL7S3rbTotsjl8-iw2x5b_A3KbwTer7yRPc72zXcKXx-lK7OxryOHb4Yv1ZI9BCy5_g4OOLRTHZW7lfmSmvLPrPs3Rab_Ybit1IX5q4_q15B7pSMoR9SCCSbByBLlgZ9x7ryUU3zwpC9g2I2d7MnItgUkXlccQoEQ_PbHv3rdHiig862IZM6tiVoLyVIp9DNxpmF_SuI7w1yigZzOw3oW-oBjx1lh6f8ULntucpbuSqfxv1rGvIDGxtc4NdvqfwWik5K1hx4t6C4wNZNPZdslKjcJDWi5CmBdxcYDngtZRYPXfuiaczAkEJIrSQTTROPvtrGJIFJ5gK2KQlUoJX4sC0k1No_9pvIdJ_w1xaOsIBbdIXiTXb4TeVoEpgxVK4HpWipGIIANxobbh5atcpzBSni4r2PCSl8wQgeRTQyaiLxjMzm2Y6xMoNoCaSoTuv8xlQq6BQYSTBulpCYBw3QDQ0lSfr2TZiNlO30JcO2cE3KfxLjol_QdR6HufLzL7xu6w2SBdi1uzzb0g-doqlTQrF9Wm8mIG1Gl4-YRNcC_yrLQb0CCMWm_LdPgKrB7u23q8wjCfdVLnDvekFAnyvF2-UzzlPRxUWrStxIFUJCnndkyhApFAtp61asoNinLrOLfhYE1prRSdLNdQDM-Lh9nxTOOeJUxUPLhLhsSJlu406ES6xXWEUoVGnhtiqg9jxZmbnJzrroJqwjjpknJyj3o3MKQIiB5YHfPz4G8brgzaw13s7AsRQ5PSAXQMx8_ikhXwU6N4U8UkBWqq2coZ9BvR18lCsVTvNrIJ0ULyMTRm3VvaMrKo0jcoSTJE3Vt_Id8F17ysrqq8NYFIdg2mbOCoUSozcU0OXaqrB6mL0f__-gkwNUA8PjC0RhHdK_tmdEguE93t9Cz5UyEYbsuXA4s8c42HtTszww0XyuGybrXb
Edinburgh,41982,6,United Kingdom,2026-11-11,Wednesday,06:00:00,reggel,2026-11-17,Tuesday,07:00:00,reggel,1,1,EDI,https://www.kiwi.com/deep?affilid=mihalymisroriflights&currency=HUF&flightsId=0b7718ff51200000ea868748_0%7C18ff008e51200000030282ff_0%7C008e18ff51260000cd8c316a_0%7C18ff0b7751260000afb1e2f2_0&from=BUD&lang=en&passengers=1&to=EDI&booking_token=HW2nSlj6nuq8Jz3v2do6i8P0ZOczIJ8zM-dm--aUda09pfJbyvwQZFDFY7Xzt7ImPWQ35Ci5W2Hxz92BYYbff2BZuXV4veAuuqzHOJlUuThsMjx7Ctti-6Iv0L-r7a6vPw_oMup0atPdT8KueiFgYrEyh7DHYqDpDlBLjt9g_ozAJubCypaUqh1_LmiooluLInJE2DvrKy4O6PvyW0n7I7nQCFxYJiRq03b4m4WOfrk4341zLhcGnh2fHSsdSHhEVSmyFR3E8y3yxh28XHwCC7vDqIILak--hUvKTUUa_CZShh6aEAh1XQR0BAE5_45OLHw57Tdb7ErWRYHNB0qAkzg1WGESiHqLxypwP9oeNu7LMOcLyJ9i8QnIUGNYp7aR4n1ht5Ww9XBQVjAEgJ5cJflWGE06M4edy9NW-gebwDNqEEai6-VE-xjsywbXLngnuUZfGTf54MlUl8roAzF7OcLPfq0k7KreoqnCE7ZxQVOnVY_3f1LwH22m0hlcoltNzjIIH_d8PWlZvUdD3bXvwndAZ9UXG7iV_de7Dg8vpO4qfbBd5YuxMPiOGTxT9PQMVhuluak83pVy6kpIUOU1FXFTSKvNbRPR8yvGPiLQtsM2_g7H8TW0IuaQfu6A1xvWgzO6SOqVLE6QXwgVpHsVjV46ttyJzqPlQOZ2yIK4vqFgrVjE6BsZgrI2u8CLEgJ_ppVlgBKB1J5TcbjbIxiRgQN4thTMC_4TcyTj9wbxIEZXygvFMXiyV_VpBmdj63KbJJGOD5Dofypy5CDDRGNhwGjHpWeOy1e7hnfTiHGY_KtVrcByS2cICcy15_s08_Jb4tKRdMu-7Fi161121gL53do483fCtDnCQrhiFvCxpk0iIUS1HSgQ5gxl_fi69aJY8fwPHo7Ve4MiN6RabXRdngHia8qiF1g4y192jkucLtC_JYf281FPVEE65khVrHB3brqcaSOmHGZ3TqxEGhKr7eL0K9Z9bgVNZV7xno06b7KIokgSZPjBWw4oz_Qf-AFYucqVtEKqpAaCwSKyIzd7ckLfjUKi5Pmh7xWO7reqYiVIdBGDKR74u-cA20C_tCB-8aHmGxy_LWQETCt_OYXzVm--oQG9A99NbSHPYdI-WyHU2vaso3XAoQ10OhPAMzFVV24TdHs5g3_S1g_0o41Y6ROvR5ANA3PXQXWAOmgd-nNrIVCcnzFHOMz9UIA52TClBXIVzY7wT83pPEjZs6Y_yjP32vgrGQaBmkis2QXcFk5YJgFUUuTC1OCoOBiCNdLI4eh_lNy1zhhGPqTKjQ6tBgmbykxOYCkgoMV66JIxbit6vwyWLFtsU6xgwfr1ABaAR
Strasbourg,42171,3,France,2026-11-12,Thursday,21:55:00,este,2026-11-16,Monday,12:35:00,napközben,1,1,SXB,https://www.kiwi.com/deep?affilid=mihalymisroriflights&currency=HUF&flightsId=0b7707f0512100006d7c4ee2_0%7C07f006905122000095225e86_0%7C069007f0512500001bedc20e_0%7C07f00b7751260000f3543e4f_0&from=BUD&lang=en&passengers=1&to=SXB&booking_token=H0ynqxrG1Uh36EDpETkxGLrhhGwWQ2-fSvB2r5qXdCC9gze3GqHeKZCfVOWTLT0y_gjcEhsM3lNdjt2MgLXX60yyTVpdSIJhT6wUyA4aLkgdGtdGjJPiHuUnoYG6yFrH4wV-4ut2wOOVs6ES4uFHtv6GOKqD5_KjegET66TfpRaFzTt-TKsrkH7zDsn68cPDOtqoWcAAItmzMs55kZczonaxj58YRYy7-A_DmAAuBmdNfH-lkOJ7xS_Y1O2JTNi2Hk-rIVdXiTnhMaph4HwL5XStuapWc4sKE4heFOYo8leRs5OyuT8SnTkWjG9IRxY6C_ArRIGHzGE-Jg6iR-2SAtDOC-dh_zJXId2I3wI-kD6e3hheS6NqCQbFATmG0Ab9CAT-3A7382ASK4mW-lA-ramjgcUnofm40wFfVsXbBt7qNU_EJrz1CIbXP09uW0RQZYr-PF2P8bxJdP2gj9lmQbc5Luv3EPQeTjGvsRRJxUKWNuJA77mLqWwRdAj1FHoBNIWrYKT2rb8OpjOVDunNF2pQuthNxaaYOKql1a9XbdsM6wWOTrMpfQb0AWjZltao0AtpG_jKNseytav_mPPzqVlEK_SjyZkxP45sZVVaMGnl56OmguGmP5i-kJUT2PuXpltircz9jwex9UF8eieFfgzxa56dN4XnQHFlUG-R_OEf0U9VUAUBLtVk6fQLfg4aKWD1KRT_pBqSRpfjhro-0nI1Elo2eAczuS0S3r1a0oZTa6vJI2OCjeeRG1SiB06cq3ekxwIjNOdQRqw8ftKAavBXf6Y0tEVQwxw116OSr2NgOsCXYVieqefxidJ_bECTuPyg4vC6hi-CU5fIi-OcGp0VuOdmtTgSnbWmfbFBL1VB5msIyvIGFUHURvPcXgNj991zxO5r8Uo4fT0vUCg7pqVo0B5wx5rGHk2aGxgQN5AZgsS9iZTnzLSoNa77HsRgo7sR82wHu8Jxtm5uDotSVrOfegTq3_98EZFMYBfPfIlwQvFQxZwgP8Zpy6Jt9KIlDEe2D7Q_DAweOyJMPPPoaDUu8bRxL7z8iGnYdKESNY2ls0R6HPjJ9tC7_TNFYS5fMZiugeWrMQJWLAibSgPo0VtUh93SXodkUJb8wkfaomHCfzoJc2qcwcZ2O4CJd_Qxxj4-OsAcrojwYUwgiiGIjN95sH0pqZIC-5N6kdPh-Dpe6eibdZ8HlBFbSJ-grsPBYjzYiY-w3XbbrVvN_38evg7Qv608SgudlyAJ0ZepL24ysbisnWQJU9XiFujnlaBAk8Wxyy_DhGl2D-i1kBAE9HmC-Fr30pqLm9dz41XOdA4j_7n4gxLq6seZsRYHQvACfikeuuim9nJWHIfPSzGQjoQ==
Nuremberg,42310,2,Germany,2027-03-19,Friday,08:25:00,reggel,2027-03-21,Sunday,22:00:00,este,1,1,NUE,https://www.kiwi.com/deep?affilid=mihalymisroriflights&currency=HUF&flightsId=0b7707f051a00000202090d0_0%7C07f0125451a000009a2f8753_0%7C1254176051a20000c8e651fc_0%7C17600b7751a30000f353c5c5_0&from=BUD&lang=en&passengers=1&to=NUE&booking_token=HB_KIGozCbihi60Jg_effy7fCxbqtOi1Mv4OCNlVyFd99It0pao4jB7KbqvVAVxEf4uUh74KskMuiwyz3MSWwhtc2QHU_YjsnFcl87rKlDXTHWY-0WwSphBlfZCz-y833duAlAPzknVEjEL_baxoSyo8hJGOWhnuXLidyFUpFFHmBBHlJR9Rg04d7vn3t6M8KWkyNrjB9RfJ8XqLJBIO9v3UoPtpiOmuW3sgdfdut1BNIOr1ZLc0ZeNxKO5hIWDnupxSEddRHJwVxtYtg21CMkxbv4Uq_shMvgU2yw54CHIc6jYpLAM5XamEqVP-8SIMaMCXLwzvw34ToaAG6PaxbyVBhxkPlwKCuk2TN7GvcGChEEaR8lrMkVcadh1_2hgDAIfJEYqTGFWtsME9p2Py-hhSSm8JzGzrZ4e4fN5EWAhotEwTeRE7MWJOwQjdzNtQM-ia03UBqfo5aJrpqcVe5hiQvqvdT_A9nwS9MyDD2eXKUgSLLcB0BM6JajlNe02OywA6gHP4f-_2QI1A1bn-AybewBaQ6tcenb7zmceG0ZXfJIhbEEFu1BbpzBfrL_cVKa5Rz3Pn0vkBZPoDNbTmcORTpUfcr0iTtxztIpkKGULFOaM0i7mJjbll0Kjvtnxipxmy548HFwz_roh7cYauUhYX-a92Xc4Y605dmcpklCP_K-TNRjTXCprpXNMgzGF3SKO-iROLbjxbF9v45eMA2ZrtHUfvUrZDtcCpldJwv29Jpj95wXugPZESb_w70-3g5HZZIU7jMsKRMNrrw85ZkxvRHjq6dmmGYBRJrv_JwaaegQp3ZPi6eNQ66naBl9hTTnSCGVE8mtnvpmW7HgGTWrXllZ-sFoLO_MRAqwRmcPOgjvEP47LIdHumxFI0ySNzXWuJeZG3-jNDIWizWxUe3Gh4g9ZmmnFaDQ0OnbKIRjkVMRsuTesZiRf0oXJ9iuSOfZpWl69_LbYSxDkG06l1GYoHn4jjeho1JAZU9YWFXS3ptJFb4ixPVEigBnzrPiB9B1mZ0dN9J3JykCUIMBED9GV7sfmg3Y9JFVOME736PeN1Ayi9n7t7L9ssjiIEE4hPKDzfbvFOp1qNT20p-DuRSlmGq_Jxy8NXutK_rNWoynj0kOZIYi02aW1L1GJlCDrPmIUfa8q0zPFMfW0bPbs6c1YjxVIEAVFuihh3r8O3ndYWm7IX6fvMpBNzQgsATZSp-67tXAI0o2_dceMwJVDuKeyxXqGZhwCzkZBjXQcSCWuMYg9aHq5-3aL02IjDaVVrlMTPV6M86F3_8Q6zVufdk-OXSVSZsU7P1xCQdkycdtSNQJugjQ1Fu12XsuRNqt5dZSUSli3lwY2hYq41ZV2T0Piu-vYfKmyzExZw5stLMV5o=
Leeds,42362,2,United Kingdom,2026-10-16,Friday,06:20:00,reggel,2026-10-19,Monday,16:30:00,napközben,1,0,LBA,https://www.kiwi.com/deep?affilid=mihalymisroriflights&currency=HUF&flightsId=0b7720ef51060000b4820416_0%7C20ef11da51070000c6c8ddec_0%7C11da0b7751090000ec5a38e9_0&from=BUD&lang=en&passengers=1&to=LBA&booking_token=HBRTC_0t2Nrpnzv6EIIuetys2rYmZ05yhTyEa3UHIbcyG8k0spZFJPLsZK_tjDNMjDlFFPmb2kR07nqqPcNrYgLVKmsnsVVB-AREkYRvtJMEx-ovZgQ7GzuclF5FhUN3L-yzzvrMjkVIKoUoTigSlhJ6sXSq54ayFPWoJbRNvPXnhmsHPyNG7jkINywGae6NbUqQyNgqL_7jk0bgFekm5g73QXNJaYj_L5Wf1p-XmimFxRShcwMGe34tsPtoshPRWU-9OcJbL4u2HOjGBYUSzPPDwIM4TYsW44yLJoxL1i4A4MqmWsAFDv52-XQGlX3OU1SI-HQjy1C14TW_1nLlXs1mwce4jRhfUSM9B2dXF6PmK_NBhdJsjYyKv1h3uMFA2R8BtxJLPpPKqnDoLZCX7MdMBNdVfV1dTjLUPL78zDdEA5cxZoH__QuhKZP8IlLCl3sNmEPEMPXBvknk7WDTpkj0ZMxuupdOFuBuHhtw7KX4eMuqfK_AyzIdhr1D6oIiZ80qFfeCjRETcG1wLVZoOlAvYibAhB_Wiym9pWreJWXO1ItN4p_UzaAiFrTDkaJJTfpyP-JoFKzz0FDQFbfDPscGp_ER0QduQsyUVgeoZ3sKFJCuryNB6vIf7aN7KyFbOLLpz4WwADgP2wkGPstJbzx7iuXh_KC5xAgNOXi-uaWPL1GqrNaMABQSlyaZyi0StXW0d4wgeJ1q0UuulBywvQ0xFrEi_lETntgNVcgY5BghXq_9hWn2kffOZ2rNedw5-DkAJnOs7DiiNbZzKcp5zuiIEH1bQrG0TQ1xl7PGe5QY5bqyVdYRCK--kGVBcZx9tyYs5mygA0jT9JMUWS36FdVbwPgvjbiqSXgFFEA3cUO8D4FzZ22nhugV2W8ngJP0k5vHSb7zKSjCq1nvzAdq9aloR1xCrnkwoH_0gVApwx7NCokoJ9fqXe7O1blxTtZkIder42Dm6a094tXP7W8XAG2EnZAxYVAMx0zpUL7EElRXjf8Qj9jnEgV95BRx58hRlfct0qIUUFZuSoL0Lmr4c-rEO62v55Jiqmin9RFmexF1fN3IYCJMiNGJ72JTSNOqLPXhseBpYi07nDU86p6qEXwgqmwVHqGOUPT-DDhVlVKrbLSs5sWTw8xGLddbA6ID7OYKjelbGWDVNqi-ujNC9oCckOBT20PTxOzyAfs0QT-sKV-BJoeU_XgU7EXbHRBY6_3gvSnHs7JH81fn2cv38kPdYuu22J1TmtPVnujClFpzS-GYOsZkGCDVBxVf1zHyR
Luxembourg,42443,3,Luxembourg,2026-11-05,Thursday,21:55:00,este,2026-11-09,Monday,08:50:00,reggel,1,1,LUX,https://www.kiwi.com/deep?affilid=mihalymisroriflights&currency=HUF&flightsId=0b7707f0511a000080c95128_0%7C07f0060c511b000092804595_0%7C060c07f0511e0000909517f9_0%7C07f00b77511f000069e6811a_0&from=BUD&lang=en&passengers=1&to=LUX&booking_token=HzdNjY7KhlFa_Nd9s-EUVH4k6rhCy79rbmO4h1mteF0tXqFHlG9CuyB4JF9Pxx4WqrK8eF9iaNRNBMyg9HWG1-vZm410_0-e98rIuwT0AYXgp3tEdtVurVh0x-bo2vPgG1FxecwfBfs19gP5aDU-fdAuI6gAx6fS9NA9FzSADuzzdp2hPzWQmf9Hh9RK18VXJWAebTw79RtQMxgpz60wJpcBvRNphMf4d-cI2JlQr1sVcncLiW7Q6Tjf5MVfaSzz-HVMc8Eq5z1u3L5_rL70Ojx70pN_k_xYA7Z7nZn1QsPH1V-KFCu35ZZQq1MNMsk1oxE0LWf2Km5uwM6ldfDMml1aMQdLWpu_aaHOkj9-LzPjPaNRPUL7B6IJ2AbjPfoTxs9SECvTRVk7cyStvnBuPjqKksIlk0oYCHyy4sfOqbmPvCN2fj-dvbp7zzSeRzFc2yggv7BealzJFqBCWvhO6JkLDm7lr4Gvf-GGsRXQr6rqgNxvsgUi4f0QJs8qMmLaaUp2EEJ_wxwfhkB_rvVOc9Ov5q5wL3RUpI_wVWm0GzbVYs5s9PyIDYyje4GGep3qS_N9-tuCup3wYVA_Txu2-O2FzNsB2MxHtFupzEqxDEYoSM5zIGwwpZOomCpwK6y___hGj-bZJKGml3kH28ZiM4KeXXydbB_NXGMIZDHeTjNzhSIaBmhOIO49zZJWggpZ7ZR8A_S23ryqHm2iyGV1AeQSnM5hhee8L5NlEK-tg6Nk3HmrDu8EWGQJWD1J0wEYNAOdTJLQ7KlHawfp7JkN9CrtRybX5xLMcH6HPhrPvCPSkUMt4nAeFlxVmHnpBC6xmYJ0GyD1PJ0zRSf183gOb_HMEHNezITvMI6Illj8fXF8C99UvMIO4M_8fCHtmiOgMOo7YzOzuHFg8sq3ewrnwgna7oElzqtKh809LVtJwfj_HuBfb5E270DA4onhPhfjb0aidbhHVpuUL9L_adcef84s9S2Jk6JXLk9o2nZlB_huZ9P_H_3Sg4xw1BSnO4QkjUOjyddnj1kl12NTTsT4Wx4jgNz8IxQiRXmIBpQDgF-p-RUzo5-6OC4IyJsuokJ_BNvkX8fBlOsyIH3E3NvdGwMTlj_UlCdHvhWD0IBK_Q-hcnUtexmwDOLg-Ksf-EB0QxhFDe9ht2lgL4xsBd7SLEVZM7LXAxSq_0DUgyuMSfaTcHcYWj1kuvnlTsR9llFyKMOUgJFh37VshQiqxkIOy7LVF9wNWS0fs-33d42jjZ1Gu3g36WIyTswd5HHuLJ0Gr4TIPvPwjb6dEVjbdXbykos-gMt3JgRL3VPVEDlKXyb-n9Z5Ri5cJQfhJ2AFxrr5CVs140J6ODusiESazc2yCkw==
A Coruña,42567,5,Spain,2026-11-12,Thursday,21:55:00,este,2026-11-18,Wednesday,08:55:00,reggel,1,1,LCG,https://www.kiwi.com/deep?affilid=mihalymisroriflights&currency=HUF&flightsId=0b7707f0512100006d7c4ee2_0%7C07f0259a5122000022498b73_0%7C259a01af51270000b007282b_0%7C01af0b7751270000dbcf583f_0&from=BUD&lang=en&passengers=1&to=LCG&booking_token=Hw1ZzAFTA-OhlP6LuxJUDdd3oNYhNIsTACwGHwDPUwObg9w7bEdlBV2Nz3sXqj9Jg2NdxWxbpIjSdCg4VNI-wBV6v5ZTlWd9U-_qPGrWBl0-XK9BOWWTJtc_zHOmWfA6RAkLo1X74HpfQinvxCtueHJ0GRlRxx7lLZ11-85My50YDKcMd_RiP--ggsqPyU9cw0S3LeY02T-7FppGgwT7uZwKRfNOBjwwVBb-EYPAru1X2qrEHTCIJ2riZdZIH8EvTozvr_3oijddTB-P_6HtKmGgKQcV-hHLJqTWDRdrqFgiLZ60I_fE8u9EIDGGc2DJiUAZGN0o1uSeAHqSbyRXKPxX3Jh--tJ57c-rCkHrZBDn_W9pCczEREhiq-ClmKxqUvYiUkOcflFsukZhAoWGA5bnb5mK8yIt7x7froYLlt6lsTUYfeIgN7zesH-aRJuu-PosdhBUuNzTUHLAcFmAOilTlNZ67kvKGPhf_PWlRUsffqGESWmb30br8IU6siGhzEEdhSAsxp31XUHcY-pl9QKs-3yY3JdF5XgdY2OwjCtbK9RUBA8eVOZXgfaa2y-q2F569SAQIZTbxeIIm3QgdoTl9q8ST4OYz6EOUD1k9AJuh7-LlLOFPFwGnzDLrjZCKWpilJ9p8j1WI8Hc6HBQPWMviLLnxnsrlTTU7nPG2yi7n_rsKeBNxLznQE7W1mK99N9TD-zCNISxTQp_3ShFslF0OcEoraWVi1UeE_LOJF2UmZf67QrhTu07rXijsSEwsQeQ7EVxqSMxumkSXUtUFsVLXv1weQBLFOIDFq2SWfGrQwxXcdBMM6EqQIZ5es3beTs54q5NTLMWR3YFPxSpoUsCTAWMLpTuMAC-lBDzvrTcYFvEnzQaZzxQDvCyQeegr21sr20_T4Roc_8RIKZCEG74c-GbbqOCpRvmDZjV95wS2_-RY7UTHQqwx5IXgWdiRmHi-wFWAdX_OrO0Lx2w5y0NNw68h1h6cjKKvbytEiWCg3IGPjUi55WNzlWN36oBVnTNpfR1FKxZ4MthDjJDEBuDFAComc8afq3JUtNB_vz-TEC7qJgqD_l44S0t0NWSo1qdAN9x-GjhpcRbnfE3j3ihhdvdA4V7pCB0sBzyrLpqa8MdP8ve5XYgKbkyznBYloKmOkOv-In04mNWSy5c-F1_yMC_ZFdZmaPU8UWWRR4BN7f0__oAELHqs-YLHOL9DjYX6OuxUx4PFaoUKk01_roPYf0nA5HpYaI6WTyObBpQFBzF9mNmH3yxAyOIRe40Dvu0kf83THU9h0fgfdxLQe4J7EuoMsuiLnfbrvqW-WjGTX2QJA8mVtJpCMDprF3GPmOIgJt5VhbJsQNiSddVQkNVuUjWPrmmctxPWALmaAlY=
Florence,42599,6,Italy,2026-11-18,Wednesday,18:40:00,este,2026-11-25,Wednesday,14:10:00,napközben,1,1,FLR,https://www.kiwi.com/deep?affilid=mihalymisroriflights&currency=HUF&flightsId=0b770a66512700004ca59ba6_0%7C0a6604c85128000026c53b20_0%7C04c80a66512e0000300e01e9_0%7C0a660b77512e00006e04ff0f_0&from=BUD&lang=en&passengers=1&to=FLR&booking_token=H1g3L7Ex1pnZt8YK8-ymlYUxDcKuWnHI-x5WMxYFpWrnKtQPZE2uFnEHlt3-eTfFCyk8TGpC1PtAKjVTihwVbC4tt51pBhLc5Mw_RDGL4wEUJT8ZkJK4l45DLcSy64Njj-hPdLx7Z9f7DR3aKwVXFgjb97GkH5KByW6IWRLmqrS10s5zIqAziA7EA-4dXGaa5ItmObhcLBfAtNrUC2ha1rA7vCH0IG03Meyg1-SVvNKZEgBbc1moUzwWTuqZQgljU30lKf_F6IkIYK97auG0vk3F3siTOKK64gtMYTVe7TLguhkNFihsq4yWiS72sbKqL8BikdV2lg3bfoIeCdIwDNvEZ0UvuIF3xAGwVbD4IF_03vsasofMHPvkNx7osuNxEsJYQa3-9aPSozVBc-8OqJhiIGAGlBZoB6idgevJgBhsS0ox3vCUz9ABaaLmpZyMoNK36x2MbfxGtg1LlOLak9SPpkqB0xUIXvCk7DRsIxIwUhR749mLHPbRoawEdVtb35Y3oDESB2uaal_mTbxOQ4--iF4J74N_w6aXEpsBDOPapjM7bzLmuonNPBc0P-EY6XMfeETKy0SnkdOseM6n_3znXDRPuYCjlx6AHzTQwockd_bbd8q9D9BV53TLjjXLRdhGYu9ztAZXf2hEejMTelWXRHwBq9Skj7L1yZ8GuoHzxPvDLelw_K2Sdpo0zyh1rwvUGLIGMy-OGaZ6f2jVBIqTF8RP-IGxJupyl7FolBqBJ7MpqtU5ci8FS5uQrC3zvZDIqCoXqu4IisxiiO8MffVRCRLO-5uWBK1-KnzmsQex9Lv6_utd4MKXJCvaoZ_Hs0VFo35pkWRNKoes-21yETQKxuNu1WPgcAEwm8fEeu80WvWBP9GXzPm9T6w7BGnCVzgnDqjX-5vVU5CTE_KNlOTwFM0uAuiPIISQyyFGLPQj0eI5W0xs4XxU6EeXBwqznIZF16dJlGIMxKEx7xybtg3wu4Sfotwxxv-noE8TurTJGbPBHZAL0krY_F-Rjgu35SaHw0QTe02UG6HNDF4gJ1byX4xuL_0DRdGJmbpsLPVxkWJILsqeErseQhwSmcAjgwyI_jgFLi8U7m9ZUItPJz2J0FV1Ib5rU0t8N27HUCaBLxAZzJQFVgwfcn7PD04wqeXCduGLTomcQb46IzUyBb6XDoDt3ToJD7L8KpisBGPirhWYJd303pcLXpfb2vsp-RmH1gU1FBk8YsHXQvZzVuS8evJRXdId8mnnaAev16jRHUJH_QcO5mNMGmWXbNApMg3ACzxMruDomkmqZAW-Pk7Rhb4lG4ZVKK1helZ77OoRZs0vAcXQiqGIw8oZgouScOJwpKiR9c1ehbcuPdER_2-zRBAEpxHd1mWz9XcYoIlyDXsEmlNNUwIdLlOKfN3Ot
Košice,42636,5,Slovakia,2027-01-21,Thursday,06:05:00,reggel,2027-01-26,Tuesday,20:40:00,este,1,1,KSC,https://www.kiwi.com/deep?affilid=mihalymisroriflights&currency=HUF&flightsId=0b770f0c51670000bc638680_0%7C0f0c0fb351670000ec841e1b_0%7C0fb318ff516c0000134f382e_0%7C18ff0b77516d0000fd5b8283_0&from=BUD&lang=en&passengers=1&to=KSC&booking_token=HvrZd_nuJIHkHeESqZ0LSpdpiYBKkF8oQDH34ANPaDZKCzMKxh97UI38805t6P0pOG05cx_w6j8-vKGlTc7DaFNdxhKgZjnLzZN3HWn7Dqiskco7D28jpV9W_0fSffzKqfeuxXCqDHj5kuWQGXQRV7JBEv2vlOdP7uT4OA7516WBaetLzzE4KlScsDlU4WsDqhm0fNxHYeSKeskERTRKpy4whL6EFCTzDBjvvcZj3guZS4pd1sZKQSz8vI-Wyx667c3N66Uwv7CA3AWyLiSdmYFoeaJaUju0qrMu_5kGeVLzeMDO8i_-v87_l89Id4jduwU2oYxbIGvW9RCJNLCvIr-O0aDQ4eo9AeefWrBfSBrViua9eUylqx-l1sPRIHPai6t4uUrpd8axGdBThdbiXONsbt9t722gWN5G8wEHwyxaATsOmmUxv8O354qXvLKaih3WnxK0e-ZQwmEwdix_tja1IjoVnnmoa2pfEL5pPnjvvP0cZR3knCKBni5vqCWkGDf1oCUqbV0E9haNu2_XhXw13UzhszV20CuTsuNhvQ4udSiyNT_ZyqQVKakyuvOUv_briP4S-60A2OdufwOo6JD8xvJ_xhtDMSwUFQqq7Hviy43XxpHvrzvq3EWkNQRFSsbgPZGzUUWzF7abn6a-ohke5owUACLmmeAW1971O1RdE8T9PBdU65sgfTtoJ2Y-KRLiyNofgDgefTUvqN1gkLy4eiiimsmGWKYpcMfhHMHYRLv6KsHezMLCw8q1q2yEo5vQqTvI-LJIGNxYF96yCMhPRP45wYxZeHe7bCVX-M4Y9gnLdfv_m_Yla2cRufNtW9tUkXAt4QkOv6Ksdoogt2Nu9WSXhqt9wsbSplfdw6BrTEO_4IzqBv18trHS3Q-QEc7aut2yoYiUP20VO5HbiMNftSIOJYqJHlOcnsjTMt8tmKQhWSwjk6_1-zZZVCUGW6VF8HhQUswkMRh0nc_0a_op-JtEip5HG9YyIt0ZJARLdz1fuTu39nCq_vswoozLx7v5m83ucF5Y2SefW2eLSCS0uASH1qaqhH0_mJPLHIr7DE3plWaKEZxzxsAxGUfwDUOKru6-4MBjZyUrgCX4Z_NQYGRg0OlK01eym3F13QWfn_CFS-YMNI41PaQAVZ-ZhOdUswv-CGKOK8Trfaxkl9LXqL06HJgxRqYcKuWQTZjOZSiwPw4uY1GRDRPXm-xWVGyGJX6T0LmLZiBR3OXImM7-uEmiNN4e4LqEom5nkmf8yQbqN2FtdwHXlceUAqhqG9xvAj7x4yJj6Z3QQdsP-ipt8aIzpjxisEsp6_g8oVvbTvjit_yMP6aiJSHL5oYXN2RuPjQ82EuAeOVp_RLIGuQ==
Bristol,42661,3,United Kingdom,2026-11-26,Thursday,21:55:00,este,2026-11-30,Monday,06:35:00,reggel,1,1,BRS,https://www.kiwi.com/deep?affilid=mihalymisroriflights&currency=HUF&flightsId=0b7707f0512f0000c53dde88_0%7C07f01f2d51300000d9aeefe8_0%7C1f2d07f051330000923058dd_0%7C07f00b7751340000d0ed14e2_0&from=BUD&lang=en&passengers=1&to=BRS&booking_token=HlwcgMS9S8s79lPfirlz8_KzbdwJz76yPhtPJsFvxrEbDFL5K6J14gj-PWrBCBcYTBmZyYundPs5IYSXKsv8B-uzjOw8c0Jg4mLcqdPIfQf2CWfx24w99snVdA7W-LIXdPjiGeJT46aEDJEnw43HOZ6uJqY1we85sM-tDgdtD_wN7NJiCQ0J1XuVBXE7CMa3jYUeIPKeF76Id9u8m8F4_aiuaIJqqF07dHy7F_uuCQvxAxFQMrd9E0TWFVFeA0oAK2gufoInjQ0pnwa5fbQOBDmkc3A0_EPcrFKIQO3iofKEVdAq3q8iLTA1QdlV33ch51OFWafRndew3v0un-P-ozozCwLjPz12XhQoQ38OjtKY_pSi4G6lMOEOUq99mWzd4sFUkzpVXmM_s6Ik-zDNJ53PTXtaXpKqJ7sY0fubOGOhRXbbyK5mxpJ46AZ2A0wjx9JQJQT8vOZzW9svGv46H_HpEeIHHK8LAmHJPLwgq5ugqdPpx3LquLwfYbcgPfWU-_uccfIh63q07NGmSIPni1-O-6pfgd4rH2QfBFxVE7jWgzHpUl9IE_e1itpFM16zTJ-o6jqCmppaTSanolajhowTRt_r-MVlnEcXIw02Xzzo_WzieHzn0FD-DkDzrYJujeboG0KYNrN8kxJJ1IPZj6V_N-9TFlJOdseruQwYLDFzrjKoBYkDERFVKm-BxJJoAIWbb8UzuMLATNQZbOj7dG2teaajaibNpgmnJRM0fnqzIJLVtX-3I8NWUOO0u4DkfhE1CZVxRxup_mPzrVCTpJ5LLA-ePSzGiVRFQwbSFdZ8nGab5uod9CNDqBIo_VyBF9XFTWTaGmzygy6_ThpMzE8G2WJk1_hLdJwJ43LlkSYbjG5qz5pahguFPyfu5J_MzoHG2RtdEy9FkovAvFaZinPrfo0rnmtxqzvoGV_1AZlO7-JX4BuO_qLRsMn9ImXNjNm1izbbzWo8CHLEctBpIbhBLI8ZGFitk-zAXXoXE6ZeW-rO39_ByWPSv8dqiWuYdagKPSB6jIiFmJ9w-HLA9P7BCkHoQ4ZV-EmVOkDupf10-CcsNL-b45fJF0GWqrWsoHm4a4dyg3iGDZMmiiZobKJEDzcjM3xnb38GPDsgWBR0qb-Ulws4bDv_4P7E7SccB9J9EGPwCmX7TsPzBfMO-gl1ovwm-fqircN5AFP-08hPrhVZw6oB4u21ul-aKCVwmh5MuSewUFCUYmGnqs-y8BHPXgUol-SthFLBFV0_awrTQxWu_4C0pS1ijdeBGOFrWTn9prmUBL76Fg74NoxI24IgutF3z00dWKmuDELD-1mShjcoABV0fn8qdGj94S_wUhdvY3209nV_XYsaagER06w==
Toulouse,42739,3,France,2026-11-19,Thursday,08:25:00,reggel,2026-11-23,Monday,13:50:00,napközben,1,1,TLS,https://www.kiwi.com/deep?affilid=mihalymisroriflights&currency=HUF&flightsId=0b7707f0512800008927be8e_0%7C07f022ad512900004224db3c_0%7C22ad07f0512c0000dc2d4419_0%7C07f00b77512d0000a29b7947_0&from=BUD&lang=en&passengers=1&to=TLS&booking_token=H9Zp1cUwHvzoKJaLQkKZ4xWOC3aQtYV9S976PWt0OsIFrsLoUTiBmKKfSz9CdyrosTYN2Qoht_5Kq3Y83ryncTK_Hh_WZLRTFk1GZW4UMyS3CuZTRiuSbQwe6EAcgsZM3wNEKrETJzBfFCtIiuG3lozUmQxNR81EYWsHmliNSn-azpRrfIRrDjI01BMK361hwNMbzrGmFJYxVIiTgvJH4u-JoTSzyOektrZL50cSoBuAlA2BOX9h7FjLt9_NJq_na9JlQFhoIwSehitTn2FIsc5PCWPhvTpkGzB7E6K5J2AOyncfZ3016M0iUVu4In-_yiCNBDw_tl6QFb4_uHFt8wuRkWxI1FT8b_hY-6yhWS9cGwy8dbOKsrRhFRHwbCUj3VuMoOthyd6EoweCDi68_wCh1eqCtGKUbRI0ehhvsbBACdk6MgIMsSwqqO-xyWKy4OQjlKUy2gIesX1skNv_xq_LZUn-xQ16No8MLEdrNP9FtDyQbGTeKWX2EN3jifUtEA3vTja3-BZlYUKR-xG4230Te2sN7bFis8Szy4izqsPB5xOwY2gmtJKittwR78Iokb9BSGWdP0PMid0wljWH9L2nerYeS4vEYyOj8DMq_CzyZHgzoZBzU7VXKZEst2fX7GzzFIwJ8F5S-qlXuOVW7Mzc8xJLNaX5LFlQyLpO-wHVwYQKFz0uDbhvnqMazeXjpBEO5qsuZ-ydqeXL96NzclNQJmFDYKt4oxu4kdSeOEPiOXylL9NdqbbgHiGi89nXLENVJsXukY-_qPSadUJvKfAC-s78JJhc2qt5FtwMTyD-6E7UvnhpsLd_y2-SejXSmiG4F9WQpCokKCZDrLN2IFitwE4HHdHm1VT85BxL3udKmB90PXO9fjgXcxnZkoX4LVn4DPU7cnIoGq2bDquVmgsXe8mtduygi07VdrhAG6gALN7urs9GBt6-66JCnjZo4pN_VyITPIrwc2V2vu_QfGchQpUUpw3bW_IUztV8uKlveS9bukI1hEtxdGnXRIXoX-7rk8aFpCYrNNQgvtxAmkq7nvm2LuRsKRGcugV0xgZfg25AV_ghV_-nCMwdlY75Fr9cAVOJrBOxv4DDfDTCLjekH71sis8J3NbHhxKRoE3dcxWdXLkOASVvzux-Zq3vwqfzvaLpkyNGjbs92uHAxw1UztHb_LWQ_6wVNvaz9RYTTM_dIftjFnNbAgxyCM6T34M7uZ6O71lGNugXiOxByee3aKMBcc08R4I0mCgXy0tw6EqRJIbj_p-xvlUY4tkI39JiFFVq598lyOzqejyl0nt5PVSsYl7Ci1DZgk0Rx77dQkb1XkXI_UyNWFW8eWs3To6gzNZBnkNZ_Ep6jgqy66BGB6IawuvAxoyfyqQNRJWnBWVAMNxTz0OclNwecWDa8
Tenerife,42754,7,Spain,2027-01-25,Monday,06:05:00,reggel,2027-02-02,Tuesday,18:05:00,este,1,1,TFS,https://www.kiwi.com/deep?affilid=mihalymisroriflights&currency=HUF&flightsId=0b770f0c516b00002ce7125e_0%7C0f0c0347516c000083904cd2_0%7C034707f05173000029e2aed3_0%7C07f00b77517400000961cb5d_0&from=BUD&lang=en&passengers=1&to=TFS&booking_token=HRVz1R3zJlK9tiiJZXH6AAS4Z3VeJxvNXfx9THd7KlN3hcixyfaVr5PHQd1Txg_03Qcrq5XBY0Q5GMExkXdbNLAQZjF4VTS8XKt71q57mpj5QgkJUMrJj9o0dmXtjCxmz8jKcMMbmuRQRHa7zmV2pzZ6RPBTc8qLPg9jLf91WRPTD_zmQafBZNNe9urHuDTeLX8itX0LxyDWThqyRKGvFCL6MXqlR9EYqk8YyGr6yv0Wv54gx6-VMWphFyg6ypz_R0L77S2mDSQ-HW3I7BREYEGtOwm3l5HEMuZej6HFKjZYV_1iBeKZeFZJCrG__1WnnI9Ld38M1MucjzICCbG7ggn28oLQyfrDp5EQik8ugZL6_CD4B5KHeqaIwMZ-LdQd5uBfCaQCNPLicBs3od96ek-C8E6neFA1aDPSS-GI8214uAl0rzDgwYVyBlipouNMtSfIO3i6Scr-mgpJmb0Xzw_YjS5X7Ao9zV87Phwj6SjZZEM7aohFlBZ-IPHG0xZDfeT1yi0I1YtFQgbgW74tnNZmszlh7Cf8-8Tddu1NFVD2Whs2O9FcBPyB9E_33RRwF0fnST5XtFkqWPlFewLr2RqrD1s5EtHtZoLE1ZBrzJtHt4HaIbz0caUAimnTBa7F_rPFmld2SL-1GRpQhZ20huf4-dttagKElsLRpcsBL32cjt-VYf4oxNGxf7aV9ouexxpTMa4n1L1RiQ4KWa9Q1wyHTxUDKAV6kTzsd9wy03fpP2ejd5ciwGRzQPRJRByhmk3ikZm0ea00RPLFYO9gc1IR29c4LuOzx7dkuxdNe4JVDHyAl0ckBk_2B3czAunOg0eywUc9q9Kepi3rahiRw-_3OcksUyEzjewpUtanNuFhW_3u0RXP_0KeYuEwHJCV52uuFvPh2bPdJVcZkJdYF4zeaDecYB5HadAbw6wIf9Jj-0R5cXRL_oix4YIOhneVoLfEFd_8aX3fpwnu2tqZb6fc18LKBbmgfiGEmziXiJiraU4eCsU3G4vQ9GxHbGAaSGjNo0lrSKJ10K781-TY0FdLxBb2WJz0_4zxW_xkQYynqucct_jfJG7Jky6QeNfLIbliHY_Tt93yhTIcgxMA-mmFl6dYA1njl0QA8Z19WF5eedODXEiy1EZRd5r9UsoZT3hquPUhTW_SF0lwbcDN7JKch1uR57xhqhYv_g2eZ4DcpL7G3FWa5UBjGMjWo0tB1zKFX8tlYxhgcir0lIHJwel0kYI_Fsy1r6a3LIh5EQgCAFzFmpixev9FQFNMQI2l4L0iR4TXLIvGdBscasPlKNTpgNq478UdjCe0jD-qufVsWjvfJi0i1a42gn7lOv9z0W_0duarHdmBsQ2h_iOqmXKZbJxyImkdZ8C1UQuaH53w=
Dublin,42755,7,Ireland,2026-11-11,Wednesday,10:55:00,napközben,2026-11-18,Wednesday,06:15:00,reggel,0,0,DUB,https://www.kiwi.com/deep?affilid=mihalymisroriflights&currency=HUF&flightsId=0b77125b512000009b0e6776_0%7C125b0b7751270000a2349d00_0&from=BUD&lang=en&passengers=1&to=DUB&booking_token=HqYm8ItBKPLInfoHjyiFKwa76KVwOpC5yVmwjfSr2FyyoLsUv2nP24messV4Kgu8p_QPkEwhRlqiHNEroMfD_0lbiS-5i04lucCldx_ch27z2jnwbbcx2kTm9d_FcS4JCnA105XzxvBp9zpuB_TBn5ljR54mTEsfUcE1LwJACBwYQF-Ueg6TSa46q3c3-xGFlIahwnSR6jUTGB0iJ2NBgZMr2mQ0vN0_aJSOJTUWx4wVUUhw_dpfhU6Yr6cFmLOUgoFaRiRl1DTlDoOSBDrHt2_b3bzSc13LC0UACSNwWDKkrAEbv67f2ZGyvSa7LFnW-faEO964VkJfq4k2mBTNS9X-xFeq9aZqKDVvO5T-044njQ39TT5wXi-oY2ci9zz-oeTEYR_lzrhfPx246b-ZVvnvhx6ufp-AwXW1m_Gq3xnbcBgiJ2KYuMtBo4EHQQWRgYApQFvAXk-n2YsmASZ_TyOY2rp55MD2VzIXzWrGEufji-svoWHgtN-9UvLGe4jeQO_02EyLO5gVk1cPG58o4SMUq5lvYxnUXP49J152_iuYY1eHM6BuV1CcFejXemiuYaFAjW4FrEnk0spb3ZjZE9_seYfwHFgeGyoID2_vH4KtFBdttfnQ8VlL_uFSdgmSX_Gp513UW52P4IrcpbcVGHnyH2ib53ut72g6v0Tf7DyZbTc1cc95DrLkBlhQj_LFXRryOBqzx5AxsA7QpdCIcshBjwir3lpUCup4lwo2PnPkirD5Ci7KZsm5sk-MOdS8L5HzGjpGk15LzzX0Nz6Rh20acvvz23LPFlTUN5eKrhsdcyHxXzWfjNQ5nZJMHwKPUeubiiKfdfCejgz-aiEYpAn-pQycY-EGL6XphfwfJkvWdqMavhGFrPbiKwMcfTzPCAbyRyExcNRBLWJ1GHAgHPBrkV297pBAQXjYIG5AwGbURaca1f7Uo2TpzFtR4tWeBcMKCf7oVfbRozyt1xfZOHVenpKOJzFVh9IofO_mte_8zJu5c9m1I2K-BJHiHQeWybCEHmwUFFt8lLpDKXwb6uRbPE6kGGkjGJ8iLewgZJ1ia1le49V-ssAesKBaqk0lrZy2T6mQ_WZipS0Z2_6F_2cZDrIDf1eI7BemTIPLiTeBxym8bdKqs-Zevd6rLEleM_QzWzT53i9HM5svStvCs8L54Qy5-J0pN1cxLVvDcpxk=
Dublin,42755,7,Ireland,2027-03-03,Wednesday,10:55:00,napközben,2027-03-10,Wednesday,06:15:00,reggel,0,0,DUB,https://www.kiwi.com/deep?affilid=mihalymisroriflights&currency=HUF&flightsId=0b77125b5190000024a0526b_0%7C125b0b775197000056f12b86_0&from=BUD&lang=en&passengers=1&to=DUB&booking_token=H_rkFRMKiZbJ3t-hZJRdRq4XHaxTnaLvHaUNMafezzgZVCH21NP7stiEV2q_NCX9JM7AIQUmq_Stg9jZrfd-_iIPl4V5vqekSjxwb9o6lt1R9fgBnE1oOinEuyzjysqzYip5z36XIvYtIgOWDz7Q_y4g1cLvBc5wvy-o4r2mfWi_KnmXz149rjgt8E8tzkjnM_BW2CGQxP0QT5qkjry_TU84bn3tlvlq8lk0VdKWfo56y-ZBs-KhQhrhsG_IdLv_DifXkFWY9t91ZMZKBX1AYqQ3qs9AgwtZJIrB-D23CsyTv6ltaHeJ1ezQYtTB6IcKxOjm1qyu0wcdlmgRpBqhVG1xFjptArhkdDEJNUk15JsGWxfadaP59qMLYWK5A5_e9PE3iWNSblCxwk5i9ETJgya1Q2cOmN-II-yJmA4OuvDAH3bBUPv-orOHO3E22XzboqmENp4LBkS2Zi4skukYYlVELWMeSlUsislRYUspNm_vGeZo3YdaKxb0EUghkgWH7yb1IkkYlG9MZwqY06IW8kyrOti1aOEVRYXKQKUmqWuCrmFzK-z23XCik0-RgoWbga5v_XVSRsDqQ20k0JHBld5B1Nnd4sIbnvz8_FW_mYM0jSi7HooPCsfuc-ZH-v9XyZIH8sYDsd-YbuoZjUqxJ3frQpa2pNiVVGEsD59UDzp69h1aXiLC48r-aYGnaKA2QvssTtVM-I8qUbZqcLyrkFVdH22l_3hu069ijclCHrCvVIH3bZba7Y1m1-Ul2txf0cx0bwBwSSCnfPQAMbZuQJeY8sxRRYQVMqGidu6Dq2cddRSNjgVnenvOMI6nrf4OmUPobJR2wRm0g-ctczSLZsdnLN4EjSoRfWHuqMZxVFWJIWOm_dtDu8A3K7VwBToCnxqe4hMnBaMupRk_nZNRr1p7QsY-wbc6ajQsQLS3TI5G6UZbpjlpeMVJix34ZJp2R9k9Vrotnp4Ku4SpuajTIi4tPg4LwewJwT3Pv9h0XZUsAgORUsiwR4yl5gRSjpqCwdg3RMA4FH9D1Kyt6kr1YRd8GkJ5CaUhCPEde0b9kTxV7f7iDRImtAsX-sqXuN_8IkzaLDA6RFMB0j3xqXXUg9_iXM1sV-BZG-1Z9c0f-2upPmdH_Npr_te7Oj7tq8PRy4gRu62gSLekXcWiHiJ3U5NWDCvI5Fsewx7LaMh_cVqk=
Luxembourg,42849,3,Luxembourg,2026-11-26,Thursday,21:55:00,este,2026-11-30,Monday,08:50:00,reggel,1,1,LUX,https://www.kiwi.com/deep?affilid=mihalymisroriflights&currency=HUF&flightsId=0b7707f0512f0000c53dde88_0%7C07f0060c5130000019afffbb_0%7C060c07f051330000547295ae_0%7C07f00b7751340000d0ed14e2_0&from=BUD&lang=en&passengers=1&to=LUX&booking_token=HLoXgfJo-rMAqlqa0Egz-8ZinWDIQQo_AlK-1ae_dX2GTH_m3yKqjPIE1xOJHbiF13YdOEz0Cr9DeB4GfF7XBDk8OhLSz_0ieBOFgfq2EgHfnjLpIaX_xH3SqbIfZCKuCQH965yr2Nj4_G5YpBj6bJNfE2kOLQl7GU1oazXn0TbDZanJ_mPpRR-FR4vyeznQpmdzLHVF-P1HsCDxhSwNOIZ53fbWEPFRz4mN7Sc5UtYkjzLRd_pP13S7P2_LFFwN5vQGeAuNOWHcbJdVOQlJAm5ImJAHQ-U2ykmFqcTk_6t5QeXpZR4GHR1THQUSb6_tSRHGVMyyooNZGvt9boaEZPGLK7ZuY6m1jENHbYd3OdbycHQ6lJJaygWZY2ed-XDI_fkGOHnAt63APjotRBmCBNKZUHCyX1WAoxhLQODDW6mkDiFnwFSsK7jPhL35GW7xYnsc0EJkwi-i3dBn6fe1Q3qyCu5sG1IWGdm4mMyCNSEzO-4E9Q1U-dvanq1AaIZz9jqFgjzqEHYohSPhVrjMnZkT6NWJelZfOv4fqStbTtL4oF1FL9BIM4xnlLSdFHtHtg2glFuR7AIN0xY6FusPhy1rEnCRPIDlJDPOGEML8WdgMwl--hkJTWT_qHDSLyOmkivTkYHi54oW56vaPky5CoU1gEmR7fOZgerv1ftowVXLt3v7KhEuDrSos3WuuWqOAN8sBSPa1JpsAAOrIOq8A8Iuu00q2Q1KSztCsCqv9BE7zCkLYJiZYm84bGOwUtXFyKxb0cNxJH8naZ7YAzuUrepWeVS1KkNBwxO2V7CUek0GWAR211sSIZT9mHQIBxupPIk2vHsw_jrCj2YLTRAWguShAfOdpjQu3aGz-KOYJhj9P3v6U4LHmGfhFLkPxwYnySpzvpsvKYaZw7R7zMfs7_NPWjyz_JI-AO6qw5UWX3FZLocnY3VR4KqgvjSCh7e4IYK-8IQ9VGaOYEWUN4mbQ6lBSGrTnpLSZhbekmhdqijLkD4X-w39NpH2l7CC-hd0YkOYmbDJFwbyPW_9hiWFGN5ZucFdlkrD8m11bEhZ7YJ-28-UQx4KV0dIRHPCrU1hKk2lZ9dpY8gQhxcPe6RD36vdoQFBxwxKglfJb4PspomVvtlFuzeJvGpWe3fERrFkYLtR_eqDs77T8hHyIFIFTb-x_knTO045DNc-laRHJkgA4L84S2IIgVLDpqbUiJMm5Nzer3pJEE0mmJTDSKpq8kDTJnnoMcd6Pm95pmdpbASqE9RPyUk4tprr9j8i4kvWeVU7Z-F1j-Rxx-jvjqT_CUI8YQUyxDvsvaemcZMLV02-F1WN7O_1raXAcidESY1CEQWRr4JPDFjJpEVV8RF9LQTByE9dsq-3rTQepcI4T92g=
Stavanger,42849,3,Norway,2026-11-18,Wednesday,12:10:00,napközben,2026-11-22,Sunday,09:40:00,reggel,1,1,SVG,https://www.kiwi.com/deep?affilid=mihalymisroriflights&currency=HUF&flightsId=0b7713d451270000182c0bd0_0%7C13d404aa5128000086f6db36_0%7C04aa13d4512b000086ef9069_0%7C13d40b77512b000060cd45d9_0&from=BUD&lang=en&passengers=1&to=SVG&booking_token=HVE0BqSNqVSy9raZhv_18rlG7CgEx6nlyQXixfpx7T2Cqf3zp7g5OIN3FpLOf7RNCkM12ybNDcMZCSW0wcEgYI_YKOMBc-mW6istZvTfXE9-rSNOe0yxV_jWosNj0nWfSaxXjRWSzNwNO2HedCTlC_Z0AlglC85XXNFuwlFmvjsLlWzP4ZUB12ycJ8NIbNh9evMSi8-3YF19N21qat95mWcmr1bmTaMWk18tv__pm_YhHokzry7xoNcS0oiTg-Vbst2N9aNjwafZnQHBLMcOVB37oa0ZxymvqReaOiVCNWU64y9o9YngaqemD5F97nIyfalNQlPk6GojXMwLEaYTh8vHPUQvrdQ5oGYHtqSoXO3U-vDSW_NsTNXNJ2-PqsjyuX9R6wV7lS8-SFaFHGZa8u_lXJrbOb0wFphUyzjmiEOomGHM_5W_Kq7GbkFATsAnLn4SWUQvAameFeWsEyOrxZgfNmtKlnbjUY6giZAad7q_foipFn33RU4rzWaaCtaEyQRnzpupsdpyirovXgKZBEZv0D1cGlDp2CSCJoSchF3uQtwcgkw07UHkkf0tDRAjcftbVLLCyXyIYkgq_0K2pmtf2e-eRbHRYvRAxRh5WzGhvInEld1TG58YEheAhIA5KutsGizqEYr0CpMR0iuPteS3Y-sBem3aaOE3YHfRVYCJ3dfjoulU-hyz7SbvGzJ03AR7nBtjKXkvGbt5MQxdM53VgRNLIs4fZ1VsvQ4sCH3jRSLBM9a9OpJvuVw5EMRqPzw1HBZxGUEwljSq86LWspcudP_zeHXmrt87DFwjp-RShtlwwvmPCMLAh1pgnb8HvejQ-mcSoDzIEzU_v5c1AICeBd1itpNZUS2Nuarj0N9r_Dl8GmnzL-v-REMXdxZ1jnwFpKn5CtqFmtRj2JVuYJY8IGP4Sduq1xWOUDrwg5ywOZhrXl_193Pq-AtxjMp9VHLW5Z95VVO4hlqjpdWwYgoKIlGjT8YlxnR-ekBXq976RbLbOEdTRPItfq7PYVe1etG9nLOKkdOmOZI9EOCHrdpMx9CDZgIqG6klBSHgfoxktFtGuPR3PYX_xtdi5bUifq4ivV-qek_a350c-mXupMrosxdMqiUDN36h_zvqiRCwXYdVIkf9Eruc99S3wghZDwQDqGIusczzx1YDopJcKrLxXuZcIr0BgwHdXeIrvU62drgoxfMkUgd_Sab4ziseugQaOW5BCJffZr0SADzM6LWToGp7sf2fYMyqrbz63xblICBZ8lSguuXxhszDmEbu_i9DmGdxEN9rsXPlWJ3KRUumxNWYRjJcrV7tzj4_c27qe7cBKxMrSvp889ospE4YFLEp1rtPIf5EAIFZHHWFNYwclh6NuNFeiQQilfRfHB58=
Košice,42910,4,Slovakia,2027-01-26,Tuesday,06:05:00,reggel,2027-01-30,Saturday,21:15:00,este,1,1,KSC,https://www.kiwi.com/deep?affilid=mihalymisroriflights&currency=HUF&flightsId=0b770f0c516c0000db0df956_0%7C0f0c0fb3516c00008bea61cd_0%7C0fb30f0c51700000577046ed_0%7C0f0c0b77517100005d251a25_0&from=BUD&lang=en&passengers=1&to=KSC&booking_token=HBugKJ20gT3dDRaWc5jSQZm8Jp1GvGa3iVcr22Wwp_iht46QMGDT54mJHigjh3_giAl7LHd7kZczMNW6B_tvnjIkpJyEIL0-thyVraeSWMqd7wEVe44Gu2Twfpr13Ai3PRbSz2ooZyGa-RD0AZx4pUrjOxXrS466BSEJRs6fwqQE236kPtib2o_9l1Af0qosFODVM8FArui06zbNtqcGXL4rUw25HVUalgZe_03U0DLy_HNjkf9Zx1RG00PZkDhLuE45uKqKIaxyOEVeV59FJfLcdsAuP_9rCg1qmDeAIUJAn0AcKMe9DZm5xZpIltf0ubS4eqsOb5jJIz_5sANNrmtGKt1x_5QlVcHdmCI_xJnB7wsd9tnHEjsiFBmi5fu478GsXLJ5Bjsj2lLqteTeFC2vWtCUG6vA9KmTniYCVheaWG8aiAAI5Z32UxI_MKDLo0Z7YEJLH6oo9G56sKdFt_k8b_U1cbyTjqsYMiyQuCRydL2wZ9M6tHHQ3zxdBlbUVJv7ErSQd4go4MU7o5ZnWSCFd1IizM99yqXPqjMCYA2PR3_UcF-WWm7hxzPSsykRG1uIqRpTlY0NDGbkeoWasr42plgGVz_Xi81wm26iXrc6TVL-vX_SVa3XzNah5Xr-rqJtlIxKTusZtuwWU3LRpHH-utFwbZ4QcFkE158qWxeBX39rJmQAz5aFsByV_V8ols9HVuCl-oBuGNebdw8b_heRL_RpGfvblqVKtLZtT8hmwhMI9v5BfBxTh2EA3ZW7v4L1aDpEqAM5u9Ncans8T9PfvGQB5A_6tX5bIuxVkht4V9GXHf2oySl6CchH0Hpw94LQ4K-HI_6Qc1ov9ArZoM7JDdHJSn2zMIrGdAom_qcNsKcGTIwDbBzspfXFxnTXuuO252l1v_7YlLfqXceVxVC1EtK8pz4IdOaqd1dVrTNk2C2DtP1f9qnjz1vKYW0ecvEAE8x2tpGHhWkdoU_pjVuD9-DR3f-vp3NXEx3DX14uB9JLItfhDNz27GgjlttsqE5y0KE5qSGlFvBVZ1dOrmv506sjDylAGNDGh1ULD1VhUiNlrILajrZDtDB0KFvENjDzVEH982h_YlhcllrMYXz6kheS6tdSLaixYgfNZTQbj8aJ-55wxalsy671ps1oGAg4XRBJ5XwMPU3irBZSoHRn0gRGmu20BaChrNitTox0GO_zXJDhA8Rw599lGmnL5AR3NjE9ks3_VQJBjqTcR-G3PxQU0NVPxDKbpZEXcbkrQ-gjK4rGnGYAx_XkNXBIotn5TyOcMYk3s8KdATNnXU9yLFEAgs2Rb5s1cgU1b4RD-MrGkXvLsKIKfYzXKQhAGF2dknaJ9yvlO4tztTamBNg==
Košice,42910,5,Slovakia,2026-11-04,Wednesday,19:00:00,este,2026-11-10,Tuesday,21:15:00,este,1,1,KSC,https://www.kiwi.com/deep?affilid=mihalymisroriflights&currency=HUF&flightsId=0b770f0c5119000037f2c920_0%7C0f0c0fb3511a000072d2c626_0%7C0fb30f0c511f000050ab5cfa_0%7C0f0c0b7751200000e3d7a45b_0&from=BUD&lang=en&passengers=1&to=KSC&booking_token=H6o0aWiWjOddxtFXP4U4zl66mDtnMJrXuLx-VvrG_D6Av21PT4KQut4D4gSfWyzI_Lzs4aslIePq5SG8cgsJOWiBd0uOLZGfKSrnqJTB8AZ1BnWNmf3-KrBLVCnyT4sxu6RgwNbpb_WrGMLTMnGXLafV3KSTo6dy3IvJEhvrkSCZFfn_6HQYzycFPAw2AEsUl9nG4OGe_CbIS7fAioHBiM7lZlKVo6_B8Jye24Ldk2I5n3ZToIm7VOEt0ViYW9cX0LykE-q21LsvB4yUlc4pQENZJYKw9eFT2M3RTYnWlckCh5DKzl1NR7YLNilQkCxAvYfZKuCnHX48Dc_8ySJ-xwGVUIg0r0ty5PVeWHtNKGMKs7LULwbxMDM4PV8gXFud-eIfXkwQDDzPfjSzSHRVDFrLlWZ7kctZmcTJQkf2sGUnRcZAkdbctHr4VTomYRZr1Z4uijihcKFkRqJUEZM6J118aZJDdaZauGvjRzDV3jiAL22gHt3Rr8qffOyGOSVfte_YsxZI6jgYBHnmzZCGVl-iti5fVlE24QC2agY-0jXz0r2YupZn8jolxplb5-v7th-L4vl41erK6oSviYMTjMAHAqSWb-SPBImXZMfSzGrFmVGZBHbZY4c8BqV7PEuiUbD46GHiqq-NzeRrvNQ30xtlLR8aumWm11_-4YCDJpGSdCe9Xt3w6qAbTyQvt5lcbWgQzFtPGYGSUpoOF2vy0S0plyN-eSM7UZq67vLummp14VdoYeI-sr1T2yMrTzQxm23yoQfryza96rVqShewch28mmsjvNWmKyZawEYj2hIcZcXZU2NdDjvteYtes8v2_QVhKbmYeiczZ96s6tv3NVJbG_1KR1r2lNRHvE_ooCypRfXw0EaXdGENm-IOfeRjSaiJMQ-nl034jkZLrfuytP68R06OBmD1M1StS80Ot92zOKZTpxERQ9GbiYpYOcZzaXA152B1x77mWzHWLx1Yh_7RV7dQiFBnWIIvaUad_v-WRn8ionsCQEuDGVd4rVIjYXjJ0ygQ1b00D-t10OybZPF2TTs6Pls-laCtLGPlEBrbe1YAh_LsMrfk4C3bLUidkz4T1A29OU4Dc5aDBv9BWl5Lb0M0BYHNvGVgKtGeGUA9l3KS15kf0L8PoIZW5UdAtHmFEkyO-KR6mpB221mfvlZNIBvMuPBucXkxDD7quj8hOniVyA3pjjcTAIibFni86tv6M9Ik565uDvlb5hri6nmEfPyD_8lOzkFIB57yQixkIHxXPn7yy3DlkDSMJP6Fpg7bCq-ZDv0YcNfh9WbqDUEDKTxnoYB25Dbf0MtF7_Qo=
Santiago de Compostela,42955,7,Spain,2026-12-04,Friday,15:45:00,napközben,2026-12-12,Saturday,11:45:00,napközben,1,1,SCQ,https://www.kiwi.com/deep?affilid=mihalymisroriflights&currency=HUF&flightsId=0b770a2251370000c10e17e9_0%7C0a221ee251380000644871b3_0%7C1ee20a22513f00008a1c8388_0%7C0a220b77513f0000ea5aa925_0&from=BUD&lang=en&passengers=1&to=SCQ&booking_token=HxbMAnVLYZyc8kysQEtba6x0DjcHJM9RlrNADV71d4pS8JMOIQGuOoenpDfyDEYXao3B812oUn0X4yeUCaBUJe5llY2k58sfMgHwgFLDl2UJEdHGR8CTjwdQZMBBbBJXBm_QTBnYvRxAWxiLYht1Ye_1HPLZ2uWUrvBluQzqF0VN6k6-IYerVrMjS6TU4F_6Cv3rO_8uqEiELTJqevgCtVfp49YI0r-BuYcVQhw5mLoxB8_vpufA1TdwjtIKsH2-5YsA3crMttEC7ZVZFwJKHJaa-ESYVk6NbKQ8NMRjRaB2WwtDoWTgxgQOfe0juMUdMcxKAamVcOCxAipknk4oTOw_lNWOEwy3gg46cpyOfBvKF7Y-ANe8rogAQ_BjXkcoUkkr_E4WmqzcZrIqan7GfjDgr9lnFn-OznGMom4UeM3FufTLputz5kJK6-CuzcyrmJNKN4UCHezRS1hjsvRIaUBJA30i1AsunigEFThYNKS8SuW-4TmO1G-tXG-hKggMj8OZZJCE-iSKIxn8-N6UyopxEsOI8RR-4ivCetZPvkxc6B0ujRHBioaZXYRjqojIhYNP2DTJtk19xURYnPCNS3GF8lemSE2CWbzbCZpLRrWka8qGlWSJn1AvMWfcs_WVNf4XUePQ3tCLAQwzCc96wfXltR3qLejgXEJJltx5LB6eIWH5GF4hEbbZN0vocdAXFGnPSrz9XyweqbeCnKqIDubIbRi2T9nLFS6PPRjaJJJ7rVcM_wAzP_fwYkFMHztwd8Mx20CqUz_T69xFDskEAhVKJFLVI4p93YMTRyLCgUPfsD7GMoBigfoF1zQFhGx2foVN5wsj7wLiIFkk_zqGbq2WPK4UCehKuJnL3aQYTMkGjWtGphFS8T1b1kgaOf12Lr9aZ1bm-wa63B0spUTt1SlEXqkpNDhnr3jLRsWDMxqpuwIPf86Nf_L-ExV6lH8NgJw9u8Nxvrx0I3tnE_LsbvW0F_lM9dG01hHR68b3hYuX8jxJHJi6Pxatc06I3l0OGWEOEKgZCJPFvJdiJ7Mfbm_bULxlyynprFIxdH7dtUvoq3Or-8eGPbjzPY3wtLoc1_-tF4R71Wo0Mtd5x5SZZTU3ACtADeDapQ3Zlb_0h0Ih2l9gXOMKkVCMwMrlEiNRS6I9wTD6UNywWT-Xf1XvWrMrTuFB4b8hGh9kCDOLkCkr7zrGUVbbdm35T-Jv-akJDdNL85ovG6HPgjtf60c1S3uHYHMsIrQ2WWWb0m6K8BCudBLMRP579I_mWCeGnDWd_UHQPnSwBX6LAkAfiPrfa9c63xDh2Ldovsh9iahJRif9R3YSj90KOMH3EW6IUJ9wEC5EHM0mJUovI_Za1UBap3w==
Santiago de Compostela,42979,1,Spain,2027-01-11,Monday,05:30:00,reggel,2027-01-12,Tuesday,11:45:00,napközben,1,1,SCQ,https://www.kiwi.com/deep?affilid=mihalymisroriflights&currency=HUF&flightsId=0b771414515d0000acf0c470_0%7C14141ee2515d0000b82a189c_0%7C1ee20a22515e00009ff788ec_0%7C0a220b77515e0000ffb1a241_0&from=BUD&lang=en&passengers=1&to=SCQ&booking_token=HGU9kO8RRE-2AmMpXUQu6N4lWFRvHm_wB5b1e65MHfNw3Wga3yPy_AI9X5bUk1lq641Ln6DF8KQKkk3kroylMFiAHLk7X5hQQPmM1exE02U2uwTHlfXCvnbPiGmhm3hupJ2-NxEZwtrSN_NOz9FazoIsa1hHvEw23YQ-JMaSfTzr5e8-aSy6_A4_pZ1OM0jXbb58jjavQ8yJbz01dqSjweUV5JJ02MhM5keV3jAp-2s8nd5e0ui8S9tUJg3jrtKjaAGSXnAx2v8eTcuKIhOLdjQCvHvvaln7dlpoVzpTCtUFto23jU4BkR30j5owVvKQSa2uWxnDkzpVB5kA96dULRN50XLLJnQEXStBOfSo4-8j-QQyUHNIBEmzh5rjgh7vT-THYPYHtqO2njV2s3BtBbZZ1-Ps6jC0Ji-n3kR1SUZOv1JA4pezP3LajaMHKUFuh9hSt9kZEEmQAG2GbXvJMPUdvqKjUoDezc9pvB9uOTe08koPTqlw8gja_iZp_HLuShO8LWSVZLLq8gpCjiRtVxyw6BD_pZ-A_-6x5zUC-uV8ygL3P8_3LNqaOcw87ZEf9-4wYEgvl0SFiroBFHJ4lofMo4hblxbdYlUtQaZIJHxyi0jY6x57pCD8K-DlXsmW6aYw0jKTyYZEKOFTBYJMyIs2wAz1a2HFbiRpV701W8J3MO0TM_Acis4ty6YvxRdMUL5Bt9_TvIzIcGGw-FVRAeo3ROKGDqvHbW9Q-WowAroCzZKmuatLcNx_pE6Q-VxtCs1466KhDJEq9r2lr9E2c1FdNGUTFTmWUi2Wqej9EkiV52RC1LbT9cB0dE6VY9BxJaEPBWvBkidifAJ36CYCkGalwEcZh25wvVdkWmP4bv3waHAjIVbIm9JhBfjsxL70TRLzx5G_-lLIpbwnFRYVvfX2nrNB9clH3Sc5QT-t8uFfjikOfnlx2TVtUyHOTO8LohwOKcSCBFUIqN74vN1v1KOHPRpD38KpMpnZbRKoynzQ7-Ak3UmufWCRe2XT69x86dB61m8-Zs1uicO4C9ZRC3jrORKaUXSognPeJAovbkj1T-hhdCMj1Ck0i85TiZQuFbeLDBMTZB_7qrJYfEZ_ucjHFYS4ojnfQfNcK0-emgYT-Jb41SVVUH5beLOI_qG0QxzvwNd1EG-3covNRTWd4-2xhargrzJ-wG65H_DVc8ijYz4l5KcA5EKrWMm-5f4vCRNdaLstV95ZiIR-LXyVtmH2JWRljS4JRi2mG_-_i5HHb1mY6yLcGrUDNLsSEst33kRxXmbjcEm-HHK0mslPWP7PPC4evST2YEBYnCC5xvjT5S17FIoqjbBnbj-VOQt1fQrofrDcDwFBQ_knzeWQvTv17SUCPCERw028lBT5Ir5k=
Sarajevo,42984,4,Bosnia & Herzegovina,2027-01-26,Tuesday,06:00:00,reggel,2027-01-30,Saturday,17:10:00,este,1,1,SJJ,https://www.kiwi.com/deep?affilid=mihalymisroriflights&currency=HUF&flightsId=0b7718ff516c0000e1541e22_0%7C18ff0768516c00005b7ccb9d_0%7C07680f0c5170000004284e11_0%7C0f0c0b77517100005d251a25_0&from=BUD&lang=en&passengers=1&to=SJJ&booking_token=HrS0KEUKt4NdXhsZFoTBdAFPo8_XXUVkeQINNl5kSj6UfZLnKUKC-lNOoBX2qAFjyeSfhmo77Od4Z1hV0KsIxJ1k5ogTl1LQV7eCyofQ21Jt605rqctZUt_SYYUBBPx1gYv464oa7q-1XXwvfad9Ej5lFPiJ2x0fbFpeQ5k8SVYAFhY4jx-BZkTgVmz4AddS4bbp7s-LmYHFtqDF8FRl7HxMQTPosnz-nEBivckXv9DzrUj74klN5_7QhG9c8xCJpe2vsON3vKDKQ3lfF7dW38yjKcUrmhtKvhUhhWI2XDePSZ2pqlDqrA7Gj6SU64pLFUGK5_wzifTqy8vhjITQvNMiw2dhQq_dW3lzLxX-1c7dDssKbpLS4r-i7tXDanbyLiSlmAP3H1UM87G9uT8mb3PMfKqsvQf2qHdX4azqGwbaqIihn9bSh64sJj_UsEjYSIajZcfvCuZxxBq-WN5jGKZ3N59eH60ExopaP89mdw-RUVYL8S8QAx773uF2eyjs5U_WbBB3Vbl7ShvwiGEi3vi1y6Ucxy-Yr71zXY0bkYRScBtzKfIQ_GKVnx2gc6YeJJzUiTKcYr08z16vPrAYEITNm2vuNqHFNc_TOkFax9S4QXvCmT2nbpFSRFF8jK0hhbIfQ2h9-aPKdtU-ji5scx7xT4qGvILyd76i1Fhh8zIBVuE0g_Ya_F30yrjVpefMedN_42cnpYAhRrr4ZAVodt9Bt6dAVm_Ok8dHRWVCompaxs5Fn77amHdEz9CnpEC69jWWls8MfGP7ensguFT0AcfUDxOgr9hbAFzNidA9v7daz0JdpZte0pFdboKbxtfZdVMFOMRZQHWB1i1gSlgMD1CyEccN-peSWtRzACfq7Bkx3sgzrXCjHLTg96li5j6oC0DW8uXLCw8IBIUF6SHLfxg7kRRku03-dqbmX61fLvcPdJuOWVUykSkwTjJ5g6VAXoAlwyhWt71eaRsjiSlU9KtdqjDsALtYTV4ggGFYHXdhRAV0IFh6Pmp-yNs11bhvHlu4WWDzisv12EdhxH5s38GZh252JTukaPgGAb_wBOtquhPJo7FOn7MGcoIkVTXLrbvr2FGJljg8oo9VsmKG6vRRkhXUysiDzX2S6E6YAx-5rYNYd3ViyeXTp-1UWzAD0cYOPFhOAxiQ4qsIVF2DMmCec1NXEiZlQZ6Nj1CsvFOp_npEbcieN5o2Hw-HG66uVwODG3JnfAjuSvyFMrS0jw1G-w2d0Vh2YV_ipc-Oh7RjIl7PXdwx6ycI9Vg4dlD_qP1WJ1CtpC4k1ha2JEBHdo1mLz1M5pz5iJBjS9i5h1n5VjMmuiN40IX2vhM6r4NPToS36dEKsYEUzML09j9sP9A==
Niš,43048,7,Serbia,2026-12-05,Saturday,14:25:00,napközben,2026-12-13,Sunday,11:10:00,napközben,1,1,INI,https://www.kiwi.com/deep?affilid=mihalymisroriflights&currency=HUF&flightsId=0b7718f8513800004908089a_0%7C18f8238f51390000fd707210_0%7C238f18f851400000801d6568_0%7C18f80b7751410000d3028b1f_0&from=BUD&lang=en&passengers=1&to=INI&booking_token=HJR1q3Q072oNqrVZKJVVtFMiu6DE7V-s4zWN94jxsbedWZl1a_hsZCi4DnvlaY8PC3rC2D4pOSWWBIfisQZximkN2o172qMPXl-soT55P75Rrk2pBzLArg4b2XC1fkjQa8HoHGdNnnzFAJUv8upNmX0F9SJ8YRqiSbLSizByoSwwAVHcp9z-KTXHvElg-RJ79wB1QqE7OYd7SfBAUHl9WunK_b2Wdk2CgmlxJODLozGGN-gBkpJ5SdX3sdwNxaygvMWw8Zhzsi8KcNRR6Wf0xczY71zRrKF9rxeDzFeL7IIK9EygYwHwlor80r08EwwI7vnORRPFeqEFn6j_UTUdAMCxbr-9mi05xOXe6zzKrslX9oIP8HooPpGg6v9IJ1nxQ4_bb7AKQ8EVaeMFiOCRsRmLMovcEOnMKdXd5H1O4UnHcu6400Mmp8f62ZQax9JJQC-tzQ8VKssty6dkwy2feydRAhKC1LFempvdwWoYxGdhY7RmBC52GXOIhqxy-mSjux5xBbxJwSuDS2FIpXWdV93YPYcseK75S_7VzaHv3PPaLx93yCXj4v_0DcrejLdybKEgjAKYx88B34DZbfDy0hc5aD9OoiTqof8aFBB0CRNNXO2nnHxMmg8M4x5YVxaYAJwUjkVYaWAMrgLzHtwgDBh9tdAVNQPFVIRvx3qti-rpz41l3frgylW-UjWmhD8XR4QE0g7_z8Za2RY6irMqAu75GiTurN_2L_1h9dCP235UmH2_cXzvmJTUffmISYQJD8SRU6DE7MLVw6vk4qinu_Xp14mNIdnpDQOQZgJWrAvDyeKOIa98gBYbPRLRmk9tVRWCnrewQS-p_9lEJksPcQ0NlNkiwhEEZ919cKZ4TOF9V5UY6cFa_HuzGEC1YQQLvSOxidWUmWx2MQbpBpRIJ0ECu-3BzVjO6Mv4bTPGSxQvB-MsNwLLwkZVo6sdX5bmBI26kcCykjohAkNwzi0KyYffPT_l2T4ZGw8of-tvGAs3hWwfqp5DHI30T80gztZnFHOA1doWdo6dS_DPRA28p-wd20ZUbqFzwkXqfGR4sN6VQKZvQtlPosiYNNuTCSiNtDE__IueWDjCVmDbrLf-EEY4kq1qXN_JiBFoKZYl4mPEds7j5fCrCrXRbD2clWpT40BAK1jcpPWfGZlkXjRvhVtWeJ5FVbzy9VuRcaNEIR0BSuQvU1rVeJ4QcbG_xEtiSOFPLm9GnCbcqVMYeNDUzNuF6WFE86TO9wnUsEj9t_kE5TouwTXWh8UbzcPDVItZ3Exz1su7gwfbIwQRptl6ftbgpIpWBeq_8Clj5wbklCr4wl8YWgZfSk0C7QXlFdoUnKsjCqRbnv1NXpXn5XXfJmw==
Tenerife,43131,6,Spain,2027-01-26,Tuesday,06:05:00,reggel,2027-02-02,Tuesday,18:05:00,este,1,1,TFS,https://www.kiwi.com/deep?affilid=mihalymisroriflights&currency=HUF&flightsId=0b770f0c516c0000db0df956_0%7C0f0c0347516d00000d4151d9_0%7C034707f05173000029e2aed3_0%7C07f00b77517400000961cb5d_0&from=BUD&lang=en&passengers=1&to=TFS&booking_token=HaJD1SPFAnt6VFI6KFqRLnzZdFkNrFdSpGS7KuyKdvcZbjdyUrJaKXRDld58KtzFE1TpYfJxaNf0gKzgrSl89qTmPuSarRMGIoxV3ETQbqhZy_TTiWaHZd7Ck8wDA-GumI4NMsa5APNE_a4amIK7J7pFmu2yIXFKfpA0yRc5_wJ_WT4hKhHh7AqV6phzDF72r6WywzMY_QCzcPVXlU_aDgkibhifjGWr0Xbap5YOlAKUToLi0VOMfKYaH-HF65DSnS9T9gufgtpFhXxVNSTQ4kpMHfZj_MA5b43TKYKab4vVT0hZkEqFvH-ZxgvwGhq7Yvn7vuC_1yR5H0x5Nt3vhBHFZyMmOPM3FgxbMlHGc8Rjz6LKlmKzE0zdSzgfxEKt5nBALivedCS07b6EopUyi2cNWfqXIRld4R04UvqWM_BY3CwNF74OzrpF9pJkYccmuXNUjbLYyX7ybzdl_rK8ejykE7C3aTVoqmmER3Q2x4Vz7SnHa-0RFrL2qyI9v3purMK_ghSoF-95x5RtObyiz_Sq8Iixc5A-X1v7q1lEJlj0puuu1VFCoAEHK6h3WGEqxxUyxBfhfuVvxAIUugT9COJwk9IeTeONUjjM4L8myQ7Z9Om1iqJEhRV1yKuU5NIuqjsK0DzK0iZ47TKfO2Mlad4YDE5JZ415ZJslQQ2j6-qkObHlu2yoPWaed4Mw4t4YXQNsB8vxwyN95gE90pAb1IueYPxgubEQKhIp2RPXq5Hu1TDP7AiS3vnKqo96wgtf5AhNv_LYfkmnrmAnPikkQtICTXRcFnB1WONs1Ow7AXMY0lD0QAzl7gaNe3w1BhFFst0efw323Z7Slfs6_FW83J0Bpt8BLBt0ostDCni0B-ligqf8zBe8tGX8xnWEWfJe-PYjl3YJo2SLmTqQtwyEQs66QWOLcG6IeOH9z3jbRfPyohQFGcbSPKbqWqTy1gOTfrt6pv0VLBb13tLzKsFrX6zxT1FsHyKmLcyrv-Oppt0OO-5ydDqSbpYda4Gd3aWj5Wng1oA0zQLZwx7o56sizWHygTSVptN6daiq0ONYq2wlmwsNidIRAcwbETmWpG62VEiaWWQ456cZrzi84fqQ71mWF3MnF-AC0WruWtB6KztsoeeCiYHwd-wAt9I_FD3-7xGv2MX4h8FE2YCnLWROPIz4in3pDwsvonaaWa8A95oAxEz1btdzHKBsUXPSu9fj9zpqCUkXjZlPiAlE4jdrBOuqpouFNVnl-4gcIX_Jn8rLntRI4raACPGNoDtFZmlWpOBpPXFkwsddd1hczZmYFx6pL5-Bbni8UOH7IMzFuEzzNVdm5oZeQQOKnJW1kzIY1zON2uw_-Fm85EDrHxzj61onHJrlzNYeip8HX0D01f9agg7lp5tXVb991UstVIssN
Malmö,43233,2,Sweden,2026-11-05,Thursday,19:25:00,este,2026-11-08,Sunday,08:45:00,reggel,1,1,MMX,https://www.kiwi.com/deep?affilid=mihalymisroriflights&currency=HUF&flightsId=0b771759511a0000518b9b2a_0%7C17590cc9511b0000576b2637_0%7C0cc9003c511d00000fe2a3a9_0%7C003c0b77511d0000ec0f65e7_0&from=BUD&lang=en&passengers=1&to=MMX&booking_token=HWUPN9LSqLLPiVHe1obu_9rlld2Em-O6YHMRASuPz1BlUGpz2KAckHoGxryR6_YjgHa2117MzxDSFv79CPJi-6YHscn_ZG2re9MvCW5UxHr7uDU3dUaPI-F57yhAxcQWOU5qVwvgq8R9gI_t_cxSj6g_UTRFaDPkcCak8lq591UyYagpyfDiM1656J1WAq0XJ2CEgHUXsBHMz2TuRu6h5BnMsSE4jZDGuWoBtS1ZfQBzDdmN7ia4jOWrm6r7QLeb2JMy1d9FYBxrPJ24EfUhMEOGAVPnxPyL6xufZsDqP4fmtKFtCDCvEofXkYR2S6ItynJo1uJmtKG22LnRpAcicWbInQcYzN1RngKglXO_YdUmlreCvwcdtt2tlw8RkEcBmDzUM1Y2mbWaFbNASMBaA3KfgqexFaqxGa3fP_kKOVaE2WD6xoQh80cD9LEUnNs5bcHeaxucbgXAmnEKJmHPDxEVVrTqTqoJoTYtRzGmeNho_PjTyfwG2ugYy6YSlFWlsoNf6GIEMc_nkWJIW_oRnmjl64f6ve8jEZmjVckMUgbLD6U2kkK1YI-Kl60DJo_BUWKjV__o79_FB_HvJrhJY4o84wE6hq73VfAS_X7Nuyfw2JFD2JPnSTwtmX_t8ft8BFlkZeWSb1lA3pC-B-as2JputkGLVpuzAD4ABSRxz32XSBIWjnzaRly7b-JeHMWobebdF7gXMrVxq1mO2hcRHnRoD7RvonnNhw4JdEcz_N_mqgnF0qHjd8OuHMUA50yodzlWRz3BT0qQ1mzgK2z0OgqHOrTPOFvVfk7UFcbp5nwFsEIaZwbohV9Xf_YzWYFPKIa2BOTx12Rrqy-FuQv4gAeGxJe4qWtQHz9FgZv4jvi1Odr7oWHxkdFst9P2_EXPPV77yfEhkfo9nYBsMlZBFVnaDO9u5jC8_waPCBEUllTvtoyFLd6dDF5X-S04DZ4vQ305xdwncUxXsRy9Vi5kDE6ONIJwapBJR0DRnf4qA9k6_mAIE8w66zscZcS1J-8HsbwuFMY0G2CxZpQGkXfHbZC2curPWkSQg-gwrTNvAi_J3vaY1EC0J24zNDgxwB2VzoLxL9qB5uJLdnPqxDTc-k4qQDZOGq078B2U_HyrHzNjlG9qtEXimOxODgQmLIGu6HXXxHofWs3Bn4EsP4D_wphAqALO6aIz2px73jjE-_EIwy2KIb2N7E46wFnpDi20ysDUXxjdDb9e9BGLa4RoQmds1UIlQObuMXpvJ4UJ9YiRpfln14vVDrKkUgrYrjRkBKopjXFaMzx9AHQaZY32lZOeGUOeeLUlaR2veHVP15w-78oRHkbOonzLS_XyY-d1ulhELLMWGfNrxc-7k6854sM2fBZXQGx_kfwiSLi0l7Pc=
Malmö,43233,6,Sweden,2026-11-01,Sunday,13:30:00,napközben,2026-11-08,Sunday,08:45:00,reggel,1,1,MMX,https://www.kiwi.com/deep?affilid=mihalymisroriflights&currency=HUF&flightsId=0b77175951160000b912e825_0%7C17590cc95117000062fe2042_0%7C0cc9003c511d00000fe2a3a9_0%7C003c0b77511d0000ec0f65e7_0&from=BUD&lang=en&passengers=1&to=MMX&booking_token=HWTtUAbgN9CLjNi3I3PKq2i7QMVWCRINAryPPkXficWf1hxha-A7iU8mHyxyxCOALG2R8NTLX0Yu59m7FI3peW3dZSC4iLs_GeTw8MRUzPG_GpScKJEo3h-riKrCvUs6dWaz0pOq9b1Iot4T7t1NJ0qBc2xqUQ-WqGSfQAwfmWxwmG2QTWTurhVsrRgUjiRJWXzPGjbkWpC7EVH7CHocWfl31kTdXIKxZcTv75OYwN3EoUuw0NYa0-Cfm4A5_t_AjoiuPc57S3TtmTwK0Rh2JMzFm8biyxxFefDo3XcAIbM8JWWlkCqYlHwwJjAP3T3IDJKMr4ZuCfoCemphPUaDAhIlpG41UmGpZZlWPB11tE-PELIbtSKuN_lWczMhmnccjhGmV1m4dWxRNBMmV0XcYU-tiE5koCMXRmLhwHsJzI2HuAaVlHgeHCfBJPRdNRSNElilzhj55xfK6q7sLCpEjhNKJAZM-kEi46POrckfKgU_pMYvIwUy1INOIdQzJfA75xvSKaQSz0LMhASOO0tf8dx-T4nJ70dc_GJfrjocZ89WahGeSPkyIhhFHrTxdxY40epi8Qv1G2MOLqusBed_1BJnx9ons9VGWSa6idhIwP_xAgK3_bQUKFEE2BBA0jk-w5MjLi3b92-JjhHS_O-WjGx5BfcyFvLQFvC54cCCdKAhk8h9cCuRJjKcxd9ecA0qOgcHnVn7qoAfqAepmW2IE5wH39qnJM4nfovJvnxNzXhPIB3F_7_peo-ID_9ftFB07ocwfc9sDFfWHiCxJJCQ5WN7JT_9tNw86NLgl5I9Pa1g8NMVOhd2Oo7Zv6HQmit5Kwu-v5vxqJTfkiZnfDSQ7fK5VNmYdshaw7PKCZb52naORBJ9qmwyL2NkXL2kCSLbC5rLWX5y6OOhRyKxa6mnihuEdaSVTrs7EllF0nragr3wzFgabX4Uee_Ksy5pQZ80qlm1PLigPikYL6iOU6jlz4CEq3sjnrmlaabpAYLG2pPfxi4SfQNNUaCZbac8W9KOJLPOA6OUGBxEz8AGW6uVSJu18yDxV9fQzAmQiNXwqTqDaP6Dlj30Un36np5Ii8V_QLPJ59DoO_AHMYWA4buVYL2LZOQsDJlxyQvS6JmpucstljfHiQH6fUeIvzS48NdGZc6-nojheNGfdaEWJUF4h0k8aO89c_N5IcQFlL1QwMzEpTdf1gUlnbLOKXDYvyQnOmq7FOhmUJBGWSqrH-xHQXyvSE0UM1vE3B_LMxGAClvgM5PAbedVv-uv3BDm295XfmnmWUd2cIzFqbcU_78pfQYmXsy88XJHXje01tVxY-SQ5nlxPdc2zv8KYdzo4D5qioEtIHGFk9G7dOPKZcP2ZFKsKq7APn7vsLm7sDTPsioM=
Leeds,43296,5,United Kingdom,2026-10-07,Wednesday,06:20:00,reggel,2026-10-13,Tuesday,08:30:00,reggel,1,1,LBA,https://www.kiwi.com/deep?affilid=mihalymisroriflights&currency=HUF&flightsId=0b7720ef50fd00004d247eb7_0%7C20ef11da50fe0000796ac5d6_0%7C11da20ef510300004e2aaef8_0%7C20ef0b7751040000704e05e7_0&from=BUD&lang=en&passengers=1&to=LBA&booking_token=H2gF5qfFv-DPuI54xKXjz1cIsqAuBlwUpV5JRCPrirol-Xy7ZJDcnrfNA9KUrUuMbQAWDevE1UjL6qvW81jBWp7qAcZPBitGFph4dvQfd2lzqv3q33OLNviHkAUthGi6TcUUHQs0XG8BVXZqPIqoAJefYJPhK_8M_FU-VoSfdKbYQelCFyiF1l_cndGvG7rTKyeMrgRcJh-5Jn9QgzeVHJs8q3rGWR4I_SUZQmjBLquOotVkWQl8GwaUIAthXsvi1XCztc9mQz-PGVK9oK_gYb8dnCuU0dbf1dftsEFNzc3c6U49BIhU_aIE3ijrL8PzWdgI6dgobrYKIgvND8ADk95tLd6dITkQ2lZiFSABqUy8xQjx-6Bey33fiqKSBfYYer6lVgvZFgzHOZ-toob44kHsbC51ENKabUl-_s1q5fAFbJo_78uFKEXe6e0ccBBNrDfwD-JKMNrd1IZVBHhmWhKa7m-Nn1AFZx9BpUh_LBtIWTXeldYCn7pjempa-LOWzYtsNiFtThTCYZ2z6PMeGcy4U9VjlDo-PNHsA4TtD7jQhFIFqsbBrDJioXEMJr-LyuCanQDOJ7sG3u95MHQGIwAfZp7YY-45kCExjXDY5c1ijhQ0NHljTuI-DwDLXKJ4mnzZ435C1v3TGztjxAltdg_gfwlptY89m8QTPbE-akIyAevoNhqoanPA9MK1G7P_fYmJX4AOvQJ0IRQHSpoh08yL27lGV-QAHcdrJ1x7bxeY5_8AiHhXBTb_o7oEr2HkpdJSvVuTYfQTgIA94de9mUdLysex-giLispBMvateQuWqTkV5ykXugf2ELwF6NuzgTctZcQ0eoiFtIdmCqtJN83PaNDkca7UnLwjLf79OgoJkdXKB_9GjLsWiVvI5tMFguoQuhhfMBfYFd3o-KbaZsviNRb-YgQTFe2m85DzbncsESPejespB3LEOG90Xr5hZz-_GGLnvyw9_VoZk5Hdoad8So2_gpktyk82M7pjL6u-KCAGtVllBLGK5RSlU0b7AOWuW3U0Xl8BS2wJswdXq_rFoQtV51TfOR5r7UcWB9xRI-iKv9FSrGJgcgRoPiXDA7g-kN9x3cbjipZ_rpp0j-4F4QbhZSyg0FTeomXc_q99urOHDYxZ4dfpMOS6qmQT55MY5GRk6ySepFBYr1rGY7N-T2OZUZkjJm8NaHLIixxGowFEstrQ0XM1hJE4XPk7aSDYZXk_VZPnfE26TJp06KOp91-y2awABzPDx5DBOevK_NONwyELJVgzh8aNSauEEhXu0WNqe2BpwSN95hjAHY_JBgqp8dKspNlBq72IMpymJAFbUGuTv-Nb9uKIs2E6arvnlXmPaLod5w996fKbuNg==
Granada,43360,2,Spain,2026-12-11,Friday,17:40:00,este,2026-12-15,Tuesday,21:40:00,este,2,1,GRX,https://www.kiwi.com/deep?affilid=mihalymisroriflights&currency=HUF&flightsId=0b771fb0513e0000c9a19069_0%7C1fb00bce513f00007bd131b8_0%7C0bce00595140000080ae6477_0%7C00590a225142000076f3b1e9_0%7C0a220b77514300006b37eb3a_0&from=BUD&lang=en&passengers=1&to=GRX&booking_token=HfaF-OLSxLHErAIT8_HSZdJ--tMQdc_bjfYHnrqCQH6Lq8fYGt8aG2RkxfgfDWmqoLuPrRPDloGGLSChav8eKUWvSTPqU1ErQUQ_wp85lIYwrnJo_sgHzzAWi_0vx1RG6Fl38OjBDnZa8W9o8HpJkwOhSMAd8m91-Z6aPrvJ3vpglqcn_1hRQRi4wYAgqk1L8q9_6kSmuGwOQoOZq6mGXu0xfrA5a474w1XPB4MuPW5qWYR1nGiy-8k-7EE0k_TM6Ms0Qe77s7xnEvc8Mv_GlwnbfaAqTfO9GAUHBFjTwOC-iVDvFe4tyRhvJUhZe0WCpHhl1A3kf3bRacTc1i7xmI2ojeHJrDeWWrfFHaNyaAAGNMI_a2jJAtdQuDHcnBI1xCfCrALiwISuC5J14wiKTPvG4awHzNArW9BFQcBiZCXVbtugYb5IcbW1lVMDK20ShcTl62q0CcouZVulQnsgWRosT1GjyMRJRDWP_T4BbWrG7u8VNei6zJQy2_1hAOhSW3_lpackkPXw5ScksQPh0jpJVbdaCoKOudqKA9kJCxbFiY2-KpB3YEt0jfJCVOP9s_PbG1LZiZaiiUukTjS8xuT7gRt1CsS4se2DK7Jomyg4Jjj7hiftLjjDtSs0uItlqOih4L3tPSDdBBzFyMy7NIvngCXR1DmSk3F2GP3TnOzio-8_GdXGsLg-Vmx--Wp3r3UqpEh4frXnRB62HhOILhzHlCqSUZzH3B78piCmBtHEimCFeY1OZKEkRjjthCWzPkKP93L5jhlpMLydp6lNIS2deAZOUzN2m7O94U6g_kvtc3Y5SzeP6kLKfU-3sZV7b_LNvk3US7kUgNxnWVyl9jp-wVfr__J670_LhxxzYAysuoCcoCx2v-DKhuHdwmAfW4H5mB3LXvlaXOL6wZghEXXofXOPIaz1ji6Exks3-1SkSsvF1abhGRSIKbjv8U758TR-c7dzFBci1fwc5PolaIS4ANyd5Nqyv10vyUGgYXWibbLYqoQ2USJB_c7FBQ4DRhJSzHIMrfFIC-Jg6DZ-EZjCew-CNJ8YWrid2o7g96y19NI--quKJ01r6XyWn0MTNDjWaIISI1fXobsmPsjMxEvf22TZiJvuvC4VsOm1ewalXPyFiLkmEw2sIdzNc-XdiF826lgXxdv3kqF-uNe5tIhEjLdMYG8j9qc1L33YePBBYGaIbbvGG3H36ly-uHZVbYqj2H6cv6yWRDYiZjAPrYtwIWzWFpT013u1CiBN-4SvJOq1ef3DOUoaPb_GJvVxg4FmxMw2JbO7sXM7haNELBPQn_hyt4ftWYG0SRk6iTxjQ6lr3hzfROg2LI79GjAEEr9Vqg4u3B3Fe2wt39eFoBfiqLUDLhotXfok2YK1Zge30-Q5t46ZxKqWUxmUpxXD2LP80VVJSmnS_b8ybJHByT8-59v_XjIG05pxXOmtUfhJHEcJD3yVQrOWLHKWdxsiJZP3U9OtUPLbzhQ4-TL3YAdF-1BOfXj66AAKsrOXrqz8=
Sibiu,43401,3,Romania,2027-01-12,Tuesday,06:05:00,reggel,2027-01-16,Saturday,20:55:00,este,1,1,SBZ,https://www.kiwi.com/deep?affilid=mihalymisroriflights&currency=HUF&flightsId=0b770f0c515e0000d106d89e_0%7C0f0c078c515e000065451071_0%7C078c0f0c516200005e201e97_0%7C0f0c0b7751630000d320e0fb_0&from=BUD&lang=en&passengers=1&to=SBZ&booking_token=HDPWVMdu7oIckrox6pltvLAMe7X9IjsHSDTM4bYvC5V_k8NHIRsFFmTbN1gOQdS5Yi-IZBFggcROSowo4abfAOCdgbIKD2K2c9nEWM0LoQeupM5zxCpmIGr5U5fzC7dyBlGquSDtFji4cL7IZBRon3in3hlawrgyEEQL63E5Bd4FjskfDjThtS-hyVCkD-YUFv9L0yACzNSf2IwZWELQ2P1t2nLDDEMp9IOnYN8OLTY15HHu9EojYIVFaLrzoflYoP-DS7x0GOrEMprUYi5l_vKUgRU7HsThxsemkrSBCg4_O_IHCUAcdJAUGd8lL3a0siKWdJnCtApZKHsvDCfVuxo1dEOipK95bH4aBVxer2ZIQcGs-IiCe13ksMwGhClz7-DutXB8ZoH7iA58-UvPB53zyab-wGY9akUNgwO3UePa3aOx59XjWmChKsIkG48k5-h0rn19a1dTDmvEibkAIeL1u2dnS7qAZEbLAVcet_UvoI765ml_Nqv3YYQfiuKlZYYjY2s_YliFLz-9l1EO2pGzj2OD81hZaxJBNs7pCWG7Jna2vt2LAHJ-j9vokV-9E3qB3i_IzFBukcceoKcQcZqWQpHtrY8PONRU-Qi9eYpDCuEnyDidGx-bQDd0HH4IJFJvIl3-euk0pP_vA-ki-YSaXvNzGbC-bqXDKaHHZ1WWBemUwvXRqCoIlU80zgu2H68lg78yWlCdBWr-7_GpkOYx_XHGwIYg-UqYHMRl9YYQLgmrsdEgM8-dwLLH_4cD0-KJ11N_PR5_ETyWHcdfrLR2ywf67UgiHp4PR0MIYxtphwvF_vSTH5UF1Lp0CyPyzNsU5TN8JnrzxhTCyYHsXGVu4QnXB8COIaESFhy0BFUwobk9BdPBWyoWFinzFLKPeuT1_--vld48sCmjaZE61ymheSCTI7i9k3qRBNbHmlIZItDu9TLrxzd2DXN-y-RC-isYQT_GXyd8juEtr5Y-o1GP-_hRIc4xOeQOLd2BiHqp8m3rJmxRmTHVIA4l4Cl170RLTCpgwWindlOZtiKPJiFXcIrQRyKK8eQvf_IBTL5guKkEadb8LDZqd9Sxo0Av2xKU4ochWLDITSy3K0JZxoDC1mKhABZKphxuFy4QCz9drzDyb8R79uocjCh99xdXypxNdiX4E1dCjYwW1An-95vVd3CO1Xf3ERgy5VGWfnvLbUWbr2dK_lnuO_X27RH-WEWUIbr26HR9AJxZO31wRbTbJ2CaqR3IeCdbrLNFg7iXNF4JWryWsbhWLM5vCJvi2fp84JI3Gw6WKtAE_pIJOYcpHkzwxoQ7arfXWUZ6qbYhhzSquYriS-K2Oqc_Xh30o
Leeds,43466,5,United Kingdom,2026-10-07,Wednesday,19:55:00,este,2026-10-13,Tuesday,08:30:00,reggel,1,1,LBA,https://www.kiwi.com/deep?affilid=mihalymisroriflights&currency=HUF&flightsId=0b7720ef50fd0000aa9c53b0_0%7C20ef11da50fe0000796ac5d6_0%7C11da20ef510300004e2aaef8_0%7C20ef0b7751040000704e05e7_0&from=BUD&lang=en&passengers=1&to=LBA&booking_token=H-cA7PMvu6FW6b8nzNIGWc2DqXMSHYdDXyoNtGxnQrdYEQTOl3wO2RUJ9DjAtcY-a5oT_QLQhOBDRB5zxikOPqpG6z9UUW-jtqUGbD1gRqnsLGDKi8L4jJjnlzSyZ1Jp5SqL7jG5iyjzMDYYTe0q4N7IJ94w6DI0IzWKUXu4sg9pG7vVo4xRVDh_IUV8fa94fF1Ueuv6vQxBnJcJvb4h9C2jqN71POxl-BLTlK6-B9S-969ZxwPdQ0ntMkRwUuVa3O92DBsS9gK6-j7NYDbIDxlH-8_L8qqGhfMO8_pzWVLnrgXKvHvs9QDDMnIlQVFLZRkLJ-_jNdqYaCfMgi_Z15KkHqR0NnbeppzvZK3Lva8ijRanW5n03Bt02crjA3033EvUh2FEmb4Xd9Sn081GUgPXBmK1U3OeFCPCDzmZ0JOOm9c3dhHUi6_N9Yppes1erjxY8Fosc8SP2sFqVrTqvYcihOaj8-XYgjZ1eBCVnkr0rD-MXfdtu-Rm-Cd5zmniIBgzuawAP8p7Jd3kug32UT4TbAIvvqTmO9Qq_Qhu4mWoosamns4nADuhnvohyBbhNt77ENVtamNO84g9jCbua9uOAW3LMb3Ind325SL2Uaq3WwxlsfDE_ts4g2B_wwdQ33ItzWURBkgeb5S9YlZFOw_m8w-D0AMODAX3tOfwL51RnJ1Bz0kydo1FaAXSv8WOjLqE2_hbwKOsCiJWbCndNKE7BV9HerMunpKUWucIfiyu-vguougTXcDwFLMSVuTTB119SJaFBtuAourAjQoJ6ofiSyvPsLI0RZjaSk9FKgj80gUvRd1WFgli5jK5CGvA1wi8Ff4bemZPRQr9i52aUBWWL1AypfHBYh95Gv1up1_0SnhPun3ZsJsv4CJ5uvLLuWdkVcJI8FIsAAwBHBor-GMZ1tAmCZihIVdXilbG7xECTt2fVq3BqtbkMWXDLTUHIQxo8VbPYCCen7NINYrQDRAWjd7DgrEthb7QBRQKpVoh8sOMhHMIXjt0tzrYKuy1SIcOiOOO8o8iNxzuJrsr_uoG3zXVhBuLqeDNw_2Jgw0S4ARCwANF0Ul4QF0U67LWL-1mIX1PDwajhaV_0l81Gqs6uEaBJfyo0PHwqpgl1UliUSbVED3YgJLpXFXXAnuyX7E6Igf7QHz4yJyBYfXUIFrzt9Y2szukOdtAHyRHrl6slUuvTsCWLy_RGgQYrLdo4xWEYjU09X4wl3tl4Kju-6-OQkyAESf4ZjRQs-Y-alTO31F_O6A5YVuknW2LRlkgRL09QaDL1d4LQveGCJlTw0zOcUOb5VDs_FbvPrCPgySi9tD8rBy9K4GROCGWEtpGd
Bristol,43531,3,United Kingdom,2026-11-27,Friday,08:25:00,reggel,2026-11-30,Monday,06:35:00,reggel,1,1,BRS,https://www.kiwi.com/deep?affilid=mihalymisroriflights&currency=HUF&flightsId=0b7707f051300000179ea34a_0%7C07f01f2d51300000d9aeefe8_0%7C1f2d07f051330000923058dd_0%7C07f00b7751340000d0ed14e2_0&from=BUD&lang=en&passengers=1&to=BRS&booking_token=H0GaKQd9RZo5rbcX_r6Her6KQVktA6KYOxPCf0iFqCYfBESsrJwjwUSeP2L0VrRfUdDiSw7yOQxjikmAnWO9UfYfgbyGZokYj-Ht2XZeHY6gbLqt96-lM4Sh2p2llY0ZFeLLb9kpMsaWatk4O5904Ar3ieZWaYpBHIDqUQfa9eYXpgmVRyPyYpax14ioiUbrXc7O-xjsChu-iER7stsoDL8vdqGS1If5oaObpx9IHKCK477FW1qcjgWrbH10Y0f9a3ESmmhUE5SuyumHsloG3HFOYvE-e5bYsEZMdJS2epj9YXHNW2Z0WxSh36uwpzIvSjSlk7vA8FW8XY15Cu4YszdvzhHaKg4bEIZWYDURaJrf1CscdcUkyRZvZ5Ymdiyh03Vz_V7ZR1bhquf4xT2FcBsFNbJpqsdjfBQ32t6qqmm6K9VHJIwMM7875_9E8S1fM2mbxnFWUWpt_fNWEAT-VLPXOcRQZJvaHskggzEuyR0vjq35uBNrHByE--ZVzBc6NuRGGxpdvn18BsIbkMro8rcw5lLdqPKvW_RqV-EhImwPi9DOl5xXeL5Jz04bbGmLNP0WdWuwmxhgSi9YoZZRxaLgy3gHOeHZ5kfO0Hg1an2V3SnlncRJvMvSSv6BTUxmSnDU6RsjqlzDeVP7G01Al9kAGV438sLWZhJrPmg6pYsjTzV5EoTqWxR-qoCtje_6kJWE6tJj26iKQ936Q6gilsQKNA0MaD79et5DCN8Ou5SW6qCff6QzPf8wBj7oUNCjvBuoV19rYxFQQsgpigQvsj8Bhc0ZVGA4EDGxnTBfZAhN5zX6CpeQQ9-2Gl79c9hICtyYmzxpWvAF_1XpEGWPibrcoTfCofHRQA-38UVHAEe8dq2A0hkDWt9v5kppzHN4Re1Yr-EdOg_vEG8BRC0sfpfCxjk_7NW0uShWqmWvK2p7ukmvJ1ofPnoSt_wnI36ViexKD13cgzMwEbtf-ZqpL4k2DTdMGlnLPJQjxp0T_gT5rOvb-4JXmrtGqdL2dsejdpyanmjE5GyTLOqRTiJ3yag6aUn7S3rw89tIU5L2o8Pu1EeElGTleeG7xD7a3lQ6o5x4iXxmwC0jFugLpv03G6uD6wfzSxZSNFMXFY4pu5EOIAk4Y7I8BxSDmiNQZh1aVF0KgBp1vfKYViLryIvlUC3FkPpqy9IFOTo0IMN_kDTeGj75BcVhTAofyzkyrTBPQMmF5GQnPd9s6Us1paQQfAGygs07HhJVaE0NkKY9yuoHqU4VHkAqWL0_M-uJOQmvgIv2_-NN8kIJ-ZWF8T_AvxeBKLsyBuz9jh5srbxFPXHjlSIoIOH7xRbli3ItXPBNIESwhCEZno80Qxpj6GbDKGv3lfjr3ypXcq-PJ_5cVn6I=
Split,43556,7,Croatia,2026-10-14,Wednesday,07:30:00,reggel,2026-10-21,Wednesday,08:50:00,reggel,1,1,SPU,https://www.kiwi.com/deep?affilid=mihalymisroriflights&currency=HUF&flightsId=0b7713d45104000015bcce0e_0%7C13d4000951040000cd765956_0%7C000920ef510b0000f0f4cd1f_0%7C20ef0b77510b0000582985e5_0&from=BUD&lang=en&passengers=1&to=SPU&booking_token=HGciwxutuofJQyVGxMiiJUeW88gWiNdiiF5VE58KJZhc-eFQyzehDRhnBq4yYSKmi-0XRyyBflP5vMtXbtTvdxlzaGEPv2uDQIC98Mi9rm-EMDQgv56AwMIx3EeR5T_-IcVR1VWUXQSNuNy51PINjgegpzaaC8aWbmisrnK9qTJviM18Hmqg5d4gt4lPYsbuuQI4c70b9dcrzgwVL6O8s7mZqjGzTZn3Vqw6LJ-haFahSfgHK63Y3EkNb1AlYSfgsVH7wqNRpJVNW9Wjyoab1uQztr0oEdHh3bUq1ej12SznLVsQqELO0yQdResNYlNcy3K1pba6ijgTkuFiNID2vn7tOEhaSqadtjktyu8pBK6oc0aQwO5B8nCGC1IdyGvxkaPCs7wpL1LTJSmoGfCIA59VClDzgZzgsCnbIcKdgBMmunek_zNHYuyRFbAvwOxr-tq_cAOljVjK4TngSdFCKywFV0lY8iHKgQawxwYs0Doi7ipvUdxrLSl59baeU0oevZUvtF9qviUXSTB-mAEVgGTW4trUxqkvGZMY07Tv6FwVTJaXJhgZ-G3M679jRpbs_uqj9vJzwUkIfW8r0xxLe1ZobfX_wBq6IsYmPJxzQ73l92oBFXAMtGyMLzr8X4Oz0HQgBvjKDu4a2bJl-zMGW9NnuXeEBwCPddC_TCE9xjd9VhrtxfwQOHQVnMfR-vHE7C-YJ8i3gD0XXZaeIb-VTCa_NrQXwYFfqjtpvnT7gfA5Cr9VF4WCDtvT2LRZOZ-YaYu-m3rNuwX4Z10qIzFAd3DKMvhSjMUBoY0YImjDwP17txKRl_IVzGxF4mbqXWWTCiiZGGHOG-yoFYxac8P7oYcfv6RLH11qj--45gZDfJDPvjPiDIvylYK9NYgpXmy93JVn1oFyqkqey620Liec560VSaMqmYCvaiLrND5EMCzJP5EmgfUKiSZc01tYBZVIRxmC0Ka0xrg8z3VpeL5fgzubRq7jnYx0rPnV82Qr2X1dY--q0TaBIeaDwi-Lp6GXKbfVZTgleTnBpAgRhod3JludVF_N35fgUQEetJs3LgDQk4JmGri1SaRnpM0OSq5AIwJseuQsGHfMcaPY-ihroX2lf1sEkkk58ejKkrjYs4LObR8vCkaRHsTFGbqOOXuCqaWLWLMXVTXR3PncMyktF9q-yW4is44lUaenOP74VjGO3KmchiYgXYhMbumP-FLeg_QsV_uDZum6dlPuEZptC-dE-D9MDC-rMhHSeI3Vf0v_Uhv-rnYem0yL_aHkf1yUt7hWwVmcJOp06YCsMQeShPLh24GjmFzYkgrBraBiecioeoDx_wkf3hSMXMEaAl5gxRP1KWIYoqNriBc5ZCHr2AQ==
Sibiu,43585,6,Romania,2026-11-10,Tuesday,19:00:00,este,2026-11-17,Tuesday,20:55:00,este,1,1,SBZ,https://www.kiwi.com/deep?affilid=mihalymisroriflights&currency=HUF&flightsId=0b770f0c511f0000357d80b9_0%7C0f0c078c511f00002eaa378f_0%7C078c0f0c512600006ffdfb82_0%7C0f0c0b7751270000e590c1f7_0&from=BUD&lang=en&passengers=1&to=SBZ&booking_token=HDkJtz6ElXlEX_Dbv132BxMIR5zY0ym1DbY-1eLM8TpdsDJda2eZDlQznJldIlXyPscDDj3avxxoScKamYI4Z6EqevE5_wswhdwwWlv7kmhFTQ_fnW9R-Irt-hJYI6ZAI1DrccBUvrgrSL51jSn_yEgmGcK9bfliAqPSV6X66PFW-7aWoEpBe4D28iVKN2MrZ5EESZGACC34XSqWykFAcUNByAhBMC_pX_Z9VBwhIrIK9CXcRPD55euc7xWWZA0cBVjQ099yKHSx-g3tdUzCOgcAtkxFo9s10WBMYkAIjRROmD18lbrScL-fka5txhilz8jkj9idwiPb9Bmq8nYURrO98Ak4dHTFBp4p3UgwjSf-96JZlLsH6NFixirDuxhZuWDwFeleEkag2MilDAfmDtHDaMec2QXPjRkt6DloIlZKMyWSk4r-2ksIfG-S21QIiSgxfOXmGLz_qK7_WoiBUZ6TgCLjW9VoReunOokxXX44in6n0mIigSIxVnUuDi143oqAJW3hpEs1LPVyMXzbS15W7wwUvA0RkRnsf91VckLA9mkJ29bui4h80ihJELdpPfy3A4-BZLq7mGFfvnAVf7ufFXKxg4zGdN-04csyXd3CbpN0D9nQumWMbqC5H5pswVEJrHyRiQDoWVnsOAHz26Glvye5berPoyW3krcrf6PsO4gIoKcYIypwAHcDR2wb8j8QS_YUEdRdpU65SqPCHDeyqmGSQ6l7qrISMkw86hGt_1xrDwX1eMa9sKa9qtY5t_J6KNLixBAyU51So4Alxp7JyyRK91CW_YmzI1jxYmxf4bUacwyA0OnWJsp3hQwSgxL3F9K3T0tflLiHTo_msMoK5oDv0R95Af7oM8wviEpBsmA6kkhQjEAUIOfiyRRqLcgZ-n11qTnYC7qD_a4gQ1wKceGdoW4twNWDcakZu2fhkqAlts9XKmG-XdfFVvWESBEZ8rX8CVM-oYZCJ38t9PlXn9SdWNYLqLvH2nNZXsHf8wi3VuOusy_e63rkL-mdZjLhJpIkDchjor1lLRhiQ4pf-UjB_ZMhgfOXJEhdpEKIx5KIfWBn5V5kqwKnGxyMRvR3293Hh2NfCTZB-cPo_zvPd-9mbijqJ-dQ_Iqy5qi4BeNsIBy5n3LRYGK-czaFK1tb96DbQNTFMyPt84k7ZpHoiT5-n7ClWrQ7J2cprbWANHdKtnaIZeIlzE6Gzww3Uo0rmyfdGv83ic6REVTBMpsp-W_p-khvCljYoZTq3cCUOb5k6f2FW4_wyu0esp-CC9MiI4MJOpxM3t2AaNpWh-cq_5uT5lwTP4r5YDJjB0QKYeNtHC3c0A47fOjldh9Qc
Sibiu,43637,6,Romania,2026-11-17,Tuesday,19:00:00,este,2026-11-24,Tuesday,20:55:00,este,1,1,SBZ,https://www.kiwi.com/deep?affilid=mihalymisroriflights&currency=HUF&flightsId=0b770f0c51260000afcf3fec_0%7C0f0c078c51260000b41888da_0%7C078c0f0c512d00003e32bc8a_0%7C0f0c0b77512e0000fa2655e6_0&from=BUD&lang=en&passengers=1&to=SBZ&booking_token=HWwOpTaVUgXNsv2RxnyN6bMX773JTakOfcZmMJZXFKY3vnu5ROVspmoLBHywxk56ZBlfdOPbJx1sjapIToBnhCt6NB2P1rzLZO4NSjpi8ws2kfWtS0-pU9_FdiWZW8haVVWJ9JFzPfrWYltMq4UiU_COVaQfSHorBnKFVa_w7t6Lp-jc3dcv2CDWXc3ymsc1xp0yigThggi-7_n5y1P8aNzEbCmDjUqpj6e_MMPYKwnzkoT63GkJxZwA_t3WWuiwKF9cMqUiXN7zrE-dJeTJqWE5_HYdpV9nLSsafwCqDO0MWQjmUcQR4rVzej-LP7wn88FcPyKmCNp3JioxdTvRFx9Ad0Ul66f1A2UzO4PeTq9owuXDVhkbxgYj2Oiz3v3b4TY4QJ6B0D7AUisq4dR91KH5BVqd41jkRZgCmid2u5d6_yvG6QtOPRDCF2WxzxnqFhbEMAq-nSrtpeOwV1Wb567ro6-59y-rYprsb82ZlqOtmo6pzCAkjM9n7CxDtnNAdf-3wmIEDVNTA49ja1kwYBrhZgw4_AgnAa5I97Bf04wmbUdEYiM8v9lBXeYRicSEHGf4s99ms5sQjTKAxNsVRwYuENs60CVqCsNRuH-RE4RdGJpjMaXlMcW8-BW5ohoFzLGW_yuyG_YFlzSlzt-Go9pey2OnWIEdqsM7jUnqsg9bLzKVsHczNWsE0ITOXN55NCPS_KdkZoi7lFtJ95-b8-sgRRV5fNnJrkbKDG6ojCM6KBjvPdmYEu0XWujtD7c-Sxa5k55a4zET0LuteneNLoRAwHr8DE4T4EThU6I3V8Nd_j-otMXHVUBplPZxyhyurDS4HehusqQORhOL2sLGUOWMXbiuonJ-12LZO3T0tnOBZD2_V0s1YAW5XXLUxKnvcLckgARE7cEooCfXrKGVhYWppVigmUvfbHCgyzlSf7ndnfrP-gGYzjB7OU1dMfkGZhwBGvLAAoFI6vbJ0TU_LcsshjgrsSFDKGHrTZrzsAYTFRG83X16LZju5yeTc1BHPixi4RSGMSj7NlMCMT8QUEWlN-BtVXG9OuBqsedeig4F5CY_SGK8Wz5e1Ba9i9gwU3-0T9Wpqqbfqkrpqn6vqMeGC6mRzKlaMtYiKpFCTW_VGKJo0BFHnslN6f4ACOA4_6Oav_hK1SB360-UpfSjU7QefU_NMueiMpuXR3W7WwUSTn6x0XHH-WgOYMfBXI6HhimLylhnUFCGmb7k3GHCWT1zbq8MSf145tDIaeEfD8NuXPtOqOpImNE_oONIDB2HIHRfhuUHBYhDVzPF4kRExiE3baqC4L6T-UTvtpnmWvLzS8NKv_tTs16wqKl0a_gktXCWIgoFleZWAVX1bzy7iJw==
Sarajevo,43744,2,Bosnia & Herzegovina,2027-01-26,Tuesday,06:00:00,reggel,2027-01-28,Thursday,21:10:00,este,1,1,SJJ,https://www.kiwi.com/deep?affilid=mihalymisroriflights&currency=HUF&flightsId=0b7718ff516c0000e1541e22_0%7C18ff0768516c00005b7ccb9d_0%7C07680f0c516e000052ad991f_0%7C0f0c0b77516f00006864e347_0&from=BUD&lang=en&passengers=1&to=SJJ&booking_token=Hk2GdJknV16EQYKnBHpGhofwbi13X9Kwk1OQcAR3n-s3i1SX13UBfplNWHFNC4cf9h4JboOauzsSbgpoAwuvEOsZvO33G6TEqPyFJYhRGAtPAKCMGLbamdMhd3uS2SS8WmAQVfNZpJj4w0ivleKYEGzXPpX87zHMDUAV--GjDSulGiE_0IY63VPrUZc9qKQcwm_nlvRFCdQPPCawT2whAgAN1PtyElD_n43y1RWEER_KNE5AhDaqkrF16s_rwjRTU8ABVvOSSv-_pM_dnV-UVaeOi7jDCs8ZUqT5Q_3A9YLOlGlJdU1PAwmjCgJ6NvIKguA0S0Vfyldo2upi_mqM9KHTDj-WdR76ugo7EfhgKW0F_TVv48SiJrp-Q-aY5l72DjaD8OBNuUI211H283TTdORxvuIKFDNPQdyLswh5H14vKY0PQQqQqNXtF7Zopw3HY2oh_44CWBLlpjqjsh95e_Il0AuoA-Hd7IZiz_GWN7Yo4gQG9c6mXPLHlY8xLQdnkrj3Kdg6OkKI0sUn3zeyVqK3bUtadShzK_yrp0jlUni7gn2caghUQgnHoDiRLQFq8i8fvnP0ToTj43QlK6CG0LdW4gKxRVZrOqMPQdrPiounEilgZ00er-AqE8vwv0tHp0N9BHPDr0iApQXdO2Ya9ZB2WbikbPb3lGEcP7mF6Dt89nREoQcJmwaCWJKQY4T7Y08qnVLlRhDtys2spnaW79y1B6CYX1NruAw_5dg50aA6X-z0Fc2-noEpDMv8NyYx4NXXx5pdv93FuW8MQUk9x0qFtS9dhWAhoYXEaPZUalCquefQROd4VS2xy64zuGjHSEWKpkTXZsm84Zt01QrRI0a1z7GONANmTS3t64_VxDQdo3J3G1U-DmHC7tgXY7Lch5ub_b_h3MXMzKifmMYyIS1tTAgxuenL9kFOnIBeXw4oiKDO7Ddn7fiAYJmAyom4-qPxFBpWsMc5-usPxLvY-IdaCJR4oC4yTUI2zuHmgXoho7VaJ0EC2PJ80IGkMDv_iQ7vDklTdjteJkN82FBTE2VV_G9_4Sh-NMUY3tR5WA5JXN60m0Q1IFdBiWkUJduxamvTdxFQ89o5zjuKNEYNQO3aFHOYyrlo5fYTn3VwwMh3cW4uDGfaO3hpmZ26sIn6BEcZFI-67759hRVVCiC3I-24oF7ZeOB2MK9zHwEujCHlVbjh5tK5U8Hh9TdLXPG_Mt4T-TDyeKH6L1ek3gJC3JESkbTBBrkiN8nMHxVvd8bGA_KHTgv0bnuGB0joDjv_M5M6NcGmLpUWUeOfhQbMdFiPUwU4dTphw03XLYU9KpxN-iQBe6kWNFr8LXvCgvkhK8-227a5y994icrM_yaojLg==
Debrecen,43801,5,Hungary,2026-11-17,Tuesday,06:00:00,reggel,2026-11-23,Monday,10:20:00,napközben,1,1,DEB,https://www.kiwi.com/deep?affilid=mihalymisroriflights&currency=HUF&flightsId=0b7718ff512600003a02a741_0%7C18ff071751270000dd6dd225_0%7C071718ff512c00006bb70944_0%7C18ff0b77512d0000f91361e3_0&from=BUD&lang=en&passengers=1&to=DEB&booking_token=HjLC6hb4SwQmqvfyU5Qjdh8u5hJub-Uu_KILvDwApCSJEmznKoQHyRu6D1umCFkP7D4syV14gf3mLF_sW3fPyi9gR7s8-W10HQIO0VPi_vpIWTYHNqwWGavfq6ixyEnLned3Sibb03hbr0bF107hgxg60A3v4rdv4iDc8_Eg6ljMTdAvLiDIrpskBIMGwmnisaV8gcYKngz7YQ77Lxsxpq-a8K6erAFr_puG1bA0nuZk9Ohnn_Nqhtm4ujPCXkrapddox9EkY1qFtiZHEOdPG0L-DHttXpoc5MX9Q0Ds0dQAj-JvYPEtz6mVVCJPec8AXwSudkFPirxkmBvRUwBErqxKj16RwHAt41_YNAMXzyx40rewuZiSkwlw7gVsquxquW0GFCgrkQ2fRVqOe0shixemsV4o7HkOIbNJ5hYMN7RiZrZLNac-EpMxGUvxlMPzJVcScx-u5jt88Pgc1nd9MwsjCu5xO02siJfeCyfhM5ySeAiRqNvtmAIPbJV1hXbknu8KJCMwYV3D2NxezLUHDxyDiIrLPQY8ohlNdjZK7NX48_h9LHfnCqkqZbeJ0qPjMMU3bwzB6LQsfCE3uk0ftQ7YSndBJquJu8ShcE_XEv-20z9oM1vACNciwgG5VnJmW8TjuYEunx1ZSbpZbWgIfSPkwTMys573o9UNG2e07pvlJEzboKsLjcOOJ8oliijoJw3c07Z_1BIpxVzHvWlW1U6aCthpuhOUp1Fxu9eusLzwuNbJg_tLcQ-f2J_SxwkM8rXtI19dFMEqS9j0YvmJtlXHWJE0RqCIq-eKzRCtPFm54Zm6phNIWgn-MZGiRrRCGHp47A6I43i99LJg3WLUgqJaODQE02Bim7uVFXEqQAwtsv0vbkLlgrUhlxhqKNle4oqHo6hAAjEYrbfDaEb9SukeCNreMfNbP3I6c-eMgbs5R9jCi7TOhfbP6ZjTT6mL2Lhs-M7m_rhPNQF9yVTJ6NyyM5On_h6nvJ78ttxWP0fGPa3Dw50XEYR03rsDqFpDVaJwahnWAnS_SNPgaAfOGk5DMBPLPE2RjueBEG73zeU5vRJBj7fz-F_2CB5jV77YEPXONG4-4BpJFgEmOWBSxijQrgrW7ZjO1Zgn6TFUGVoxGIjOzZRnE7iHfCRWrz4JRlU0zjdfquDphx4Ri0cAkwKaiuHjW17NxjZYBGc2akue4zO1ZY2xTwFf0XpeAcp7San2XQMFoOpCEsc33oMf6d_vqpCZ4sZljWbvhrkoT_dv2F9ueruv1wM3N3Vrjfs2Pbos-EuDDLisXFSAWYJOHWPoycqx_8GLzZrJKXVXE0rEGPeUXdxdcwHpn2q8kiD-l
Tenerife,43825,1,Spain,2027-01-25,Monday,06:05:00,reggel,2027-01-27,Wednesday,10:50:00,napközben,1,1,TFS,https://www.kiwi.com/deep?affilid=mihalymisroriflights&currency=HUF&flightsId=0b770f0c516b00002ce7125e_0%7C0f0c0347516c000083904cd2_0%7C03470f0c516d0000736b384b_0%7C0f0c0b77516e0000f8bff61e_0&from=BUD&lang=en&passengers=1&to=TFS&booking_token=H2vQGuLn9He-PcTUi24CKAbSfQZpsganuikKi89FfDQKQAc2ZyVY8e5N7Gprc4gQT7rVVTbiwumUdU_XknqKs6IrCOs22aCdO-KnoH6kx6D1v2gPaRfJwGBLfAXBAnWeWfJZnTK4MVXlPyBuzDB-Jv1xPZ_isLQiGA0TjxEhYiiHskJ4WNgUI0xkISHFvM82nDFhen71RV46T0w3xa2SVa-6dkQNx6T9b2us50tZ_eFnllEmXkI0r-HKGwH5dABHhpjmSOXGQgvr6wOQWS5jnd_auFOcLgIztE6oS7dCzmlTqmHZ8E5nUxdSvcZYq0s3FQL1yfbRpmnX6SXrYyv9nlApiAzkZQagFARCIlIl6_y_1aihPlDYspv-vM-yplKtRxAJH550hKSWs0SrTXar_grRom8rBPWMJn7e7R2Ci0aPflcFfGvyvwOkwqHwbx8PWMvugvqs-5lXAujk0iHfmmqJSHno09wdpWUD9U4p7NhLPjchLdGdRerPvJ6cgD8xO2fBqdUYREYaZscFoMMgG6gK9w62p30HjlK67i504PgOLLslSW-2jsQDU76ygcLPToMn9KH6SAWJpPVtsnPhH1xch_czRzkNz9M0GXTPxOsifA8lO35YSXnSO4Bf8EIVXiO73fzXq5aooKdKMawjAoPn6fHlHIW8rlGq5kltOziwdgwkM7eJTANKmbhoycg9SqUfH70DaiMzOeM7fTFidwBoERXOvG2KZBqD2HSKzLdwJn7oFsU8zt7g4IEHSTdLE49rSM_3CRbiuVUWyoGx-LnJXKAFSlM1nkoDJXfn9D8fWKG82AW73vOE23UFr3BX7UKJEi7GuG9JWfR6UTz01XHzy5d_D0_C4AjVxk4Qvuv9jdxEmOm8J-IPB759gj6Gd7qvzHw8DkufhzyZZCzzwE3Ss6Setago-V-KLm4b4au6BJlu2nFLrKstKoWVoXcp4_NoR_1VCj4jq1J8G5xoC1i7WWM7dxgBww3A-RGUbTDgetHYxmcGX-lrHHIcRA3vVNx5O7YeKfv2-ccDlS8smu9hqgZuYPVrycbzf0Y3rqzxzzW1tIgpU-XkSuDhRLhG2SsYRu72J3O4s0YsDqCfDmjSEZXELx0oobdKJ_-CAB0yI0v_8iVo3w7eEAdCElX_52jy5BTRlk-i3-_DnCu7cxmsHM6XMklK2-_fvXhPmM-ADuA__-a5lmmsIl9-QzkG9bTXcQXJJD0Wpcafp-IzO2rLJuPW63PznWXoa7rXG6ef3SAWd65B4bAbaD_Aex91RttdiDO9DzCuiUW5X9elZC5vN4ew7Wo0_ZrRNJoJyXO_v5qCcF12Qj9xr_6QrWMw4
Burgas,43989,7,Bulgaria,2026-10-13,Tuesday,06:20:00,reggel,2026-10-20,Tuesday,21:40:00,este,1,1,BOJ,https://www.kiwi.com/deep?affilid=mihalymisroriflights&currency=HUF&flightsId=0b7720ef51030000b34b4e68_0%7C20ef048e51030000cd4dafa7_0%7C048e20ef510a0000c942e3aa_0%7C20ef0b77510b00004fe93c96_0&from=BUD&lang=en&passengers=1&to=BOJ&booking_token=Hp3GQFEV7KVvKlS7JHSJktH3I3OPWBHS3ud3ffxBnLi1VO1t3Eo5spFIEgTqevjyRK-QmRW0GBTILg8IqBPLJsKlms5YaLeLbxSpDrvoKEO90cCFVoIf-C6tkb4gI6R7qrq_dzMrykYp7WHEb6Vks1MxskspqulcQKgRePM89dWkvrpBpvuNFQAnWzjG81RyyxUiqRumcxMLRKZ0SRdwY2mbsSuc2Rl3rY2LLc7mWZ_ci33OKozhFUM94jEH6ScOZTtqftISOzU1ncRkkZGVuCH8C5wK3pLrTZsBSVIMyLL8W07ggyToOh5wlufQimy1ZJnQ3Wuqr23guEIjGaZ5gLQigzD7b13PwxiWPEqu0-lgX4CnB90htD49ekWiCVgmX4RPmgt-9Ft1fKShVVyAgwRw5G9T1LnVlKRlwEdayw0V1_p3zQn1nTk9V2V79cKlGbsi9SNyYMLEKMDaRKseNq-3OPr72ZusAqEmYgmdLrvcXKarc5O7ytyyhC64wigRrM96g7T1hZ0vLj4u26V1KHasWtRWFbs_O06NwAK7CPyAz9_zkjB_gOh741_O0EkaEsEK1NI1Vai9HdiyCGm-O4g8OKnTEnzXuFDnvRysBYZwDryFF9O-J3guUjOuy-OBbxpO6fZlqzhbIalWecNDkFHHOsJn5fGUMd_ZZjueIgSHLt4aOy6yFiAoyccvOtaKhL7yNKGETmJOFBxLtBkQZIJ45CihvY4GGtIrmoOjL-LBGFxaCG9KXSSzuRgOkp5Noz86IE5OBweHAbQQa_3YdOQrN0hMazS0Dt6SX8_1pLouGsUmh98ebU88hdfZJUJyqeVphY2ZNwWhnriWyYN6nR3g53dC6PSwWUOSvhZjLIYnm62JD4OmB8lzwf6NpZ58ljdDQh5DvFbTp0pRaaE69iP_nOSw_xTHoLMYGFCr9vf_OLk4RLl40Fh8iojbWf9YbMAQuOS6hl_8G7i4ICOKU3pK9VJkzsb2NuGlgZBfRFvPsyFmJYuHOkT7PXaMk5Dh4G3BJ8hTVDAHY5B2SDAn2Uzj1ANF17M_TqETurPJllL5aYfCR0AyDg-lnUiA6oDAP2EfR1kYUvfRRjbjgKbuHtbH5IaSyhcDAx9dgO0Dtujd66zcyIWqPpy40ZIoGD5AiW9iG2w79lQIkQeT5sCck0TfpU_4AMv8Rt3J1EofotCWeaVbUNtjIjYnwRAw7DhSooWQUdeza4WzDVWJha43bg-qnIKeCbFzx68pceEWccl1m7asf84X8M3_z9v_6wHhigTcO0s1FJOUHlGc99V9kcMbKb8OvMrHgZ_7jiMhQ5IwJ4tvO0codvymk9wdWNoLp
Luxembourg,44043,3,Luxembourg,2026-11-26,Thursday,21:55:00,este,2026-11-30,Monday,08:50:00,reggel,1,1,LUX,https://www.kiwi.com/deep?affilid=mihalymisroriflights&currency=HUF&flightsId=0b7707f0512f0000c53dde88_0%7C07f0060c5130000019afffbb_0%7C060c07f051330000547295ae_0%7C07f00b775133000006a5ab02_0&from=BUD&lang=en&passengers=1&to=LUX&booking_token=H39DjVW1fQztDwKK75EWPozNgRISMPKF4YZa6iwEQJlbgas4XL7j9fMDkV1mi1GCdktnf6hrnXrL8UJVVtHnSmtKigs2F6Z3lMmd87SKw1oSUhWKOMn4rFTKldoOP67KtYrf4svLANnDMaqI58e62AN5QDwM-f9wmJ2xHz5p9iHwPDfC9m-Ac_2VIlDOQSJeafli2OJUBzV_BRL5dCiJLUBJhI_TDZX0H1r8R9wrqnjZSyD950Ciuv77nbFvq5TrCpgjMXwsnlTeCbO4hsGh36j9RIzmeIDBZgpQOFiZpAL4JDLoYNBvbOhx4l2VCFrRLdrXCFZBjx8if7WrMsOs6L6gge2EZnW9CXPG1GmTps0Ey91MPS5A41kPJtsWZONSz0PqY9wG2GS8ZnZ3ZXJbPYs3g1RWYrvXRhAW1fZWgAz-nmG2WILhLX4EI_rWMZs6AFu7HN4KsdJhO6agsZKFK7naqg3tzoKJolVa1YvpCxZ0skp8SeeuLg68c5CPAjLHdjV7RwfgjZj7yhBPyD_Aao3S46aqSzee6mAbz26d9DAebVd-cnZC7oqINlsHSM9BFIssLIIFZsQd_tKOhhwFqOJ1Xbi7hTC9u7vlHE46DmIsGR6fqV4WHDKb7a-Sv_0Wa-gLjPhi5toZ0kyG57ccVgqpsTaiNRzcqb7L5lb-tnv90f68SF0k_Rf15-H8cnB_WkI0mEuNljWox1kaceYsFqa-eRaeI3yCNamvVEIL8QhFNQIUA8gSYemZ-iX7JU2AROLz9ZlG3cFU6_nrDbIliRd_ybgNePIQhgQ_SuRCbe2Ul4WdZVTdJFNNZ1I-XN3nXEv9MzDIIKP0M4yGHxZo6vpMNIfl_OJg3qWKz0BQTgiW6XPWGg6IIkFlc559roP45UcjQ9Vc20dtmda5K5urHA7ry_9BUUSd7QSaUvGzihbgswF_cXYVR7ZAMxR_xbPzSKXYCwaoz7hmg_wLKYdezUAW0Nkkc4Ywhqux4m0OEZeYYJqoFsc89tFVMDhQz1nzzbjbKzJVcFkdrzB5weY48C8jnpG4lSFechcldFKL6OH0OTdy_mPyqGMGgLXu-9WKjFL2ZOF7nJYmICNO5fiT13hGI_9FHXsyFe1wPAtk6C7wNwddhI0EWZgD6RvvZEYUprJG-7f3TuISlBxoHD8C6ea9imc7Oz6Os_hKW_zVLudIVvuHUdMAkYDqENCOuCOdY6zIPIzS-rMOX3RokwEPhLTLqkr-BG9jSqGVoB5fb7_5wL5GubETzBskuO_4dbu5bHMC1cAj_975H9fbqyfMQZoFghZVV2b0AOMGoiDCDyaxrwhnq8Lbkbc5I1CDIIJqcRRO-o9SzmqAFKMcBt6h91NPQbhsGOefcNpBqdtxRGAg=
Fuerteventura,44127,2,Spain,2026-11-28,Saturday,18:10:00,este,2026-12-01,Tuesday,11:05:00,napközben,1,1,FUE,https://www.kiwi.com/deep?affilid=mihalymisroriflights&currency=HUF&flightsId=0b7707f0513100007d25acc5_0%7C07f0084f51320000e21168f1_0%7C084f07f051340000c686309b_0%7C07f00b77513500001ece7ff5_0&from=BUD&lang=en&passengers=1&to=FUE&booking_token=Hv_Bz_ajZQQv-hTItHhytJS3J2BTb6nJL_T-NyYVP6rGxLDanoS4zdVVVDY7rVLgFEIKl1wj7iVh5Hc8APkzOtEk77V6eV_Oi2-LShNNI2x6F8JLSztktugnHLoC_Z7B9BeMSyBul2ESzhEDQtNwhS4fArDhPH2HufsgVhkOtwuCqZpVAicQhAux8Y_DS0JQpPj7EZZnyOwFP6Zmu7saOSeu7JFkbyqxLT4DBoJxQNeEo8JxQEgqI7oFHq6kX5WXFgzW5rzAW8C9d3XI7K_l1I2UbatJAN4RPCQ0FZBnSUD0iSA5skckt4XO90zgQCGFL1uoxdPeK5pTfyHAk2M7bXmy8MyC82MQ0jE4mA7EpfzGVpcTCWFHnjhPsJs4myqxlBnLBU_hCLCnhIA_E_PXSqf-ooDWCSdRezn94ZiuX8oY3i9Awk0YRa_iWUufP_7l8AKMA3U1aM809TYuhjxiVNMRy1JN24J_BU3qI7Kom3KGn4zdgUY7NxauKYHGTOTvqvbpvi0RBaoqiplCXlazJgPdR9urGUR8vn-i3JCmDeDDxPoTrkMfhIX7hvT69Ol54wvvapObW2pqW1uIb-zjCpCNNQxE9j4qzeUNIdeDu7psddZJHfnC6B4jsjluVrExXp5ha73bD-O5zhgkbByMOlniu3TmPKWKEqx9uSlbqgowb5JzwhMUUQ51zFARTAWarD_q8EgzafSWsixdzBFByGWQs5ollCXpQnDqOLZtUAxa9Z3EqJerfAl07LpaireyynDsmT3qadw59rN2tHNKPoZ_Tps8Mn_vzyd21a_QhpcX4zFDHAoHtCFyB1YpedYCElpN49DOwFNtiulAnqpzvDh42ocqeITNTP1BHINJGrOAyeqLj31pHIw6hntGt5nHaipkQtYm_FY1SqghKzk3-Uu_9s5LwHbmQ12795O0NmRmJfiR6yiuz0y57HA4mjFQEEMfBNUtDTfIcXpX9kfwoVZLle950KqyDmY4TJPVJ2xL6gkiC9GeEH2fShQb2V_bjJJZ4pyrc5GJ1bc-D7c-ePKn6k4n6R6jLZod_HD2sJ3YgLFQ7mcPM1jIcInSPTqqaWc7S5BAZJQG1UlWaoK4ni9sVD7m0bihIAoOnmn9G_dt7jE3eBmzGfxtXNJlx1QHZ9iFgw30I5oc0toB9E2c5tm2SwwYqqPisvaxNIrhHQ9fTua1xCp5ubyNs482DtJ5iKVfS3dmkcMERDq6YpyYOSUnn03yoOuli6WlKHzii2CCKI1uwsNPeZFgC00iZtOEeBn8HiYVhk7gEYrhVSZfTNqjVr9Jf0wg_DSLGAl5ntVPUg9HczdaGNZVjxjk2zXEd6bMKNTQRTOro4XAbjjHM_A==
Burgas,44190,3,Bulgaria,2026-11-12,Thursday,17:30:00,este,2026-11-16,Monday,21:25:00,este,1,1,BOJ,https://www.kiwi.com/deep?affilid=mihalymisroriflights&currency=HUF&flightsId=0b7718ff51210000f2b4621a_0%7C18ff048e512200008929db38_0%7C048e18ff512500001b8df598_0%7C18ff0b7751260000a8dc26eb_0&from=BUD&lang=en&passengers=1&to=BOJ&booking_token=Hvc9m_hhwIdnH1daRzCVIhVctykYZvVUFDqSvgljvPLgGvbSf0J-Z8yxvOtf8UzJKO-KxY2TjtNDSexNrHY0CP62uUMOkCxGDV0iExA1j4x1CHLUrh6oF_H4ShA_GSZox41M0hjYW7O_u22SLj6QEPAnQKZz_1YO2lkVS2C08DgkVe1nIeVH_coDCDsJpr9bcXwtgz1UIy8BZlRdUianKnaXsMFVVozfRfzmRcY2GlZ4GhiDUBulWWJhEx5fdAsyS3HDL_LKRI7GPTbj2LSdF0XIVFi2PPzj8YfErgFVpbedvsP4StsXZ_ZUJCUGcZU51igUx55q-yU5TMXhr5K7hK_Er-0lcCi4Eh_KOaFd8s2J0M9q_12Lt6ffbEpRw7CXy0pARIbwXXvYr1IAbHsc3_HvNMY1bm6TyRFpx7dxRNVIaHkHqvp2rm6IUWd3f5cl3mT3uQBaBsu445q9jwkaCsfuueTpG__JQXScLnsGZCfHzeFraH7lHrX2M62wYWiLQH89PZRnVwT3jmxZ_pvz1ZdDHizYrp5cHxf-P17Q_jbuWAn2VDQ6EaEwBwlVvxB60Lw2KBOI27ky_4uPazeTpBbx8V5r3Y3bcUO14jXDLJS2zdHuamwZ0zMqwwsRmPyBAb3pB8C3KRFmiIEWYLOuodjaK2s7X6V3l9SKEmZz5QTzXgq_IkF7evLpEOicay8n7Y07mIL3KtjTFQvOENATSRMLlT-9gAv4gt3zdBYXw4kwPj22Pkro5NSobxmPAB5CJvcjZaYJHDz4JQkXWTiJdUJEU5TNCZZOIBWirMZBi9zKU90AoPFTiv72dVgdXMsNxkhuEAKOkzXLL1BR4EaWBhfbxxNIhXFA32rix7Xq5pfROq6oGpKaFXwiWqE1WIV8gXCwN1eTm3rCuhsm5WmY0A6vDLOHltHX5Ci-9SFvThwIoV428SjvhRNhUZxgmIQtUIGVN-sddjww9GS5hhYg5Zx_JnKi34lGq_xhouPoinWqNQXo81xUk3-SC6rHKKF_xTDceupvbFY3Tgp6HTlePzB6328KoMrU-udFulSyNj2ErBQoJEVEBiewfIv1W6ubt-a6PIMSxPKQ_Vhnl0pA1Y_Y2tM-agrFG6ZaHa5Owpo1mk6KmDCJpk18YoV4z6d11u918Kk0Sdh-Q9FMniDeEQx9bN9rcze03iYP6HJmpuxwu4Z5A_gJDHK3yNosCpP8qe5SKzvCEtwP6OlC03E0YQsQ-LZwMq9UEisQkt9Ecf5y7wKeNLv8-eHIfwYBXIUKCPgqQI3LBqlgQWdfJTUvqaTAMSekN8dzKhthoLJRldA0=
Ljubljana,44308,2,Slovenia,2026-11-02,Monday,10:10:00,napközben,2026-11-05,Thursday,13:30:00,napközben,1,1,LJU,https://www.kiwi.com/deep?affilid=mihalymisroriflights&currency=HUF&flightsId=0b772513511700006a0d8b0f_0%7C251317b4511800003dbd60ea_0%7C17b42513511a0000181029b7_0%7C25130b77511b00004df2297f_0&from=BUD&lang=en&passengers=1&to=LJU&booking_token=HwCeXmHRAmIY0YKTDoCGB5ah62ajqTOfWxYIHdbsC2sjF_GlwB5O7HqLGtBfpHsxVJR4h7EzE7aHduqC7AWINJ2lEkKSrz895Q6ryXQfdFvmTfcW-sWrtz-vPbC-oI0hhG72Hqo5lggy7UNablyXhVcKIJoYcyOY8cw0gYd9PX38njbLXHb2E_rBj-1T4B2aosRMjdzXv9HCgugLEbSoO35okkKL_rDMPhaTvAltbHkQEBy0zHEaJ-oXa2hQbZZEZLq6bXOpBeDC2jEWrq2hebZItvFpHagNJWWjNZ5TyRZCzJdYtnzLXG0KkvCfU9F4op1ptn75cMiWImSbx2iFmVO9fc5iHnjP7n9T264v8xse19wNWwOAzJgwf6BcYhwb2jY3Yq7nezPYQy2GB_aXcf_UyTri5vAijk__DDWJwu0bTwLw5EprYEPykwcmFOwtHwha9UbalOpatxXiOPQp-vZ2pNh2sbasZtp-c_FivKsb-ZNN2VrDVOwTqWZtynt8_l8whrUZb3EI3B6D4E4mEPtKr9-swOwG86GKuOCuLP74DKOaBYsc1NVAi_uGvZt0IBi1VNSqlQ9W--3ubQ4kerZ9YYDAsvvxgO1I49LN5KPRSY8-QjwWcP6jgDJjcT0mwB2gAUMRNkbyHO_m3YFe_4yAfj1QwLWnOiviU6v-Yl-WEB54UgkTrwpCIwEVUPJWnlDtNUhS4tAsFsgiPEo1WQ-QBLNCTO8eaAIqe5uydlf_lYWmF06DA0Z9ynwOqAtN8hS8U8IUowix-c9AxTpLPpX04-GYedpUdIvWToBKI3pDbcQ8dkPgQE4I79PcvzNmrC9We1SvvQLg7B5B7N9bGJGWAg5dlnx-auZR-8bfLZ5Qc4AAiT4scrmJ5Ovc4Lp7Gm5EWE8XtxwMmTputTCeqyWygklYzIgl9WX89vwEod6oiYaMQ2w6REJjeIVzyb9sJLbzlMPNUqGB4Yt-iyqBoFr3jMEIMnKXWNM78FkD72HG7Ff-U9hzy3wBdBMMb_YWKTIapVvWZVqCfkp7qErmDl6ZZtr1G27yItm3vuMEfRkYjVh_RSco7Z9VXBJocI8ZSNnZOBYjThMeQVygz_Ic75GoE5xBR5cwtMX5AzM8idwVrIuZmo35GXQ-nNm_Wf8__-a3nGfh-lt1uKGS6FQa8y6Tzm9hAToFUABU3oQgp14FTNIyOEwTHE80b4Lwc9OVOyfokGsUSq7OCoB95Jcsbf-V2KksZxkSsAJsPtg99OsS_ryDlSQmGk_vJkOJLWnmyOWkimjGXW2CoaOh1GeVVmq618AjYo_lYUpubjZcUIgVhcF9aNdGKBi_Fz2eHmDle
Sarajevo,44312,2,Bosnia & Herzegovina,2027-01-19,Tuesday,06:00:00,reggel,2027-01-21,Thursday,21:10:00,este,1,1,SJJ,https://www.kiwi.com/deep?affilid=mihalymisroriflights&currency=HUF&flightsId=0b7718ff516500009927825e_0%7C18ff076851650000230f57e1_0%7C07680f0c5167000025792de6_0%7C0f0c0b775168000012ece518_0&from=BUD&lang=en&passengers=1&to=SJJ&booking_token=H14pP0wc6iHnLGs3lq5jGtMvnDDQMNv3P0pwN5lClWjmJp89g26k_oQwweyuuUOlqtx0NjGd8bA5nJ1ohwK44H2nm6JIsfhW6DDdUH3FsAE1ZvNWylzmFBbAQWEglZruK2DVK2kxg-7ZoaEfHwSpbwgI-oyCeD0gagm0TZzcotNOnJZgsNRduiO6YfTNMW34gX7aclQp0I13Lq7N85NRC87gXIkB_DsXnrgqAVmtifovoehRBOoQMzisS0nxDd7ZgZ3wwaYG04FImECOAPrc35Ke-HqY0YTv2FqMy0I69dT9ODiPnlXJ91Pnk63N5VvDJESSnhsCfGMJOi2gsep6Xeo20o6gHKw3Hg5QEa4SDXCDf8cTlV76Idc4nzrBnGMKClTspMFKclBMp3zL5pIuht_kHyw1oLm2ZPJ7szpcYs8mizetJbNvz27JoWX9N63lvvKT820IhiDnKvc4pF7oXxdJdGOwisYrPvay6JAqRcEBVgl2IVLM024A7oGAXCWP4LsPZRl8uFJIgIZA16jJt08aKYmXb-uOxCOIpozR4fk8W5yJNv_27koyWLm2QC-HBGAsqxT_LyuVphqD2Fx1bi-IArJbTu7nGC2n0r8yRAekHRgeL9ABZxFAB5J7qPmmV1D-UdXncFmwTtKU1ZmPG64wIPvfwgjlwgWxqc9OWP0-KY7vzB-Cxgxbnzux0252eBiFsTiMdoh0U7OVJOMNPV1vZAjr4kxmt9xPLIbE1MXh-Y0eDZKqilVSwuZClTF06kv2VR5T5cPuU0GQDQR664UKd48TztnbuVUE_w9CnlHetvV5xetPZfBCEPpL6nkGibM8IEKtnREU1MIrN4nZE5jG5sfPSQqQ7DJ2NhtpxKWOdNpsF58Yzl8Alz7QcwPo572ttQbw0Q1-kz2bbUd0HCo97vvry17Dxc_uR5s6Bcf7pvxCLCofhp1OLgnEodLyJW90dkSilsypseFtZDg7aC9lfvYhStvqKJ738wcDtV77AVmW6f49kWbQ93fruOIcm-ZNpJyJkIB6e0q_BIm6TEgSgGcYtX10EBkcMjKYC4OGNSNOOZ2yW9qPXK7WbX8ztqZGu7R-nPrEej0lQX5xAK12Snvzqj_TBBQuM1RgbYHf5sDKafZiFnRqq60_9iY6hwxkfs2ge7Wy8rRtDvuf9IxZ4RD-xu3U6c6-6GAcPGGUCTFTPAsJJQwa4zN6vQ25fsiF0Z5fv3xKx4jnE4WWa0cmEMPx7cZbOrDhUB9XyLn3ueoxz2hMd0VmO8K2yxyQnNIlITwySuZN8c6S8UPI5ofBdq61itofBo4dSOrZmx9tYiVfFxYgfG4n55tNxdahWWRqaWLbZgUgdJPi7CaKJBg==
Granada,44320,2,Spain,2026-11-06,Friday,18:10:00,este,2026-11-10,Tuesday,19:15:00,este,2,1,GRX,https://www.kiwi.com/deep?affilid=mihalymisroriflights&currency=HUF&flightsId=0b7707f0511b000075d2bc51_0%7C07f00bce511c00009234777f_0%7C0bce0059511d0000bd44eb3a_0%7C005918ff511f0000ec2264f6_0%7C18ff0b7751200000785806e2_0&from=BUD&lang=en&passengers=1&to=GRX&booking_token=H_Ni7GqgHmtcIf4eO1LWEVMBwGJoFjxNLn_KDfh2VQbeYjvza6YV_W7-TGsp9JcuUqM8_FakD06aa-pNlATks6Q6bxfx8PHfZ-HRX392geuAC9otHr5o7EfJg8NwhLgis0Sp69nFGMyeaQ33EdWe-QE9zPLH-6w-UP7Fc0xCR05fQsTI5qBBXoPoPiBduehmPgEsVrbaecm69Uq9m0x_3cM8w4WMq4XgugvHGs5PIa0YSJr8xmVZL3RVfReauYWbqyqVWIfrxE93ssVPplDZCX4i4gRgtLtC8lObpUjUTGHEvGR7pWhW-2H_raXuTxnvSYnZhmYbgje8AZEqjEvXIOUiDynuI6NWIdbxhqaN-UEuI9cy8nY05Zjeo2sZ3dTjRqXh4YtxR-FIlo9n8IqaBdzFIZVo7TJWDTrElPGja-RbwPStOin5MrfJPda8nI67LCIdn_KWhaDKhM7bMfks9fa5qLH_W2e5GKDeq9Bg01HVZ87CZgSbmPl-3SgOrWQXfw2d_1h1N13ML_2KW1uhoLZ-6_lMO13NoWXBXrKqQ7Ug_nxDXuEqkoEw0LRVybNVmEgDmZfgpXGrk3J_GwvtxcgNGNiTchFpPMiWN6pkRUwaWcjfSHopK8gD3LTw-d799lBme09r5i3Fyxod_oXSCNCM5P6I8fkRczh63r_L1E0uyBTvjADlamG5X7isHZtxEAJ71ksHBRWYzukl3YoZYQF2NX8YZlTB0yUlSjSh3Wxw5E2WfHtXb-UAdfbb5Url2AqHFpWhx82fZdqC04DtYk7Fr88oTUVEo5-6OE39pnB-j0w5QdYY8c1_4oqojbsqnL8YGTOwPus6TJNAiPhj3dbpoNL7nlLnhg1NFrTSOzyOBthmsK4qgJKtlISQzLLRjX-Uvd1eyHW8ww885enaIYoHilNjIMw6ksNA5uCSzlh5QXa2PpDqGkxRBC9RMn3R3xehGrqmAhwcTXCp6KbcDwIlLd5zB9N_0mZRmlIK1RLR-QWmjDP4N87tCxChFwEdHnVjiL8zG8mojIp_TQvKSHy17qbYswvILiX47BQCzH5l97eCsurwm1eWTOjqtOFlXVKMrpW4fb08qcK2-kGBiUyDToHirJEeKC3E0NsgJb-pn3-EiGAYE5fojq9m7K_bZbUb30oJ_4cd0fyOXRMJEcR5Twwv-tV2DUKYafju7BXpi8S2nVhBGQww3aKuP8LGxMdUZpN0tAQYgfGvABalaVnzmeO-g1I0TlCZKw5WcVlD0LST4_Aw9l7sVO_lrB9N--ypiYHHcn_P-kQsoHFbB8aL6BjjUXKXotCMElybRULWXiULPo-KJg3qma_9nwHfTrrpY-rU49VQWIxb4Kkod22qdNDTZRT9FjSC9Uq_FE9VfbfsrGe5RhjAP3vGQ57wYIqCrmygOlwejowMPuobiiCSnyokIYpnRLowTae8S_9CxZNnM6w9AfQcO9F1vjf8ZlCUJkddpOBeB9GwQMrLr_A==
Murcia,44499,3,Spain,2026-12-10,Thursday,07:00:00,reggel,2026-12-14,Monday,18:50:00,este,2,2,RMU,https://www.kiwi.com/deep?affilid=mihalymisroriflights&currency=HUF&flightsId=0b7707df513d0000b1696358_0%7C07df01af513d00008807ffe8_0%7C01af44cc513e0000821a10b9_0%7C44cc01af5141000036510460_0%7C01af07df51420000f0d44bb2_0%7C07df0b775142000084b24844_0&from=BUD&lang=en&passengers=1&to=RMU&booking_token=HCrlcSGYFLgLX6k5WJDGRGefxy3a8DsipctA9J60d19tKIaAKdCN0DJxWZ_WZWlC3CXQkhnVwNraOirNw4mKy7-5AmkzTDGczReygqazOFPi0Ps5LXICDBA-FjlIVrpWCfeY2c5OHKW0_891E5iVjrtn1ltP59qnZFC9DDMQlcoWDiQvsB58FFFbMGDgebFP8CRASNHCqJF2-rwkCT9sZDeNEUJEcMVX72StZ0h8k4jY7Tq5LZ8qaaLgOR0Le9fOmGLJrHb7ljrPemdLSUT4tvwU3t8J_LFEwdAj7B8irHBjEIW68CSHvuK0GAwWh_aXubyabyDu9TAneubZYidDsjTmaOnvgBEn2Uho48Bn7dACsApohBLxOwxHy8-CcQ9im4zjzRIweAevYQgo_V2l_RE59hada1snr2I1U_Lszm67FQMdSd3IXL4bCoue98wCtSxq6kwy7leuOPzYRVORx5gSXg42bW-5Wi-ECpT1ajCh2AfX5HHhm9foBG4ZUGbP1Phzj8rS7fV3XsGqBPkAFd5n7ujWGFCnkem_9uawjBFinkyW9Oc11kyeGHSUm5xbXVlWoeJaXB7-xMITgbtNITaw_Th89EV5lmXiAb10WhaBd4q3YKrCAUwEsF1Zb39-P_A1w5yVARp-6E5z0I4CMF2JJ123FQ2Rg7NDe7HTCYh4qeWhi1i5trSwHBV8W5azYkimJczhChMV01naJvIpak2PZ0YHAMpCrrRjNZ8YDmLCUOtUk-OBD_NwjdVPjD-6VCGRFrFD5bmhYTiq2PprQLl3284eZiPmmBCCJJvcLS9a3Rz4bjeJEEYQMVTCLtvU-3FJRirGDbpSAPbbDMRtdyVUMrHFFUqU4qA2ELNIkyB_dPPjdzYEitLk574EQ0VPp3Q5LVc2yED0riYjqP8SjTcqw507Iq0cpXy0mS9BaUwCPJyUENRiCAXeR1usEDHCQUB7xLC8j98lzDiHk7UjaCI0Zn--jc28bNvGrUKqr3gbu2B8TPLAk4FZn4Zl5kU5q6_ZQTosdh6-uDphMiMEs3r1SvnFufw3ZITqLWlMTj6mZFqcA0uiXUTRN-0Yg9HBLNRA137znqOXCUnLLbgyYaMyP_iWSvTLxXseKcUbCRwJFpSm5ceJTN0zDNBNB6CXLgY2E0jWlarAdixjGayp2WY2CY8WM0YSSysM4iB9RdIJleHRcdXcPk5AXPEIBz1nO_FpUZ1Yv4svraAAaukctrJqmPNnNYm89AoqqdZE4EWd-7PVG3ugP9pIqyxcqPw-r4_UiGgooq9y8hNT0aVIy0FWJmlW8epcDL4dW_Bip4uB013DwmIq6zqy47bs6OKs_56qAjnp7fA6cJNr7DuZBlAJYuhjAlYbv-oO_-S7HKQHSoyLWmWiBEh5i0FrHopJlT5VUypxPYtMId9awx-O2RIyzJ0E6_xSDID_BcXPikykhzUMN3Ng3Ch0kUV2XoRm7CqH9ivEl_2Ypcc_HK9SExV6cwI5mFepZWiL7Bm05voKFSzt6rQg7O_RsDNvuWAsp5RmwJVlBV3jKIx0Mzezqig==
Burgas,44508,1,Bulgaria,2026-11-07,Saturday,12:50:00,napközben,2026-11-09,Monday,21:25:00,este,1,1,BOJ,https://www.kiwi.com/deep?affilid=mihalymisroriflights&currency=HUF&flightsId=0b7718ff511c0000193db6cf_0%7C18ff048e511d0000c85c571f_0%7C048e18ff511e00007fc07313_0%7C18ff0b77511f0000326e99be_0&from=BUD&lang=en&passengers=1&to=BOJ&booking_token=Hd8BHjC4D5Yg3c3GhWPTaUOIOMyaaUwsx7CEU7Iv5unUrCvaDMgDf-Uyqr-pkDjJf6O7-bF7_AA4muk-7wvyzP3G6WpKHbkbVxzkqd5r6r4wQ0DSKq6ATn1p9sWQR0cPb1mxIb4Rv0fxFRX9kkJzTEAfOzgQQKNk34cceIPMJr7KUgnT1ml686rn6ILFy3YsWwmh5Od1xJzbnWKr2K-fxzwm56WcN9mPenchSs4jxX5-tELrXx0PKLRPYTnr_2eMMuMYaBVAREiBsCyUgZ9Uv2BW3qNvYAgpB9Cc2dY54Kd7nAvcrBnJu-xxEPRH-sQ2deU4Mr4I2ZQW6pP7bSFDK9JrqZjpu4TvlS24cgDgVbgxYDBYX-x71I2PoKtjRbQqxCd6sVQTcatrC0H7H6mg1WFMeda-2sPM0WzATH3raj9QlupiMK75hVY3FILQE9vmcWxI0FnfdZNdoP0XStOiMu_XK8EObI3q6d3p0gZ9oiD_93U2ST-PeFhQnzt2JFCsKzpz6hV1aOrdyHyejhZU608D9erkP2SEZPJ9z2Que-gfD5_W5fosCEjR87gyzWwz75ZjTzDTuVLgyGcvYidjotSqHwgukt58KYdiD8y92tLY4_wHCFe5dZFAALG4hdF9pi5DjQ3TfY02Rbk3ls4qwzE6OiWGU9etknqRZ91DsEtZPDKKTVT3H5a4j0mKV2dElbfoenxM3_j_whgaLM8y6HXquyFD6TE-XRXk-Rt7YSIm_JJ0fXtGBWn_mCSVxZMts_KZFnE_q90VGKGGB8ljr-MToEQRaJTnB7qOQ27-8qHIIUlEjnT36LMHwgFtO5YI4udUIs5AkRFGyHRFgvI2Jk8dPWyPh_jGhY7zgQ8kxl0kcAet-0NknyMhi03qKbklj5McI0XJjradAibbn5c8HM_mhw5d4nTw1on_Tl-kB5uS2oIQ75VkNuQZIj7NQF2IcJIyBjagXn1lVHo1v_74PtjWXaXRlYilyXpcKgdd31YboZ1cd84Mq1w-bEhq0oiW5e0-5bJ4JVYy4U6qkiFK1Wbm7vAIb9KUPmorOB_UAE12B1_o36NUXDWEuLQCQq1g3bska0B5xn9SndpfSV8lH9qd5fGKrmKpUcwZWzfx4QWAJTzRg1r7Mt_Q3Q2NUDt9skQVB4bF93ZGBlNP-O8a-gg67trFO7gnatcIAto2vnY2-RjZQs0Q8EEe3vbIfwmnD9j9ixtrlQy7k4hvdwdeTEOdG97OAs7u9sPEN_bQuGMhJIBw-GoHgbQaYedaUYNj9fEW6zXs0MSWT6rzNgwdobgHiozeqCQnOvKZ6Mniw44lvHgUHjjwUM79ly1F_8mxP
Niš,44520,4,Serbia,2026-12-01,Tuesday,18:05:00,este,2026-12-06,Sunday,12:15:00,napközben,1,1,INI,https://www.kiwi.com/deep?affilid=mihalymisroriflights&currency=HUF&flightsId=0b7718f851340000fd6669c4_0%7C18f8238f51350000cd0be705_0%7C238f003c513900004a77fa19_0%7C003c0b775139000019e10685_0&from=BUD&lang=en&passengers=1&to=INI&booking_token=Hb7GsNYhm__fUt_hTBWZOCStAdAAj0DJTW8lMvcCoQJZKO2N-cymLes9ECXPMmt_D4toEn1zi8Dix1MN0FZzrbBhBw_UaNHPozOIu71RU3d1OYsdTNU7w1zTx5RyT_vDj3t__SWiMByBPC1n9BmQqgpmNGgCG7THBGUd-Q819UOsbAiynoB3vJz5a_FNxIFhtdZfdINSyBsxzyc6bNXcl9U2RATvQIJgregUR6MDveggsxamVoPFLu1l0-VhWG3Ta7m-nJeIlMY__JrwNNpqH5f1TjjV1QOB1m1XQUZGQbixym1HZwByNEjHi5rB1rLjQBQDVHKKW7JNK1vhSW4J_XmlTvw4tTlB9mDV_m_v5k2jhjwnTaNU22HVTQeDYaYBBopYib_-9Uh5tyIBYhj7y8NaX_HPBgfGm-UteTlQ1sgvvhKA_mHNYcXAL2luWF3o_Z9uUuG1PDmvVihxOqTWQz9KcDgTtVhr5IV39yMfcrvfCX0LM9A3Um0R9VyDovrbB2pf60oYu9TGNy5Cb0WdrFZAJrDs0HYbwHl7fPShCe-ZoiBawKlfhnkpUTilF3JtgJlsGWhWt_9RL2_QElxkkHPMb79Q2MIhY-pf_puQpqSKAa1cO2Ar7-FcFbtvXRdKkvUodScR6sL2T9C9DIEaNVT4xouNeIMuEMH82aYVDg9BMoVljLmfRWk-0bEuPA34u2ZM5E1XSOQqEz6OZL1Vnb2SmHz7Y_u-KVhRz50B_7JGw4VOK40JvKPcQCuZd9EbfdyCkYUlvKKNfpsWC8pF9VOboPE7eyMNoj3xribAZqSfzZX6EgEJfdUP2e5_66muP6mFRMDmWw4apm2vlPCuRKhoqR1D4R3Eg9dYbXNsw9B7tttAIzrHeu00ZeWD4z1WzSvETqgocd7XQPXIBiq7PLE6duncAB9wGcjH2whBJgs2sC8oHRmjPZlDrK-6X4F46jUBDNS5Y5xzRGAxOs_gouVg-v52qlDwbwCUKIOp-Vh8G4tCZaYEMmQshbqhDRndLviocLBlNYcoSu9GXdZhs3CcCJKhfFIOEohQZN4gsD-KgHl1XW7hvjh9oOpu49GtWGIsevcdGzDRk1ES42bDbjkaKfUZ2BPWKM2QErA60ngeVE2GO5t9Ssqr5FtXwR8lE3xkKoOPn4C2PG6jx0lfaNAM-sXP7LSeob6waeFv-2KBNq3JyvtIy_sLa_RzBwW1byRizhKYxaSPekbcd_6bx76J3cRCQUFtOYOav1yvDrdANTEyde7yhWlg_y8i4FNFsb-BSXk8UxlqCjNla9S6UzYCF-x5nxP7S6Lm0Awj3Erp-3Msc5XDDO8duZc9AwMpJy2mvYAWbnXLqtyrZbxSx0joO2A29UHTerWaZouKHOz64a5P3Crxql64H8f2_sHvz
Bydgoszcz,44525,3,Poland,2026-12-22,Tuesday,06:20:00,reggel,2026-12-25,Friday,05:35:00,reggel,1,1,BZG,https://www.kiwi.com/deep?affilid=mihalymisroriflights&currency=HUF&flightsId=0b7720ef51490000614abbaa_0%7C20ef24775149000080e823a9_0%7C247720ef514c0000a00a7083_0%7C20ef0b77514c000089dfb5c1_0&from=BUD&lang=en&passengers=1&to=BZG&booking_token=HS3d7l2s99wg53tOBjWR3yFxCU6ANU-pFvnxpirN1gtQMTs6yUPnRB6sKwD5yIdY9GuldWHXuayyeBGDfhOrr0AdLLVRyRBsL1-pjebMrOyWc2VQBKexj2n8tqsiqy7O43Ck9GZzaHVdhmfyvhsGYfcBYr8QhmoqDtGD9AubHTzmRnHp-FxgoV99lGf1GdL3sIaQQ9uAbera8h08WTNHCBchDUyJON113rK3aMdBSoXsYm-WJOkvghPC_9ZMsdGs1GHfNl-FoMxKSosVc_IHObNPHS5un9DaIvpKIZ4N-5QdB9B9ke_MFfbfWSgW4Q9SJevMmp9EO2jjcAwl6u5S5J4TyfpqFoK30rbHrdiRWnbvBzt_P7alFhONx0Qf4CEVcDaNr0_1QcmU0nCdWbXvvH-d5d7rTEN8XcypnwC9pPEEe_DXAoezEl68RXYuWASAnz0t0IzADpTReArdGMCaz-86fwratkX5OlrHZz7rZQ7hLNOkgi40tfaglNfxOfYls1KQZp6M0DVzPfPtULj57Iic_VgKlZ-66JPMq3z7BYSE78GtoNgdg7wiKSPaUyDuFbPywezkb2CfxumilzySxVGlK_rSv4e9LX9M_2QidGohTJkaMsQsga-G8gsgqk_pY9SB1KQBADgDQ4bl9Kn1Nbodf6NgcQC2apEGvwNojX5QN0GMA1Fo50F_fCXZhh2MYk-haX7gpJ3QSm2UQidgsEW5c_vKWkIbWY-Bgwg2EX3-DK31yYUeJXs2fpREq-J964y3664kbXSaHSWzoh7zHApKDlX51cMrC9-QFB2QDXahR9Nyh-oNayduDH8YsulCWhTO0Hl3aJNCaf60di2L5zVNWJIVn9bWcS7SsJCRRruVXzauzMlLkbxjN0u3MRdF3JglxVLGoCZfxpydlKl-OiQ4SayWsQW0RoKgP_kNX5HDiaerif93OsLygRqylWsDjf962_LisKW4-SwBIMZuzxeE8zAkaqPyVxAe06sJglfiLrxA5LZoLzceg_UKNmYGkn4MwlRMhZw0mwiOqaDGntg3QLl6gA8i4S0p0Q-j-Y04zQQjXTydbcM7qDP9lWHDitK55I9OBqWtH0jHrTDUtIIsB2LICov6m2oE5vNpw3xwfoR06BOY8fzINcSK2Zsf6pCMNVLxXWlPTKYZva1bP3oFvLBGuKwkWHhi3RNHxN8LHrrHJugnHwWNFA0DGAeAevRwhlmXYsPdJIDcmWPt7ToSndIbWzvJt1k45Yc2mYCZDZms0mgvHxjlCGkhcpvgmJFaeOhxBfk9M2Gg40n25ZzR95-Ty4EPNpIP3qbM_XpxfQJlDIePi1z8UB7ObGFty_cFYs5C7mOEw_Tg63FOTww==
Helsinki,44615,5,Finland,2026-12-05,Saturday,05:30:00,reggel,2026-12-11,Friday,21:25:00,este,1,1,HEL,https://www.kiwi.com/deep?affilid=mihalymisroriflights&currency=HUF&flightsId=0b77260251380000547d5c5b_0%7C26021a14513900006b791c3e_0%7C1a142602513e00006a39dcef_0%7C26020b77513f000020807937_0&from=BUD&lang=en&passengers=1&to=HEL&booking_token=HgIq95aXsQXHACbFig0rIZnRHVT2qGImn1-7iKk6WOJwq-AvbeljzfYxM6vxHPC2zdKnMYQNyEaTFJEl7R9WGpgWl1k44juS249zWVLmrwYtHRdWe4Bqq-hf79a9wW7dJ8wcmcJ4XutZPKI_W5dBWHg_oDbne1RanhXi-EpE2hngOER-joC5QLu8Izh0EDLqEL-wBKniWN52-z3jyJ-IIJ1Qg1Be_m2kekMsNVNBUc-mVu5UR9tjeWr-52LxTxzU_3YWkjSbPwLTFi-bby01-FDmclMCnx99ZAY1J6h8qfEnYuLuv4QlWtx6wiIHkTcVJwARGkpOV7n-pYzjBm8SOqG0mTW9bKBwG0plvhy7YtxoF78g9qI7YJd_1H2qxU7S_UCk6F5pGd3XvidqXTJiIJSGHU1TWqGcep6qa86J6r0L4iC3neFkX6akQPsuPOQzZm1ufI2ZWcu0j5845WMvt8wh7X3qzzNER_Pbzt3UgsFyZlUW7DioaP3PQl4wcwDTelCh7ll6-qVMl7_HEfPAHNtL_q08R5xqBFZroJblVgEa8pgC0vGhiVv_A1g8TwdUQWpRAvv4at8iHQLKlh9CTg9fdCjSO6no4GDl2i4iHf4MadkmYm2IkgFNGGQZiDg4sJo-y6N701d9PdTRZPYCgahkNx10vd3XrtUgjX_200Ia2XRzmM3bHRI7ZCAQsGWfdtl2I6Sx2mUBaotZ6GMW80on0T69sLvGx0JS-V4gXkcu-t_S4gnnlSSNAcdaKRZVdbZUREuWsuba2kpe_hNz209q1AU11TiBe0c7_t-YDcZqmS1qxCTlMBKxQhtJSThWuVxl2gIEAurFShzTSN0cwDGYS8UV4RhsVhxIHtSF40orwbwmvHA9SoWIr4Jf8LXM0zHjrsbhY7W-OUYDzvObYOwWuIZKmecjBgqcZRxjjP-sX3c6Wy7CBHQ7iF_XcZHlp5Qji9MwpOLDKvHczDCArRHvfahWNFYl28QuS22TUrRCrKfb1cbo-k4e52tq8numc1C5dgUhXM41eDpNnwqGbxs9LHGiFggsH2nWIso3Ij2KKWqKrDSwP6kroNL_AvZMAAn23rAU0Azi5K2iKIe4ht90NDQWPP_GWihKrIJ8fwDoDu_P-1au4ie5tk5ZhURSxWtKyxm5soWYXC08j3s3RkS4nbsWGIGOhP5qxbRa4jf-scHxnC9LmjYnimWco71GKEPSFJjVXZYUHBjDBA-_0S43C1mP98crcgWaRE0ZDFihkQ_9TBnEmopPDfsGVoJ_Y3TrfzT8k_w1zGrYHXx0smF9B5YLHJ9IISbhe_5MZT8tcNvogCMoh5Yj9r_8UBpPjm5Mg8fbENamBqTj3hXcXpmX_s-XK8buO1-gSZeHOz9I=
Narvik,44623,4,Norway,2027-01-13,Wednesday,16:50:00,napközben,2027-01-18,Monday,06:15:00,reggel,1,1,EVE,https://www.kiwi.com/deep?affilid=mihalymisroriflights&currency=HUF&flightsId=0b771cce515f0000736ddeb7_0%7C1cce0a2f51600000bf2e32bf_0%7C0a2f0b775164000094572ae3_0%7C0a2f0b775164000094572ae3_1&from=BUD&lang=en&passengers=1&to=EVE&booking_token=HcxtD3rpuWOvrjMlyqH2AVgpCaslv5r90DWhu7n5pV4GyzvX8ohMHmUPtRmR15TtFAy0BqAGhSYcRcZqC-coiFWxdDpDoUizZ_XlboeJFBeNWIiz_2oLnHrKJUo5-KGANRzNVWrtDdztJAR6eLUiotujx_SZd8kxA9CE5Kghng8zxsgp5fG4HncTwwBh_AagExjVN1TVT8QY_5X7R6fQZU9Zf3jDcLzAEtLT7kbmfIEK2I8W7alaK5SDSBksbkHu7rFvS4YXgnCyOXgQ_yBdNC2dJpBoiPMaYI-tOHxB5kY3dxpnu8SouUCUznhulO0-OEPM7CuJ0F69USgkXPrRVW7ZqnCTG8RKMhCprXu2HNyOdunm20ci6s2BtyGcVZx2bQa9Lka7Zq84ZRxm36uOiCWMFxbWQaa-tggDNy1Hl2jnywMcBF47ijv8NkxvXOaWmzCbTQNpXq7slocb3QcHdo8oLJaGAcSDMTgsfqdtq09K4HLlwPxKtaO6OoEVpvhrpX0J8yZGvYpS7P6jn34g5aE0XHqeBV3dLXF3ubPrENGRjg4n7VnI5wM_suYdAuw6v3bgHIqY1amAKSUtePFIbgxMrmWq7mNnSsHgtQ0gYspNRAw11TTJNBl6ZtXSvZsHv0k8CxbjL78usUUuitcnyRKVVbilVwOHQC4yapM7QpiEvF91Wg0NUb-MrDbsyscrJkhCrnhScKBuClvfPgVFMVYJph8Stq_B-EE3Zux6U_XF8El5BkxXtoICgDNwrD9y5NaWXO1ERM9ts9NbLHV8_9RqJiPAQqKYoxEXOJiIzZdu8wPy8ZXg2ZxJ_jKEK77Uvm75vnJWRoKkAD7BhLyGZHD35j07TjxtXML4n2uJlJhHYRkEVstvcoBHGE9e7a3zzS_qNRhHGwnOMjFggqikX4LN5-lteUm0Et1zI00khR0iuyWPRCVfcgNLnbYsfthatE36PC0NefdqbgrcMhjbsLm_ZZC_Xq346SxElkcnKpesKDq7WSfnXJCMy56hVG_mMMCHLmSe134sI45adwcALj2-aUoqiRGiLr6dcXeFFandi_5cV-ZcYeFnOEM9povcEHWjn4hiu4Gj1i0r8DHsM44xjaQjzmt4nL7E4LoKHi9JS8Tr0SzUGJVWUMylyXtPJkyryzxDf6AqbAGcylnxEyzjEyzbRhOLHR9enFpbyMOYg90DykYGKSHsE5Tf-6-vcnctIu4ihxyTWk9JuDO1UNVXcjCYgC64S70DFAhjs9y6XZqGHzb8ruDYZiht6uOxDeXyXEDwjZnNQ8TUGx1aGoAxrOsafTiSvGJn4vkw2MFU=
Murcia,44676,2,Spain,2026-12-11,Friday,17:40:00,este,2026-12-14,Monday,18:50:00,este,2,2,RMU,https://www.kiwi.com/deep?affilid=mihalymisroriflights&currency=HUF&flightsId=0b771fb0513e0000c9a19069_0%7C1fb00bce513f000000c239e2_0%7C0bce44cc513f000025420685_0%7C44cc01af5141000036510460_0%7C01af07df51420000f0d44bb2_0%7C07df0b775142000084b24844_0&from=BUD&lang=en&passengers=1&to=RMU&booking_token=H3ayqOOlD8jo7Iuz-eByh6sqhox9mJJLawFxABQDorch0G3dFPyK05bZUJfN-LCPz8H1qyf8YHq_DqKU-fogQqIuuct5Cf59s55Fx3OD5beotvGeaZ1ltPEXAHXRPz2gKQIMIj9IfKXckb4hDKuQnyYHlvf6bDyE3kVZhAa6PCQuhNupB_OgtYm19i__31bT2HeO3daxBOYPKFOjK2ebZAS01AenhqvRLrF-YE6RrJbiaL9t9Uo0o5lRCdopYmtX8SueXGO_Ab5Pnd3kQ0tJumDLmZtkUcW2eokFTsiTSG0ag_qfIsCQKqR6QAhaUCG5tCcBnJMnRnnN-C-y9hJWUiHxwr7t2NkxpX6-LSOXK25luJ-gWFMF3Ah3NwQyHNa20L_IfgVUE4ptFNaM95QbRUAZSmGH9Q7JeH5LpFOBxfRhsPLTkY4L6V9yE3dEPPPgTtUNxfycJQaZNJVuN5M80xCLffTZBuRA8UuXspBJVNlJIAHoaIc6E4QSDIyHxAr30Aoyv9UAxHpY2BBpIuAmZV4zC1xB8DVbcsrnos0rFRO2PVvbXWoykUfC2e431njXcgbGLNv5uVNblozGJH8kXSRRqLBzoKQdCB_smBZFTbp9FboijtWHj1E0AEi69dUbv_tiuh5HqmSLz2d7g2aDgZ3Fp8y33yl_fE682aGicmMr-SxV5dnUl4n1M4yVc6ABxCKiuljWr3xyVQmdp1L9mB5xek2buwMjjPVaKV6sBytXHQunUa2mEwRGsKp6NUiQdcGK72qw5qiM881U9AFHpwkSj41xafClwIMOPfgKTE-K860F2xw3JPzdGXYjjNhfDzZhKr-b_KbFP9-TVpLqv8MSm7sM944NKNWz8K5w0xORVqEoVoeZl3zFMu7xhwcIHhXhwVJNyxCSareVVCww35pZ4RfQESEzyCxOWVj-v6jeI_WSJYzxzDT1at718pFCqa_rKeey9ntysR6MHW3HQL5Zg-JKgq33CE-V7zYLK7bZ2U9-XBnwsKxRSlRzntekdnUPByAIx2rFm1Wirs2qdmzmaunw3P18Kt3nPhZxr0AdS8K7tR76_x5NcrBDIps2tOzb2B79IRrRkl5Luqw2QaE-KOxci2dey8mjZ2TK97FHIlCA2x_PJOqqfeKPBdYGPEKQ6mN4dlvLfKIsYeBB5OGCvBP-yyS5_qq_PNgiRB0YiUqJghUrJzusVWCtaWIWB8992EwHZjX8Vt2FhWkXX3WKYqf4AC3tCgoqiLRqlgwMysMLc4U15tyqpkOzmiqWp4QRHSK0eF7WyoJWuKuUC23o-K8LNKvKcMz93-a2QqA0cASXY7CPBIkU68ntysSYTIqbR1DdkfNi8-RcovRX-nkdTI3mHsaIxQaKZZzWUOtVfmBy9-UOFqf_fjhBdE-65OGVxswVhJlGyNwVMFA9QtFnHrF0zm1NiuyHmiaHYWOfzljh2gSLTcxT7eeNaBb1Yx4rlyxyIt13PCHj-TLP3u-WwuH3VxPO0yfIoHY_hQeUccziZ91LO0XAZsQNbFRZpl9tftaS3OhuKnrxOzQgB6g==
Debrecen,44811,3,Hungary,2026-11-12,Thursday,17:30:00,este,2026-11-16,Monday,10:20:00,napközben,1,1,DEB,https://www.kiwi.com/deep?affilid=mihalymisroriflights&currency=HUF&flightsId=0b7718ff51210000f2b4621a_0%7C18ff07175122000065444280_0%7C071718ff51250000a7bb1fa5_0%7C18ff0b7751260000a8dc26eb_0&from=BUD&lang=en&passengers=1&to=DEB&booking_token=HIEdFPSmpfGuZ-bJukLgapQIM60qkNYQeZe2soJiUwMCa_3UdkPgTLr43CkQS5Jn8YJbM7Y-J0YvAYnlaYgDhjj8JQKDOdnrU2xpbNcSg7Ddl0KaKcaLOoP9HQxF8TQ1iUKV2S88Iyrq1iyr-j8hdcnzywbDfZa2Vv1t6XDrfggeOERlQqWwmiqKNk0apzqXC6tzp91A2N8BSeAbuJdqMqtXEsS-pAegBjPDFwj5ymaJwvoJI3RV1W-3OI6dl3qmbynrbyS0fJRBFVCaFLaLCNPOjfA_M6isbGszBsfsTut4O3IsQI5icbJ7qdrvV9P45Lnc8sTJZ-an7m0SwaYf1GIGIp8TWowj-0A4XFj-5a6DU3rlIv3PkxjHl6aw5DaUPpPIF27iadil-tKljSliXgD8U1C0g-5MG-NLSZTCR_B5cxg06ubY-NkXSMuCCKk5u9J9HYOykRM79DR8LJTKFg6VpD3uNhkfhNJEf5q2e_gFnZVWhb9OOiEoQdKs8HF8aFnWOUUmTlbnLd30m7Ya0wx5Eg-kJicuJX_ZvGsjVhFGwgSWADjCAn4mTgC-kfSHEb2Aj5R8gtrH2G00twp6VChJgx7va6Ld5Mn0ghB2aLDR47smpQRttZPNFNfpY3u9FYTHlaQZgxg8N7rEyEOFhQbTwHFWNI0ZThNBL9wUv_tilKUDvshoPzxV9r-onYP2IEYqFvN4nX3xH5vIWwyLATZ5cBlTHhu0SPSnj11crHIbgQBOcF65ma3PvQnLDrst6cqY2VJ8EyquBZAcRkIuUu18PSzqFEG7thch1lZtknpSGIV-LXvpmN9t-5D69Mmtv03mDYOKRJpvseudILKFq61mvoHjdKiCFEFwFmmX_9lsaVuKUQR_sGF9Nar134x6XuhRKG2RuJx56D2qkrCvyqm7nMfHfFbze_P36nyUI6pozivNHCA66W5PwKbCv5AfEhvPY0YQxfl0-mM75idm64iwTiC2Gwc4O_cg3AF0ujeGDyEGUTSlD8nAucme8DTyIGECqIE4e8qqHPk6kcH1Isfu5-X4pZou-XsSuijPBoDt-coS_w-ujNDWPXIij6vsoago0uDdNp-27uRBc46aE13yttbG7Nevp7wpoUVASCHWqoGi3IHYWgwjlE7IjvEd8Q2YvLU_Xsoil3GRVnizIZZYo-L50Sx-UlpFbeQiBEpg3B8wbQtGCfArOzVjIWvlg7A-G7g0MvP2UW5EqPmTr5Cdv66J9KAKS476KFC2IrR8MNGf-4mtTk1xOGOcWkicNW6Lk6HMe6tLKBPFkBHIem3HT_Xt2s3cuFzjE_6J87ryuSBgqr5e8-S1RIR0ITqHi
Granada,44811,6,Spain,2026-11-13,Friday,17:40:00,este,2026-11-21,Saturday,10:40:00,napközben,2,1,GRX,https://www.kiwi.com/deep?affilid=mihalymisroriflights&currency=HUF&flightsId=0b771fb051220000bf0224da_0%7C1fb00bce51230000c64b9382_0%7C0bce005951240000c895b74c_0%7C005918ff512a000013e03b6b_0%7C18ff0b77512a000024cf6316_0&from=BUD&lang=en&passengers=1&to=GRX&booking_token=Hj7ai4FEnD0Z0rwPtkhBbQttAyAjtrxW7alhTvenlcoz6XAmk_vmkk8HFOMl6L0zTQLzM2QXhukuCh-ZCW40jNVaKCM3E1fJRaY62QgmqhFVwlcdC_Lv2u88xukLps1rMHQY4kxgs-b2pG4KVqs74ZwZJBDhiyXpdCtZJ7wYHVdDVtXqZPUKvZh3GQvTg6ll35AvGnhuqA3zEYFBg4UqHPjOJnQcre8-Sh4JxVYBSCNeNMriTmVRLebT4xpBPGgowhKKq5I59XXVS_WJKvNkv2EPDVVjvh5AZaHersTO2J-iiKMf11NIdJ106bgL0PNF0bLknSKj7X4w9C7CoooV1bor-wLuQ3VVANb8Ejz6Zlppx1V1ujZ9ElneOGs57bk9hytgXq38Vo1P8cbVjea3GcDo4iNtQvATSmIhd05Kkbc9DlThB10gkGzgASMsG4dGbc3GS3ztM_6PkLgXpllCD8bkmAdsH2MUl7N4chaunjRHlcq5USFOz2VoQSd3_HYpjqHnFlRM3RdzXy_gTD7r8Pqo5cXm685BSr8-gASNCapgyiDI41BjKsopQ9OaOl8_i531fm46NzToeyYk-a2CtOP18J9WOnM51M4LQnFGlXesGhXylRgN-4-kMR4q_sQemirYAU8R1qCvEuraVoQJo3Gtz6jP4eC2LKMY88LST4XR5WWSWgHII7m9qel2F0QDh9Jz5wUricx8TvUMHkeWeB31WcZ0FbsU5hysu1Hj8O8ydjMzox31z-_ZM2eKI4r6CABSWDM422FBSWOi7N5EwOWxxb__vRpL1XBN4zQMd_lfzMMYj9Mk3YB9ZjeZ1cv3-zQPKO1OgTvNzKIeGX9ukqu2IL1kFRdQvAFMNFMolFlNvvCT60ZpDn6lwMSwbZel05uLjDObFLDAaFiIHTWB-dGFP7Lz_zf9LXGKIs5mb_qrJ_8IIsplkTLvmugcdbO6YG9ccm-aNDI5kFLUV0hy2UXRdwbgM_tvEBONMyNNBdIzYHvVD_RE8-FJAGK_EaQdxQwtppCydbLsIFOU07LkGK6uRWv7HZGvbTbjoCeFfqMB1zksFPjNynSFbbD9j6Ssm4u2GUeN_Nho12Tb6bMRKT0c2YrPXZm5VnK30_nTaPoThV23KitcpwQ6k6q0GLLAcbg-1qdRReDYrAMaPiTjJSkZmt7ORbvmSbdGXXpko3tLpfQyeS7JuZO6ZOvw9imiuPUAE98UCnG3DzVLQe6TuBLo_VzNwcU7ybiMGz5o-ytZKQjctosyX9_9UbYxeKRPDmXUNDmUJVYl5tIV--rUS760SGEms6uUv3pNvHyfFLeTrvMQUSanMg8hQeroW1aJti_uugGStzbqJf81t9sKGH3_qbMp4HQ1_SkwADWN_KUrNP_L3uRGQUKsihcegc1YtwfidvedHtLxUxl6gr86Hep7k9BCfqnr8tX06Jt5FJlp7D7U3oev2W2vQbi75OY5V
Debrecen,44892,7,Hungary,2027-01-26,Tuesday,06:00:00,reggel,2027-02-03,Wednesday,10:20:00,napközben,1,1,DEB,https://www.kiwi.com/deep?affilid=mihalymisroriflights&currency=HUF&flightsId=0b7718ff516c0000e1541e22_0%7C18ff0717516d00005944f7f1_0%7C071718ff5174000008d57b26_0%7C18ff0b7751740000bb8a76cc_0&from=BUD&lang=en&passengers=1&to=DEB&booking_token=HznJfbnLkGUl1XJ5DtXdmL8N0VrCge9C1mTJflKQqpBKLf3jtbaGj-H_Hpzg1H6fCydI23TLKAk9Gl03OjzkVzvyBWv9WLzdXubsTpJEy3qVSgZzxd10_apw9De0hdnowHqv6R5isa4-Nx3s9KaN2OfP_ZknEAPNx-xDFlILhKOgeF-B6hAmPNbopReUOTwrQRnkOA4E_yES9urBYPu-uDocnDou7eUzwrqZNYcHc6P_8y_ncpKF2TG2d-Nc4hTeWDGv3E039SGmL3-1-OmrTPAK5NqazrRpCH1iVAicZzOEuGU7EkBTsz5yNP7hkD_K9Mejqj5_GXyXrEcEmjhDQcAYb__3U9zXnMV9KBGP-WCnJ8k1ZkzVrQ_U1aUnhV4i86CYyPqN83dDddpDa5NkI5-8H6JbghycH_b8npRcJwoMdj3A-UWn58WgeJD1lnBeYluhtGSc5eLnFb14BPjZjOhR9g3MgjgEbZ3N-BzUuNFNOTNcWAAGrC8vlPYTTYwzyoK74uqRqPAEfefhWL6NhppJl-YcJx722ygsp7r__hamledom0Bcv6rmx6Is-k3_l6rvjCChxr4HicP_54SRrWMAufXaKTqq1LRAHHKGNffCRrW0TWrt6Hrx9sh5OF7P4-NGuEexevdLRsXiVPxhu4jMqZeSgOFqwGm7V4pdNzTz59HpCuZupHyK-KaJrdKmmNrvRS6wbnf4zlXPgK-hRhJL_hstMCVP531-9rXBM5v3nl95_7MJ7lMtaV7ru6f1DTkaNiv09a8542fYiOAKiAphkoZNL9V28ye1cMde6u8S3t8uVpjgv8-HFr8-WfiUuLgy86CYcCuB4T4qKzlrWg_GKXyl_ddfiPz6-fvQHiP0crdpEGZgPKWLuuCe5iGrjJ0QS9s1SN6q3P9_A4NH0GfPyQuiHpAIPLxPZ65taAI1JuzizfveI-LNtVziTdZpX8S8-XOm6N2TC0p7WJActGOwsBZfID5elwb-B_NgTLq_JX40RbWFRAuprCVJCVHBebS5YclpORt8pa0R19f5jYDHZFtEt8P2DrK37D2XyzCFLNB_xUWWkBBY1eA4-paHn-Yg7ihj_SS2bduaX-PmnopZB_2qa_WXQWxQsD9GP9WGUSemKIT4q2h16ruq4zfupKc2HVJwQ5MSogWab9Cy_aOv3bo2Feboob5YQcVtwgOZffA92jaDTt67N9MA6bjjEGVsOApFLzBf27n9agJyYhGvevGz1Mt5Q_prv_4q3jKXLrrzDKmrq5JqBnUZ9yl_z_5hWTz-q7Y1_IaQyJ9B5OqjAqdY3AI89b8JPdVPlZ5k=
Fuerteventura,44958,6,Spain,2026-11-24,Tuesday,12:45:00,napközben,2026-12-01,Tuesday,11:05:00,napközben,1,1,FUE,https://www.kiwi.com/deep?affilid=mihalymisroriflights&currency=HUF&flightsId=0b770cb5512d000038ed608e_0%7C0cb5084f512e0000a3483ff6_0%7C084f07f051340000c686309b_0%7C07f00b77513500001ece7ff5_0&from=BUD&lang=en&passengers=1&to=FUE&booking_token=H2BIVIXio26c1mjbjek2UAE1Yk8ROndypMd8IGVwUoRyd-6tnQpw_X5KcMx4Sd_BhDEOe0Id5CXnXoT-H2EnYac18mAlshDul75M_fOQt5AH3_RaomeTmxH10HytVqX9A1jWvRsRYR8LBklIcrwfzI0iBesa6rHTygbUv86TVFOxc-7gFnaoimurgMhGszutl9d8dgi6BCoPsbrZ4PWc0NzTfpwpmWCDpQrPhRHEostSY1hExJwIn9SCxVmuaWGXQHNfjrnwxY5p4186uWdFWrJh1stdCqVVLLMszAR8Pep0XCMp_T8hmPnn168asS4YZ3PJLT3KclLDhoxZwJQ2W3vhmHjX0kFixCzEgFfHILmSFfvLTiis0XcilOkPo-bwHITwrVPmliKnbwBrAx2CqwVXCNE7y6GKJMJC_V-5Rc-lMIU8bk7QFIvQ5QhYSySArR_Aeg1OzyHJLZ9bHPtwpf0O1L8ZgAolJSx6Xv6fteR2CAuaj2i-tqbCQFhbBbbXvqoz1Uvl_pOjQzAMt_D4MkzwvhCUuLlJ3Qdf39Yw0KyMWsJ2xCdWRTYeD7tmPhR3gewSIH1gAX5-55Sx6XGZBaRdlJ3tNHML2i-Z7jmixWF_GkuooNIDvzYgmzsSHbYkZLOWf9S_jTorqB5RgxuevCfnXrRsr4Gz0yR9coDzLsPAO8LOi615xMTe2nerU0ruk1Dhs9aWZwm52LDLAi9C-HmUYnwwQ158PwOjYKmfMOb6zysSxBVk8g6h9YI3V07EV0RPOlNKkpPGSeoADUpQCTbly42ahjl94Cd_Ikif8_IxT_afDog6rPs4dV1V0RcMp0e2KakkxFrcWzE0xp40FA01HVaqgIADrRWclcqEBz4pU-rXzOrpPzIbrT7n98etzPPauZ5QCNq54QmhSABTR1g8L3nHIDg4_Vivt9YwI-OtS1-QDXnpeyA2fa7xd0peasn8nQsLzgaAb5sLAIt331t0PS8wDyYm1zNHFXPiBNZb_FGpO3CfjtKHyxiXIj7Yna93urBIBy36ih5_bnqtFSloeHiGOnrB6ILnrSF0Y0aCb-gu5CKBUVGPFHvkM5O9SVZ2cn7wsrD43FKjYS7XAhsN8TBgtmqQUu7QCYY6JpzIVcVTE7wRcI0FELegMYOL5aB4FderNnIm6xJJpXsIIW5lIL92MqJWcmlV5HNblYzFWwxAKI6yJWIv9yON57sE3UzCp_GR0RIewj9m4F-QH219McGWz4MF09eKwg7OKsg16PMQIrj4U1gfFMomzt7HngQ5GZfJ1AKIPkfWwDmdMNYKSSAOfhk-zx_15eswmk280JQ93MquNxFVzxClkmFpFdH6ylaz1-vU2VhcUELkS-3IbcwXFGYaSbZPvBdGjRn0=
Helsinki,44970,1,Finland,2026-12-09,Wednesday,17:30:00,este,2026-12-11,Friday,21:25:00,este,1,1,HEL,https://www.kiwi.com/deep?affilid=mihalymisroriflights&currency=HUF&flightsId=0b772602513c00009a2d1745_0%7C26021a14513d000073dd6ecf_0%7C1a142602513e00006a39dcef_0%7C26020b77513f000020807937_0&from=BUD&lang=en&passengers=1&to=HEL&booking_token=HByvNQt560MbZm4hsx8FwwAzi2e8QQPs34T4N_mLPsZQs0qhEPJ6Y5hb8hVDr_hMOhxgc_89p8teYpgSEWVpCwKtn4bNyu9dGfIwsec4BoT9Pmg90FE1bQJ6Yg-C3x_-fXF0z9Gtdt6uvlhOkkvrGNYFQMVl6R8brHfT8MVEfvrsRIBb-tXyBRMY60wyA47ifl8IICKRTICQMfCRvLKF0cfyhKfx3NGGWjdsQYphiHPgXBu7klNF_GMca3wlxU6VDxsaq4tEXOc5sNzqozSFHUHPetsfsRurjCTxwuTl6GkhB3IVTwApotCraTrT6i-QeKB6I4BwygAdEvNob98g_1Fnj9qWD_yoiWUhdoLPetdpzZZcGU0mIu5GGtwWjNnX11erEDrG7HMkInsNb_8l5LA_aDVuxyQUAPxjMqU2GTJBTpu5P7YwTVXwnIlQ1Hadq29sW4Tv_IA8zwWyuLP_fZjyhqGCuYpx_mhKu-O5Qw6q2OMglhUwy0uGgvSqmsm1eJG4CMO5h9n__i1WQ2zf0gpPNeBd6g37acY54J7EKj5EA_REumCn8-89_9KAIj2xU9yb7CF_z3pJLAnliSdAhEP-NUcB3oFiHASGpDxuySi3vUPydz5Iy4X_2HlUuIPqW1Y68kfVJfqrxQPxjKWrrkMMJckjfKZaCJ1Fu48yiQyQSxubr_7mjl0LcCs-tozt-gBBTzW3YTn5xdbuFvW3xhTVL1GZ2TmuRy-aO4yPg1kUKm0oLZeSQLsFRC7XFWL7TMaeuc5H0KR9T44HncBXxrmjnrLI1lCMQCIobejGBhKaQdGcyRfYz-JBmyMFJ8AcyVWUkp1qU4D1PAcCx-v76yhmrULMPudLQV0Y7S1fZ2iWNd2eT4Qi7Gl9ch3kdqWkBLUYO-34To7AWdbRer-ZKznQ8qeJvsAumjaTslgYjczbjHUIHkhx_YTVqY-myzm6iXqAn_4nvtxuTvbIQn1v1KoqKeGqPb-HwAErhqiY7_hAZIYJsJJF38053d4R43A70DTOvA9HZmTeLdblr_196myFlWu1pUt-EUOOnRNUvRNhD_u4D6WMlCyG4hLmieTHUEU1Oz_bnCc85bHQI9tDov3FyXol2yZB-nIxDbkP4A5xNljjp6GcQ1aHstfXh7DiuwxH2sOvrBFldmENWeRClQP1Jl0jCcscgJOIkYlMsiYA92PLvBquQHyQJ-QwWITcZwbTPqplDDgyGn9h8EEqXSxpmJwTw7V-c9dIQZ2MFFtbke24tjioQ5b4-ACzfQvTFcGQxBJyQY6o0-W0xHC859UY5FfxoKGlLkHPI09n0SdUUQb9e6Hv3JnqmfTD0DN2Jgf9xZBhyESwJ5Zb-guahqSYLTJU0HSgxonEiJCJAHm0-AHAsKLRbkBPd3rnDefU3
Lanzarote,45044,7,Spain,2027-01-15,Friday,14:15:00,napközben,2027-01-23,Saturday,12:00:00,napközben,1,1,ACE,https://www.kiwi.com/deep?affilid=mihalymisroriflights&currency=HUF&flightsId=0b7707f051610000b934d6de_0%7C07f0073b5162000032afbd1e_0%7C073b07f05169000085e91fb0_0%7C07f00b77516a0000ce437804_0&from=BUD&lang=en&passengers=1&to=ACE&booking_token=Hp-Oto6wpcTp3zCZOrlyaoiy6F2kHIOybK3n_1yfTrdQs-3lCQ5cJ5qjvKqsClyYA50YvFjZaosHMRI6XMFlbGRa_xj69WVzx993SzgfJ71nQCKjh4ADxxEt48AcoQA5MyR0awW5pRhZNQuMYtTsBUSOOMQrw24WdH_F4zm7-no98KOSYj10vma6Za6XIuO6fY9RhcBaCkUUoRC6MoPMe-S7oXdelDFjU4QYIhDpQhvyHu8ULq-eKVhxn7sqL1HqtadFsbDq81fGny-WiGIuG-_NWvnU0JoIq5Yj6LBF4joFxZKvJ_lhdEkrAT3yCvioz5R8mOIkswqFm4ZjK83YN8VudeeOinw0XsNSqHaHb41bYqgp-Mhxec04FSWbX3TKOSNNtRhkiM-kj-mwKqaRcxuaMBviI64YXSTshbTtLhALLGEVY2K0oVPGWqTYnK56YFT9HNSzpVSJn8w9rsqqKAnMKKXkDzHF8T1fkxOWG5Qvx0mY7rojEZ0HYNdtmshDd8aj7W3HQSzjWXkVFISyNUiYETmnwuVIwyZK8y5qtT-QfYde0xgFV9bFicmLIozarQV56KaE5D0Zsnv6wknGlaWpqtblnp3wvw-lMdBGSUbZwESwk18r-M5t-iium3wxeZQdSwG8nod1Yz0mxd3GXTrlfFIBozn73x7xgXTyLGQma87z55B7Zn4RdCBvbRfZ1J_eDte2BlrfTdjltnM0bVvqb-9LJ9H2-FhNB2B9CUOyqM8t6t99nAcA8RkBFCJa41SvcxnP1hbvJ_hWe_DncAzwtcQZWdBIEMRabElbd3keOkqPxP_x3q2SPeub4H0nw-oge8YIEt1nGZ61M-6TwGLPLyzPdcSJEUOLbRURskDpwI4MvA9UgFF52twA-FT22qP8Fw9y6DCQQiV5bxFc1IFhdJTHyirhDCyBFyZh9oX56dteQCi4krh2Hf4ATqnrEvfec97PjOjL8mpGEya7TOzuI7xOHf-wZ9fI_IzAZVyibkxT0MeMfNTrtqak1eyqwj9_sOf1Ak3u_mSWLwxaq8qbIFKtJ6k40D_4iGDGFb0pQiaitCNNaRi67Qo5SQIQIxiuj6fcFV-ej6yq-DDwIwVRHSKzaMp-0facVbkV5-lnvBSY-tPLVX7YQglBbzDjReJgqf3kRqAwQbh2Xy_QbTphyLR56tyIstOhMyfB0JKH7_Q_lsiB-DqwB-TwvgW3JPZY2a5zhthUPPttfkp0hgp7sWlb7IuI1MkipDjobfr2NwEPjKjWRMRYRghe7UJN0t4R0B3dfE6PGcEGUkc05skAXc1ae-FZ0VZjkL03Yp4atMnyBFHPW7UrT6S5VZcF-1rsTRfgeFlv8TNO2ycniL72HuH-BfwYBacoRywXqh70=
Birmingham,45072,3,United Kingdom,2026-10-16,Friday,21:55:00,este,2026-10-19,Monday,16:45:00,napközben,0,0,BHX,https://www.kiwi.com/deep?affilid=mihalymisroriflights&currency=HUF&flightsId=0b771b7c5106000011bb74cc_0%7C1b7c0b77510900000a49c1f9_0&from=BUD&lang=en&passengers=1&to=BHX&booking_token=HQhswcV4cQuOx1D73FPVTH0RxPnXcFsBLuFH347hON7hEWHP1yFALSwZXhWySCaljWj2OIlHcuthPtz_Ns4MTBhQNcXimbw_J4oEyd_78E_dQe5IstrObibhhA-jigKyXYsJl3tZj_A9gWyhCDYQXP1-f2EVhscI4xwRIT2RCccp8kVdps26EAcQSJhbh15KoK3oov7SaXwtOWq5YHwJYS05wE8V6Sj01eQwHsz-KjzSvIPmwAIEp0StrCqfNIVEqzTtRv0xnQenKx9vL4OfEeN2oSm4blUwpD_wJ1c8k5suq7Uqe4CS7gLuCS2I32Td8vGZJnONyb2dduHfGOFWMG2w3q-y8u6ZXwJcOk9rVbndZZESd4wQJ7a9S1R39Elsw30dIwK8-d0sHB5sKCXsgtJZ_V9UC31sSXxibTcZZDqHxXNMgx9DRGnPNxDSILp26I_Zp7dGl9WEioASNh2tHYlloBWp9wK350vNOMi7MiYPvYfTFzZSZi6u_n6ktGx60f-z2RUWSJrhbfaDOwtWc4-8VX8S7qIernh6-EZ7seFz8Dsmk6oG0kkt2SuLkkTX2qwi9OIaUORwHf24BwSIoxI8YghWGD2_rIO4bpfxmyGL4SCgIsHW-IspwJ6o__tPbkfkFGeI14_AExaTYtOik1-hx-W4w8wFnrQAQ2IpU2CqkF5niHREkEbJjQtK54_fQmbMmHKUKsxa0RZaBeL0nuaC_XxBVRCZNcSCEb-g1rJZ3mLXhakdYKrREvnQHd9ddsdrYlMOOoUgCl-M1HUTyXQPB59tsQCaLAru3g_NsPOsAFvw46hbOyxV3MDOyCrS01-j2wfilyNud6AkKUbaX1Fh7mQPXCuSnv8LsMwiTLdCszr708HO2sgXepE2yYaHEqzn6WxP8PZXzrqh16YNaegx6G094REQHZ4dwv1CVujHehLDpSOU3N7_Zfc0eM9gU2g8sDdMoaBLJ2C1IAoKRbIXE3Y4XAOFRlsvplG9-yTpx9L8ut58qnfPzgKZXyKUa6NQlry69847nqz0oww2sFGtprkRX2Yvy_BM4Ogjd3bygaae4UigeIQYAeQ_qEi2Skp2KafB3f4YmCtRyNDbL--ZQU88M0vcX75XFNtmG4x2MaDyFwh196Qx6YfBxWaw7EfcPgREC3k3pf2igC8l4xVYLlvDZEcq-urv-Z1yDt7Q=
Rzeszów,45126,6,Poland,2027-01-14,Thursday,19:00:00,este,2027-01-21,Thursday,16:45:00,napközben,1,1,RZE,https://www.kiwi.com/deep?affilid=mihalymisroriflights&currency=HUF&flightsId=0b770f0c51600000b1801a74_0%7C0f0c16ec51610000f45182d7_0%7C16ec20ef516700006f8b9b46_0%7C20ef0b7751680000391bc52b_0&from=BUD&lang=en&passengers=1&to=RZE&booking_token=H6hSjWJjjvT2onh1dNk-zk0FX1f8slauHvYrLI0IPmSTcEDtT4dKSfTbtZrBwKcK5EFqhG9DBLbUMmHPvcdu-pbIy40qYmK4irNwRvJmzc2tm1viS88WFzWVAabh3fKHl8NxmN0fw2AbXcZxmABOIiJ6o0rkEarKnXiyvWAwSDG_TgKQ5rh3Ducf9hsv0zFITFOGLIy3Z3BebnBfDZoy4v3jYrdaSTZBj6U3OnnXYrummfkA1ZBxQgkbUlgzec6ibNxrHkPAN5GyS9aYMMqujzEbnitKKeTuUEV9E90j__rOVXtZnXvlBsP9zApxCkc1vQxA_BxF8pwWtpwEcI-KImu9i4IB2hQ84EF2DJKg0nAl3_o8Dc1hKMkxA2_i9xdrUopNLqp1b7OD7uLkDKbVmiAFyaen6JAT_6fkOub1iawgrnQ4USu32pWZjlmFqiGIzxcz6BWMUTVCNFBE5Zgzi4wg0sAaLvWqBKbeB81cn1Gnp9JBZiZQ5cGbPYZhUXFlL_yMLJA3QCiW91d3oYS1fsx6B-BsvQZG-jeKgzHOw9QSFvvElmjxrTITZflETqBsJEA3m8fjg3eSMSJKVYfuAt4v1aGKSj7dtLRCo-qwCvXqA-IQ83vKVh_vYKw6QrZIvlVmh8HFZ5ArcQngoKhu-w03drt2L7o4VPeQQEPkvCYxUQE5AKVdeXY8unvlY-dOBRdVeJBsJ1I-KLZwS1iKVb2SnWgwYdYd5jN_-aRHqu9oSgzw22T34hxeGM6wfT7SuFE2CCXkmj9fgy6g2Ow8aGmrsgvRNpUh_q_jgMwPsTcnnI9Kcdl1y0-z0wmjGR-Rxl1Ah6nXdi1lheZVwyoxXL8_2_eXdwv42mVJhIjQmqQ4UQdvNOU1dlD2WAr3wOlS5NJAM7JshdqsbGDWqf6tGOlGIAqKFbbWV29VlEqSaYplGK2vt7Zo6IHKZe7HutKA0zEwBGiS_nQSUSqdmQZj7drnyiizpFYyI9WU6C1Rnpk_cxeF2JGiMX_BOkdSvioIuwvDadyT_Sg7rgjr1s2PbZCdAkZ2w5O__wRYt5jqnQhDNUPEW2IgxHIwoTCCF5Gm_6URllZs_RX-tanNTEmpCI4JRGwOg4BzazHVz318ts5Wyvt7XHsBj6rMmSi8uMKi9aw0DBbE2PNtVGeWhq4JFGGT6dv-5k3aYKZv2L2VIB-USH-3xD_6CAwbyf2eBLayi5vP9-L_-yzUgd4m2X9zOAUoW6Nu5tcC6-XF_0-d6DsQCvkyut1d5S41UWON00qhHmciWtgdx5MJDdWYIx7_yjBqcNCoGZILObqVrDqVDTHQWDtMZ4LAw2Rh7eana9vCRSIXarZdodmvHHU7_vmBFBIAnVRhfTNT958fdAKGuM29ivZJ0wocRSWfDXZpyR9_e
Rzeszów,45126,5,Poland,2027-01-14,Thursday,19:00:00,este,2027-01-20,Wednesday,16:45:00,napközben,1,1,RZE,https://www.kiwi.com/deep?affilid=mihalymisroriflights&currency=HUF&flightsId=0b770f0c51600000b1801a74_0%7C0f0c16ec51610000f45182d7_0%7C16ec20ef516600006d385fd6_0%7C20ef0b775167000010488730_0&from=BUD&lang=en&passengers=1&to=RZE&booking_token=Hb1AHymvdTHJmOO7JySkxOiOMfBDnefCGPx0U4E5eOC1hk1GRk1sEachcPZlF0VTv-3Rczmmtf7kduVzz_Wqonpd8lruprFvy-DoJvrv3qhky4jzfbY9YeVyIDVIkOLPqHbjXbbYF5qwJifcpZeSTmYxYFYoG9fFFPP0KnkrLmeKvbGe1yyFhoFYg_V7NCICns9dWqOtSiSwIhLZcMudJKTdWWTnfpm7FtnX5ZMQqI366ZeFsVg24YpJ0sWHiWUyFq5_BGEGqoJclIDkrCyYtj6T4GeDKqWj_19ucO9s__nPCmRDQf-quvajAXg1-y_wffLKct2QfgIgKiUwJgUQm__u25mz4IqzTQhUjDG0ggiVsyG2LiKLm_U1MUjGCZFJZgh13peTXkzlrk2ENJHEquhwNz9VBG0Q1qidGoOL8fIR6aTZqmz9W7JnEzgCKFPfOzYqPQBooU_VjzoZApZIDiChCQ-90tPdPtrl7bV-MgyaQsH0ZAV6um6V3byZqLAh0MPErnuZWZlc_bohiCaLAnUJZGvXCZOoilVdNq8pMbJkUKlirhVQwxU6jAIx-6yWjTHPtVzdrUfjNSrxosyRBz_uUOYmj8t47LIzKyZFxLpVvUlinztMlOCjTKzq3yQgTh8bhphFwlaL_RsLnMgjUeZSih6LiB5Ayjqq4mbKdEtsSaXn0_f7RGRP5QKqkqicBG_k_4-eFg9eFTBJ4TvqWRTVUBisUmf3aYPfjp3Qirs_rRi8UZ3Ic-GuD0HzNvKPbiCgVGefugl4poc8LZSS-BFj9s9R0xS691ys6CebKNVHmTj551rqIxLBdBkw-bAO_8dN4Y76QKZSH_br9t3-n0YTxsCGUCnDdPowdSo2MAdU7Zytmh1rP8HiJkAFWLyNgTYygZVu2j8ETVas8tsZwhydFa5wVGPY5tCxnlwJvssjQD5Kyh6N6X5BcDQFC-Q5NyATIP_T3caK1HMuMgwkLDI6YGI5GhT3anjGu9Isfyre4GwPwZgFaCoRo0vMWCfDC9gxub-G5LUhKB8MJl4oke2pLE1UzVJakv4D89ov_FBjG2hJWbh9Ce8KmrJ4WSrQfsNPLTe5TFYnE2JApz-gDGF6GijDHHHRESZURZV3rs5f1OGh_rIgz1OhdGM8R1JwfAP13zTQGf8yKaU26f9kkHvxnY2_jUQi_rYOAInve2QhYY1eEy4Ou8C2sFb5SixGSfUX_zmkg3F0r7WpXH1hEjVw9-Y82ZQuMhjtxa3L2DXTRnxLrxKcjyRm-HJotKV6eFaOfWVWAOM_LIJ4f1uf9zLCU6eHwahF41e-WxYpaH1GBK_wyMQi9ABKm9268JZ7w9UKok_SC0yq3X-ozjbSA5oIuXQJgA-neeKuNzzhtxc99138Jo7cLFkkg4k8nIE2teMFXEpG0JzbyIRRppHOi0Q==
Birmingham,45153,7,United Kingdom,2026-10-02,Friday,21:15:00,este,2026-10-09,Friday,16:45:00,napközben,0,0,BHX,https://www.kiwi.com/deep?affilid=mihalymisroriflights&currency=HUF&flightsId=0b771b7c50f80000fc63f797_0%7C1b7c0b7750ff00007e485a19_0&from=BUD&lang=en&passengers=1&to=BHX&booking_token=Ht05rQJ49Icfcc5ZOVG4-cWzuP3byHC1wZte0zbQi91bi9JAi-WfEoKPOP2shGS5Muzk3mx-J1myHvYs8Qu6anVkxC4pJY8cKEam5NXI50e5MXInedUT3rUxHdHCGMqrJ81GRP_J6kvnwliYbTVtmg2IaUFSoJbY84mTZ5hdxYQetl2D74Txn0uDeD3fst2cNS4KjTaUVFwwFZrLZ1YHyIr6KAVajS5LouyXZLCulb1XiOdnocGqh3P620pJSZfZaABgkoyur0dgbVQ-PtsLIM67JTYsjQJB7EMVvuT6Kd0bLNYAv1UhueRtq6x4O_KdEI_oYJN_GNALhMLQAI_zg0qsPTeGXnHa3jviRGlq8L6v-LqZP5C5rUwAf7yXHBaryLjJCuXWibCzyyuRRWzHg6rOaR1RMwD8kFyKpgEbaBIOskD4veauwb4fjyLqbM9zz8tv0Swz2OOjtDujid2nGCe_SpMzGrbirJJhSS_arlS_ZdyH3jOPCaKawuXrWc5AWB5iO7dn2Cw3bgQKH9FWO-43bO5Fb7M17cZb7s0z9sSDwBfzzI2vBgc9TFDAs5y-vRS6bpkaQYiriEsim_b9g52coNicP6V57tlfM9wJ2H62TIZlrmz1yb4qwDZ5S0yMYF3tuPYVxeZG28gN6HeLdlZWSZ02O5LTBQXfHzJQD4IwszQZfk0cQUBoycMDwJeaYIvmHi268ZdJi2esNbsYa_SDrJ56DcivJANlrajcwCyXQ5g4EGWs0FEEBJAEfaDKR02EjSDEU5Mo7gSw4jgBWdVnWUhPbipIbs85TCqn2J85lDpgVsccmMbjOno_90RQ8QY6nPTE63KRmKgpnGMynyATXrjToiOeZ16LMOnlyUz8E7elGmZr2x-_gNI_LqxoCq7cLfIh8MR6HaXVp0ggLsswLNev5sCqp0sMLzUUdkG9-9sJCHN6tvu6v4AEt4G4x06LuVmV3LBhoD9dOtpvd54qCJs-ZZbbBTqeAisB_i6NUiZ7gwiFNJ6s_ZF3G7N14m9_ks7qHhFfa3jcZXGs1KCq8idtNPOwOAgvgoCJAwf-StlRaXkmK0CqipVmsjJ5ImvO985mCS7-7EkGhA9PiwzaSrhfksm64eOWK4vva_vagWMDqU12wPkyUJHfZna0K
Bydgoszcz,45154,7,Poland,2026-11-11,Wednesday,06:20:00,reggel,2026-11-18,Wednesday,05:40:00,reggel,1,1,BZG,https://www.kiwi.com/deep?affilid=mihalymisroriflights&currency=HUF&flightsId=0b7720ef51200000857528ec_0%7C20ef24775120000064d7b0ef_0%7C247720ef51270000540b057b_0%7C20ef0b77512700007ddec039_0&from=BUD&lang=en&passengers=1&to=BZG&booking_token=HIZMiSoCX1HoIQV7mx35qvuNRXeu2JXdcvqDE0RjcDkZFvlRIXBH7LMlETyNzt3LcKEuY0X7Y0AghCCEo6sDjkA1pxiY9AtOCHZTCMjWWVuwLqvqTcqIpfhTkI6c1FbQabRhkeQgGtBDQ-QJdHaMiK-0hXHHkG8Tuhieuak6RHXC867d5uOc1jVqmMmoa4JhjbJ47WT4p0KlFFVZc9H11BXxNttTMBAisR-78v5u1tkJwVYoAna4ILOpfBE-LHZR1ni4QU-j3xd1anmLOrT5D-dtV0yBZlDOg4lEVhdi0CnwuKjetgrc8LRc7MfSMmLX8S7XH7ItAxDD8_n0a3wHU9EViMjXPfxC1XtpXcp5QfxkhT6F0cDHRUQUyB36RN1FDpPJ2-ajN4yb-jnwM4ettmcHHriEV6vMMoF3T85-i4Nxd8DRn_rg9k4WjIk0pgh0dE0JKU4hovvxyfwP8POnO8HwnH2S6Y2ofpqPoBN6G54NW4dj4vWm58Cx93MXR7GNrFCk7ucCW5kRgmXThQQcSjRdiw2sMce0egZNTVeaY9uvylWoWEoXCcNtQTFa-YikK_tTYFLbee_ztn7ZZhoV_BZo_5dkm6n0NHRW6BUa1ad9iN0ftp2lP9ETwHPgVc6oPH8GhmObumwokCafUIEQYwUUwuderSc-YyJqm5lGDq20C7tai9EKdd0x1agRni_DPF0-5vaSq-JRnSf17xstgBf3vP9QdgZUl_oUF-9igdhuGmwLCG1bjSulJ91g490kLLFhXcu9DjYyuiTjrnSoz3SzPTGolt4b8EyaUJB97tmyW_UCs_CYlm9OntHGs0m-Iuatc6QSZeFsj0_WiP1GmYFvnpccj727eEJPjX-jOHHk360EivSbVuXt8j8YJD6FFAMAjTCaEFSE-uhhAhCpYY_JqwBorfo3dii4KO5UOJSulb_oHM0S_jS4bD38XMkVT6CuugmgD6CIaxo8He8LHKENMzwi7Z94PlS0f_S5w0dLBsaH626CQAkAPS1tUeEOS5RaXaYbL-iy214ObCw-SKSlZzduB6sSZScme1x7rnZrrIF4ym_NFQNTLsWaVJFgzhtv5Bk6YyYkHFHNntRjnnqh-XOFqg1VtwJ-KZTd9qE01BtFZbL53JgQzBYzVZsqfOfrHKrojma_7AfgjK-ZCfHkrsMskx3zVfKpCzfmBevvhFfCIPe0-yzB9_7xNoPaYJi9rQahLDY2JvX_LOeUvHGHhpvaDVlrjNBgQz-gHjLrwwSO6HACzVdLNkffkbeiIrVVQA8rFICIxg55bd63IialDYum3IUyC6-2pPfcavUkrhbrv1yMkk8xQBFKiL6CG2pSJwq0gJL0dJOirBtfF-w==
Rzeszów,45157,4,Poland,2027-01-14,Thursday,19:00:00,este,2027-01-19,Tuesday,16:45:00,napközben,1,1,RZE,https://www.kiwi.com/deep?affilid=mihalymisroriflights&currency=HUF&flightsId=0b770f0c51600000b1801a74_0%7C0f0c16ec51610000f45182d7_0%7C16ec20ef51650000709678ec_0%7C20ef0b775166000012fb43a0_0&from=BUD&lang=en&passengers=1&to=RZE&booking_token=H77fhZ7DN-fg6ME5p7Ll-ynhT1ATXGly7pshdXk25xwZETf4SIydnfB3OzMFhGHo8RqQGCP8Bmm3VxNizaKV959wD2GnDYxmvAe_9T7LHMlQC_-XB1W57jENqzT-eoUQV-oKTnmSezKBj1PeBt1vK_Vpn3NA6E7wPV2VzVTAshFwKtWVwwQyg4DoJmEtRW38EHJ3h6KJrNqrKGyOSepfXT_JhP-gfjteyGhjItXhTdIsyQ96mn1t-1yMGpRUrVvn7vWYhvlD-KcIlxm7PIjtX-k3ngMuZov-4BtDDU69xs_jr9hGIC3QWUZUG46yXCCJNpq2RzeYdc82U6Ke2pxy9CHHX5wR43KAMZxDeKTWxIor2yre-9koKtU6mcSPBI__RTDhReYJNNjHnZOyFNL3ffVXmJsG_FqKL4NlsWVofMhWjydJde5S058FBIpYvVkozMKVW_qcvXSvrIiWjgSpEbA-Q8eJ5cNOpUcP9P5pW_XcF30UZMmb9U2yoBQkON4CtdyhVUNg_1370-UEz_S5NlqQ9B1abb6MpLwrlj2JyJWy9jqycsjH9y_DKbanI-3q8ZyRC6lK-c7kgQF7wZR54jbEvJhp3WwGhOnSkM053ePSPy8NbYvISTCguUSH-6AIGaEgm-_tTowXbGrBg5Nv5qmrLpMSeg05Hi_UfSKdgYSaP9FJCWVkkl9W19AZRLTVwrd6xI3AppQSA8g_f_7_RVAAMop_O3Owr0qnHOg2TNThA-tKSOp8u-gxep61FVlclLQSDcnMCGJHL-VxcZ7NcPcMXNY6WtH1C60t-rXofN-4YaGoro_Qj-kKzxvfLLT6gGKvBFs1YO8mBkID8ieV6Gce9aE38H4NrLEOUc_IIVy5SnQML6po__ZKq9zoIwYGsw7JyoxnniUWeOr8ha5v5Xh68NUqhcTht_MpowfuSwQ818WbfAE80tizC6S51TlJ8NxMk-Dz_F3xkdcy3E9fOiLx0w0Fg9dWmIsqoyohXTk8qyQIjPN4F4kO2jrY2JAZLqy8Z_sjT7AYlzKzryG8gIwOQgVsvxOOE5IpI6aCBmRopRQ8qHyBWbxhXi1Lgsfst5AACiNIhDAuRebUdoaOaiPYNr4F5w7BX2wZ48NlVaH2LE4JyYX7mhJlxKijsa98py01e5nvYvgaLcv2H1pzknUetDb9jUv4lz4B9xgRgqm7DAr1i_5JlNJ2mE0JvXtqLwWNpt555iDTP3WKpRrvCEnGxkN3EnAGYFLvnCzwcbAi0vky6tUmvhGrMm2a2M_nZ9MCgooalIoHLUorzcVG_5PULXZShbGyQHaqpewY3XRWHiZfJ9FUs2QJ27AZAyG-zrQH-CnPDgG0U-H6DJ7jFM2VYnAXSo3SUwK8wEvDLIcuMLHxDeo0ILWM6eW9NtbkzmdZOYYyow4UG2f0RW5cd4Q==
Bydgoszcz,45203,7,Poland,2026-10-28,Wednesday,06:20:00,reggel,2026-11-04,Wednesday,05:40:00,reggel,1,1,BZG,https://www.kiwi.com/deep?affilid=mihalymisroriflights&currency=HUF&flightsId=0b7720ef51120000c2091d66_0%7C20ef24775112000023ab8565_0%7C247720ef511900001d98720b_0%7C20ef0b7751190000344db749_0&from=BUD&lang=en&passengers=1&to=BZG&booking_token=HgdBqpeXsR3pEsZtMJ75XjJASmuxEvLQtPbSS1WK_Iyor0LLoWaWuGuRG6IA87unHXpip0juhmyILEGW2nHOEYO-3okf7BpLb8bOhpZMbrRlM3JGc2BelvRmiLIOOXcMntXBnwhPonQklfnfxnBBhD2FcwFoXdrMUMpgUO6Bn6bg25_C8Ow4aiwzpzhO2GUINPaP77Cb5Gepl1QrIJAdmuxoF-0P2B-75GeQMi4HJ2Dwb9JWI2u3cHq4IJCGSgLP8oa31fKlmkbUmHNJZoXWA7gsYd7lk0CY2W3wItkrSxWPC9HbBN7518Y_VmVgBUXAyhRGfN7dsLxSHoga7sl3eFEUcTOstMBSC2BRE9cnw4o8z1SbEmnJCVHdO_P8-2TKRGLtEZRYqekvBi1XzknMkCzu1UPy5dxw4QErNWGC0xZaFCBO5HHwKyrzpZe1iY7pIuow6x7r6nG2SK8njFoQYdVsVdeDwXY0rvKbsBvXC3OlsKoBMhL1XNXNwk3s0jV8-yJtRBMFQNhHSwHtXR340uf4cO6inOfG-DJJaPu7ps3UA-8me5VEQSL1rw7dJE4TKh-g-qPi2an519BgxxcsEja8UU2wtf9KXw3p7664FXEkOEX3zN8NMgUi1lkZeVw-XMTcbhlyd9uKtVLqE11OQ_D1iBcbiVp8hINnUi1xH5UyLu6tbnaTxBt34OgHLrFPXWkQl-yzlqSH2lt9WqUn0Ow7ebt5C1NUfWlEhw9HlIDVU7f32iAHYTJnda9vOKVc74K0ziJCqmm4MChnC0borq8LaF7FsUT3f6VWwEeL8jY9CP0_H6LEpuBKrarDXtjL_N5aMZve9tc2LpxSMo26hKRTQamoAf4eNTwb1FHt3PiQoOxTJIeeJmXjfG6dlfD6NS5vJgnPk_3zkpFTxYm90ZJ1QpMwdloeQ-wjTa0vLLN3MMwzFO6u-mPwh1IGmNnrLQvfCb1Ft3TDjRLIX3akv-ae_e6ZY4pcIB0g_wBpwBEUK5g6Y2c2mE9aIUU-s8vmAlOhbnLPrOnwXuOfZtLqXUGMip9rXVidyYeDouGT_w4NvybrSh6017W__OdlFcz4tM2Ts5sTIZD6EiuGQi0DvbOx8dkmImB7AB0C7ohu3xjOoyzSnJOMfurvyhAvgmXtdQuyofxoiC1czaQteD-4BQrQYw_azH5iyhgThFrPtL90OQ3Y_qNWOE25iCZQFzSF3LFaM1Yms5dJkq1SMhyjVZX2kVpRJoQ0CnZ9SRVEqLKJNKKoQBQi6Xq573bTFpP8biZjLY9toUn_UcrCzFicqZc4IoeHZLU74lQ3wWKZMKvBhEDNYx9AOEKgk3aBM_9hd8X61802EUWlRPe_xEiyORw==
Niš,45206,7,Serbia,2026-12-05,Saturday,14:25:00,napközben,2026-12-13,Sunday,12:15:00,napközben,1,1,INI,https://www.kiwi.com/deep?affilid=mihalymisroriflights&currency=HUF&flightsId=0b7718f8513800004908089a_0%7C18f8238f51390000fd707210_0%7C238f003c51400000828e3cc5_0%7C003c0b775140000037765ab7_0&from=BUD&lang=en&passengers=1&to=INI&booking_token=HRt4-NsXQT0c5SRgf3pv4URTW49kyVbFvjXKJmx36E9l8ZzveG6m5E9UpjssI42_RfAWum09sbx2UGVHvb8pov0NNFb1mAYb9jiu43FR7E7B2JaLu_lYAQ9irtLZbeT_Za5huXEWJbVStJFIM20OX19x_gwT3wiHMURvAheQDTeEpAzun7BCmJ1a-1ASQ93TFxnelOAq9TxyepM8wuBCR-xTsZRxC9WqYm0GL8_OoXdZDzezgxKyvibbTjW8uRnjRGF4wxRNiqlNmiq13su7scULw786McJtGIeNHwha5P3Z-z8heFC9CRdFjm8cJXLhj_zTV-wgD9hKe36MKE4zmUs30vagKzS9_twXI7izlHkGK_a_lmInQfcg-WJde5cONLjs7vEzLqC7juFMudtisxwU8IVRX4e1jbsT12yDp1JqHJrdV0xQUBB2cxJE-ZDGUw-wTWdMdg2HdbnC9nsQbNHbQrbvaY4LU4kDcKKOEgFF1MhMTSyqNJMkbLvAa6Uv6NqFG5GjK2pHRXFvZk_afEsIYQ2N0rSfYrnNmNI1Uyeq3CP338yqQvD7LGLbm5e5MnEN-doh38k6_J-l8fjsKsO0YzkzHZ9hQfaNOLbNBSJLCCsMMrR6oevspoXqpNbH3tA1i9NZhm8vmS7zz7Y-23khCsNZToNMbAKXFdr2n4FErNGx4emkWLpvg3dCyzDlXXWriMSC3hjnrmWfx9hVTn7CPykBBP3TZzcekmq3-kpmTWY1CADBX0lHr5gXZdxD-z-9dMW0KbkouZlkJJtsoAQnP_swG-RQTzeESRCGUju-j4zv5FirRolRAymFwuAvwLmWa00Xo6YULhJj5-vPZaKuQ68SwdajRgkb1LtBAXt97wvNNkQBvW4JnQsshyCzym68PsXB0R-DX_q7KyM1O0wG_i3vBHtJsNhWqA7yaeaxi8swRSnguwow_ZWD0w1BskOF-ILNh25QkdHjEMBW1Z3Ut0aSNGXJkGRlsLWi-HBKrXc0G34E9OJNbFvll9eknS3Z9UnnD4qTrupv9e19liJJvh-dS9y4BzQkWrZQwThsjxnTH3i82QTz4SD7iRydo9VV3zkFWjpa_vuAyqL0Lgh0W-_TV5d7nc-1Z_caJosrVP7ZZ2fCFOpeP-4tgrkXGcdXT1MugU0FL9jb1v01RO4hPL3oB22FUNVUy28IbvhD56cQ86T6_lz3R98KZ95cEPpfJPtR3d3Y7bIKlPR1eleg1rw7CUYPYQDBnuejFm7egY8o2r_7S4GBFJ_h-YdbvoGbUFZ_JZAg7aDZMZAnL0tZxaq4nMPoJ57P0OXaZu27IgDbtY3rFllgbLSHhDdM6UAHt4nZgxpmKVmfIfXO9NTW791DH2zLuafLLqLDL-5o=
Düsseldorf,45218,2,Germany,2027-01-08,Friday,20:25:00,este,2027-01-10,Sunday,17:55:00,este,0,0,DUS,https://www.kiwi.com/deep?affilid=mihalymisroriflights&currency=HUF&flightsId=0b771262515a00000e254ef9_0%7C12620b77515c0000a9f10395_0&from=BUD&lang=en&passengers=1&to=DUS&booking_token=HtAG7uhTS8ryIb2AbtVNfnb41-B4Fta_5M2_pewEFo5KiUfPqdiFgqx3mVU87MX209zDLu9LWn6vrKNwg6BDeb1-7_gHQABoUj_N2pawqghE1jijRVeRTLYrrbYm-xNkgi-G9kwMv7hewMfyXvMPthlbJ9ElH-sM03EVNc7pgylVnoTKQ8yr9FPcp97Iipn2r5Ik_x51-5ziTo3YJViN4MAAPPfWvCv3EYouCVtpIARfmniSCFqh8_3W_Z2TUDwu6FDomsJ-gqz_XFjhOzKEkFqcCg6KEmo0HJRY_EfXLGfBQZdOA9fXSZAa1tV3x4KYp3P5n7aXk6DBOEry8EPc6m48p9PYIs31bk7F3uZfeK11P7nrj5JoTixRAmKllLiYOSqiqSiuYpqcD5M8s72ivcgpZpYnn7h00GaRAy-PmTS85gL3EK6pjxdfAFG_Aviitc4kOW-MTO1Y7sE8ZJHaoygYRTJyNRd34Z79eiQc1yHmGdLsGigOkBc0jkycSiBI4trEFo1spZDB9dtXHqtuUDqRkrRGDeLbPw4yPsy_OA88t-mxxIxiaPyNCcLXKajrc4HyCrJuk-0TFpH3czdQUQosOsbVNJG4iQRWy-b2ZnwJ1F6Az524DR0jem9RtEgMzYmb96D0ztKah7CG7lPTXrdtRsXmZvuUVj6-DCaDkapekH5VmMyhBS-hxGvrT5oQhS29cnImEnF7-4rfBIyJZw9XXvyBBObSkYNRla6KZJe66Bt3ASjtLryVVTsLJIOa3kMd52LgUe-eeNLSya3lXxf7etbl51rZQGrHS2Of8dPjkITU370mhzi0C3H7065H9HRZRuGfj3z933HJJZ2-0nP-1KssEMrj1my7O0ZUBtfUpj_6XcV2M4pg1jumJLrpH1jL-tpm8mJV4kpir0Hw5pXIDUBU-NpSaI1Ie0RTYqmeO5_K-4FFCcts-MfGF8--Y-WxwQCUzqbALLTrpzAAI6pbkWDHmeU6REL752OWjBBorpc-Wiw2ITua4llVWPEZveA0MR-AFXzzBZfh8-i3BxwN7VWLfpi0ckBx71Iq2uvYe98ueH1-c0f89JrXHozcBZx3iZMWYp5XdYN1WUbs-fkvubJB05MyEv5tQG86lg4Az1HleYyDo909xOMr_DGZpezffRh7KnC1w40PN9ls4yg==
Düsseldorf,45218,6,Germany,2027-01-11,Monday,09:25:00,reggel,2027-01-17,Sunday,17:55:00,este,0,0,DUS,https://www.kiwi.com/deep?affilid=mihalymisroriflights&currency=HUF&flightsId=0b771262515d0000e452dc4c_0%7C12620b775163000004360fcb_0&from=BUD&lang=en&passengers=1&to=DUS&booking_token=H1DI0lIAFihvpCStEbRlTEl2f46nINFOb_C0HkgfGAS4MX4eVAbdbtRYfNMImLLywEiT7lrzoOEzx1LoDlRGQFMjKhosJHlapoX16HbcXnn8TagiqJFEkE46RHsFx1hLqnHQWYdKA1jPp2USZ_AFzceao2Ug8hfIuGFVcUkrfIT-gGStOqPNzRLHYdO14N1mqpnmY6RtGz_S-W0qCZdA1nD4F24rX4hCo1iFqXBqJcMj0Ovr8WX1Jca7sxJu-SOwNbDCfbpGO3-AlJrymh95KJ3LpgpPAZH-c8474axMkvrtkRt4JmaInEm290veR2vPBiAxzeJ0ZuuBjlGcmMi1cn-9bhVQGz_xC5lvTAB_vJhstfew1AP0x_kN7fsLImZUQE1DZFbohIJ6N7V_DVQKyjJ4M1FkHhqUWHcFIFIzWzmP1sCqiJqTtMEje8w-1MyDdQ83V1MT7DaU45em0qx9s_LjPMiGsZjfpZE8mE41wgmuqBv7rJKsR5Aaf_CDZO2a89kmx73eU7CU6YmMuwX5QytQbNIeMcjCjxvHn2Ab-1rO4bswb7yTA30oayTJD-2wUPSP3XF5S03flacJv7PjU4N9Wz8Vr2bgks5FTavdZR0lYSjkSdUSWNf4oIr-O6f7ZF0ZBmIBPgxtmp6CVEHAEBd45d0pi-dpRSVgoSaXIMLfCxM1IYlURmeHX3kKF31xoFl-3fKZKmLMokUr_jxqWr86E6NN-wDCxMZgYp0ZFSJ-eU-fVFFusQWjq3hnTwGUuyBplH42JFz8sNXNSiJRdXOLxC2NujaXjKdxf8eQu32LM_g-Ft8S0BFuVAvaXhr9kbVUhntL8rGOOfNhlLKK5sDiICxlNQvY3kvyFApFTyUiuiNPv65DCdvyQFY7f3VXxkMASfYv9N8ZNOCIj7Llhyak1JmGW1qPH5S-a_A0DfrvlwCtkB6_8g0TI4jeDyJj_GVdTtD1GfJpMv-S_d6TXPKMQEF1bVw7N-9_PpOLoMkgUD4UHfx9sQ-wAgCyN5c67cc04xc8sgBD3WpdsXbz1wcDdDjRVvfmFGvJIoiP3h2AFJshBKQnGXkHQgHseugp-cGAXKspVqqEHF4FuTLveR175PcTs-fJbyNsgRb_Rq-mzBzyjW3-x5MhzekqU36w9UgdI4OHm3dvHRiGzqwmCoA==
Düsseldorf,45223,5,Germany,2027-01-12,Tuesday,09:25:00,reggel,2027-01-17,Sunday,17:55:00,este,0,0,DUS,https://www.kiwi.com/deep?affilid=mihalymisroriflights&currency=HUF&flightsId=0b771262515e00006ce5dcc1_0%7C12620b775163000004360fcb_0&from=BUD&lang=en&passengers=1&to=DUS&booking_token=HIlpmAvqmgKy03DH16QET19MQPz8uk0GFLcVUzdjClloUjkuJQkiEQ_Se5dHQYqRgmlweKRBZH_j74e7LseywsMkM6TkXTnGKeUBvba_wqliZgmNGSTXABtzPyVdXu-CEpWbVAtv6FV89UdOwneABREWRhwKSbL7zY1FhD_yO5GTVZrrb1cbJ00oPwOp00R9D1y3lALDUFxXDFHydOpiMq1zzonRUMjuOeqS_7B-_XDhieW5iYCn7l_jX6bZ2za-RdjCQVTUEC9dGsT2PVgeOOaAPS5WRRX3hQVvDNb5zADj6_pgodDoeSE9VeLJrw7imQV701_Plhaed1fGro7PQYG0XSbueHK4UJRRQjXk9ARsj8dFlF_HfwCdK4XYR22QU1i3k27ttPKheWYvAGTFsmdQavITSosgWEBDsdHY0ICCnpG3dS-0tLjplswie-QDvMrjem5NhMHcWtjY-LkC6DH36ayHTeEYw9l5xmvggacGJT0tweMrDxQ_J-FNcYGjPrvLgKZONOMAEbOTqvjX5zpYes7eIskoPPZY8K5lM_3EcSxIbS1KC31O6VTFmP7QUTCytqEljBB83QOwAd-Ccp8TDldgjlhQy18WYWK6Si6LESs5u_EZhGuuUrsO2yKM2qQeVwjTvf6Ef_UI4UnBka_i2YWELl4IVI0r8Nru3TzwH1A7BlatU-_jYlWNpdORd4EGv0fGK3j1DZBqbZc5sVq_1pT4N6_dJ_TIIPnjmpZ9tfZ4SM07OiEowtYnXgQ07nY9L0CfvY5pnfDi3eA86sGsZXh3suoX0WKscnapAJiBIuYDyXu4KM1AETlcNmKzDS9qB4lcz2BeOv0CaBkow0twzzrPqxNsxr8aJ4xv7fY9kV9cudmb_C-RpasORnE_5QrakuWxwmX32YmG3lH_FXZn0IaZQ3GLQyW7BpBB8xKSuim5GRkpkVgfB_dwUtQIYPXwmkMS8PM78oZKruWGRqJ2HDTr_DeVVG9bazqBSCNMZS6vFUPFh-8JBK3Rpn5gmVD7SkNQvoNY3tB6zm1vhL8A9oDqC0z_h6Pcg3H_RvyEznOV4q6vKT5PmNxAfBAR92ZOOTY5lvSyQ-e3WW4Uc-yZfKha5vUChQyMjliFkZhqvm_520td9M5o_lRpwb0z0
Helsinki,45255,6,Finland,2026-12-02,Wednesday,17:30:00,este,2026-12-09,Wednesday,16:40:00,napközben,1,1,HEL,https://www.kiwi.com/deep?affilid=mihalymisroriflights&currency=HUF&flightsId=0b772602513500002e305612_0%7C26021a1451360000dabaef77_0%7C1a142602513c0000bad2448e_0%7C26020b77513c0000bdb1ea15_0&from=BUD&lang=en&passengers=1&to=HEL&booking_token=HrFiWwWC9RyEInEXJ3CU4P9thXnTBoUZom4_UzjpeTl8qq_VJ9vIAYLPgTggV_UXYmt_3gxhQDT60dPGaRmElCjlW6EoyMuhEYh21fGAUJMpLNYsUxTIwtlzsZ2If1WnpeyEwXTDl4P-o20M1eAEzEj2LuIBqoRwSw1h5jRDMORKSOOn_UYHuC3FuiBfbzaxqHeN3K9dKhnHuMEXnxEjjva0jeen4VvpnA5dblQcEsBonAa-xoKwU-N-20aAxNZD2rypMJETt93O_axk5SAT0imFQ1wT49drcgeMyQBuyg7xdfQRyxWLs2gruJ1rtUP9eINSOp7foD5n55RZxd-N3QsrB3rBpKss2dpwu7CVTe5B-a58RR8DjsQzooSqVUG42iNtoSRZDWsaRGOi4MYMq0sX1_kcQMAAndyUSE-4MNh65ejSsz4Bgp9CEske8pRCAY0p9YutoUIyY9qLLY7an691dB5wFSr1YAfPZVserqf0CUMbChPWWhPLQxoL3yhi1L1u1q_oB1rY9RuO-qBwbtcQP7C715pXHU7-eWL4dF5il0EnGvOfsnCLzPz5hxn2ZWa1wFJDTqcndUqz1kEoIJkPEJLYTv5O-mznxb4MQnl1oKtPqRZlp316AYI0kMS5F-MYIEen7ZX6uwfPxAICNnrLnok89d59GiCVCx9Ci0vS-RESFZ5eiUHc8tar3Tc0yviSyq9paxv0PLa0X8lQIjkCvKMp2NztOBxDkwmN7AoNMahFVn1g2ZUKzKsbAuPxJp4Suh_pPNwaVlKuwWTFhqO08iq64JXAVa7SCc8sEHzOhYj5O_rdlLg8jl9XioLG0_tBzwFXHfNfH4qsYVokK1MtMGNrPHS9-MjqvgbBILOt6dqZ0tPWV2b2Pt80oWuqJqUR33L23LbhT9weI1eBD5MzyK9BsOvv6W3RBF60W6GVDs6_T3FhMTpkkpuI9yCWjCwxWsvOqOjOXF9OIaHZOaEaKkUi5SYdsaJI51oll9Dz8R6xkkQCVMy3aeNr4h9BGiOVV9M1F0FKWWAsInOal7_sdRp1mPbAEYd7kkhPoErMljqfgQDL8-BpIf6l3GQlLO5cRmm7-hYt4U0lWXFgUgA2ByrCGNRbUfUazk-AqMgNjdu-5IhhGFnTqBU0i3OJdQbc0BpZYf3r-RCpgDLE2ttp_GJG2CxAWOF8xx5lJLDLEPGHgEQmftSyozXv5Jg-VvrnZiJjG4rbN80abd143iK9MNeJKf-dwi9UUu-TM-G4HRChGkN7F_7flFnmWR-WU-yi-Xl-O9ZyJLN6lGznB2JZre7_KRoLqF6tZqKLPEfKSWUB9I0inn5hA7AwI8rfMbNwnOXxA_flwUU1k56WdV5KIYPXYfY-FZ8qys3ajLn8=
Santorini,45323,7,Greece,2026-10-08,Thursday,13:40:00,napközben,2026-10-15,Thursday,17:30:00,este,0,0,JTR,https://www.kiwi.com/deep?affilid=mihalymisroriflights&currency=HUF&flightsId=0b770eec50fe0000d2f92c60_0%7C0eec0b77510500008646a62b_0&from=BUD&lang=en&passengers=1&to=JTR&booking_token=HtaACDG2bmMV6e2clnWSAhmcWLHDmyT9Q4HkiLiuj0EV3Mt0HbtIZqvPAh21YBxnQjG9Yjfub8s7GwQPV05GossC3VfV9MmhmYk1E55GFk3kQ6KZC_SiyZMaIkJjFUVX2_IsSootEIprUxNg_8Sc3KYK84O_pO6v3CkRcpRqFjaRSdCQ6EeU-yQjLNaXmGFcNhO3418M2GxdtXIYCsxPpLCXvD6kNE1kgnd0w5Ct2abdVj2Py0kTFo-SXMM88qaGwG8A-897P9PckJGj6_ZkaR5t0DsOx3S_72KdQj9MjdTnylzhS49qFlMMpots2h9wQYxuteyn9dg3qGczIZrrevjUx2WJ3AKVUdmSqgWNwLJAvZzzSK0NJXVGh9fGJekJh8CQDsPODSH5CO49Y0bhxZHQpZWjETq2jDHVsW8E5TYKMWzHniVm1VOiGRA6R1_57cHNhjpAuyhfddHsVH8BUXEEROUJt0RAiKTtTARar7OSQLBIWciKcZitMWRSqq2AQQIN-uSsrvSI5jAGRnJi-M6rVv8ck0m87EPMWDywptPqFaNd51W4LVqyQq6ZhB5aEotPf6fJj5-QX95pqhJAMzkXhB5c6mXr7kwh7UWbZiRF2nrLQDGrbY6QHHr29FLXNy6Pv96OlyOu0pOiIJSCL7I1uROURbqiQB2CgX2eAOfgikmZey7x3jZDQl-0hJYK35y8eBbBQQbO7ibgkmfvKBxXTu0lDQtVDravkkqr8qhb4KbBVWXRVeehLxK0IHlowmEdDhSisQSEvpzZqaNU1_oe9kdhOtMtgci16ooIs2l7VtKoQEIz1lOcxMXh_rRvsMgtIYtiiwadNll0Aeew-8UpVjFkuHLelUqUldfPmUxzBaT87Uu5m606UlLXHiXA8x4RAYHnisI5oA6stH1UHhUolCMlhX1U3DI_OSwudSo0uoaEvrSYC2DeiZTbRNVYzZwMMJJeFsbBJlY2PxZBvkX3jVydyvHNwGOgGyf9YRsjDRc6YRvru0tmRwrTOKDubLL5E8dN97YtaUsz5QHsQnu42mdtOzx3Ar1sd9087ruR48OhHQU_YOIlT6Nopwfg9saenzyIFvgYNNeUvnxHvBi8Ojy7VNhcj7HRK8Fjn1-QX1j8aEe3--qzKUPqkZgjNXJcyCtKt8rz9IVWDw5GpYvx0ZbwGtUrq7qiryIBMa3mC7gcH7bP2jBJHIfPKCyFn
Trondheim,45333,6,Norway,2026-12-31,Thursday,05:55:00,reggel,2027-01-06,Wednesday,07:15:00,reggel,1,1,TRD,https://www.kiwi.com/deep?affilid=mihalymisroriflights&currency=HUF&flightsId=0b771cce5152000000af937b_0%7C1cce07e55152000084e657b9_0%7C07e50b775158000065574836_0%7C07e50b775158000065574836_1&from=BUD&lang=en&passengers=1&to=TRD&booking_token=HWPw-s0i_gXpMq2yLlSaoRUrZO3xPHoTr9AUO82d2ZCMKa7Nq-EDP53T8DhlV8nTKKOlYQEDyvJu0r9_e_hFCAJ113czZANFRLqPp_ZL1Sef8g4Xeb96bKPj3y6g_hvfi0ZDkqD_tein7BrYP-LgaRg2EfkD0GhpDEcmRxrynnoJK1riLRIjRFM3d57otv2wk4iBX0mnMiXxH9PZJ8qMmMAqwkCR-etv97y1upSDCXlfiNQitYiTqK3G1ZnjxhasE_3iPrB0nj00B-zOxALGWwQdN6OjM7rYkfUJq_MGmnSbwsPMRBNC6dhMagRfQNvw-_hSsPsKHAfWpnh5DanztfMmKFaLXch5Eb-2nQERIoz-T_tKR5tCcce-GTL1oApFi2fbowcnrs7CXA5jKNUoh1TsieAw77Z19BRpKRmXeVzhPheBObH_GkirloUpMZNmkM4lDGSuaPBUEF3Pz10C8iF5r3N_EFGpqnq_hgD13keNQeg8UYVl7TrZa7wJq0wljEOJVQ2PzXyuq8bcj_Qxd1wNI7lkBLKfdQISC__eqMeH-KRhPndqFNeoKoqYBD4IVXWlVMPFk2EQuGS8hdGoLtUT6JolfzsZqCHQyThbaydg_W2KJMAzA6ZB3uFnytwopfkIe1Ybx6TmuyX5iaIlnkn6rKQgN6ryMIudQHfZ42lac4SQP9HQniI3mp5Q5U6S6H3y_Oz-LdemhzipH_BwqvZE6K0Ph2c6sHS3Fz_hNa5RO0gybxmZspm5aORs7M0ROxkuchIcOElw6zk9YsqMrDq09Lx9OXc66AHO1ew704e7fuPvazsV0ZqLtvscrKNv3HeG7dzLTwNCTHoKw-RoWanrcPdy7xHAoYXaHoMlObdxn62k9Eg9BX50nQaTEGLJO3W1a_oapCJ9qtozNExujNnVBEzWsElXxEh3WE95MJ1Ibf1h9b3bIcgQ2sVVf9jPyvuiKrVE53NnXjAoPqc2RYaOoNXAkp5AQCY4uS1RNVm3kPiDYBz5LGfHBQBMZAvkK0pJQDZrF4eiB7SHsH-K6NQKaZBWzn_x219WHEd6Ok8U31oQOPLXH9S6Pzh93mxetXjW4auOS5uyFI7ryq79w3-xH2pCWuSc7xzauAtAOBq5YV1zHg6dFliNmorF3FX0glRveNI4MjJaVhQw4im3MUvNIJp4x5FzuaXM92oZr3RY0CXbiGMNkrZf4__M-zVRbmvzjB3CC5vhrhWKMbFARr31X9Z20lchy2ZvnpNtFsfipYsGZ12Ey8aFj5vfwwatPAfd1htJv8F-muLaawraU7SLiFlb5KUuRyjl4XqG4upVhakHpgjO8EnpXZXSGdo3l
Trondheim,45333,4,Norway,2026-12-31,Thursday,05:55:00,reggel,2027-01-04,Monday,06:30:00,reggel,1,1,TRD,https://www.kiwi.com/deep?affilid=mihalymisroriflights&currency=HUF&flightsId=0b771cce5152000000af937b_0%7C1cce07e55152000084e657b9_0%7C07e50b7751560000d6bc463c_0%7C07e50b7751560000d6bc463c_1&from=BUD&lang=en&passengers=1&to=TRD&booking_token=HU5phee4F693Thgp7HpMdkz4robqgnGzIppR8TwTUWVNcx6NqT8Di4T7FvX-BR--a0ABNGv-jeGjqx1SULaQJR09Sr8r5TrkmxqE-_BZvw3G_G1bjg3insU2uABpoIZmca_gYdmlFRuNuTfm5zkxTjB88osvqwii8W5eIp--c1PaX3KB3tyFp9Agm4REXx7e93q_ZPSKd03xBUs69WACGQscjvVrk7Mr1_EkVwwg4REQHZax_c7ci_GvAY-DdXKwcCHzv6Y7dS-dcuduHMQp2apLQD3KErKGnCsKJVpDM6wWsJ1dWb8IwGh0BE0G8WUEcVBsJUXbZYvKSoZURwYAbISktiQKzVucivvywzBETJ8p7pLmxZkj1xWmaLstVv4opORBeUY2kJjphFlV5WSmPbhfljnND7r8IK5O1g361sa1qtgGrOH4y1p8-XT7dz4wkNcVqbmqLxtwkDuOD5HUskaejAjK_IMB_rinVNP8HYTNSjr8_IrvAjDlM8JQo7S2rhczOgEhO82tyVzBkwqoNZiQT0n_OaFHidaiXGIEbiVV2N9fxrVtOkmG2VMbgCroOBnb8VZCdYCeQHrAfPCFwZoGlWkiUfllbg2RGCfhuzLPBNEf3aJ-iACV7uctdVXfveReZk0kZaZj7NIMVj1JGIZ7GpAkPr4FAP3ayY1ks7e-5T2TrJkShzLS88MC1j_Xs_YzgeluFSqgaR5E5CR5TxZy7OW6BKe73skRNBAD2_TMDD_SZYHYlUgJoGtXiYrSRG195FOSH2MMr8e95LjuC4sQtx1xA-Pnj6pPH9DKk9MFIlYerw-nWBfeSEerogmS_OHOGq028P8H04s1QfqnoLlss2CWt2rIOcJDUfaIzgRSwfsbEtyGsEx4R7oDmRR30eqr3HqVBBhbMlYRurTUsl6P8tazbK8ub5efMKv8bnBHk9ut1vNDgJuUjYzvIAwyUl6WKHA6Hm6W_tFUO22iZ4yqXBuvdGDKhYvI0kChhASAY54WrGVllYRDUipHau3lf2TPjCfCTYIRwpGvXYiK5tVMXhrJft4gMDt7WoqyfisBhudsdOp1VbcGJy-UbQsK9OudfqboPu5nDcBLRTM96kxo1WxuUQ2pUOOE3TlMiEwWpg5IrGcxxV9gsWyfk9YyojjmyyYlabpBvy_a2hhzie2FI47f9XQJML3Eq_eMzkdABi3VsQVCPyktE_Gn86Kvp9vl7Fe9loiLllDqr05Yeib4d73YWOUKMp2bJ46CjN49jYeIt8sIZLX4y2V3hCdlr5lMwFmVBqdBhxH2xkWyLPWVwlXPGZQT9GwxHjVyt87kIVF2OEjumOhwZOdLN8lau
Santorini,45382,4,Greece,2026-10-11,Sunday,18:10:00,este,2026-10-15,Thursday,17:30:00,este,0,0,JTR,https://www.kiwi.com/deep?affilid=mihalymisroriflights&currency=HUF&flightsId=0b770eec51010000857ae397_0%7C0eec0b77510500008646a62b_0&from=BUD&lang=en&passengers=1&to=JTR&booking_token=HDXMnxfTv2GsqOk9823avjL6-pR20zvis8mArqFUPttVXUKpiX5z1VTsBK98DCgbxa_1wr-GeaDjGvTeLmH9V1Dg7UXQCkg1ukqqeibbUsgAARJkpPXAOSe5mptqF_ePO6ypwwyn0bfeMVUbFKYgjW3xslxkAunsRyo8Jh6vMZBWSOvXllYYKDnS6BpW8CIgA4ls-hd-bsrKaGHMQD-app5eoUVCyZWUsBSZwWk55zSq2oHsvWvYnvm4_eESdBeidtn-VPLt86tA_NUKD_CwmC8Wo9hXSdK5jqG08PNgD8zabpWC3D5aj4SpjqK8melv4jjnMBFKl4OfNATZPY788yVUj6Sxo3EjLubd24CY9LYrC4XqnO6-ritgnGGm2iRMzT7Tu9IWbfMBj53FGQUbFYkNLZTLWPGzygnEi764RTEViIyGeKPIdu00oMKARZ4KWX2nJzaCda9s8XdsI5hP7Yqg04AbCW7xptCAdPp9fYccH_9GA7A9EmBuRJbEO91_ocDgsTyVkHKc-fhM2bSQ0DaTVM44OZRZbu1cCa3iwfCXwDuaesqdPGe18p5SCqebaM9yTM-TwOoz_OVrYbPqOJRtcknhof0JTmrdwuSjYil9jtC0ZEAfRQCU3A69xyiD1_1o3svkcJIjFLk18mZ_0L7Xlxbr-Utbp0z7bPWBYNSXXXNVSDD_UcZkABF2bqW2tIefBEFled07hzM6fOFGL9cckiocC9O8a7j_9cIysIcb3U1IpMNbqUwwElrOcQyRQSsdEaB73YGzJhGqj17mXrKcbezhzQAtKgmPhJLIMQmozK6i8WuWDTYqw35eAG4COi5QVOpJywdQawcyKIAxZ9avUqZTZeM2fsYJTTYfNnkHB4yLnpphMY1EQBkBY3Wr8UAzru9hwz-jA6wib9Z6EXTZDbzewrPOxQmZ5zykMf7I7_qd9Zq17mK5Q1C9DY1HGvupsBJYFbMBE3SoTd-sRy5m5F96Sq7Mjmr-kpuXQxbS6gKsINPkXCg4EupULHkYuYrP38aApGQYS41AVxdkFPRhB6iz9yWocEQZbVqQJIUpbMkvi-HZR6g5SiXbY6TjnmUIi-ynytIqNRKZZ2elM7EexEA3uA3BLUNT0c_R6XFERK-2UfMG9IuYyKCjrft6ffQwwjl8ISvNG4jVPl4gYSA==
Murcia,45402,4,Spain,2026-12-10,Thursday,07:00:00,reggel,2026-12-15,Tuesday,21:15:00,este,2,1,RMU,https://www.kiwi.com/deep?affilid=mihalymisroriflights&currency=HUF&flightsId=0b7707df513d0000b1696358_0%7C07df01af513d00008807ffe8_0%7C01af44cc513e0000821a10b9_0%7C44cc0bce5142000054862dea_0%7C0bce0b7751430000139cdef7_0&from=BUD&lang=en&passengers=1&to=RMU&booking_token=HLPVIlEipKQ4eUuqAHyJ40-x5ByoO9Q0UrzVan149S4GsdUKwJFsAznHZm4IwVRVju-YCnXqUj7IJbz3Sd8hnMI-DEdS0J7XgubI8-BAyj5aqW7zAbQBYcIBRmgMwCByS6z7E-qQow5BdzfZlqDGTwCikj-ubuZihXjbIDXL7AIZ_5urdrmIrtGqY1NSxu31q4OKIKOHMUuobGd2jI8-9SIgBFSK_KRESfxtlEBWd-mfMGHnTGV_xx6Rkj3r8wwDJc2nnKKv1VTKqQnALX-_LlcgcTu5I-BJtd7z0f8BND7pwrmy1HSvgQmiCGamDW1VJL_BXmqiT5wcQktgYXiuSRMc30HMd4hjfUEPwce3CPcsZbRbrVmaNSYNrzBZOuX6sFlOLzyChDZtt7AtdBnqd6sZpc5--0yujkEeOaUMciXtiotEE09dTSiZBJ_T-42PLUM_oBuUWyYKsO4_MdesuOLdAXM34XNGb26GlB1Qq2b-IxrxUH1tX7bXCSY5_EF7xXbPtIfYDN6Xi-616Xq28nFJ0fZNh4QAtzbSVADnmj2JTD3oYCdc5acnmUIpjJtdZhhLQtyBUjI-R34N6bZh_g4jhqp2GP01k7S-ey02T8BX-9x8JG-1PI38F3npC4TgdD7i4j39j5sgVuYbE_Wl72uI4PHSwxSmMRFREp8VZa1XoYbvX9henCii1QIpd4p1pYJcXu9qmRxvcMQ1Sn8DznpqVSKpxUycv4qQUBCY8B6iKnOrmXgW7UEq9JMsSXQbmbrt317UjiUWdKT6tXMP3-n-C1hE10L9cW6nRRumq4ykaRFg1pPaVFTh96SVjUmrcAgAr7W1PIldeeNwKflzu1_rKvGh5JpMMG8DVhHQzBuwpN5OWhzV8vetn-gCqvxBJ61tkG5hQLBR_ka7zbKiR3FrsP8E1xJ0kc-M9ZYE3epvFRjhjUW5PIVKTOOU47ImsllO1Q9N47-CJi0X0PKNmpVhwKZetnvvu00f_pSQRdB72cyqoq2IM93M4EDVhMeuzRgBMtORKlkg-fQOOqf1dTEeUcuTbDtsykCEBcYsYERchvY9xMARhN54rY5-DDKCDqTJjFjrTpMUSFuxTy8EOebMMjR4sr-oBz-kVgrV60BybpICRgKyfBE6y3Ypxp-pyKQBwE-c5_B73D6KPUjCpL6u5KKPBpjXb3KMztEKK3uMywJit74Qkkc9Rh7oCmry9wdGnftZ0r6kTbdEym2WPECvEjJjP-SltjlTWqy2Uwg91ReH84is_H6upGBmAF7gtAajICCoagytszxH6mUuSsODL54cJPbMYn96bvS_DGeJXiJfshzI04FZ6ssAPKG5W0V5gujICIjsUXg2V5doxmJ1Tz8pK8TWdwMcBzLPKBwUzfWFPGwkv4PmbDoOsbW7o2a04lDY7F1YMec5MgD9q1G4wdIFXL7NfHpa-zoPmsG6jxf3r-00kuzJXBd32MZZNsgAwBSngVeIDVDoqfgIR2g==
Fuerteventura,45443,1,Spain,2027-02-20,Saturday,08:25:00,reggel,2027-02-21,Sunday,11:20:00,napközben,1,1,FUE,https://www.kiwi.com/deep?affilid=mihalymisroriflights&currency=HUF&flightsId=0b7707f0518500008b632f4a_0%7C07f0084f51850000dba53afb_0%7C084f07f0518600002b667939_0%7C07f00b77518700009f65c7f8_0&from=BUD&lang=en&passengers=1&to=FUE&booking_token=HOhnESz2gSYSAcTDuOCB8l8cTig_A69wE9lUP3yJclv7XCnT5zjk3UUh5FZ_gBZxzBNRaavAISO260Nf4yfJPrU8FsFGkqlSdIotulH190nzOMXbMSNFaWKKecWDEfIYUeL4Rv9Db3TisdKQIUtoHRLXUMbURPiICVj-r2zMuB5bZNjFhmcr5otK1Dkuk3kOuLANSk-XVU6u67y0WYwQgMy0RSFWtQ9Ks6qrqETMWvxqiM8vb0lCgEnTlsdkCQ5LdNgJqw5X9Eq8b3BxP1bVPkTzqWOkB2bZuWZ6zPTzFrxitTBFfhv_WhAD7WcASUJzJPNFHEacJPdSKA9GTDSCuFRv1mXQ9zi6dXwu1BcJtCvOd7Z-fRyd9dOeS-pzTCzvxIhu2tOSjBfkkwQ1arOCGUi8rJzUXkucuKpdfIz5oczLuuimmWekda0urA3AZ9nb1hqzNiWGysl6swjqd0dScv3hy5SUGgrm8fQo3BgQA1LEcCkXrJLBuUe7F4oxlwBMCI9pFlDSu7WVEriWudhxbqJkV14uk1TiPAF_g9GR9_CGRDBYd83r1pxhycyrnAGhaTZ7Kv537pVPFwvk5J6zpuct882W7GIKV6xdyXsQNY-ejvUhfPD8WvUvwiV3ACbjXWh5hpPO93fTU1j8aLX2kMyObKGVWi0NtkaUbDZK5-E2-sx9C8uN6X4bVC4HblLZnMNfVtvGJ_csu1B9KjLI6aNLid5lZB2q4sM-ORDwz_c1Cml-a2BzJJSwbU6Uxn4_8O0yUJsknoJjw0e-t9VR5P8IeYsCoQdA9O85Qw9OoEhmnIj32ox3HgvzFHuk0qD9eN5dfwzyD8FbZjE-7l8Z2a4hndS91EduuCavdEpI1TZIhKG6Mu5qkof7VCmtxYwOQsWTzE3-3ZHhwp5yixaPVAah-KUdqG4xSer5NdD9osSIoSdpnyu7TlxqeR-_Tcng30IlhlmvIR3GTP9EUwxl9kLHQ47lWc_om9iNkec7zJ6xY_g0smwHFV_NGTAcCgFjbmd9-ORY7Mv9rmMb6S7KwOs4CYJjSAFaCagR2FlNdayvpc7BjEQmlNBf54K0yO4wUdrj_RzvzOP6QJEEi4t1YfI7bR9owlBO-Zzp5JXWLZwmJCnEJiQiwXy-SIbt_eteIqCqIu00kxakIuRp17b2ztve-UgnuFbv24ztW0dkZBwvL11B7wuD4mikaEeLO6jacDoSFMEKPM_DfXLKVt9NxH3SlueqmaoGty4GVwuwCjqscTst_T6DlN75q0htXK_qapwuIi7BuMUhoVOmJs_5ST7Z3FuubiHplUIzgJVeRGYjp112cxni954086jhgPQm9rcwgIJ5nAULXFNnBMzspTvOC_Tk6puHV08oYc20AXm4Ug-cFEFh20O9QXpkk9q6d
Bodø,45563,0,Norway,2027-01-24,Sunday,11:00:00,napközben,2027-01-24,Sunday,19:50:00,este,1,1,BOO,https://www.kiwi.com/deep?affilid=mihalymisroriflights&currency=HUF&flightsId=0b771cce516a00009d94c4c7_0%7C1cce0493516a0000179f8655_0%7C04930b77516a00002416c797_0%7C04930b77516a00002416c797_1&from=BUD&lang=en&passengers=1&to=BOO&booking_token=Hdkavkm2QKvyzpUNhL2qym82VmLBChqSb6zw3qTkNmBx1it3CzesilvFn6lr-LPiW3jGb-E_X4YtKv20uYAQd1aRc9R3v3CkB6nXdEGdQyrGzA467Q7VgMI1sKh9nl6gsQeTrtnRZIPPPOyF0xGUFP2rxLiZjt2zP9gw0YEluRQD7AdGcsSnoyZstXQdaKgcJ0E__M9C1okJ3e8zYrVdw7Y0GhCp7AlIjHdRKiS2h3dUTqKO_LK9GJjee2WCQKvBKO2yuY16-xaEopXRgM3WTc_eIijPfrLWKjx3QTCo8t2jlO2mt49pS3dJwLHu2oGvFv1iT1Yf6VMNjR2OKXKojINsGp-gJm7UfMNOuPxNtxtA2-M1Ab2MJpc-00L_F37kiG_4LNXcdNlANCwMpYUVoH_8tzYVZujFc4JxaYs6iiVlHPQs3zVaY6lXWtxPg75KbVWxDwfaOO4ghszCoiopUZN9vaWzyk2ASpcbfhvPXKZJn9atddHPRszbrWtsczgGQvHohggnq1LkpGP02cNokFRNWee_-w1SdMJmirw3-YGeLm72ssKHpWHGL7GwlZwolck_s7pgXaaaFh_OLAkDItA-M6NEtGph79lm_P0p_yxXYLov8RqItEqz-ngyRRxO3QAL_UnskJIWBJZnbAp8UN5yfkkK7YgZGiS_GyyTmeujiMIlOgZZgVhKsQdiBLhnxOS00BErUr3m2DBgoNICj34avopqDeZ9p0SDVc-I9bAVDTCeFsDO3bTPFu8NQi8VofVkeRtILX7TtktndbGEgcoXb5MKTsYv-OJZDl-EbHWNRir9G1AvWW_ba4ZhbqNE1F0pKArAg0KJeczvHWHP8PvpFRcOLDeBhvdLf6vPOzAMU7I2wG_Z_cqe6BaYI4a2bYTvU3XUjfrpWxTr9ER4kJIfqWZXs9ZZTxLCH8ffyOqt86gZ2aRN5OpxXS9OVfVP1gDe-qLo5YWm4kMdYsN2aomZZCy73mlvGpwu_ep1BIA9sJJ1TFcQMrJAyT_dM0sdOYvvvFSATJrY_V8Na-tPapmlWbiEbfa47HFjcQFelOjWpb06C4QVYGkaEHq8ldXdHHQOkjeru3mGo8AZX4BF0d75i-meByUjXovhJWCaR8KmJYEeTGzlwGcFk1wdFpixIuX4u0uhgPvV2twjLG-rDHEAA8kPM0pXzaYRjzHwQLkm_ah8GNFhVHAaGmv2YB64dtjsCRjUBhG88__xoBD0e0OPvhw31I-06JT5geUtrdyTfksyRngQRh8vYA16Z4kATIh7Gd5VfR_As5iVHPU005ibniqWGfKzii4VAYMuunyOTPeQ-MuJCBhnRoLi_mfKVxBpBhI9vLH1gtGZy6rSudw==
Palanga,45841,7,Lithuania,2026-11-23,Monday,19:50:00,este,2026-12-02,Wednesday,11:30:00,napközben,2,1,PLQ,https://www.kiwi.com/deep?affilid=mihalymisroriflights&currency=HUF&flightsId=0b7713d4512c0000bedb6c30_0%7C13d41cce512d0000a3ad4c9d_0%7C1cce1ea5512e0000e20750ce_0%7C1ea51cce51350000e004e139_0%7C1cce0b77513500003855e607_0&from=BUD&lang=en&passengers=1&to=PLQ&booking_token=HIsUyveOEn83bR1YmM83wikAzMojld1Y7X1pomO1U6zvFrWh2XN6Bn_9SpjJ8qXNLmWNRtYKxbMrtY8IdQRkvZnkPDlU1kSOAx2KfaPYF1TMQwpi7lpqvjaJWB074dqhCy2AdVbcYo_sR0KGnS765v5qoSG3xVWujJPkGSd4FqGuJR0DJ9V5Kcu5nQFiyfmRqlUsUP5kdCI2yw_McPTlU7w5GZq54Lld-aMP2E4RhPpvwh218OsNxDTEOkOONfd5zyblAQPFoxh57NChkJn3P4SVhK9kA2vjll3pnzwF8x9T2bRC6U5QeZx7lSMvI2K14bIQRz33_rQ38KsNK6tthJV9zq34hZ0g3_8dhNPvk8bkwCxaE0P9xrAYucPJH5mmewXl7jbxLdnaOB-D_JgDMzuaMmqAlbRyBUbWk_vCDoeVHGUUJgQXSF8fx_-8MG3MfRN64XZT69jZOiXtTHvG2XnZUNvxYwNJUV3uUJY7ADn43CNMwto6leh6oe7gapsmGnRgYR2B4TuHmzNfgXrXsUMdrRfHD-CtV7qkEVqci7Cm1NPSZLM3WIlYLZ2kRunu-wMp5gG4ZwvNeypXzaUmYYCbRd36yW-HWmlT-uPg7QDTu2gIg2L0cOEWVisoiga_3Wz2SBN4vcFIpPiJTLcglpx_iNUEaB7CgJF3JC59QmaBIideEtnCcZ4lcN5XhgBofKLB3cHIp_Hz837qO_fgaLLj5WB5BeuRncKo_tGAoJz0P27B43lWg32pnyuJk1kUJbLTldONTyS5u2KiOunfR02xCFyt6hoQ2Rjz0ukt-kzNtMJo3_S_1Dt29IHTb5te9LQGlSti8rf4fJJHdzu37pfRYCePgLPhAZV5EiKc_XZp57WBEB34grbjyXYZ_OeA5fhGGkWN2JAzHMH-4xpuC8s71Tom4OoleI9gM1Ug8g_M3cIMIJpCanrvZkVafhYwhhbl9iQ1hgJWpYHxbo_GU96DK6dXADtJY2npmTlPCDorMibjaG-29nKgdTHdNCFLhDBlwMkGnCFtUTsmwwoyWLRPgkMQjHqbEd07Vy6PiOOFKj4MlUEM_L_vQ4Ng-GksuvohAF_p_1wshj9qNRkBCCT56ZSKYgoejEGxrRTFZMk7uLd8WfAP3jK_xMI_evmZKA1mowpZHbGHzNHVSz2VlPHXjq8lslN8GilZeez_c3Bxthw0fq9xsPupAAcT8rD2_QLnxmUXtwQt3J8SSiwQ-rH9AODUb8uNVHga6ZU_70y9qvonoiYP431u1F8ubzL2FxE_ct08eucmjDFljoC5NfvwqzRZz_zzB7oNS2aflRE2iwUV6t6f4LTx6aTNrjzwl-sFDazprPYb31woCLfwrUFI6ABy43ctwKAS1BBFebv0YnWjpP-ieGFGckGWJuTI-wnEn-9qbBUlmwexNJXpI-nfxymZNKAk1KCXZraQrE_aHm6n5yTMbD0Hk-08QCcMPpoWyzXf4NCLfp4OtxLwrMQ==
Las Palmas,46127,1,Spain,2027-01-12,Tuesday,13:20:00,napközben,2027-01-13,Wednesday,06:00:00,reggel,0,1,LPA,https://www.kiwi.com/deep?affilid=mihalymisroriflights&currency=HUF&flightsId=0b771ba1515e00009cb9b76f_0%7C1ba10a22515f00001f1ea201_0%7C0a220b77515f0000fd0266d1_0&from=BUD&lang=en&passengers=1&to=LPA&booking_token=HMMiHFY8PkFIUywkDPiU8wubtd2vsj6GKcjqMznJ3IgcrAAHc8mcujYrWy3s86UcoXWfyoJfyic0SEG6hnk7QOFEbDPo3-D_E-dympHcT_lI_VKDuhLM4VwihRNd9AVpVH926wZLxZTY6-58p244a-WTsVMNpnZcWNqVjpSqs8ak569BiWlFGYyGPwWFM6zY6LtHqRCxR8uJbIIAwzcKO7wBaMq3ACXOgjhaOPWc8yBTkHx6hxNJwd6b0dT08KMLVrTTrLglPaVAoCEdElT-dCfWAJZzlES9EZP06aqdGbPOZvZN-xKfpgOM5c2OCzfz425rl4-JIcgoDvA61lcryqdyeAyxG8NJqazCxZpMTfGwyA168gHRQ8lJab7vD4vNcrAe43ZjQTiUdf24bKG5AM5NXUdtWMl4iBqPTFo6I_6TrcVxBDzaGUbynwOF5u9qzjkuyPWArq6kEw_G3nf_HX084cRiT1_x25MM5Lbk52tFzZ8GK6HXf6bG21Xr51DcJE0fZYlHjXNt4SxUohzxMnrPniDNRJGbUGjESt8xWTJtNiOCroBV42X3JiNu74g9rcCR73z5036eX30V_8KWRq9SupPS7WISav9Du1DC4JjqvWGOQ46mKV9p405oeWx977j7vWHJZv1u-iclY21u3cixLhjkDTzrGw1vLm4ykJynMVkBrLQf2iJa2_yHfaMyxznH47aFtuMEelknenXnyXpU6QGzobOFd-xgPf504pDskDCegBDFlR0lb6Q1Y5F0Qf0QER4O0NUbYVCzPSSNXuqebatasWr2zhx-9l7q7sPBN37OdlEr3N-Ev96IqjQhkKgO9MbYcYXtTMpOi5shx9cY9_XcNmh7HqMURrczBYs2TtiQ4cyqVwBLLq8iUJtY6usZZjcI9ZaJYY7KwxxjN0k_20O2HeOCKqleJHZcjNkk2YBc3l1ymRe2si6dVMJ0YEvtAd3qH9kdjDwGg66vd0_jgHNagbpHPpCMJwQcnK0WoD6O7JDen3j1XcPCyaM-Hr3kCt4FBexmpl1WQiAqN4uo9rIMB7Wx8N0-ZGknXpiInv52A1eo9durWpeQf3C5Kc_enXzoH3tcPUulAhcqSpYmz1roA7JjhtEnkMhtErAuyXnLxx37ddNScQfduMjk38ym6PQ4oI2Q4OAN7b6hnKtCIigZv5qajZ7WIk6I-SFXXxTInxX9Bzea3iWG5zpbaAKXg0rsIlIkWgnjhNO5N6uLfvD5MoyrqOwpPzervnZll4I1hJi1bM4Z5SXaHfId8QmQkvw-ZnjLjiCNLR3gxKw==
Glasgow,46187,2,United Kingdom,2026-11-07,Saturday,12:50:00,napközben,2026-11-09,Monday,17:15:00,este,1,1,GLA,https://www.kiwi.com/deep?affilid=mihalymisroriflights&currency=HUF&flightsId=0b7718ff511c0000193db6cf_0%7C18ff23aa511c00003debb063_0%7C23aa18ff511e0000ba29229b_0%7C18ff0b77511f0000326e99be_0&from=BUD&lang=en&passengers=1&to=GLA&booking_token=HpgLxrsg8NMn3LxH-eWUcD37sLvCai8BVyQ-DONPjNITMi973vvPLGFYaRc6qUorS120xIkCuQm930stypRVAZCDPNZ1jFgoYhmETFXXha6wgf7cL8bUbLiKV7sqaANnr9Xc_SiAvo2LdQDpeHRzrWN4J4xwTBRA2DR70W1u1IlOHnGL3jL5zZRCEDl8CfeqiqrtqnuF9OB2M9hsB431rOxzOZcoYEE8paRysNOFU-i78TFozPp9h6uufMWHYCc6LNeMgJHv59NOySH7_W8ekug8hj1qDcx90aQBuDKY6_dbStY1uml7bNAY6jgqstbH1V_WQ2JZ4tldn0ywiFgk33cX4NFTFPWt--JO9Kjb9dIdM0y7O8q7sZLg6W4gni5OMWKUC5A84goGkP4hvaYgZQDk_O8hVTJJtgzjvzM1aWyUO1dhlGeK-ehMqBI1BrtSpymH1QI8WqjWRyELTFdf7ox0oq_Yw2yps60FMG_EhCFOgvTFE3JyLK9UvQ5OLcscZ0jPiKaxvkt9SgojiuR2E4CtBK7-ZCzcpF6d6RMtx--e_gruBPlevL0gzZTthdg3YqdkT_7WBZC-MweuuWL4eihdtc-yYv5MjD7UE_QOK0ZqcpGYihOp2JchnUyfBPspE_z9AFj0OM6jeol1ZltKrsJO2neG1wQ6rG8-38kjsTU_0OmJo00RNU-ZxMpAonOdLiUnUzuPhG6pgZPTLh5iBwIF0LS4KDyJ45JMADpYFUt26tzDVfgSffNIKnKbY0luOZa53HH2UMeUIBJKE1pDV8Rm5bYtvFmQpKIekiWka6slNeKHMkSriGiHk2RsRy0PGqnlvEX6wdkPWjRdyimJfISlB2nLBicICZiL_U13YNgpLlgU9D0NIHLEBr7ED3mBzjO2Dgi7AB6eHRwZdujd6AmZ3PJOTB-VuVNZ7OLiMRaSn_b_CQ1FVenE69AgWxVUk4TiDbg-ZKbIE7_l7nO6aKgChJ0jOkg9lD-MCOcHBkebvm0n3oPQL20egsHKnv-CKY8J1qQ0lNypbezsP25DrGIslTWUoSYqAdZT3V5qlyWh8uplMX34Gw-Fex9rb-VLZXgIQAHBo_unIhgGKx038agqkGNSh2VCgJlbN82gig9cQzf7ztADPe-neccPoVP-Vm5mqVUzapxnbpdwD4HAbN9SuPMnMxTMYwviQTPG4WzamixjU-KAHjN7PtxkglP07eLR0eX3yU5MiNknvmm9AS1YNE9Q8KyKqp3V11GR9AZE4mBc4kM4MvZQF9yvkexJdT9NnOugjyPgjgng_nGElLaTdLn5C8mAJn7h-fyScCxZda3WX2OyVfUwj-JjfJPME
Saint Helier,46265,3,Jersey,2026-11-07,Saturday,12:50:00,napközben,2026-11-11,Wednesday,20:20:00,este,1,1,JER,https://www.kiwi.com/deep?affilid=mihalymisroriflights&currency=HUF&flightsId=0b7718ff511c0000193db6cf_0%7C18ff1b34511d000079db6c16_0%7C1b3418ff51200000789a53f1_0%7C18ff0b7751210000606ae3b0_0&from=BUD&lang=en&passengers=1&to=JER&booking_token=HLFBDAktOjeQPnUeP1YuSH4iPpfqi6oEn6t2V9wc2-cTvsExtVlnYMvdydKx_WtcIjLxFBmoiLYaxnTjxx4UGNcpQE6CyoC04YtsRL87ugwNZDCKHOQYsRsYlKnsd7QdLjGyXMB6oYXNJs93HBCbLabFvIEhBFNtW0EuczM_-GYi4q02SRuLPdTmZO7Z1ShoxdaA61JSYEtqDF81j51H-OefIQqB8iRXAsFcjjN_yAG1wZ0ls3xFFZKVuNOEHcWNbpd37InavoXAqS_XKM5YqONlc3S3o9sObRxGvx8x7WP8QoUGMroQwh_2W0H5OApGT9secBrEVPwiDb5OIdYRbWHZZVVtuEH2tnWPSrWIB3oYWyjxhVV7B_M_FO_ZTzCnhOCJzSUUxmXyD5TBtIU1vUsgDpUA6CW16pNWx2sahjb3AzdMFwplt_aUH6D6ofQkrPPTOpJV7Ti9PRkVNqqleprYQUnWdZ9xUXO1M1EXXmJ_QJI4LM0ek9i1E5-Wh7Q2ocZ-i3YaeKurBEmNFRMVM-msV_rRCSfV7apjpne-vhEInw_E7_t0dbVlkQZQZjzZW6v4LGty1o8K-qTBnzWkpHpimf1OHjgSGBGP3nwdfKIK93FVkjDgB7fsNNiIo8i7yexhgOm6BLsHaGCAbe70GAI6EDawmQjT1JtDeS8ODK0SW91VOq_Lwcd1tgMoWhOMFHYddjNSzumRziydtS3Eo33f1PJfx4xaBLuj4tVJD67ADANBgNbz-jqJkm-CuZO7rfnmDYZs2KetaypJxhQRa04z8Xk20S0W4eBskN94c-SrxNXT0dnRCfUVK-hoCef7eeJXaSn_yiQJ_n0dVDva-XPb1AfT_F4KT5Vs7g2unpjy9ojX_l55s4eoasGnb6EFHQvJRK_9FP1rdPEvOrHFRxRzFUfPtk2sx6e325tTkEgKaf1XZfPNovQfhK3369R11HsQ4ZO94IBx0gAxd9Mo1tsijILup7mU1UJk0NF2YO6ftfP-FZLojpN5n6YN9-Av7LxENRfHeUC3c7kOh-cwEVkSpNKVPAtc1BfnIuNUNBb5b2BRDrv7I6gai_Q6tCHi1SuCu5g3Mpg4-6J2TunPi7kgvgI4lXAOfldabfn1RY3zdbEiYOmbeEosknU_y5bbZG_Bg87a3cv-yOKq9qUO-iJw6cOnspRoueEOnfdEDxHXTcnjeP5k5KgDktMDKJvpG1jCHH6bhc1FY3OznXDsU9r40GItVtVU1I4-JY8IbpBU06eDMgTsP6TYQknOfwlVtBX7EVuw7oqgFzE2yPQ9N23ZHFE7VoFjwwPa3a6iLL2ZdauGSD6arKBzUeisTqFemu1z9sJOyW-sMy_QRgQuBhrXCa4jD3gf--ne-kBbQVlQ=
Marseille,46453,2,France,2026-12-14,Monday,06:00:00,reggel,2026-12-17,Thursday,06:00:00,reggel,1,1,MRS,https://www.kiwi.com/deep?affilid=mihalymisroriflights&currency=HUF&flightsId=0b7701af514100002f1bdf83_0%7C01af00ed51420000d647ca56_0%7C00ed1fb05144000071300df0_0%7C1fb00b77514400007b81c04c_0&from=BUD&lang=en&passengers=1&to=MRS&booking_token=HyxiUfRknKSgynN_WNFeWn5nOV7-uYCdxZWi6ulX2UluVKqxVSXbZH9KAOY_FGTF99Gukx7E00OZ5YrSOlgPlvk7imR0C83XPatgV95ug4oj1ouFDL3EnBmRafeWOFk-Plh_4oU2wF-O2PzUxduEfunuOttMXao6UL_QO2t2iNwsRRBUpYNXz4xdCl8EYjAA9eU_9W-WD1gAPz_bTt61xRGXyRU6Lx4LI_VG4E1angjqobc1MatuWCNhv5qIJ3v_2VszhIPNBoQ8QyZGELbszMPDID9QCnKVg0xiR2LMuRYyld51PmwIzdZ2j_ZJsBsEf1V3gkftjxWB3V6QkNpq8cB_Eyq9lg6xgqSWzsp9uVu7Xl_TiQXTvz0Rfcew3tv2d69FMkFxYLJbrEdldX0DKHXPNZ14dpKO1h-MnHo4S9zHSZXuBtqNEPsVWj4cV7-B-Ws0ApuxrOT9tvS8xs5WFiqZeFu20Ddc6rfo44ZRtmq0aLXx7HKjn6JnEvuPFFzkZsFtQOshJYV9clceFLShDDClfNMFDxLo-_XEtgMZCGuNC5dUQxuOh8ZC_n3nPo5uFH_guLS2xuNk1zgPimbaH2fc9cA_GX_jBusxiMmSvtQXsfiSG-_fQSZt3hgLrXiT4lKpd26U0v9JYAp-nIsNApOcVcFA-67Uwoluil2ymzojNimvZ0LwekcfNU2dlU7SXDO2uQATpPwrdyYodueYOKirbDtoPR9LI43eFxK7UNzGDEdpkyQKUiqSkC3PX7abSeG5MPETPXED_kVX0BMi6JaHtJ6DPqZ9YZPn3-eUu-g9GO-_B0W3if3tDysYBhHMqnpCqJdMqPBgJmUta-4mtO4IoThpSVh1qMvGB8Dw7aBKptzAs76gkID7XF1dP_GvVwiZm6cUaQokeOi4f2dELzsqQKu32XQN4CQmzKbAagxqb7DEzFWm6ce4srzPiifB_Bnp0G4MXzjX4pG3tTikt8tc41W0jejIjowL_J7VYuU_Nt8lJvYqhw305Eqyfx81xt5jxinVyeLFcYIkL9t6O5ObIw164Uy4ZA8jrJ3KhlhHynVJZ2f25gadAqcIghMMOp-7-n1Usax_fGA5kVrklShF2Kjb-bcyXhXiWUQAB8Umzt-oqw1shUMcAas2qOLl1cYFD_9-rGvn_ZaJ8Ce9SzajJmQupZfXGp53rGL4kAqaUYju2eXsyfCSZA6zl5Su5tSxHbVudE06lo4yXXJtvVZxZt4A2cmD1oCLFyuJ81pC4kDnFD0V-Ok8hp3_4Gb2Q6uGULKik_3KeL78STAg5qVn0pyKvnaPtUsSQa2lJvCZdKDbcXLKlAZuKRPJg38rtW-JXcv3iwiDzcrwFCNcl8Lyj_BRBBc8BfDoqJZx4RJA=
Saint Helier,46531,2,Jersey,2026-12-04,Friday,10:55:00,napközben,2026-12-07,Monday,13:20:00,napközben,1,1,JER,https://www.kiwi.com/deep?affilid=mihalymisroriflights&currency=HUF&flightsId=0b7720455137000035ef9a7c_0%7C20451b345138000046cf890d_0%7C1b3418ff513a0000fc4d4ed2_0%7C18ff0b77513b00004ac3fa90_0&from=BUD&lang=en&passengers=1&to=JER&booking_token=HV-fUfsDgs5sfAWppZsWzadNUX4esDB6X6kQsY79i6H5gXqqDQ-yqChPlVZ3EI0mTHHvVJAGJm_csNf7jNi9cdB77nlKSt0l5woYHUa-TKqL8-WVkuAP28mldQLlEKmU9rsAzrq2JqTwtZJIUlW1DkTpSFnMirgF48p7oBHFpSPtc2IgEM6NcwnnZ2fWBIF915e9VdCD8oJIiQfeiPnW3Zhtkq7ACQXTqkUSFf1p8gnZJn2HLb-8arJ0rV2pnBL4hrWQJGBnFs6tzeMzloeu0Cr15HtHLTUTTNIfF3p3fg19UEvPA-OQALdmZcqTwZUIlM2Y9nZCH_cA6g0IqyALmH_ebSE4wlHia2M_nfQnpIvIS4eFBI7MB5SEwldqvLFTUwvOSRC1MHt9nQZauvsDA4aEJ4zUnMjvqjrl8GdiSntV3qVu-js49gmDu93Fs_HydqNlYwkg5JhHV2fMrqD3eS8hjfQY7rogJPimLBbsRrQaPCTjdIloGH8EPu-LdBugEXCsJVF6sSFWl7NkQeM_e5Hh39uJl56ccloT40X0r6LV0Sr0GfZXVTaZWK8r2OpXNbxZtrC85PhuhoJERzuETZNPDAwxrOLyri_ftCYfqcMwsCV87dCGuBiJBE9uy4LpH-hPYwkefNmItiV2jO9MFP2r-zgGup_qbfni68wkez2Ug1NDGVah3WAtTQcaOT20M3VlN5wEG9VcgwMFdLzLNpOW4eWDwI9zUQ9tuT_iGKsbKfiJx8kmVGiQGsO86wd5CkqA1l1qdyYkqLuL-xABVxT7hOKQmnto8kkwzrUOmH_ddADaUXT6a0eHyRrWKgSLKWedDrr70SqKV4GfrD1s6tUWnOwwNLqnIAcYTOUCmH1wfNSdRxBXsG6meQWTouKajKlD-tMFGEPvL9whHkA3u4RaqyDj9Vt3eXeQljRdi0lCy4MoGpfi_yLqiG1UGioxAh6cLNlQDTwYMcXOaLG5te-xTh9uzYZ1fw1tb5XHRnc3qy-Fxnoi9U1QFwCY5ZGMHmsHfbAO1GT3iNaZlP1H0aVRf3BvoBocsOg8czEzZHHu6vUMi-llhHZ3OfWcFKB7Rzk9aiDgALJKNTmlALqqE9X-AQuWyze_0xiGQiCRbjQ_tRSCGZj1DlH7-ZtNOum8sNzJzftEBAw_qLBM0Nh7QketW26hPl_kNPexgHh06lP4Ry26OCctMhEMbVTe4prMwYnfDwVU3W-Ue8OaF4Sl8Ojme7XlKU46OkB5Y3Eta56dw3IItazJOEMf9wT8XK6DF1ml5GBg7OKtHXYsTxCbVFI5Tc72rC7_UMswwm8fA8ZVUWGTzbNKEhkybPr2p5D6IhSdqXfY9urWeCy84GaM8LQ==
Kaunas,46564,3,Lithuania,2027-01-14,Thursday,06:00:00,reggel,2027-01-18,Monday,11:30:00,napközben,1,1,KUN,https://www.kiwi.com/deep?affilid=mihalymisroriflights&currency=HUF&flightsId=0b7718ff51600000244d82d9_0%7C18ff10fd51610000778c4ac9_0%7C10fd18ff51640000808c7450_0%7C18ff0b77516500000bf903f4_0&from=BUD&lang=en&passengers=1&to=KUN&booking_token=HdcyUnbylhAnVBUl_w2UsD_Oaoh21Yo86oTP6YtfAcPHp8uWnyf0cC8cdSBbk86FhggcL6ayNnXyVDeiaG8pIT7JjmOuCm9N7jNW5iDev8xRu1cxXsP8brKMF2bjhv8AREyDfX7cVKMBbWhinsdz92x31XgmZjjpAn9fTab5L1WR0_GzrZkiZyfbaCvxoibL32rlzQA3GPHGZmRcnYOTPiVvRWkeauEsdr84dkaydvp3z_RN1ObaFWnLZnhbpfeyms53e7CzBnjYcgFlZa3yBkMd8_ahJ4n2u341zBQ4cngTl4Ain0Odug2AocPzLUmZL6I2qWd30rCfs-tJHDgp5eZUCNvnmsOsbKEqOU33P_BBzSzYibG6CwUea4hIkBpMCqLCOLwWd4Hduvce4rEWhFyMkhkSPjr4THF72j-5IYAdTl63kACpTLuIEwCUOjv7IgT_Rkc0svY7z9g6My2ajI4Ih9egzcxak67S6ZQ5pMI2FEmnSKgF-NkEGn08arlcuUi9fO2h40VlioXILRpBji-RTSL79w9Q3M6O5jIF1PVIE_J6AUmSbMkGRwe0G-cB0xxKDsgwB5otS2m_SgKQ3xK0KVlZjJ5mKPpHE16Ko_uz5CG-1lYgW_biBRzple0wM-8TUMD7fxR1AjUWhxV_Rq-dNefJTjC2LCRtkyimEo6Qvi2WPDmHSrPLzeTwk2tzWUh0Mu0pwQmRy-ZPxXtPKhoT5ZM3-49U8_Meq9REA4f0K8wLM1EfPBjIik76NE_fGyq1uxNSScdRNy_p3wr7OWpqjrYG_KoN70Wm-AaBRW8tijALxBCKT2RwMLSWJrs8V73omcnpNVYRhK7-SIy0VVMohfGq4rYoi6LWZfGkO2Dgoe0TVMkjFNlLZ78V971oHq3xxdpEajmpXnRTOFQBQGdjKgspwRo_xGqr0GP_EMXz4PNVxDiN9UUwfLj8Y43gGszhdzysN85dR06nZwlfYWPGdlUjZ54ubCV8DKZ7355ObTtUK9ro6aXPy0rWM6bUrzFGLmYfX244BG_Xj-Tnl9WRUAYjZ4x8jatR06gDCVPtmDpMCsMJCSmidYuZTo1xTyD_Bh4k9AE1ewfdyfXJXDCVn8O0htxz_Y_ym6zgV70hnzT2tGph_fgOGdhbHkNNHXSbnn-lcd4zhroG2a-YRxrc4r_2LglEv7zJ-PrBRzgxUScgJWMQ53eOEP3D3yuD2-Uy4ay1n9jt8SJpXybfKVE-4si2IkAb0n6aV-BGAgtVwizy58Etf_3PgjN1eR75lbjK624aVo-QfWqqT5D3L_yBvfxywoq1HBcvT-pQGwcFpMKbkta0G7KeCNoAeoDnM
Plovdiv,46720,7,Bulgaria,2026-11-11,Wednesday,06:00:00,reggel,2026-11-19,Thursday,12:55:00,napközben,1,1,PDV,https://www.kiwi.com/deep?affilid=mihalymisroriflights&currency=HUF&flightsId=0b7718ff51200000ea868748_0%7C18ff014e512100008e77ad03_0%7C014e18ff51280000816744ea_0%7C18ff0b77512800006d52b6e9_0&from=BUD&lang=en&passengers=1&to=PDV&booking_token=HovtSOSRVvnKJBtX4dTV4z62HaJhSvU_2H8Qc6M8SbXpK-wt38IkmEZ81K-1dbXMFGazP9QhFNWXQMo53pAVLbTvdqkSLMzSVXUvc43BuwYNkHW4IFH-Aq4VJ3EasUp2EI4ljPLTn0Ha9ewkGvrOkMAURXShLtGnWjFxOhOvaKUC91RKI83BDNdwSwbCBLuma6M7J_-LGMPEPLiN368GMxbv2HY-LufdLXfdCzLpyVB4oPJrTaHFhbLfiUDqN61a3GdPMAT80SgrQHEB0ogBT9tFq6mgkxrrhgIO74U7ruUD-I8RkRwOh0i4nPXyEfn3GAfMeYKWmiRnXgkmvohYniGQpfETg_c_uwVGrwvHKJizzqb3Si2LpmJVanGp1q1u2KFWFzrbxMthb4BU2wkb3Y-KqZ1o1kIvhmRm4JcziKvn9oZKUTxxj0s_qAA23NVDRziAfDcIkamFHACgvmP4Dakxehf7oZz7bh_WJAmxYk6Ie7456pgs-pQtvZoQY3i-bb9spLJ5z-h2AQD5ktIHKPF4csnLAnm_UIsjhqWGmWXvqQGT7C6k6bf7-5cmwZ55J0BC8vhYsJHAcYhE2jjmFnUEnojxQ-ouzWunnrMertP3cBHF41oe9-yHytl9mcMOno2ufXEIWobLHW5GrQ6oe7JJsdWidahZhkrr6WPeTh0W0d_9Gvx9wXx4QjD8Dtlh6sELKtEUb8XULTdq-XQh3krLhsRDMH8fyaKkH0ZT9hJ3FJGDeAyiPnG6WLOGePUKJbGFjSDgiQiVUZjPSfYHmrXiJBb_ow9cWurXSi1COYpqg69GJpKepyVn6bNnSEgOvSPa6BKWpxG8-XwEV_MyHIV_OWC3UfWQZjXG70l9PfQpjQBTAcEV2_jBEtfo_L3noILHRHEx3J109Krgo-O_cNSLVzJ5RFzWvmmwzi3-3kkHZXfE6rWKlTPFw7JZLdTD458amNpNtMoGlWZUzMX6wr1YHWGkNC5VKl3mOU3rfvd875TA8F5MJ1HzTg0CPgy9gVWicAmaimxgAEtDzhkf4z6wV49xBaZkA9T02zpzo9y9602MBhgHzXRJqGMnCXiiuY2M5sdZHYR_2l93VHW9ssLHeFdbEOdteVtZ0ZNAogeelBp-n3fd6TF9cBySI8rrs9SUEo2HobZPmTU8SKvYOKD9NPMftBd-FX7rGKRtOpptVqAAbW-DTA4GPqsEMiNIaOaX1UKbjpxEm-ZESgmobCMKd22jruRHPkFGbHFJWhNjq-6W_tVKWTdRelGIMmwfMd3zR6U3HiS_-ILAbv-4zR7PL9LAmYflSqF8vaIInPZK3Yu0aWC1JB1QXSGMg5EDJ
Glasgow,46744,5,United Kingdom,2026-11-07,Saturday,12:50:00,napközben,2026-11-12,Thursday,08:55:00,reggel,1,1,GLA,https://www.kiwi.com/deep?affilid=mihalymisroriflights&currency=HUF&flightsId=0b7718ff511c0000193db6cf_0%7C18ff23aa511c00003debb063_0%7C23aa18ff5121000043b3b989_0%7C18ff0b7751210000606ae3b0_0&from=BUD&lang=en&passengers=1&to=GLA&booking_token=H11U9jnTtperBbLis-kX8NWyMK_B5ZW2KNG5I5N4hWGbmdHTD36DKuVjVztKL0bsK3RkRKHz7cALYSJbe65FASTxHtL_SvNlmPuQMJ0feY_1WtMaJ-Y_UAQgKvk-iHtb0C6aXrEoB9EjcjPLQV56XqgQLQss1gIFlHz-ggPGooZhdw8GrT1bEhQ03_yrFy4K4-_Q4734ea8_pc3L3LVqleTJCAXLKsX1ZaQOedgbLzsHZ_G37HKMuQKAr-V_CLiyF85m5EB27g1xRuRXj2gTQZuT9OkhCIxOjbAJUGM7zyXkVwfAVLnpIyMkrudvyDXW64-YPmEJFcntKazxGBpdwL5wrjkM2mKQjoZqj4hpdE1ygO_jOTFpnAtK5s3IUPabudwTPJkc24VfGJYF-CCFMVsbJa_4v651byV2Cuoa-yFPGz-5fG3xjgNcMBpkf80NujyQbHh6ZH3HtNK-YphFXGztHCkNLfQK0ehlBVlOe_bN3m1Dy8JMg-Mos08r52DOqMae-L3qAw7J79HxUwLMp9Ob5XF0xAvOPUnacTevED7Qg9wTl9TweOqf9KgKct7YZD5MWBxFDTefgSLJzzetCF0Vl1xHJIrmxOQQ9o5IzyQOodDyE7z97IkrDO_3BB8QwnplzRgcdmo6ljn2g15v-KF1FWwF3E-WM_1ybHhBAUyg2KRiAi8U4D3YaY_w2dB20jtFOsFT_k9j49ByvU3bHQPG8LZ6UlUBUu0C_n_wa3b2wm5DtlsHr5ZiNvT0bgOgme7nPhRVPAD5eri-ZjukIrIBHmcLwv-7c73W6fMYeK4zoznqO6NyRJVGrow7IoKcC0nmFHH53zhMG3Uhz5nB961fFNygCataT1iAPMSMudz_fQfrD_OYgiWrFXsf7RHN06km7ZQpKzsbyAgztvva1zWF9VoF9Jq2-87HU9Ey4oh1n6StW6keYyAR4FXwbRbDYHr53FYsN5kZel8B3F0JfwAuJFoeS7CIxONsFx-oSFaUtkbOSLfXmok35QYdkNkf7Lds2euefKNdDK03H_-MPFuRWgg5CgbF4qlpr2JYTTdZYbsTl1qMW0SmaEnun2BZ0ZZQ9iTgQJ2JmL3RhP8r5X-Otylwu6rX0ptEKbvubPvdH_QKledWl0FOrXIEXCD6PvGnnRDnd63kBRuuVTnY0JmAbvE4MGAgHQrk_SdnLnmsd00s8DGe0ZztaPJeq2cjwe1BN6MhH2U_dAksN8KcgRNrRrPngWEduuOUKm6_AkTCnLGgxRj5ATgU4JamrPEe2_VRdBGGr2BkUO5PJI1I3P1pz_Zaw2XA-oK4139Nm7HN1iP66VoRYnNA4ZWcnCMVACdwThQQKe5PytIJbn97tqQ==
Las Palmas,46818,3,Spain,2026-12-11,Friday,05:30:00,reggel,2026-12-14,Monday,11:20:00,napközben,1,1,LPA,https://www.kiwi.com/deep?affilid=mihalymisroriflights&currency=HUF&flightsId=0b7724a0513e0000dc0ee0f8_0%7C24a01ba1513e0000b5def228_0%7C1ba10a22514100009fefbadf_0%7C0a220b775141000051b3e9d5_0&from=BUD&lang=en&passengers=1&to=LPA&booking_token=HazQ4thshnOlPLNCvOwQQdcmDpBnXaDwgVSxUTsv9xR4K3rJiX3IPk2X3B_eypw7RVYm8m1YEQMmZjfyfvvX7d2LZy0LOxurRUrIEYLJhs_UAHcSyHPVaqH4Fgr1TjDbO8yT75kZ7DdtnSSlPGHGEwBVOIrXUMdP7Hm1J2ql8AosRbw2viNHs51pg0x4RQsiD1xkjnt6GrVb5tXvN0BRm85EaNlRtoWxhxzNd9HC3D05oUW1r56h8hVAMftO9IdEHN0-YvgIye-dB13vnWz2HxUULO7nuYY5aK6M_m3P78OpIjlkBxqKwoG0K2HkLikDz5AbXqKqgStq8TwGE_0CacQv6vZ191e9y2QrtrFEBObfA1C_hqaZacVbWZpy1ifh6QEQAFCO0CvbD0NRwAGYR05GEBHnVdOX2727pLyO8n4iS2J1UZ0oiOT1_sODnny5Tq23G1nGh-6NWiQG5UmRTgf5CoZTRqw75SLvXjhAmIR35H0R-Mo2Mnh6QCek86olvncnM3FoXZKi5Ms-sr8I3DC2sMH4o9mQRexMxpRSgbxbdMA8lBobQR3gPwsAlj1d26FzTSdTnorbFvtJKt7QyWvflSsoz0JGHPi5pBRkXsil5_3rFUWG5X6t_qpKDyhiOqcUwMqrIXsli4rkovBj5moI2xXS6q7wDdBuvWXnX4BmpJ4XRJ3ZNyOk5HfpPmNXlWSaDiEc7DpsuM-U7Wd0gXJ15kHTGl-E6vOcab3z3XX97xjfEM7DJrprcxSoWI-7i26fgKygygrsXRKaxig_SGNu_SEywMxO6G8xgzDWKEU4KQbAFj5bdKaiIs-3rBliTViujljtDcPss1uO5LUyBoGDve7Om12Zi12rSC5XL5t1HJMVgTajAYjEyEGYNCWk7l_-CuOQJ6AeFF58JpcHcTPLNy0U88Z-snZjyulOtMpYn9tcyXuo1fZ1DxhCWAi0wB-o8Ctx7dqfskq6zexOW75xkCOymL11DrvggkhnH949bljjJZXH4sO1zTVPiZma1lCHDHi9C47_Cljs2au-dyHb7Kg0H_Xs531psNZii8gaQYHEXugD98pPPx_BytNGjN3wfPjF6Zlj1oKEi8IvSF-eUj1_rq3nyTI_BnaV5jxIxmwMa4mi7opRL1ri_ivYoGdz7Lfd29OT-50qS_33jKT7BlL7wHksPVJ9TyCsAi2W_fx4ROEZtyawG8Z-bCVZMvoppPFFXH2Wk3_nHsq7oKt6wywBWld0_kdIzYenAaaQFzqbfv5TAIHLqxtrBLZcv2Pw2uesuTWzm3z_tM3qG7-VREGEZdHxUaXABaorWe-ybBC1ulqhKJmIrLz8WuIY_Hv3xY1-VFMJuz2y3tbrINwDSOmn59DFqeQ8Q1FwwZHI=
Naxos,46867,2,Greece,2026-12-02,Wednesday,06:15:00,reggel,2026-12-05,Saturday,11:10:00,napközben,1,1,JNX,https://www.kiwi.com/deep?affilid=mihalymisroriflights&currency=HUF&flightsId=0b7703ab51350000fbc0cb2b_0%7C03ab002c51360000c7b4a8f8_0%7C002c03ab51380000f1f37562_0%7C03ab0b7751380000b2450b11_0&from=BUD&lang=en&passengers=1&to=JNX&booking_token=HgrRErMxzDUSLkskvIofWJD-u1HIu0xpW3pFlkGEkfW7r1qfVq3bNmlzUouPf7BwgpHneMMZr31I7gVPiu1bqZZLVYcQR3UC0CFret5T5v6AkAW5b5sjkd0_Y_cYzwwoC7itUaEEM_cDD8RrhuXkCYoolquJvTqa8lydits4PqmJBKkWGVLuvmXyRuSN6oNxG47Bd78AlFYXdhk2kE7dAddiwwt_ICrO104mIQTxMPJiMnmaumJh9WW9sxtX0_dEbnsE4fhKKK7yV-ebII9bScpzZ0qG1OYodJXiXS6AA_txy38C0yAAiIElmWLeqJ-kgloDTvmPL_-IOBSKkAojOQSqYVlI9suBhJAMGMOGQEuMoEhLtCKFXVwdZVJE-PsbZea1_7ajtIJlw3ALNHk_7pL4qaL6lmEkkKmGfmQgVeWAvxFsWq0lp15YBi7IfwCTSCj0aKxCQuhAB4IuXVFLv04uljZPy36x1Ay-x8tT9ZgQ2fim-vMeeBGFBV2E-fA2XQ17klwrVdl9se1Lm91z501s7jfZeGOzQO-JjyPBCZOKzj8V8tmnEdCd62zVPUsRkTmqs-snwsBLVjvrFHnvm-89xre4HZv6NJ2Q4fS24_6XDpqoZcWgBCnocxoyNJ4tbUhxLo488FMMI51_thYNZzYagFNazQOkkeKxGQacfp-TOt8PNhda8NNIrdibJGY6hYnxwgwKQl-jf48UoeV_LPEPy97XAecEtp3NhV2xmQREubdXBdxJsLvXn86ilhImPJN1c-w7XNsNOuuotO75Q1ztgCrUQVos6gu6L6C5pNFlSDybVZDr44mCHKLYVrWGKgIDh-MVDsnDFfHu_pe03AeAET8mzzsGi2iKQNadM_fzFwvep8KeGXI57zGoMIa5rND7UC7qRvw11mZPn6_rmh_dcn4hT2d7XNcNai1F67zwYSr9KLNSBGfLSq1i2jmz0TxJQ5w13VF9a8ys8D7r34D-qWphI9NvhNoXb0wreozSBlDnVGM_oKea7jVdKUqK2RuXnO8pXEdJ3qXkA0nEuDY5GSx6Dw0h17oSUuxqwdpcTmnKVkWGRh3UqmBR6AH6FQIWQkyhUOIdIMuibRwKhuYXQyKWyz34pLAhjTkDL1yJ43rKMCKdNfn22fIvkIeHrkJRRskB_rJNGszf1pfIMnNpwDtVbXU0TaucSTqjqsxGxD6N5d_dLMsLK-Tf6iDV8PZc--UK2H76FvmuDhvTtB1tvmFbGmY980bEbWOjfs68Y9VjLnFCj9m9uquCwygXM8yZtjG5NSJ4giVewAc_VVZBTdoLSzihjI6gurAJot_KTfWNcPwufYMcjbhWYRqYQhP92_YofGoIq-afWVT2tbX7FiOZGCyt3ay0pedPDqvo=
Kaunas,46908,5,Lithuania,2027-01-28,Thursday,06:00:00,reggel,2027-02-03,Wednesday,11:30:00,napközben,1,1,KUN,https://www.kiwi.com/deep?affilid=mihalymisroriflights&currency=HUF&flightsId=0b7718ff516e0000f1eed50d_0%7C18ff10fd516f00006df2306a_0%7C10fd18ff51740000d65ca649_0%7C18ff0b7751740000bb8a76cc_0&from=BUD&lang=en&passengers=1&to=KUN&booking_token=H1LColeEv6-_YGZT_H5ADKcOo5yNKY20S0EjGH9as4iaJBK8maQOyF10hFYAiabx3nsRDmwpRCCM3z2LV_5xZXcDsKN7Ny9wrPjuBJCQhcbFcvVPzZLom9hYJccLmDzD-8TCoJhLTu0sn8xsZH6YNar1KCDpTXn7xx4b2iBFkVELoelrVcf0_a3TDYi88UTgB3RG80hmx7p0EL65IfXnz6XFwFU1h6apM5UkkIsmOF08OdeFLa5nauWMZJpRHx_5Xct7O1GWgpvqZacnd63dj7cBuwgePwiAYcN93oZZcJ1RglB6iWnxCppRrdwRKdQsSOgzmAlDsydKqslJ77Fkgu4I3_jay1R8ILR3iPNIL28yurHuC4JhqBlUrwm66IzVBA6uAN1OO_ohDaElpEfZ-JQCQpET7b1bDzl8v30acUIB0Ug4ux2NOj5Y-wtmmdhAgOPwKyz36DPCflaSWEA0_dgoYw-u_TYhWG93Oq-x5VLYdrOcdj-OGpck5EALkzIpcvcCShKo0cefTqC9PcjAljgSa3sZ97m6FdMgTOyJZztphOFrXnHJTXzDC7B5VKYm8BK3JivPMFyIe9fih8dWbfzdt2ZdKKsy8R3qedmdu_9hfwyaYU-XHNlwkoFA0RKL8bPU55zFS3BUCgFi4oDJG_yyk9vikL0-W0orgqQf1Ls7T0KNj3paoIO1g_tonN3MhF6-32Tqa4tP7zHz_5pZFFs9Ps4V-Tho1mleWlwypFghrx600IvSXDVEvvKzTt4-B8zhGDxM6dTdqeD1aHJpFVcyJB0b9vFpwYhs_NNXgB_PnnT1GrgxNCoN2TipT-j8c6nFPY-dLgFIjpd1G7k-7v7hSrC66DwjzbU4cCZwd4EgtvE4fX0QTYt53ZcDz2IjRLtmDnMeYs2OvBRsDzV_It7CMVVwEFy5A-Tyu7Gq9ShlVQfJ64XWFpPhXLrebngX5DqvI-RHYP54yy5zzWvxim5P7eYNpqpv7sEUM46VCAxJq89AbK3ZaG7hlX27h02GCYkxKy7vywrB2jLWW7HAayiwG4i8T3y6tMUryhOwls_5YYwJNa3AZbBcOQQkiBveK0wLPeBxfNk0e_4jFEh0Ln6QrHuRFrEHEfy31s3uHJcLRei13qPnyMArOHwhMB7-D3rY-7J3D17HQOYHCBfZHW16sEP2O3QQJ8a7ffoEKDbViqMc97uW7oipBKiYtB6v291Hic7e8ep_1iOe62uO7H-eofqAUGTjZ7WjE4SbVLD_R3HPdB1xbpthTK5bQ_NEakaBG8LuWyGjaHptVJVziQRDH9QTnt8D1YcTTdOu3EVWfz9LONZOcEQFbq5ZReQi6UVrEZKBmirWX1lih7fq6adJRv6TxFJRw5gy3JCfVqXU=
Newcastle upon Tyne,46908,3,United Kingdom,2026-11-18,Wednesday,12:10:00,napközben,2026-11-22,Sunday,06:50:00,reggel,1,1,NCL,https://www.kiwi.com/deep?affilid=mihalymisroriflights&currency=HUF&flightsId=0b7713d451270000182c0bd0_0%7C13d4034251280000df7fe5b6_0%7C034213d4512b0000669ee7df_0%7C13d40b77512b000060cd45d9_0&from=BUD&lang=en&passengers=1&to=NCL&booking_token=Hzqt62Kk-jCxZL1qShGwTGegfme5FcUoq8nBHdnxTFsEQhANO0KUkMaVG7XxXIfmuifUpRXpvbEdssqPy8rn3SEFiLAoNnMWpX9izk3I0XO_lL1sXeKXI9_HmdJlHAqu4Na1vFK1VdWh7uk0ifAHYa8ylpDjAR07KfhHG3uEjXI6nUWVoeHlABw65g713zujLcbhw1Y4a0ZSnJkPXR9o5FJ2oXnNNAvOKzhiSBMKOggH2EPj7RVdG3KSLrOnINMMyiDCgpLNj1voJZTe2SPLrq7Dc2nFMIv-Zn6EzpUQQmV8njzltGiE4CLUGor_SR5BDn1n-_iFjwCT7T0kH1zoXNedCZ63ZNWYg5x8dTTng5p46QH968WmzDrFlYwDA7p-C1hqaIwb6SI1haLUkyqD3hA05KOVtlh5YOGi8ShpJz4eCUmtPXvCKoijzam6X4o1Q5iByVQryHZ4l7ekSgiZ9AWH1sRGfpGtqPjTtrxrTlqGNovt0pd65M7jxd0UVlKoz5J7mt7QBwhLdusc6wJ5ns3M0KCDQjV6zKUtre4wq5JA5rkp5Vo6BRJahdEeeU7JMVipGbPda4X_xLj0pXtoKXnPJc9hYa3CxxQia3Li5DMvEE8SedO-DhSKcIyaL8SBrh66EvOcIkd5E4er3i_yGkENE7wPJxWL6fldg8S15m7DZHTvzWqZ6XV7Fjam9aFeFSOZxmFtI_TmVnr1iYKxNBO_D1-Howj2K5t4IfbInIldRXBUKsNX8f1qPl15Hl9yfP1fC_2e6kMaP--Skw5ovvJtFZFiv7FMGGS0yBcGS65k-25ibZorZHti21v2IfVg0oKTIV5lNf5RcUfSzOBA2UXLbxip5Evlijk28vXOSVB4glsAvUtqk7eMYrclDePbuMk2O_4ISSBhby30Prw057spP9nHbsXseqlsiSB5uhYIH_2GTn2gOsdp1bJWilCAbKnjBtUKq4ZFxvAgKx7RcT6W9KX0QWwnWK0Rl2t9DwWmFwrg1ln8Rt3UJ15s9Nwik8CEkCYDt8JkUDmbhSIzys4g3gv4s9AYjVuQfla5RavuoVpgD3dvHUqrsGPndseoEiWFekqaI37Ft7ssB21Dnu8XsD0a-Z3sQ5yhnaoGC_c7irrAgD5PaOXrzuwpmaCDyfwg4bsCDGxvMmi06WJ31FPMGAN38On-Qjnf1dnW4NJyKYn-dsG9gUuraRn0jdObRbcEIzU_XPgCJLsgdXATT3v9cVpk1J9s_6i8lMy80MVLGw6t3o22KoR3l9jtQG1eS3wW5_Jo8NIPKJP4qAIIHNPHSQb_AvOIgdAT34wjr2xa33Q9Bmcv8OtSuo2dCAUMBvzBCChdFU2d-16uskPW68eaofKGG7zyoy2nSn1myGh8=
Split,46931,1,Croatia,2026-10-12,Monday,07:30:00,reggel,2026-10-13,Tuesday,21:25:00,este,1,1,SPU,https://www.kiwi.com/deep?affilid=mihalymisroriflights&currency=HUF&flightsId=0b7713d451020000a9516c7e_0%7C13d4000951020000719bfb26_0%7C000918ff51030000d99b5974_0%7C18ff0b7751040000738fa690_0&from=BUD&lang=en&passengers=1&to=SPU&booking_token=HXM6VSKlcoAm834_0XtimOwiRb2s7yM4ejqcK44DUvYJGnJJ7oi12KU2C8AYbwG5ZDXtzG-yS9PfqR9MssTKcayZlvoGyRuBaXg05Hr6PqjfZxPSvX5k_2ildYrCHDDX8GxN1L19yqD27B1e6DF3wvWZu-5Rc_MNTYMcjfTUSOEyBk6bulo-mQrJpd3wiC4f1k9RcqckcRz8-HQaH80GLVjsdOrDlGwZwArpzNBZgOpmzapidMpAlr6a9E670PT0lBD1rKwkYy7njTqcY6x0CcBhOUUBB26et5YZGPm__2zc5J35zyDN0kPoMZawamKXZDQy2ClJEK3BeEgHcls1CfFiUpniIG1PaOXlR5otVn4fmmdmW2eZD-cDIoZRp8D3o7RJZpIg_sSPJ9ur2F7gmeVdYKg6La4LP0HzoQG07R-A9la3jHR9eHpxBRRgb8UE0Kx5sH2D0pkAQ_FMFpFE8Fo5EZWl0gr2j7KP6qSOaKkOyH6DHREd2PdPlxwAy6BmNB946tnl0TwPBq1oKQqLcLI-TTv_lRoVDrLnYOvOPd3ac44OPeyYQaIbwpcJ8pcQqzzhYgRF3SaP7NLl3zHywOEeyVlmtdKYEaeuzkLHj9FPNr4UZXDqWI3ZVScLIvVgkgufhYxCjt24aPwRRq1upKfBqm_QQvy4cpwTU8YaoD3L0nz0yItZe7nwkwaYSSZed8mLAQ9CJE6DldRMqsFZPikc7mbExbqolycUxQOXb7snkgJjoI6nFrMSZp8hxacIL53aBA9PKQs4_2ThBnURpEk131KSpGgGQtlzxOW_GFfPUKuRxzXQdXGJtxGB3N0RV3vq68zuiiK4qJAvh2NECGj9dxjVUNWjTIXGSAeSiMBL2x40qFz-UI6FjvjMxPCU9fTpusJYCknFqEiRaQlFU8TbPxJ5iBOhqGxEficMh2MqoaWV951XKQ91P750nEIicfMULjaPHDSEKARHbVoOHyv3rMR-OMvFeb6sI5T-UNVBWxekFL1XJ-tqplBLo4yyEZlq4iO8aiNG6Rmlqd41VbbBx7gACRRi5OP5gxe_4-u6TPckcQuMpd_aEG0jdB-zKOggjJsUj1d4geAebCntMTU5IXo2TWvS1H3sXtwkTUksWxVPpGyDiC6PUWx-aP6yh2D35mUV5qbTO_O6Vt6rHkj1qKee_Cj1clLhYJACNQvJ79g7gPpg2wNTS54K414za7xqs-3-sQsuWQZQn8i5JUBrHXudaKl2t4do1_2R0tcihLdWTWvZuuUspQI3x3d4X85oUSgHQwZhnGRS56FD7fKZjLM7ZXQvd9umUhHnQl5A=
Plovdiv,46948,5,Bulgaria,2027-01-13,Wednesday,17:30:00,este,2027-01-19,Tuesday,12:55:00,napközben,1,1,PDV,https://www.kiwi.com/deep?affilid=mihalymisroriflights&currency=HUF&flightsId=0b7718ff515f0000ee813f63_0%7C18ff014e516000005fe389d9_0%7C014e18ff51650000e0a135ee_0%7C18ff0b77516500000c94c7ed_0&from=BUD&lang=en&passengers=1&to=PDV&booking_token=H-phdp-lGBkuG0_Gunw5ZV32ZfOy_Hn2O-mcfb-UOzGUBDNyIA52aw65nO9A3BHLZiarJbPKcV_RZEYj9qPlZFY6PStgh1xvxiy9pUzWcmGzrZEQTVlPk4EYISNw2pf6FlRj1kWKhoXh-6pwcpRCjCXS4fPO94jhvqIaeW87orcSWAgHqtvwrKjNn0eNMNqZZDChUVz-irqz__Dx1bSVecOYUdyKXJUoT5rF-OtCTELtSsUFMf9OEpss2Rte4qDi-5YgQHik1yIPE9_l190IiEBCkqP4ksFAsSuxS-H9x_4lgbCswJb7zeMo0klp_OA3vtFcORzP25pW0_w3Ku3YrADIeYKuGi3JBYfHZDLwydXV0G0sejvPJ3jTsIYIEQZq8FtItlqevWhtDkoP697t5H3CwZPxScHcXy18Ymt_nZrc_pHXPvyW-OuT-1v1fkI0bI9KkfwWqRgsolPjqAATH0XY8Mgc1u_xkaSJS3LKnYSsqVA5f1CDkiT9YYCwBGqMhoD6Fx8Fw5abNrHvaO1o-RcdZY81Ub-cqc5_iGNLW4DR497QuvA1EeQY3-QcHIB7-GCyUt5ib9Mve88AD80tA1NT_0w8rVcsHec_yikTyUtp6YI40bG5HCSQXLTqSBZ4VIigMyVejVBQ4FbpvJIxWMOpJIsuz_op6bUDZQqi_QR9zTaRDSHMmeem-1QLWloLU1tWfpsUpihwi-ud-zTP4IVKXTHPpPGm7r0yaXBGGnwTAx5vSaxdm1OxgyMDFPyKNYHI8piUx_Oes1Qa68PbVHZpvCv9UaDhrB55SSZ7IOcCzPjGJT3xSOw-4uJo7ZPr0ugKkHmZfeuHcw4lWfHuvhUBLcHAa74P6qEkaU2SJmEPcBzaZT1Ewc7IJfyT85EXfdwuqENzGHR0WLgGC1VV6dMjB-fw8XFoIOy6SQ7TAwLv-NsfeoaI70yN1HavwUmvHOfc3Uy5m65hrydWfjjwPcfBHTxk1w9ePnyoCrMeHEkSHOOvP5LYYc_H3-cCqUgojC10Juz2RxONuR5hwlbsz87ZTiUYBHxqcJBJDEScElpMsN7fIbIp0-mIWexW-8l_p8tXt9FS-yGvQGRrkkl99g0f1NaO78vUM4ZTVKz_iL8IcbvVInyICmclpsERy48yecrlj7cPZlZDvHgy-TeliVhUiy2mw0zQ83sJpn9aGR_LVNY1IHJW2b2owJkCFFK3_Oxq_AwskRB5SyTcfnfY6-eY_Pc6poayGdAYExQcWEP4qAh3zE2LcOifM9mhvMgeKc1_OC_LC-Mwqak2DWgQ7Q0uA7a8PGiBSY13AAxbedUNdjiEvO9DLj-gSReJW1eQ5-5JcgJCSBPObWyqMUFbbWA==
Kaunas,46997,7,Lithuania,2027-01-26,Tuesday,06:00:00,reggel,2027-02-03,Wednesday,11:30:00,napközben,1,1,KUN,https://www.kiwi.com/deep?affilid=mihalymisroriflights&currency=HUF&flightsId=0b7718ff516c0000e1541e22_0%7C18ff10fd516d0000d79616f3_0%7C10fd18ff51740000d65ca649_0%7C18ff0b7751740000bb8a76cc_0&from=BUD&lang=en&passengers=1&to=KUN&booking_token=H3Q2wiXbRQL4GF-FylQCpXmF9BbxPEILWMuVlT9q2B53vTm_vHKDgg4vDwgcf_p5PVdpwONOhMwy4vXRrRdIb88IFU1mjfrcPlahR-svJpkLt8gIpiY4eenGbgtesvr_VsKRNgAGov4_9agBa-hb6fMQM-JDkKp_BBSALnUy4ZxEuGDFnCeAdXyraXn09_snRlXYLDKG0rPvE1gFKOVFqI3Zfx8NSNQLlrxUYIVs8iX2FC3pHun5Tf1FQtymxK6BIppExBvhVajSwKzBIxRhB2Bu5cqU8Wjo3aW5IXyU68oJOchW8AnAq7IrOCPY9ea0ZYploUDJjPfbNCOzi1BcOLxuv1RN1ifUj5ucBrULObhTWo7dsct5n1LHj5SckdexHnNW-mTk9GsDYR_GiB7crvsvZ4ZmpHfYmSlq9yYZ4ZR9003bhKiyz7J9VoANg2uQ4tZ9vkV-DSQpa29f1xzjf_Z0bBdTVqjc2YGv1nq5xQf6xTOqdq9Rzbv-e0UBtdgFoJsUJT5EgqToRvAolesVdpckhsyPRxCrEq5YJxDPSreS8Z37O53UtziepCMw7tHp1SK4rClVADFd8u35j_2G4Af7QKZpQ9ZHlzeomcl0HVAyB545gBL9EOc3sAXOmoGzd7grk66htwT5B2BtSrwyPc7x_mpFJhHn6Hc_G7veRbGpaJBh_WT3DNTOACXWQjaGx2p0jcyvP0J8QB0X0fHSlSPR9-PzQVPuziG8JEc7TVPDZggTa2zL9w6ZACISLj_y4VRLCNFnMC7Fkmk5Rca5GgdrJn9bGYyrBM4M2QwxeHs3n5mmpJ5odTwEmcvpwkVMIQKppmT3N8Pm5GEO_sWsXopJ-HPLgTGGBQD6dmpbESApvsf5j3UmnxD1T-OgRS0TxhrikiZ-bbIswfNG5K9EiVMnSaYBh01JuUOl4WqDB9QqXhqQQ9uUL4jH8Eos6-5ul0-O8-s7drC7S980HhAE_Ji12xBHX8SvEyz2LVOdu2uiS_UTC0CDi8OsPaLCWYlMWlpvnDzFGusmfbHwMfNZuKzoDvhKlA_FUYwaQVI6d4CUUmn1-_vu1JwT6hDjyUipNtEhG_G9q50wUu1oA7xMgvd_XhqCwCy2l_0YZIPQKBj94j90AiagFVTCAAjbGwsZoVEiPar3TFsoPjL270P-N_ke7bQLqYjun2vJcMW0cY41ZZMxiYDFDsKmoebADJ-Jdy3r4wBvfstCk43ZDOtW5VwNSICMiuyTkC6CQp4IG2SOct9gLzrT6-pYNA33katBbrx-Wu7__QqsiggvGywu03toS0lW0UXTzRwH-U806Nu8_QClEEpa7ZECFeua50AQe
Plovdiv,47096,5,Bulgaria,2026-11-04,Wednesday,06:00:00,reggel,2026-11-10,Tuesday,12:55:00,napközben,1,1,PDV,https://www.kiwi.com/deep?affilid=mihalymisroriflights&currency=HUF&flightsId=0b7718ff51190000a23f518d_0%7C18ff014e511a000063c2b2c9_0%7C014e18ff511f0000d936afa4_0%7C18ff0b7751200000785806e2_0&from=BUD&lang=en&passengers=1&to=PDV&booking_token=H_Kh8JmgiByl1zGj9IDbio-GixcoYFui4wKYw9pTjatGbTtp_URBbUjjE_qBESHG4y3z3AcIxyRE8Is4Mspq0oiZVo68NNvuRc-dryyPRY0pMs4iBe6xjTglycq8ArkaxVkhKKmbbmpgmpYufk7NphXyo4eCC3Dpp4pFACqfsbsmj44oDoF7UfpUNiiIZxJQr_ALCNfnwud9i9-V4MZusK5vWHVH6NtDRtCEMrH05DTN62D9U2ce525EH-aY6H5rFl3u4Si5-r5_zK6EsJOMAmrbYrl_Ogf1UqjUvd9Jxcdnd-E9BXtzwMZk7EQ3G7Tf0ZOKOyaUBmMRnSOpDTefiEDgFLpD6YIRQKdNXktwu7NeNB6vY7ve9HEbvh6HNajYDFmEAgAzI4toH4iVS_9tMqUBUXjabj1OS7qymvKPlQMzn9m9B4MD9CLg8e6xyAz0amzcXWbQkErm47r4jSXpCTDAgwoxZ--X2tbfNFm1qQaQJsDnSzC1WuGOpLGnkFJM3NaBYZXCKT46kY2FsLtB43WRH-V5yfMgC6tRMP7o7gxnKUrqHYaQDfkyEVLti6QUUnyUjiKwXLKCBjk8N97ff_vq33PlCULCaSpkEDOCv-PDzkBmNjMd_RBS2IQWTOK8avjJYJpKxYM70bNQ9uyToa2TuJ-1etblG_TdM75nZpkGFGtR3jzKaWc35BFxqkY3YEYweXQwnoz8P6kQUFbXUuLHw3n3G6aR6XyjD5UTEjYkN9pVZAA_fohSsbj4o4Yaw4OaGhVcPlBvEFY9QGjRzRCGwqVu6tD9evkufAaj8AmsUynkqtGbS4jVhEsXw4P4jRNJZV5B4gwvALG7sfCmTyE7VhHzVg_X2_Pv0LBWfq1vnAPGL_50-cXBzcuMHaPKAhYPYOFGxoGAr0ZbPEuDRzgOqTKy8dzbuwmhcHwqWkboxalppXhavujsa56d_xzQUtDovpVE2k4N0-ck2eFjWHdrsvLVOWxx2MrBLmY16dnLyQjqPyVCO2cu31frYdvWC5EREdDzcCb30fEBurAw9pmasLQJqmajYq7syY4-DaT77SXRoZb6n_cj6Noy6ZXMjqiorloEh63tmQQ_vojMmNzrG9yE0dxLkRLPq3ZAqTqynXnYuEt4Df9aKh-VKKV2PEiXTtU7_jCmxNCYe6QjSpDxlfGbcw_5LJJKw2DM_90495oEhnsUAISzrTtNiIqOKjNcTWOK7Rz1GUar8WkWOTZVCrRBXD6PdbN_IBw3fkuMOJJVXGvDzoTigd8wWlxyBDqkg4uw0TmrD0E42MHulKddoHeHP26H0Z4nqcz_bJzmLg23MwUXBsd7hJ9S2hRlE
Zürich,47104,5,Switzerland,2026-11-12,Thursday,19:00:00,este,2026-11-18,Wednesday,08:15:00,reggel,1,1,ZRH,https://www.kiwi.com/deep?affilid=mihalymisroriflights&currency=HUF&flightsId=0b770f0c5121000060143eae_0%7C0f0c057b51220000cbb1d1c6_0%7C057b0f0c512700008bda6ebe_0%7C0f0c0b7751270000e590c1f7_0&from=BUD&lang=en&passengers=1&to=ZRH&booking_token=HK5-lz0HpQlQBtQ1If_aenyLZl8RbxeEQBeAPNHmHCPKlGPvTOpy8g-N_ZZS-i5dVWh64eXqqidnYAyfOdvavFl1v2j2RqdwpBAULHxed8zw83l6t-4H8K5wGhZzfurLjQRKlot1DWmH9TIeFxNBuc3P82NTnL0dBiARL7LKeSRMvph95dmM6Sm84tueLXpHHjnnXWo22obuC5ZvXyyb9FoBBn2uNwH6U590PDfL8uyUitmtXghZyGKK1JysVHDhKzpQHRR3d9zZUCHa8A3e1Yyo1b243ahANimzc0-qxoHffgmCuyJdEXElLXmRjze8nveXkmJCLwzO4ngbSboDHFABuNOvhuYF_F3DFyvsD-cMXGSNKIx9QGPZM2n61S3DwwnnDs1VaAUJlYXXQSmkjJAI-aTC4TdffJJxWD3vb7eHxzaouTFzs0cbE-EHr7_EF7kakX955217h98Z4QkekbwtPxNUFWO2eWxquEnBb0VM2848DtFJaSRjaawvjIFwg8e1a7Vn92_bBs4zvfyaN9qr3pXxGvB42Zs7ekFxv522RBoeg0aCY5oScZE9l0uf32hQw_RqViZQf-D8uEdnL6y_SpQVnA6ZcRB8xLHNy7DtuoIu5Iebx66eVfLH2-SFLaRIgwPpYKqy_OIIFWn2frIDulOD4Mre7vmtcojMkX99t8XKXmXruC6o1rj11sIFIEfSbC2Y2Hrto25dsQZNAxcoxWtbdH1l4El2InrVB1eIR9dnzzBDeePI-ChBpBy1Fe0waNhRuK9xJ3LSUnipt0UCPCjVnRTVAQ5vbUj653TbqnRaHye5LJwb2KUnXUMr1Pm5h4iOUzf3oUQrn2LWuA9P9TrYrn5k_RBuhBG5qGg6dBuicv8WV8RioxO1w7yd4sEBaM_WxqFxx2vKwgS7RqA00_8aA2OKMd_dmdWQZpLBZcwxWEWW-LlJOhE7yIH3TrfAEX34btnWEyB92A5FyXZt8YCBVtLwSSNM_-PBghaUjSY-DdKVYPGnEoU9MSSsgglO3GKT439oKzlO96k_vmD6ZV6Y1BF6dclgR_Gx3TAkyfbI77qYD8TZFJkiKQ-umOzSb5UCK9Sxu0QVSWu8pxXdSHskK5LBys7qRvAkBmltxEgWbsq0PXq3JjynIdInoEV_vn0Zd9ANwMGz4IMLXbWmPn7H_6YptG5SCZuRbbTrpaZKYnM4iPM4BmuJ35S2RQC_-ba5HCAhxPxjsf_1huxnxWIZnmgrcPAKh5ylurCup6LXIL3rm-2SYd0Mr__iPAPIvjUyVpPhoMovKjo988QTLbYLAcyaj8rYJsrh4HNm9upxs8cnK5Gt83j81WdirRVbbcddoDAZo0dGO0dryQA==
Nottingham,47116,4,United Kingdom,2026-11-11,Wednesday,12:10:00,napközben,2026-11-16,Monday,14:00:00,napközben,1,0,EMA,https://www.kiwi.com/deep?affilid=mihalymisroriflights&currency=HUF&flightsId=0b7713d4512000001906aa65_0%7C13d40d98512100008d3d66aa_0%7C0d980b775125000083de0d03_0&from=BUD&lang=en&passengers=1&to=EMA&booking_token=HMLseiqDSWL9NtrleTT3vvU-iuOCtZyyV0a24CW-RmcS-_vbCTqCJU2_Fq6JL7moeB4JUm2Irun_4nDCwqA1V7uvOV7k06bZ1Wqu8LE_n8bPtcVgUid8uG06LIO9eHrA6gF4-JjRsYNqmtPtWcejtOjMY0KatLyL1KEmsEY246HV8gs0Cw2CtVG2eTbdDfL1e_V4ddb3XSPjuU3QLk8xnfgqabwgTdcqrQpdsH7Lqy5kkLoH3fw2512QWCIYKdvqSRh8H3YsSuS2PrY7nRgZGbrVsziWi-Yu_pYaRCvFCw-Z26OIAzkJJ7HiM4aW49vxSin5y4bSnU5dByQDcbwPJgLmWku3j4fTbFIUdWqMaj8H67_CT4uy_R4djJYO_AJepli74-jIwC5VJ4oaNYq4C_vvTTAkhUBVeHiHEAiXES4zV9xl9xVY82KjC_DVCj5E_FxPm1iUdp9jR6iqV2-tnrhije3vr63nzxALj0lG0w-zIGsL5qGh3K8Jj5yB3Pfmq81wcqcey3A4t-In9gtLV1SHYdl8aMMQ7jtnxfiI-kwaVzsSTnKvimv8e7OtEQQhemhVOnxx9YH_upvwWWrGJg-cNHJAa8TdRreAyq_LFq2JJh7MDwtSpT2zVsjXu9gx1ShDAyLm_1Gmj_LwqklY5m0Fo9KWrA23aW2U0MLVfDhshkXWor_StXmUCz5RUnYCT3_6-EUfuAL0GFtaS8ooeJb0YAUpuuFHXv92k8fjCepBGIJlOCacaRrfXdVwo3PIp2J9zW9FbI-Rr53Pue0nHsqW_48t2SFIlYyLGsvgJbzcyJxu-PKe2JU0UtSub3VkPO29HI1Qg5gGFxX-J_c0-r-JC5u6H5zR_CObx7u4KGvjyl_dFT4pwA_kqiKB_GpKa_4SManD0AN-B0DdKMZy2QuxNjkR_ACLyRC1H6qy5eVxK3xA4F_UdxW9UxgGrz_e34yDy4voSubY-q09EDDo7Q_r9aTQovzlcnriWS-Bcv4oiwV7-zDHImZy03AsOsSLAYdN2M70bXq8Hu6C4OJ-FwhB1ybxXS8Qixw4-yRaBrskoMt6XEz5Tg2eg2xhEYnjyyj2PcjONfcbC_-ES5zx6aESO3T5QsQvn5j9GR_PBfL-nXWeoYDneaWnmhqaDj_BmvhrJ1aMpYXflCuFen8m8sBi0VFtS5ssXaB1Ez20Hn4cLW5fjeA2Lvg4hB8LfZVtY1wlGvhT_SYCA6kNNFYsZ7lCM_IfakahV4SMEUTklZ3ta5C_l5plPk7Zkxatqjocn
Zürich,47127,6,Switzerland,2026-11-11,Wednesday,19:00:00,este,2026-11-18,Wednesday,08:15:00,reggel,1,1,ZRH,https://www.kiwi.com/deep?affilid=mihalymisroriflights&currency=HUF&flightsId=0b770f0c512000007f4b1fe5_0%7C0f0c057b512100006dedc19d_0%7C057b0f0c512700008bda6ebe_0%7C0f0c0b7751270000e590c1f7_0&from=BUD&lang=en&passengers=1&to=ZRH&booking_token=H1Ncg2_QQxeKid76pWD4IoRbqNzrVD62dNrbTO3fT-p9QrWmAVYrlA9tYLb8sshiOIc9lZLPXFJjZ2o0lUOBx3AmwWxeQ8ibnibtwoMFvIUbaMHPFOKOmTDU7QEp1cK9jO1EwZ2yp7i9eJxza-_9I58deA3h-FfnTtGSHwVNAkmgemXGB4LF2vjYV-ipn2Kya6Y6ovKl5QJzJ4GKrOwhylUzR1GWv4Dy33RvGkK7Li4mKfSyFbkXK02T1t7sPGutVcDRBibjLrSwOz1acq6nuJpR8fd038bTurJgFkWPyzGqh9SfigR7aZUKcl4NN8BwaWr73bTCKES8f2JpBCMR0L402rgN9La3eBQguHSP3isuOEJgbyiv4NFLVMGRnzaxmvNxlC2iLrMSxWgWNNIhbmby0BDfIv5xS0yAdwVVfH8p1OodapKf5luF6Zj0spndmuBCPVQTaPZFYau2aWeAdZpEN1aFK_o-ZUZRCZ1wWQ3NzXG_e9CYQfXFqYAl-vQ1g_pcW7nfENA3PaIaAFmQnf5PSblJ1Ib2QISyMCOMMITMAAUzSPt7pwstTgyTxWhEkQVn6S_QdxGkysa4kTV5Mvus0nTqduzSKSnkgnLv8l0d0lxDBaoS4wmIy7U31yYk8WYjZKdG93y1dzq1GBIQhWWGsGMEsLwsb4-U6_LLgxxsP4stD7pFO-GxgH9bpSMkvekc_-gCQnS48m-jWY0EsPtdJNoW_GAtMcsrXCyCOBM31x5iAyvDjOEq87J9aFG-TkMPAkW1m2nFGtzPwSqcx83vxcd6uMd5hKho9jthnaQbQWCjoHUOTj34qMInzgRkyPnb_qsopsUDt95WHflxyjoGrBRCpvypScct9hhyi9SsA6PN5Ua1cHOgnk0k1BdiURNvCEKmAfQCD9h33lz7mii_rrV5Ektf4x7dzE-udhDwsAHGazdhT30L7a9ca9LAUzUBuh8u-rm4Q2QHucPkxUZX8njHgdbxkpXLDBSBa_8q18-hSIW5NxUmFYyiUdN2gu6Am5xWcEsU_J_h6hXEBnZxNHKaG97D1Qk3bW-HJxA1AGuhJu0q5jnwnuuTlIu56woaQe0ZvPQwxvszA_hVLybTy_S5S6qHXL1LUF77-HSt9r2mLRpJ3c7ZnGgJUi-CEHo6ItxesUo4GDvlXlqlkrVTeWX76lRAeyDuukv5GCGjpEQy9kzA6AgOzFtlqAzdCmhRWzGQoXKfThk8T7pps7GVzy2Q16sqlbISzwIMXQxdaVA8QfWpg_u37bOm0uqUt1kuGEqEf8lUr2V7S-q4fWIJRAIWJDnz9eUIG5DyxT5w7ErECoTg6Bjg-u1bpydUIFshBkCQJ5wFZxjX7t5AhXw==
Zürich,47127,5,Switzerland,2026-11-18,Wednesday,19:00:00,este,2026-11-24,Tuesday,08:15:00,reggel,1,1,ZRH,https://www.kiwi.com/deep?affilid=mihalymisroriflights&currency=HUF&flightsId=0b770f0c512700007e61be50_0%7C0f0c057b5128000060d594c4_0%7C057b0f0c512d00000bbba80a_0%7C0f0c0b77512d000065f10743_0&from=BUD&lang=en&passengers=1&to=ZRH&booking_token=HWjKTLllZxW8YnVaoPeF1g1pFsJ6hCtbcDBOlNcNNMmINqb2gh5vFoBBIpDe95OT26TstdJqjdDQgoMEpLif9v6SXpFSd6Htb5lOIruDQ5UrBrwdmpMiBy5evvn7Lsa69FH0jmKPnqIwPMkPuGl5mWbWVJvog8Heaf-pO7wYVTK0uYXZHKF0HVC34dtBigBdRAQMR9BiGAH8S0U3EWaXI-FRsxNNkZYNwJmwMXbC2lSt5xEIQAdNPhInZJ3TMTGv7KNGiGl5ri0bB2N6BpPnNn-uVy0EnNi3bHVFQd4yN153avFmJ1h2jime3qV1CsNGMffGfRjPJ_ClYTua5l-i-Z-MlOkw34MuBkrBDPXs1GM7P4R0wHTvUF2KSePYwe7_G-Gf7X3Yll6CF3cDJYM2mZmhtQ7nOq_C8BDJVX5Z5AlIAfbYQ9QaDsR1I5U06Z7MQB3KS6v8M5xbn43N4VMdX9X-9Fnw1eEZ9CmFZfpj4FAzK2drVSqhW2B8hG4Tk94KL5eVhAvHl1AjdHTpJiGYk82_Q4QUXBwjzqxGjmQVkQEQ37JkJpu7pO36utf8Ao5kpCJyHsD02bqoo9gzCthuePKZXdmYHWHHYvAtLMCIZ3w2MNqBHq5w8AiOBhUjKuLd9kAjm5tuyy1JIt0bKu2abgUkl-lTXaJLBjBaNvMWAgTLdGGVh-ckELhPQCPvr2Ursmyj_LT8kucFJ2Zc88E1fY-pezfTlrj2IOopPWRLo0ptiPhQ2zr4lPoACQqZsnEmdeOnuAccxidN6kYdU4UUgMAHxd9M-VdV9XAnWgv_KfgSD8jX7437KpGvtR2EoXF4Y1c0xazwQ2c7zj3MWBjZKhNVlgNwXJqVa5O72CN7JUDkWYBkkttuafJhsn8OPu8F2bSQTjSBbIdKONO3O91aRoLchu_nxg4xbxJju3rz-rJWLwkEXSoJBQBdI6ulqYYTbg3D9O5RbhB7FaQgsOqA_KhUUOeGeEkvt4zWzu9B3nePeQAhUNtUlK5sx48eGB7eYxnfBTfZrfIph0MVw4QLCAM6cXrxuxBkpvuZzPPk2GwciJzBefJrkbuUbi9gxktnEzFFBjhkQ8YzpNvRbULKNiZ-7m77qwVf5HP3T24mjpOI0QN8Acqj64MK9NB8LwmXCaAiwPF65ubCI2_aVP8HArMny38IiN4b7xOsUXRkH6pCL6-ud_bcSEAeMXcJPdOLifjPbxGfAiJZ3BBpygOQ2JeFzhHwxKF2zcc8WKVO37U_3qEOEF36t97QfOrhtkZxWj35vQCrrvJuh4sYX5hM9t3cqXiQNgnX_PO5naGBNNtYhPIuZnuTg7CaFnyifnXx6
Stavanger,47214,6,Norway,2026-10-14,Wednesday,07:30:00,reggel,2026-10-20,Tuesday,21:50:00,este,1,1,SVG,https://www.kiwi.com/deep?affilid=mihalymisroriflights&currency=HUF&flightsId=0b7713d45104000015bcce0e_0%7C13d404aa51040000361cdaf3_0%7C04aa078a510a0000f76d93ad_0%7C078a0b77510b0000d382797b_0&from=BUD&lang=en&passengers=1&to=SVG&booking_token=HfHQerj1NoK9UJGshgcy5YjgnojIzsWabkFc-F9b59eB-Axgj4rN9cEVeJAlewP5_9Xz8FCbd0M1cQgSTrBF2QSitkyFLatiq_chfBNO4_C0_wIoqLYLXDuqXvOHxwlbe2d-K4OF-eaTeMKBg53mH07jHkdvGGzRUte_iX8zffJXfyhQTD3RJkOM4L8MMrJb0LbnIrSuSNzgnpSiHPD8tBmTMA15HHNoXTKzOYgBPu9DnOOi13FXCfAfwwlPWjSmGn0Wm4c7LGVmaARqy-UASQ0wnsK8Kxqc8vONkPDRIAfYxOR7XPRXtNE5FdYs9eBQegYHdHKv5OnGRPzPRU6zkDOKy3gdTZGiOfzQtNLKarsap0mRE8Fa_Nm104kenLndWGpgsLLVaGfv8sKJ2cU38_irsnOxMAnVmyb2nfrv0dRKdTJMRdOlzgnOuCNzewh7BbX3KsjG1fapsZsBsnMkdaiBYhHbROcpbQxq-sVj3CzJ_C83EOQyzL5P8oLY1Ue8ZzhjpnM1OkT7FcIqbKfakeQwqUpo4I_-rTkXwugozTmSRGlbBKVhqHlkCYe4fvw8QEX-92f3Pd4dg8h7VFfAl42SvVOevEZElG4ho5bW-vsDpnsnudwUrfQSd7336ObIY-ukFLmtgs99oqGas3F02LLm-NvAZ9ulzkRa-m5VFIBnkJAS5pVSQdhH0UW5iQlIPWiDBa71FoQcSjPHF_G2376k4mRkTyeoZ-svAWughlHZcRXk8tz0G9rPrTI81GFKUdahB1RmQCdnH75TyC_oOLgZKL-A5SAW7Sgvshc5j8HhtNQIR7LnCZLPubdPk_pIYHQWw5ytQOH0todEq0EwNPvOQl4Au4_5AbXi3tbqLlC_7QoYxTzKZJ_LoRJYLTUtBecDTgdARgl10xa1cjDQzN46Fjp6xsqO3cBXUb-eSATHK8ZZvtwjCfnw_eNIVqvcFu5VYDcfNjRyt7-aYMgK4MXzuZhBbfM0-crJltEisdamoTOpGmQFeVt0Vd3T_r75rSH04tmbeW_1rBbRRv8BbaaP-9VXOC416xEBhQu5c9VKMHa5BY_TnbcQyddwpRm5YYCeojGE7K_jlWA1H6JiUgkNirkZsp2H49U2rM0D9KCi6KjC3v7UlPlAPNUErs06zD6wX-KKQuF6YDsFHn3eMFH7gD5GH58txHcva-iJ0AXGnb4mnXWj_cgjiXD5i-QujQmDojuWcfLzhDmxCHvLM2EfTMxSDrxQlBGcCemFp9o9MYZGyJ4itL_M7oFdSX4YJQrUtDTI7FvEBl2JdGya6s0X69zMVW7GKi59CzQhe0eoyUCQRob8900DovyCgIfSIcWuyvX6OZRjjDYhPXlJlog==
Dubrovnik,47320,7,Croatia,2026-10-13,Tuesday,06:20:00,reggel,2026-10-20,Tuesday,07:55:00,reggel,1,2,DBV,https://www.kiwi.com/deep?affilid=mihalymisroriflights&currency=HUF&flightsId=0b7720ef51030000b34b4e68_0%7C20ef1ddc51030000056ea5e8_0%7C1ddc204e510a0000f9077202_0%7C204e0a66510a000047b1b395_0%7C0a660b77510b0000438597b1_0&from=BUD&lang=en&passengers=1&to=DBV&booking_token=Hf73hp3ggpOnMu2gXh2HdOCNd_ZZpeo-3Cz8MnMRBQixfkJqBPpQXEZdk9S4m-6XwQs5o6JNJieHwPD4wj02WR11QW6SpspWMYFp4Vz7UyjrFCqeSw9DA7LBXKo9UKTXoyOgGCqNB_MTIdBsLZ02QdRQyucMJazHe2xvWYxoGaRlHVc3MXw3G5CvKjTZAuOKO9c0YJ9kWwToUJZcpmCHjNgHOsNYj5CqtWlFg-d-tpWwqLppsnYtvUFxu4-xioUsz-JahL0lZkz-jEJtffjpeplxgfibrdgpgtXyTFji6S0Jlp190JSA9HneAFcMCKiNcSCmdFqRNfixRzqyTY72GvKpI_fzPaVitAwrv19uYRtntXHAJvrKVGbBWNIN58VPtmTTefT5DnmU5X3EOz6dWMHgtyJzTI0tW2_H85LCiCP_ctNr8EcOm4bzXbfIckSLJCkTWlqG9tdYRxExqRPPX9OAvWzDFjcfY5pnDAzhofIrQaX6iXsH5fqatdjFEyhr2ppcnaTXZmvm4C7UPyUWHKrFFq96qzqM3v7tQF9lf1feX4IYaPqraO_nRnzjYDe69Ei45niyFKL7iR3ITS5XlmzkKGRd8dDQurkdALhdua1cScQ38jSFonjkEoSmbmT78y-q2qmXmhNWHQgikWlY2tOMQBieW5vyYmtKd-gzKgcINrw7RMtNBvBzyLHPKG55Ljef64RRxcQlW38vutU-grCEOKsxSw-ZkWke2MF8C0S6Qyy-F3Daim67FVp58lccFOSxSO5bGBWjEJqwXzjDnJA99T8fYbNFC-1pNtK9VWc5Eo8cNg3a9BQieDuZRVMCFy4jTcL_0r0j5TpjKOib76wjPAFdpPGstqet8IyM3QkUL-tTpQUcaY3xdyCl_hFrhjPHlYv4svtPsJTesIMfssjlOy2YumHuWuNvw0dc2TgNn4YjUFvHrxSb-ZitkjODGaAgwOGCJbzdn5e06MxPbAirJAZ7VcfQGyqAnJACCZ6NZ2obVyHG7XHqobxOIUtc7aLeaICPa1L3r75b0HPsCaoFs1FTrHkjo0MMVbE6Hwj9Q4HGmHoAUNwEcnuv0YilM1s0RVcsqNkhzXSvhkXTiSRv07LcVpCSo2h2eE5t472NGYEsWvHNEv_8VV-3fAuTYvp1KBS2kH4jyDUyCts2iLIhDtJSzMMs-A3X-Ml_Ggp_wQrhxpY1HnqhvqcuLPWsrE20GANBVoqPbmmkeziab7kRf-c8WitmiiE-lV7bCKv4Ud8sRuENQ4Xf5GSlNqJ1rmWhFftskzRbBU1uxBUOuw7S46SvO4Fxy4hPazA9zDhIM3S9OV_r0c63d3Gz9E7bzhrnN3FfMv9OF0BjqkQZMByCI2S1-NUrIADDbZXFX1YnFprF4z27H4FhEkjPexQEfL-iU7L9skT4eCkHccXX6TQ==
Tromsø,47399,2,Norway,2027-01-22,Friday,12:10:00,napközben,2027-01-24,Sunday,18:55:00,este,1,1,TOS,https://www.kiwi.com/deep?affilid=mihalymisroriflights&currency=HUF&flightsId=0b77119a5168516ab2e8324b_0%7C0b77119a5168516ab2e8324b_1%7C0b77119a5168516ab2e8324b_2%7C0b77119a5168516ab2e8324b_3&from=BUD&lang=en&passengers=1&to=TOS&booking_token=HePPaRzxraK0MKNi-4e2B9ojPTzLmuSm_9NwJyUsyCzupNHa2EPdcFSr20XnbhesS_Dml22ElpK79rbqSWfHlPIQwtCk0_Gqje9RXmZXmZlnvhiVq6n1raZGLg0WjuRpCuFHe52o12F9SSjs-kG92UDxESQ_JaoGaZNyHZk4ttIT8ALRm3Sk086BMGSESfsyIqgDsgtn0HSAvSd8JFFMt5vWng68Rq1c2KvTgZqkgfuN77ZZKV4xis4NzGhDm7pYsieguZXeMv_rOD7EYBUas5HKnClviuXzlng8vrr_JlGeDR_EJ72a0YJ3x-edIJYyOyV49htSn-BqOYTr0KOByLTGIZmRsHq6ttxy7G-JWUwd9dIJPAETgBh7l4b8Op2EcjsPVSrY4oCWF_-EH92xKEu7RI63G4excXAxqf37-DpZB-5Ikrmmp8ntFiOq5c4i65DPoSCaHrTZIKnNJ1r1trirKNpFoTLPUFGd3Yy9hilKCy0ukUN0QQOeJJHMDvi8IzRPn4CKCYUPvfBpOrCpiw95CuBkTrtCKNfOm0fMMNqv9TgXoWxLnRleEjonA_JlST7unPJIRmcgDY_hOKAEAV64duIVscJsbBVbEYrgP-YwF_ZVIpA5Gv3Hf9_QeQPoZjzSeXUg7e6l5fFIk-70rFue8kYnVKu9zS9SnJYt9FrBpmtIHLdCnBVRLpXhNTXVhK2yMlMfGbrMXMkErO6P1nRwnMhfOEuJIdnNMK5aYGsN_J6TbBqvGBRGJR2En2QySWHyppH52t1mwz1TXowXUobWYJoZO2PzIFsK49J29wjSM7rQNzu5qOkTJR-uznCT68WBEr7ukodTccnrnzZ4-3OuQSK7Zqq6_dZCot9Hi-USDt-GVRXanhoqULIsRuFsL19zDX73P0bdcHQJtzCEC3a1CTO2kNu_SilvS_XTKMgndUKb8hFPsQ0N_dkyci99-H_wfNzfEzcNWNThqMg_Q_I5vE92KnCL6qSEF2sfG5dtov0lYEkT7QmhXkwSE9Dpclab29sFrJGUtRRCY-Ip8MylareJa9mC59slS8RQbL-9KwZrhrWpaXhvubG67uY6aL-Si-pozpe-ChEGPs2ic2OvnYg9kHhQY0NVZXtKQeFE9xw7Gp3WzctEs6gpc982xFjh8Mq1sD07usNpK2-_FQQ==
Glasgow,47459,5,United Kingdom,2026-11-07,Saturday,12:50:00,napközben,2026-11-12,Thursday,15:05:00,napközben,1,1,GLA,https://www.kiwi.com/deep?affilid=mihalymisroriflights&currency=HUF&flightsId=0b7718ff511c0000193db6cf_0%7C18ff23aa511c00003debb063_0%7C23aa18ff512100004a47a934_0%7C18ff0b7751210000606ae3b0_0&from=BUD&lang=en&passengers=1&to=GLA&booking_token=HsILCzdpLQBZVTBb2H5zjvErnP4iHku_s5H7HPboxPD8_3D9klzp0pUEHWFLnbNq9NRKgQIONNjX3hfBMumnuWx1tqxJtEpujV2Otf0SWZQBjQKNW71e3ofZqeq7krURx5Wxd_9F_KdC0JykYEvZt7CTU08XYpDYgSbuKZFFHttRI_ug077BEXJK1Rc9BiwYL4TaQRl-gnr23Gloe1j8Wa9reLukk-xDf7W_lhD9QFVGkqCdWM5_4RW5CvjfXwM_x0Xh3AkdaR05w6J7GE3kv1fNfb6ODt2LE6Wbbo_CHKwBiHrmBUIA9J1H7sVKd3Xul6RbxWqwDzGsScXkc7CMQ-YjYPaOXpz7zzRQgNNRBBdjfDS8El4-DKUlvBMgFWlO2vgP-4i8OjziDpwBhazRkYmsh7WZOK0SPAMpbz9awGrA2wenHzimQDBzxURqEPrX0azh0EhRLh2t7VJaK9ph0DUS8q-1eTrkzmZOkAglD47AZn-vV3CZUKsN-AHELMJeDmPpNg2KE-s1SHuEHXOg0lK2-KG6hgtJ2szukpoT37sC9m3sZR6BEtl-3M1NvCaIH2PwE6tNJCvjwIr835iZucVC4lieG8KN-3QhEA5yHdo7gfu78lutur-_Vapfhf8nhp7L54w02si8oK1ItdhFnkU-ehs6VCo0nuEcVE75Y0mibMUj-A_7h910zsWU8ziS4DJAaTuBsJ6ZlHadkoSaPIiJ6u7nAJOzp6IZBsav8oFBctKN6_u_h4WXdPjpwAs8iro0PI7EbNH3_xsIMZHG3PkKyO4-iWXfWikKQu9Bdl9_mhOasUpwu_CyxTzgIAx1JDEkBPin-JIeUzCimmu2ILgj3t1VvBZvhNXvKIWJmc_Jc1K_PIoVroM5qt0KXkqoigrN49Zg5YuBcmGfpDtdgJNXQ7nZll1cABRi2mBFCNpY2FpCn8bPZn-tGqLaImB6Uyvim-J23glZYiHxdhK0wGjv4H3fGvl-20Y3E6KTmW1eRxom9Zad3y7PDYhwDCf34dRiSYiql5OsBJ32X36LX6qANLGRowrTRXTRq4bE8Oo6NoXKTRilaiYETAjK4l0pQ0y6zj-vfVvbbYVtAr0EXi2m513J1qwCgOLyMJ1cxZMt4Xo3pTrtEbRHlnyenybTS2CkkCIIP5YDJQv_34FNHofwAkhu1KMomMxqp22ZhhOhok5NuM8o4EwIBGe4GNTnlAAEbf5JUZRhEOTZ8u8k83PoUJTKtvhBc6jWPAgjQhZUP75z-6ZDxn0NDNJK0NRe7kbIS-Al4IDF3gubqC846g9GDIlaLMaKJb6djzywugbtnKskOmsep02zYks2XSiW9R_xA2fBKKBKPCIGiJa46DQ==
Faro,47520,5,Portugal,2026-11-05,Thursday,06:00:00,reggel,2026-11-11,Wednesday,10:45:00,napközben,1,1,FAO,https://www.kiwi.com/deep?affilid=mihalymisroriflights&currency=HUF&flightsId=0b7718ff511a0000186cb9c9_0%7C18ff108a511b000091347695_0%7C108a18ff51200000623e6cf1_0%7C18ff0b77512000007f35c2fb_0&from=BUD&lang=en&passengers=1&to=FAO&booking_token=HOyacjyBIfk2UAklvYXCMZBfbtvAzcxPzDJ9t1pi0RMWxUFKLnRPWxx2r9rEy2DyHJ7IBGcnEFLEKB9SBPvUb8aTAwX_Um1lO_pszv51jn2EndN4nVmFObd4415ktgGGiyenbvI3EbfCii92fMmTWbIdMmjmc13pWxzmTVbpt0gEX3tloS94lmt3EwBqWl7bZx3lXKrCiD1GC5x7Y2Brio0aLzeGBt9-ABKPMEWBN6JK4gt0PJRQg6OZHj8jEYpLsJQS2YkEx7pNB8QTngTmJuFuhL7n0lDw__YZXp-Fp5e8k7lNU013zlHSNJG31Q72xzxNkVOTPWv3inl5nSqUSiLxh6RJdGg--JbvWIQaz-Pm_X6XwnFBbvx5lMssUXy_YnuirwWIDzNRDl2Sxv-uGB1ETu7tozjQNFfSA9LKJ4CIbwsYhkk_a_WhER3gz4sUoNS02DASIn-ZjD1URk9NFOWWeceYptJZ0cXPAHu3Xm-Oy7mKwcPuRnQicFIUs26KUGpDhLe0d0vU8rO0JleuRJTDI6G88I_jiVG_tcyTCkSw7WVsGldBmvTvN_rCwVB0ZfhCgu97KKJofFMJ2VGFjBIEZu-5oGOATxG0N_rh5sikMgdTEKYUqYjDj5PTPJa0NkXzdJSwjET3Oy8gawKQnjTuexSWcyi_LuAAyyeJ4MRCB8QQLDiyLfhp24KH-_Tax0-dCULUN6z96RaWQ8OeBCR9qXYcSivHapoBM0jw54nv-Sly1BcJ7iSD3Gh062d51H4I5A7ROWN_1MpVM-XMR6S58-nsHp9nSXjl2UFBouvvMzrrEXD5pbPbd33XsNE6IjbHTwoaklS4ec6fKp3aSvVqYWVnAIcLK2XJECHkI4bglAqrUAvsyCZvAhJw6zLIF8JIIRJgoCXhnbJ5xdIKgtNx19FwBFB-3CNbkjrE48K9OHCWgi-dmVKufX-HqCbEeCsEa7jkxuF21SaQEZAe_xYWdocEcbD1QXxJownEfkTvknebYqomUMUce1OoETvqJYkzo2WpoEHe4nsryS8F0lMga6Eabkm7PlcmTKoZtQGchrvQGEKMMHTCVD2NBqwHRSfhQgsXW6MvFtHzwpI2EHjlTqckQ5Qa0hhcDWHmoVS-6b9EEZGI-vw6UeyrhXF5NE26W5CxC6rjgVfVIZ2wPvfIp8yz69lYFFuy5PlvC8pJA7teD3zgJ2sCoz-58IAA7IWW5SkqIPfzynKXliNmPTAhBy5V01quNxbvmkbQqt2JE-TvKAPSAX5BWyqgZ6nErZtUotoei3d1uajk76dr_cK5q1yq1YGJEXQgqe91fUDJN3WQN8CoPCBdDW0yXm0JCuNfzEs1NoVbelFabgD56Bu4_Y1WH4Yo1QsVtt5CLsmA=
Bodø,47545,0,Norway,2026-11-18,Wednesday,12:10:00,napközben,2026-11-20,Friday,17:35:00,este,2,1,BOO,https://www.kiwi.com/deep?affilid=mihalymisroriflights&currency=HUF&flightsId=0b7713d451270000182c0bd0_0%7C13d4049351280000e78265c2_0%7C13d4049351280000e78265c2_1%7C04931cce51290000d8b1f041_0%7C1cce0b77512900003e3d735c_0&from=BUD&lang=en&passengers=1&to=BOO&booking_token=HptYid0abeeaQ21IkHoqG1caS759Cy3sKEY9jIf6H1OyPfp69Im7vajJ7EUe3_8VpmW02Ij_nOLWXQCQbsAo8M_iOqGpDqDj9KubIjTHZh0kavXcBC5jG_ojvS4eOQzhcLEPAzEl-G3N3yBeRlWZxKHn_zQiepCREoANsYKzCfK6rmKlnkNg3UnH6stUBKY6uNWBNXGruHhpsMwlZhr-HGEnKFAAgQPH9K8ychSZy0bk-7UgpKe23PVYW0wxYcI2w2Hc_ZZHI82G6lIyRzChflInpHGxBzLVADFRhjLNNmGKhwUAJnCvk_eYYC_oSlL3Om5CF8xgUpm-9Fb6-iLR2FZrp42QDCv38xQu-sdPZ0pTT2pn2b2Ikurs-srd0qHEs4hvEy-ueqUqkvDLpc8r-URXBr5j8rpWKfuMqHbXTATp6SZRdQpNHUrjbP9O7rQSa66l6JUJwrD514HtOetdbAmLurh4JHgBdVnFy9_AuEnG63rG3hc6hFBuNiob6JtMyiGEJmQ-0KDxykfrCwQFXb4-ElhcUT1tzr5cNKbV27Hq8uSsZTSbyxLgWwSZD9HUbD7jxUtpaUIm0IeSssqGkp2OQuYZ6J3XAbFsuLiVN8azjWaAb8wbMM4rB_A6NKQBj_BPsYyaElUdggfbe86xo_s5W1SBZJQQc-UkbCyOIHd_pyDmVxnFJvwCd78il1AkC2LlkMzI1kHOQfCAXk02Kee5MLOk5-NXRWoLY1mCvGsvElvJmWZPysm3W2uFrtSjwHW0ETZmhy85r5oXF4vfbvDar6HnIYDrDyLQgstNG9wbQaCeprUEqstjYMAdtT6RF43kyXjgcwQ6-uJKRXWEQ4abm40-H2BquBXTZ5sF9WR003K6DeihR6AWLSg_q2XKL_6DFVDa8DUdS-t3jln0xSkFVwkMeptaq09CDiqWnE68VyCa9_iLT6W2EAL2URBJSEeOrWPY6sI8qxbOnA4qf5juLHWR1DFb7TS2-H11z5UMroVW1xPozU6UTP9Z4sHm6w9qH6olgJCzApUw3_BTaXSYrskgLIl2TgxnZ3wAR72rvC1HB5076npgv0je0NUS3UWEuTKDxdo_Ed7eiEFcNGux9h6I4AIbnMLxrayacvjD2e1DcArTVUFKGqItuMFoQF8-Oxu80jkPbo0aVFZAENhma45PUvU4cRNBew9D8AUecxS_9lxRG3J9LWo4ecWHctpAJIOGus_Z8P0hcea4ATWdwvBFc4OCH21hSwUE5SF_px34OYnbQWADgwhx6B80BuopezYZUSqnTkQ4r5m9S5nrz9_c_hsZ3gQDRB3KPMTJaddDWeSoNu3V5Wc96FlO0fL7UCe13jV7PrN5ELgZkKHIpgjg4p_DSrgC-S7p9z7RU4ouHdFrLZzXsYeOgIQzeMA0gKb1WuITrxW_sq6mZ-kdoIkfy1_gRbEFJq3yow2U=
Tromsø,47558,3,Norway,2027-01-14,Thursday,12:10:00,napközben,2027-01-17,Sunday,21:05:00,este,1,1,TOS,https://www.kiwi.com/deep?affilid=mihalymisroriflights&currency=HUF&flightsId=0b77119a516051633dd3cd55_0%7C0b77119a516051633dd3cd55_1%7C0b77119a516051633dd3cd55_2%7C0b77119a516051633dd3cd55_3&from=BUD&lang=en&passengers=1&to=TOS&booking_token=HS9eylsLJND2bwtaufNpgb5THcFVeLRGYLg5aaepaXZZF66HcZz9DYMGRMTCCAwR0POW779oAv3Ao44TkEGeVv4flnhi731zVmcJLavqqw_rlDGnH6QHOd-6rFTMUmr3Guhzg-qB8nsazogrg1MGTO58N9gnQ51qv4gVgvekx3zk1SX_rtUzhOjeJNQaCNLJkYjaPuil-xUv6Mi3dxtoS_GYmFmWfhgYEE9pRvquIweoSbvuYDMYxtvjbWGoToBNjtaNqCTwkvZDnYcQGzQcDA8R1Ox-mHH7dy5BLEgD7XsCAf6Nta5lC7tsq_L9LK5zdKi8F8M4tGFT0mSEv_XcYQ_RX_y-BQ8rybFhwdkkIp6HWcSYN4CmD1V5jVZ2xy8faOt6naaNKoxUWwnyfTtr_jLkxU_NzgPeQ2SZdv4DBeOLpy0Uyw5bqoZWu0t4VyMJ8XlfqdbdgxSNKPCYuP16k3RP0Ab4aF6f9Ug9HMHGopoZNxNzDokEJFbweWfxXboB7dOa8uSPm4tccTtaJ-4d7wVXxRKcCTr3cR6jwkFxEZ3MW0G3kOHWszEOTC-tbk8SHnbfLf6Fdox-iirmxgggCv31MZqG6AqPzJUOsRHMpvlrdqcoe4AL7hQmEm4XentHPYM95osMn4oEUQoz9u2u-n_AcMx4Qd4_wmycMiCBSQSDchyFinzznL8JpuezpgAjEoaZsvgtpC7qcr0lxv1-CdCY8qbKrlP0R15IXFZjxnxmWTXfztqzCVy1P_yVcn7hgMi_cDM5w73JcKfuybCI0tToEMLOP5e1IQv9WMGg4Z-3F0tvFiGO2yubzPmmJq1VFnvcMP84yhqQNbRbUGrbC8WFPBHGSmfqWG-gbQdySjJ5Rb0URG0z4HHAk_4KJ-0pkYjcope8DhCkj7sQIE6lezu2_Lx0aSD-GeExo-HO9i2tNSwiTDmn73uIdCVeQ5NnJDIUwyuGqFxTUgG5IDCk0eYbDXUQ_sZh-ooQ8FnOh2lHEfkRPJyN9K0bM_KBJ7D8dDXIOldQaO0nOZGt07b4poq858bPAICnUZa1TZ5vBZC4DZCu2IBcMW9AVf3BgKCn7MeOUxEGAc5NA7zV9QPuzplKmsEWY9_IDuEKa2x8lxSsnhI8V5GnoLZ8E-YKrLrR2BzVl97B-G6oDtC-F-vdjs3olHBdBqoRBAdKECboLZMs=
Szczecin,47651,7,Poland,2026-12-02,Wednesday,17:20:00,este,2026-12-11,Friday,10:30:00,napközben,2,1,SZZ,https://www.kiwi.com/deep?affilid=mihalymisroriflights&currency=HUF&flightsId=0b77078a51350000bcc1f8c7_0%7C078a1cce51360000c554e3a0_0%7C1cce0eb4513700000764b374_0%7C0eb41cce513e0000b3967e29_0%7C1cce0b77513e0000caeb0217_0&from=BUD&lang=en&passengers=1&to=SZZ&booking_token=HRvv6p10uKLEIzgriDf3a5rRC6iwlp9HDZVnw9KO2xTBo_nZvDubUpGtgmRj75RCHmOHaC7viUWaskFgHVtQevcZ2TVXQHlfAofN8diBS4uGKnW2oP-4K1qnoBvaT7dSpIrlOIyfr8jQnA2BnzEiioJi9mxkIWLioSLeoe_0F91Gk1k_ddlefeIklpkojUB-69JmU28h5zWkSSqTQnc9CJ5ctPGtybwJG64eAQSWdelVP1iLhTKWbTEmsft68N3izpaPhiSVwOml6tWOU7_GxHsOPQzzOgM2lNls3grAWLwbntWmftimv7UDVauWtx6arhV9n6v7Fy-OyfrgfcPOGyRX9F3oB51g30XfpaEd09vr-X5aV0XoEpNIxhBSDCBe1J4BTnS8wJPGwR6xI_hpFKybxIYAzmkgG8xnsuFFcEaueGu5KMX98vI-TqR4UMp2R-OMb6wxJzHFzwJLxiFoPWz0tt62bt6cgxOBCXshjE1T9dVrUExDT1d5FSVo_esBekpsjHXz29KeKhTuJTnG4QADzlVeOaATU-knwF9p_oGeNMSWH7cYEugENH2tfBNQ1ZGRcxsWbIo1UUEk1QPAQqhjOc5PcQy06yTLle81GJV2vFEbN1oXKak1TH8WG5DVsxBAveXBlhtmp5pR_MRYrFmxMB13g5GzaqB4AUE5lfpDaAh8o4fJolLOVe2UrT2hmkF2KaIsVhFk4EVvCHZiT8P9VysKVTPH2xMyFnYThx7yjsSt5RB3o5bqv_e5jXte12PtA0OUK0uCNdXhhAQB9spTVnqC8zg0RtsnWwqwuIG0QfPEfU2z1hhLSMK3tTNHQpcNkDHS0SWIk1_NOcwuNR_68P693RDaDc-Ai7c297LGZoywX8ALdLr040ypJWP6XlpOTW99fFBSz63oSNuX6EXsk386887c4PzulD3uD6C_yK9R74-YrMeAj05g-P9kjsA0t-x5wlVq61rMEK_03QqQB2KFOORwDL3w1lIdrOrpDZoMZM2axxclMtXeOOPRkNGS0k7rKtoZBgvlRowhBEqBRyiZaLIDNArYtGEdW52zkQ3mD0Hu53Ax_nich0M6_3bl5F-op5aKmc0WkSvcsHULY95Bubv2R6r3A54PJqFScquD065UWS3d3ficBmk5JNrLyz0nszijvWSsF5HB1tuaKPcgI_0umH3zQ55rfUN2tqNnrYqLUoVO2ooG18JxwLTowqsnP8X9vRDEvMT3Ds3Wu6_v41KE4uQyOSGixLRbrAiJD7skVPJs06tk3UiYadRpq26LvFJ3vvciJJce1XiCtYZAFqGf6_qcKqXrzetiC6aSvw7G1e0I-ywgJNHlgVJwPEC0qqsJ12oBPL-RqcpLmjbWhARtS3TBQtN2p-at8N-bZlD0R9kuqG1ZMIZV8
"Plaka, Milos",47692,5,Greece,2027-01-21,Thursday,06:15:00,reggel,2027-01-26,Tuesday,13:50:00,napközben,1,1,MLO,https://www.kiwi.com/deep?affilid=mihalymisroriflights&currency=HUF&flightsId=0b7703ab51670000aa624c24_0%7C03ab208351670000c7dfc297_0%7C208303ab516c000056fd339f_0%7C03ab0b77516d00007015e48a_0&from=BUD&lang=en&passengers=1&to=MLO&booking_token=HODPX55uRnfbcUpUwbZRJr9M_wTsaFVpV3J87fvwkZAKqXs1-iMOBsLAnq4gLhCo6V2xE7841yjj8DuQQv5V7AdNT64WolScJyjflq1FE9v9Y_GiuGClNzZ46B4wDjY7OsTkht42RCcVEVf3BEowftgqK7xJLLgzfXgaxzLekSoAibDLNc1Ls68IyL-O7DffGG0uh2YPEzkpYwHrBH8rN_C7lfbpRshdKx3vHQVwQEP_xWIzMGdfJqS-GdRRzhdDzgwEWgFGecuSeeX-OKb2JQz8fv116sM11RLHrp8Gpp5PoCcvPP-Y29zy5hJeltP00N2mL2wLx50T0Cb97fiVJ7C8RsdHNtpBP9wA35lFe6ZvHje8fkzbXBkH-GtUYCpYFM6M94GxalogtmMqZCgx89JUVgFJjaPUDJpxw7Dts00MCevPB5PaXd9gnJWAWkl63xY5NK8mQ2LmmUTuQzA9Zwxi5u4oGEJgwD-oOXOLbu2234W7TSGrn2293AjH8aIlcWWg-hW-mcMKoTRGoKJTZ6CRiZKFF8Ui2_mHKm-uAJY-6i7Kr6LZSvxiGUjzzykN2bosWBakqY1CPXfIkA3ymTs8H6L4gkKwCOQGLml9eWNBSXIKXot3ynsHS3OL20gY7YILKToYim-UOrr0Xndgn-jR4pw8SvXu67pEhV6uMEL_vaLdbkghW0NxakShgFu-sKboFsaGOKDdxoBcegZzib2OY8OImmYOohXF24-8pUT8x_EuDxpeiOceHxVbwuT6pcrjo4UTJOtQhk7GM0aQ1n98T_S1463CG0Bb_o8naXTZFelFsNnsMuqIA7WgyEXOYJxGA-NJvHn0ocNqE7SKQRh9YdV4GyPAR-5ThA9xj4HP_T-sDl1eist7xVpCkkpbxqYC2lul9aOflYYT61EfhzrBFz7a7w9jNVoqkZMI92sVoXqIKTOXjaOQW5_v8jNkE6FMbxtqg7tuTFLwB3q06gBGKI-yQXNTwPeGY1fB1BTWiQXOPCZ5z76GMmlUOC8E_EHXKqAxPXiEnCXUC88u1BDuuIAPdADHdSvuD2JgQo7zXkhBvlGZ1uStqBcCfCzcgoSzn1FpoWNL_YAGCrqtPvXvXbtgzE0ahUtlWRpBVRb-VS4n0WQPH9FwNU44ykQTrqxL8_afeWkEhLBfrlvS2IoER4YScGZ0JETO2Wn0LO64g_-_vNrBNhtIV8aFqe06BCF1C3qzHC-X8jZNGSOCYOQv0reGWzFzh7dYqcJoRX7fScGucqDUHHjnzDMAVkrzDew8Ai-fV-KvMxB_Lxc6mNcG-5YE5R0MbVMhKsVAh7S_R_8uH99AGuyuUjLzoAb0bqEaQiT_3x9QFnfmCKHl4DA==
Naxos,47713,4,Greece,2027-01-23,Saturday,17:55:00,este,2027-01-28,Thursday,11:10:00,napközben,1,1,JNX,https://www.kiwi.com/deep?affilid=mihalymisroriflights&currency=HUF&flightsId=0b7703ab516900002cb75cf6_0%7C03ab002c516a0000eef5a57c_0%7C002c03ab516e000079a0ced9_0%7C03ab0b77516f0000ca71c213_0&from=BUD&lang=en&passengers=1&to=JNX&booking_token=HxDSqE4nA-p5ZQ9tZdM6VQc30fh8ldzAvHGAXn6akFf7vU9tSek9N1B2lXg1L1H9FcQlECKrAScXDQT0cSFImXZreFfyvsFNbjnw7IsAJGHnrvQzINYUr-7OZa7d0eR2Hp67QcNsZNOLyz79eeUgb4cMQlVmXFihWrvGoyUxuTb_oTFgYqWcHM8e7P-hAvFYEM64YsHj8NtEdmvNxwAttDD5H4lHtMXbEcK8Cj5XBVF5L6JKsiaxRcYtBZ_VfGntw7p8NdeI16Dp2tPmjCrPy7bkGZnEYjIq5GrAGZKyZsIKVIbX-T5F1mxGsa3a4VlsO263i1PAlIGvGmM5CdJb1facBxWZcxFfdrE_3BMH9sgS2RHeaIjjboW8lF_CmZEr6Riu7Vzqn526-MrYgJBfKN0hIMV99zMeEoRFyVsFkbNxlgBeUg_Thdv4PWLaqyMYHAD_YV3wj2rHbRpFdzJovXjhmEh09TgYiTdziGN4JMDDQvZM5j1JaPkp8CMZorLQZDSBmeV-kXJ31nhysfi94hMDMVkGJAZu-nwBv246BXRE547ho8tgTWDjifi8z_pDUm5kGHu2KB0J2eTExtLq94U_9gA035K6W0HBQp7mXw-dbAaUvgVFHqHRIzEOZJ0OVO_-b5V23xf8Mwm-16yLZZhq21_RL5nbEV3gMJe-duPuYafxo5XeqSf9WVeNYhbjirPb0-2k4uti5uirDlJzSQu223uKZsRCuP6SA8WCtXWCoGzmdmDhNCqFFxs2FGLUTgsjYTAlL_iapIjpmIW4LggZe9OhLcYQHaRFDW6SAswN8Wu4OX6tG1dfRVmMq2SInzNMKaztYBqA6RDu7YGB1hQrSzgax7h02fXzH6ol-neKi4gLOgGBFFGlFabNtwIh6ufI293x_hv4ZTYgpId185T6IPsXO8kJbiK1Ag8V4QMK7Jw2LchQ7VhP25wKgMQtw3sg77aizK-XtJmb-WjBmsgUzE83ax73BGIFtFHgA2KAT3OwzLUb5kLxmNN1UN8ZTL4b318feuV6rOSGOxlYYjBjPT6kbpWdTPpYsWFstiYREHtKQSMFA6fBL43Xtg5JiHfs8I1RDD7_TKxEN-RfarITXdV9f5uXrwZMxAzBQVAxwyUQB6fiNjonSOJpdjYk4c5189qqUEsWHj25TjLoTqF_w60T-wf_HE0_aQ_gnRRrtrGECKJoT-_0SRYAuOHiU2DAtxKOv39_mvgF2Cht9eFF_rXTN2bdxGlKmRbiFhGGJxnL8V9Q8cnGN47f0Q0faHFTZ4HEtqFMtcjU2V_whqKoe8LxCymKGm6tvZ6RBCeDec4XoFo4YjnOsSBzyw5mLP9EBIExwBeHK12A-wtyGK2YhYVRQc9bBvgRHd2toPYg=
Saint Helier,47721,2,Jersey,2026-11-13,Friday,10:55:00,napközben,2026-11-16,Monday,13:20:00,napközben,1,1,JER,https://www.kiwi.com/deep?affilid=mihalymisroriflights&currency=HUF&flightsId=0b772045512200002d1b3a83_0%7C20451b3451230000b3d4a30f_0%7C1b3418ff51250000c21b13a1_0%7C18ff0b7751260000a8dc26eb_0&from=BUD&lang=en&passengers=1&to=JER&booking_token=HxmYeMa0XR61ExOvG7eJx9dWQXAH48Ru_MvH4rIAEr-ucTMjnGhK4Mh0hz7xWu3YfJ_VfA_wu0M67vp3MRc7gYrF4wmir6hZuUtMtvfGd-VEqA5byewld-G9Z0M7N_xQyumhX3u71bHVSNv_8t2TS_nJ429WlWzRQKHOvuQnibqEEFh0HhGZmcltFZluPc3aqnx1hMvx3HlQgo50Ixx-j-qhnUOJ9kPglAhVM3-0Su5yt1E-HgcLcQGNDlXaJUY9-AT9ERGRR9vd3jU5NqobQygaUIZ13f-sdTNrMV7HvVGBIUEo1ZUgq76mr6UUeI5TCQoR9Jc4xrDouL0RYX5gIIxohK0ZQit4ZOECwwot6o00xcoLiSu0NlYSkj_YVHfsuvFPSgSSh3M0igKniNVxFIc-0fy1ltNHahbh_jtYcV5Gj2tuH3M8SSKOxAaYWeG9pQIf81RsZTzeBu3v7SeIGCvQ8qvVpry4KETZSq2UDDrTZcrTRKots7IkdB-FzYJ3mflbIg44dnpvf-3UTXK498QEP1UKUWTD_vGMwZ8q8db_QwA_0gUmP7rk1q_SZwCJg6MLXTpcB-1t69jTCfaRXtLvggIJEN-JcziF5otY-BmjtzocJ3Yz2RSohNuwEplCKteuDdBhaIHHt0Te1pZTX7GhTKHnheR3j59anIKG5gOmk38J-PNNKU6RjtXsmA0HHV88xIVHnttUFZlOjauycOyj6G0YluvqCVf4IRC-ftKlmN96xLmbavaiurxyWG6dZJF3GvbrCei4oBXjPwOcYxSL4zR4-VbIgsNiJZdxreImv9GktV2poBiZi-DhcDB9pzi8syteERJen96D1xlAMrP6K0ODJSDqY2KVQHFdA1-VTZ-uj1VoAYwO6xGmBN1LvJWnvneLaiVBVnik3U2KjvbDZ53Dt5Qv2KB6hE3nJw9nBG5kfxTY-T1q-e1OnvTE1pj5OnsLwtEsiJGWuRimO9kFFJ2XwdnqeCriow0UCC9wPVZfjJE_-vDg4nXi4ug2tGi4_Q8RTuWv_kr4YtXd6DQNOv28nJuVUdVP2NU_FWL-qY3WpQhDp6DLP_DD3YOYw4JvCtAumP0JnpBuZ37s_zxjSGGAJu6Yl93PodAXIqAPZ1RDr1fQwUf8HOyZAJIO7ZJCRUdbECw7wln-r8ptV8BRFBpR4nLOSmzi-e5S9M5UNOBWv-wsFYleyxzL3B9atrFfaDRBycntNuRytFqx7LgJZgHmUaGwO10H0vJsrVkdiLXJ38belsa28yjWNWvq3IM5K_lO6SOdTZXP0G54bbu77XfsGCIEnebfL9GuYLd193FYz_05lYeFrUxd-bNB_gBd4xjs6dZIKasTDBXRmGw==
"Plaka, Milos",47725,7,Greece,2027-01-21,Thursday,06:15:00,reggel,2027-01-28,Thursday,13:50:00,napközben,1,1,MLO,https://www.kiwi.com/deep?affilid=mihalymisroriflights&currency=HUF&flightsId=0b7703ab51670000aa624c24_0%7C03ab208351670000c7dfc297_0%7C208303ab516e00004647f8b0_0%7C03ab0b77516f0000ca71c213_0&from=BUD&lang=en&passengers=1&to=MLO&booking_token=HDOtuXwJcjiD5KP5BjpLBm9vlCXjsgsm6JOISgplRGofTXEAuPYUYq56v7BUjYnXZazYJPhoOQei2ubV9RQny-kkve3toqkMWaqIa0MVKyVINwOGSgtiOYs2B6gxBvLGbJwSsBhXG1Blktvdg8dqOfBeAm7YHgWIN68s0upTuzN1FT3L6ZlhkdVRsIJKAVXJhME3QquYu4VfmwB0hwDgM0DSrT4ogrWcR1b0BAOML7TAfCFbfwSCSBu7tGPAESZ9vr0_djisP7W3ld9_Azr3zKPd7I3bd2HUrnwGFueliF2t3fugS8_OnThcD0pQegOkMsKunZZjxxB9vREDK53jcg3Y9D6VcD-DoaepCFAxLTT08e0VbwDcGtkgmi9wPVTfEZxqtTfBxeqTE0pust_S32jiZfbRFz5fw06grxf3hsVG8PeAQSTuqhlNbfM1IE9VWfKeOaw2yXCL-HxA2JYQWh5IQm0Q5_SSWXv9DsVhLZmoDz5fk9pP2sSulRLLbjmxZ3GAPehhwyZEduItUu6TH5J6gpD6Qqyjl1Z_lSwz3byJILiwXKrNt3PEZtrI82CJr_ErCLN71PwAipPmVXLFEU89RDr3nhLJeEtzE4an9_Kfb55ztxFV1djnyW0HMhFN6PN0_PGlug2U0YEt19VVtFfnAqbCqDW2mYEnpvtOerDQSDRkCygBKbbzfSkZMI0czKKMCZsThvx-XuqXm1M0A1WHEHhJAsLAgUN8v5xHEVs0n9lzj2cKkZdoYx-Wuv_SfcBKeR4xVufeAS_VlYHgsPRMgPZwFdINEHH4QeoxsMpDSWP-uUct2ePK15AGBaedRX3_Uf1FG8OZ6ycRiF57qRKkrs4vK3CZHOLe1weiGotYishV9YMCRc0DgydVDgSoWYlg62VBv2Eg3lhCG7fYti3FJrRezz7b4Tz8dt18W_0zd9x7RU9e_FDLh7BhVQUwAfSGIIksDlUmxJAdZ-fJD_tRtQqV4Y_QNrWCAOoENtS1Y1g1Jn2pMuBCyscu704vcrTTH6J9UuUGP4VlJIZ3xeN6LIlpBKCaa2X-qT57qzX8KrhE6P-jS3pM-gfhiqWnEn_kmkl5OJHsrAnKRazKGvAEhjvh0caJePbbqSBKl61rFQnoqT4nNb8V56zAUcIchLRDWB7WT52_mw5iCoMAW9jctHmYyaxvDL9K0jVNepJqQ602rGu2wVp-XxJb7efVF2Q2yGq-jo5sKW_o_YAOYjnuLzP1u5gHdyXsTX4c7WHj9S3BJ7HeqEpuo2eLCBCupHv6sdjAyowbWkD6MBm6d1S6obTV7qHbOpqtWJRcM1ZetAQMPxsuXU9W4JjAPXOKDXG4kxXBr0K51cTV46NJXN_LaSWz9fMnsV5iUJlWSjWA=
Naxos,47831,4,Greece,2026-11-30,Monday,06:15:00,reggel,2026-12-05,Saturday,11:10:00,napközben,1,1,JNX,https://www.kiwi.com/deep?affilid=mihalymisroriflights&currency=HUF&flightsId=0b7703ab513300000da57ef0_0%7C03ab002c51340000416b2bee_0%7C002c03ab51380000f1f37562_0%7C03ab0b7751380000b2450b11_0&from=BUD&lang=en&passengers=1&to=JNX&booking_token=Hl3uOuPB-YcVthQy9kcxOVJO5Jpk2RUyOiWA8JVqr8-4aVpQmTEBnHGRO8eCEDzWCe0Mym5fbMso_K4wRxf7Egjux51EU-65jYaqoMrsrrE7S2hqqIX52hk09PzCvug76ZNMjYCPmYHHkt65mYoxvvnX0qGBtV43diLk98MDabIs6oA_JRqotAF_DJ1O0I2K-dd1ZXir4hrUnohG71K5sQBOI4cZv_xOEq0aqNIUcK4wdCtvOYRkF1eBemV4AApLnHG8jLVgQnlUjRvUfokJ6Np_z_ntnMW_bcGslbYc94wHZ1EEXpkQEl2_YWP9Rl2vZWyjXJpKiNWEqjef3cD02wPZdocSGZ5AxN9zoD_kZwjfLdMbBvD4Vn3dVCE3h1vDWJNpky959AGljIsirwvCivWgNjfRXbHgM9Y3PmGqycxCJH9Z6chot7ujFYfYNL07G5m18UCBC7a8nLF9rq9WNGiUZKtx8w30cBJNOLikyKCkh7yd7Jlwc3WRYcFZ4rzFmOO_7tRxR92T71oYwHJuUgIXB_ZzAKqwTkd_UDu3EKkjoegy1yKzzZumwEzKC-yjSJEO9fB7qdACpV7eGz8t4m7QWBFKpgWDiFOYtBz_ywV41llWQFVa9Elv4e7SDGux2pVUzm4XSgJFNKdxscSjwLUfgPB1lt3uJQqBp_bMvJmLfbcClt53RXrapTaMDr0CLRhqW_aDq_s5g2sYlo3ZT6EJYkwBYeFBxHXG9x2V-9KSJeyAQctUCiy3fEJCO371EKYz3V3jQFDUHq9fdB8OFZpphcLbo-YtO5wtYUwV0ejnRpq7lAyDgT0gT5zqIP1VuKrK2uPbEcXcReSGtx0gY8J-pmDUGurDfO7bf_Al0GidxWCtli0J5WRwtiLgDwB7TbvyRLs7polCx3E7Y3tOPx_xWY4sjhfiKvfz1AkpLckw0nsp5a8BvCN6gr8KcE_uUd6GogD-mF0Fg8sKFTEfLU46hwcKD7kh1QYZguOH_z1IiqHMI7azoMVirocWQLjg4TslVMfotC-M4xok8gqzfdTgoHNd-rhW7h_wkPzxiAoxjq7dOsh4CcIXJHKJfbrxB_bg59MSCv_VazdUg5XEm7HzDXs2-fzqWUfg63jJ63lZITlZswLxQsyf4N4ES6YD3YuUxik6LeDBCixacZ0youKeW03G7vs5YMMc72ECgEFmgdnsWzDHnvzjvVajzm_acXRzSiFW2jP4Wu-nTMS8T8AlH7Pyj1k_EaECTNyp_j-MZXZEEXsic1ZRz739M_zbkOHrjSJoIuz09ucvF20zozqsgyutVkLWvcaao8LcXZMr8j7-CzahiTIbdzABaVBDdOHGSeUVpcUosDjBJI89pmSzu1d5b_LeCd6gRJ9_XLss=
Ljubljana,47990,7,Slovenia,2027-01-07,Thursday,06:00:00,reggel,2027-01-14,Thursday,13:30:00,napközben,1,1,LJU,https://www.kiwi.com/deep?affilid=mihalymisroriflights&currency=HUF&flightsId=0b7701af5159000022ad3b19_0%7C01af17b451590000b4d4e674_0%7C17b4251351600000243112a7_0%7C25130b77516100006f1a22dc_0&from=BUD&lang=en&passengers=1&to=LJU&booking_token=HUJtkf-DiZIGtnpIwH341YpniGhDCmW1lrsJ4Bcv2YLpqLwWAre8vBQAnCGiy0ZAGJOVr5G1Rgb2g3MGPY_4U9wRIx35sRNZ1OrfBs7-hPZllSsvVdwnB9UqGibP0HQxNxpQDSPv7D2CiqBMYL2NnoVMVLu_oSc8VkWY6Zx5BX9KNoUM03ch5Ueh9Q_cidunNuthIaUYEeTMbdEZXqRKJc7SkY62WlbnqTN1e_4asbpj1ZmDWUxbDb273ZV3VL0ie8sYejWBC4Br7ESXjnI6RiMxiPK_MBEaWeJ7ZdzPjV8CUvChEPLeYr4bZY3JKHsnfUb7waCzJ46ds9OWsaxmQ0Tt8HsLcsuE0L57EaVYwZWquiVPrW97r23Hg9r_Raw4fPmvLj9NU5hCW-Xp03gbsQlBNEsw4oyXllyQac8IhEtrWwRFQt2aDjmnK0LfdarYJTcJtKGVjLax1AizSlx4nVnncFIt0gZOt6uDoZc-iuzyGBaPoygZW37BXYSA03i46eKNtOaSe7SKC4ljY40XKn7mdeyIxEl1mMBPX0sEYnTnru5t4DAaQJDoiPwpUQe7YaBfpyEwI9cYko-JhhpXdeSXeBCG04vQwn5NCOWijpojD_syMc7M6920b1qA31iP44JAxAlybW0UfUE_RZMMlyvhTLha_GTc_-3SM1L3sdFIbTn_qJNSziYtOku6Y1r7v_csXi2uwZPC9hob7tWFjS6SLaskRvzzRGYqxaKY37Bd3f35-FpU380XlMjIfa250va9FvxynXZ4YLUejKw17Imsa8itcCUiUHvmYK-6VT48XVXSiXA1F4reVFzzv8KmFfppflJto5jIbuPsVwci5u21Bh0Ifnl-PDt24gDIpPIJF1hg4zc-Oe8aTmbf3FhXnkBsPadG3TNsV3VnfzxlLAIBWbGvqGk_pQ8TJXfnJJty9v5wJg1cLiMwz5wFHMlLCorniCbyipsM0NsuQre1uLYU2Q3W6-qg5jWa29x-zyWrXGBICC5xGQwkdkw9Rnj5KAe2LrkCXPxkeGLnY0Jsu4FpxDSXJIo5v8t5PFpIzwao5AMjwzgmMv_znopqqvG7ZnZD4ScqKhHfHnFToenTsq7U1mGCdwKJhGuMHJZ_uS7ERm2dV7q8xUiwOpUhaN6M-Y-5--N9NJgQj7506FVsb0ZJ1GFgGR6leQEPx5qN80LjpgCd0RI1gwikxeV6MkihkYnFjSzRX18IeIG9yUMJPfqiPCvH7BXYOzGFwDIQfDtdt7UxKj4TH7UB0LJOLfyGyWnCCenj6PhYeJDs8v30GaYqF2qi7beflS4HTy87uKlELtYZuEwquVUv4aNwT1IwVoKGtggJiq-Gxj_uaO7gVzIh7IJ0u8xyMthWztH-daIk=
Bodø,47999,7,Norway,2027-02-22,Monday,12:10:00,napközben,2027-03-01,Monday,06:45:00,reggel,1,1,BOO,https://www.kiwi.com/deep?affilid=mihalymisroriflights&currency=HUF&flightsId=0b770493518700006cb2308d_0%7C0b770493518700006cb2308d_1%7C04930b77518e0000ca27d560_0%7C04930b77518e0000ca27d560_1&from=BUD&lang=en&passengers=1&to=BOO&booking_token=Ht9jDsA9CO6CbUQQxNx0NMriICdVj7ty2-m8b6FOh1UYFQysBiCdqlxEgrh1Rc6VS_QxYpynDo5m6SBjBrZ5yWoAslkzmSedssAqQTlxp2be4fpiOfnjJDI1LaNacD8nD2Wvy-LZ6PjqSScBlTvQRilFolMwOVSAc3I876GaD1S69ms7cbriW_bsURJhd18LDyzXmIknvQEOrpEk9gqrnuwDrzZFt_esdsxw8fgEHeIW79-_uvprG0Ap-pBTWQT9coQjfA0o1HiY2cfYYV5FtAl60F7CAEoxRZPEi7V3ryMXEesX62NQc-ZmyTsBljM3q-94-12MwcQ17unS9zi2_p8Q41QU9_oCgtdw0961htun-k6PBzfpIUXNR2e_mAIt8YrgzwDPzq6OYGUtQA-tO7xIF42A0v7ccEJkJqkFC5rEooVwbr6zN7zqmpX62COqsqSlaj8Lp7B87b5bkan8HgJT1L4bM07DdnAG8Me5Xbl08X7zTlfTQ_sscHRbm7N8j3RlTPH9I5YBA7JBq7xlQ9nLq4hAUbIhBN4wT4mbyZOYLIlNb-aCD0QrY5mwqjB3_yy2z_TinWqeumcg6psztRp16PXCwtpopZXxp36JeajK5Np1zTBq6kbKSDO_uTlJ0jjtTuFA00WG17uIprEcwu4LXWBD9Vak4Qj_B31ezo0bDMGPR4DGIVVcWGUlLauZV2xrURMxNqkb_ieTpCf4ViRVINnML6y0eBCu85fUI0uxkpoWzxwd7WTN0i9wtHcnRhquX9PpCUFvKuTTU8p1UQh0d0MYqNipCL_IcFeHjvyZzM41uMFTZRo0RkMzKR_5KRP2tSwVV4ayaY5qfNDfeGI_tc-xqHecH8Pa9HFERkm7zerstxtv1tv-sHvq9oA2GrnVte4YtGzLRz9w8711GkTAbtpvzuOmT65jZ_En2yQeumU4WdHviSxXxleKXX_6WCIMeMbEkoFJvLXBXukFM1wOmBk4agEQg4vRPr6JG5ZpwuX5zgsY9yCjJTPQAaBxQ7fSQMsLgeabsiztq8ZiPPTg-FQ6t33r3dhoayokJcghYRSb4tLjU3hH712pFiDQthOoseHzq8mUrAM9fJgNwaPrOrTPbjPZ4VF3A4scCRAU4eTjICE_NmKv22dY-3QvtXREXlpM_tsfytywOgp-EcfT2OzSPkJBsgtrr1BtWTtKahmadyN-bNfwhF2PchSItrzXCxKynVaRlQg5oKesJEDfe6S3Tvg3MPX7jO4CV_kaRH5OM3dKMhUeIa2BsNXLA
Dubrovnik,48039,2,Croatia,2026-10-13,Tuesday,06:20:00,reggel,2026-10-15,Thursday,20:00:00,este,1,1,DBV,https://www.kiwi.com/deep?affilid=mihalymisroriflights&currency=HUF&flightsId=0b7720ef51030000b34b4e68_0%7C20ef1ddc51030000056ea5e8_0%7C1ddc078a51050000db00f9c1_0%7C078a0b7751060000d168089b_0&from=BUD&lang=en&passengers=1&to=DBV&booking_token=Hao18CwajPCUhhzD1uXoKruEB-IdERwiRb1VQyYu9vTRNe0mspvfF5Ky_K_hUn98V_kVhJfVNnct_j3HrRGdlQs40ATJcESz9heIzwRPKyTuRfgIjl-J_W7XA2J9pylWrfOlaRGIn8NpDecRizVj2SQQG02yaz9yxx7NJbNoyI9iClhKUHAn-t0w484hRPmWvPAfv78uYY4wSGljNO3Id_xO60a8Bqxi11XCAYq946LyA_rmGAOHexikVK_Dw6DLE4PSJF3QmnEyFvCXpOp9ulahfSPdXuB98MdhSlNJ0bbv8WTbj9i8NyX9qWng9OEmgq0J57jd1yULEw8uqI_-qREzAmPnp_bcgpk7Dy9N9jhXyycR786eFRpdU4oU7RZNY2wA4Ke-uM7tHnluclJGynnJpX3xBWQb8fBMq1Fd4p8J5KHzm3IK69d7kKJ6FsmyGF4notCLJPXZMVciKzySw1tzIm2xRAxwMzdQpDxugkUUOFnBVY6mnvmXNzqnQPi6x7dTlGKGoxXCuOmolkXAVS6giz-sVx6kXSTQJgjP-2SY8dlDBSxUs8wuO1i8yoGq3uWmEXBf9UJEiaPMZ4zWNiuVAUM8lK3KU1stzWMU2Ua9rVwlaqEAfsYKh9rHy7lVTaaE6zXyzG2JwuSBV4dG913Y179wfR_NDGGguxTxHVfbd1d-xmbG3xEbL4K1N4eaMAtf9vg0uElTL_-pyIQVef0xHioMxEs_Vc4WmiXaAokZ1FlhM6e3yWWMM16twTpgj4nCpQ97Z1DU8tekoDFDBhSycODUjKr1YWpRoCsbgT-koeI6i0VerhEe6uNosQJn1WpoU3qlm_OCZW6DPGQpO62QYCSjMrVYEigHJFr3HyS6TfFmVwQscbjILmbiAYxGKYJVotEn-7F8YNSDJMFBlGunv1wXC-63o2TyA_u8OrncaqnNQtiVvb1F_PIqnvWhKYfuM4RZdqHm0j_9JhMqdzzvy-KLwYFe0F47oRAA3StP5PfvAGplQUK0paAGhKrKfv3bDahaw7jKxiiRMHBnAlo4JWrljHy7bbQt8omhqcnM6PX7Q6BJgXYoNy98ndZIPsYDeZSpVb_Vv_luTCsyOq14ZyNQcGSzgGqpEjCYWPpOLw4IULpgt8w6XzAJst7eAH2iirUyIeNlrbmRY4-eoYT50RU9pUk0CbfpNGXiKGq-dwUlH55uU_IJ2Z1Fy4goxCiDrs58xoVooXzapASnzlDUcPXcUR0uc6wPXWMyI6kzjyfT61St5gKATDRGUfxwBBRlxvArknzoCrgC3FwXj3eDyv-_rHnOZsDAyAjTatDBI0cdRmS5XYJZ4QUOvQCWo65lTHNNRkLxgmacgqnFV3w==
"Plaka, Milos",48048,5,Greece,2026-11-30,Monday,06:15:00,reggel,2026-12-05,Saturday,13:50:00,napközben,1,1,MLO,https://www.kiwi.com/deep?affilid=mihalymisroriflights&currency=HUF&flightsId=0b7703ab513300000da57ef0_0%7C03ab208351330000d26f38ae_0%7C208303ab513800001a7cc10f_0%7C03ab0b7751380000b2450b11_0&from=BUD&lang=en&passengers=1&to=MLO&booking_token=HFI7mCnCTEZYBiSbrd1p6V3BNdd8hGidRQXtQD0W-szEenJlRsezQQ6P28Jth8r7jvVKhJlaFgUxQmfzrIGmz485Eoi1Lpk8Yy6E6qYVF7qxH2X80dQ5eIQN-Z3YZR1ggosP_ymS2I8rkQbB_8iSsY1QAgap6lqQKIFXjVTvT-PXJgS1ct7YHv7ohVQxcuwZ1z98-iXrF6qomfBq6mIt0nfgqIzOtqaZrwcL_rYy2T8QzaBj4pj1NQ_9b3FmQVN9kNfvSJKEU7B2MOG36XnQV6n49ghcdHTdDYAeFsitTp3mO177Ks9gKoD4IJA22umDs7Nd7VueJZeJ4F8zIvBJNNEIS37DLgbTTEd7AvdFwT67gXjwNaivSFN8mmcCeOjC-ZNju6iFB93aNmRMLMQJzKWyb8REQQ1e3kGXT044wEZsVNdoUevPrUoV2Su_M9YGRtcDZT9YY_gxXm7kjaFcobe_r3FZQM3opvzGDApK_lHIZZgic82u-wmD3YI3CoQdeTMAxWk_PJbvfDHQmVQJ1Ng95R36iUAs41lbD3cQboUN7ngcycbptswPpDQOruu1IPj9PdYoEbmSLas3gkqMkrt-aQaowrGJazqwSHc_liChDRcgi7xPqH9qAb6SepSMzq3EJZyfz-nEaT15Hl_3C_Wu4sia0QrR2Ew9QJKVyIFquhesZd1Qi8o9q0D3jHbDgGiVUJZ39m1758YVyoMAgfPsaXl5dYoUXbKOi1uhUqg_1Vanvy7T3MPZ-3aMm7bJ4xYz92NCepjs4IamiQ7rhEDJE3-7xyaGeHvkPuRKWkfiIXBcd7Agd82h0qWrERnBY03kpkCPPKMn-zw44s4B9BGoFDsCRitIKUYv4S_c3MkNdblbLWqibTiC1LuAb_4MVYCi043VIzSA-pmeqLj56ABXlDaOcWU2BQdM3gu_52kgxZj1x2gdqf36Z7LjzCex8wu_VTGdF9eOCMmsVo0kjXLLVgeVthtUEVeOn1JsVSD1wK3MW_iwNQRAVHw61M7yPjTK5X7CKhFacGF2EPnoWZiZ_YXTEdbBs4orwJ0qiUFMDWpf240ge5IdiPU5RuUCiQCboL9Jp_kyq7XhOPL3OabvacVfZT8aPueLTQam1lMczdKjYaa_0W9V7xaOSbCzjl28OYcJxuWI-4j8t0byCdNiWvEX9JE8Ly41Bi28ouZz6uDNiIbywoDgW7qRqE5-bBUCMrVeSW3RmhwhiiMEHOdQWOGtaFsxsKXn2pAIhFip-ItK7cwC4Qs7vklmIqPe1eCPTz30YNfBQIlv_BqPxAZag2LMqyG3yej7-A93BSUJ1SLMYTXi8jXl3Qnj1FmBdcIAAQzVfO2ckJYZiFU1F7TWA7httKJo2vM5CqpXCGqGbwND6W3tnGv64cJCYWPfS
Newcastle upon Tyne,48203,1,United Kingdom,2026-11-20,Friday,17:40:00,este,2026-11-22,Sunday,06:50:00,reggel,2,1,NCL,https://www.kiwi.com/deep?affilid=mihalymisroriflights&currency=HUF&flightsId=0b771fb0512900003d77e122_0%7C1fb024a0512a000010ba1964_0%7C24a00342512a00005f66d57b_0%7C034213d4512b0000669ee7df_0%7C13d40b77512b000060cd45d9_0&from=BUD&lang=en&passengers=1&to=NCL&booking_token=HX1Wnz_W2YOwEMsAxYtmWv2YHwPFSCLM1NmH6xuxOWZ4gQtbae0s9kl5BZQXtPle9AP0BRWM0hGORp3QhSa2Kjjvn0Kjp2LT376HPFSVxpPYOKH7JOeEWWbgZyAgZ4Pp9y1lZ8SziOKyyvQ3FD-9TmX1Hr_owS1NfHXOgtwhtEDsGHY3SpdjPRadWgOEibJYft11YU38_MT8gkVAeaCY_w2UMaut2X7bQNWmYe5X-l3vr8zLU7zae_jAu6y_SSfWkWqDUA7jNi5ogYJiNwbUSklHOLk6oxVYQoMsivCswWg3KbHmq_kT2cNCdgUoGztkNFFnsNszrhGGdjbF3RF6-whLNuJMu4zK16oYX9IaYoNaVsL4_yNCbw_scv-9ykqI-r_HxPcUOcALBmagH6NJTt-BqePe6VurBi6DPRPqS54mCoI4k6oqzezQCHaRxMwgF_1n7F5vd0huXr573hgf7PhVGUXg2tORE95SR1j1gi7N-o3ipTTa2ZQ1iXhEhLIuQUvl-JZbbR_ML1B7Z5RxHJBYwW8z0TOVYzZcKA-YHsslp24FN7gxHs0-P56b3_QiehM6H2BtLq10tE-FeyJgt_SdiCP9McjOtfW169wyRnHNZGmoLk5OOZ2HSwrGPnawdIMg22QYiMFr8gvmEmYRldouXmNrzHD4q6ZGeJqonssW-3SER9F-OoqQdpVP4qRMsPOjRpdlFnzDqgEOx9b01oMm-fxG020l62c9HClsxu4ZFYD8rbsjGex3Q3iPXC3vankxUkBx9C_Ry_UToUB8zYbopiBh_Fuj83-nOYCELWhLUeWdYUoDeXhESdrK_uOXOJ1wJKLx4um2mR5WdZXBtkoWfDuDBz8sclomI7_PHNR82AgRt_a-yEQ7ZjMsnm-bZuArTFQ4u5a1iN2BaIlG5luaxfMeP3lTGmAvlgTd8229-2lYA5wizPg4MM0ZhSVALo8w_8lXuPJsG2wVzvrz4WxYIHVE49exFkirKfEIT9VTS25ZVAIp1SSGneYWL8ZdsL-Upk-D9uLAgCFcQEmWhQhB8XAhpetZLFdiXnaPE4w2eZ0iQrIRiyZqvWoDEFW7hFGYNKurD_rcoqjC-ruMjHEKvAayz7eBDfeU8EoNEpFFq5vpfp3x0Q9XX3rLTXGEYKPNt6iaVTCYtTRUN66LOzkWj1YQ59YbDQJ15298cnExH087NNwUj32gjfUcuAHQf3idtlLrijVeFwoObESMlQ7xApc5Q2pxYzfjp4U34IWKlvY_1J-xlGQdPV53l7cuqp1_bswklrCSfYGYFNJ39XiYn0dR9J0cA1Ke0yB_6h4wsemiCfTwy7LXZxI-aYQr5nOSbhwkakuEYRF2GEzUxsnPQaRg9W6lpb9TSqkS3YiIDGijh65WQ9uZrQKnaVRVnSXOLEXK7_uAF-0SKnG_E1A_C4XMrG9U1W2Bsh9pWRnoEUHOZG9OXcwL0VyXgbEuufQvYamvoI3gIyP6x7k6mcQ==
Szczecin,48391,3,Poland,2026-11-18,Wednesday,17:20:00,este,2026-11-23,Monday,10:30:00,napközben,2,1,SZZ,https://www.kiwi.com/deep?affilid=mihalymisroriflights&currency=HUF&flightsId=0b77078a5127000080f538c1_0%7C078a1cce51280000812eed55_0%7C1cce0eb4512900009de5d673_0%7C0eb41cce512c0000dbeb3ddf_0%7C1cce0b77512c0000a29641e1_0&from=BUD&lang=en&passengers=1&to=SZZ&booking_token=HcF0IgHAUjw270XyOf1iY8VgJdzGFknEq5FTTti5oLQsNml1ynkloqGzuDrAyLVndLTZnqCVCU_JAhQQCwK--comTmUOxlCEnznuO7C-CfVCbCRBp8lBWTY8yM6bfKq2DbmUP3Z0UC9yfIET8oGYTy428H-0IFYdl8j5gqpboOhcOeA9eNc4GJ6w6yNveM3ehsEg1wtxPegp7qp0bJ-ehTWWfsRbAE-ts9MrvpOy5LoN7TqnoIF-3Tf4m_zdnX8juGdmqIuIBTbskWq8Jtp1gpgFZ4W2kOYuIsukrPCJI9JFDJBLsJBadf1pBvr-g59qaGdnf2kbQ0P0xRlSyojR3mhj-eU4viq_TXAWi54Gmw5hX5QrLbz-QyWImOKNy6saw2IwYCQcpwZlV0gkWaPp7WdAU9YCAITZcdsjaPE2bWWt2ofRDNbBJcMkkEnAmyojNckPnfqzskYLnXMoI1bJPVFGelg9ldLJzQfljtByZgBDoZDK65Jk2WI6MLXQx7e69hkJCTLHfb0g-6j16gwjbjNSmIvhZpAv0-7iIl_cx-m8Lw7N6O8d8XkiouNUQB9qz53Ybbw6BOhhFZA4cpLQt-z13Lq6jb8ysbP0C5XZCaNpMN4X7GAFW5nBkPzQRSh5-5FKIxEfYPN8xzba2bNUiHdlGBpZGWjJ0lmf8AekIZmFsJKx3Rakj9EYW5rZPREo7Laa6myk8rertFcWNVKjGcmbiyzzWH1UkxGn02aSPBAfynDfoZJMoJqLkdtF_iNsSl1iJFoPuftmNZktS2CNBAvuXGO9AVNYQwbpBxdJOetBpgOd5g1ZKRVxxD-Sz-BA0LBgexJpG_bZ84UKSyQ43cFQ3uAo_wUIZ2qIJsXGKyAHmJZL8vlC_PfMpqmGxOBW0zOfngA8lG2HwvSRrSEs32eUl3XOAsPcjT3u69AJC_rkB2lRQUbZgOkxap76s9UyWw9BGypzJx5iOH5EQBAQbvC7J3wHw8U-P5XQRAMinYHNwZD8uTvIu9eFFt1ZIpwwKS8xP6WKOklxMxcYWBmt_dPaASRYI02xJlElSMXltV5XRE8QxPIJZM75jNMX6fWTIdzgnJ5v49aGTwQWYJFop8RJr5gheV7QXpXWpNxT6u9UIrOT9Q4D7bDd6Zc-rSnGzk3dcB2qHrmlJYcdI_H7JfTMGnuY3ZpxKD7cn74DrojCcagqGKRv-rHKEkkrDN7IfXG4-UDZ46Ii5D-vDhDTTHsuwFFtU_ebQtzqSSZiS7PjUFSJrReOErAy46bVp3FPTnFsCSohJopUDrDISNdNbwmsgCRTkyfoNFr4K8xc5H8Nh2yKptqf08eQjHa5W1_PbOfR1o9P9RnTZiMINoTd6f2yPLETH_5SbiI6-gU-YwSM=
Bacău,48407,5,Romania,2026-11-12,Thursday,12:50:00,napközben,2026-11-17,Tuesday,00:25:00,reggel,1,1,BCM,https://www.kiwi.com/deep?affilid=mihalymisroriflights&currency=HUF&flightsId=0b7718ff512100001bd7c72f_0%7C18ff01ae512100008a0001ef_0%7C01ae18ff512600000d2e4585_0%7C18ff0b7751260000a8dc26eb_0&from=BUD&lang=en&passengers=1&to=BCM&booking_token=HVRng6k_iE3KSlWQ7xHjXGqaPDRGsCrGRrgB7VzfydRNBgNt17XUcQ_zQWE3AsNAGKjIrHYdqqkEsV9pazSyfRb6ZmeqsHGtdMvwq-aOENBpcDlz-sjPM5MU22OEgtnTSapBv8-YEyuy7NTu4x8oZOEWkPDjOJ1rRMJ4Or_F3W99555AFKrBI-9O6X_wgurSqtCpyLYqwaAA62FRAsGxV6P9iM0IeorUlHETB--iBOcT6JzI2SR79TCpI3NyeOtggRS3yTGArNbPnapewjs5v_RAMBzra0Y9MxEkqNwMjkQZTiiU7S6V2ndfXQeT1HDtTQ2RaxF2ZX29GkAumAe1eXkc_bXORdy5tTfWlH2W4mWI3B7ZUQpZhksUXntKoIvJQCV9MKaZl7vXhE3eucUvSfSmeGr0mlUT8_Px3PVnMVG0in0m9s7sz5SpkGB2Y6YgKvhsCloxU1WgutqwEbFsu8gbU3zGsYYVGP05XVaogzwNIv-6TagzJcPR-F37yKJhi0qZv-PdeaeSxjO6-mQ-iexKThGt_5yzrs1oFouJSkq5udFE4GwZ17LbNEQuJMdJBlAVp5C666ic1MMdlzo36yJ5ObWDYYvNUhkTV-KhOa8ISTWtT01FN6iRnqNLsAkzbXRTX-pneln5ytoRNWyxBMH9zuvN5z570eNlteQHWbSd9STAwgPxEF54-ghrSfFUrr35kpgLoxV7J-8GpUBAyCtT09zbYrIZoA64yP-1KmWtXbArKtwEa7hsEN7joeJVbx2xRMt0zmEsbY9ezaDuLJ-Mr6VH6moRlh5fR0_ZLGsd8VfwFdnWH7WIj8F60MLaErOd5Ze3-n1I2jhyqv0pU6PGOdYbDO1howslhFCN77_rZDonp3yAHXSS0lmH36NFaV8b9T_ZrMQTSLY0H3LsZxly-ssIxnWVYe7BH_pY_hvnFklhUS4_rXLUz8trHXpvcnLrusMY1l-ZQ6_AuY4-EWRqG95Dh00YhwSpoqqPUzWwD6U9obhh85EM5xYGl1sUV6uXgfS0jHLBmpVRp0xMU85BqoRkqv2TCrRJBcioIJ6cJnAqFj2b4ZeNV7wz90kiw6Nw_NdCLviJLKJakWjsECDx7lASXN1enL-ApB-4c-J3I4MuDqgFWOeF_jbh8CFHgCRpRdjaZuDyGm1YuHL12ZaGkE0pAwj_K_xsjtsqDnrUUwYrA8o5zB5aut20SA7XrX1zw-flMA6H0il7IdJWtNutYRCyd2QSAUv6Axc-nl01sJuIojEn2XzZW7Td-rmXVUw9h5VZ_4NkeJPC9qVwTD-vu6wXFF3wrXPBQAHold69iCHuAj5EtkZ0a06U5nUTH
Bacău,48489,6,Romania,2026-11-11,Wednesday,06:00:00,reggel,2026-11-17,Tuesday,00:25:00,reggel,1,1,BCM,https://www.kiwi.com/deep?affilid=mihalymisroriflights&currency=HUF&flightsId=0b7718ff51200000ea868748_0%7C18ff01ae51200000955f20a4_0%7C01ae18ff512600000d2e4585_0%7C18ff0b7751260000a8dc26eb_0&from=BUD&lang=en&passengers=1&to=BCM&booking_token=HDG3EckjiQ_XUft1y7dE8OUMhtbub7dCZttKA1SxiUxG8vScYhA15w2yBCEsH3m1vkQl8mDeodPM0iU4DJpSVTY97qSc17ICTUb15mzJJIBUf6h7-SKRDkT97FTiQqg_t4u8HwOlb4_hfIX2cJW5YsRyKXp2BOVj_hFz0kx0mJclPPd9KIiML46K7KCKENy_F9zmYWZi2kEDlEqUk9V7mWzKjXDicY5FnqWi4v3F-BTkxer1IHWYPaI-8SG0Aii6eBQcmvMeUaMku7awwJAv_LND34EpnBIyNk-RZUXLLOMuZLwu1WRuGJnrvWB5QNxOtp38AXsbKX6BsYENgVIsT1izj32rzlpJDDM_MJSifQKgRBw7aiz_MR9ZXtVQjA2n2EWFPBJ7zzuNwJgTojOGSjEQEigeLCiGoY9Y_7AOhWQZx6uUoLJEaldg5yY14voK5t8zVVDj6hk9K7D66EoA8vxIfui-Jrz9qOFCO6W-nB4cWjQfsJOL1zTtfFFX6RcDEINnkl60hEu54wNp46-h9VesIlxJwFvAgTSfsk_e-Qfo8Ns_T8pv-08M40_ov0yFPXvLQTpgLnoD2YVcSTibVmQN9rQTgd1W5DgTrBi4FwxcrO56Aw0U00AGd0-iAawd5GihlNc8PJ9bk15S38OluVlyOyULfBbkpRYXKYKZmbux02VjlTi0GcQ39ep5kVX96VdnweHon0pVMWyJajKThC9n_E68pMA9Me-K8g0PCMAt8gOHbmA6OOdttaPHsFWaG0uPKFoeCzH1Yaj3T_E6uKIV88fQGMe-ka4DsvpPVMhKvr9kERX8jDG1iyI8pJ-Vmsdd72EnDi0XEF4VWXh946NSvvqSixRcVuJxA1PSRWOlpcpY7_0yYyLlQwR8BOa05gCauQzhm-CQcRE6bqrhrryszknw5ZQuGwMDdUQC899Wq53-PtiDAe8ryDe8l63HZRRYA-8CDvH1OhutIdJH-ZjqhpP1ZoYCIDPxmC79wiQU5F_dozvg8xriG7DahKaDxKHfUmXplbxU4yeuZgs9Ms3tALUoQS5DbhVSvD5YzUFVXyL0zZcgMJyMMaqZVQCU_fyHinQtAN9G8aNZv0bvAzWNnK0dkaZ_dizK7ne42uMer-Pmz_NSunOK-BdrHWgwMM88N8T_PnnLQumcafUpj6wr0y4Za59WVNMRZUWu2FkrISCUS1F5BgYIr-DCkpXrwUynPHQCkUf8bVX-p2CFJb47F_SyhLfrJ2QSdA1b6ZMHXqeRKPxnAMDuMZuSWbfmrvwu-iC5YzNZVTtnM3I413mWD7qu6xYDNGZ6n7GQfpUCFRHTmTjz5gLTsrbwcpfcP
Szczecin,48725,7,Poland,2026-11-18,Wednesday,17:20:00,este,2026-11-27,Friday,10:30:00,napközben,2,1,SZZ,https://www.kiwi.com/deep?affilid=mihalymisroriflights&currency=HUF&flightsId=0b77078a5127000080f538c1_0%7C078a1cce51280000812eed55_0%7C1cce0eb4512900009de5d673_0%7C0eb41cce51300000f0e8925c_0%7C1cce0b77513000008995ee62_0&from=BUD&lang=en&passengers=1&to=SZZ&booking_token=H2b87rPQ7jg-2UtUqdSIo0-KAnuW82qP9rRsam_GHqV3-MRgNHMxlV5kJfkhNB3Fflp5TgJk53eQ4HEZdguRHrUDtMH6CT5RDKV__OJrQzsD6n9ururPFPUnKtaAGyXMJRYj5l2btF5iDljB78AjHkbHN6iVIgs7hGFtzJHZPun6KZIPnteMcB8RVSldN28IKhWRr4HqaskSoOCb7bZ6moatzPejDAW-G-L-xV40yH0ZO-XfJpYGWboGQLV6ebb9Kc_qlqdK8EK3kzhTX-Ab-csVtYdzDXfVx3OSl0Dus6Pvil9OypzyliukkFUUcVKVrBoJllFmxDNf0LnAbFEgfI19gIeN6E2RqsbfmG54wanMgnAR6ctjUcaoYZ34lIk0udlUmpa83I25pi-fxSAeciSx4jKHaFXEkVSA8gYZ2Ai82tYuFVqlDkp8vTT7rjw3gkyK4CSyOW0vHfRm4JzxLReDL7S_OJ3eTIJrib1ZmWCpYxXZhmjMIIT434GkzY9NYzgU-aMPSV0GB8i0TR-M-CJ_aDrkIig2VQn__SACC1b4MsqratzJoFNbk3g6AmRi5RRzyViAI52_uihWpoDuazW-3AXW8k7HmXorWehHGhvM6sRPWcl92hEj5flp0y21LuFF5AcMH78NBNYfLsWBobpjo5ADIDs_DO7JQSX3XR7E27d_srmFfGsHKUibiMoyJvkSh9KkDnPczZlQlNG-D1JXRBFMYxDDoSD1lw6I5DE6GrwZvZLxuKCshr-FcA2Pmr_wgLMql6isLtQDpJjCUvdQdWNEIXZ-VE907wQcnhPOr4RfbjN1DAWTtv8kTEVjsThvK3lVxmc3G-v9uRwvd_FKW8bsxbi_Vqt13J-z4ZrO6X_irnBeojbsPbeADia-5Cwk44q3o4qqqWkYdn4z-wjBEOPDp1xrxVeYBQVYiJSALbZghasp9Fgk3A_jlsv067WE1MyuCcqdAN-1nL5Rxp2O0kK7Ux9G4T5fNzzduVcmO9HKisAjYE-FG10__zBNp9gF1BE8S6MkHLL4-90CJRTLS_oRlGIS_jz-SDEWK2SWPhJiRVjrF1r90d987xtpabbY3yzkbqU0ptOgJ42-hNGayi0z5R6x_DASPIh7MIkzvIHMhH_Y31wuZyn9UMADBxjqsx9w_PzUatNdks-_TPzTHCp_-vrdyyOss-qWFw7pvvNTdEbK3-Z64dvrpn61AdUICSnAAk2hi3Rv54VAKAksIhQgqzND7PMDNoDt8P1JfRX_KyltxwDwVl4uQ2QqExeZv76m-VqOc1p8q8ftTH-3CLfEWBVpUavT35_TvkRXZ874HdAhIhfxQox_If8G7-Lblz17N2L6g7LUUpXY78cXAg1e4Wr_Se2OwZXy3STdqFtUa-Cb5ykyBwmEn3vAe
Palanga,48951,4,Lithuania,2026-11-27,Friday,18:20:00,este,2026-12-02,Wednesday,11:30:00,napközben,1,1,PLQ,https://www.kiwi.com/deep?affilid=mihalymisroriflights&currency=HUF&flightsId=0b771cce51300000fcd9cb53_0%7C1cce1ea551310000a1eaf11e_0%7C1ea51cce51350000e004e139_0%7C1cce0b77513500003855e607_0&from=BUD&lang=en&passengers=1&to=PLQ&booking_token=H87-Dc5SLVzXzJACvJCze7WG3qgB5bGLp9o9k8eCiVlReigVTHugI8ekbmgkRP3YSMJe76Z6G7XqVQ9JaX_bAoowEqHY-mXfCCfN6nYwaxhbd-0NZ4ea9tg1r-QaI34z1J-85rL-Qu5fGXGMWUzCJnRaEg-2J-NYOZaYy7X2uWQ1OwLWInuQj9RYfg1PLuWn_nIMvdw1tN_CHAXj-XDugbebHF_HlD-duhu8F3maJ5icsm76gnWEggSC7z4zB4TvRaq7bP4ADtoMJNt4_5GFSF5hIdfaEz1YQ1Q7nC2TeqZxytUjqRzSWPy4SKiZhO67xFWQP7Lmicp6ADwuKQxBDqzPeTxvYZyi6dQ3awMj1CbuWtBSBd3TDraBZ_5IBWIWxK6hb0lJ_YXLqza6zEFa6W2xNH2gaMhfLvX-hz5iJ5qZJ7QKU26SOw_Y3xiD0sz2rN1bo0BBESazGqcSZlyqCDISlk_eysycI0O8YTcRFH6z_r-nHVenTvbmlp_i6geqgybA11Mfksy1luL1l3cqrh_cn0OaTI03DppvFFvqypaJqS19DA76Rjmdm8ZQ344Tnu0vd6EMhjZCsoJZNsq-kBDMQfuWCCcrKQZGAnhWy66wDoicWXvwc4ehq2sHlNDhz0jI0L_ByGykVhTemB5T2FGxjJvL1_REri9VA8wh9gkoXqccLyeMgEl0lCRa1fQ-soctefVPsE0O3gqWhOeQwO39lzxQThM2WMWyFZ7FQff9HbwjXLAZhodsK5s_MsqfC75oaMCZD3IprO0LdVuO0zefz5PuWy6fWqyjQzYbOCGRTTaC_HdYKJ3n-m781FMGj1ocYYBMTZ08SZxdP4cI1tdlPtTtZxzcIQ56eEmTJMBtEQ85H1rsKRbymclHnIiz06vYUOA9FyhJbURddkiRJWE74Lc8kEBoSZ0bl4AbVRlvqYkMA5sP1ibLRbBjP4jqfME6iWsujWPavYWFGaTHZmwSwwiMyBRVH6ZS1xvVCmbE8Bu9DEyvoP57oG1ZH6hcte5MPKixsOPOqQiL7bJHb1cHeyx8SWRJHw9i9sHZA3xWFau4wmRxo-hBLQ3NXTN7LhpLAsT0unCIjYfjtt9CCMTzdOWh-eda-7wNgmPBRjuK5ZuPyGR4Ss-s9vatKJAs5u45C19wfI9dxCDis2nrZZ7YoQJzI_GjwvlmxzJQx_J2vAmrcM9gpOJjiGyi63H9s02MJ43o-0v_cyT3pl5OGhZsllAD-da0YFxe7FJi83C6ulkBEY3aRwfxobfLS-0Pb0NMw5yW92Rrvwfru1NTt-bLZYz0LPK9GfBDe8VRKT5u3lhRxFKVEb9Z_H5dMkbuaf_dtWI7xU4_5LKfJtac3PTHZ9D3LOHGkWRtGnJHrdlo=
Bacău,49089,6,Romania,2026-11-17,Tuesday,06:00:00,reggel,2026-11-24,Tuesday,00:25:00,reggel,1,1,BCM,https://www.kiwi.com/deep?affilid=mihalymisroriflights&currency=HUF&flightsId=0b7718ff512600003a02a741_0%7C18ff01ae512700007d162424_0%7C01ae18ff512d00005ce1028d_0%7C18ff0b77512d0000f91361e3_0&from=BUD&lang=en&passengers=1&to=BCM&booking_token=HZyayXPSUhL7Ir7zRRh5bwxYRn-0_MPUi200Ufei6r8C0HwEok69yn9Rza6KMw-X22V7UMS72pqm-fqn11dRvHX83mt9mZ8mze2vyW7lUXuuL9mIuOnOwswXnZnQoTkffqJ9ouMDZUqCbs1QtfYbtm-W0-1hSv4kDPaDBy3jOau27qkqa-7I6z9mee3oNrfjSOo06jUFsrxpsO_vRL66gRLpC07ijLJ7_fUnHOGdBRonWX4GHlTAVSZPQT1HZb8JT1XOSVxXVA_rhpqiMoT5AxIIW9POUrZvyMWseSkQeAFG151J0Mmoz9ArC8A4eCk0DPUFmLSgBy2nWoVpN8fbIU7BipwHCJhanjGv3nlxy64uYhAATYBBYDdbP3jzkstkQUQncnptXPOzLzflVtmTDWliMV_xznTpYTDgsr0x1AT3XMV7NbKmtbYlCWxU2WODJSxeh6yiATqtSiJlVrw-BxwjU9Wp0a-f3-y5-QtlgRTsLd4H1a_38eW5h5sEQKLIbyxjdhuuJOij4_5kydMwZFAojI0xTqmDez4pCIps5UsS0caZCP2Eg4rMcZofJP5ATXtuXDUmyGgCVWdZofpLlIytRj8mSOaLmnV4TLXrfF75uc2cx49cRoAHPgSTvk7Rlpc5-4ea3YotmX2lwdj2ovO0ZE0kq5O0_L3nkgnoPCYmHM7hj_3IwQbappoY3EdNDa0vh5tOTji-JFbCgcXGX-B_F_u-ejL82iHBDsmkVfJZOgCUdbC3wUKlv06oPVOKiqHAkyxkuPw6KYhrrRAMemdcixBvj4EErhd5BQGL2hZI_uc2IAABhUHQfISyC4Fw9SVZ2I_bu_X9YfUOEEyJjxQDk6fc6FddCjRiijqN9dFZueQ2PO4GV2CCHumzs-y8aPCMBkVonBBWf0FMcJ6o5E2CuvwULvgdYnFQ7LlxmiD4PVqQKmFkw7LY-2WoXZJVKqWQ94Q3UulB6uMReL7uNvhGQXgK0pKZ3k5-BtIslBmjbHTTPVHEh84k4Q-kKv3KSS950xBEIjZyD3Fai_weLuJjTh5fuGZQi3x8ZUaCvhcOhZK9opihsMJ0z4kKMqsF4pSLfYskMFWMr7yT6lHadvFHyLuPlk_AQMYTLAZqHAzOA1_t8czqpZ2J--8UzihTL4bwMaNAzg7tuBNAsKAW0AwQuvn9FAzh1gn8HrVbDfOWnUNKGy-vOZTtfEd8ta-8Va8miFz5IfhBxcsx_B01bXvhM-vdN_yY0GhYC_AUUCmSm115vqigU6GeejA6lU5nHhwoi9Wz34RLnLklF7lpuo08d1ZtjMnfX7qEUWj-DBIRbFkRIQyTL89UV4ksvnZfD
Almería,49265,3,Spain,2026-12-10,Thursday,07:00:00,reggel,2026-12-14,Monday,14:45:00,napközben,2,2,LEI,https://www.kiwi.com/deep?affilid=mihalymisroriflights&currency=HUF&flightsId=0b7707df513d0000b1696358_0%7C07df01af513d00008807ffe8_0%7C01af21a0513e000090cd049c_0%7C21a001af51410000858f73b2_0%7C01af07df51420000f0d44bb2_0%7C07df0b775142000084b24844_0&from=BUD&lang=en&passengers=1&to=LEI&booking_token=HW6MmdjF1Z00ZpqVNUWODrw3BXY3oLM3RcLGBd4WT4j1LMxIs5Ixy-CoLV1F5D5Cretctku0YsoO05lEdiVjuzOA9kCD-W1cA7EerV_zZoDPVDdcw4aA1ZPNp81EnBTfFvdy0b3TfQK6B6okVXTAVsdFZDmzF-6Ydjg5ZPPhTxAJwcm8ur_fqLuULbh4Rb0gKxdkU2ByKu1jRCfZipIrPqo-XGMbaDKfv9_gOT7Sv-Og9uiakiij4hZvFYHWXcma3qJ8Smp98mGBEbozpGlX2FDbfcm_TB5ppa1F35gm51xjOmXSIJolv0-aXoS7yWx2XPF0oAfzNrQc_CrY_6yQg1piqA3QSWBvCTlq2E6gjidCN-7GqjivISvu5kH0DE2-rrUquNBV_p1p5BMbMIXfXsnu2AZaQfL2qBxtKaCE6ooyF1lXIN5PFwqon9QR_aoJso8R-TwX2TGnWW0ebu8wuk5ya6s7PbnjEzV_UuHyrfNJI92mLyPpwoapVw_mfcFOX-kLTTFaGKgJwfDPaBgTbqrPn6Dqa7Xk1G4JKPDcdcNlPlH08JX7gu4AwNENvbsa3gqvjkxFmWjkhv2S1meTj3sq5RxwZ6HiYa2mOqVoCrghid8awnSUsWPpXKxpG3DSmVm7d7g0V2vnr0O4gn1r-PMeFbGClb0XQR3AaqkiqvHOjRxKn15RZ-S8b_Fyk3R1nIcrjbea1Rzg0p_2n1rNlUtX10cKQyYTL5sVm5chzlH-5mFY0dEmdLW_Gk0CwUTPHzBsLlAV1mwCiZuJ3SLBCu7z_vu_-RlI9MuN59b4H7c0pTj2ORNR9-0av3DtcBYxNaMSZj7n40rL1RYjUlre3Bi-QYT9OeNBtpNmTIWipSlhV8-E62LMsBo0Dn_dOyw8w-CWyXziP3dDZ6NCDr3x5D1JLeSzHXNNCo0QdoC0eTFhn6UAAFwOdnxMeKvU1xYxARbFdjwkJlGIQidSldoj90LENjFdkvbe8gnuiaEo1FjmZIryPzw5IEaWlLBLRDKFTmxKbeAaCS-tuBSjzFGEalyXVByYTygVfVVtfr2gSMYWrI-z7ofYw_mPqYH0-55BB4ajF8K7UUTEYdezZBiFlBnCYl0I32nO8eYo1xldp4fTnhw5uGL-hr_kjaKt_p4wWhOtmeBDMembA57cSJmYr5hgQq4GkWzuwdRNbz7YSMiuh6PGO5hTudLUb8Uhb6SZvawKgtXGtUC92gaXWCjJMMykNsN66UFrA05Nc2yjB_s6EGKCGCLETM3LvFS4ZMjMmc-aaxA5rxtm8x65OWgqswNgucyQASbx8OgG0p33XsQx6AQxlarRSAi5RiSChF1l8iz_aCqF6UfYhlwuUYjeFmHs2rolIYD1qloK4OvzRLhEYZOcTKpPnlPGfg8jglNoKBYfV_aiq4wh5WpYA8NSX0hmLUaE4uxdOSuBfb2T3KhOpryLk8q-q6yyS9fwZ8e8Jj2QyuX_eJB56yKNKuj-Tjg==
Lanzarote,49277,1,Spain,2026-12-14,Monday,06:45:00,reggel,2026-12-16,Wednesday,11:10:00,napközben,1,1,ACE,https://www.kiwi.com/deep?affilid=mihalymisroriflights&currency=HUF&flightsId=0b770cb551410000f1c5d9be_0%7C0cb5073b514200001cfcd8dc_0%7C073b0a2251430000f4dc87ec_0%7C0a220b77514300006b37eb3a_0&from=BUD&lang=en&passengers=1&to=ACE&booking_token=HPpBEVvQzpgAafGH50zX1aWy4hwHf8UDy2He7Ys3ZTkT8E0xWMqYoJWmPaOC5tQx9eo1o2spjFly4tm4v3ptkcIOQKWUJ4k0bJTZh_u6iRVAlq0jdSK16WEFG5r-QDKrm-rK9ug9cusHG6BoMf5ouxtPahgIgyW8zLc3a1C1w3sLb1mQPNfMmW7K_i0J1Gj-97MIYCNraeDS1JzXmepOHOBD2mfodX-5do2NcZFGkQjSyzSfdVRGoZgEQqSDOoWpR93EUt4JxVod6tPZeyxo14hrxHEkS6FSiH9dylMINuucAwRBbvIvyh7LQb3JSVRB5yRG2PIHpoInb-XcpeVn-bkxh7cZJ-4OFUzoo5nZfSCgLf9YXT0pSRTruvDnCVqmn8ju_xIysGvaDWFIJ6uL8tt5f9COKrRpenbMPZi-NAUni_z6BkRxwftmY1wsgQ4dp2cK-PbCz7NcVnf_Wzy4QzNqLA7qkdTs2MT_n4ze2McYopJ1iAJapZc_CmXfJVLh6mLFUgq-LqxcYPF6tvp3Fc9mwXR_77jjec4vmc6t7bIPJN8TzdLUODlqCjXrs4DlDjm2ju99X6p1HibzzQ4DoYEh9vi7gzmDf5agXireR3Ta46ULxoJj2r3dceQf_LGQvwn2vW0hk95yIDIgV73udoEnV1Wru8L0dygP7s_7_u1Sa3hHD5Y5quf8sQ_C1mlZeZuu1qD2-ywAMrQC_TY1sowEQr0a9-7KRAS9d_PsPayQ63rCfHCItqUORti3bc6FNp0JutBgBPCfry8vIH1Vz5UEtaq80dj_i0J1XQ8q0vOu3FzLUQY0hT_esruzFkLi99ET9-L04bCX8d5tTsgG-Tob1YoekY4jmYiVK_Uwg2Uq18w3Tg-fCyI_dpJvU4kFBdAXtjTwa4ohlEB4YcIExcgGwEUTf2gwkz4UbSwrjR5ttiEnwFjulG9oD8wdB874gPbxFZcZ_jDMtOM9J0Hq0Ffk9buDdY30e_0NdzctgWbewVsS5EZ33B8icc3SPA_vU4QhFsm3dxFFcZ-eKQ8eGFCwHgpy2trlize3AiLU25HCOSTLhRpTvFzofYAlso_4yW8R823lNqC8OM7YkTBHympaVm0PYL8DWVnvEbeVtrdbYtPNaX76vFSm2K-w-RMAIWDD5zaeKwDwlXlS79VQclyE1KcFt7zt5RXutOTR1fS0UrsSNW55fYyYllHj4Roq3zMihQx1jM2ikGgdv02rRHroRY0FqlK9OBPdj1wRqWohcK_71prQUYOqdQ5fdDj5kqme0zcKbO3TaaNQPuLLJSAGcHxHDcWmzODfPQ-LG8gdBIKaTFwjjPgwD1uV2gI5cHooMAJ_NAckunYKP6f76AOOX6JpW_saLKKRkyOY8WfJ1FuX1ZowOiE4EUn43aKyT
Palanga,49303,4,Lithuania,2026-11-23,Monday,19:50:00,este,2026-11-29,Sunday,11:30:00,napközben,2,1,PLQ,https://www.kiwi.com/deep?affilid=mihalymisroriflights&currency=HUF&flightsId=0b7713d4512c0000bedb6c30_0%7C13d41cce512d0000a3ad4c9d_0%7C1cce1ea5512e0000e20750ce_0%7C1ea51cce51320000210378d3_0%7C1cce0b7751320000f9527fed_0&from=BUD&lang=en&passengers=1&to=PLQ&booking_token=HU8Y9mRgq3RlLyFWzD7ZBZrHN6u_qltXOCmiS2QlrTRKLqNbCT3mZuiNj4b5RMFgZvAjjnYhAW1OqWWkztN-sWjvuiwkUHRQfKGXMDKbp_tkQiLlwDjZT3EcHoogZplZiqbpEgfmbFflKc3mG0Z5QSZhjMuawGNC-xULASEGNdKt5g07QBLSeuLa3HAywwQsqXgGrv_zcXdfPcSvdyQxuq5mbqCdeT7AbLs9hn7UCuKlyvIknI5mESChml_fvBAmDR43-bkC7RNsF0LcNcSUes2X-czGYIyqjFHEzVjEEZt2m9G3sraC2JJ3tW1ZpGZ4ccxNK-JM6QBA2WGRVk4RikPc5lf3qxevKIOMog9bphoGqMvSLRnoucePYU6T7OztsYbygDMSC3wNgBCPeMndfRuV2dTvJK3VFFYI-q5QPRySXI7fqZkpuzKOkFEVhpfmLH8w18hnlvniBKnMUvYX39z1lIEB7hDef21jAc5IBtsleattlddz2o-fppsGk_MaiBekRKqbU5zLUoxqWd_-Tuqp_Yo1oNLjvtdTlHyWLel5YOcUyodxQTJqdgOpIK_l-cXpOQJNCnrO4yLWcN-Ai3GnylL9lv2VDcqypIkiOg8DW-EHvdO5Ldu7slrsW3yFDLpiBe4QegIww9GMNjoSqSJWkwsGwbcxC4jU_8EdZUU43jZmvlF20V1CzZkhEexBOiyeHhBIb4IwvX4q7NAAdP6bks_umcXfePTZJZfhKeBA_0Rz7r6nmj_CmgDUm_dPYmfkO25lp8fMAZaNMgf8da6HCpdE69IqDwD3dpWstmAAdX1qXOWYEdlZrMpuap2b13mJor6fb68Lz2DiabgXg_iiGKtRVsYfd4ysaci3n3aftZ6Vwnw4lfhq52p5ikXhqZ-kGwi2R1CTLD7vIs-jAczIxpXuwgl8W8z36YM2ek1RdDZBANOsERFNjHdnHLgtbVA2DEKhsOn8H6utCYrt6UZxN5qoqiokiftmiM34vpiFyy2ggdtuvkNnygArGdL-C7toBiND36if6vtZQrRdgocZ28lrE5Zn4keeWwuznpVSkIcnUIE02E17Aez7hpzeMte0VtJQMKXdKtprfqr942_vgjqiyP-0apgLFsE7cdTkxAa9Wl1qRQKYq3j1o0rDokUH6y9_eYEl2njgbOu4JmZZZUWHIaei81Qqa5UAtj8pxayoyYlsKtO0SOUc6TJfObZdrTEZMW4rfjNBTF1aK579M02-30a3ERNJpIqYbTDf51tu34oDsbzltV3sexRSVe6VN4DiK0w1ArOIzlq4AOxnao8xGNyvF63-p9RKrwKprkLRK8Zxpof4YCvhMDrgTetVZcistIEn8-Q-h-HqpqHPYrh1o48ISmyrfFNx4Hdzh7Hf0r6MrG7R8M1LNAuXoubB-9uHwx_FwQ3wk-lOVVzEeTPKp0vcpccsDPVw6sxLYF9T2UDjmLZmKdHspfr_G7FRD2guLGqPrbiCSnGx-MsywJuUbWtYvCE2OwjQukxI=
Marseille,49343,4,France,2026-11-30,Monday,06:00:00,reggel,2026-12-05,Saturday,07:00:00,reggel,1,1,MRS,https://www.kiwi.com/deep?affilid=mihalymisroriflights&currency=HUF&flightsId=0b7701af513300004bbbf8dd_0%7C01af00ed513400007cf75c4d_0%7C00ed03ab5138000060f58828_0%7C03ab0b7751380000b2450b11_0&from=BUD&lang=en&passengers=1&to=MRS&booking_token=HA2Z5GCRNDmhnFH7bUmZ9Pw8NX59A273-Kg_2A36AQ-2NAXMvBAMmZScRoxL9cYb-TDvA0o65wl_wfB6dUbHQOTDTq2f9i_9IGyVc9JMbOf-bbv81J73QrkqTcuRqM-0U-ie4IobT0FY81npV0lDPNqJzsMwKZ9YcmP9MJ7fDBJQhjjEk0zcUeaWns3Xqnvd08GVdgnCEyg6I5-0juKb3wRLQmVe8QhSo7PWTgkPARXABgfVq9f7CJoa0xH4xydZRCRdD88CxprKDI7VBtpiV4BywuQrEA8940nlrJ_SAP3n3ghguTqM1qzXYWBACaaMEa-dhMy3VW41ZzhmzBs0SmpXmxJQ6S-g6XE3GpI1DRLqd6pWnE5v4LpzjTht55xtTPO3mfDvOczTLT5omKPZjJFYQXsNEQ5tbigtxe69cv_hElJshuZyCpi-UZy61xmxCcyJPcrxl918WX0FVySJ7z_RijgUqA1aCGhnuuEJaBhvNomZbNhfLNYts7JA_ll6f3mhJCCFP836XkStv8Midrjap5uhMp-EhsLLMa268OUYGoi2wRaNRbnXbnIQhTLDPKPLqlIW7YQg0h3lyT5kdC2i7yHKqNeNoU--h3oKLIJ5WWyfkEo4wR2uL88MDVflVXrbfkohadPn9VRUCnrAlitl3rzUF4LvicDUkDUj_sOO-mxlpXMLBtOScGagjnJpVdU7dEPm3dlgCq7c6S1-Vm0Z679GhfVWqlpzI48nZW6ma0_C42k33EX5USDlVURRAnZ38E6racyP93knNgf9y36qXbeZ4X41wwDul3wOlSIw1puJbfr3imO1g9_eIyz3JWbZ9EibLurQqsqa5hMnwxspxp6SAXZkWM2Hks9FpHip0K3WdBfhaLkrn6uBW8G_VkeaSKQtG6Z4tEM2wIgObtsWQ1NTBIKWjgFjs67qJNizQmHvHgBMjo_m1iaUjjULThU1b-SLsDvlEASmIVSBUOtJ79AZeLl1IKeJI45gxd4wwHrhce8tkeNpd9kB2mRyGE7nvPk1WRGOvovC96A2E_8eSero2ZuPw5NEwMFFy6y_RLE8HZ4HaGK8suXEVrnujOhLK944g8sKbtZbbS3tDL67cvPttwGpwl7OwIPadzk9lgzIL3CunNf_0tUeSCcckv6uEOy9-5DqIvA0lpeyIIbiAdYObP2QrhxkZwgtYhy09r2b6pluK4YfWJCOw9JLSZ5iKjYFFALWD7S2lOTRKOShsl_HyDpNTLTaAhe8O4zYm0xMEFW8GejlNuZdlsuAHhjbHyxSF8AVR3T9KqxNG0S2MG5NKwPCuejC4tyW4-ao5p6Q1dZ0O4S6h2HRh6FKnQ5gna7PiaYGDRQmSv61AfHmszfX3PfhxN7cArOqtsaQ=
Lanzarote,49437,3,Spain,2027-01-15,Friday,14:15:00,napközben,2027-01-19,Tuesday,11:25:00,napközben,1,1,ACE,https://www.kiwi.com/deep?affilid=mihalymisroriflights&currency=HUF&flightsId=0b7707f051610000b934d6de_0%7C07f0073b5162000032afbd1e_0%7C073b0cb55165000079fd07c0_0%7C0cb50b7751650000174851cc_0&from=BUD&lang=en&passengers=1&to=ACE&booking_token=HgFcNBcOAnxGv1ZilI3i6g4bWLFuEx5RtimBT75mvZ73dD53HzFD9IBFncGHcfOqAboQfw3oLJ8mLCSzUUj96VNLjV7-pp4Mph66RVGW4K8pJU8sijD_fHnLXOlUh1SwC4EnpdEc4sCiFS1v3CM0GQeb3Vlljq2Y5M7B3DXud-1hXcYxEN93GOa5f9u5Gw7rYsjenLA8xi-pB84V63vRjbAdMn8MZ-VNVRBUmXOsiRJgqkmm7a8kfN7dGvPYyRmAG37IJJ9rySQlXgi-g1w_9tP36vmog0ds9tZG7uIR5ee-X36i0enzrgFCN7Jn5CpgaKFUJuwPkxZAsqxRu4h8eIzA0D1828vgN2ImDiLlnL5d7VigtXf7zn3WX0GsT3zcmEqe7H1iuGSTchEuiVzNlkFNkVMAA6Wecuhw9przV29_nKfua9Jn62V_M1tAFX1VbU5bu5lfSLDjEMaOJC2iG5-Ql-X9TdmdVy1HGaeGYzVxEgasHCJG-XJ_UbqIVFGcJiFpjaGGXqNW3Zw2PlwqdlXX2567gydERUD9CWXywboIHxn9d0jN0MVTLw5d46dWH8U4XF2XXjjG0r4zMaslwNMCp02EagHQxNxOPV2SK9rO7E9oRxz-wca585T1zkMAFSrBR2jBRDeowdvWEJcqcApSuOjGfGzMrPoyjIL5BAQsmfn8Fpd-r_XMQypTTeymRq7fwKe-_C3SZU9wUMgqkvldBRMXy072GapZTGKkZEOr2a3N9k17_PtenZvEw_ThgmD67_90j0pFXCHqAoTtkdBvpTs2QdZQQ6gm98b5C30AK-gdiA_c7Gr33VsSLPuodJD60oVBLLPxYWAkKThrr2ju7AfGA72XPyhqttE92cY4cyvoRkaWLWnOqG6AzoonndCdrLb_zUIlm77n78Bol8vElUjYDqDUvtNbxjAkYFPS45VhwHOpsiN9sck-M72JK1hd7RTCzhuOEFoxaLme17QL3UydATvvTV2ZvoGVtzrWjdHKAKkKneCw03erBC22g9f2AN-6bEzbnRiEGRGXNs71kmtckfzHwx-vCWL2aSnU996XzWLXFkjMGQAMJ2yeqzFB8nAdks1IS47I97AKNZFS6OYLea8_EQELQL1oq4HoYkQnRGbjA_qzQUJyOXQLoFgwmHxxW_9bBVTa-XvBBFRBmCOYK5x1wVLA-4sDe6QQSO3NbZVElfoyEEfjGNgCDuXjtvbaLhUpt8n8lOmjN4PUwaLLSPanWEeKLe0RXtmFfF-CGXnARZzb3HC0nd_QzHEBT8xR6G7syNPz2zZXjLLceHjJkHA3VK1czXe8bIPMknjynGuG1O-zGVh3LvjT8wPvqADo5-vsu-xFa5kZGJwl3fvUQ2Unrp8AzRSCF_dI=
Faro,49458,7,Portugal,2026-11-04,Wednesday,08:30:00,reggel,2026-11-11,Wednesday,10:45:00,napközben,1,1,FAO,https://www.kiwi.com/deep?affilid=mihalymisroriflights&currency=HUF&flightsId=0b7722f55119000042b86380_0%7C22f5108a5119000020be5e89_0%7C108a18ff51200000623e6cf1_0%7C18ff0b77512000007f35c2fb_0&from=BUD&lang=en&passengers=1&to=FAO&booking_token=Hnqcto-awpZ_GG2_Qvs69iU5DLZRwfFhMy8OYPU8yftlDn7mmZ370hkrpaJAT73pgrPCHY4dOSkw0gprKDZ6ehHjMTfsqU01IbthP5iEXkxRieYJmN3F-lBv1EwAeEMsAsHE1APHk-7x_eSW41g7kyGUk-YYzLsg3vjka9opdxmyGeyAaX85hSLYQGnyRFdRWyNOBjcptsI-Peygc9fjhuPP4xJbjSsUqx-SkeMWF_Wi8bFQmHrqLBHtnL_tPk5DCbyYlsQW_dj17dsg_pf_GFlIsF0rEFUkU66Ulc-K80hVM5kGs5MJmdNVJKjkfw1Zj3mIQ-sz3wTs54Yi5_30eJ83I92FpcEAOHkmBX85ZanJyLPwDF94_Dnco2Mix4vOPXg7iLBzRBga5z8PY5HFIYIzug6rcwyAjMwYldwRyKJVJ61BiKBx_TIJh-bcqzthq3-fiLTXkpn_72QVnV1FW1UsAxL1iGfodKyiafYQHyXG-X4qh_TOvFPSd2F90sS91G89x4m55v0lBd36mR7X83n76sI5ckQ-XMJPaF8IPnzKGjYPsIV9q0akZCOlWXDXaxFdnpShW0eEBoEam7B1TTaC4jtE8EYKyVtDbsCtK7fXx7Z69kA0HIrkB0aQq9KyxbPGpTIhJ17hbAtnhQeyoLBTCcE9z9bvoC1c4PKIEWahyEVyHOZATTRl6rZ-yEOhzoJE3ax2Yr_FM5lGN-j147kCkcMQ7zdrAX-Gez5y3AvKuur1YK-j6crcqw-y_6Z1pGagcRVo7aFpQl2EQJryj6bkG6VNQmk1RAkTZMJAVSOTwcl7BNBT4xcvo5j7I83gM7_sr49hXq7y8ZcWIQ_7Y02-wxlAubvOmovr_hQB4cm6nNkYIIYyVJ4N9MwcQiM_SNYaYubGM6rD5AsQqCFbSDm6zBLkbaEmuFZfRlF1UCNMRgcU1q-ZsJ564Uxt0kWmiUOlJgm3Hr7ntApGj8gTYF_ORA0CrbChEq_LAqH2hrqyqo7EsKyXmYxajWHaXKyMxzEkAlCMFaYTg2PN00rK6w9pa5GkgLNdAq7rS1IIpZfES8R92rFIkHHa2CpDWxIk8NqGOeVq2sJrEI534h0wt6-W_cT5tOYm83GK4lst3ag9gx3NT66y3KlfDYZjSTAgt0SeUsciczDfv6SnvyM7ORGASBHY_wfoWYdPaHawzfdh3BehuNtzZ09qLeu2ys8BXvH2dwL8ZGgCsRrOaLSr6RUBYWcFm4gSv5KzlZNl53APiOn6Tig8oLx3OUeVQKmaw_75Eja5nRbjqJNHzFnJZgbV-QrOGECweUBmYCX24pQM63hiokfa59mHaPfTCB7acV6LBdklhARpo4f2MJIxhGiLHUNQ6jrs0JssfvbytcD8=
Vigo,49683,4,Spain,2027-01-11,Monday,18:10:00,este,2027-01-16,Saturday,21:45:00,este,2,1,VGO,https://www.kiwi.com/deep?affilid=mihalymisroriflights&currency=HUF&flightsId=0b7707f0515d0000fb4dd786_0%7C07f001af515d0000bfd0acef_0%7C01af0413515e00009aa480eb_0%7C04130a2251620000d4b1a483_0%7C0a220b7751630000ce9f5e43_0&from=BUD&lang=en&passengers=1&to=VGO&booking_token=H_r1QG9v58bpOIURzii7CX-rW0AlFO00iddgj5_sK84zPkpVtlSbFHj42qihcAQ8f3Z9hZkYCkOvkLiH37_cc1GvbnP6q2UJMaZlEYbuqmzNv4Z91PQJySVSF11nLYJUd_Dbn8ZP8rkNKgoal_D1HMoXsYgp6sHTsSRv0pMqaOYa98zW7SYOts4RDt7cwEaOdqqw_PogUKSjcrIbfpo0S2ECb2xS_9OEcwZg_cXJo7pzW8VD0n42oCL5KaE5U53Eq28O8vGPKPw7IxJH8LsXuOpP6yJz159oaroNgm_NalEWOd4lWmQiGTHqmm62pGhMsecBc_mRGmln8ZymY6Ni7K-I44bHzSCavQFLDXxYmevGg-_UcJWTCuA-cn9On2RTLefeB-zkWpdpf4uWbF_m84JQSh0JrrNtxy-69ajwtLP4GT8Gc0ybNRJ0r616zbGz1IEaLyTPmybWo4n8fo2dVqfBB8gRXZ9GRKelRatFWTzxBP5RDeEGXDsWBih_6L7A4ZyCHYcmC7bnX6MxnxlTHmVxfzaW8MyWIpRaBjIENyUxfXpWX8iBTPh6ubfiGiIgkRRVZEsXBk-0iI7LaD_RfOq1Hz23Da7wU0g7J02x95viaEoyf-9GF3Ksmj-wUeB2THZLXLE0hO4B6LmB7Z8y1qyIryhqu2AH22wjrLXz4MVHA4rqdHpegwkr49JaA7p85qDtiV9t4zIo9biZiR9Ld32oU08tf3FrCpiVH2d4PYSgDROV0LdS8QLIwLcQ1R640unl-2pD8BtMvULbjCQ8CSg1meckJZkVQGmdabMURUU7sCWUJy2ZQTvGB7lHPrXj7miRqMB1GZ5rdN-5zkxGkkL4EbIcYu5LWP8wasg5UO3zcuk2jGeAJvDfDLwjaQHoW8SGkfMPmZ9xKInGv54MW_4blz12AUDAPLcbddT9gqX4gN1hr5xupmmMoXyUZ3j--N4nHY4wUsMoGtJHmRyKpoM5jZNkJyuIf_mB7e4eYQnA4cH1_JYWHMiH6R6vNxiL-wS4-dfdJ9AL1vRL79iwg2t5tQOcGuaDEM7a2MfmqHS3FQJfwHJyww78fZDgN__S2Nn2dXs49dWU7-LsCQ7QniShZ3v7m8akCZCAviYEGUEZeQkYh1AmXhLooFVr2F4hMQIfghP4EmoqYqwR57EH7VRfcY-Qq6031lFRvELbZR1hjRb1rdIBvPVTBfYa19KAin3L-tP9o-4tXx4u-u9ukucAEXdR1KKmmYhV0JvDd9OAWe6gaY73woXEOKp1kGvYdmv73AuhPUlzdOgdgF6FeplK7-BAXdqmN36Cg8t594JEksHbcyViqgrNKQax0xtFrL_tWmvK8WFy-AaXWlJ_fg8_4xKSjZRNAxxg8alIfE1lcjiD5r13LIlQCKIKQO71-Iig-gaM9BD8kWp3vtIpjQvpa9BpaNIglYyzSRjO_rS1_QDXxVc189BZ0qTImm9JwmowejejdzsYcPoPqpsWmfJZksRdkrNZzolqo0v8JFs8=
Denpasar,198251,21,Indonesia,2026-11-21,Saturday,11:45:00,napközben,2026-12-14,Monday,08:35:00,reggel,1,1,DPS,https://www.kiwi.com/deep?affilid=mihalymisroriflights&currency=HUF&flightsId=0b77009f512a0000061dd440_0%7C0b77009f512a0000061dd440_1%7C009f0b7751410000a07dc81b_0%7C009f0b7751410000a07dc81b_1&from=BUD&lang=en&passengers=1&to=DPS&booking_token=HVScjqIe1dbM9aK7wMLzgRXPnsEv9Hq0bOjV1IExXOSUZXlVwxm7dgWeaeeHedjFbYrpaAl7xx09yDnLs5Xi_Zoz2qn78TTlDFLhdqZFnHUKenVMSqu0abRmYMSeAcVDPHmRZhBRSdgjpk3RgfjF1B5ebLKAngxuwGfAmUHTpSEgB0KzA2PRK2wD76Dy5E9NVFUhaqgoLoUeG6mkRYVk4P6s-iTNzrAPVgw774yuwLnUyEk6riVuobsLblYTlCCnOW5ebcXvpkq0qCtX7RojD2xHLYihVfL4cSlpUdZ7IERwMDzTeFDC_mSBAMiJ8WjX2zfP_ZRnYLBEe0uMDR2_pnKuOU9_YYNeAokbRny_UPJT1I0CXJsQKNlHpEFqotLjHiekvLZQP4Gc-eUXN7q7Z2I3BOtc1Ef9b_Ka03rI-jXRvlkHcIXfg8HjZR0B7s5lWZs4JUUOgk0wNsBEKtO6GwFnlfgrbyTM-j8ftqHzud0Od9JT6KwoAy3eeGuqb90bBcrnUDSamvSaq7Da8xQOjxWBCZGjz6uE2rx4HPwxkyhVAKkOScV-Pvs9yvyeS-Lz4dAfPYRE_n_zIUWka-bLjVKVVazj4djGQd71CWC3inuzkZ1QCCp-FoFX7aCpyvstt0ij5tKlANygDtk8ej_IWAxgzH6MkJkyFR44hBikUz2qDojV_-9vwdA4D8WcCE-J70sMZf5ksxAwWQDjwrJXltEacJ1rltw88BO9M9Re012n0VZfxQD1ebnbFjIRVEKYUgG4vmzS7K_TDtQ8T_V0sCc8LGJdTmMRULvEp6-y7l1n1mo_2D-EoPSxKnWUc7A83pXbaTDruy8PnCPiu2naIrFNdw9yy4fT2CoyLIC1v5eB92BHmMNyIeui1oYDuDaDo41WUM20doUXeSDHIMwwgVVtAcPYtV6jK_4ObXKCNGAfhoOytsitnLPUGsic6KyrltDVEev71mUM5fECx29Gf_i1Urjm8nSxdZHNfCEFaRdhjfmVTFOPi_HdMQw0EmmOwdziRaES2dgf5WRpajIoSCF7w8sEc8zYVKH5wYuddUN9q1ZoJ4UPFfR40O1Gw1VoXDgXbvMPsXNCV1Aou29jzNrswQ--OCBAFanMaJCCeGree5QxZLnPcv4BZ5cR1kJafxa0kml15vKWdzUgDmjY19IDk66rmulLya7si49G2RvHt9iSN370qfYUMAnW-72NwAsZTYp0xRD1F007a0TREKi_tHpNQUYmi8YFpz4W-2DqAuTT9z2RhM_FB-BQEb4IU8hNbXwRY4Tn-SG4AsouPAg==
Denpasar,204721,30,Indonesia,2026-11-21,Saturday,11:45:00,napközben,2026-12-23,Wednesday,08:35:00,reggel,1,1,DPS,https://www.kiwi.com/deep?affilid=mihalymisroriflights&currency=HUF&flightsId=0b77009f512a0000061dd440_0%7C0b77009f512a0000061dd440_1%7C009f0b77514a00009d1097bd_0%7C009f0b77514a00009d1097bd_1&from=BUD&lang=en&passengers=1&to=DPS&booking_token=HaQvHkKlf1p9W-AiWoGc0Qm4p6-ngDrMiCPythAnw6RwSg1enailA1t7HFAoJ6EMWOg_UL-1-wnSRpCTnB6Qq5iQgYJj6kXQA0v220Rk_SDhF3A6wNaH9EngrnewTCaouEP8gnxs7SCFfA_0ZGIcVXHPvvaS-DDtP7bPXiJ9aEzS_DkBrXktELF9jVZUEyjcWwjjpoxZuCJghY0v7sAP7uUBDiUqah-6CPh0u7gvkh3Qs28OjkNLcPPHI5SwF0rLLVK0YMPbtgLIYB7Z2hpQ5Zqdn1GksF-qS0_ZDIODjKb29fLUBmM_HTyEa4v5bL3weqmE-5uKczAIVHdIPXBFWAcs5GPZcKgnfvqq_7DkgNB6817kSO03WdXHXjxOXZsdt3tLOM9z9cNNr9GLTACnkgo1muUp_VLG6XImjx66sLOKUc6vahyadRhps0B2Pikdzs3lXOOLeNaGXRMuPvjAPnl91mUbwXSKq7L7-ZF5pDZLW1ns5uhud1_4kAoONvG4DIbQOTw6TwGAdk26n-5BP4-MGHjoYOXYDLFSwfLcc8ag2RQlbEgAKw6XlebGEogv1NYzewIPMXq-5L-TLXlbNfdu52HNjU84QG-DQ2cLRx6fdnvj0Eoo9NFm8_3Ab_wAaFIJExkMHiRE82KVzMSjmVWkXZLJ1GeLWA9qolnm_hZDldNaIYfrGQjr1UTDi-IHUJJs9kjE835VpDcXLTGpYF0vTnh9W0ONUkrkIpZe1k9ZKoEPYkK9yIm-SyDSxrWQw1TjoRfedTFF3qHspWQ3Iou4e9lJb4Q5ElGFGKztcIVG5iPZW0S1GGVdTeEdCR0PJeRi4U4OQkUfI6JodMSj6K6rjqTV1EqmXgLqElIjWU32lKzvVp3gUemadwK2sDIZjQvsoicMfVk9tQPrRdNt90aE7dQRWoYVfT6rolS7IbT0svo5L_-LW-pjxauer5VTVK4IbiUZ2JkOKIgeGDxeCxMpeJ1HNKoPVyAyI6b7JmIeiTao-fdWh7OYVnfz30QLBFCazFq2rQTcx2-9PPJ14le3CRKqTK5qQJnP7av1CPqgN8fClyZ7PcK_aF07af3SgbA5xgQ1OOaUGj0oWVsBYYLbWIVO3YXPmJeIo2GAqBxBRdH4f4mG2NuknAfbnx9PM4zGQiixltGn0c-s3O3gnCqi_ijvDg0B0PuhH30C47J2JqwvsVvfkMFUJsrvW2grFl8VQ5-ahbRzFcRTR55StCrxHmecqHbAm0igTbUsZhGYjyhUIzEpCb5CMetKuEFIMsocAHSUA-goukb_-bzZMcQ==
Denpasar,204721,28,Indonesia,2026-11-21,Saturday,11:45:00,napközben,2026-12-21,Monday,08:35:00,reggel,1,1,DPS,https://www.kiwi.com/deep?affilid=mihalymisroriflights&currency=HUF&flightsId=0b77009f512a0000061dd440_0%7C0b77009f512a0000061dd440_1%7C009f0b7751480000bc18069e_0%7C009f0b7751480000bc18069e_1&from=BUD&lang=en&passengers=1&to=DPS&booking_token=H9bLVdSniPZxc12QyIsx_rTFraqxSEFWaNc050P551SwqR7A6L8GSdm9q-kczExmgFmhoC2P5OZe_sDTiuLV0A1s-0RYNvUNlB_kLjo76-m9WxzXyAtYrVkWAwcUAwIWZqsBO6_JWjLVXISmiEcaVvrqevLDRm4lM8v0GBYgR0ugWBX6EG7eYBk9f8eRSyApehdmI75_tfDr47ovgeRCZyjPZoeT2UELcycZ4GnfbmfM1SeZl7sjiF6KYIO7GrPDXjXVf-UqGZ7kzMV9rJu6C4yyM2FSv6vRazCm1DRugFK7e-Oj4xhf9Qb7pcrpDWqIP-bjCa_P9pYG-ZwairNIl6eb7_z4CIlSvjgQudZVGf0qn6PTsX1e8-Z6PkV8m0pL1rplgu5Jwx_Y42MVDGIiiadArXukNxv0sE8awSgbyctd0q7EHEjTbGIhmqR-h_pSOts7Ld7h_PWXiZ2Iwg1SJ7aHFvOhchiZPl49ghTz5Koftr5As59sSeKVqNn3GPacEjQmsPRqwQIIv1vimB206G5q4lQLZgD_bD6Z9Y47bZ66xxBYxrhtnNxOtkvabCD4hIR6LSa_jj2hqLFcMuhWruMROsPPOBmB24xXfdwvHZrgbsJ_mG4ZapDHxINHJ4V7IKrP92bE5H-n8OIq8Y8mj1pJtG_nNJIY53GEdGU6RkTduF36UuaS629sWGdf5DFD7ytAtphXyr8VqYyUK6l_zhIOM2tl2RbA0lxEIlbkMmn-x2whuhykIQbD-Q7vYoN43j8ate4r-FIZtDEPm85X_1dRZwjb4XqJvTbbUrPaC0zRMH7dKRAZtd1CYP80hq3Suvq4TcfyZBxVYdZC99h_o3TNqHox-tYnxtBUJQ7-HL-wHaAwe_nEpOVR2xwgi90Zzo2h05LJclOw_ACEZ56mFd3-ZoiL8N2n_9pRLEFTZvHPOiBwRmsjadqgjicvpwhibAi_ksgK8WYtWpF6DTbIW5px_gQoEuPtNkGuO4d9yEnDIOGMImZrqFUNH7H9MdGH1AlBtjlgNnFVgONyh8cer9fSYiDS6n4KJA5pqgL5PcVrVmnPlwbKbb0DoWssR30Dazlqxb7ADwvttf9zeLDWJEy9BWwJd0onxegPIeUTxjqbW8PpevQxmtx_zgH6aRpULBxBj0b5Xk5nzyfmyI3HuM4ic20j5_WC4eNgcx1G8qmAwr22xpfm1oHK2haeOvRIVPi2Yybxf3hKjoS59vWwHWSl2SVZFbKROosYHKfg9RlDGizxuPyaG_U2x25N6t1f03fyxHdfFUT6ZKMr7AXSnuA==
Jakarta,207154,14,Indonesia,2026-11-12,Thursday,19:35:00,este,2026-11-27,Friday,00:05:00,reggel,1,1,CGK,https://www.kiwi.com/deep?affilid=mihalymisroriflights&currency=HUF&flightsId=0b7703e6512100001b974706_0%7C0b7703e6512100001b974706_1%7C03e60b77513000002aca7c40_0%7C03e60b77513000002aca7c40_1&from=BUD&lang=en&passengers=1&to=CGK&booking_token=HGWZnWBjp8fCTwQCn06NUTLMTIp9-QVoSUlJlTdkR50II-WQdW7W-ZUBjndZZsdymzGfUttUGiys8oZ-o10PsGSueSHbeyUZ-kDBXUopXEHx2YrhH52QiVnDisK8ISwBXA2p2hRYoeoKQJgwfu0p0u_IcJJAg2C6LwjoDUmFeSmVMuoh_TMoRy4ikwiO6ksW4wOGgxjKwBzZNRCaOrQ6f8HRjyV_FM7nTMgjlk19cUJteWC0MuvPeDd93eYKJiTg619hhFoKiw3t--h0e0zjh-LugdT8uiHUhj2SfbEkacCjVGLbFReLvjCuXYzC07T0-rGxa41_WnESXJES1jkwMePotu4x3JGCFmTqAXa8A68McD_UF4yNslcJ4pVK5FNoM1PxYRpSkkLEnWhX1r8Bb1cFpa2e4q3FTGJpERMvzWr8AG0lMqwXeoxnxeNk-HuYK7DvSPDF5-I5iqC1JICC42ssOmRGHvuXZCZSwkAeYdS4ey9n3iTiJHC7KgwTNGFS-Qujks9dQbAXj8mLVM9HZhdTyRYiiNfAKIF6nIQvXr_vyVwohsYki5VlAk_eFTsWMv9j4anO6g8MLFlotg5BSWiuXPbYyDKYbw74VaOD_uWSsJCEZZWIikee_mVAXugs2LfSvgfcXY9GplC4xq0Kg922xutM7WAKWA8MxGATHfTf9GJdqpkhCm8zAFeKs_2-5FCuFgBMCCnQJeKhuBEDZV6lJpgLGOOevPfo2kNFBioza_8xpysfUPrpJ_pDR2En6vVhqPkxyAr6yxslxd6omekXkjgbfm-VOcp8AP8APrim1ZQUo7BMia7fqn0cPIne3ybOBjlvt0TiKzOu9TunEpH72P0Krarn6Gv_BG3F7o4--xta1jhqebken9Nq20xXb_1V6bN5g-aJ9zZ5kI_xmSdM82NAcwFbutd2x4Mjydknl04XnYCc2umA9Az3gxrbf2MKJTqgjKA69RxZJ8VKAc7vtl7xRhILdlxsZHWKOs3C5lMrtTKeVVBKKL-F5tRnRhsqrquavzy4EDxJiG4Qk5GcFXG15BAEdZKBLMhb1ERNW3BP9WskE5GVy3qJWRFqRl5NVzRQS9O8xpbAITz9IWssItWM3soCcmZCSbAIOUpYDjwzlsjRK-7NcKO27_7wuqkJbBlFKkPqnXFf1vDz7WTNDaKdLtQMq_T6HlKP8mPeeyun4TLoruXh3K65kc_ZD7qZa5SVngiAyRWeThQPLZUkDB5VUGXpYMFN_n66RysckS9B9ljIsxVOhwMlbCNEl01ShpWvbFR8xZWHOJs-40Q==
Jakarta,207154,17,Indonesia,2026-11-09,Monday,19:35:00,este,2026-11-27,Friday,00:05:00,reggel,1,1,CGK,https://www.kiwi.com/deep?affilid=mihalymisroriflights&currency=HUF&flightsId=0b7703e6511e0000d328ea53_0%7C0b7703e6511e0000d328ea53_1%7C03e60b77513000002aca7c40_0%7C03e60b77513000002aca7c40_1&from=BUD&lang=en&passengers=1&to=CGK&booking_token=H6Fs_0FsruDmjoHbxzRb81sxGgX9j0lzLlcIB4q7vNSqQtTW2Zq_H91PPNO-1mpKTuSXEfbP7jdprwbnT4o-IUn_LeayhNeuXkfi_424kaLOnCFiwgXUK5jvHGg-Pj1U7ebuyJ-i6db_VZGQAmJr6vKu7gIgTkwwc1jwzdXPxgvW3CmZlUJpzfn5J0AL691m4ioR6xwvgGjVT-iGf_vOrk-SKi6asTf8zpgoyaugBf6ArAX36rgMIf3_LNMj1uFMkyBjpqd3ZEIuwmBGrFItStOuf83k8zPNfLnOoQWjKma1pBFwHU-rJUhe9wb0qWt1XaZw73dSOKDi6dFN2LXl9lBmUmZ5NDefVaGFBt8Cq2FAjfMJUj0y6gqKrS_zQRlOfq5sWWA_v41DMtrpcllO1dhZkX3Fkle6GZlmhJYSv7VltzXq2-T3D_ZC8PKFZFphKOiHmL2r9dG2757uM9ytNZaVvf4YyZYZxSw9t2rEfjLpd80vizvryULwnI2A2FSjh1PFeM2RSPizQ5QB66c9kQ41fAZ48PhOQrmeoqVILVlps_UraKcdtXi4jLeWpAH9LSuto_IKN2ADZHXgThHdxtg4BRC_o_Yr8hfaXy2IJp3iw-zS65PuP9FfOmt5XXo5ABtQuNSltpJ9ank2ii1nLqMVsKKLH0ouFwG0CbNKlCYZ62Vv1WfyqPh-0jWy1rYc3t_BDrxcn8YscR_mpRNZLZPs4G7_AfKbCq5FD4ylrdXRtMlU39OSlHa6IeLIV3SFEIEYeOKK2_u_FvH2rGjl37IFjT7c-SfyXgSn4dPLFtTARiiULRPPZGqc_aZifB2SjXi4nXAI5oOg-6qVfeTy1X8yzr3O2PDs5nxQPuvz1iJAtVVd2sWLIbpxJX8wBv75Ev8C3MVY67dPNcLlr0Ii4bYKan-GUkaBca18UKDJY219YyJ3PnnW3Yb4hfOOgB2uyCYe9NolppHw4owhWwYNXT3wfGEghoXTDJm8Zf-AGCMQCh5QrH1tC-5DpYj7L2YMs5qVIFBwt8MnkOjWOXfcqY_4nh5GtaFqAKx1fvFMnM_H_lbZcrZQjG2huxA8_Ryqk3Z55baf61onGGnFX3DLjIzOENMDC-lzwLkeNcx_Z1qxvvFbCglI9mBrKGn53RxxMux_35uT5vrwJZepHbSjkMOy4z0y3vTZ1fkPrfnM_9CREbHPaMa2OMsR0riikX1qHIVUW43JSqpb1r89UiWLrHudPMeZdwFPZ9Sv88g7i60EJKwpH7G_RrOAgXwikvhP9JYrSWhmTtIoLoCR--lfTtw==
Jakarta,207154,16,Indonesia,2026-11-09,Monday,19:35:00,este,2026-11-26,Thursday,00:05:00,reggel,1,1,CGK,https://www.kiwi.com/deep?affilid=mihalymisroriflights&currency=HUF&flightsId=0b7703e6511e0000d328ea53_0%7C0b7703e6511e0000d328ea53_1%7C03e60b77512f0000ddf96e50_0%7C03e60b77512f0000ddf96e50_1&from=BUD&lang=en&passengers=1&to=CGK&booking_token=HUWYM7HvAj3DjnMmLsnmmGV7M2i2lGX07D6VPfRJB4IOOgdQNwpFJbsSxitTv6XNFKX0CdfuUwFSIoTu-rvm--bIABvrC-sGLXZXpjCnroo8EHrxswyYTgxpsqsG76avuJt7Jh4cHTWP8dJiVUFt0bB6Yzv6bYpfaeQ1D2zr2SdZPH2Ro5JHcLdrHQhVTb4Svz5Xt_xOOww8B44fv8x0hn8fiv90VP5OeuQtxa7clS0G43R09P94FPiIuStlEe75FMP1vgSUfKnjpRk9pbc3208BqgvS2pC5I97IdgKtCtOMbP9RgXMQYs7jnjb1qaD6q4sMsib4uBg4VmP0p5zJR3zvRnGUYXsHIee1-Atcm-3PSE6mrrI9n-4mrwV137F-hyzZbyJ8nc_OxoLhoZw54-OhzwZ6tvx-wHdjWsbh79__iCobChKbMhQUpLEoCjTjkGEZyT-gZo1cZu8rfzMm55Nfx3GWECQBU58IgdymyG5Tl2ivP0_QbUjssAqnE4HqqWzKFGudhO3stTk2-4UW-VjeH2Q-HvZWN81RoW6HWj8idG2iTHGPOU3jRBQ2anCE9JnJbwcBqcWolyDpkztvQX5rwDDsDBrOnUH2ZyG9RYXL5JFcF48atjiojnmEvTHj3XGf5WaqWuMgxqbSighpfdPG7f21tx70d43J24n1XIQyxw3gKOFf2U9-XiqDo0JGzdl3n4mwlb5JqnSWamdxZw405W5mDB24QMNHrSqcwEZODJRR2VIkILGZglcGXGS9AHsQkUodBwwMl4aDXdgdZczTmjRPTbHaVYHv5urE3xr_2PG-Hv_Puxvi3Ea5s-roHeVkeBMB_mwuUQhgKyHqBokI72KJ_C5KNiRi5uBZxW53EzIY6vj2sYI9RdWhN6SxeuXkPJBuJVJnc5xxGK81em8BkGaobQSyz8amQuF29hXL-V_gn90s9rYfE-XhmvwJgBaTfVF1qtB9WjalFJURaDA5gjx5H00VWeCv67uQvqVVIxZLawGRzx6xZBykF788UHylicTCuZbbw9S71erwhuKp0H4yMQSUgEVtCKWWZAtUXG-hBifFF1wZRxYU1YFKIhk6VgPlkWHru3TR6GMzApNXdR4kQObCTpnUHhxSzR5z4bgJq8Z3DClKrxLkA-MZg9QvUAW-0wajBq9MtK8lBJcPHyNrn5KyXeyoNAIL9UeK9GeDKmnGkGDJwySEm4-M6dWJaoDyllweMv-Z6BThRXCr_fljNSZ-AOR-8efZ5O_hsaj5VJu_MmeQUeDFCEtb7nAjeo9kwvvYRVhyuMng0Sw==
Yogyakarta,236823,23,Indonesia,2026-11-01,Sunday,06:15:00,reggel,2026-11-26,Thursday,19:00:00,este,2,2,YIA,https://www.kiwi.com/deep?affilid=mihalymisroriflights&currency=HUF&flightsId=0b7703ab51160000dcade716_0%7C03ab11b6511700009cdd1537_0%7C03ab11b6511700009cdd1537_1%7C11b603e6512f000013a14139_0%7C03e60b77513000002aca7c40_0%7C03e60b77513000002aca7c40_1&from=BUD&lang=en&passengers=1&to=YIA&booking_token=HJrbhpLVmdZcCgW-e1hJUHrM2Q0KJUJ1RNu96Kh9ofP2224_iQQ-m8MDjzYnnJ2WZsYlA1fxx4rC_Yh5Mv5LFZCOr3ky1rk3rS5YZ04jxQkyWq2RWOj0e6yUFlazSKRFH67U3pFZ7hGCpc6jur_w5ZerMFcUld0zVp255zHVC66IOmRoGzET5iBbGM0ICMSLkdJ4sm0THzIxOt3YmCVCGWaN00ppPpIEqagX5estNQ-aTTXzJ_emvGPBf_nFdUYNWCKPZLDPEqJ_TGSGC_EKTj4rFgXRorkBQ4iLLHVOwpLbT45p6RTzk0Xm9dmqNY-BVo9o6A6SDMsgI3yL3p9lmhPLp2bXJnwXmGL2ihG0QLfSUC4OZlDkVNYT4ZperDO6G0AZLxUqzTfb8cU7UGrkx0eL2vAvS1Kezrfr52D0vHySaMxRi-UJUS4KYH40eesVGUztJX-jd67vjbuiXeCMbA3SMNLjF7E2zYaDgafPFUUjqJfEsf_z2WWd3UYXQgOQG2b-C3OjM2lWXGIIoxk-JPqG-V8VnVsDdf32bcy9XDDbS30rJjn7d3uowtLSuKABoNORLk_BuvqmKPoujoSEwhXGdZKhkD2tKFq5UXhHw2xqm2YuPTJW14Sp_GlRTs9Mq6uJxCBeQy50Oc-8k05TkTXF0_O7865w2Kh0J7X4qHQq6rMdqfy61Dj6KlX702eOSo5uOuDLd_wMZt2JsIBTN-piGgnyPXG1zTChMoz_33W1jAaRcTaPOejxbz0JvklEQ_qSyTyWJMmKd35NzeaxtQ9WK9hjqIBsUJ6JAHoC4jhIV7D_NvTzBqtNz884Iixc8Nhw9J2vwEy0Y_P88_JOJOMOwlJNKwy2kFJwpgbk-Bg5mK_vNuekojLZuobAw1GhXAWk6i66Y-wYyoD91JSLoZGhJeod8dolzttMB3pQfNKsXw0Q5KpMik23cESV3iGfXNu_TJ3fE5H_41B4j4Y_TJNHLuHRwcWJXWk3d2vxCGFQ9ihwSEw0lV75G6X692Fu3WNyvko1xbgWfuFnT78KqlmtR6zpLxtLPgf-GdMJ-WZDTue_sUKJd2G5WBl-W8TrnsgXy2ALxoh7VE93QU-f2fcZcqfE8foVD6IdsRnCdDOvtdaKBaCw6LApXVMt_PTFRpiAWbTH5k1GVEMI3WNdSXPaY5gMYTDut11iBUTcmbP7RVzH8reyBmd_6i4-n3E7pR8wr1bQ4UgzMV-WQy5YoEtFwSwof_7RsRYPOma4bA2oEe2gguCSjjRzXQZE71RP1ecFlazWnTP5l9D98M3kQVdwtDRv7mnjb0ZuDif5lX8dnqpoq_f4SFFo-StqSaZNNvVG54oDF1oxd1bcjg6sVaCxf7MbElkYFD8eHUEHC2O9WRnrmJsXJrNXtBXCjcO_zGEtkEjzANyaO4Dl3xDK6f5Q1dVaoWuNsv-N32P8hU5mobbg1O40xauFwD61RCqZx
Yogyakarta,236833,22,Indonesia,2026-11-01,Sunday,06:15:00,reggel,2026-11-25,Wednesday,19:00:00,este,2,2,YIA,https://www.kiwi.com/deep?affilid=mihalymisroriflights&currency=HUF&flightsId=0b7703ab51160000dcade716_0%7C03ab11b6511700009cdd1537_0%7C03ab11b6511700009cdd1537_1%7C11b603e6512e00002d8b97d5_0%7C03e60b77512f0000ddf96e50_0%7C03e60b77512f0000ddf96e50_1&from=BUD&lang=en&passengers=1&to=YIA&booking_token=HwLVOOA9lJwqncVtNxg1GbCKD2cVT14WXOxvdtyX74joBple4-5SLQJvR_Q_orSLpJ9EyO4_NKUlqDyEIdR5sdQy1KpZJSTtUcDohNvZe2dtN26iGFLnHgBY4sKY_i_CJbF3lHIOoJZhPjxuu4U_7cGbtazrEdYXvvhVuVaYtoNm9Ms5806guK-AQ9lnyeYAYK3pNSB0LBtBP7BNRYSAxtEgIqGOyxb4bsQO8p519M5neXzWnSvekTFUN6-_GoyIk28ss4Wi0GRuFaLM9NtXDBiZGUSpowwtoBqlQMycS_VIrt9ErKdD8keWf__xYGUJgDvitFLUXIbdhHRlXvD7HnY8qKZsvRXm1InWugIj7zs60G5iQlnKDpuNOyaVtiAKThYMhN-5yluAJPbElFrrAhMGIlHOsg_uhc-ympn6Nrfks6Z_B1AXHYHuMybVZYoNVi0H3ttQTealZ2XFAOgPrbNU0oeGfyC7lAL1BxCPmdH3Z29HurmxPVAerTPGcw3wj4VZ6SJ1h6wTydyCEih4Etn1j5I8OYueyTt-Wmt96eAvp2JTPn0xY3cSqyNI_Unqw0-XBw55CEOiwIIMjRdxJFuy9QXRqctfhQYospGwPRRJngJOqBKbk0fC1FSOJAyDaXLwpgz2SPDYDSigCeAGXJ2Qqjb-PsdC5CWslaJEVxSYR6k9pnftv1MIOiv7HGiSMDUUwOU8emw4KLuA9OB9E98A8kXMKvLMItB37u_3aA6jf_JirAnGkcu3-kky4tLCklxZjRw_WRCy_o7cJex6HNOccsi35OT1ihaQRAO0g6wva-4xh4q5Dxr0GsQ8Nx0ibj8WxeQfAKX8gKKGvJoG5U5yYkz6mL89MWvcZ9QWCWdhE13Xmd0stIXu9N6M3qVQOpYcV43rLavPm0ll4ANofgT_Q1PToQHq2IVh9qTbNtGsohs7shZ0xBVn9eXyquH8TEMy9qM0UvwF-nH6KZDU_dOwrIEvlvF6TsMRB6pxKkNaGjjdlHZSYpTxqVgYf5lvKtdBaxP85yDQk3nlmp8OVsUqgTfYIiog5e3sKXOQhRVXMZG---yfbIKwiMCyNJ0-tRGZMyy9g4SuxLJuIhGR_QzE1PeI5d6qiLh_ZePC5Jd7Hv-fEfQ2rOuTfOF6Miy977RCUQiqBupfNRC9ZdANcUNrkjcJvDUkU1D0oQJjLJkWQIiH7f4oyQXethb1NoUciB4-cJedDOGazfR3u45Nz-pMjb9-jawkIJWK6Fmbvsf7FCPBHmZ2Xc0RndCl_E0o1LimjVVmpJPBQhofcLC55SRiDyl701ELHa9hoxIfAwLreK5LmPzI53wgFvVetT1TotIz88l2UyVx059-wRbN6IN-OVQbGVZyt7dJZkY7-RPNtJBWkx5rRYtwfh-L0VXpR6BMn6Pr-6zVtscBehcEbRX-tzflFDPHa_9WoR6inBfxaS5MWJeqS0E3WXCg61Mcj
Yogyakarta,236959,23,Indonesia,2026-11-01,Sunday,06:15:00,reggel,2026-11-26,Thursday,19:10:00,este,2,3,YIA,https://www.kiwi.com/deep?affilid=mihalymisroriflights&currency=HUF&flightsId=0b7703ab51160000dcade716_0%7C03ab11b6511700009cdd1537_0%7C03ab11b6511700009cdd1537_1%7C11b603ab512f00005331262c_0%7C11b603ab512f00005331262c_1%7C03ab558951310000c3bbf6b3_0%7C55890b77513100004fea75d7_0&from=BUD&lang=en&passengers=1&to=YIA&booking_token=HuQyAmBobOgHraMaDYaoIrfb2GYbygN5eDNMK_8uA51ZeZQIXhtgr4I49vQb2s6inMaaeNJ-U0nCPSoK_AebebGiFA6ldnhRYwEvsEp3WdPwUL_bO_CqYiohQj9-kQJPQRCMqKhIDK9QoqtXyGm7XdPmKA9Fn1l5jZ3OU2YrIceiWM7kPk30OkxuR2W6h5fMSwfI2ebISGJ0tSXvhgFwCtioRkrB9KrWkEYFYDMXjKkF6Zgk_JpbvO-xo-Nl_rhaIz1zn9iGSRqj0af9G9uCcpyW5tcP4kaY62kH0JquAV2zSvMuMh7kqbAjh7RQJxgUwXlBfneT3sDixFv3K6NF8jn5RoY8OFkjk8TomRF3u5PeparXraeGyidcT4w0aNDzX6kClXoTegVP3gZHVFtrcVPR3KDTMv9bb9rWYl42MTHPVSEo0Qa9CNMR08w-JooM9ubDh2AsNUGPwQG4fGJhaENRc785MLpVsLl703gxnkC_OXUvqqjc6zCRvj3hJhHG9BxR0dPa3H9uA1b46g1vuR5MZxGWhJPsD08sjt1wybelUbLDrrddX_wfekV1gVJvjRPAhlr0OCtO1mLoLlCBWXjgiTBiMpkrH8iE6lygbIBHB0KbDVbhdtlcnjUKcnxR7fEs-b0fcw563XCinskNiduVcFQg6wHETZPhpdGO5AnFTNySmnE04YEk1XTUyMdMluX1s3s-KpNDWzdCgiO0iNpCyoTjqluIJfdtTJQ4oVIruXcyq8D1c-5wc1pUNVEh2BYSKlq-rPDyY76aqyfhQ149_ZHuP1Ct3JWyjg-KqbZ8XwQu_I7RDakleYiWveOgzBjs5bV3usa08cfDwH27JvE3M-2d5OKiq4yppslTm2zhzDS4J40tBRoAkWw0QrKxN_tlh0GObtuS2Q44niGkI6RIKFo0d4jfXTBA8ct4lH6X6TyuyRn7cykNrxtcEiti9KBhLZefzNyH620lGD_pdyNlXJfj3_-0v4GksOEp-KzhROrYXgFe4jNY0RgFVYcsUwB_b94hbdWL1vy5RTmKU1peGKiJr0QaxZH2Bw3tHePimm0oCm1Fxc0L6ycQBpKeI4ZFI3doPB6fmO_dK8xXUA7eErnRtCM1voIQAIIroLzEr57YRVwv0sK8CnwXaKvzmHTaU2hTn7aIW_6ZqK-2YmfKeEeXjRwvv0SanCcgPEA37F09x1i2rbEKrrFMcsIEvSUHkrO99C22GIxIZ5cHwyXmMCf9SRXwxtT310mevxzrjGxNC3sVxMpFB9pMeSDREc7uqfkDGEOqFpTWGfkPodEWjoufA95PAm1jQHtDRFaP8Do9cDCalVRrkDdA4Nsu1NzYMz9Wf0urcir-Dxc7bQVxuop-IkCNcjLhHYD8jedhKFedvtMSJ87eUTmzKRh9I_J9kWEEg_AO6FXWsIGVg0K_XFY6zXZfkRe5rjytZ-24x7VhlcFGIgwQ_qsd0ZhNDHsCGXuvJidW3TTc4WPPBJ1hVd_8qZHKx0hpD_4QiVTxFpPPl8ovfCg4AI7CnA5Oe
Semarang,241059,20,Indonesia,2026-10-14,Wednesday,05:50:00,reggel,2026-11-05,Thursday,08:05:00,reggel,3,3,SRG,https://www.kiwi.com/deep?affilid=mihalymisroriflights&currency=HUF&flightsId=0b7703ab51040000ca64cef3_0%7C03ab03e6510400005feaa91a_0%7C03ab03e6510400005feaa91a_1%7C03e601c651060000aef561d6_0%7C01c60756511a000021c57998_0%7C01c60756511a000021c57998_1%7C07562602511b0000bba576af_0%7C26020b77511c000029079a5a_0&from=BUD&lang=en&passengers=1&to=SRG&booking_token=HhBLI_FS_KSRmD8xHyfyF_4MJAFQrH7U5EEUhsJO-FQbeOFLuzq_VPSb3WXlQ9nzs7-MKxrMzFt5NpQFqBxj1JkY9_SerdP4-ib0s7cCNNx4_FzQ-eDy5pNd2r_MPNOE9TqVO-QALGV6C4JfiCgUaGNr3tHPKspP7VTO2O1ChHS8vECTH4zri9L5aD9h5xcHVxIiV6Fdc8Ph34Oih7xgHSikYUNNUbtqxSIaJYA9HOneVhvZO8u7-DMcWxija8oK2hIhNG9uzlTpg4e6OkPBcLOLjo8SdtAIp1xzq8g7uCN-F6rbks4uqeOfxe-uCVgecVjPI3-Fx4XBqGC_0TlOHuxfSIuu0X8dGVi7fcfumeGdnLdVTaJgWR5WQUAgfJ37CvLMbFHil6nlpnac67GIS7YGkLQmlCtKjEoleY0sg1qWFr34bwpX96fXgjfWFSwX5SXbqCTlFszA9youa3eCzP_xuXQT_NENfpFR7e-oXqO5jct-fgufdED5Je7CjpbZZbA5X-7nd3zdr9hslDsHJQylYL3VPMRJXz8en_SmqInHXIVw-JDbPNbMtaedzQugk8fjoa2vgHHLuOTnqQlvnhxtbZ5PK5dWoS-SuFXhazEHVUIUmlhVN-brLurwtn7ejqJxpuujM2uJkrGPryzkjSrnxT-A8X26Pbb_L1UYfhdYw7VU6SNgPS-_82C-51NFVmno89vdrULZ2U-7U2nvU1yrlL6QK6mV7tlX4DkUj6D1m9IvAHK5N1tDxJZH2FHKPJQHNuQJ_kxOvihHH9kDVACbyDZZr_b8dlZFh1yQIATC4wvvMvTV46NHiC7mO8Pdnjrn2xz-zeQB5GtWItp5rogzFePOxrWhRtfORRy3-fA8xfQpZ5I1e3n7JBefgAv07_IJByFOYMxk1C7vTPGZ2v12cWdZ2OtKfDJ7NUtQNolpPqb5cj_Ki32gQKZVRDXQhixwPLM2-ACuIRNTNSSKd9MS5ngnqRkNjiJOeVRCq9xWLlRIguvSQNMMCErQzuPbNLgSHlkx_kXGxq5OWyV3WCarCQzcvxYgR1ajX_8-vCBmAcmL9XjKrwOKhmwjE9kaHBXqbAXXGvnWDPVwO9bIALq71fP42wtGZ81zl0ay4LL79nqic1p15JFrthgCF8q3eR10tIibuBRhaHs9pEyllPSdBYOuHnziSRR78QPEwEoZfuSblcP5PLTOiAqyh5V-wByog7x7EwKdDgQCG-XHGIZLq56f1vhyjUGpK2AD_z6S5TtJGrJhms2De9XnlLNjkipg0avWpDfbhRf_oxNN-ijbymULthYwSziY7oLWDWQH-8Dj2whBhW32wf3nv4NdjNp118Yqd4xlklXgsQJsKTc27rOjv2170eeQ6uAYvRdq1h5BKV8L_ow40QvkIfUdtyJG-jsPp8JmjYAdkf9y5i3xBb3F_Gd4YQb-kyvqyKzApnj7EvvY15gLYRqVNqkb5QAFxzdSdpbzajLCJg9CRLQzfOkLiabzvPyiQDe_UKx5oXknSMgfg3pDdDqZNyVLf7b75y1KoOTY0DMZVKI9MqRJdDfQdnv-PyD4VasLNvG-6jKq7bnHbNTnaFRDEtMaW
Semarang,241863,21,Indonesia,2026-10-14,Wednesday,05:50:00,reggel,2026-11-05,Thursday,08:05:00,reggel,3,3,SRG,https://www.kiwi.com/deep?affilid=mihalymisroriflights&currency=HUF&flightsId=0b7703ab51040000ca64cef3_0%7C03ab03e6510400005feaa91a_0%7C03ab03e6510400005feaa91a_1%7C03e601c65105000037df385b_0%7C01c60756511a000021c57998_0%7C01c60756511a000021c57998_1%7C07562602511b0000bba576af_0%7C26020b77511c000029079a5a_0&from=BUD&lang=en&passengers=1&to=SRG&booking_token=H6mMwYge9oUnGvukEQ-HKpNnbCbKtg6lWlOp2YcwJIMEYS5TphxZFOOFVl2XWT92B21El4uGzbZhVqi8kv7Z4J2Uxx26DiLhPsa1qmCZxSab5iIX03dt7qpdQoMGe39Of6GV1Cd9o6LFGAqJSxbgmqglveVH5Jri1lMaBicKROEAfbeCuqnZA6iEcedb5cWGEqgjX0NBquuSN76XBYS5DbKt6ydV-Dgcwh56kD4MmMXhJjXqqnnb-KM5TXEeDeErcF2698F6zzAhoEWHQ3CA2VzbZsOj4CLVr3_uEFC5OAX6KKqqOHIhe6eapMpwwjoqQgde2B0cE6UYI0LqZCGC5EqfKWNXGVr5dLdckxz7x7hPPm3ollF6YEQ73m-wneQ-gOrsXfBXvQbGLNbxVQGOCgxZcE7Yss1ohnKLoBW5G9v6TGqlo3g43h1x3xYNOzCcs1vUEhprWSG5Q7JapHeP0V3dx9hEID6NZ1bAq_RrkyOzj3DQ7DlZELQHpGCz-wPrs4WDLs0aHo8yckmMR76nhDXiY2VlHwPVXfKlxOVCaB7k0e33ULeGC2UXcCAVv4lJxjHU2jZg1Bk8G_Afjdpm9iMmUIii1DTxzpi3xUtrmLe9kt5Qik6lUppY-cN5DmLH3PCsPnfoegq7htYeDdlGceXAAZZkAbrO6heRQf8OTzrQ62tuJwih0Y0VxQEJ1fQ7ajJi9aCMCNZETzDMjFrpQsQP7icp3C0-pe8ZVUr7-zBhOzbRPnxSV6uzjinaNuUAp8rYpH4KlPLdc6BgUlBTLcjpAqwey7FyQOtG8x-nRMB8ifFwz2Y0aMa8QuRqzUbGlc7Et89JNXcfzI69xOr3rsPFzANxdI1mdHrtjJyZJgNMc6hwvpDYAlnBlXHO1VC-36DF-JRqelMfg-EpZrBiJimAf-NxFTqAR-c1mmJsj1CVX7ymbBLJcz4CSWE8hO5jCLWIyYLTpQcbIY5t4kQEb_G4o901oL51FzGYhpFltkoLmoTBlN9WcKCLWNjYUbcaDBdomSF42alc4rl4W-4XUDBCPPnAap-QtT52H7Axth9mpHCawtwDhExBZ59xNH3PKF3SdaP31gX05o1XvxzQoVPx8LxjwCOGl1mNSoDliSIYuHWKg0xWkWUxR7v70naASsv_-jFgSVioNpJ85bnTvtWCFPb6947-v8q1DjlzUmh6En1qC7BmSCtGZMEKqEbdP7HVVqLPaobJcQFgZveGsuY4_yQUtua1MdPeGwKVY9nfthPtiy6EeK3kunjDmvWVMT7f1RDXZJfXziwZQukM9-dw4KLM3FJrh2TMPecSXHv6OqSJymcJUwJ3OUa3yCYH-WZ_9ZiochlADWc3EiCMjNgv8fY7Q6Bi3qtX4hc5UxgVUmPRmfVeHtQ71Cs7D_GCQXYilUExY9V_5HRveEPgKZnOYqz5ibGa4LcGyivaIx2qjYh1B60BwfDR-K-no833tRgmEetp8-8017Hpi4VEdr576PqNjLBk9TKJsVg0hf_LqldPe5GN8W_ixlsSb08KkMh-GpJq1GYZK39DBc5dtd2urxmTjHXCTGzXS48ridKkwOvrEIp_4SEEHPtg0P3FzdGbk50TeuP6iP8J89kQHLA==
Semarang,243486,20,Indonesia,2026-10-14,Wednesday,05:50:00,reggel,2026-11-05,Thursday,08:05:00,reggel,3,3,SRG,https://www.kiwi.com/deep?affilid=mihalymisroriflights&currency=HUF&flightsId=0b7703ab51040000ca64cef3_0%7C03ab03e6510400005feaa91a_0%7C03ab03e6510400005feaa91a_1%7C03e601c651060000aef561d6_0%7C01c60756511a000021c57998_0%7C01c60756511a000021c57998_1%7C07562602511b0000bba576af_0%7C26020b77511b000033431909_0&from=BUD&lang=en&passengers=1&to=SRG&booking_token=HL6PaapX7TStGqX2SPMXyvvKf_cus58SWQigihZSNHEtOMV9zHt1Q1WVgShxZE56XcGSFenDzG1Lr4SQDT1wNdXddqMFjDRWnefmYF0nDq1PEam1V6mJjxDbdQoIWI1nN3px1PVR6LqbPyrXLQ3OrvZwz7bHxYk0_iugJunXft_VLdfYg2MWdtnBe-UPQhQHllBDT48sLgHU2T3mM3ztrFDbEzVqnjRIH0eMZ3digE1Ix-FpyZRAJ74EpwCfB9X9TjvmTLpMVkk2jpl7qHcMJ2hXwj5-809rNA-IJocHfmCUdMTjf0mJOrMqUnuIGhl1icx3ZkPN1gFNZRqa0twkyYcGV5mgxNIyOEBwmxd8XBqK5u-HO_eK7HTc8f5XDeOXFUgRbmHMu8zXiUlK2c9JSdkmDWlBymSYQ-jz74j1BLFSeeOv0pC8OTH0AgPvw-Q9Wp2981ENePca8TjemLzFNSS38Hd4yTuhmfAe6Qqg8FNWhwzY5zYhexoRLkMXiDbqKbTleLFzP24Txaxi590XcRMU74Leo4iAjZNrD2WonPq2zup_3z9ljFo7AbrIZXpqEMR4r8AnQIj9evSYmg_7QT6tG49xgJXLhrzxBHA0u7yuqe9WyBLGovkXA0xTb9Ujnz0-V-165vp3rkwQlwck0v7OZRxKvL57mnwvcM1R-Lr7TX7hZMWaQ4deyKkuDVg_TPDhgIqHowj7x8rH_9xc3ddDZLfwEZQfvvTKZuB7Hsl1npU-e1fQrpWO_UunMBwghcDrpXIJue8AeEFm3cVfozquXHPNKH6XQo9hi6LsVN4eauEs2TA36phSuuCdHQt7kzkjoFiH8UhJZE18hg1S_gIhsX84rusI9npU5vEuBfsh-KX7sbTTt1RoYmxz5bkHwpxEZGV3UpQJLcCIt9HGv8tVo586zpqVT3DUZqDSI0Tk6UbMPyxiD3QxwmlJyfAES05_q6SefoVT_yZ4Q0Vy2AOIpx2LE5E_0mpsZkEobO3_MrEeSgs2saeyNp6uS4-uEmqpbCE-FNfkn1h-N86fdMD9mke0kdXpsbq_tSKmZOKLhMhw7i8yNT-s_H1v_7QBbsCeihHQ1dog5OE1O3RZXek9Xq8FNybVegUhdqXYladydZOlcF2ljRBkSpIjwHedC5bwWXbefOt3Hm9o7VRYKHIEp_QM4uU3vMw58FySITaRSqPMIdtdzDrSd5qF4z0Z6aUbAqbBBny2C_ReXOZfmyUIk795W5ugzY3_D-O-0ByD-CEV572_UrENv1bLq4XKDqCri8A-bELjLLCUwh0nmKB4341bPdsllm2oOaJclf6KGJK2cG09pDiQPlfZTEOvTC2pVJ4Xyhd4V2gkgp2682u4tZd9EW7KFO_CerpBH-B3ezdFW64Omn7mXypZ0QFmkcJEG8WGzl--UEh6v8wC7Lie9FFyQ-5Y14sMWcLkLs-dlpAyEtqNUj-o4-eBdMFGxbSN4lU0IxC7PKXVdQTVOzQDH_eGJOJWTswgemL_Cvi7bZGWYT6wFSfuDNjw45Il1PUOrRogWrDm7dswZnQrogUdqZuCH3pM8b40moA3WsKQ=
Surabaya,247033,15,Indonesia,2026-11-06,Friday,11:30:00,napközben,2026-11-22,Sunday,12:00:00,napközben,2,2,SUB,https://www.kiwi.com/deep?affilid=mihalymisroriflights&currency=HUF&flightsId=0b7710ff511b512ceb90e759_0%7C0b7710ff511b512ceb90e759_1%7C10ff15e6511c0000d956dfc9_0%7C15e610ff512b00001c51c02c_0%7C0b7710ff511b512ceb90e759_2%7C0b7710ff511b512ceb90e759_3&from=BUD&lang=en&passengers=1&to=SUB&booking_token=HxdW0y1AUbeC-iEsfhNVuYpmDkeeb_bh_RGwnrVWuURrzWP2BAcl32vBn5g6CYsdxwBoPPtxroo52idXxgsxxZEq0gNjNiaXeiKgBaiZNnhYTIVVOSxNCFVf1YKEkbbJBxSu53g2kb6pfZZk9gL7ZdN87PU9zNDnfFUSGQmJSPv8Ey66xZ0hNVrTRPbZnPwBJZYmXJpsxpmK1RjM7BjnxmdoxH6WEl2DIh4K3H1mAUKF08V7IvU4mwxB9birm0Ds3scApgs94Nwyk18z0UNZeDaiCEDrP89rGpRSr288LKqr9VxiJ9ORPR04N4KakieAqK7qXGv8ET1h7fd0NGUOumtcd_gw1rP-7URy6qp3gSieWC_c5_VOLvKxLy_owsQgoDEoOJ6SD9cchqcBox_Z_FcOSOkThFAMaONW8MqddC2-FKoJ0CqbyJ0-pqrLeJlkT09XVa3zB3vHs7Q_E0zmpLbUAO24DLWrleSlZ6UUPyKm0fFFlJ8w_HVY9awWCE10qFBJImVO25L0sJpDPY9ZPRTM8hktmYaenfxMkfbRa29CJ4h4EvI4cj6GAmw1Ot1OG9TqGMRU9L75zs2kf51OYVUOWH5Evcq7lr0q-XonDsO-ShcMIXl-WkbQQAR8A11WT_tuEFSS17VLUzF8hZMFwePCxnJUMexP2eQn_yVVpgTTCe13LvVOOoQGRP9Es8RewLNHhfmn0Se-YaUT2NNVhQ6roFqeqKAbxcXQm0fk1e2BU5MqreyaZkkZcr9c9SWdpIGkesSUbMxxGyq64lmUsVG22TX8hClEIP5DxeR2iGfL9vztPdh3ZUInboKZCM8ZgyZcMYIkP-v-8MlGwI2HsdSEdtbILB_jVzA0eUU9gYEiSGDJrun-gJlQVLqn1UGS1A17_jiz_qHFeruXHJSgVErxcn7yVk4Hw8PbAI21Ww1m4M2u9DtlXHFOqB9QRyp19qPXdyqFl2siBOqJRbkOccRTvKyYaTQQHHaxiV6edJ_QpDDruWLNvPYeLNdveKSOoK_UY88wtHovo6mxnmWFrkSTz1db29AVbZTYIbOOfpJPtigreHzd2bOiMhT_rwsiRbpKK2JC8wApRQg0z38xNCk6WL75aak9BOlLIEKhViKMEVQCNb8pU7syMQaaJh594tFO0ms9eqkNG5A5o4N6Nh3PBsjK6kOnxqeuPuHOnnFndVcxix_GOGpj07RPhYxvo00KrLRFqtQvmHiib_Z9ZAaoozTH98uzkQRXode8cf6P7fuoRdIs86Ioegf9qZqx7V57KAhSRVxV-2Yci9lsVtqHpTBphXlZjHNsO41tvoGkdn3vQ-PUZeUgvQg27bMvdrSCjty9rY99uyjMBLKnjg8dy47rvMiO19otEbhhXbZ_AglhE_3BRdF9caK_z4R2QmuUk_S8CAitWrp7F6m8FeGI7n-jnKl9QzidBd5U7w8w=
Surabaya,248195,15,Indonesia,2026-11-06,Friday,11:30:00,napközben,2026-11-22,Sunday,16:45:00,napközben,2,2,SUB,https://www.kiwi.com/deep?affilid=mihalymisroriflights&currency=HUF&flightsId=0b7710ff511b512ceb90e759_0%7C0b7710ff511b512ceb90e759_1%7C10ff15e6511c0000d956dfc9_0%7C15e610ff512b0000627be389_0%7C0b7710ff511b512ceb90e759_2%7C0b7710ff511b512ceb90e759_3&from=BUD&lang=en&passengers=1&to=SUB&booking_token=HSn7o49JLZ6ACgT5RR7KRXe9kJCFVyrhh7WgtvzyTPycYA5Nk0LiZkA1CZMBBQXKcgsONBCAYDcCcAFks9FFifJq1cjmEGWTf8EXgZdl_2OutPUL4X_T9NN8f29iUPPR2v4aPvgXJb-ifq3Hs2nhOCS19dtJSTtfWR-W_VdiIbk9dEPZkDM-BD9s2HPmS8aN34XiiGi-dLMfNHgtJR8hEsxeobgtG4rgHvhXfamz-XDdUDYBEq-ZsZqaFBo3UDEsJAaqvpvpe-fWq37zH3i0oEVDnuziU1SMMSFV2omZU5DqZrA2o5hbIV3NzgGAXX6hD_y-yHt79r0S7-OD7ZaN55kVU0yaXX5R8J1fBiPR7NnVU7QH6XWjAIAV97Xsp_Al3PrM4x2yjZjxjR-XlSCoPJrTWAWmeM0dh4tK5qA1mejuplu42z6HCqE1IXL4lbVkDbMHJde6B0Wd5TsW7YL8IyZoYUQZGWQHgMNMAWZz4mm3eJ6-UxAqXQVB-DC2bzHvokgiFidEz8mHLM-rk8C5vtl-b_JP0T6z4Xk0lfcHDJgpTmgu3w5l5X7wDhzd3hIwvo9B2NX_x-KcT5DWkFjqyvaBgBwJPAsFNSeypNy4Bj1UIXBP9fkKIDng6bst3ReEF8rBCa_QqQZ_pZGnhx6F1lfZq-_AN4-q6wWKT0rDECMUGUXVQOw8paQvUSiiDoa6EysZhsI3M-XT2mulk8rKGSQi90SN8E29ha38URqDtDm90oApWhwnYJHBHMw9QkmYJprFVQysU4ebSIUHBBar23a22XLp48x1bu61Cf_abI_766OGNW0S2zFMTOyjI86O3ZVpH7biioQXFUz9lgd7HkPKInfHLcjDhlz_ep0Lw8OfUGTJ7VnMIKUICqWDLt7LSO7J4p9Oe_E5RLvwmcVAPlHudm6cULMZ1D5BtOSw2jGsL9GCMpzUrGqlfl6UwpnpMFnIUBXT7vDgPMS_vLaACUp9PaodYll4ZzFEWNKODd0mAW16YvH44_RyD56Oj8GlQVGUMxkGUamuUwY6qVwJeNNrYcSiS839ZdoqMEYf_5kKVKtD6GkfHZCYEHJDiplsdnfUEwjw5p90OYVCyv2UQRrGYGdW-6_ULP3YYtswBHowZCSj5QSedxC4AAUrJ5YzcgfAvgp1rb4r8w7E3z3-aIqYL0stC5-Fic-IA80Uz7fdd3aSolK1NM7SjAKbr7BubDbYU5GLvZr-_RpBmsKpw2L5-CgD3FwqWhirMb69pjnnvq_woo8i5jkL8Cpom1BHh9HB9eiO2cEUZkeozxVJ18G4syfiAxx0yxJEBfKbLVhcJrcBYg_Ftmwz4bAqeWXFUpLSeYs6lZWFqv5JMmuZzrhu-9yWZruU1CC8bX1S2k0UvsYUa0cn25igny3EhwhSA
Kertajati,248951,21,Indonesia,2026-11-01,Sunday,06:15:00,reggel,2026-11-24,Tuesday,07:35:00,reggel,2,3,KJT,https://www.kiwi.com/deep?affilid=mihalymisroriflights&currency=HUF&flightsId=0b7703ab51160000dcade716_0%7C03ab1884511700007ad07630_0%7C1884441a5118000076143e80_0%7C441a21bc512d000069f76d1f_0%7C441a21bc512d000069f76d1f_1%7C21bc0b77512e000013fc09a6_0%7C21bc0b77512e000013fc09a6_1&from=BUD&lang=en&passengers=1&to=KJT&booking_token=H5eESPdmkVbue-jPTujwGchLczkG6b2DBEVNtkY-1EdELS0n89Y07kAzB0Xu8qD_xxQLnUN_jqGux4oN2xLhREOB5saCbxkUwbsiD4Xfbyc1o1xSUGheviIUFcXbxl7Qq_GV8qjeHemydtDDmyqs_3iLSPRSnMu5a4_QHPn-Qt2TYsAqzUoc1jJ3brW3kxYEvm0WQcNe_xdXFDWTE8E5La4_PzrxskE93v-8XQPkcoagaGCitBAD7Z2rsAjimfChgT1C-dQf2lsuRMRFBRmFhcURrXe94_t64mHHK8ekvE3HFm0yZZzgoQizPOosV2T6qzKDuZrj2PrgXVTSDRQhQAvRI9YvK9tKrsaomze_TZl8yCW34ikwl_j4k4HSaf6ubY-vrvk1DbNpymBu61XsllyALaqGY6C0HsulMCtfUS-AqSZLXwNp6F3heqUaE38i9GWsQx1sOoK2UFaol-AJnvO-7XTD4kbC17nGoNr-SMbYVonZeCraPOBGBcoahaeLW0_fnfNZVJYWeCur09s-u89HA2RxKfdr8eA6fQPuxlfj72sZpYhYp-ovP8VrAb2GGy6BdMKkrk60spaVINJKhsz8veXuThzn7h6OItq60a2sGpJBJega0pVYgNG_peDCxPeKvtdx2m0TuymtHlPeg_uMJid_j_JJiTpTt8QfIHedwvtEF2bkjUAZgLRBLKK9dMiGlGwLnX8DyZvaD3vBxTYACM2FDUH8Yhd-xVdDJu4WmQPdlEPvgtClfXL87dV2oCnLNvl4LoVfIZphffTXIBDjIHuuXDsVi01YK3V8U8UhREIY7fC-T_Qe6CIc0a11o-MupTOp-066PlCnpnxXivb8-iVrqeRsy6alpDwKMz1FkYIsFAz5vTsRItiNMLwF57JCOXg4c8i6DIMifIGDzeoitd2noM6GWpyPdbYJVkHrDXk2AZWyrV2DGGNaRwApChx7RSAZHMypohR_pG_lMjIt-F3nwTO65WpUB3q8QkHCuPscn8MCPt5BbdsP86K33iMTauoW34A6Ll5YBxqqKJXuA6Q4o5MUhxPGgAF74e9S0sFfLobbnSEfL1d8W2LkjQBplZk8-NgNjp-pzUZqcoSyqLfqmuaNsxqc47TF7Dpks1QaePD2zIbD355u0yNPoRbx3MlVju_hhsAZ-KmHyVdw6Mj2Nj5mCyoEEOTLCKh_9GgYavak5tgz5_24pIfhyoQjsmScWEicqFy8WtMX9or9iNC4SaQW_126hzBHNeBogKRFUWoaPVyFatpUkdeshM-E3OFaWs24jTqW3yChMSjE5uQqf7IRFwdBRDVYsKr9FYW9VD0yMDe8mD__KwwyXJAIFi9J5H6z8rgPNXLq6cNTewmx-R6yk5HCZm3tAkBdxT8VA1FbWiOcMGRBN4duR86IhabXGkX37pOEkKC6Mf0ow_MEi-VnC1j6YOq1KqTd5px1MjhxaOe4wncxvIEhnyOTBlg2B4c4J-Hh6wk0-DpVJrByNpEnKDiv1INHAj3uMNwa8phoi_ICdKNzEdXsY3MgQSrJppuqzrTG8djgcvg==
Kertajati,250503,14,Indonesia,2026-11-01,Sunday,06:15:00,reggel,2026-11-17,Tuesday,07:35:00,reggel,2,3,KJT,https://www.kiwi.com/deep?affilid=mihalymisroriflights&currency=HUF&flightsId=0b7703ab51160000dcade716_0%7C03ab1884511700007ad07630_0%7C1884441a5118000076143e80_0%7C441a21bc51260000582d8f72_0%7C441a21bc51260000582d8f72_1%7C21bc0b77512700007a4c4802_0%7C21bc0b77512700007a4c4802_1&from=BUD&lang=en&passengers=1&to=KJT&booking_token=HaonRan2upgGA-dyofY8Q7RmzRLGHg1ohojwFm8Df887VPdtLTTIUlf6UUN7z4tw6pEZK_glpAgUyVgQnLAgCTv5mmZY4uU5Ae6gNG89kaekzVaDNKjHdW_8y6DWBoyTWbv4hXHjzRPwDpUNk_pBrVKw-B6U8s_a6kwE_ovFWoyYD2VDfxjc-Xynhi_dZ_qszJgTMuxXKDiKTnxnrH2O1kTH4gFx6kQw500_MRl1pC2MIlWqiKuoV0Fmg8X5I6gBlcE0ACVwTKsZpRG_RcfZPx-lZmuy55hkVWd-rlHc-Rh2ijCuWLLEDlVKm-HqMG7zuznhdpOqN09Z4aA_0fLK8IxKt7wDxsucrk6Eim5qJIVFVdQlIXSYJ3D6dJAxxZOn97T5EEmIjluj1spbgYPcqQcas_rw1UwYcIaNuRwnyKg9nN8L9YiPoBJL23hea6cKmsJsu-7Q6lQ1ZssJL7YjBDIWPGdyPxxyj5rEcwvMd_6FPhN_oOLzQDJj2M7hp5-7RGDESd35lknsA76iJnC9Njl-gf9CYgbkQTSdvdKb4OeIV5t_fP-sUxJDRMjX-c1aeLYYRANLECKywGzt162xim3NyxSpNX8YEoH-RJAGRdR9_eF96lqjamMmzcGb_drMl9vrfvS88pZo3YJ_8W0F_Kho2twrpacdG5F8-BkGY6KOvD4OveHaLYYWF2FrMr24ESwmcEPeYhlCFnhAC9fMPJ-Z5ZyHidzAsXeV7g8OPVJx9uoQKoQJbsKzIOMvw83ZYqpcuySiVAxQ-vTpOh7_cBo15Nha5i3G0TixmuVFU8m7rZ2-u-h-3WlEc3Y-KOFUPVDpXNCm33T5fICa71ajkJL1JY9_G8Npj_CrEKjDaAsAWlKG7kSXWqStHQr-aDONnkwx6iUe7Gcls9BYbHxr_eCRT57IMIn3ytFWPBk36qo_VuffpQbXGvqVOSirDbAUlM9KEmMkAoqRzmuALehxHR3VFcHaEFuvE1_SWAuecGLyejLZ-86S0zXTUZ6UNw7T_bvzqIbZ6YFANy0v1N3Jx4zOLAT7SNEIGyC6rEvt50hTZaQl9vODoh2_X-eKyM-2T3tR8zf4g077yCD8VxsgaQdk5W8IWkkG7-50OprS47hTKCuL4NuFXMb0-zaXifEGNttwJNvJU5_Ga01GRxl_9h_KICXrsLZoL7feEPZ8rGhMFMhS0-nu0NhM2nA4UnegkGvdUSqzc2PfdWPnelG9IkVJDfyUrom5gR1fYVdl1q6VdfpddKHYSbfD3pwLdtQLmaO-wsHaXXLLDUDAbL-eWGIIjse1ey4Ie4NF5rgjjQ11xurnX9swsuFSgmnnOSVcNeZ9-cFw_VmympACVIIJivGJEK-hA_uq6JkEJXA7pksbwP2JqpjwphrYXC8qNTac3ZX57GWvMhby_2DrzEUvB7ctCA1TAq04jLNymUtQHK49xg4elHdLOoru8KLBWgbZGVwxtZ-ZnDXgLjjVmlGT0rgyecP97zxcMZGZfJafNUvAwukIdoYp-UzlzrHNQoi7UfOJf3pJwpMeGAEjyPsOAwQ==
Surabaya,253900,15,Indonesia,2026-11-06,Friday,11:30:00,napközben,2026-11-22,Sunday,12:00:00,napközben,2,2,SUB,https://www.kiwi.com/deep?affilid=mihalymisroriflights&currency=HUF&flightsId=0b7710ff511b512ceb90e759_0%7C0b7710ff511b512ceb90e759_1%7C10ff15e6511c000083e5ffd1_0%7C15e610ff512b00001c51c02c_0%7C0b7710ff511b512ceb90e759_2%7C0b7710ff511b512ceb90e759_3&from=BUD&lang=en&passengers=1&to=SUB&booking_token=H96Q5vSOVl6M42wAaa29VXR8qvw7ORuRdJ1-BaohRhyh_qThajNEc0BLx1N-ccHgGNSqC3M3yz4cfMsDLuL8WNe86YyEc_GABFfkGhAxQRVcP_5ObOBhX8WOKEIvLjwoHxsRe2bh8t9p88V67wpSH49y4s1SHE7uLUJBjwtq6PeAVdfWuXVBjyh6KJlpBc2iTbxEAAU6qEVwBvKM_7GxVdomYyCMzcjC8YQzZxo8RA7xljhb640doeho02anpkWOU6_tivCTV19U7usq6CIe05gIW4yx4JektjiLSiTWAaVKB12POq59XdbADb0RBFDsiCTLLF9GgxQ-WazplS02UUyMLFTV8SCukJIJ_4gtbjs1DMs3oI6YGzFqX7_-sV3pXJMEtt9OGgli4B3JzILyh4PmId6aadtatZvvlw5GHLnp8vNyBcvQNETzpGviqhCIqgdy5qd3oY6xobUbDqQGBhe0vhhiWD5xDcPFLtTUNk_KT8LaA0pDREncmbchQwSaJaHkrKjJ9ZAoSEcsj59W_idD1V1FWkoY5hWSkoFdnSrPBZ8Gs0ppywgwLtWMc51C5WIu0k9R4CO3dhwRWmnHKD_MBUNG4YkjjKZbFGj49WFAJlapwcLS2cAyQkod42Bej6Ygf4aEBqiuBNi8NBYte0yhrjkC73aYYeXKTgNFs9sUO4vWk0vMOfgqb36RXFLfW168Fo7dQlB98FWV_FKmXjIYtRL-5JXOrFxP9yB1VRmTSbmnLXIeGbS_J2CgAwK2bwiR1ew137iuC4iWaRDR9B81B_tFanWI1sJEf3jaA5x0gtY6W9RF76gDYsk6eepGwMotM2EGEAxozMFGjRJOYvlVQEThAu7T_dh2e1pSgHz2rHcQtEoaJS6XiHT2PjVvsiFqvnAjkt3BU6n1HaCj1SuDoepMkJQOlm8z9AKfULG6xu5Tx2gqR4HmT--N3tLaRzzbeQKKElWYzBcSD8HABlOHIaRW2VxMTmfLDk2XggFyTLuxnOSSA5pntjP4e_8xorQew39XwHsIgtjSdUYGUtmqKcgLpr_T356CyzWndAt86-qNmgH9kjMsI_wEKIyz4yCQuVUn0RmTerRHPOCNIJo0IS3J95lWcLJ7YjJ3hEKOQ3CcXxjW3PTqRhYBHEKjpidLVTWD0QDw-lyU2itt9SGjhSspi1HtFuUxIr7XWWFpxEJ-LwU6U4zM14MDB40LI3n0SxDJB0xHm113D4wmMN8mTA7tOUPQrl1vz00ifEeUeWm1U9iijC4HWvagEfgQhLyni-F-hhCS2sjQne5vZy3eNTl9XGtTrxMbFKft_FgFtLFc8sijCMUQeCSac3_jY16jmWoyTmWdwz7u96r30YUrwp1fxUb62T8bXMcpPgiLdkQKORD-LQx3Sji_1ccVDuELrDG6bm9_0qBH31ifqHKp28pvv7OAFxd3wAguHbONE134eF92_mu9otm2zSBiG
Surakarta,266100,21,Indonesia,2026-10-14,Wednesday,05:50:00,reggel,2026-11-05,Thursday,18:10:00,este,3,2,SOC,https://www.kiwi.com/deep?affilid=mihalymisroriflights&currency=HUF&flightsId=0b7703ab51040000ca64cef3_0%7C03ab03e6510400005feaa91a_0%7C03ab03e6510400005feaa91a_1%7C03e61c5c510500003594c540_0%7C1c5c03e6511a0000c9e3e68b_0%7C03e60b77511b000050a642fc_0%7C03e60b77511b000050a642fc_1&from=BUD&lang=en&passengers=1&to=SOC&booking_token=HfzMOMZZDbqdVXvMu6i9faIxM2jqEMLWymrmuX3CEGFE7hPWQRGdSElOQZr-IqwI3yZ8_UT-UsWD6rtvb9gAQkmMGtZJlVx53ACBsc8YkjxmpGRGvwchlRqdxb2ehs6ox4ZKifiRzqY00LydAHWkx8DPSt0SoE-TK7tm4sFYtXyx3f1OSThVF4jk6Nnyziige4QlkX3Nj6it4DUC6EiNr0alBLaNWCyo4-fO1Doyr8KqwGdFOEi4bIvw6OrmK8I4lppyyG0L0Ww7CP2HNMBAbqAJVw7CTQAiIQry2YMl3lswZM-y2AGNh2pYQlr7FhfFPxHq6I0rh0owd55-9ICpmsFqmfJsdEJkvJTLDWS1QfPmZCrubrbsAUWGR2vyciN91qsAzcmdoCbs7SLepw7ZGxKdFmVHCCq9qe_dUNPsa037BQfbxKu2aDqtXAqAFvIsUn0Ar-BASFyrZWrfRfIpumbp-G7E6p_7raJKGYigP4T1S_e0Fk8qY63jZPeqlKB4neuptnnrNUxawUdQqO9QG0V4_c28xl03Ia5Gqx0UfouzkWyhVhMvmmeIygvFQSReBczz5X6kt18ilx1VM4RkYf2XKo9Hh0C8rlxIgQ1osSsqRFbH3D2CrfhH7i2oRr1pRJkMjGcCT92FIFvXzBxmuaPtJlpt7riROFItS4hcRdiV60aP6DUaWqa6n2RKu1vRgyUszlecc4Up2ne6viXRyOqQd83SR5YJ63vcwkCBnH3xVz_cqJ7tVq5d4kwrts6rnTqCyQZRqeOssbgBwN4jSUJ7cTc2a-4BdX9p59VVluRgKbIvgjTJlF3FjwIThhW9TgFOely7b1BcLnI6jdOjQAt8A3xsJSjN849aZau7_G4gL75que_8TWGpTvD25B5WzZVrZnYkgVe3YgXz0KFHGlnZNRGRT10nPpdz7Z_y33MAXNLlEuva35fNsjLae55-dkB8_ndIs7rI43qg2j_YlMt3uhASsGHPSfpFX22O5bj2znOkKhqjN228r95DNgF4oONKF8ZHUKpIpVBm7p1CDjx4dzeoNIh-x4B-NjHat9g97p5DHwo6FnGu5V8FyfCmsenX6R0AuQ_B3xA3TJ-ybwQF9TrDdKbVhn3M_TTX4FuUHAbPh3NhyPqIKdHFxGHy4vj2Tc4xSD2oKCU7zv5vElDVy_0oeqY9vxBlkJQrXuV6S3Gz-X4pm_Z9IZKxIUUOKyegbC7lGty8NaUkwYmr40TTmRSQObmuDoqAZamS8DATTtfZ4RXHfs60yiDkG2bTHq4DJkDb2vjcKEq_KRFW8Gp4n32d4En6rTmxgBnxrk1qhuTnLQ5FAz4NOWNlpT5g0P-1I2cz-KE1P0h9g-ME6fpSsrwAcvhRtD9XXM-jyBpTCJuJXCfGtXTnJdDz3f6lScF3R-8DY1Tr8hsWEq0OJmuikSdEJOpIZh7BvIsZNqMhICHS5qT2QaXDVp0s55lXtndEtkPyMwM5wCDRiwF2aTFR7X9jh8onZYxrI05jHw17ZW-NU8_ns8406aspENrey
"Praya, Lombok",266198,14,Indonesia,2026-11-09,Monday,06:15:00,reggel,2026-11-25,Wednesday,10:35:00,napközben,3,2,LOP,https://www.kiwi.com/deep?affilid=mihalymisroriflights&currency=HUF&flightsId=0b7703ab511e0000c942fca7_0%7C03ab009f511e00003c083e9e_0%7C03ab009f511e00003c083e9e_1%7C009f01e9512000005ea429d8_0%7C01e903e6512e00006f3198d7_0%7C03e60b77512f0000ddf96e50_0%7C03e60b77512f0000ddf96e50_1&from=BUD&lang=en&passengers=1&to=LOP&booking_token=H6UOULiH_KEjdtkEwT5wzfIbUxHxfnJdasQayAtujM9zT9UcqeJNLP4GBEIy74_dJ97aqrRFveN_OJiYL_ZJIPh9qgwgkmy5d01PTFuC4ujGf6zr4GfYH5JbLTsGj7zWUP_6Vp9gf10Oq46LETrzRIQcrtC5KCqTx3kIcXFOKLwxSKDUtJKsXbAJEemJov05ZZACa5xyQ_wkDMfJwuJhRXT8pIsif9lrb00l_b8I9_JMcFT9YGaiFNmXfVloSsyZ7NdcWq6vcs4OqhVdtEqdbAccEDLXrfM9vQ_lwDKesnjSsEJfyj2yLnVB4t4DD2yZHu_RhVEFGtevfDo5JrzWRhmhgkk0tatVJSGiMcTlXwNlLzfng8G8ksRz1UYAP-4fQ8D8Sg4iRZ9CgUaz_8N5UNlccb9rOB0z-Q2ZhH-GuQsPjpRueAyT8316oXJzq3WsbakpGMSXcuqFJBc0JnivIojC_1p8QOAwpGkvIWDwMPSt28vEPJnuDkg_QYQIEMtLOj1wbg7EZYnlNrQ4VSwKwZoz_RmCoM2zKdaACFC0WMU1-opv8_hLQc23LintxdGle6yqtEtbW2Ia17gnKbcehME2btfkHwqnESTuwzEwK6J7ozCg02wKcMqchH-QrlOjjBT9s5Q4RL04MeFAc8SG8z8IqocqpmYiSM9cXn4HstxYl7ZjmVFIAsSM34Y5I45aErfFAuY1moJ0LTC6H4w3pa8umGWH7a0759CdafSf0AtWwfDLAJR6v-ZYAcqagjOsAQ4vqXaNDJl9-Un3ZNzWZBWAWHvaJCXiQxiX-HmaIWjYyJNeGxNsUK7z3HIh6MDf-yxVPtMgCqWFANlouuXkd-ay2RDejNXxXv-FEeUJpjBhW-ESB2CSdqB8kb2Cx4mFRY0GiORPfEWHHlDRDzNisA2FOdE_D4aOjEKGOhqlyf7SGHdngGqcGZF3C_lNqr7P_9z7jKS1mFQWbpMqdfjxWXtyvjhh9o_kEK1LkhG8mGlQYOJhbFOMvFGn3Pl3SUKwwRIAhJDoMLFdqhn7XNKA_GZrSg7ejOKtm9dXuv65kVFAhbeYVUWuTkqcIb550X1WmnYoLGDASw5BxNPMy0GDYcOMTKIwUdbsjHlkQN1BHVdUx30obTwsvmQcZgbr-JVBezuUn4cv5KNY1lNKa23wy9kd9hmcu8Xj5bwbJeA1qxEhfvkK78klGpqyQTGX3uajBUDj-KzVM6NgUDMFFSw2G0CuZyW4Ngg4f1ZHyyWuL7K6Hst7_pKIvtbF5rE4YGohN9It5t2cdx2dYYd3yTA9JDW_DkelXHz-nFzSxXs3X9D-FTzaDWvH0adC2ipwwhBLJeKeYrScEhSR-dAgBQjHQAuqHvct_34bmdjoTS6Cy8UtC8GBDkLAWDoJquNjBYTls6Fhf2VBP4lTM8zGCGx3s1bQsvae0fhqr1UxsLZ3hYuzFHijdwwXtCzxbg04Td7u7zN0fhJLkB10oVgCnWvDirCuzW5vO9Ed7RFUfL58A417DXsa50M3Mk705sLgW-bIJT8iE7ZXkzZN-gRKHo3l4oyz-167wMzpRyssP-N5RI9U=
"Praya, Lombok",266198,15,Indonesia,2026-11-09,Monday,06:15:00,reggel,2026-11-26,Thursday,10:35:00,napközben,3,2,LOP,https://www.kiwi.com/deep?affilid=mihalymisroriflights&currency=HUF&flightsId=0b7703ab511e0000c942fca7_0%7C03ab009f511e00003c083e9e_0%7C03ab009f511e00003c083e9e_1%7C009f01e9512000005ea429d8_0%7C01e903e6512f0000511b4e3b_0%7C03e60b77513000002aca7c40_0%7C03e60b77513000002aca7c40_1&from=BUD&lang=en&passengers=1&to=LOP&booking_token=HJOgYtwJv0xKJQX6ZgcchvIliJhgRaI3CTuAGs71uXE00dIaqsc1RvqjbQXl4tMJv2EJC84NNU_Yt8LGm4z_u_6KcwY5_i-oCvn9CLaDrRtDt-2ISPQs4VEurPlGCXKBy7uv5zttY0LzrM0dLLUAxvYHub6V2iD0Va-By3IPh65cdoxTmTITMSVdyMVymhNXg08EawdCtToYlmxN7Do_G2r6SKL8yFKctIiIMdcPvkaDsJKIgIyUR37InmrdeemUyapUfcHVku1hVeTRsHhdWQcHyOCM7DxvAbEHclkq8AZGNR-6CxN6NgzIDeoLXdp5JUugOQwvaLZyHAMkwtx2pxNs4_YKGNr7sv3JJfSMJjvxLYLVBzjyWJCf2T4N8eYm4IbFBabEpPvFVtFBkCEc3EvQ-jSHZ7WpReLVckw37qzfT30mzxnP-fupAQSeL9gkOjUXdTnxhriOCETTYeQuEnIx1JfR9gb5xg6iwkOQf3tQnq2w2e1p5CfxjvjNOkn90zVQCt03zJR93APfavHMfh9-1_Z6MCnsmhEnppaYhiQet8xLszvQWPXa_WghewIZ5Ota3oqPnwylafS5d4TQs1xpDDFoVYQ6Czrx58mxAxxaOpB74wZZ0R3BxQ4JRADEDbwfgR9JNDnYQ-bzTozIKpK6Pgo-zQCOKqJx1a7oB2kr_ehXW74hvrPzPPNZGSuGp7WM8zzgKjKwncegRlwIwWPtEZ9zOCQLT2y9idayhrGaQ-zmp7b2LC49ilzv4hK-wKJKlY7RRcPPIf28GgrfzDsheL_9Bj_g0K1T_lr8XQrt4P1pM8kB9czEfLjgvh3OOZ3NadSAncbQddcqnHz9NdbyVcVZLWgndSxphfKM7gt5knuk-qw8V1-21uDi3XQVvRp9sad-VE_MaxB85PqfaGepnV1YvqUrvCi_GxVIm0OEttLVyJKHApKMUh6K_k5Z1YF0-NYFhgqx-DYLGO1dJU-Vc4eK-8vy9CRSxqaBpbhxKg1a2PoMqVG-Xijs41BDbM-fE_pcnTkJsDIru3e4SKfKNKTRLv0ASh2-AzBwKEgYIFQHTmJpggRXONODXJgIIBkPuG_4rMm1K9gbRnP6U9z7P3kHKRLShr4OI1BzPBrsHhhPxgoV2QWNkt4fq3xcF3ywHYAN3ERjAsvFnypIVKfcEU87ZgcERelUlIa7F6RG0duosppD2HfsgQf4VabRTXBuGozP-rhpmRtxl8TmvhNICO_0GyZt8lfy9ik5IoLzDmXILr4kEY0IDmWmY71P3YyYwttsTzfPJG1Y3333l97UBe0SpXmgtyTesmJtpKw8Cp8MifMfuj1hFyx7JPEeaPTts3dxvhkMfJVqBR1fNt-s_XMl-riLxv-VoD1MDbYGTAsuQ3mXHm8Jjs4j2XPoRs9HIJte2xzVsMu9SEdpg4vb1wFqMOnLLBMQdu5S4B2SgZAmeX6HUosdJ6PGx1Vm8NyJGuiYwlhB1_tpo7-2X6KEwANt4oKpb6IXtCmocxi_0A5rO_TofV0eG7UFHTM-CdrhjhHbuNBNJTwWORUcGOgd_sVlQgPbOTYYMpS6EVhI=
Surakarta,266697,21,Indonesia,2026-10-14,Wednesday,05:50:00,reggel,2026-11-05,Thursday,18:15:00,este,3,2,SOC,https://www.kiwi.com/deep?affilid=mihalymisroriflights&currency=HUF&flightsId=0b7703ab51040000ca64cef3_0%7C03ab03e6510400005feaa91a_0%7C03ab03e6510400005feaa91a_1%7C03e61c5c510500003594c540_0%7C1c5c03e6511a0000b165443e_0%7C03e60b77511b000050a642fc_0%7C03e60b77511b000050a642fc_1&from=BUD&lang=en&passengers=1&to=SOC&booking_token=HWUH-5EM_g4wgI3dn9TdeOW1Qx2uRp_1aMSpBkGcvBcCrp1Cb34afpRwKIfEb104-peZHw5Zs2V5iwQWyF2VIM7m8IdPZo-BPoagMQZRm5zcj74LuEkMv29MlP2n-HbAwl_lngpkXvnKa7gGFckh5CYvXR9VkRzFWLK5HoTQcZ2SHWJGgYnahX50qx34WrciVrySTCFtJMRF1yMr4K9JYAQ-8N57fk1vvV5pP-smwAwhyZzv20_Uq67-5XjEaTXUTDn4yjilisSAUdiTs9hTX56cT9Pb54ffGwZk1n3xKUqpA2t7cUEOhCRBtcDH2mP-Tde-nV7EhIjN6s_nuEpohfU8Nmc2DhOLNp0EjDfe1Ld9n-Rkbz8iLGGvcHpcAJ5xoJ1HUHvtzDjBQFCG5kz9q_SNut79-zoiVi_EEXBeeCaCc-ZJFbMMH1Uu_aGWLBQo9S6dFsy4PeUkl5jO8p_qXOgh8dPBIa-j5g1kJL8N5YlL_noDb4UWLE6IZDteVzsyZkYynNnPICitXJ_egmcOpw8SL6X9JlLgtiIZ5z1SNndUBnGUMhEux-5PMZeAu0gqjivfikeVUK41PdpUOcIOYLwgJJHFWoAK-isGoA-ebZ48oZ-pq6_L8pZC2pj09RgwoenvBZFLinvSTOAiXHWpfjA1AniN74T9KEiLIdRuyPjZeGf4SlUQTOKbR1aSDLiwFrWGIIWhIPQ6riJXmUneQhWhRrwv9NrSWl--yVytHLt2cCbnsnEWc1k8eymU5Liw8uuTMcxPQC298dTYFsX8mAOMboM7RfoMrrern3_GO4DVrD4D_gRjPd-LxmdZnWnp-WT4_8MonRBh1z2cUMZycz2F-kM1Ly0KEswdBf-Vt2zFQcQ04PptRwVbSm44m8tOPm_tVWAq6qcQLa2asAHJOUaOphF42Cocd5cejyzhhxBj2IKYH4Ri3c5bKeaZkPBR1xJcfIxXLgPMpcASItz7NGq4XfZHGktDPgefY96bBRZyfLb8ucmoUeBB84joX0ApVFDYN6oTdt4wfP_TbZtFcSOC4I0aVEk2C9fmT1NbBt0uZB1MgdKGTAI3ctVRLy1XgkHS4zu2uu_6GD12_yQ7bearWT5IqPF9eujyTlyhyu9Niuo--IZOjKs4rl9nwUhSoAt1CxOkiXhKwcRg1RC_t3SApae1C8ThuW7gRTl6ArwOvgZ9d319x-EArDv8pIU_pP2Jzizfr99tMPJVLMqe7-dEk4fuMuC3mzmzDAVDqc9KsncjYZjlA0CLrmStyw-TsyOF3Qsa2rX1j8-PRRxOLWAF8-JG1dv2vG9pi8n8CPeXRjxMpv52PnuJWQKBNI-hEgwFuIyTlfjxjf5lIvA3Y4c16thZ3ylG4E-daAzK0HWbtv7ca9R3zjA_fJ-7RotLL-kcCiJuXnUjieIEybgnAf7vUcT5uMxHIH8O0-aYbS_bFVu2KtB9OfzQxgDn6HubnObEN6hBY3YgsDU9o4m-i-8DFyYTw230MDOsE6E4wthSwrkph_XOe7kJj0MeiMz1ekYZNPHijtDcVXzl8CHu4S58hLUH9zA28HQ9IT_YPltQ=
Bima,267170,20,Indonesia,2026-11-21,Saturday,11:45:00,napközben,2026-12-13,Sunday,11:00:00,napközben,2,2,BMU,https://www.kiwi.com/deep?affilid=mihalymisroriflights&currency=HUF&flightsId=0b77009f512a0000061dd440_0%7C0b77009f512a0000061dd440_1%7C009f05d3512c0000386a5843_0%7C05d3009f514000003ead4c0f_0%7C009f0b7751410000a07dc81b_0%7C009f0b7751410000a07dc81b_1&from=BUD&lang=en&passengers=1&to=BMU&booking_token=HksBQE2tF_newq62ipr2Fy0wvf0q2IYpP5BQy_sCe8GD2Sd0iy5BwQqi95bqENcPez2xnca2Ccn_ETz8Dc6oNd_ugG-H1uXgAkX6UUv7vHIdvzUPFWuozzV3SIBRXc_4Edg-oQSIWROBAjSwsKnJlFZVIMroWSHedYTgce5S8o0eD8UE1XZYR9SRHqfMI5bwiBxFhOgm38WMRW1WLyVz3JtGDm0ZkrPyLtHGEuG4cKt4kKftt0KJHMkpLPQoMz03UD9uluguEUaMJ6bIeVWYER3zSbmEKK8DVeOSzPO6L9AWopB0l-RINpkEFC479DUjaI3_nZkYkyejxAQZEtskvBkQ4_eiepEXA4Rh9M_gANsrPyEMytJAasd81mQVq_q19psNRADdzRy4ysrWfMyskY_oh93vklO9jkJbPBM3-C6VJbQTjrBQbzy1qMa3OCCz8_L-EMe22_p8bOOJVFt4Lgt97LwXINd3nuuLsTpDaRcJ4ZdXd_zZA7B0BAQvLcA35DOzkskKhHBegExOpEXNLiQYoDRuj_JPoUxUX9JhFqRibw6pDVhwOJwP6-y7LmSzgCeAvRmrTP4xfLUQlkoenxL9ASJF_3aKxeNXEjgpxWt03fDgiM5D-Vusb0Qp9MzUPrkhgrMbtogfFnMhnVjcJ5G8kLrJjSLytSaXQSGg5IIx13Bbhy79-cXTPMSlbph-e0Lwbo4XuYdZ55FEJMUirc83Pd-9-cWqRJzofN4T7pst2g1zf1b-5cjB9RdhIT94EQPDMutZdfP_StBVJxkBJJ_O-L6vKujhCAFoAmVfQOvDaIeRBN2a3N5i5Opjgt3ud9Hc4QLiJASQ_I-VNjp1JLDyIrmKQcopBGwGQQtuBHxxSNyFSfhA8bnWdKG27tD9KfImAGKXK5U4mVQJdPVBTXNgvPSeNC_94FvXiNtZzrCkG3vLq-o3rOtXGfppM1_7XuKS7kzJBS9F8esoVi0hhVDAeZ-uHokjwHf6UkQSrboNpaDhEYWJHdR47wZJhJ5QhD4qbg_IaDDUqSpve1GqfvpLhU-0J0dpKMWefYPF9481aFMAHcunJMAblgltUak1vhfwoadB8pLROivoYWjRYMLGIs3h6cT-6iqnJs7WAK0qm9I5Zg1m1WPSAa2vqmU3YlndNwX3RegAmJmyX6Do0A4hCRMNWIGXAxXXGj7SwMuBDKwrU0YEvEkbFcovGeQjEHf70_fgLnHUu0NgHdX2zjRAbk2hZfTM3HIhQJmsz-EDdxMq4Hr67tSqRG236b5p_TuLL4fUBieMmYPG9Zw9CoyvWaUbmXYqfByEvkj26hmdmrQ0Ki-ev66G5Y9eJhTllLS9PmZ-b9070XY2q5rH8W3qsMxmq575M59byvxvO0PUERkqqZ5M8pdyg2AkHwDqEvyLnpKayMeEU5CgtTUFBkxc_GWfAmCGD38YMvILMXoNDr2xlQUJqornPhHz7kv3-
"Praya, Lombok",267190,28,Indonesia,2026-11-30,Monday,06:15:00,reggel,2026-12-30,Wednesday,06:00:00,reggel,3,3,LOP,https://www.kiwi.com/deep?affilid=mihalymisroriflights&currency=HUF&flightsId=0b7703ab513300000da57ef0_0%7C03ab009f5133000034be4350_0%7C03ab009f5133000034be4350_1%7C009f01e95135000063ba486b_0%7C01e903e651510000db1df213_0%7C03e60a22515100006daa9735_0%7C03e60a22515100006daa9735_1%7C0a220b77515200008ec02b1d_0&from=BUD&lang=en&passengers=1&to=LOP&booking_token=H1t_EfA9hhQk0jyM-jSYx5YfN_6nm6_pZhIsDmWueb2gColgyO9KQZ2atk-G_AuL69VducJ-uCKvNWkmPXrJq1nF4fjnwpY2msIJTIKRjoI8UjJ96qZ1LdIMmM229p6cjo6-hSHgNXxs2zdClrTaa_eJJ2kopvz37fxRPXT-mekMt7UAI9aHFaAQI0Rvr8HX7Wv-n3trDTK2XxZfOd_lbU5jgJAeTlP3-cvA4cv9hQ0H6UvHhWWnejSmURFRYDXhBK_iixnIS9AskQksam4b7Mxi3T39wPu5NaLdg9RyeGIMBMPRVT3KdKM9I0B1uPWSmr8rAU4X6cMQNgnHPGfZN5rNkRSH2SMRfoaCCG3w_Bow8wBe6c7acCYsq0HwZIUqaK9Pgm_c4adKiGQ7D7jj_odS-B5S5Ueu4c3rJ1qD_Vj5neiMb3epw__3flTf0JtiiqETFJprmC3W3z05HTMaQCJbbcyBlhmTBwdOJUbD6OwCag4DUebft_C0makpJo3r7yD00TIXNq9hIkhJJQgvHnbw0iVYkSx2AoxIfDTnWFVWYB_nQLeYvNJ1SzOtYrMyjirP55AY0Tu6pcqR32T5mk8-VOEFC_INsYYU_lj434-JkemmYKUatnhi50x_WvProKcGWKnkFx48qHCGUOzJBVe1rLC9II47RwpR5JZ8rz3crGBKfmRnFVjREF8ZlLCc_OR_zzpG09zZloeiIqv8D-oCQDojJL_DIwbIX6NfPGb6XqGrdd-ZL5qTm1H8nR8nb2gzkzO8YEdU1fa59vcQC4rOwEb98ZTfakf6JUm5nJFpDIueWtwUkJEqC5vbddIjvtlP78jq9VLFKOVEQJ8aCkCCwzIxV_Np2GhHET3hJaIoOaB2dhvDbRKfV7am7171ccKEbDWt_mCCLJMBLvKFNed3zpNAnEhDH6MBy6RLhS_to7e7-As9fkrDny6DGDqMQM6UbfoQ5Zq6fjnffe7WrtOSbfd_YPz1IvxSd1U_RQA47TRXgckagZ8oGTQvjhbvO-4oTru4FEFSzfDWdnPZGNryERpTgEQvObW5sErDWONmwmF8BUy0AE_7Jy26aenBcudx2Ib97JEg561XPYJwrvc2NuwHN5ph62rvR0FJB7Z1tLcTV_2Y1LHx2Khn1RZJFYHNsARbLsM_trKR6R8wTUUuOWc3znzvB2Hg8sqhijITJSnm717EOZTbVtAb_uObwy1AotJkE6Qo2_5irex40vAi80DRvVb0WgoNksYHwdpR4VFwrFe6QqcLn6ulTdjneXuN6Jj8cJoN45aPhuzBRQb7xg-EA4g2zDcNTc0WzKws5VyYsW9aVa3_A37qdlZPivH-vgu_Tt74ONBM85BG700qkRhTTJWqXVc0f6LKosqYG5TVF8bSRLNszqMx41bfOWs598C3RK9_EyCSvQYFlYuBs8kaDasO-ikK4zBPdmoPGQZD84ZbyUl91OhPe84LJEVqbWzkAMcDHy-f39v80IR7nuewg3QADbmFmLAJNbwtc73MkLERpk_zZOVuy_rxUoEID2sfoQ46IY8ts12XtrOFPOd0EZoagmRKG48wezhzQwKTvn5kxvFtl-5X6949JhSL-7aJBhV3wUF0ZTeKZFiGTJgAqUHw0qyBP1EuKgXI=
Kertajati,268848,31,Indonesia,2026-11-12,Thursday,08:25:00,reggel,2026-12-15,Tuesday,07:35:00,reggel,3,3,KJT,https://www.kiwi.com/deep?affilid=mihalymisroriflights&currency=HUF&flightsId=0b7707f051210000841febd7_0%7C07f018845121000080d81112_0%7C07f018845121000080d81112_1%7C1884441a51230000cf0162d9_0%7C441a21bc5142000039ee822f_0%7C441a21bc5142000039ee822f_1%7C21bc0b77514300007f984d06_0%7C21bc0b77514300007f984d06_1&from=BUD&lang=en&passengers=1&to=KJT&booking_token=HyyK24jcLPYvJf8Ws3tVWL62-q6utj3-oncPHnbJcq00ixAAFtLp26pz__i4--iFqlBd6rueeJO14DQUdRmsbW_p4pLm12awwOIPlrsxDutnczwMSJS7S29HVBQzsWXcBP2TJyX2HKyWxkwoej3xJLpo_4A3zVkAZ-y3jNOh7z5f0as3Iq3Bk1acxl_rUnM1fD4-vIlsOC2FdAap5qeqtwuuUkrjimAlANKPDMjXBsbgCLvhqSwDCC_XB6_ybJ1yvvV69f62ba7vVfi-gM-xtV14Laap0gHMEQO8R5p2_9E_-h2pdhk8vx-0I7Vy29iCXXSQhgk9P58OvmrCqA2q7MZVzrTLmb3NYwu2WAn4XSQQmcDFhrr655-Dzvv-kDxzp7qIf-f3NaOV4-S_DoWyJkmBRhc2fcou5bYK0e6QsC5Sj_TG7GqSmb8NX4QF1KmrzNqe-EEYuvHB64RiYYi3aqwWY95C59jOD0j3cOfzQLCJmxSQ8oLFDdWvJkCQNaUBXOULlTD3WxVI-ZoyOTBhuGuwXbqe8SnpYPQHY-tlZa8OREz-Xwx07jLoO-BqfJgS-kLO9f5otabAsYWDQ8Onx_ONYHD99WyIFEPVsOyIojb7mVCGq68sUrn3Z3iY7CWMHl4vOdzBdlDZJNQiBduFn5qlb_L6cNLBP0-l1zdaBKSWJFlJcXueJ5PL3BctZ68V2h1Y9d0dTBnKXChv4vfgK6Wy_GcDc1ByCGlL-2CfpqrtU4AtGdLeuoqafWUdffLOcRXEeEDt5j7yYNc9QFdsdbEyd61z2-ED3vvoFpJtB3VSEaCpowXi0WXMX5T98Kvhk9nY60XHU5exNuiSjniQ4aOpu-evHznnbtBaF6ypC88I1tPJZkm4USLqDKTa17fYE3TCaMPN29dJ8jEoZMxxva7jimZenlkIKNXBPtdFrNZfO10vuNDYX2_GK1Mx57G1xnlTkF73VxdXMaf7fqinDEkWyboB3-jrt2OzO3agOtITvb7E1VZ_2hQEp_ifPHhM9EyL3O-SQA8xu1Cw9NwmIcB7SRtK_6v2hHVo_9XV1QFI4o9b0T7GJlBsBaReUQsF8TqDz_wKCkwTNZIJSzFWINADDRu4xT_4Bu3m1c2GBBR-q3Z05MClM3ie9VlAXNCvAGEHdyJjLEN-HnWX2-RKU6yblVgi5VPRco0cMCHp5RLW-3DoJXwVnqIbJxQSPm2A-kwChwfxNq2JIn89_86edpfh4ylPSndjQMFdxa8SlF9zEwjkblQsB7fj7LTHyaSWcQ8Zp7lNQ5Lo33rewIz8AQSc6xp4OyXxYmjE9P-TRIyilo33ZVhMDIwqaXKBmZsXiBUhOplr7bh3qPM2uDT60shjLz4-lU63eDLs_RsqEmo3BnbNVeHXl1DXVAUIxgyyFq3RYserEofm4i0tNmsBBEjI6hsbCrl0QySjCH9rzZyeR0jNNgHdOatq6rmiEiJBKGaywRCJHemOPXnpoaLSC4-cjrjgcZOcieBr6BFIqwp3ODOYXl_mn4L9drDKw34scE9N_VI1-weaTw8PoOtCPMZzE6PXFLXXdFADvlUopmu2rgY_NaPHQOuhqAJWfSV3emWqiNaa-AiPdcfrKxD8nLYpSAqw8a1y6I0TK3BipARg=
Pangkalan Bun,269198,20,Indonesia,2026-10-14,Wednesday,05:50:00,reggel,2026-11-05,Thursday,14:00:00,napközben,3,2,PKN,https://www.kiwi.com/deep?affilid=mihalymisroriflights&currency=HUF&flightsId=0b7703ab51040000ca64cef3_0%7C03ab03e6510400005feaa91a_0%7C03ab03e6510400005feaa91a_1%7C03e61220510600000f0db0a1_0%7C122003e6511a0000e6133463_0%7C03e60b77511b000050a642fc_0%7C03e60b77511b000050a642fc_1&from=BUD&lang=en&passengers=1&to=PKN&booking_token=Her5-FUeNOuqV5pJnf_y7f5KB-ZCiOTqg08y0ib6OVzWwrOuvgreCuTK8vryXU73mKPlUPO8dwps1P0cBuEeTX8wpkjJliI9dvyzhLIJGD0gJoB2aDDdsm-VSrKdiMPLVIpy4kH9r5GFeX_Km5qG_rWdBLGDGei8YFh42vJwJee_4-bZxddTKf1kOiO08RxmujLBYmPDFR4eeTcMXQmVHtuqvQ3mGq2RVcExXm2wjAN_DI9W1domqltAJ_Cad3hKeNEEvHW7x3s3TaCiELxjA1LIUhV2DP5_TU2V9lpHrBlsehqLBaKtKup3fVT6sFD0RlWO8Gb_MpZpveSjR6oq3cZKcf7EcjKutrUavp5CVFsy2QaKldxHs3QincPYrb5Xyi1Zu-tWXhCjATdQLbCAvd7fVAXRL4zF0Zn9UZedNQKa9l-RRCwY0UhZXhasDDK1mhqBUiiwbpxAwm4S8YpADmKaSmlUxFTWmRfBT6vQJPa809LpWHkRMbB4qYeCCWkrhsUQPbquFpleY7FtAhYvw21qq7IUDiN4cedXbvg63ry8webd_tSb2VMqmVqAF9_7PKth-vhbA0WWR2PcGOKBFC1_sP3kVuHxHp4zvvS_mdtaVZIW6V-HbHC5gus-sHPujkPlI0DinqZMZGU5_PnSvxGUUBJ77wwnX9nyMbiuVHF8fWt5I3b7cUwGwVdb5PH_8WFC_PKUPFLZvaMhampkK_2d68nSJaa0Xff-PHjNBbI7Oe3WuZM4i6fnNjRXT6cfhveUKKURf21P5O04prRknduDU4sQ78wdemKc2YseQgMQBatZAvh0zENyHdAdtXw-ck6N2bbAahGQnXCAg_XXQaVNOKzzltvN2zGLw84EZ-qEHZ1vhkhoTS7Lf3eTvqBBax0qtOKcunPlaK4_c0W_BsrHOAKxxryis9bYFNDFMlgVRfE8Kys8g-GSGGMg9mPg8lUh1SRQOBMxleM348YzE0_tvQ6COhzKcgqZXrx2Uz5ktjAoKsImJa64LceXV2XqcMSCZDIIzXjztEgVQngxrtjqNJZxM5bugb4ZSFeFM5zNFx5AQFyAV32RKjhFrqHsjsoEMF26NQpVHg1tmZXhEQD5CIBsMJkatH_ZwgzGOybR_77AazyEq3G5O5qPA0sTJeyBAYi33LyBQO1ewS5zt5pKqxIguQxQWJctErMRVzU1YVHKSZvnqMdyf73tvj2rm97qBhjHrxS3rzIufLHR5qVmVn40YNjFEqnrZpJCbP0rtp4H2M_NfNsNRZueyXQMR_RBAf3u1pFsOkSoatWxXqHdWQni7eh2LGgZLT7BbXrG6lzjHxW2TRpDYS-7EctUdmhgIT7wS-vHuzI-sTlYahfztMNISMl7b2bwbNGBo7EtuwD9LTzm6-6qKUje7ayC8d5nX8FrqGncYhDqZIJXQlDFux8BhaKlxWRVE6pVshRFpS4uJoQewQsIu-6l3yBz-M6W4GB5WbSqEuLPW5gH74o8fZQtBiwC2mfo05mcUWxXgOyvUk_hkbfaemU3Wp6NF
Balikpapan,270698,19,Indonesia,2026-10-31,Saturday,11:55:00,napközben,2026-11-21,Saturday,07:05:00,reggel,3,3,BPN,https://www.kiwi.com/deep?affilid=mihalymisroriflights&currency=HUF&flightsId=0b771b3a511500006a15dc78_0%7C1b3a10ff51150000809ab97c_0%7C1b3a10ff51150000809ab97c_1%7C10ff206e511700002d9aebaa_0%7C206e21bc512a0000e2ebb2bc_0%7C206e21bc512a0000e2ebb2bc_1%7C21bc0b77512b0000299c8736_0%7C21bc0b77512b0000299c8736_1&from=BUD&lang=en&passengers=1&to=BPN&booking_token=H3orCz2CGCod4nq5S4c5c_6ArPVUWuo2M-xff2zAhiW3IEpqgTxx6m5kxWA9rl2lexumxmcNBznhtsI6JPn4nSTkx0Ir8zIkqaCxPNB4jtfDcSXtcfVzzmY6vD31SY6SXpml7BwlEWsh_Rl53HtROP-kWrD-ZRJ6agu6XetN1gIPovmhx6Qxmef7Bn-Uj_aIlFQM_zdqJMZuI21Sm9jKcl6rrmYUUJATqPPDYH2JaDfFEAduc4aJsZ2bnJHvS7N2W7XaLHOFM_l-HbPdXEU3HeG3BAVsayOsp5tWSChzC8FW9dv837S22AWAbWPVyN5wtV256QmAXP1DS0qME86XRkzF8o_ig6BeB358HvTF79Vxo8aCdNGffdmrs_hCP2fvhL6PjVskVwIbfzQr64zFXSgXkAaeK2KVjReawiaz2RATYYeZCraMb_rq2bqvfgc_9mRPbJ_OsHFHlNZJS38fgmRvN-973rBuZ6HEsq2PrQzedbonZdGOX4lcyZSGvumpWh3uGLjk2zk6lq1WlWZkQWYPWdM_oVc9FynPSLcAsb8x7X1KVJDOAnXklA57LEzOY5PVFbXfa9IplqepkKnmwBOukwC2VoaQ5jt-J6RZrxwE9LQQfqQlyF-MLtxNpVcifY6C51fUpoZV8SQ6PK8ZUvphhnxy24VWgpSBBLNPI1t-rEDaBKwbGjZY0HhMknPUTCr0Px2sXP-M72SP2mCNWhBqwznxleE7aqXlVOzDUpJJBlcmKBU0E1S7maIZMYqdN2Kwt8hb96Zhxf3woMOzwJQw7sO8SBzJTAPm7UOmH7M23ypsuooWeY3AQBeAnhJIg-qANYTaKtwT2theyjYeJIte47XlKcTisdUFBqo85KGfEsrPbO4OQtgyC1dhcr4xG7Ss5I3jZxwoaX-t1sjaPmNj1PkZCiU-eogFMtg7kXUFx3gebD8I_iwi_DpShWpr1qLsgOechDVgTeQAxmKHvr3EAkYadjmkqxVysweQUiqacxawRrHaHdObbGgDk-3jDLkNEMqUJGXtz1n3CRqZ9aTllZytAWnVWSVDOG9QnnfsvlC_wPSYuVf2IXqf5EcXq4-mxtSYbvUuuElJHiwXOMMgQKBLeYi-cI_WeuH61ipwiHOUyS-8__TOmVSniT8QoXrEPIMnyfykUDmqiC8zkHYARXn4yv7qwbVuTdIMlHQUelzHt_UVUTQ6bScJQk3aG-78y7CGh2YGbEvdvno5N-P8ErxkTlg7GRnd24q8B_9b9FmNNKFWSD5ejS4GU9rUjSUPmxsYXcoEgGjzTki2kNiklY7sGhIesESYwDc67rHih6HTL9U53S7XDJFo4m1XBjXGHahl1gquvEJDMfQ5lCLyww3F0PUm00bcf7Vtd_I2QmkMegoGqPkM8KGKc4vcN0n1W2clJt5s0wSLrblMNzKeq3UyBsQLqQU6utd9u3grlBnRRc_YGepqUaXfxTIodrbb3NUf5Sa95vSCl2qzMgz55JWndXDMjdtuVbJDERJSz4IwrvDdFGtnuuWbYg77KXSNcMKnmFRkwsB7NaTpKnBYBpIOFDOefjaYLGLAJ1JpZn9f3VTXnleCEdgzT8ZQ0
Surakarta,270744,17,Indonesia,2026-11-08,Sunday,06:15:00,reggel,2026-11-26,Thursday,18:15:00,este,3,2,SOC,https://www.kiwi.com/deep?affilid=mihalymisroriflights&currency=HUF&flightsId=0b7703ab511d00003ea817af_0%7C03ab03e6511d0000c92ece35_0%7C03ab03e6511d0000c92ece35_1%7C03e61c5c511e00000c052fa9_0%7C1c5c03e6512f00009ab69113_0%7C03e60b77513000002aca7c40_0%7C03e60b77513000002aca7c40_1&from=BUD&lang=en&passengers=1&to=SOC&booking_token=H8Xg6DySuZnUXuqIBLCHuQicEmWqg_AxAjihWBdKKDAxfzkb0lBQnnQUG9mIZzZk5EStl30Zk5b1JN4Qn8NptX9cEWZTQKaexSKDWOMKYpQyd4BbVOU53HJzBSJ4-HUPaTxY7aXN81RY4CYEPRvHChTJ5BMXyzoNrqRAouUkvi4m9aqu52zAdh6DSRDmics_pWbIf1ZYOzua2tv6HHTQHBaP-yWsXIuwouZFtrJHt6vmdyvETeQ5CYq82k5uk_003ZQfuBM6TzvyeNWyetIX5HxVw9nS42Rk-7-YwUW_yNAvjADEiutYM9a41S53mhJ454_pj4pAsnHt_oCBsO3ugfb8GVr5et6DpTwigQ40-AgJUO5fXP_6DZkCL8TJKdz8DGxByBSJkhWtcZb1J_70sqNX6Ji0tWqX-gsyM1ojnVB72cd6QObmksOdFUh4c2Q9PyhBrpYIZ99rZ2Xu09isnKp9CqwYlcU4dCfPQ4fW-1U33gBq2yehJyraJhALvtgKV8emDEHY7gV3GUCIvYwR7_fly0wZ-53cps0MQ6z_B7geGHhGtHIAIQN4NGQ3kbXrbx1PqNEZ1brjdOYrZtI6AiasqQoeXDFL7KkN0cHxC03F2kTry5P0-hEeIYiUJYAflrZf1HMpoQ2eGuIhCkuCpANcMdIypeNYTiBgLOBiLoNvs4QpbU6RdhLVa5Y_Z5NxkQNbovGitaAkAtmLO8yelCjYbtL2BzSqXW6gcVrg1vIOLS4tVIENU3-1E07d9J4yWxdNy0rYVMUyaPl5AIkyDYuupDrudGL5bEetTXvZC2KA9A7dN0Ly8FN8gdvvjn14kVY4_jQlyTJmEJ0mxbREB1u2gBLW0C5S5q9ZD6sgSA1qnO1BU9kDVnBLNOoDcl_mVjGG_KMurWdJbK2Msq2YFpT_2vJU2gpaNVd7Sz56VW79UAl97Wnd8rpg1K4f5unHFg8dpyzBO7BHfaCGzqCBA8gK85zPyT80xgOnq25-qNJWGWzB92QWPB_E5TzV-RmL_EuwwfXFkJnRBFX1InYHclzLTk-PSsyEZKydMqluwAsFFIB6augDdhaMO9dGLB7cmtw9JrbF9i0mQO_M5wGAj3dBLrJmGIPrZDsO6j882LvXvQ_UkMnHv6n1UE2bDf1JKkjJXt3ljOAWwsWpi9KO_Hp6w3Qft2D64lOtyck9OnKATKtojB4UidKRCFdBpER390XZZ45UEhctO_dpi1s4d2bcOJbHJXxAQ5Gw_dYKVp_UOWe0qNnf4542QM8_Ze6kIKacz0KYz8SXo3KxEGLpJDXGVPXkCPr1cPB5OsjR49cIowNlzg2ZhoCIMmeLH0Ax_o16HXJDuLVK4-tVY42j-1IEhKSD2eThQsoKD21w6EK8sswH1TV-CwtPnvfNM9lNEhfXc2j0fS1rHHXiIUsEwEBJL7fGzEkCipbziCRaghAmEXu1oDxo1pyFZX4v9OmnrfVQnMteXFf67cGEQqTQt6TJ9ofbKO61A-tQEPfDofSCEQ6vYRMcAPLIEpRdDRzaUN03SPoaFkh3KaAJvcstblg==
Pangkalan Bun,271205,20,Indonesia,2026-10-14,Wednesday,05:50:00,reggel,2026-11-05,Thursday,16:15:00,napközben,3,2,PKN,https://www.kiwi.com/deep?affilid=mihalymisroriflights&currency=HUF&flightsId=0b7703ab51040000ca64cef3_0%7C03ab03e6510400005feaa91a_0%7C03ab03e6510400005feaa91a_1%7C03e61220510600000f0db0a1_0%7C122003e6511a0000b971ce67_0%7C03e60b77511b000050a642fc_0%7C03e60b77511b000050a642fc_1&from=BUD&lang=en&passengers=1&to=PKN&booking_token=HlkzOyfVuk4862-k3aJfPNAKgzQ9TV1NlvOdxIE3xyVRdxTbGt86TePn7gPeF3QrwbZny3Sj1UUrF2npL1Lj7mssQpw2loZDefFiD6cpUoGDBUp0ezaGYTtuZMovDnYFTAMD6A34G8s2hVOogPOsSMqi1j8k5xD_xzFww5vWXEdWE8lRcgXe2wzrp1rvKtvjciNi3q0DJfxb813Goh5dqdGLsjlgyiKCCjbpsYNOGct3fyaCBcCoqElsoOtsIkAMFP-SaDmE9A__H2LkVPyDITPkLkwbcLEO8uT2WE2Ro5AjnAeOJw6rDuYJAngDd0QVDJPGOyYRUVBS-Gty7FvNZZ0YU2eWSqSbgKuoDOYPvULuQB72SEB1YZ1v3ENAZgHClBoQGfjgTlfwZsJ9yG30lt4nrXf93MdvifXdyYdGLbPDhz-8HeMMz4hq-KrCuWlbb4Ugi_kGtsi91PYLmyj8aGsvykK2iCTXgba93V6MRNmz-NLEqRf7KUHv_ZbL-JuYhEcMC9QWNX3CBtjSVNBY-dCXLyddhUN8uVLGNbHMzMavyI35TUlc4KkDOSMVKmmyVYJSQtRZkDoWdnx382cVtRCWf8nn3RFhlSRjeuYCPXqg8U_iFpCuAQWLmMafNdNJaRmfbMFXgbOPMRlXL95Y_0DoSs6o9IxCQpQ2BVhYe7echB_tcQee0EX22hDPxgx2yZ-cL3lVNyzc4vp0bTcNVLqA7cQzaBoMHArpJ4_3H8kI8neCrIT8gBdjy-inEjOiJdZNatNoAt6uEmJ3ThAc9r3v8MsyT5bPZ_TslP3SI0pAgb9r1xSEnNKJQdq5b-Za4SrbgKjxYZ_6DR82N6oUywOR4ZAt52AmnCvBIhfAWZeH7bOLeERyDw4XHCHH3Cqv3gEpxZvzvQPG1pVFGVlP8NqKx_7NYLivMToT6bLk9soWeKQUyHBhUR6pXlU_D78g4A2lITkflWg_4jDdlIKU5mwfg810hS0gh9eTjE-21oIH5X_MCpxUJnEhhMiJw5F3DiKcZUHF60DdKEusgpwL3YPLDx2SwQhPXP4Wmhsp0-7n8dm4_co7-3MhQ2WqSV7yGEHq_GYktTOSCvAmnd_TucgNNjKucYK4c793F801no1QBMLBYd-Qnk6j474RcctRrbCu2aRpBQPxk5Vg1kKErZpFBEOhFqCFZNtz0mO7aEpQHwAx9Lj6KYS00mHEPpk3H_xEbhWiB46kNW7pwG7IdEeV7Tv7dV2xOMdNlNgMrTOP7omJNa5rF5zlU-JUafruX1AonGNp16iVbXHMZdU5y6Lv7DTZaKDnqFWAaMbPzgobgwcYYkC-buIcO05m2ymM3lgVqUkR_KMscJeqBLX0lGWduH948FlK_BaVdqDJps73g1vlA9U35kLlKGlTtL3kdT9yl6NZeenC9bRQwmc5_RkuwPgQ4n1UXZ9i1V1thX1xryULLFPtEGFAO-nLAx9VaACEaq-wO7dACCW_cy2-wLJU_8K4btpLb24Fey9CZRjvl3n7VXbEyFlbjUJpUz6kzrboKr_KtiohO56NajBsNmQ==
Malang,272019,20,Indonesia,2026-10-14,Wednesday,05:50:00,reggel,2026-11-05,Thursday,11:40:00,napközben,3,2,MLG,https://www.kiwi.com/deep?affilid=mihalymisroriflights&currency=HUF&flightsId=0b7703ab51040000ca64cef3_0%7C03ab03e6510400005feaa91a_0%7C03ab03e6510400005feaa91a_1%7C03e6207d510600001dbf3ab9_0%7C207d03e6511a00007b294f8c_0%7C03e60b77511b000050a642fc_0%7C03e60b77511b000050a642fc_1&from=BUD&lang=en&passengers=1&to=MLG&booking_token=HIKuVbYuq30WiEP-x6QDesYOpil2W_iLKh6UzsG6i3WskKtYsq-BRTVg4qCJADKg9CbV6i8l63Ej4Aq0xNK3ui2Sm6u8CTwRkjLXy-IaDv95gTs_0vZj3PB_yvwJFO9D2-e4o6PZlJxy2RJVTWYPY-XUHCb4tCDX5dgw112FyNU5u4vmNeya0QovhVJ6gn7ApP4YAZs5ik93OOi8XpW8C66vRYol7P714nVwP4XQMwboAH57_3GgP1yuMi8h0RNktwV_0Mj82qy5VLgIPDcUKNqrPIWgnRNPWp4pBImz3Tk71c0kaESnZo5f0QlWGa9Eq33gFEY2JDD2C0R_RuEjjZmMC9NzvR1kNYtkdQ1aHBz3oGPpMSEXQnA-FDeQGRsD1b8fiJhWB0MaFz0DnAKWQ5sQls8kMgDx7aLCG3bTzMOsH8FDgYoTS8yR6GOeyoMBNmmti0FTOj1LxClooJ3LZHIJYbTph6Oyv_hXR7KRBZdk1El-K3yuHH-KBY2AiG4zPPtnUrRWFqjn4W7AGSxp6MlOANhcBD23ycUW1h3aOpeCi1D2vGduT438M9kBNhSWz8LQ3S9NntJ3UbYAshOXcojmLaTevFPwLk9ngvH-iMCuMNhSuNS5TBI693yu_JQ1XIx1MF_68fR3E75c7o2oRB9zDI6bEsrLjfGVaMOJbgubkccjxKBonTJN3bKArTY73WiF82V135ghh8JiINXVGStDP6HLnzCDW1Tb4qw7Ngj3jkKGnWgdxAfQBkqnx2Z34EP39NzaMODPb8FF0FfLaBIkyKooytHhs3ZBXyOpXfbbgz6RcdBS71INQm-Yvg1U546XA4PiYj9vcCfVZCScR3aPq2H-BLJDR1Bn1xQEYq5SSbQix-PyfnZ-2DKXi0Rrglaf-JpLWeClgNjhQuZgxGvKinfaBuy6oA2kIO6skHYWt4KoAuXEztdqNMl5Ln5ltGwLtOHNkX3dJQqoha5CR8IwbFzrrQiHFxA80EhMAKWQyp_twWN1-HvsiXCXgBeR0W7czlQQfLzWN2UqOwX6s7zlyfsyueUSjDKIzUZ8yjCkQu22-Okg4hvq8HV5-E4c5uJZebybATczUhS9lj65SZH-7Kb-d6SGeVkYJuuELLtGtvHXuxldNcyT0chqWdqkY9jUih14dZf8GvksMEnOPLisIwhW-GL2mQ3DIEnFRdqfpxdhlOWSGlyF4JqvhwV8eV9b-vlSq6zCebGybksTj2aKOtAlSO9E0zTBbWY5XLkcGE3HmOpBJYd03QfqGKdCRFTtTgMDp79uBc3rECC6FVLMFqx2-Tgis4EjP4FE1ElSDHvYLSe85VYdfpyUTzREIUTj7-__Gr95mzhvp3v9VsVwUC1hmV1MOx-9K3pIM4pHthPnTS9ECu0a7uHPQlHttSXkETIKmXCvwhQ-shBphd7HehhHot6oZ5_a69GlqOn74qNiXq781YZWdoCultadERJjqm96itdicIT0cshTNXXwp3cHXevXKPMZmSXBy2ngnEYDdAMmd0rvzgjdzKuMcOZ-sFlq-brlk36epPIHCPw==
Banjarmasin,273744,23,Indonesia,2027-01-26,Tuesday,11:55:00,napközben,2027-02-20,Saturday,09:50:00,reggel,3,3,BDJ,https://www.kiwi.com/deep?affilid=mihalymisroriflights&currency=HUF&flightsId=0b771b3a516c00005cf67ad1_0%7C1b3a10ff516c0000c7f1f9dd_0%7C1b3a10ff516c0000c7f1f9dd_1%7C10ff23ab516e000042f22834_0%7C23ab03e65185000084952e74_0%7C03e607f051850000dbe54ee2_0%7C03e607f051850000dbe54ee2_1%7C07f00b77518700009f65c7f8_0&from=BUD&lang=en&passengers=1&to=BDJ&booking_token=HKnBDApQo4TVDRRCN7vEans8oQ6v9l5eY1r6aquQ7Md8Ywf6YiURsz6e0LKpl13RZ7MoqMuw2eMqdA2w7uQe5fS2Ll_EOVTSfRFObgXP7q0hnbVQ7nFxWMwDrRW8tlEvL41AQO5tqFSQkkITN0iBEKyZcsISS9ffaEiPKojxrkKhDNm1mi_Eg1J16NqGrjknCt7Cal3JJI3MqR-IrOu-EpwJBOKMRfh9_TGCkb4ER0vBAn9CUXPsljWYzYaUiimTMhc3EZKrFpybjesKtjLnrlIXYPUyLqDfrGfrDIF1lBpfMPhmB3qdD7ZgmDmr4DL9YLWMaQVOB6AWSqyyFZfB2ebXVuyN4fkC9WJJmq9GuRXaIdOeOCVqptdBOCZR3h4nCpKZ1Dzz4Ov1Uke6830okuZ3AYXioQxB6WWFHvtv6k6BYEnnnO32kDCCL1axBPFKaA-5hOX3domkbenX43yO_jHiArldK9-Ho3G8gzZO6Danwwdt7jSiEgREKZrEdQyCWdde5Ti4q3n9jPZW3jW44vEx0InirlevLPxIsMIUc2UZeIrRxJuRd_gmvEXqPeTSwPDPrTtwSivLfijF4Do37Qx5Dxov2Y0w_GnSBn34tDG3SH6qTCFI-Pu6IfOR334YXEdSOM0JeQ9EYV6olfptQay-w7riPpzaEL7CunrTHbw_2p65Ba656uNgNvJMlMgbG-ZuPKMmzjADiokPWcstSpy5aStbTeLHkgnh3sgtyBr9DNPPAd9TrrQ5q0UOPmybi9Rr_46XHA1EZg9CTOtUxdwvf5gifi60MV_b1f1_65z6CJNinhVYwHiY5chxrBC-uuwaVmgg1kzYx7PJ2J_l9kBjXdgT9I6_jiXEmI-W6sGBIdjI6mVTPmprkNkIV3ZFyBFsxWYUIiqEvQYkqEnepFMaiA-2VmOTtSFDlGfcx94nF10NeVQ3SkT_ctGQG9Gj8Ewl02vO_1mOFQi69_8nCA5wQbj_f5_EH4Hyyzf66XpWg6thi35eW-Lwgy62k8JUnwGX5N8ukQPzj6Eax94q66pJF2jCJiYZWcD231ZU5x6rUOVmGihuHJVPeYKUPx083dwYozH8CeVhBoR8UoXL8UAifE02oN7B9lZdKNm79kAPrmX8Uudo8SXm6HQYZXidpLfN8Jl2hB3HGDw0MkoH-bcn28lGwUdBjEjBjG_ryp3127C0i_UFHmo1o-ymIG_gNBygIywifFXf68YHgdcpk4pj7JnXWSssUrzQySJClUiqLW3L2TDPuFzWYoOyhQVpsmDSm6Ubm6oEzVAdKE99WVBm33HIMTKxsG1V_IrzvfvqRO0YnL0SngZZ3k5JoF1TfsbEbB6NhdlUgvp7uKsnA81SqUXyZPjznByjord713NvOyKjgOl6ulGx5Vyj1MJt9yiWy9ZACHd_llXg9Gpu_LHjzYtMAXUW2fpQlkkfF8cCCz_eNLwdLTyBycRJJlHI_PNteN3e60FBoNKoV-U-D4smQyhvSwr8NGXQi16N6ZDszwmR4lRde0S9vNOtbYz2xw9wKM88dEC4HJV3rcdsDmzJYqzgw1dJq6fc3uqVke2Phg2M68WA4c4DkhGEA-10XunRXzOgud7JAaV5A4MZfHw==
Bima,274347,29,Indonesia,2026-11-21,Saturday,11:45:00,napközben,2026-12-22,Tuesday,11:00:00,napközben,2,2,BMU,https://www.kiwi.com/deep?affilid=mihalymisroriflights&currency=HUF&flightsId=0b77009f512a0000061dd440_0%7C0b77009f512a0000061dd440_1%7C009f05d3512c0000386a5843_0%7C05d3009f514900001f0eed33_0%7C009f0b77514a00009d1097bd_0%7C009f0b77514a00009d1097bd_1&from=BUD&lang=en&passengers=1&to=BMU&booking_token=H4ihiUNvLsTWjoAnbgI95XuYMY0pD-p01DI4CgULKWynX0cInjd7pfYsqwYJT7H7dZWJPU3o0HEbP2LhYvGyNVqXsAiXzxq9BkVa61DDchZTrSokJbhvOozmAVmSYuAI0UTsmojUma4Sn5FluxKr9w3cKcVsTOY8wxBNa7AxSVTchbZWFHY4MxKqg2lMEdo4RkvKAGDu22wYRgMxgAmMLDR2FUyhhbHuowp_SXw0wbHPEVin8AFWHlahW0u4prMnVqTKdG-1wX-MdIW8d9PDfAfqEl_wj1cDGv2vhDnJEETcXpYPgKeSQrOcW6X8q8Li96357yPvlvK-39yMz6tLWFWEOzhXXfdbIMlS8TfRthJbLmrFgd6rSmI57N3JDjnuZHgWCEFuZyBjjjXADoJu3-fRaRbuj469G-VVevmIXKCUFZyne8o-p3k0OUlGgWQGeOnyDKzdhzx8f4VNIl6EZTpiXm3jB1iLihcftlF-piu_ZoQ8PZSAGwuGbS6VLnQF0qSWJ6GijSo9xQ1ASz0oyO3bIg95uLrpcBH_OgfCxy05ahnHB12mY8DMaRQ0f7OUO7_rdV_QQFOqyOUeS-r3fF7i3-UwxSqMYxeKtOYl06oYsjkIBSbUJzhz6ohNxBsIXwd2qzvqQVT_ftxNNi4zWu8FDso45zQDMu_ttZd2gwAlgMR6NS9hcnMeSk_f09u1uo1tdTJqY5XwoB-5AeNzMcUXbkWpNBBO-qQgfO4F0YkclBkB6Hy8u2lQ_E9qWhmxNYFQcpxhyi22sGE39nA7SVH1p2LI5UjBQvvlY6RVf-_GrvGT3Ooigwk3nbZ_gPbRd4olbbtnldXcITSMHfCyH1xqJxfq24MnbxDJeufv_LZfiV0ZwWloI5YaIZJ4piD5P6WtLuQ8ywJ7mQ-_Urb90o1emiM1rSZIfqc2uMsn0TggszgY4TdXmXuMwLwY46DKiOWoTa5vlJLvKH-1WsffX3_0Ai9jADpjKgQl0Kg8JVXIsYpfetYLVlfLgn6wBGuMFBuqJIzCv0aH7VC2JvdCoO6n2BjkhagzAb-INkU7gMy-95sdh2zK6J34rjOuEYKeZKvLpGOkkgnHh1UxNTIX3GD5xSi_XwAmlNKKNd_G5BfQGiQrqs5n4KDzKmDwY0_MAmyxuDeyVqdvCi4sN4JQVONR3yvk-5JprRsAvSadfbVBcT8GdkN6fhpdD_gVQKcD5j3jB9_A4OrItRh160r7odUjLHA342Lfgd7qQRY8RUubhXVt7Wv34WRqMjT8gVZej5ETLlZKIACkEMUS0vVLKBKf7e5P2g75JxLyA1uYSp63WE3Ag4S-ABi5nhiAHlIiHKkdNMlP66Pm9vkuCctv1-iZ0hNiCvmha7plZR2JmcMfZIQG1w0YA80jJ951q-ff5YgkeM7C697Trudw4SCWDxipLEfEob9T83B-SFd823B4=
Bima,276248,20,Indonesia,2026-11-21,Saturday,11:45:00,napközben,2026-12-13,Sunday,11:00:00,napközben,2,3,BMU,https://www.kiwi.com/deep?affilid=mihalymisroriflights&currency=HUF&flightsId=0b77009f512a0000061dd440_0%7C0b77009f512a0000061dd440_1%7C009f05d3512c0000386a5843_0%7C05d3009f514000003ead4c0f_0%7C009f178951400000b5133d95_0%7C17890b77514100007ef4a35d_0%7C17890b77514100007ef4a35d_1&from=BUD&lang=en&passengers=1&to=BMU&booking_token=HtyvgOQYU1S8RZYqR70Fas0HHY-tQwPPAvwkYrd6NU10-m1tmPs1aNuz-HHJivpOXC56XEmpH60tBN8KMIo2JXDtCNEKRosl8QqYpAiD1QMaxbG6WO2kWiCJRO_YrEIsZ0MAEl5X7qVm0z4qTMIVoxFmHwk9L7dmyqVVayYybZXdEYvuxXiyihZ8LHEWzgtucYvfdXS4C9yjlc9rwskWAHwkrPAlZo9kSUSxNp3Z0tkS_tr-sgo9JAa84ok8P7j_warJb3tCD0Coz-vfGykssyAC8__yFu-v--4MhuPGUWlt5dl8QhpupQjLsgz0Z3Ns-TX-OqNNUi5W4hcnJ4hCGJKK_4wLeBThyIUPbHk8GjsL3Q_wKyAD4j9K_YGtcFZgyAXByylG1gUDO-RxKJ-ab5Wu7d1aEMtjAcQPMUnGO2IrmQbMfuLt1WXItiR7njckAL6D_L22bySz5N7Po7fRsi_sA5Ep71FlnjGAJ0VYxpQB8HiVHCYvUWJHJeu5eHIsycF0ceoqUsCKJvGIZH6RDcXRm8q-wpR_ZxwqV7T5pY4AiGEHPc_tfGSrsHQqxQ2sHEuPGuBZxmWZgzFpmGABjnffENszx2Tx2B8QQagag6ut5ccm7t6qWCuaxX5PgFQ8K13fv080DApXKBULJOKUooynmgR1nUNnMsHJzUrOjEz835vj_zJeIaXuycMe3z8c7EXoXwvUQY9WNt6HFNCZzGsjAJ_yr7X45wRj4qIEJXBbmURlEvYAvEVQuAM6BW6yV-GiMnZPZBmyi4hRf4ICjpFfrrs64gBjWy2tY9dlT93-IAS2HMIiSzaKq0spprn94CBfZhfOyZh3l5d6VK95CLUWpQfUAu5W8DRt9OfEwWnrSQSiV8DbIpskEHozotT5Q6w5MZfAv3A4H4FfX-kl-D-k0OMuPwuGF4vuZjiy-L6k8naGR1Z-FzL0E_6wGtlJWtAWojZM5ByPxdPVvwG7PPSs7pb0nLlZ405QYGqlfy-snomsGkOehqzbVX3Ea__kFu6fkDAboEh7FOYobWHCNkYpX_clfCN15LWsHLpfKNBaHSqnfxJgD4R-alfkJhxcLmzicZq_SypldYY17KdCruPZoJUb8ZBK3WBqk6h8vIHtbOl8SVUQA9Zpr9lZVXNABKTYoB_LQkKiPZQgzUMvtqkPg8OZ1AIHmYyk6YGI6DUz9yDfWr_Iu4OkIiOqrSX044Wfmwntlv392rUCZYxwCtnABdPf8WJlLVRalpS6_Wx5KjMxNK2P4P2HP68e0haeqzGTujF83AcQQBfcRVNfr4QybJAzKw9EhWM3icADopnJJS61Jkzk5C3TNYhFmAOLpjg6AoTzsEYPD0RMdO-2VOw491p2tgYlF2jrrrVyJfKf2H10DH3wetNndtL56cXBWLwqqdhZYd1-HK5ptMrjIky-g24zbiI-Vyt60Tz7qIGuiXZh8TWanxxfjz82U50ijtQmjDrEAh8X9Or79pLo-2w==
Pangkalan Bun,276469,24,Indonesia,2026-10-14,Wednesday,05:50:00,reggel,2026-11-09,Monday,14:00:00,napközben,3,3,PKN,https://www.kiwi.com/deep?affilid=mihalymisroriflights&currency=HUF&flightsId=0b7703ab51040000ca64cef3_0%7C03ab03e6510400005feaa91a_0%7C03ab03e6510400005feaa91a_1%7C03e61220510600000f0db0a1_0%7C122003e6511e0000f282f079_0%7C03e607f0511f0000984d57d3_0%7C03e607f0511f0000984d57d3_1%7C07f00b7751200000cdde7f6a_0&from=BUD&lang=en&passengers=1&to=PKN&booking_token=HlAG4ZZ1I-TVPEl4n6WpFtPaLy0g3k8xn1CAQX3ruWK8a53wUR4t-ChMCAks8hG782eNlos8vHLlB5aAAQm-9E9tR2ofqd3ubHOs3enzx9WhRen7e6FmLLOYovpmPBpgo4fqa8MKly2O5jYDj-KUWIt5IU933UslI9stDoY5N8sytNBQ-CvylaL5zHdjS1jgXwM6u3_0Ok9TrthbAWItSWu3x-y9sf_COW0eTU-d2f16u3-CsBJTTNN-sf4xqVEOfMcb_SAFq3t6-d12n9XKtfvWTP1KVQWA2zSeuqFUJbKl4ZemBd_DOYDxsgkxPs5rilyfHcBTE-EkGmBmf4vNEpmwJP8CJkibAHgtu-iUQ-rmPehjQPwA3yvU3k_Nwxfk3Cxnbz-YMfhJ6dJ4QK7raMb66JPpFIuBbGI-aoY3WdZCJa9NLSeEZi9d9BkS6uOM6SazpjdAwmMyv454PUJLPDTPi98X_BVyb0NgI_aVhNY6tyvdvMGdfe6DxoQiRrc8RlMQ5T6L-91HIjXwKtWS0aVPsLKsIBtdaGQ7N7hXi-CYcQdjcTogQczIvDC2MaMnCOzuBVxiLc1llrzSyRNewgyyZHDPDxu41nkSNUr1g6qj2fdoBicxJ4R9ezNvHMBe6r2BtUSxq7Rln-eLYotUDu5jXal0FQeRkr_iOb36ojoenJpbd322JATh5vD4D70jBXY9T4Zf1NSPQurmAuuDiz2aG9QPJguwa7szxXSqW4WIeM-oaOqq72__UNSACC86MJ81l483fPmJNA3saY7h51Qqhew0K6bD2EHHjlIZJu-vTHmBYMfBjdFq9CMGSXa0xZyjp17gr_DHigJuzkjsVD0ZscKkw7M5NSNHVbd1_W9LdsbdrhOI6Y1mD1qh6MyUW9Ve1oa2TvGw21r1n1GnmmAnB2Bn23wEUL4V6xdtPpG5xlB6kNQzvfm3XAaMVMkaGbBMloq9nXe4WanHmMHfzaZn7U4u5ZxNGYM9zhiT_zyHKpWsshIWOGlkUiV4VUaA_7R6DZvg6UCKTSZH9dzFUa7_feYd6uOk4sTH-EsxxD3CBNPNq6bhQ0PK2_LHQ7AXDjodOWFL1o-UcfY8KihELZ_AYxefiVGKwWHZx50ZAo816sA6WHhaRM6j9S7X_gtJdztcnGcqaOtbBLMGkUIiJyHrERdkmFMQbdwPZh03tbedEiCIUZ7sUWmJc6kRfK6X0efsjVaqAHP13YK_oYhGgRN45uma1QaeNklzn6zonMoxNvSpyrRVZ_7AZDa9e4bLVSZH-BBJENdKg1tEp72n-ACTkdW8UmFF7PwkmKCE_UvmCQOxar7E-KkCReA1i0KxP-7e1fnTNmWxv_q_CiZqBIDgVrnW8hQeuJsuEyyoCMG5sV2uc83HQKqrCWPDeHq5OB-zFeu-whjinlZcASOw8cMlqoBiH0zM6tq_mqe7Tdx0ZyAs8dZB1T_HqZslOhBSZBhhbJY6GOzjmJHmlVH6HoenBCRSZPZHZVU72gDemQxP4fUelGTUW-HpTYH7qazooFASkTZvU92nA8wU9swk0zpDLre1knza4szQpm-Dw0Z0EZrdOMfVA2qiw9-bdTUX0
Labuan Bajo,276665,14,Indonesia,2026-11-10,Tuesday,15:10:00,napközben,2026-11-26,Thursday,17:05:00,este,2,2,LBJ,https://www.kiwi.com/deep?affilid=mihalymisroriflights&currency=HUF&flightsId=0b771db8511f00002223e463_0%7C1db81c4c512000001feec959_0%7C1db81c4c512000001feec959_1%7C1c4c03e6512f0000374d80a1_0%7C03e60b77513000002aca7c40_0%7C03e60b77513000002aca7c40_1&from=BUD&lang=en&passengers=1&to=LBJ&booking_token=HP6FSySIzlw71Jvjas4t6K1wqi1LB5qdiRvUOPvkm-HpOnYpQe4Vqu6traEWHm41l8rMwwq3OzJXDqPnGtiTiVx26GeIPN0QygxxdXnM7D3kURt5w2AD9r6zxkpSfXZOEIEji33oO7-FyS7y_PxABGP2hCo8R9FsDkBtz5eVSpj59fyNP-HkejYbMB9SG93ycuoWc1mGGTJNlqtJh50goiwClyApMGOihnNbmPH5BwUpQcNrMRG6Wu-phwdZW4N0mZlyYa3bY-Mi88UU-gHs-j_ZeN8Z-bpT4KbGy6z-LMN3bce4RSKMwONIGOb5-x4IMKDA8mZAik5ZLSwbSN5u2vnMQl1PxdysdeFg9ualx7F40Gk3vHPLmG-gZtM7Iq_TNeQiYoUCNS0po9Ix59LeUH3J1fI3uh6mVyGyzN-G4F_7I8mJc7NUMNpcNFGBDtTn9U2y-b_g6WLDbm_9QeQDAuJUsWOh-8rfgKhhPCXOfHM9Iz6VjXJu-plz3jXgjzV54Kw-TkJ2Ox2wPVZLCEQFLDKda6l9ScaeHgtXZRvxZtdNrPxsrT3FopN2ViUbzp-CeooTfo6Q08ZrquvPjUMThgg6z9ifU3gJ01sO8AFlZLztijDSUWqqzJuKe_9ZZEihJqegAkQ36cvQnQQhKjWhpDNLjo6i3QILEBkZj8bI84TmeNBGYDRAbqcxoF_Q60U3gq7z1DS-nsGci0HRpG7QXHA1zgmd5roxnwKD-pLSjvBnexz566F2RGCctJxqyMtMEdPCDTUpnkNHtM3za4egH7g0hAr-F1r1Zae1r7yfPc_LoI5x61K2cV13NpP-Z_R55xihoN4kBlBC4i2ynKroSjofEzKtOxDmgXvN_KBlhqHBeU48D3pozijM-un7MCVQzMo9clxhmgEW-sQpR_CwofS6a1pg-UIXOVuz8y-Btit4TaBnoYo37ols-vdc8-QXRp2zR-RZ8hkrO96HcCCX11R1NnRueRIprvGxgZiuQrArah19AFvl5HBJOMBbE_W-vNA9YJRZycq4wjQkY-psnywQfjH2ddj1x5fbEDH1Cz09VPXI8C4CBgwHxy_pUt-_tLeaRfiuSxDlQDN8l0k4rITg8Jh2o3nHm2bk50VXURuEhLBU-0WsvlZKSEyaS6g5N1cFu0PC36xY-mFiXQV-Sq8Oou7x8VlbXAZIuegn_4MNBn19ChLAGhw-kPhPB5AsBHclQT8IG090_GVQ6WdOpGizV4fsXDnJFT3lJs6jHy7lAXu9yQotVO6QrEVDQu1jLlu3IGK-JZ70TB1w0iJyaDURV1mAp7MDsHwcLs9jj_XbN4A-giLNeqohBZhk4v9tn3UqgOINw-7BQAGasT9H9hMKaLf4psGNvQ19svY59BSye9cJnC88fPzi9UpuPI_hVxSrG1VARsJgaMS_csP3KU5yUehELuOK9xpgx188UWdUj5259FXfmhwrJHftv0VgS
Balikpapan,277059,23,Indonesia,2026-10-31,Saturday,11:55:00,napközben,2026-11-25,Wednesday,19:40:00,este,3,2,BPN,https://www.kiwi.com/deep?affilid=mihalymisroriflights&currency=HUF&flightsId=0b771b3a511500006a15dc78_0%7C1b3a10ff51150000809ab97c_0%7C1b3a10ff51150000809ab97c_1%7C10ff206e511700002d9aebaa_0%7C206e03e6512e0000f595014f_0%7C03e60b77512f0000ddf96e50_0%7C03e60b77512f0000ddf96e50_1&from=BUD&lang=en&passengers=1&to=BPN&booking_token=H253VZC9TqqWNB7cPcPVg4i_EGQVxDKv7Rssqs295wNLJjKLIwA_jhWHs4hDoEijfw74lYmSauOeN0IM-B2ZaOSZCrnItFhRc7cbQPafJNnpxgNplkUtJp4R4rihHzxCubvnDgTJnZzs95ez1yxXQwxR6EE19uSCAQK_ec094nt0fx25Pw5VWrX7b5U5Ylz2sbXITGzQsC48TbkO2ZEIa5dCJ2S04WmSjNHtaE78HeleB6TI5XDHb-L1UzKjj_FIOc4MgYlhd47okmal7tu69EaF8Gl8JjINfd5hByAekYidmpmvebPy95S2O5Cc0WYukL5b4mEa32gHIBx-BdTgeMiWBJBlWs0tkyb9jFRJp2f_DLpXnfT_KLrsfbXZT6ONzEoK0hPt3FIq7j0IBZXhz_EFOG8Xj_D9AYR91Rx3REFnOXx4TtcUdTGIqYfKJGUHdzp7Khw9pFRzf-z2GAe0YQnsv_Y0zDY_SWgXmXZPu2_17MK90G4zH87u_Wrmoc1iR-1d-XMSV2cSNUAsAXufNCJMdTaD5RIRE7-P_ErQKBjnOYibS-EtMnrQW62iWywKxaSf3_R0Z3Gh9qs6QF-qnJxkVeijtTIPJlutx99gIOfpY3ZcTVEmnjm5nbGbTEFL9VYEidA_KRfM70jXJF7Xk24Z-5b6-tfp4YVKAU1el0LsZT7Ez64T9Qj2hM1GhgI6ePNhkDkQH3_sOVhRoVB9jIF-1x8dWfbxfnaaKbybQSsZ0goQAx8ANxGc7JDF9oZ_7Fel2ZEyQzFsoTcLuT0Q0SqrjHetmKjXNsElcMReD_dN58AZOF-Perk34ExJRsnGvhKg7OxqaznHxlItasgds6LR1e_t6UezjVY-BBX7Wm3ZDVfN9Qz_N-g7BOaLKuFAE1Orc6kUM0aMAnsMZ8RDh9WAYwRHAbqRhtd-1pLNPTYpwyWtSNWPuJZHDNwktuujmeMWhw3v6EV4WlYdrn0wpwpf-Un4GeqlhlCp__dYCojAifFFcwSruoGXpLPhrMK_cUnMluoJYzphdmBq42l6xfdPyvp8SZCVUA_DIXY5vqZNOfkv3Kq-6XGLpv5iZY3itLqdjuWM2_C55a0PK1I82X1WStvqMpxktT4UIfaW_6YXFMe0ltJe2GXLp4AXfMOoHRUrJvZfRAwzGyeF-obiV4gm3_GoByzHUvYvJbs4hO_igCtQ3Y8IrIlAeOPjUFGsLijlO1P4WDCh4C2qT9gSPc9miuo2jt2Q6Rh2U2xLaUnI-Px1rZsZEGeuv_CS_QBp6IZLFs-4-5zyIGLJj3OxZnRkTrKnQETNX-wlPL0NrhI38kHPgWCxYztYUDY73zzPoQe2cv6HzLFaHsORSE7hMLpjNT9_fHpF9rPMkYIvo9G1PtPfzN10q5WnVHoaZYcniv6Z1b7sx1Wk056HOqXgHC2nMVMdPD5GUWgQdelKfu88g151jknYPfjLcx8qogYtA-xfl04YO2aV0bT0-Pf2gTthOrg2H-rZBtlg1lmx6V47oYYY-YWcJdQZU9xUREz1IF9YXK8_gHLSOK0gTF3KA8Q==
Balikpapan,277611,22,Indonesia,2026-10-28,Wednesday,07:55:00,reggel,2026-11-21,Saturday,07:05:00,reggel,3,3,BPN,https://www.kiwi.com/deep?affilid=mihalymisroriflights&currency=HUF&flightsId=0b7714cb51120000ce9f86b9_0%7C14cb10ff511200003d7c46c4_0%7C14cb10ff511200003d7c46c4_1%7C10ff206e511400001d21e1e2_0%7C206e21bc512a0000e2ebb2bc_0%7C206e21bc512a0000e2ebb2bc_1%7C21bc0b77512b0000299c8736_0%7C21bc0b77512b0000299c8736_1&from=BUD&lang=en&passengers=1&to=BPN&booking_token=HVOhHdGX2D1zxe1f7TauBxniT3Gx1EwidwXLuVvBOJaa7ajhDR8RUwx9crQ9O9a77O3DBsW80rRzJNcX8dHhQ-TWIU3JFKmtw2ilP7UP-mcEFAq05JRyX3t9zV_r35euHyJ2VX8x8ZpTfC8jhbVrbFMk1Rk2QJXqoaYzP4ZyrjbqjgFbPyqU3A-bKoE8dbg7oqJ6lTHvgWGxq6Qv7rrpqIMP4W24RDV9cXJOwQQOTvFlYjQYt_GJVjN661RHvrKBNrDSkpjuRyQe673pI_f5wcQSb4ob-_oI0odYxb9y2E-ldfQa--JjHK4_8-YSEFgQ-XvmPlTM9acWB9Vf6nwUc6jm4oOE7depJ2gpLVtzBSbsFxmTa-aaaQ4ZouOPCnrBFePgt_sY7p8tgMMzBk6BeRiEVWuQ41yoJVuQ_BX_kWBE9eGpjheyXiiEeFdxh_vxDCknelHeHaqVajV6q4NWI5ChVXj-J0J-T9n9F60Tdyxahlc5wSP9q0c1ZxFK8DN9NsUsPYOoYxiPxZMB8gri4aPOr4RIaylDSDLQqCn0UQd3mgHRlk72NM1ry8iqILHCG9yPsdl6Ne2N7QtGONQ0JwnnlSsN46e_5UW4cxMxCUVzG4Hsk69Y1IxnwPVrhNKz8dkNj1XjMyqvaifhNpHKRye1VXJqvzj8lVWR_ZPnd33c5TUVkoK73xk7RBupDMJM-1Mp_6yy78scHmddOuzVZDnyxSmsiUGeCJx93hGDLYIDIx2InLGiL4woAbmHEXQjPWR8sujUopUfMIlzpqFPU-xRBHjq8x_q8Pn6OeWrc3zaTcEELI2xRc_BW68WYDuRoowjTHoeis4nQUQl2pNJp1XZDMm8W1I7UMsl3A4orA4zfKtCf5P8aos5YYNF0JrsQStBNrTyCZU8AF4ZuaLSppav5RbWrucefpTdxivf1SFp79tWQbciSGawvLekH53K4kVrrB5CLfkn-7vtHAWSfP6jnOC5Gusrd0IBA9vLYHVVb5EzijPgqmJE2vxMKiufxgbg_uwJkT_fnjsoW-TIetLnLR3o80iJ6zEQYBhmIA792yKBPySx472Ol4jW0m7tf4cMRzhHHGXg3mJkaPdZwZA4HqdxVwGYb863CmL3Ze0CatnKocFi4W--GLCdKGgmWRm93kb0Jlmw9A-iWYiizUeY-w5jVhDVAqgwNf_oX9LV7ofNtM511BX758hqaZaU2pQHjE1P7mlCsSGsBvhz2sgOdE81cv7RGb4xbyprtgm3SpBIJnPi5NpHBdyA0F2XWzdBCFmyQJKl2oIwYO9SRB3AVWcfijQcNLPsYiRsWX9BWXEcpbpt32X8c7wH_TSe9bfjHXAhy2Yc35CMsT2DXEXv6D1qz9S_Psd_BdNfl4u2jfzNtO73_9GIIksZmvIDqrThUYbe1VVa_BbXVZ8maRxQgZPWSqBFZjwoaA61Ab0dhzIF1ZahXpkqWGcS7UUHtAIhqO8r8p7C93Dr1Cc6Gi5ekaS82Gt5JzogG8WHHWafOaWNFbCAFjNZmCFIA5XHxMv5QoeSe3yZeSfnTmuKjPodVMDnNhn1VJad3xC4VKrln-c3NValldHARCFhjv6jGEyjSk-x9TZv5uGv-DOURgQ==
Banjarmasin,278217,24,Indonesia,2026-10-31,Saturday,11:55:00,napközben,2026-11-26,Thursday,19:40:00,este,3,2,BDJ,https://www.kiwi.com/deep?affilid=mihalymisroriflights&currency=HUF&flightsId=0b771b3a511500006a15dc78_0%7C1b3a10ff511500006e94d850_0%7C1b3a10ff511500006e94d850_1%7C10ff23ab5117000097bc784d_0%7C23ab03e6512f000052811fba_0%7C03e60b77513000002aca7c40_0%7C03e60b77513000002aca7c40_1&from=BUD&lang=en&passengers=1&to=BDJ&booking_token=HTAncV1d4CLxyqwoR2rTOrXWczATmL734poaUGDopCVcr2flVp4VBmE5fU6ZC4g5RFKdLxjxPVH1U9bmyYzpWfFmG45xsHbTTR-Lbj7UGQMudgCfLbh5Mr1TTaaSvrmNxY81Bq58Co4Puem3PhnHNyKar227jbowwt8c7u59-m59rvBBbTszf7Im1Wu8x38sMt-qpdoSYEbJ2M7OYwJWdMMX8h2shRWzb238hn2dkeFIhiwEdHMDSxQHnVaMTLLtSuyvFihGhZiwufleD6x5uc8zsnyHjO7X13-sHJJCDqpA8ZBZhAp2D-grjfsPHun09376l-5hD50UT9yIkcyZmpsB0mbdl0ln7QH29msYYruHNUe63pdyJ602QlgeF0ZF9A6mzdzkYqPKbidVe2nlpkIz0w-WSzNmTwixrK_6JS1HBh19T3w8-Rgyp4DWXGSr5BAtPCOCo9u_zUI-FHlqhFkzP-wfpHGoWG5ECVhXjr13Fs46nCM0IAwwKWQNLle0C5fHHNdnxMrM5KpHmtVynSZCbWeaMZlBBrOr6mCaeaDrhbHy0c4skLXa3F_4OXws7TxaPT0AWa0SUI6aej6G8D2kT_ciiOZqagXXkBVPFeqQf9r1YX5tGws_Qu4PWQTCHR3mp1KbbKDUa6l0Nx9fa_7MTBMXK6lBw2tP44yfn7THd3lRWEiGKbaGX0vpxvywkBWaaRDRv7DZ-IUbR8KDdWXm-uwyIWLMjyvuXUmRz5WS7TLWqWD0youDr2rjcwVWw0LztEYYce9HkHjYzzGIX8u526GOy_mqr45EmMhvQvvhfgChCdvYYbGhdVU9MLzOiGwWWcADa6ppSqE510BMHRnTxe2Co18LPVzAwlOhHNuv6Xtrk9Fwyl8c1yx1ivqMxt1euRy2w5YpFUBQBGnAKSWV-dDX0e-iKDkR3hsqtRMXSuSZfWPKPsLpIPBiDu1NFKpGnuZ-WE0jOwpAIwcLu0-sEZTiY9CH1zhlnhl11KAZDXl7-sfXU--nAKGNonTPc3SJnVyLf95VjjEXKAWFsUbyn45L7z1veaekhFrc9PWmz0MvaekCCE68reyFInK1RSih5MIUL5ULUmnpYF_omHJhmH9ibuWhIle6A-vutb95_cIdFtzOoSoQ_SnVnmK5VpIWbSR_YOdv2LfXxlfBEInQqm0c_tN93rLtKeU8_xHnzvkQksBpBNRq-XlkkbHU7-9XGSMXIBwOJoWFx9kKZEAL7ZsAVmAlMOxli3ipGv_qPHueo4a4EIJYe91FBYnzKIHNSpRU2R9aNQytRXiihIewX4gsjbv62mt8WIjDXFTn_7J2l-IzxRCesgRhV4WufCqnGEfCesgcofPkDe1DepPt10R6Hn--pQzNnGVaMFGnMQcw4qvbVNxcWW_ZvX9nWlOwo478x57HM2rtxOsEUhz7VAPFh7A2-jUZCTWF09ADDVjYOjp-QZ5Q__C4c4yzJJwfi8rgNXLS1c8YW8VmZOB8JAuwGaxW8bjTmEAekF5D0kCEc-E4iwxTRite3FPi7PorkbA2lL7hRMAlHQ0kLCKeXwJ9uOCXIX-enoqrRTt0BkgSFB3yleVt0JgPXxgvU
Banjarmasin,278217,23,Indonesia,2026-10-31,Saturday,11:55:00,napközben,2026-11-25,Wednesday,19:40:00,este,3,2,BDJ,https://www.kiwi.com/deep?affilid=mihalymisroriflights&currency=HUF&flightsId=0b771b3a511500006a15dc78_0%7C1b3a10ff511500006e94d850_0%7C1b3a10ff511500006e94d850_1%7C10ff23ab5117000097bc784d_0%7C23ab03e6512e00006cabc956_0%7C03e60b77512f0000ddf96e50_0%7C03e60b77512f0000ddf96e50_1&from=BUD&lang=en&passengers=1&to=BDJ&booking_token=HF9Zqb3fCpSBaJO7YMiDNFGqo3fsPDZdgek0nJaQYkqo4JpItRLQzJEI5DK1CK1vWWG-G0Wz_dI5EqieCSqu4ARV2PgQWRJRMZzL60QaAu1DUq2RcCAB_8nec1dfjpnw_ajsO7VZpS2TCe3kx8pg6hwr0eBSZrH8A5gfUXsE7ErZSl_KiaNMXna-eJ_uD3RdjHQxi6qgd7vr1MwvMGr60NojyAWpN8QeWUC0OfJ3n5g8KdbMnAJQ09G6W8zXiJFxoRTlMN6s5YpHNKpZCkUAPpZwdFEK0yYAXj7G319oF1bmrcPurcOdVIyhz8JSoDQnzzf_bPlH5ARXm5O1x9ETeWAXR8Jhz1c8vASS3dbu4Y4fGfApGu_FuOkJx6O1Z679i5_6WEjRX-jq3D3Y5NSG84ws3fW1W7xLlDdxSqEhFToXREiZF5TzK3fPNs_JsunDKvIH4Z_e4oEI7c8DNNd8R4FHzs9JbpN9em8mV-C_AXdVK1V1Wac6x04lhTu4gRKQ7XOQJ_XXxe2o6GnflvNlvrbeFZ5sRTaOV-2Zuis1dXqyLdd7BH7kAIn5vQWUPG-x8g4J_zzSQSgP8H965uvp-tBYU1UKHQKfSOj0-y7lZk_v8TLcLKwwyJivBl_sWQZ5q3R0ZbEUOtqDlA6Qtnxoyygg5tM0DyF77Nvucx0XLx3SGtK7iyd4VWOY7OPNbg8ZjD-kHDSgYK2BTG7nTFd9ZxMwzdi33uzAQDkd9DnIaqYYyjSshWqX1c2uDpaViBaEqimp0Qb3qi-DAPFnCLw07JC-fcQjg_xexjgcChK5ZWQUVZJtSdYi-WGXBl9U-iWQVHTIGtNnwVqFSJJAoQii9ov_0LuR9iRNSeSVHdDcXLdNrxRaXi-QNMFkxZpnvEkH7r1DoQKVbtp7cUJIdqBNJaCibMiHR5ktqzisewRFBSpT4Pnr9kifx_oidYLQjQrJRzvXZ5-S4RdfjJDxl9kZqYE2pUM3yQ42BfFCVoAzttk_Xzkx_2HnYBT6bYfegaf_lg6kp6js1eckvZkMsoDJ1mmbcMpmWFNE8eo_1J3w9Nv1LsWpk5r_jy9Wu7Q2Gn94dVpS4r2RL-grR8ztWRL3_gzyTeeMH5EszZDDmwGuypBIqBNnoD_7I6sr-lejckuF5wiybOj26F9zHr4pSn4-4SOgMUV8Fuk_L7pswoE4zTJDcHoysLbaEzE1z0JHhfnPNb3Yb5rt6CAEjhNwUMx8jaWxTp27RQwaeFkNGZj6h4YZ_LEIQMIp26V6fDEJ49Ur7Hafk1zZYAFyoVje88XmwUb05cPxEYXLfxdJfpF5_KIwZI6G17P4WjsmNqrAkIgcxypbNv07QXow_fMJACbbgIhgaSjFGaSTPko0sTQed2NiiYwzWKItnYjqPb8fI_WHV6L85W9gVNZiDoe2TMR_GaUPk6bIe1_zrHTv-mQMOfKH_BPfKoymkDjK_7UwyEX3GKJY8eHQmf6BiKzUgvKYa7N4r8mNVvv10ekpUi_5yVXygXbrhkgO_Hn6ML3_JKNAjroYo3HK7Xb9gbxpu_d-WSArdfjej2T6ihoZjJ1aCYB1wcpNfdy1YZU2hdyXbEviZm04kZuvYs6DUA2MyCNheJw==
Malang,278235,24,Indonesia,2026-10-14,Wednesday,05:50:00,reggel,2026-11-09,Monday,11:40:00,napközben,3,3,MLG,https://www.kiwi.com/deep?affilid=mihalymisroriflights&currency=HUF&flightsId=0b7703ab51040000ca64cef3_0%7C03ab03e6510400005feaa91a_0%7C03ab03e6510400005feaa91a_1%7C03e6207d510600001dbf3ab9_0%7C207d03e6511e00006fb88b96_0%7C03e607f0511f0000984d57d3_0%7C03e607f0511f0000984d57d3_1%7C07f00b7751200000cdde7f6a_0&from=BUD&lang=en&passengers=1&to=MLG&booking_token=HuMAj49DUPnWiGNuzVDKnhH33Cqy-5xmI8Qld-uhuU68eL4yYQA822VXCoY5jo0C5NahI8B-mhRHSe7iWEKwihY9ecev8fE3bJRhuMk2LunSu-4QgDlQ_HcXCwOrZ67ASRi4rpP2k_asOTTUkME3ClUzn6zI5VJHRDYo9_Gfe1f4kRcMy-_WhwWTjSKabxtAhxEp16vNACGG00B5VHWPH6RHMiWOxb49yei_7KuUba8S560K8nMI9a3646ifbxpNEnMpy01ZOb8kcUX6MjObzth_dfwDn6-TGp234i-fJ30oUWJ2lzCuf7wsvB5EynvPW-SzfQ7TowzrRgUWL54dOTeN9AzsnpORVl8lPMQ4IgqgkkeYsGuQT0kbEmjZ4MHcESQBmE2sno12d-bzNMSHIw8P_OFwEK_Co5XGsjoytfinnaibjSN3Kkhld-CQhjTPYLYqq23Q-jtnx0dsTOAWa6nSbpOlaaSjsSMh9hQuQVqSlQtVPsET8_qpUqqPJ1zZ0uiyu0MMykCzD4EgpHYoqV-KASedRVkn82EPXJTCHenS3eaauh-AxFKMMHI3ZarDj4k1bJvg4T_2xZXBETxQc9nLgh7oiHljB6u6XhTV3_i94hMFVV2s01ES_dIm8Prli3YmPMEAMkT23E9Sl1de5Bj72aD2tmGXhL1gNtSagSTJoQ7AYWbo4T5Yj8XGzf0_LVsVauOwxKTlSXrFumBJ6l63pIsN3fdTv2etwFshe4uTzR8VATfpQ9Qc3hdBQJwZl4taxCpmpF8R4PzHmZ_Tjb8LhKUHwsEaliXPdzlwQubvlC6LRiPmqksnU2m5L7c7FbmOZo5ugyNQzAiU-X7J7TGL2B6gj2vyJiL0jbGIQcIX2v8RxUHEehtEeql8R36bLDg81Xy8K1aolYqmUIPJ36xnY4nGP8YhTVpN1_xTASkuO802l0vemjgFuwRImQsGMTGBjr-uIz5oMD2wrIvbuVly0n7tUyagoy-M82KM_HGk_v6T_-ySYRuJrcaSYhi4eo-oaLkfhvHMXFLtV_IRZIiyqImk9hOaDCRTSMxP4Bja1-x-7O6oIVsFVbSIAn0icO9eTI-xW9085dnrqdF7IbDLRnka5aZcOgyISpcTlPTWbwn-Nstf3i1nX3kbMNPSBFsHYYLjmcQXRDh-jrn-Sbhi5Ctav3-_kHJeoFJF82srbj5vND1ZJGalgqPjB7dkcrJKZwXKSDTJ2DtcVQkD8W7zV0jhspvAR0Q9O4QR7iR4tHoRHVKL_X91fJ4CSWrL3Te4IMOp2oV7k06wtgHLGpvGdh0vpj_yPe5CKAVFBCA42KdfwW7DiA1k4KeKciOS6SVBZoZXSpScZff0UsmYbIfjYaqymEA3x8zCAgGiLjztcxUa8SES4dzSxj7r_Mrd9pV57f6GPwZ0aMYl6utYe0QAljSTjfKKA2Dh5RJ5NyGJh31QGZJj1HaBEkzVqVm_gx3iYM-GC8whdiumuZis8OTgo8RxjnLAXHtc3Jd8qYU6eCJ0mR-MgZEn1prxYnZIR0mIObEJN4wloIeeyyL_McD8m0bt3d3CtmFb_wQucNA6wCY-6nbMpvmXp8Nxs2FOJL3AwpyGx4tm9Iv6deugbYvB4Dft2KklDG_QRfBCFoLM=
Makassar,279428,16,Indonesia,2026-11-04,Wednesday,07:55:00,reggel,2026-11-22,Sunday,18:40:00,este,3,3,UPG,https://www.kiwi.com/deep?affilid=mihalymisroriflights&currency=HUF&flightsId=0b7714cb51190000c15a65f6_0%7C14cb10ff511900006fb62492_0%7C14cb10ff511900006fb62492_1%7C10ff0729511b00007063a578_0%7C072903ab512b00004ac083aa_0%7C072903ab512b00004ac083aa_1%7C03ab0b77512c0000ba4c1805_0%7C03ab0b77512c0000ba4c1805_1&from=BUD&lang=en&passengers=1&to=UPG&booking_token=HTRKwt3vGsRYix5auTHGYbaBlKUfsWAfeVhaRkPsm60_z7UAKM8crgjJwLUxK35P84gLcbmGvzQpOhEET9uXl2CFylK3YlJ97yQsQPXDHWzZjBWC4qiY9xnTRXIb0uUrmFon4nuLsaS9dCm5Ih1x-tPZTcjRH7Jh71EQ_jWB82rv0grYfMvUYHdJny2-FAtoufUpdo752HAw2TLk92aXxsa7JBaH13ZL66L6NKZYNwj1gy_IjnJ12_h89i4PQAI9k3zyR8Msb9ko61y9uhP9-8QbtsmYtQuZ4Cgsa3SKzVCSj25PLnWVmugic53keKhgvWoacd2WZGoHvJ1Gm1wKguQUF2tw2njTWkDYGZw2LPez8J2kqQ6ShSuq7UCIpCN2f5V4j9ORD258Y7ItP8ue_ESz7m9RAzkfR2I41H1VWqnus3OpLoyIWsguvwgq3QLYeoNItSR9rSnJRhYUf_rAwC2c3AwxKUjIrDNA-hYStbdU_A6wJK9faYqVCwb8rbfFnHQwecl9KnWtAd9Pny50KcFEUrgOky4YjFxy_haTCAME3gf3eFUGc7Y6UFS0YPrxiSsD3Z3XGT_aC1tVeVZ6EFQfWAV5IEwrRLu3vrP8YI9sl8hm0Z8fpSG57X1pxR5VoEn-tZIwuIzBkc9rbTXoM_SQwskQEtUAM1MdwERwkWp79_SjPwqAdK41I4AWrKe3URgZM-4zYHTlvTNzCiQo18zibqZ6dztgegfwHvTUZqFkW1IFY9nOgQwSVJEVep3bvZXWLFZ49LS6NddUZmtSwF1-d1K5tcgb5Z212qM0cq6vmRJh2GMAeatcLcXqcpYmcOJ8BEAsL5VBWnWOgftGJPmABBPClojBbe8JTiqBMXRbs4AmpHn0vJ6qb7PFTaVtBlf3EqlPjs0SjTrPDt7N72jDGWkz6O517-PWFLWgw3e-hIM_EduE0rxNBHkF8jT8PsusDGH-C4EidOxbo4w-EI9num7KT0dOtsJThn0xr4HzSU2nH0ycdGDD-xh1Lh6gNtwezkDI65XNrw00VumgD4DBBGJWOrN2aTspyf2A7cJZay5BwKWWoZNKkuSrfZ0ahpX6Am6JJKlB6wWt2b31OvhIwpML01tjRrvfeqJ7NKBNOehrXqMqqz1Rq6anWZCgyrIb0uX5BL6-YiS4Lu37aNBVAZj2TAEqO1qS0yyYtxj461zZZiXtfocLrXmldEGuWumPr2ozqFa1ZI0LwqUpLmbeveu0kYBBnyKuKr9VKaFH7miWFdffl8gzAPzL3gB7QrzrAyk4bvicp912kKjpa7mtvycXzupeNkDUdJrYQB_dYsg0Bq9K20bLN7GHDLKetYP5hMq_kFAJC9pSCHQEhBhN0B6twBjwnUPsP_RzhQ30p0fgPyJ2BIFTjuRVr2Qs5Amul5xVGoIowwNLxCFs3n4zD38PpHkwYGzrxhELUlxzAhzBmwQaGg8inja82NqCEoiRvAPyhNRj0fGHrFhg3FAcSXr3ezxpj1Mf1GcvikEkN9zxKPo7inqG6ObcPDLp7SkFyKu0Z9cW5-ecHGzsUJMx0VsrpIPhwOJT4m0hjOJc=
Palangka Raya,280073,20,Indonesia,2026-10-14,Wednesday,05:50:00,reggel,2026-11-05,Thursday,07:00:00,reggel,3,2,PKY,https://www.kiwi.com/deep?affilid=mihalymisroriflights&currency=HUF&flightsId=0b7703ab51040000ca64cef3_0%7C03ab03e6510400005feaa91a_0%7C03ab03e6510400005feaa91a_1%7C03e612155106000025f64ae8_0%7C121503e6511a00000842d476_0%7C03e60b77511b000050a642fc_0%7C03e60b77511b000050a642fc_1&from=BUD&lang=en&passengers=1&to=PKY&booking_token=HgCH7Xia-vbDtCxG7aGUDBOguA2BlRteaBzTfD10HX32khsU6yc-0aVBuh6cjEPdhECvbH0M_eR9Y5yNikahphYH_qu6X4Xfdum-q48z61pBdmpctgnzYClikQWxImSxRtOg0QjV1IhLNO5JJpXUxPR6--Ib22S1ZgRqjPkT14xWVkyWSlKY-79avBTbi-kAETnz8JkMkjWcVAuEE0VKn228ISP7HX9yQoVqSxUBrsGQwxrUjAonApa6kuAhrHeRLiR8C_HrMrXUYLqlOOokLSJWA2amv4rftIniGNOLJWh4TTWOPrUFJxOhizuVGiTAHsAwPH2Hyks3MDvzG_WbgVPytnK5wgdF1sDQtax_I7jWRnF3O2ULO116fbTIJ4gci86u3i_NndFLl51uFzDMQ8x4w0dNNCqEPhwo2tg9u6m9X0F8H8uAVUcvbbnFJTTMnbH_JdWFdcg6pw90jCJPf99W-r2xvUMyDy_glUngAOVrV0k1kOMVrE6WPQkNKzMjp58cqRb8kJ2agylYomyWtRtSA_8W8NBvl1RlZQJFPSt974fNkgRgV7YjuNAkuxLBf0XUthpnn-1OS9sa5QvnfFx4ZKaux_Urnx1gAXPEcs3HCTWhVL8Vur9sCb4bMAjWXbGqIqOtdjpQwM5FwHteJnIQl9eltPQCRBfkje0gTghiQzCHfxeewsK4MK8MJR2Q-V7PxmB1zU6M_-i8ur0VS2BdG5A4XwBwEih_FyfaeG1RBvD3dOzi0Czf8KsNy72epqyKJvNnqVgukJ5pL9zCD8dsloEz2jdrDtPoSTOwgxzUjaX7spIOgJWw2sOYvv8NAMkob3mYfPg2ERIMNRbPGrAjnqY2IlbxZIDxzRS7z8ZeriCo39lJuMzBe_tUCwX_Aee4vYg8Q1bTwz50g1su8J9JSL8kv1Wka9fItREugGDDL8D6dBAdZDZl36puqo0BM9E_mXNOCL2wTeK5w50nwCqJTdR9BgjM1vvO1tmVanq8Gd_nKM3qEyRK6F0UL7faDlGOEYXwObWwpHwOPRXT26Qa1VGXhIHvCQBmV9G_QHZMuhHc1_PWPuxkyk0nvghNVMeXfkqgXWSE8e2QGVE6R5xolhiVEqQsrNVGLLtQu2Mh1R-4_1YCKoUnWsIYahppXYzh3TwW6IyxvQKlewHtiRRAOc3XMVnMutDrP9SKBwjd8Pt766PLHARZRdTR1COt8v9KNBJagKQTiQM0xNfVoezYmIOKZ2h90ZbMPCmx9UrsGslZaxSkjSMOH0ce80U-49WB9aRDyzITWIF9gXI_t7AjsdOMvOK29ivwXIwcpVphAvENggW62Io2oDKVYHVYAc2tx2jW6QVc1NU_8I58LZAESEdr8efJ0bB-rGvawmAQ-BPVH5_hI4JP6okxv3ly7X5TvNKa5vSPbMKjRbnL2rR2uaIqx8i0hFJD7B-LPpi2GNP7JztGSzwxp810znYZucT8KVNqbN5Bi7Y5UiagQhn0OClkKQZ1ukDA0Yahz3JPAUjaDP-jF6EOlnSvaeBpCuEnGys_nBLWMgvChxB5KCA==
Malang,280142,20,Indonesia,2026-10-14,Wednesday,05:50:00,reggel,2026-11-05,Thursday,15:10:00,napközben,3,2,MLG,https://www.kiwi.com/deep?affilid=mihalymisroriflights&currency=HUF&flightsId=0b7703ab51040000ca64cef3_0%7C03ab03e6510400005feaa91a_0%7C03ab03e6510400005feaa91a_1%7C03e6207d510600001dbf3ab9_0%7C207d03e6511a0000ed08df1d_0%7C03e60b77511b000050a642fc_0%7C03e60b77511b000050a642fc_1&from=BUD&lang=en&passengers=1&to=MLG&booking_token=HlwbtODuzMvc2dh-pgjdm446OD97mxNq5OrtSe-9-3lNqfOuldYVmD7luBSyw3xgpNZs0-QQ_u3k-HYy9wcRUUEHnIkgA9MGqcFCiqNAH85prTgmhacZI1noRe_M17_rQCIt38A_ksGIO6q09TUcnAjdZgngfksuxN9g311TUB7eU37eV_4TmdYs7VqmycgXNqNlvrRRHbEulGYBWZii_Er3MXH6pRTlocL-3GaT06Pmejmcv5t5vuFUPsNlG4xSgGw3T7OIfu9cIVnc1vf0Jc53qtc2AI-WytxbvNevPLjiaMKJBrj9Io_9snIeTCNIAjAEQwzfUOKTwmJqMTMwUD8OgoECbgJ5TSN6FtRSm9dgSp3afb5eIXTs8egnS6uSXChXYlm8bKsUlheGJdki8YUL8kGorDETruwXD9DZnxKnhzPpBAVUvDdNCPqC41wdzPKEVQ1ktESbAWZCn0cvt4mzwaSjPDN8mLCbffbs1RGb4WK4v-8YNJ3o9ygE_vwuipRzG0CPHWvX_MaHkM9T4hZUv2__SqpIhDaBhZZQijqL6FSsOAOwh5JDOstZZp1aCgpM6btHIy5a9I_zVbgsW6J8BzriGtZRkq0ksDC6IGjjEmdRWLhIJsKmEw0FXG0KQvgleT7FJ16K4-yfCE4eI6nMQTC1AK3nyETNdOFbkmTUrbie3_ql5gRwLd3LNiZvUokFV3iLqS8fd66mcqnchYhrEp1r2EE5-0Qlr5xuZws9-dws39BTC3e9mnDaszDNeIqfu8cECjybtZBc6PAJJ2lOpPBbQ2_V_wUdSg_emPgX1un3XpnDX7_xE172F9ZeX1S24orV5NvhUcWTufToPR49IEqlgxmg0sIhRt5bm_38B60BKrMu6tpyLnhKN7vnBVmfM3Xtho6C8IsTSoMSHN3Rt-MoO3xfSVB8ufiMR0vySy4qdeK09WwSN86zV9c3DU_9o0jP2tufqhbw-1jZFPmNf9aW0nNqzNdLYA_TjEy_fZB2xMjkPKUx4fvEb0XCPKnE69dn9LX1hVT2U4KUWrkIGGo0m-qrfUWMfijpzHkwELSPDotZ-tYDblqY6SZQpIBs3P8m0p_dSKiIcrHo1uqjlsMcW624iRLKrvuig8bnPGKkKe2hI-ypV7_qI_g0b1QYbFHxbLkQPPyxkrD-MzOad52quYgLGvJtV2X4lTdnZu3fm71qkX8LXoZ2diIAz-LexzLuqR7ZgYwsVBlV4f7MUl5gEBcEcjDJpd8uggri6PkJFh4tLi9AAcWEPMvR7l5gWX4EegsCbD1eNGBSL285Sp6JRt-2ByLjerIk1EsqYdQokYpQqQ-PpIl0xeyvtBlK2fQZQWiuyKvwWkVV0uN-6Wo8np7RVNUM3W0suMdDGcoV5Z9L3Sn1a9xU-Nv5aPoeRe8uXbMBSRJX1uKf1J4vPYNHlqAcuV-R29X5_13NwxnbwM7YjhP_l3rTkgg7AAwLPQ2FwG_pfQxi9E_CYbKBUg2Rv0LXUUFPLwhdXVyM=
Labuan Bajo,283838,14,Indonesia,2026-11-10,Tuesday,11:55:00,napközben,2026-11-26,Thursday,17:05:00,este,3,2,LBJ,https://www.kiwi.com/deep?affilid=mihalymisroriflights&currency=HUF&flightsId=0b771b3a511f00001d127ce7_0%7C1b3a10ff511f0000aaf3542c_0%7C1b3a10ff511f0000aaf3542c_1%7C10ff1c4c51210000aef77a05_0%7C1c4c03e6512f0000374d80a1_0%7C03e60b77513000002aca7c40_0%7C03e60b77513000002aca7c40_1&from=BUD&lang=en&passengers=1&to=LBJ&booking_token=H55pWyMQEMXTyUIsLsNUDK3TkIl6kLpcehmp2zNpV4xRhi_FP4f6QzJGlahRVfnIbb6urw_-cQrEdL0aTet5piFdnZ60HGpIU_lCR5rEF5FhzqT1qCHUAk-i8AVh6MsBxt3nNoL-z_Z9EkvAqH1lJxYPeGB1mIJpFAPIgaeOpo0QnlJWayEALw_iZ98vpHRUw7Mt1G6cFSKUpshel41RfmqUnlFLORDhMSyBx9uOZk2qd2hwUGmrlpgTIcv60NhFbvi-s3UCqke4BwhhgE1jT8bWO5P5KDdhjvpWg8g3t9_MHZPtemIoNpsZ3jp78NUk072wDiCFUWPTeSGlc3surLojoyz1-n3qhsBtS4duNJ2tf7qHpDW3aj2TlWtoWL7pmwJ9KI7o6-Ej_mqrQJ-jiwb4x-5q5L-ntqZ1hNJn-3UQwRdf9-iM6iTz73kpLt4nFT4jh5cBCWaw5CqIBf20noTpMd6CtahSIqvdTmpV1K404V7mr9bhkfItWujReucNMlSIkUQMvvYAGDDJOpoU2yCFcD66Gpc1IbYSqAJnjlZhk2mSB1kHGjZYVO8Gh5qxiFg37HTLAh8wY8JqzifYSLKelFyfly2iiwD1_qGGWxkdC5GwDpDZPxanTKNdUIxPHqIdic07hCGSJvnTROLFRboo2e6eYL-E6IwHcNcjbdm7vAw7Z1jPwYoFc5tYEv8BJ3Z__33O66rD9u85MCzl8GFteM-qTX-VymUhNibImo5ohWAPxKmkHIJJ-8mgYda7wDz_KfUTRB2DGgrQnepPXEvkIcuxBHHCxb5_T57QzzJr4e3B6q_bPsZY3yn4KQ-rxXYwV7J6ERGJM3HuACU_xoNgiRGtAb6RzbnrVuvMGuNZXByVLinarNVwAtMzuQgLmqoFL3GmtJ9Akeo_tzzRnU1qoPU-f0aX9pphMb2hci1TpWZaB5e_DzL8ZOm467Q11gKmaE1D0CMhcYUyDBLGkvBnlO27iFsfTN3_Ighg6DKGvasUb_C2f6MDWeIx94ox51LfllhOPjCG6fqRzRnGmN_C_5qiRMcdkrZP8hpMiZ03kdKKrR8PnV-AH9BC4B_T0xYwiRJzw70VY5rBLoPNjUHr6NK2GjNvyR1Q9HjIY1IOqepshAQXAXsXLxXuTsKWIvcgw4pFMe9ierNKRxuLtzxAri2VwYGy07YAoD00IzXdkAYgIje3ekt4kY3nf5AwyZ_t1hQYg8y5swBVGjGinbar1v533gapwU5wU2P4zqABW9CnZI0_Uy7snDxSEt17EyK2ZZHtUogeic-6es5dw68BLJPLXpyQZlcoSIj10vvaitdruETUHJvVJudOCZ8zv2k1_hbGkIT2yg0KxFGD7TCZnRvaHSGHuO3R7EdV9hNvpZTUSCK98T20XIy7NK15wXrbaVeWklPq6w-s0pmy8byodE4DscW-LbMwAJLRVzBPg4v5F6vJ9Do6LNsK2xkNrq3Q4WvkQN4TbVWFk24dbyx3gQAUbNctG_aWQ06YGeKbpvaA5P5Zf7pZfBw1xcMg7ctTrNpMCWvamQrH05g0FfJ9ILnjlxO3RjuiyUYIvkAk=
Palangka Raya,285378,32,Indonesia,2027-01-17,Sunday,08:25:00,reggel,2027-02-20,Saturday,07:10:00,reggel,3,3,PKY,https://www.kiwi.com/deep?affilid=mihalymisroriflights&currency=HUF&flightsId=0b7707f051630000abb78e3c_0%7C07f003e65163000089130696_0%7C07f003e65163000089130696_1%7C03e6121551650000fc3e5cea_0%7C121503e651850000b642c6c5_0%7C03e607f051850000dbe54ee2_0%7C03e607f051850000dbe54ee2_1%7C07f00b775187000096d38bd3_0&from=BUD&lang=en&passengers=1&to=PKY&booking_token=H-rPUAn_zUKXOQ8eIuMZThU06vVcmGZvr9VHPWFlg6ysw4zEmyA-M3r6C_7yL_JbqSmbBRB-0Nz81Fiwlgux6dH9XiIVfoy3Ckvm4YHtRcoqaB2BlNiyHaAmLevJPKQHTmSoaCy-O0E04lvsCfwS448cy6D9Oqp3RAoQskRbIjf6HsidPKw5OSe0oRSGn3580fcAWT5EBV7c6AxUxTrdFbdr5D4mU7OyWpT9hfw-daoWlYdIzN17oH_SPiNUniDyT88Gna260HoSv0jUhqvbKwJR-uKI5iPGzh1uSS6C_UW9-nMIEk_lwhZ0FKI2y3yVJxomZgmtSzoUA5KUUWUDrBrtB-uvBG-fJyQvjz5wQZo5PpfhcGIOn46LIiQf53yOr-lbdlKBUsvRuC09GKzdfiIHVixzfISSzb4-qWrtL5hmijG9kb1MEX2BwK08lX9jtwEtbjE0y2I9gzNNJ7KgZUVU3wiLOft90woysh-5HLljOnIDvz9r52tdNy8ZCheygInaJxh7kdgQJ8fKXTSGDDN-ddDNJSYP3dKH2C6gMH9jX93yGSdbb3HxLshR__YkLynVXlATaqWkAnSqrgyp0qGyYMubqNGHArAHOS5k1NZRqdGrpYI8wZxvcc1NATJcDzrkzrU1LBIWJWxxG-ELqHiRqX0v0zkypVnhgRc6aLOIfROmTsfcn6H3pKrDwySLS_iVinmKqh1xONkxhTSbjiJmVBd-b381Rs7uZOBOUTFDAwxXgsBK1iSjR05EoLeoQ5vLcDLXC2O2FgOJwfgbf_cCGv5EQix3sULpoU5Wogg2HC3e-P4PjekJH66bA3wRpUmZbfEN-4QXCpqfaWjh0j8vC_RpRHXQWZy6nuesqywX2Q6T-_YiZdndoWXcItzAGdP9m6SWVdDdgk9s0G9SQhbl9_ZXUb6G4UAj78aLqVDxpTZxekgfVScqkCU9Puxuumnv0q4FVF0UJPWB7Rp6XgSho9B6R8nwnFhAmnbRjWcwaNLJfyZCIkdQWD7h26uqUz9pqwBRvssg0uyzmthhc7nxQdA5kDC_L8GIrhiUVYJWHDP6bln0evdwHzHUPkTsZN_3iILTXXCIuy42G6Lqjh6NHe7mEa8oKuns-pYpjGkbpw48u8RgR8hdoi-kuoJzmbxpUvKidZdrlY0c5erEkYCFQD3c_AWcuVKS7vf7S5ik74VElsW6C9Calju0nmnmJgNUUmn1pNyNODqz23j-EboLku37LLLDEnnUH_AQBEWfl1Vei2o2zwt6TlpADlcYkq4h9paI5rP2-6fheNVJSKJYKplOPVzTwCGZcpibA5kZRX_Mtz5Syd6gv7Wy6l1abFRXBFPZwndjzEC_o4ORAaAm-wg70xy6uDP6sso__73M7y-T04Jx7So2Ds_VQpYfQzbZvan5zK_k5dkrT5JBFZdlcCppOVsgkD1LWsnEZ1EEkZwMCAqdNiaMT_70wCNT1I3fv_TFN5jG4slof5iQNdCCk3GwTXV5PWr5RWPXw_wLCJjIs67ka2mNkADiRptOCQZYzIXu01Yfq9c8LRkw8ORbEAAjwPPAY5gE-Ivmj7fWHlnd1sTqXntA_A7utLbSzLqMo2BS62WO8m8S2QJBVMbK0U_gIC_Gv_OQK3pwgSRY=
Palangka Raya,285768,23,Indonesia,2027-01-17,Sunday,08:25:00,reggel,2027-02-11,Thursday,07:10:00,reggel,3,3,PKY,https://www.kiwi.com/deep?affilid=mihalymisroriflights&currency=HUF&flightsId=0b7707f051630000abb78e3c_0%7C07f003e65163000089130696_0%7C07f003e65163000089130696_1%7C03e6121551650000fc3e5cea_0%7C121503e6517c00000c133b40_0%7C03e607f0517c00000a50731e_0%7C03e607f0517c00000a50731e_1%7C07f00b77517e0000986fe00b_0&from=BUD&lang=en&passengers=1&to=PKY&booking_token=H4G6isTODnFCcODTpkJiTo4gBpqkYn9UnDSRAO77jqpOhivCLGKrhZGsI6NyfIVecrzfnNYNi7cNjo1wYjJMatvniD9L4OxBSPPKpih1uB2ULyiZrDNtoeVt4VyDUyQu0SGvSJsoszrtfVq2V7-gQ85IOYHNr2lHp9-ZAm2J0kxixhLAjyltaQdNpA7q-cXb7o_EYvIqEkvdFUYT7RKokdklU4XUO6SOJyZ4zPYa0tr2gWYOmFgTHIhFb9QjP5sab7KdEQA9QZUQJV2JJuBIlDpwvxPYT_xEsko3CiLqNzkVm7uodAmLk6ZmbMnhRrWuxZOk3i5z3dLSVfwa4IcrNLY5QnhYUWl5K8HgwPS2_gjsRp4QZes2wCWvOZopXFIWhAC93t0IBThmWoTYIUHiwC1zjzZ4KV9j1x9yBveYA0Y_xVVXR1Die9tW2pTmkae9-sXKwExiOGU88QNzOdBwsbA-b2sVjH9u41cQ_vxLIrkZnLAaJV-S_VZyWMwQAgpRdlQHqVLxcQ8OaNTiKGNl05Rzxw7ydLlJ_uoKhTG01vLXqa23MmPrry2VtbW2xrh_bU4w7hMazKch4r9A5JiRwPs5j5uyBsr5b09sUFV8CqJ7CyE0GkoCxAfDC8tfrAy0yv3AGFC9INEyCoF7aHF8tR1rYSu8nqPCeZXzbMV0cfDvRuXfgHePN1y86l-5qNO779x69GiZWGQ_Baz7yEnwJ8SbshAUNPLxyRvenjOyQ_xpf39HSe_t6ZCqjT_c_ZuaF675oSmnoWgTHFrG6z-EGSFHt0Hz-Q2phzWOfjGCZjQQbRafC4rI8p-nZgPtfRXV1iBKj1CLBT0Qp9WgA5vec6FH4t0BikNkTNdkRGsoPa-hejMcWt-xLHSx4TLbBrXYhvuBz76UZ0ycTV-kVLhilXVqYCwcuyAu4hNFk_fh-b6euAep2sn6EE9XGAtyJmBU1AECrjldQ7nh_rfwgwbEFDJgBv3fVbGA9b8tZk-vwOw_29zx4Zy0VkbtiqCg9-LcDoqhDzqkwt98oG5ym8B6oJzLog1OW-_z8dpDPGIt0Xmr18b3z8DQcM3ix_gmOHGvecEc6eFAjhYg-H23QGmcz0i7dnW4CvVxX_wh3FpFhsDOzs3UK0hy3E30R6KeL1e3nhOVI0ap2r_eNl8rZ_1oDpbSgCFjcJZaALSR166ircXbJyLD-eRfCfrtIqB_btUwo8BThryEl2JnsswBS0hShRE5bm6k7FwT_MYDdDmQ-GeqkKgy0PK9C2LJXjkNYaba1jmNzg-KAEP3msvJeYK42FYb1j5H-GNt-BxQ7ShbLfVw6TWP0bfQLpwQrx-fCm5Kn51r3YOQsJeYKlRzH4unAHoSACiG0x3uYyUtSFIMa-mZ6MkPmge8gN4fD2iO6S8OyWSk4TiugeVmWpA9mqD7ECbQFzAIW-w0WzKqnXzv5sdVzZj1zAlkP8fP4AfniJ5axfwRNS0rmD-5Fqr8pAwxTlhx9YQZO8bGE0MbyN_sI3-EzcIwwQ6jOU7-kARzBoLi6Iv_1quNLeRbb5JNftrQuXzVJxwjwfZb6-L34NsHP6OoZP70v2QoNOuD0X2_BHSiqPHypV-FB9iI-Bxf9KGo8_A==
Labuan Bajo,289104,14,Indonesia,2027-01-07,Thursday,05:00:00,reggel,2027-01-23,Saturday,15:00:00,napközben,3,3,LBJ,https://www.kiwi.com/deep?affilid=mihalymisroriflights&currency=HUF&flightsId=0b77170f515900007c40fa8d_0%7C170f10ff515900006c69b2d6_0%7C170f10ff515900006c69b2d6_1%7C10ff1c4c515b0000aca85fff_0%7C1c4c10ff51690000e00756bc_0%7C10ff07f0516900005c319069_0%7C10ff07f0516900005c319069_1%7C07f00b77516b0000dfe86c24_0&from=BUD&lang=en&passengers=1&to=LBJ&booking_token=HywoC8Lv_R0VqiEWuQBFc9njRnGk0M8XTAdcgw3eR2N7wvD0B-s-uv2Fg-Us95NaoZIi6NrawGsG2ZYqkSUGLrebjWx6-IUF595HETBsBj7rx2TzwnGoRdgtKx-GF9x9ZxABDaotHKg3AuRfJS6sIV-oI_ao2Wvh-p7At_xcPfuD5N_GLZt23KQN1X8jAyKBQRl3T4Y57OMcSRn3EGcMmAKl4HVKpkZngKIMuFHS7OB8qkr5HyTzAjurgtzD2UwLd92KuRXG1BIXuX7mwT6vZpJO9ntgm6h5C_lHulmrwU5sirhlKs2CiRO2NCUp1JdDEGcP8_TeQb6bmwm8mylz7-4ZdDXI00MLVAt8KWmlCF-UaUyraMMeeySlp96G5wUpY4ybFvEM2or4fXQRPzjUKx5R-nDqGPx4iCs4K0Q_gXrwFsc2xWMsGpLfsvBeB4-nXEG4_T5Pv5-cl_p-nRVZ-H2NSl4IjrX0NsvKTaygc07iktofyRCdFL50L4Is5CyNEIwDCHTbf-62oQP226763IE9o2vHHauMmlhWu7SCTHmUleacjVh8ps1cL89xy7uBV5QOIhartmav78zVz6VezJPCE-JMpRlfsfAw4Vtok_2fPYowFgS8mKAypYFE9GJ4gaIFv5ggv8zZ4wlXvrGNzysrsaZNG-k7USfGKrxBYLd41n_-44romRvPUkvHFQbS6HpNH2L3eKBlS2bDSBLoqfDVyD0d0TQWSdTwjNEEN0EC1svosywi_Hy2phqfdBzWZpO_5F3l9TgTAY76PiPXClUilKS0nenGohkPsVrHTfUV4AgPI_65uZ3JXriq6KqxpvZ0uV0Vp7uHEJ1EL_QXsR9NwZihW1O_fv9VFwFCtIqGooeGzvozeNcoy8UyStIkT7RRs9iZagJ_XJfcDR8yCq7oaQrQEBgnmbvwcmwHHn03M85lJIOBmX35fFw_VLsBUZw7PWlwuNMMNdTfbCe5ueDUIqG8Yso-F5dPWLKrvlliOALx27qgABBvrzCQylvyxBXlyBm6w-fQQ54uRS7ApSD4gDL_6qCR4WshUB9nvFp6XwwN4V7ncpnW8bXXnstSaIS9O1z89t_YTbDWVx8gZqNtDokkkk7lcm5_H5XfjyqIG1Kv6kGmnjeANh4OOWbn1Yqxwu9JysH7ExBfT2jWhBYLBqTaW98nrxTIukeTBh5legk-GgAdaT_COtplyNLEbOBo1jYYhfEz0x6j04CPreH0fNLahEHIVG3b6nNSHKA3gWDtODQPf_XP1zhBQYcOzuc7sxEp-OX-eEvrKrA1NfQNW1zbcdkC17pbIVJ_ybZuAbp6S2XJfxqAW7I9fCE3fIyo_JDTdJtn-g-A_od6HiOlbmSoLHWRksFgfWNFbIU5WtcBwMXIVKbLLA3uxSpCVf9K4JrUN9uRvy1mTPFwXzAa0TalCKYXRuehtsGgiQvbJRojGyxu1ODtfN3LYI_-dxcbKqmOGjBy6vtwSxJXgJJs1GVOX8Xn4u819cLhRGv75zYmK02TUiHqaJg-QHY44eZ3X5gFZAiG1mn1KIz4Wh-m_WwIvd5XpbsiuuA63qVAUTNHRJdbfxwIsrbi870w6
Makassar,289392,15,Indonesia,2026-11-05,Thursday,11:55:00,napközben,2026-11-22,Sunday,18:40:00,este,3,3,UPG,https://www.kiwi.com/deep?affilid=mihalymisroriflights&currency=HUF&flightsId=0b771b3a511a0000a5cedd3a_0%7C1b3a10ff511a0000ca1f6578_0%7C1b3a10ff511a0000ca1f6578_1%7C10ff0729511c0000e9594f75_0%7C072903ab512b00004ac083aa_0%7C072903ab512b00004ac083aa_1%7C03ab0b77512c0000ba4c1805_0%7C03ab0b77512c0000ba4c1805_1&from=BUD&lang=en&passengers=1&to=UPG&booking_token=Hnl2402yHV1YMvQxJwOdgu24oNlPkPiMRvaSOXOSatPgskhqO1VziTgzFmJEooNckI-Pp7xQUu--e6gYyxh66Hdh2U84lXNdt4QR-5BsvowUbJZYDt7WALJVQklMLa-kZULkKmlT0XywO4XukPlxPSTFleES4BP-PcmprdJpsMTH3b9smUV5kNV1g7NzfmoyNyIUXjnNkv2jzvGMIcguaClmQ_46moliad8IjTCzs9VJNLEdwGLWRpD_bD3HKkJnJj3gY5uBmzJuBUi0egqa6fKlZqJCHXeMQ80pmJAQzQNBrx-CtjMQ5ipezim29FrPulKJ-YW1whSB3aRZqT3Q-eFAhiyxNSU1kp2Wv_nmrCVr-mRFnCm8d3Nx5kz4dwVZbSbqSSH3wXdyBF1gIpV4g7YCpIk6eRo1ZAo1D_WTJ6EyOr6d0TCHaJ9eOdFKFu8g8_uArXIjv1OqfylLk2zorAeT8W7PRycO_zlEAB58ijrG21ybI16HvKAHzvLOXhO7orDyaxtTyqkxeBJF0qmNlfPtet3BLBr7tJmjhF0F76A_ocEjtONOx42jz6qclgpBGtyeTHYDMmQxtP1-v-4OWuOgGIZMtrAsKIqk_NfcxHoTis2W2ZwnflBATTkexmCgZea4-V-6W94ORcdmQULhK7FgRhdFKHOFuZ5cGLFOT6QEerTx39rJtL0_YML-8m0IUOTrGSV0VBrVqS-J_56SKYlrvX1wT1gi4Q0pfxFw8DOMnntyW8HacDysOWAgvlytlv22kqC_PukoWlmnSwZfbT-UhT-VeZWW2Vw3auckmeS_maGLTGdmmi6IvJRRMlsHlWqIyb9EmTF_t6YVPQrk8-sEarc_gVeFWJ_pm2ZSsdcEum54ux-wFmqXdc7BpkV9D5ntS15yp2zIoC2YMmFXh2YCcm2QKpITiJx89TMmfm6haFWDFZcn7OGZ5D_cBckrIy0gjNeeiP7ShwgAp9UFxYFug3FBqaY5erLCroE4r2zQ44Lu2gYvmmgBSY9JTVc4blpsQ0qTDNxdGg2J37VHorbhA3RE654PtHF1S2HS15LPO0EmiqZI17-cRiG0NNAAh1ZbCTZYHLVe3RfnR4F0MVisygTFNWd1iEbnoPzZsdTqURcW62zI6Cda5VSfZEdZ4tZfdTwHG7QhxrCSMC9Pt9eLp5xE6dWr756xp5QBqDpDHf8FuhaGkxTL15r5tAgvhB2JyduDaw-M3JFTBNCUcqhkxqjAIlGBHwRtVs-1Bg6p1goa9y-3IjnK1yudWaVhO0674ZTda8IIGIMdQcGyK8SYdVW-pcas6rOLXks-qyufv_IJF3OK4ujke-HJL5WVIBbY1Jm9Qo5hxPDSkQC-pbmZ6-3QXErLcNt6--JmMC-ZQXk5R0thq--oD8imbF3SbW90EvXrLRJzZK3uQl-LH-Fu9udKGsCcDg25dPtWtaRi-O9HfEXaKvFDkozveXQNirTw9GnOryUwME2zZEWw1M6ORVzBGNmz_2p2_a3xbGp2if8yty6NbiBxpr_QAaw3w-VsxgUr-aWPTqPAroz1h-GM5-CNmMF5hD2s7xVcZjrbFGwOuMYE0tJDzdFBznNhO
Makassar,289810,22,Indonesia,2026-10-29,Thursday,11:55:00,napközben,2026-11-22,Sunday,18:40:00,este,3,3,UPG,https://www.kiwi.com/deep?affilid=mihalymisroriflights&currency=HUF&flightsId=0b771b3a51130000c968cf07_0%7C1b3a10ff51130000ff20e2a0_0%7C1b3a10ff51130000ff20e2a0_1%7C10ff07295115000002b39400_0%7C072903ab512b00004ac083aa_0%7C072903ab512b00004ac083aa_1%7C03ab0b77512c0000ba4c1805_0%7C03ab0b77512c0000ba4c1805_1&from=BUD&lang=en&passengers=1&to=UPG&booking_token=HocTwv0CPWTu-fE6D9A5GTRT47lQzVBFAv5oBZTN2l_UAkcOY7LLxQ3glKdANUCuzLNIf2NUxbXkynu8NraedMcXrGqt0xSnneqgBCzEN1gm9ZFYtt5Myb0rZAyVswKup13EBqs0StXQl-qxYaNnrHJ8X6q4v2Gqak7HmIupKDrqA2IIa0kTmTgJGWGgtylxnq3YU-LN1yMJznZgNlljsY81tHGFY3PZRnVIQunXFJj7FHN4ijdlH7TuDIhoxT-uo2ihLDBl9Hr4JxAwDnVxW0lI9eQ1OoHxEbUixts9P_PNqSyXxDFjwOUD0-Ksv1_m7TvYx14_XUhJwSFLGF7pyafj8maYMGR-obZ0NyDA6vDn476gNrR0eRzixsgInpyFkyMAgAClWAGwqaJtd7WZFvBWoR9sBAGJEMtBb_0QvhpxpRxcrdiAylOhVARtwpZRw-hgmbLpviaVEdzTXoLDX5-rtbbFzUwQ9FadsTYBhsQ56pMu1Fe9nhlvDm7u6-isPCzDfc3fq06RF3uEo4-fyJpStVNJ_o01ioiZiMEqzxYRDnxPsW9-ENUDLWweUuDX_wak2-8XGk5-QZuiA92hDxTDSa5XxjLpHzTKDkhjd-UYLLjYe82PswAIQuCcWJf1F9Hdpn0Rz7yEM5V6WS-K0lbZ_7oqrjBeTnaha4U-ZjBw3y9JeSMtsxFgQ8SUbJ7smlLC0oVMeppros4VejHdpb1hz9URQhDuDCiTQPStd7SRmZiG05xVQGhlePVS5mXeO_zz5rIynh96i3iJbxPRR57p9MgbjNfjfqPU7DNsn50PSmndPtPndI1cfOiZJZhwKqT3bCQsRYIWF6gISzDcIfGRQ3XPBSgSVToramZazA7wT9Zx2BmKkJjy4EVPj_oSqPopRaVY5vHuzmMsqcyHBFGGw-M7QGL_QCrYF18nxUKXBUtVRohMlbbBqYar1tkVNZ8gTC7yDQk5ZzNBxmME8eTm9080pP6rw5b5K4rddxPGi6EGAiSk38nF_nEA-v-GrdiVsz9zmQ1GOhl3jAg5YRXLouF2fXleErx_Amw7eaGZ5XofnqTrrzPajMdv0a9G4jzSx7U924rZnxLa2sks2pNjieTmGwFaYLgtmb1JKFQ2dtKAg_rZyxV5oU_m_ppHHDK1z99zmqkGIwSgW6srCrnuLliX-5Mt40Hz6GWraHRlWcYAxNZPDDNmPG67dNm_CBXLCsAmFDumDNbpa1eJwolurFcszKIl4CF_MiZzDu3l4GYbUewVcOnaiAO98iCbjrmcJqW8dXRGsPf6ws8m-RrZPwd5xxznlPd_WvyFa1i1iIBMVYgjbZN9zT3MszYS7PyPvjBWXDK4DPk_7N9I3nzNpYgw8U9vSVdZ2EolTd7j-dA2ChcX1ZSYU1r5jPMAXsyjOH7whC7p-8zk-nfYPtpAJbA0LrP2nZJOcoUHXJ0ydjg37wZZF8Mh9bktuc8xuIPRLAlgtP0cf13945DfgD2px9orX4H2o-rpRx-ETFWjaLDgIuzpn-tScXIydFayraUER5zPGKW22RNzaPZkfDjQH4-V4Bo0aexw0ZGEAhIsD7Ay16H9iM4PxOCUgAtvj
Banyuwangi,291726,20,Indonesia,2026-10-14,Wednesday,05:50:00,reggel,2026-11-05,Thursday,10:55:00,napközben,3,2,BWX,https://www.kiwi.com/deep?affilid=mihalymisroriflights&currency=HUF&flightsId=0b7703ab51040000ca64cef3_0%7C03ab03e6510400005feaa91a_0%7C03ab03e6510400005feaa91a_1%7C03e626845106000020df05f3_0%7C268403e6511a000071906f03_0%7C03e60b77511b000050a642fc_0%7C03e60b77511b000050a642fc_1&from=BUD&lang=en&passengers=1&to=BWX&booking_token=HzBX6izIGsZllLKa18MlBNEFq5CfNemxHcg2-3Xe-DhoEUtxDYX1msyX7ixagdTBfRrxpJtFe7Opx9xnUpdOYH0lnwtIohXPdKDGX8-PCYz64gXX3CEAjeH-Rqikx2ErakNfraD80FfpI96FKW4-ZxEruDEn9oZ50Uqt-ZGvkKDNW-6gXHIons7ovyc2lmw1LLLhi6ZM0x5LeZx5-4ekQs0cg7oJvcpQ5H7F6MbsJrr4q0BgoFErHLxMkV0rnv3SlUHpWDZ7gDB6FqKh9OG7SEMnHTCAgFLbmh3YCgDX0KEoSA_BmFJUtlg1QmuzpPfydxWeOEMk6qvSGhW7ez1jnB85oBdsmwRomRDhGCcYol7Ux0VJej1msIzBAApKw8x2aZlax1lqXcTcDZh1LDgy7Uqtf00TVdg-vAqn5dzFh8HW0J6DIKudlGjx8Z92n-ryhUB9RN95W3PPQMKEkSKoeFR1CgpSKVEOjGk_qAJsrwfFOHS8Ub61GrXeFzctz1q5O40gZ3qTnuvihhTBF8GY19u90SjAjWsP0I-ZIM0GF2_DOAEfITqPgDv9tm5AvXihDi2l46vsskfG4P0zksgfQgbpwIYNvcyRbmTPvLOIiVFc8bMqqUoMEx_O0nVgXeXh6Zcq1-zfmO6AMxhwTkofgaK2myVPYJdZKSutx_DIqKC4cCZn1CurHr9wT3jjJ40hSKhu_Mk1xZHRgXjhc7nV2AuunFIMkmlZFmHjnq9r_B3RFFgEFS-7CCWajxvJwYhCCZXnEJYcesCgQKngm95Fq3YikqZfjzMGQ34vCu_oBgWaArsj9vxsojtBiPqrfHhak0RDdoN216MYHJF00eu3slWicEdvuF501tGmGrWsoO-q2hkT3OIGqWcE_DZyhzYqrBd8fp8w1HkkqWZsxqivOjvoWZ-Cr7Plkz13KMJqcfGZpiFIKC3J_kM5E6K1DSedZNReJSxDrYXJW5YhBa7thWEhHfqiz-y60YaTd4F8gohzViVI9zqh7WjF41OwyUTng48IL8fATC-vxEkmU15JY04brf-TRId06l52ezSEG0WjCSHkhmfLo0N-0OktswIzWQJykPP2LgV7fNKfY0R60FmkeG3qBu6pFiVxQCWKYexbWP0Vy0m1JNEQ9pXHV2sFc-djnWhFn_bYaRNxifk53QzlzwBJ2_yz6y0Z5DwkjA1IidXxbLg9xXV6PRowT5H6yat808eUWNJxGde5ctFuookH1WSx_NJpE3k1OMAFQtX64tCzPGY21gq9kTjfy0FNuS8DAGiudKCuM-bY-PsJJHIUBXdwD0vflet85mjOzPOU0FKP2pJ-uc42K7FfIP0lNkpmNLmH7LmBT7cuYgKQsFNDjO9qXjmCoGvZIsv6F8TwNE23kE-cxPVxN3ZKKaz3ABoGe1IRtm6ZD0VQLRzuJA37B0k5h4ec5XXRYAKykxBhO--PVBc1J5MKuGc0aoAt07LH-JygaT8SWjauKOWkGV4sSj2z_ZUQ8OZKSTVPu58k=
Sampit,293302,20,Indonesia,2026-10-14,Wednesday,05:50:00,reggel,2026-11-05,Thursday,14:50:00,napközben,3,2,SMQ,https://www.kiwi.com/deep?affilid=mihalymisroriflights&currency=HUF&flightsId=0b7703ab51040000ca64cef3_0%7C03ab03e6510400005feaa91a_0%7C03ab03e6510400005feaa91a_1%7C03e626b7510600007399307b_0%7C26b703e6511a00005062fde8_0%7C03e60b77511b000050a642fc_0%7C03e60b77511b000050a642fc_1&from=BUD&lang=en&passengers=1&to=SMQ&booking_token=HQgJSCGCYeKyzh7_oEh9kBzedpWGhO3bbk2CNZ5g5DJepUeyXKlEBpp6diaqfpSaapuqEhLZKO6EAJGzlyaAvXHDfmAowc7-KXu1yQGZ8Fy6MHAJIiKcAY-TaeD3erfYYsFjqWPc3tV5qymAU9HIwCn9dYaDjXhzsBG5gdc1-atZihN_0n8nfDWdpdMDozUK47I1M5QSJRUye-KHsEYE1EtvUigGI8zSRxGwZJuFzlLcfvIBknuGpEom4oZ72dYoYbat3R5mc2j_2V36n_RWhEPZtlALIHrAwKeUTsm6olVbKXK-IVd3Qr-M09Bvg5YWAMBBQLY0k7uYWPogaJ8E4erfugn43IMRFTdU1tZSkQwp9sGsGr5tksL_Q8VspXZhW44aOnub_CaFXOCA3Ij2joEhBtnK2piy2x0aKIyZM6dlFgvP97wlATna2keCIgmiw_zxhBUO1WRmkEWmHMaGHCM_5FmuSFUykCP5JyTVKqpG-v17A_do9MgmkjTtGB1PRVeNK46cHTqCXHd3KnxG8Vj8gO4Intn5bGcXa-e6nKkFKHYk0q3s0qT7U2717jjTBNQy9um5kD5If_zuZyQjWTQ1BR9FENv7U249CfNcE_oHPVAv5K6GrpdPi159RlddrCsHojwzzKPIywnacxFGKwVP-dxFiQu0k3NejaS9ayYE0e-VjSYi9pAq4zhyRydKPpfPBqAPtCI1NwlFEWJmvWN0UKkNFn1FTPbw2vdafEQ9SEXdzUgCbLWPmalmRhuegs2BrioaGqlr_2tBN60PiRkDSr6PC9h29c2owZO_N0wCsLSHNhqKaYGHgj-8YRs7lvwIOFVeO5CEkTjt8cfinp6DCOanU2iHE2mpInF3s8Kq4PES2I25AnBjU3v-bb5yJBV9RCJ19QGfBG2cXriRy60PWA5wUD5vLQjjVcyXo-9iqq_bmIk6m_gJoxPjKJoX-mDrVml2x6xGXaeyS3MD8zmrmPzZx8RRfVTIYqPdqpXPeebbturhWLDDQhlNY5l7LoJxb20tOxlgJacuNjvCUsB3w6ocuCEx0LxzQ9TDeG2lhXTs_Vo8Wx2f-bJ_gAgNqj6L6mwfCvqusBscyFqxk1by9R3Pz2C8BBKlR-COexBungZcocTIJVatsINlRgh9TKo6wCIbEiRR3m2QLBWnxpFjK_-yaNgekfo9R8Zqw_6HNym8PFiXDFQx9CV6SYEKB151pO-RArljUcme7zzlDVYxBOUPBG7Ql5RL4NuqWMImerMrmoGy4YfoS0KsT5o8MrqLvshJs541Sl0627R7lshIMHmI1W3L2clqO-ZKCVVzMphMpMPVnONzEyh7U4wgG5n7FoW4Pdnvq2_1G8BqJaNFMnmlvLM0hjltQ_9fKasRdvf0MigWTFnrw9Sht_5ZqDWhNKYKoh5t3PbxDHL-TRIJhjDjZU9JUc57EjDABbp-KAnyZC72zGnxYrTRClXwqd3RF3Z3Mq3UkZkk_UwMDzeCPCGKzd-8FWdJYBXBTq-SUOoA4SIfHXIPpnf5Jw3qWuXoWpwOGTMtcBxjP_MnrwrsVoSPwFFfW9OsC_OOWn60=
Samarinda,293305,20,Indonesia,2026-10-14,Wednesday,05:50:00,reggel,2026-11-05,Thursday,17:35:00,este,3,2,AAP,https://www.kiwi.com/deep?affilid=mihalymisroriflights&currency=HUF&flightsId=0b7703ab51040000ca64cef3_0%7C03ab03e6510400005feaa91a_0%7C03ab03e6510400005feaa91a_1%7C03e611595106000095637112_0%7C115903e6511a000067a437dc_0%7C03e60b77511b000050a642fc_0%7C03e60b77511b000050a642fc_1&from=BUD&lang=en&passengers=1&to=AAP&booking_token=HIXtx29Q75ykbrdb9VUG2ExC4KpCQVjMgiv_j9VMYdamJJVs3qoWRUYlzAKFZe9GkoOvnc4omhVFsLt_xF4wnirk5TFOLZ_BBMl3ZEmJAhfZVtgrfSKpPCAaRw2WdDwdchchOzxPQCKDegCAcEeJwCpK-XbXSnNj4frTSovbI4IV3LGeiC_gFSzvpHLofotrq14cYTodZUDj8r-PkvS4Mhh_5UKj7i2m2_vbBBahzWLeYDVIuuIdL39rK_3A7uipPsDKileize2E-phPz4zJ-q-TEu7jb6d18JLB7gqOxCDBOHP4Rq6qhwJor9l4rNbv34I0mDfDhdptZZOkuZWnj2XFkvZl2VnYbKimrBK2e7b7mKiW1wNsX_KMWgUvGx4onAl5gCrj5xX0zVBJOs2Sfl1Wgp59Zky4sArrPER7XDgfISUrSIdqPVQjFojoZTpM8bI_H_XEDb3GPUQW3mzZzlN88nPXC3YyTOb4QEJgHlao8z08wlYAkXdPxm09KguvueKz5k4O3kRbvSyUYgUr9dgFV3v7-nWStfb2AhcOwNOl8mzHgSthbeRxFwMfPEKtrCeSNTYh26BXmSok2DCaVl67EwGjds-cZLwe8MdEjt1kiyhFHRNuFw3rpM9J8fj_4OnSX2BspYwxHyXDghW0YT8JP2WMu_Eu8nNhSoDDklp2zE54ajqnXno7OKUYjluUdgCi-NKpGgskMWgg0gvxwh-gK5XHGeCxxWiyZlvupB8S3vpgEcthPXVT97k4xYNJX_8lYBAPmcLUgkDTI0S9UW-q_Mtq8MBuWVPDsZ3NQo1mmR_DRJXBtwFhF52C4BvowCtdHHDYgUJWREYw1boxnOdbOyuHWe4OuVbvEq60moWnw2aXUtNouXlDZ8P9FhljX4rHJYL6HjOTjcbD1JrHpYle6-VEgz5ohac5epH3N8Qp4RWpOsWfjujB1SM18SR00-dcYUgNw9Sq_7nGa4avts504B73uFMoXgmdN42GtaBP6Py4mk4MSdSaKFEy3h30kvaziNuIxYRZDO5HU89DWzqV_cbZ8Al08vyf5gvRerr3dd2qsEBCPoQbVt7pM-uugxy1-On85aXi3N0wmELe2Zl4uTH0nKzIlz-cjKIQk77WoVLd1e3Mn63G6pETw6jid8JRlW7KhgB-QiNCtVM7-PFwQl7fHderBwGepoRd8RBU8yvqtIPTI30FwluhrMIC5_sgNtLlJTC5Y60X79yLluPnxzIp_LCPBiQQMwHKRFUahmv3p4W-bQUN0LWR3fBHBrocMZA0_182FVy_5bZz3LoOsLFeasEzbbSFnWiCBmSgTbZvsGp0mY-WowFftkerq55BCcDzEZBr435-4v_C5x8bptNhSQ39U4uKnWe1zlcjEbP4N5t4N6zG9P5rG-Ig2aqt0zvHqaR-y-NotFzy84tTectdyqpyVLu0dcYkP_mdWIaZeNFpUUNFxirWmaoPrUOrQN470GsJ9xhDctrFPXS_9nd29kLw3M4M0JfORNcilW0XTPWPODOmgYRO3-vI5aomcKqUBHkesan-kSS32f9DMpYZYyLTE7bXZ3qfqQXo=
Waingapu,293945,29,Indonesia,2026-11-21,Saturday,11:45:00,napközben,2026-12-22,Tuesday,15:00:00,napközben,2,2,WGP,https://www.kiwi.com/deep?affilid=mihalymisroriflights&currency=HUF&flightsId=0b77009f512a0000061dd440_0%7C0b77009f512a0000061dd440_1%7C009f1f9d512c000030e3a387_0%7C1f9d009f514900005d0ab76d_0%7C009f0b77514a00009d1097bd_0%7C009f0b77514a00009d1097bd_1&from=BUD&lang=en&passengers=1&to=WGP&booking_token=H6aDV5L1ev4ui9OePXlnEZuWHh8yFJjEt2n-DjkJ8NogyVxbB6JzS-K8qTdT5lgDi5IXS7R7wEnIAS4_Gm-FQk6XeTV6uj-T9ufMBUZS5BqcxD1KiQ-wdbTHBpWXqGp7Ibau7EkpdMGWqAMj5cbp7mjgaePAqiUPZXS4jSc2ZWTJRVzVpYP8_sdo_P9_jDIi10k5K_WQC8h3prG4gRR43n1JPkzdOTOK4x5Sbai6hxMTKgN5KW6SZytfTc-d4RDT5k7qtqttU7drH856w8t_WToUCEoSlAY21dS-ezbcypBJ0NLsKfg858AA9yKYcJOApQLJ9nfY3qi8DR_rgwlGgQlgugU32lbCTNKbRKnloarfL2DV1zupPPmYHsX3Cb2O_Pj6MhI92tSjCwhSOsYHqxhTOhCwzEP5anYYNPJ5jDrnsxZ9m4pJsfxlvsCbn8AxICUXNeibz0VwnUeOc4yO8nIVpd_w2dUTUhCvmeQTk8aYiQsAlkX63jM0TTkHHrHRLt-msqyzey9nWUrZ4LoTmdBcw4J8Pj-cZvBQ1yph0z18QyyTrb8YjlXxbT2h_PUTieEwSvxwgR_It6OWvgxDSXcrtsFIg8XtrLbb7YuCSKl7VGhRh9CM07j4NOGBf0kbW9rHvbk-rQC_TrVuzsw5ied7DWGrGcllzpJDXslp9IPPuYHJVLkfx1Z8iw2Ti86KEQxxNK4f88UgeotFQf35Xg7GNLOilPMHklqYjTfc0V8ir_zcmlDraRUmYrvxg8dClxUPBws4KmERYoVeORaVkXjhhhcyVNKC5siN2K49TU6KkN7ZkDOogGVzR3WPjIT3nctDfKgVGZP-H2nN7HXCTUQzdCoDI1XMVdkIg2xkym7cNf3u7sV0TOK5pvEHBmakPsATs4FcElcle77HOAWRkvYysK8O2tdOrbmJv5mDq1srbKx_UuTE4K_d5M31i8rKw4ubVA4gF0UlrwIlI2yJkPCcZOcXba4Mw12efMHaN9jdGCI9RKXgtxpy8sGhAyIE_xe29NebCy55NdRkE-Xq_jvxuRA_p4Nyzhu0MMWD0VsZMsJwQeDsF3yFKLEDb1sUMLDImYOw3un_HpY2Fy0_SpJa68QH3F5tIL3G1geerb-Vm8X5GERDIyxrUqqYuHp1wM57qkFWNZb9WrIzLrmMfrBv1vorkL1H1D01nPe5i0NQCnWrFBiWfVO8VSVlnU-e8XSjM4l9uFNLf_ZxCqqZiJaobgZb78cZ7GJuFqu4Uui-W-JzyRk8fRlXLyxF8DE71dt5Izq14x--tBaT_p9rIJeWuIXqF2N5UawO6NouzKchvt_8Fs1GzDuSe33VKF4090VjkIYOQ3vE6M9DaIKJxGE6ceI8ZkBz0bSD_sFA9wvbq9-JGBvjg4-La1gpmVgSYiffvcJXZS4fuwUjHLQWAfw==
Sampit,294761,23,Indonesia,2026-11-01,Sunday,06:15:00,reggel,2026-11-26,Thursday,14:50:00,napközben,3,2,SMQ,https://www.kiwi.com/deep?affilid=mihalymisroriflights&currency=HUF&flightsId=0b7703ab51160000dcade716_0%7C03ab03e6511700006456044a_0%7C03ab03e6511700006456044a_1%7C03e626b7511800004791d660_0%7C26b703e6512f00007bb128c5_0%7C03e60b77513000002aca7c40_0%7C03e60b77513000002aca7c40_1&from=BUD&lang=en&passengers=1&to=SMQ&booking_token=HKTEQcqjFpNJL1Edk4vUvMu5qu7Gv0N7MM9XcxaSoMFD1_FKZHtbsbYi6VB6ymiJNAN14FysrRnYP6otNLQ9dgU-eKUxpSW2N-N2wNn77sw-X1CS1mqPFLCgs10LBhHEcorxZGrvG583zDhE231YpeN83BKB7a6PUHrFcMMmcLY_bDeVOKZalpmmbvaHOd7KAJiJRdMpKjG_dcacnZFRXTwnG4r7Mt6NQzjVrKf29VWatMSSDM60D2FYCjtCJaPyQkNXvOWL95NmWa4AoGXhMRmaS7x11h-xzNOu7T3EVtsv32iZUwzOsIBIuyO8oIlv0MG9_UwtRK2bxWeRqCKNGirCUSUA8Lyn7FKt7y_0bIBfF1bFhmtE0RHuvNk0Wsehe6tHl4ZRYYxgzpMdQ6hGNX6DPXmB00GcGALJoEkTa9uEeZd1SC8bTGGGj72IlWQmiUOmPtBFWhDPhszewYJl1Muz7GVzrk6CeSO-I-McxibtD5WgZtL4ZTkiq20YWbyGuS96SCDpnOUreOE3_EcVSf02spq37piuR5M6pUiq3FZtcFKtae_Fz3GMxDgRkYIfCUmbM-VDUsTtFhrqhLCbKJ08AQynL555v-LHybrffrZg4xMpyIwyW4MhMS_y44rGGc7emW1JHN4TLNZKXTmdpKtygsxeUpzk0AoAlKsgS_RfeLy7LfaoXh4xB9ciw8YqCR-uRAvFW1JJ4_HC9aLRnXh0eNL0-_Cxsayy-ZxuWaVDwKcUT9iBfu9c272xsPmt6J79tyBCjBfAFywl67--lgMtiHe2PGfECPPPXQLSPuNqUZ7I4Kyfu5DKlS2Ui1EPn7VwXRmANzro6Q78MOTUZbQUcmhSMtUBuMW5GqDdnQIZbtrcdR5-NUzfLzgwAQfUQ-FbIWoCaNEL2qDsBS-dohwCAJegt1T-mhk-aQ8m_Fnt3cSB3w3b631wAuYVkeKypHbkSfvew73kwOrfOu032UJHNmh8Elk4nda04xrB28sebIlGJLM6PdS7eb70ecWZ41Z6MyP0d_qeLM7Q0bXZ9wKCTuT1S6mkuvhWPsWylvFmFz2a_5diVKtKyUP6CdAgosx3JTeVo3hZOSE3kAYAHmTgtLhR8HHstJSMdMVjoqrguNS6z5dVtC3gPup2bwVmHIUG5rZn9cORiMuBbwFFSJjGJClfM8l9PUwHRsO2onk7nWdwlx3LIaiXn-dv2GZhN9ONRWhZtKDqvEFTgFSU8UEwae0Q2j62GjzB81p5hSraZ9kow0hG44dRztmuoBNwqb4cwBp2SXKb6b0244k02mTFUz6jP9PpRzUVDzijP0ilIqlsU63H4nt6ZNqP9VF98fSZaonS0u1exvsJHcOr5P-0Ax7DqLynXHSdlI3rjbCiv9q4qfFAq-MFgQ8K4MAEKV2KW7gA5AOKfWF19ESZmCu5ZWow5OmsOoa6WdFV3wvkzv9htThfHCbRY05uY7Wof0ch0x-vXwbgzaF2hb5ipG0E0eoiPvVXRLg20LK_qqw4KtXtcjHu8CbJojB1TIgJmYp3br9Kz6JRZJBJP3Q-THsUondyoQ1GugVvY3p_TMvA=
Sampit,294761,22,Indonesia,2026-11-01,Sunday,06:15:00,reggel,2026-11-25,Wednesday,14:50:00,napközben,3,2,SMQ,https://www.kiwi.com/deep?affilid=mihalymisroriflights&currency=HUF&flightsId=0b7703ab51160000dcade716_0%7C03ab03e6511700006456044a_0%7C03ab03e6511700006456044a_1%7C03e626b7511800004791d660_0%7C26b703e6512e0000459bfe29_0%7C03e60b77512f0000ddf96e50_0%7C03e60b77512f0000ddf96e50_1&from=BUD&lang=en&passengers=1&to=SMQ&booking_token=HVxjbSyeU5vx5lINSCXjwwWFFZkD7jOsEl4EdcWbPUCA5QhrVc7jOgtu2VvAsCJdyRu9tl8a26IAO3f9an7ftxl4YjL5on6-_eZN1z4LLXPT53CjVAonGICh-7xJNAxJwShtV55z63SMoTpYdb0PNTBprskgIipsW5qTHjSncXW24uPzPr1Cd-LlDWSK3WNW4L_D1QFQ8rC8jY1bZbCKESptJShM2mKZYP7amLy7RemtmcSzhUywOMv0lgOjLuHOCB1dK8gIlcpWXUM7zOc_NgiXq0IBcz6hKPDIMTkLLn6T8ej8nS6x6wkIoeM-vPa86yfrKQXCK5WM9j9iJIkSdiXNkbVqtav1TKwHtP7HoDqkw_Q6DZyv2uiZAO3jhOuQk3Zw2VmflBxOMg13knCokuJAq8fZ5hq957jeaCu4WqyvPaLi0mwqiAk1l2S-w-h7QemziD1-rGcIvD07mFniEBOl9pa38K_QqoeM-hWbcM3B_pQzHbPpKrBpEEzAPBXCpaHdZ3zhH4i0g85yzU7_0iPkR-naYmydPmyPoXIE5Vy2Na1_wlMCdClCUKlEfO7n41ERDmHRDplsJ_TaZWH5e6zN_VMz9nrkIZlrgU5joNCFBxiKwH8JeRRdCMV-DgQZlDjCpudL4RIQG9vPn8Ia8gyXUVfgDXxT_kxb7c1wblG39ywRzSsryy9RziPRcYz5Tk3c7li1chm7VScv0MV7xYm4gYlHZy_9MayjQMQl2hW_chqRB-GVwSd9BDgh-brY5ltGQQllgk7Ow6nHPPMiDKGg2E4OwA7oRGNWvcApAzKCgL3B2PjGgqmdRcDKL5n1zdWJzsCSqqmAHixRE_R1f_awIB_8bSHsR6oHgmHXNAT35fyh9VwPBkenjN2f6Wpu2mVtICTBxTisKbpt9DIeOB98JtxoxBVonBO6ir0HA_c1MLrGVUZsNHHckExoPqyvIP3OrzlwHTE01m_SltpotnMDeTq0dJuLB7THWknoVnqE7ztCL1pi-ONOXaxXZPlS2ZEM_wHwBpi9WDvlDue0Tm6V-PFwRvG2mM-alLKDURI25AW7kkR7NI7uCOMgbP-7IWFYCUvZKy7eat6dSbQG2HKh73hu7nD_l_yQo6TLTyH3C-fADZU33dZnwGu2p7-tbTx6Yjg0_cO5dWQ99OCjEblL9hJOr5udpqUYgeqfGoGeZdXwAIM9GR_nDJbmh2GstcXphqKNW8zfQ-mCL47CshwCbLK6MXy6HmKifU__-Y1LEGYI-tpnVnMb4qwqewpQdfyydSPlc8U5YnhB8eA4l45w-HWgDYXlbGlSI0E_Brmy5rtwl7MdQMmoRXNRR-xpEN3sEhRIrEktW2cfW3szPhOko1ZlZP4SqTtPTY3Cw7sr0Pxqp17DnC4wzA0vzK9aG_my9tDQdeJahy2YvES_8hzoKTxRmwEmKD0e4LrgVCS2-R14DE6gIrdnBnWU6QdbWPtAAUCkzjw-gJRKwzGHx_EGJQXphW-DsHtd88GrzLkhVYSOVyLPVvAWc9nU6Eh84NisDYO_LGudQJvwgEQ844Ybb-zZUqvfjuWeNL7jCdK4=
Bandung,294891,15,Indonesia,2026-11-09,Monday,06:15:00,reggel,2026-11-26,Thursday,07:45:00,reggel,3,3,BDO,https://www.kiwi.com/deep?affilid=mihalymisroriflights&currency=HUF&flightsId=0b7703ab511e0000c942fca7_0%7C03ab009f511e00003c083e9e_0%7C03ab009f511e00003c083e9e_1%7C009f137151200000679f9e5e_0%7C137125d4512f000017bd30c9_0%7C25d403e6512f0000354c7122_0%7C03e60b77513000002aca7c40_0%7C03e60b77513000002aca7c40_1&from=BUD&lang=en&passengers=1&to=BDO&booking_token=HIEWEVlJCCYtNxSi0FE__unSmGZOYq9WX3MYIJUbNn5iKfdwB-TQb_K3bR55GfuDVVp_rcFJrR9Lma7BOtVZVfjxkHJyxdigJ_6lAI6sLd5tjJvhffaTjCnRfQK4Zl-gPg4IIr93xpCTCUzCyyqvB6siRLwnJMBZ3mbg-6-v2fQfdocmUyZIgtOBRBcyDs--x1Nl_HWiktdVG-xREvt17kpNEePnqwrzXXlGTyQ8rajReTFP-MrkPn1iIVs1YR5epe-G0T2hs_MZUbewTezhd3mHb2lOxX57V7ULGVsEVc2FOwvWdinxxs0jQb9O6Qpyq7EifFccwcKyGlL3eWjx-FZZ58vkZp-PXZr8SlUvTlbSslhHL3XvzPLOF77P2yeHMxTLMYSyGA1mSOm30e11ZIlsuvL27PIX2hDUChx4uk0Dz-aioX-5Kx9f2slHShNyek-c67GA9U4xkUJ6Gcss0P1GMQS2b-cNrlfVi042a5mXeF2fAGrKM2GTi0HEGvjRlPZAwhmI4hj0KQVBxgAxfEI2x1YzmN0ZyQXoc-4W3c4z-D2DDWuuTTo5FSSeT_yMH-BQ_90ndXakw0wBWUbnCNpVqnu6yl35VLahMXayPktMUxdkKGn_dlEPlR4IJ_50XG77rzWIohdVZw37dwvhGLNvV7F_V-hNgnaKHa7aKHr3Mk9npSiC-bIaG8gXNgKAL5yrjU3jiPns-1CUJ9Ro5ZxO1-OYfWWmtPbZkAZsro2mRynglXEsnCOtHK3kQIoU5cGpwQEr2TRpuJqXr1bN6E_-Oh5t-ZO6Utx7IriOf8iKaAE1JdW4HX9LxIch9-zL3fahRY4RuvPeG-5JTXPYHQQ8vcizmSc1cuFVx07BVjS74rb13uoTR09pbNw7bJ7PKaGwkvo3pmoCDorzjZh-Y2rK6_LdMGb4ULwSNS_hccCuGrdqNWChGijw4spD5TRWbeQvJkSOMwIEniNjk0TZFL-f3a_BvPsfZ2U_FSvrTK5IEIrzovDMZPVJ4X194mZZ4RhJqJaXk-3yC0eDUcCxsu5JHvsCoFS9tro5HatBuRD7JKgdfbajp9oH73fquM_SREUZQj1VVlhSrUfoo1J948rntttTh52gTA4dDojZ_uyrFeeARTbShLLJYugRAlOyuwRYmw-EfldFogbMeqFUMCFjsN-scMfqSlLgz6QcgAMusuVj3qxtjddO2IYs2ikbyl0CpwBz-EQZK7jRMZ3MOUBzBsG-wu8VyTyEP0fW7YCR_qlJLn7UHWJ4q_yw2LrTWr8KUChYkVfZYG8lci4mVWIYVwtu93-fPPfTfug84WbFYEqM1PS28yJCCHJMTvH_fjNUUAnn97melaSoBElBKT6KdBQGKgBvm_mBgnMb-QXDKuQFcM-FLXAjkQlQuHONwwi0CVDAPY4Dv4IIPI4cCpps70WHTOM95fAKZtV3Cp-PC_D5i1avPqqSYExr86QGdgQ-5QIFUklW-wgbA0aMoowDbmB3SKheP6AaXs1d3WTBsEs3OnGsDVuHrYXuUVLypX50aMVfg7IylWYBoYvTuN73J09XVsFcHxKmGevjes8kc11XpjcEXjGAKzO4wzB0GQqMRw8TDFnsaQNGi7W5Gq8fRCtmJ79hmi3xnvcmrLE7GwiMyGQyqpTjamssB0GTxOXnfIDq7Ru0FsGtFHEyEDky_JAJTarH6jbQF5mXRtbU=
Samarinda,294905,20,Indonesia,2026-10-14,Wednesday,05:50:00,reggel,2026-11-05,Thursday,17:35:00,este,3,2,AAP,https://www.kiwi.com/deep?affilid=mihalymisroriflights&currency=HUF&flightsId=0b7703ab51040000ca64cef3_0%7C03ab03e6510400005feaa91a_0%7C03ab03e6510400005feaa91a_1%7C03e611595106000043dbb7b6_0%7C115903e6511a000067a437dc_0%7C03e60b77511b000050a642fc_0%7C03e60b77511b000050a642fc_1&from=BUD&lang=en&passengers=1&to=AAP&booking_token=HuOaYuCnWi-U_zanyqHeAHwIvJ_sHE3MoXhtGFEyIgOYO69OLB-oGLIU2QJw2JP-0oVc-RQFaKd3cC2CFG38E0n8YT9WEzmmelTpqhaDXPb9YNBrdZ-wRgBgxUy4sWuayfXbNExsNpaFS1pP9dmkP7Zx1n0G8FPRl86C3MMJmdUVKn8ZR7LI7IRDrdPgImPpB1US8dvB8ONKQyCjjSbWOd0VV6INZ92ajRc-bkBn6D3k_mJ2U6BmzDD_6O4ECGXsATJcuO2h-9lH3R3f6LMbXVlaDHtaBAK2MaM675fa2DuSD3q1cSZn0Uy47o2U9HV4Ucs2bAtwjQ67kdYMZQzKCfeJelnwZ0ME4MPu6874OkPj1e9YDbeFfSOXr1SRRtMa4Ek-UdlDSm1wS4kBOLExx4uWWRowvPtCVFv9LIoo1d5yMB9azjZk6E_dJABcYcVoccJeflBC_fRdFQicqGnKoBU2fOrWXZssHRt1lgBVeDtdk1V4kBb0vWGr7gV7oTSf2aISn7hltNCla_g3zM833DoIkoaC1gW1np6K_yVXoIARIqIuvJ8gzva6PWfngcfQtqOxPi59hqYIrXkj916egzf_WXPuSG-PjzT4ONefpT2VN88x19AXlonIu5LUWdU-e1Pn8n8CvxkqlY4I5OM2ZiPg24HKUVm0jJtjUnmh8lcrIhcpH6tWTNSUywul29dzsMlz7mZ-pDb2iHD1LCab_YxLt3xhnCncRrSZzpBhzm-rT4AI5GLsm7w-_ijT9nOTJvSewRV0A3V2WH1VnGkWdifNtWXx2CHJyh6_d2kb2cc9NlTvz6AAPr5-Nriks4RscLyFUYi6Vfbd988-Rnay8xEdvVMbtbYzQGrg-uEwWs65DeyMFA-skoLLvqEu8w0KAiyc7X002yY5eYbezbI4svaYO9irdQub1hjk0wkkVvJFHZcm1Y9JQ-VKEYgKAsgY-EdvH8is305VPCJVdPgpGi5k71oLl4oNu8GmLjik_LLSu20hCEj4PQ6Y5t6fE9de7wH3ucsIC87cgM21na51xDygLM3Iq9eyB3lOaN1laln1__JmRSS2cmC0M8rWznpor9y2guSgL5TEavN5o52lNZAi01tJU4BQGGrV8d621038E82knf2Z_4T0kIxOBFMbQ65EGsMEUvh5sMWiUeBJxxxXqxLw7QtTHInZBUz9rzhEArXwHOnrWN7At0eJqXsmwZgtOvPSFX_FuLMiq7B4NMFuLnKYP8oXsWXX73lYgHRrOpg_2Kwtugiw-lllYMeZJqrptnlndeFQl-pZCkWXB1TeR1kTk15H2jrFBL2adDhOuJIshVmUCkBkgovMSl7CVLPLO8cv5ljl3_x4vfUhFMluYvePesUFcZ0Qw2ojRCLj9DOjAvKgl83a1vgiJ_qYKLV_4vusUFOcBpyI3jgwGJ4Tu3xemdokDtz1JuYzFRLXpr_j9YsYdLhovL0cLMX71NHbKyM-Ib15ECBzubAY8cZRLv2tqOUIdw800OsokAQJUBnSqcqkSsXoRyR3Pi0WV
Bandung,295044,14,Indonesia,2026-11-09,Monday,06:15:00,reggel,2026-11-25,Wednesday,07:45:00,reggel,3,3,BDO,https://www.kiwi.com/deep?affilid=mihalymisroriflights&currency=HUF&flightsId=0b7703ab511e0000c942fca7_0%7C03ab009f511e00003c083e9e_0%7C03ab009f511e00003c083e9e_1%7C009f137151200000679f9e5e_0%7C137125d4512e00002997e625_0%7C25d403e6512e0000127b89df_0%7C03e60b77512f0000ddf96e50_0%7C03e60b77512f0000ddf96e50_1&from=BUD&lang=en&passengers=1&to=BDO&booking_token=HIBVqY-A-iHV1BFWUq-o075Z_3EK--8Nzh1ECyd9nX58Jn6dcPG8-14-8m2XQSogR66pZxXTHHviY8ID_wP-NKBObhibdLlQriGgUdQqQdbB4emOVfgGr3GtLislDLKdd_5UDAz1MW8a4ox9JlQIN5T-CerERmtQphBdkYghjtR_ISH4bSeS2py0IU8JYmqEVlpCrcICM_xwR_m6kkJUlSTn1RgegedUS9877Eak9XKPEAmHmHQYuFv3LblWayVarGVe_Habsg-SIRXkah6t6DAOmIe9NkXiHv27VbOrqIRmWnh9rov_FR3xxgzwrN2RAZjcHudAx2Us1z2vqb-t-Bqjygo22SH3JsjqTmJsr4MC04gyPbkh-vQKHQUzYE7JKJIlmmbG7LEMORK5oklMQMC-TlTEcdk6fhR0-LGWj-GQMjGpA1N4pvIpoZeJr3nexjatEJYwBeI9TgzpVrv9S6GdAUCJVuLvUsmqKvlDJuDdibbe9h2yYNnETGHcNzhaDExM1VGktpF2GLCLdSU5ZMIfv4gp5fRrf6yJ6H-t1GEOUGIyrT-Hd5vNVpuOHlIlBCvTIMsBH-HoDvdo1l3dANbI1oj3w0M2juru0h8jMZs94n3AVXkDdwJSvYltZsCTBysfOgw7p-3gaFBbKKY-yox97AsjMMCX9cOn4SI8OVO9jFbzD7akkJgWdCu0ubK9mhU7bz_vffc-uB8yTmE9AIcXYhzakGsnVDevCYHH2E5ZE2oP7zqUIG9eVoFNH8XUHeNfRsB9IyVGmvmz9mbUphG5XWXVavNVRl8F8BwPJbQZYmb8FihjIT7Qcg_jTEUIN7ze_frwqisGZDXA2pXpsezNG0qfLC4uRXArmLON4ed-ISxxyQzd9CFgX_OVwyPOGQ-Sy_h3VqJ2Ig4QrBIC2zYyAfnnxPPe4PqT5E8O9ef-2TGzoSGMvfVoif7BaUynlmqXz9_a5jhj8ryKnirOq4pGmDUXh5jW96UiQVy0pajHt2VAjbxY0KWXsM-AOQsObGbopouktsjL7_noKWJjnKV5AsksPbIS3vhXwCDMLiA8wifwoMvPHymrEKPVbAYGhTs3UTFbTNSKmRh9tnMC43G4W9hY6LIOrX7lvUJlQy2TeLgvoyCVhBbcjUajbUc_QJdd5kseAZjCf95FJbYE6qXiYXQB1ZinZcqJLcvwdmwiDNkhcX-lqESAvsnmkHayVgbwpx-as3s_LUDB01Dmc8BTTrQWRGbDPL0R8UDR6OGRTjXVck6apuFmh7fkus95p8uqQpm9hnZ7NWAxTGMwM2C0pVWbxMSrfHRmA1IjnYAkFm132xLEaRfrNZvIEWydJ0oOiVvuqIxpTrbfj8x30xp-mV5WR2dYQsYIS2GnZMjgB96ovtSlYoBgIHAmRoF375OOAm_XFFPSfhYY8o3TzNk_6mzvhn3iF4oF7guyAzydhDSwqi3RVGPsRFEx2iBQagcY6_advFz9-HbxkdOQt8SuDlNv_4vQyUnOmNUIN4KfHf_8H-xaRkAzk1q8HjtF5Dhl9L1CmtqI8XihZHAqIKjUPV1-CQ7Y7t_sA_6XMB3cdQ76TdaYodQ6lm3t8JkyF9OCQy0mOahrUBVENZj3S17tbqdXARIMi_o5YMtkPt81rH0ExTaHJm1_9ywb-SQupHzyjABYmuikQeafW-WWL7g==
Palu,296772,20,Indonesia,2026-10-14,Wednesday,05:50:00,reggel,2026-11-05,Thursday,13:00:00,napközben,3,2,PLW,https://www.kiwi.com/deep?affilid=mihalymisroriflights&currency=HUF&flightsId=0b7703ab51040000ca64cef3_0%7C03ab03e6510400005feaa91a_0%7C03ab03e6510400005feaa91a_1%7C03e625c151060000b050fafd_0%7C25c103e6511a0000a32a3fc0_0%7C03e60b77511b000050a642fc_0%7C03e60b77511b000050a642fc_1&from=BUD&lang=en&passengers=1&to=PLW&booking_token=He0HItrV4cxdgllGtgXyfuCCt5Yx6FEUEdq18YzVF1pxRfRS5yiOMvsbLadwHcBaX30ztpYZh1AJvONufaRHumAm0Gd-reYfnpwJ-llAzCHPg0xrvhgYjCWwlF9BeyM-12nn-8NrXdwGH1pXFwyvJNR66FGU9UIQv2R6asA8sM2XFSSN2uro6wDHzu6JdijD4POyy1oZl9AEYLnY2N9s-3fNWJkudoW0VJ4dmIKgSgtINrwZACttAC-jtW7F5rQvYby3PDpTUSWdQCPyg0Yfey9ebeiNwGxRxL7tINDraMMdsFeWtqtwkpc3rHvOzuMLhJUAzpk5OQnOjWTLFsN1RhO9_-0oiMUxRwh-5m7330fLzg6BnM0JNfYhBX4lpqatyvrY5cwR4O6kgJbXe2bY166E8980oec4NYYDHu9dg53ea6vgtCUnxGpqs1uWuC_KpYZ_Ty9k-QQJl-djph9T7Cskf4A_aQ3Dh-tZ0uI0R6fs5jsCMZU1EviOUvECCAgwEZCNWJLq3yuVbbHJBKjyD3jUKdVEoiO9nR95ZjzVr9C_-_ipGRxXMwBaJqzlv8XaHlcBG-TWJilDVHOpJKEVXWlPfqmtygHiYqxsInXrSXd9rQ-0gCfif9qKItWCGvsb_I3_Phh2l2BOVF4xrGHv2jKSG97J5AjAWLhK2hj9_1BbJv9uhujJql-I9poJeGku8AkK_i2YHZabZAmL4MO-_Dw15QL2hGbMW_X2xxCJLutLo6T4C99HiS0S0picZm5emHDEqXWuRXg8zDxuUFEyCHMaCZ1eZnmlrBYoNXRLIlGqhih1Ga_vXphyO1ghZpgYdqU7OhS5mHsXG1dI2QIzNlPRnfKw0A6afQLOP82kvaaLatqdr559fD2lRC6m-cmenr7rXLr4fLgVivro1xXonho8oLAVbdQgPJ6UPwh6JDi1tsyEBWpL-8pQNhaPQXnJgnX81rwIo554CDf9kBrNp41eqtQUZGvjnqFNQdHDqr96kZ_LxC6MbCd6kmZzRwxSEsZBCYhy2w1xXz1PsvuVTN7lF9f21dhKpEu-Hu-_XHW9hRONEzD6SIcx3s1ehq57F660YbwB6Y7EOYU43FxV4nkbZCfhs1IuYCIhtUg8OOa2rhE2_h6QhW6PvierJ0jvWkS5dWqHdKpW8Vf_nfResiaMIIr-YrL5w-siAJ6-xBuz_CP43EZZ3eOavvW_QIp8aAJmRej-gW8jxGEvQrm1bn86n7xPQ7EimF3tD80bhJ2Er7vdm2L5YRldxlODgwyBVb_ysQlb7nlHFYN3Nha1HWP3-Au_ou3l71HwxVxyUkvRWrNwr7M2C2Gu5Bxwn9ot8f4fdNVZ6NnzyRio5vAp4FvBIFvpbh7hBJ90to0zM07vf37oubzg-PJXqDSmFmkGPL3yFjJBq7boSt5QbMKo-XIxTB9hD4WfMg3C8RthQCnvX4z85fPjAp2T5t255m0SloJ6fzfXPiMBo48xcBq8d73dEp3MQmAqHpaLRpsbVQOWKNEdbeOFLeYx75Ts995_bfNt-8LMLft4i-bCvberK1aFoGC83MlhTc1zRs3Tmr2o=
Bandung,298592,15,Indonesia,2026-11-09,Monday,06:15:00,reggel,2026-11-26,Thursday,14:50:00,napközben,3,3,BDO,https://www.kiwi.com/deep?affilid=mihalymisroriflights&currency=HUF&flightsId=0b7703ab511e0000c942fca7_0%7C03ab009f511e00003c083e9e_0%7C03ab009f511e00003c083e9e_1%7C009f137151200000679f9e5e_0%7C137115e6512f0000b7253b41_0%7C15e603e6512f0000bd6e4898_0%7C03e60b77513000002aca7c40_0%7C03e60b77513000002aca7c40_1&from=BUD&lang=en&passengers=1&to=BDO&booking_token=HcWXGCt9iCM8oU6bzHKIckWtzN-Ax5penqMPXxhcNg5zJQW2A1yN9A-zu3ksw-M2BuqPAJ5yjwLit5q0kSmxqFC1TTIFLkuYFx2MNSU94WzIHfXwPYdK6FSGD9Imfm2K3MxtHvJWbQdKby8UY9N0glIhDc9x3ROdArv9Cz9BcvK9Waz39KlyOq1rB53QB1ExYg6XQSgOk7UhTclsoAJt7FLYWgrUhWU8sivNRlbUYvHgRTX0wtaqw6y1uge8bGWbU7echLODn-qwoKB-EGmS6GQwJJG2aRvpnW528fwaeUMT2pCg2a-__k4ZGEDM2yEisLlXYyOL5NsapDWTH6tbAt7ORkJVT-tdlSMLiMmAtI3LDzL1D7hx0dMMWBOf2MDbqlOKIJICvjFYyyErYj3qQt-zkk7PDAI3s5sjw2bHF5dWPud7CP18XTXOByWknjelzkaJzjwXXG-UWNiU1LqwmfpJrVYRFTdtqrPQKoZfEGCyORRFMbWlGBDvm3g0Mdieuz0VJE9pknNu4LLu5Wf3UY-EcMl9jodY93ULOoXkR9Ma3NkX3RiLtcPQZqvfB2l95y7JlRB3JFmn9imMy7j0WlLx0Z0rMB0uiKP0ye1eNdodNTs3yAvb0n44bCDcNV0Dq_sdoHV2mx94z-BNuGXLesZMn_aJTSYLzySUspdZ4GYCk0tL6gRqVRUk6uGx3HHwhE5AppNP--17REprqzgDUyUjgYG_pcXHDSrNgQF6eZNDvQjC8fwyr4lFZPnqNjvOxi_v94kY_2A3fmVWdBgOAtzT_Q7J0DA6xcYWeYXBlGfIKEOXbGP3OTI7ZUOpCa-Qw4ZMLyPCSLRiAMFMLRdheaYLsqYC1MYHFoDJuumH9G3hywQ60TN6wkkRgxAGldP0D4HlzF80rIffXivXtThEbl2yhhwTzykjKSxmt4JWbg4t5GjGGgdVYs7-gI3R2WN0dmO4muV7bAIJj3HI0DH4c0LsNQWLV9NBqEZn5ntt6PI4A6-LQmeuVqT-Y5z9llgK0p2vqPJbJClmz_v9UDyPXhzZHSeM9AlRXiTLmpNrkWiazJf6XmCg8qxkZ2FfEZGHHtf5DTWnZMw2z5R-cBSbSpfLtOAihkXjG0qbRkBrcIIhufjhrl0p-WYXDg4-M5AgAJOT1-TsDWNoOzOWxjZSlZw9_RFT51wHSrNhrTjdkmrCAHJscCKDM0PDbiLsxbkqBXm6mAf19wDRNrFT0vzHg7vdDLJMLBlEm1pnr_ebWx46iEowoj7a6SVqIpaax8zFhF7d_cSpDS8o1dgWnfljYplLlVi_-MTZcGu_6xXnU6M7hiY5FWBp1qkX9q4Sf1QEZggZOn7XStj5h713l3r0oMbFXtpdOvzVByRrEA6HwoH4pNbUYUkbxWwbyxiXbHgJu4sv5YN2M5Avb2n1-q3CUuaGIU0ciEH-bFK3vZsyr82hPdBfdyhzFEHUTziLzZYUoJYFnVKym8HjRlmfwuAkS3bWPg4tY2wJtcJtrRvepnTe0l2iLR_66dT-lwXZdKE4SVTxFXtcrCo84OJ0QavLHQRe-yWNaXon8wLM9zOquK2k4Ihrm9OdsR0-jJQe8zolTvemYK6AllPNUzO6BgCHqHCxOKnlMjc-2AB_ZDm6Mvf7eitUETRcaC2cdCBCX1I0-pca-zAYXZol-3AhJsZIgLozEva8KD2jA6PcS-vgvj4A=
Kupang,299114,20,Indonesia,2026-11-21,Saturday,11:45:00,napközben,2026-12-13,Sunday,12:35:00,napközben,2,2,KOE,https://www.kiwi.com/deep?affilid=mihalymisroriflights&currency=HUF&flightsId=0b77009f512a0000061dd440_0%7C0b77009f512a0000061dd440_1%7C009f0ce7512c0000c7e50109_0%7C0ce7009f51400000294b17e0_0%7C009f0b7751410000a07dc81b_0%7C009f0b7751410000a07dc81b_1&from=BUD&lang=en&passengers=1&to=KOE&booking_token=Hkm5Y9pnNuiUjtW4JMzv7pIs9F9ZP_-MXowkv7Y1S1e5OOk-y2XQD1dXgbf23tZTcOwF_4dS6e8cYzhkdmBCc2PyFo9zvAFCaIPTUURo_ogZLKTKcW01IN-NT1_-bKu3j9iqRS1uHzyN9HQ4iRB0LQMB9WVN0o0VkMKWQsRi5CcM0RrGLopJlj_hsfs2NVvhixvlXaeKc9rQRnw4Z0-6AZECA2xYZ77ACemHj7O0_A2jGkyYCIwdB1cOxaARnGmkpOpGi-E-P_dVO5Rr-kPgL0k0wsQgu-SbRsQ3EX7KSSI88EiH1vT1p4sKTVgZr0XkJq1mKAstvIfAGdkuweXDiiuEPIhzai8wvw_L8yGYSzKZVRfp16HC-AJbtRN256zNU_Rmx9miuZQOVO5VkNIj9StZmnoxWkrt5TOwWsABMHoF0ltkUGdv-kSbbhZ8fLZXmoXo-HLUF2qXbWhcXeMJwvn_Kga-xMD3d_z9ZvH6j--m1IJyPeqZ5xZGZ_xeZ4aL7plbOjh0RtPha6eTGqjIkaxuHmiILWTVUmiEL5plw_g14H7N8RzSeNr0bMsRk3OfOjnrFMx41NU1c-GL1g9Dbei2OKlcyxYWZcVtxTsBxiz6IAylWItJWtqxSkr8hp-D3-lqYjvI3XZcXrNgrtRsobKp3nneOeUkOIBy8gvxjcioWv-wH_fsgGDlqwbfhOnfX-I8t7p14-QHnXUsI0Dmx1WYQCIrI3YEqnUTsYUF69ic6-sLpIwp8LiuaOtFW_ZRFHshvAbWwcsN9Ud-dF2OZsWkmOaUqlUGGKkPhv1MJ0CVEDvLhMPr4uXpESgGrcXsLz6jJk9kLod4Ad2VKn859yDd0NNnJJSEEa9cRsd9xTf7fonkmKz0MVZ0AQYGPx45PT-TnW-0Mzeiq22XNhJoXQNMZR31IVfXTYplZ5aeQhu6WP1-7EAVPYmXbjijupCRJLJCVY_l9FyqB5A30XTu57wW-eSeIq_n-kQF8r1Dsd_N376XFQvvjzRmiHvn0txW5Ym0btWyp7yO0qBWne3qDtBLd3dSBQ3F2PIS6X1zl9XCWr7o8UulAqpoCQWRfwaV3gaLaNS931M3SABKq7s9pjjbyV_OR4KY7CrPiM8g9yOGa1zjKIK-0mYOmeRHE-lIRCSA4lhMYvk6k_uodICu51mVASN-9c4xaCqDOQ6Y-lZ9tuK-63gVCHhH0k0sGDaY21awIQsl22lF1ZhGLeB_ovfQCm7qZ4t_SXHSwswVqeHAQwAEFgBBd_dDrsVN3KeXDavDnz5V5LjfdiCQU2x0T4p4fROEgGcvwFhgoLvc2jyfhEZWEBBHr_b1IZIiHzssFtyNt0ShWl-Xso_tkdxfWINhbp5TBbPELy4WmovIlPXWu2SMe88Lsbf8uKdwWrFrMhkGBWrP-mjwgHh_UHpo3C2B35g9EK3PxVfV6t_b1gVlpMe97mbuJ-et-nC4clsNNtIoIkpRClQVIlLytOC8ekw==
Banyuwangi,299449,15,Indonesia,2026-11-08,Sunday,06:15:00,reggel,2026-11-25,Wednesday,10:55:00,napközben,3,2,BWX,https://www.kiwi.com/deep?affilid=mihalymisroriflights&currency=HUF&flightsId=0b7703ab511d00003ea817af_0%7C03ab03e6511d0000c92ece35_0%7C03ab03e6511d0000c92ece35_1%7C03e62684511f000050470d39_0%7C268403e6512e000064696cc2_0%7C03e60b77512f0000ddf96e50_0%7C03e60b77512f0000ddf96e50_1&from=BUD&lang=en&passengers=1&to=BWX&booking_token=HqKo4OOdWYEJRpqdKkdvnDR-ItJqqoHEtCaHnxhxzYE9wPE9--iN2k_zeKya_dNasmEemV8puM5ioaZfbmaJ2E0wi8V17330h9pqZ41hbWEHwcCJRby6ur_h03to0sTYtEkKGrwbZTSqShOLCNMQ7FEuUqGAn-4mrfGbU-pbQs2DP7G72gZKsDVFQdT8fknrDelSM-xbARQpAcRcOuntGRq-d0a0VJXTb6FIctP_f9MTp8zJ1yLRk1O7tGfHWuR2HD-yP8psPOY5zGOX9OUUldFAQHLD8StErEfGQ1TrbM-c236j_9hoGupCa5eBVC4ctPQ8Uu2B7RfN-9E1oTtpqeZAawsP3vvXXZODozh8415WV8el1YwFTJZ0G7mcMD3rChNX2thBPmbDfsBPztI6-m--KGOWldh1OfRPs6Ii8X6QOVHpmsn6OtubllJwK5ITs5RQFrWmOrmoiIy11TyiHVwgOxjcjjBozMYUEs2vWSn5unm9u_pSbBjk-Vy8MZTSfYleM9cipd4h6JJ-LYD8WMhWvaKClzDBlGhlG4HxwezsTPywz9cnSs8MQtDLnGuu8a8PgFSPNcEEI7w6M6ZRS79qVDzPyP-I3Pkmibhwp8C4K-WV8qQhUo5eORHVPgRTTbH_C8TVJQ7rPj5QZFsH1UovrBD-STZOdYsRYduiRbmHeFHWLmcgWg6hx_nQ9NwMFB6aIwnK0_ovc3fPYQs6f3l1iessV4ec4wXsiOsmyrzBgyINb9jVQoabiiXWrz_jQ1eveZ2kpy_n2ponrLZCUf0a0t03mxKnvAzpPLn62_aT8SxS0LpWTK4bJuVl0Xb7aceTjkAHWlItoa1KEiZ7IPRkB6_VHnMFCuiUWdSbTc-N23dKYoLtVL29RbKCti5Dgl2JRcmDZCaD4iMJjz0k2h89RXg1g89j7NkFDdcBX-Tp1h2znJm37BhXehJqCDmXqMqoucUE1Z1aIN8_01eXCHDYhi00-uXPtcASrEfoguaB2hqac1bCa4x6_yOF3BnzsI_4Be-0_qXdtqX09VpbNgcSx2YU4RuqEIjv33_iQd1IjHPO3nH5yB_DfnMWKPhXNJBSxhdXFWfokeOVtPTsW80xGeiRw5A26XghB8Ch88uCSiO0ZwK2YCKTvjkKhlk4c--I99ELGWwpGRdUks4ffnuJeGhgv9_-K-nZ8DllWaET7Bgc6h-y_u8SSHoZhrT31iyzD7cYff5aC_xVCPC6SzI9Y_91h0EvSOI2Kc0ct5wRA4f7-3T4qYJ-KuyM7JmSQuk1eMF5AZ_CCLqV2R8Fs26s4zN6xjJLJzg6p_mN0ipXgdFqsRLxSkdTvYSEdTq139RoGdNLr1mVAplxkFS2oYQzRezQp8Cp0J9cufODuiRzgyoRJo0hXe_W1q699qsSxvEQ5Js9D4D__o1Rcy8BUUXLDlO3ixDXfnJzNj1YwY5aIi4M8xRDGF-EIgOf8F9kEDZElzCRjHkZNtko9m35eUe0F34fHMXpjyC77bVJ3QMt3aMbF9KFGbHmTbs5yjQFI
Samarinda,299544,20,Indonesia,2026-10-14,Wednesday,05:50:00,reggel,2026-11-05,Thursday,17:35:00,este,3,2,AAP,https://www.kiwi.com/deep?affilid=mihalymisroriflights&currency=HUF&flightsId=0b7703ab51040000ca64cef3_0%7C03ab03e6510400005feaa91a_0%7C03ab03e6510400005feaa91a_1%7C03e6115951060000e897b87a_0%7C115903e6511a000067a437dc_0%7C03e60b77511b000050a642fc_0%7C03e60b77511b000050a642fc_1&from=BUD&lang=en&passengers=1&to=AAP&booking_token=HkBt3No78fVprGisH4j3Th6Sf6xfGAHv50Zw5lACRfNKGjAT_lpGZsLuf76qDDgzQ-53lEp5OEs5IFAGFb2Ekp1n96X8RJRtdu2gGipqWLEqTQWnztAHEFO34gBuk_7ZX7UciN8MkcNCYbTvP4UiUALl2tpJPwilmisedFKRofVir08WU16LcTReghTDM8TPaGbCWk_LNv64igkqSOFZ4JbfgSyqBUw4zekuUmreOgj6Vszkd1fz5YQ1mZWg03zF3w-0qchxFsR_o7oCSoxQ6Ivon1JjLQNlFY7dgK98FmXxFw8VN43JRCOO685sqsDQGbSxS0ABSWVTQPuzOeIDoT0tutbPq5ar9A_VS9h1Qc_A9M3m-GnnbNSSUdtfuyMZ_xygjlImOnPQCwo1TpdJ4Tsj3P0ovL2bkYaTX1QgFwVV2Mt7hhJ64OWro_6sum_OMTZ8L7UEkOkZWxDLDkRCgQ4MD3tGyDwok3KSWby9RbClP2mzv3q5R4xm7vG3xKFhIuwKi-5p5lQ5Tb8RIlMCYRtOzuIrVCNpvArJVVtXu6IY6T5Q6k_sLEQZuqe-fmm-T1ZxuP4EZPE3jQ1wzgyVtIzoOUgGJ84vtSneeBNiwdc4kf4CNpYzi-_xrB5MBxmN-weq3EpYCc2ikYWIuAE84IjOrw2BYJTHpAzPnG_sP6LpXJEZM1zuix-5CPDYM1CPWkwn2Dd4Lee20VdG9U3d21SE42WSizYoCxQmTey4yONdArXPDs_nutEmFH4H72fMAfxG0ky_-BJ3Llpy2U0_7bmVPcph9biVggctXSeiKTHhzvCPfd8vBm7NMNLZuu0EnhCEN-VnjoLMi6eYZt_XtJokV6s6JHNwwmM0Kk73daLMnWE5I9nVsaX1_52FzKo3Niqh0szq0GcPZV5rg9xRDnwa7JOCCBGYScM_goVE3_qvwlQBTGXoKmBSaUn1XV2I-FOWCLCqln-XWy7nZpjqzaMHWKsgYZ_Nx-LXj9gydcjAYFkUcvJK_-mFYQY0w27UAjlhauCduQ2leuRj3OJWxH9qNFuNTZOIpUDsYIG1agJ2Q15FLfxvand2wnc90dNcYsyah6b3eSgYC33BrOMMLlTduRrPkdNGpaNkZ-47zqLZ0ScuqMYKvzrRIlRbb62lHuG7nsRsvpScdC563GuQyR_bTcEq8IN3ck4-7zduusx1mA9jr9MES7JoNyZBNNDijRcn3LguK5SX6GvM8cNrahkp4nm2JWZfIA5r9xJZm7y5vXsp0Wu2_Y2F3Q0Hh133yIOtz1jii9E0gEbZjvMvFAoPfLlnWmXbkiANPrHmTuh1D-FoPoOCykcC7mncD9MzHC9dBnZ5WUA_LpfCM3yMvyPc71PHX1SJvtMmcV4jq8o_3DswyiD_mSiVwksFswyHmdxBbDVC-MTxemsuNppkuSzJ3Zzlpxf86SeLeK1wdgS27lcv1aOX6dZ3tcXxeNKF9kkdtUn_FsCcMHXUPo2fypdCs7XOTbd5fk74mRbsuVlcsnrfOkNOgaD9y_C3sZKfl
Banyuwangi,299555,16,Indonesia,2026-11-08,Sunday,06:15:00,reggel,2026-11-26,Thursday,10:55:00,napközben,3,2,BWX,https://www.kiwi.com/deep?affilid=mihalymisroriflights&currency=HUF&flightsId=0b7703ab511d00003ea817af_0%7C03ab03e6511d0000c92ece35_0%7C03ab03e6511d0000c92ece35_1%7C03e62684511f000050470d39_0%7C268403e6512f00005a43ba2e_0%7C03e60b77513000002aca7c40_0%7C03e60b77513000002aca7c40_1&from=BUD&lang=en&passengers=1&to=BWX&booking_token=H_qLJycuVABI_Hhtgy1nZJWne5M17_GrL53H1EvNUO4cNJa6ScsjbVq1HwCvqrzW36VcOeKL1XsKbhBl7R500UrnDvPlTtCTXu8HcITzp25ei4U4Vw6_YvC9SAiC64inhkd4BFmBYE2rRSGYfrxaox20C30-E315UMkUFfsY0ENFSUbbMrptnHfSsYb94PQ6Pvb35vHKspnrX7McZjhF1RMiA6AwYBBf4r7N1TSTDp3EDf_YL0zzbwdx0MK2-owuAYRSWa0C2Fb-vfJiNmmkP3Nk--An31zPo0PSEnAPVkj5K9gEvyOMyFOdeU790QA1exS1kwIy7sH-F6drk0jqSZoix1pH3fIj-tFBihX7IJNSM2r-JhK_JBuU5w8wJPl0_8atSRYDWMl5F2omlPXN0PXIsuvZTt_OiVIf0GPAh09igvnZsp75hvP_IZ6m4C6VaPK0sw6awrKhfxhLGTy0LrAhtAv0NPJHPVo1prVCzOF6R0dSgHR-P6VsSKz4AT5f18DkEgJr6id-cYZyEO21fbP6ZlD9bTwEsPigRZvYOpme9r2ga5WDkf9ATgVlNykLUJ_cfHcsnaKqVeb_UGfPhLCy2yiFBR-ITiqFxgoAxuGi-gAeitHdp3p2XL4qIger8kfm-GllZh1aSbW20_WdIdg6ac9Z9IY_dblua5iQsWCSdC1HLm75OLeR9gJ6-0ioj_z_W6K0o6d7ODrwJfMt-fyRlz8lqHDfUf0LkSPtPxldaaGW8b0di38nFbiAkbNwF14by_YgcBohJrzxKwC0mDyM-1N5CAgjJSihhG5bowel0NMFKC-0oioiuVn7nc27L62ZwbDQX_TIyscb-UWvL1YCiUpzm2rgpJUVJIUedICQNzpqNOhGAfU-if3c3V1FJPJ0ADV9g1hu8gIpsKfQq14DTwfEm7GuHmwxt0ivmvHG2ro6lA0FJ-VE_bEpZ--jCqvnl_7LT2ghB4gCKpQVAvhCDHyvy54DvJKSIsS5WFV5K241uAfrLbaGHApBJJCn7yEg5EU32Epygk9ykz5i31_0gD08R4MFy37_3iQsfUDdFRKIy9DGcvRwA3hx56G-n8C0Pz2_L-lC7vBzOnq6Bzh21HdQaE6LzkfWn5f6Lt6jcnjmNOX9S9Z06xTYeOfkHMEOPB93xe8pS9YxME7fDm1n2pyZGvYf83SJYoQq1FNrP9t_TYHUXNMOhC5-GIVr2hZYsr9BaqyxRtrpY03o7YgkzmFn9MRp37EL1ZpQ9gTKhsn84e0uOcJWvTauUA4xzzJ3T2SIl6_Iis6wVJG4EB-IVqhWQKno7EJa4wF3cyjaKKPxG7fQtU-lrnOVDlpCTWbEHWvHYLm4XfFQQOoMiY6oGtymbDGoXmA0O5hgxIzDswoj7JkKMx2upOqFeZhywRmyLvT08UOLiedg2FonXiL5-eYPj1DSCW3YEd7erDqPdVAnPcULQYHyRco2r6uGb9S5hFrPCItJQLHD6xjW5j-FF53yRC71FbDS-C8tihPc=
Palu,300791,20,Indonesia,2026-10-14,Wednesday,05:50:00,reggel,2026-11-05,Thursday,13:00:00,napközben,3,2,PLW,https://www.kiwi.com/deep?affilid=mihalymisroriflights&currency=HUF&flightsId=0b7703ab51040000ca64cef3_0%7C03ab03e6510400005feaa91a_0%7C03ab03e6510400005feaa91a_1%7C03e625c15106000060597a77_0%7C25c103e6511a0000a32a3fc0_0%7C03e60b77511b000050a642fc_0%7C03e60b77511b000050a642fc_1&from=BUD&lang=en&passengers=1&to=PLW&booking_token=HSRjk_eDTjM-tSnkcqYxyMLK2i50zNuRv-ebXlZrZEoPykFCnJ4SD6LnA2TQFoM-x3VlpxY5owMoEv7owCA3L3aRIPmSNZZfhLaZLtNPKY6h-rC9pOU-tAfAEy2Bk8RJk6eoNMI1VTD5vOJtZIgjlcxwaE3wzMq6OU3Wk3jAiHL5CuczGrGzcBliR7-wGMDg7WjSOgDUL7tfqWqAQ6dN0o9jbXCl7OGauJtmLwDL8YlJBDftDmKUgGw0pGBM0mFJBgTziJnNMMLTZXkGs6n8OEwbmgwevgcbviyMdITl7mye9TN4dDOxsjSA9B5EJoJws_NyNMAkfuDXy-MMiOJP3n-2-iCRDUTeeAQWvA8Fcb5dVMZRUnxhrmGiMNwo2axKIQclLTR4zxlW83m2_geivo51p2L0iBd8t2o6uXZevmE2V0tX-XUtc7xkEVWV1Fb5IZvVfPfYUH0YLZIuagJLXyi7phCdRle9DCXiLJN0DsnNXtdgZbxnNf-qdqFUicLV95-o2NUgfNYlC70QMvC1LGO5cSUQD7h5q4zPeMfScOpIpx6GBPUJCMn68QLXu2zLvDP0FW6-eWHTuJlPaW4MAIhvXo6Huic6P2zTRzQEksEaWNa30HgDKRnJi5Yh9VXbi29uIK6EaVa_QrAyeCTVhgh4YeBhRcUXFsj6nHFSp_w7YHUKYC9vQtQc2s5v83rmHaWeRAxOc_hBuy7YW2tjoBptfSsvyXMF1TtCGuykN3_mLqH3nvB_odhvPXXDwZCUVhJxIXM3Y_fRtmSDUhECqPfh62fVl4QlJotvmGN4F2Tls_qYTPC2CzsEj9steND4FstMJ7adB9ddGBuu9XAEaD6SjuemeEGB1ODMKKrqcbIDv8A1lNPSN2h-wWJ8Bvb2sIfeIuui39T5UpV2jpxERSys9M6EsIl-xxvbbZlwXha8CuFHhqlSv2Hv-VoiKIE6YB2yxGaSTqEkT9HONyaZ1PVZWBAYfnKcZxFEFykkyQxiVikRlzJT8H4HddgoTxiFV-vjn7vRsL2gl8-u3MIcWCeJ9y5vG0fAd0ggcarDIdmLanNxQvv_YXmAl-I-Wer1UTWUeUI6nOA1j7Bkiu1__Z7g00qalaWEgTJiC8otFcY5xqIAXkV9H6NFffIrGsNU4deoYW9PWhote8AXT0i-Q7pMdz2akchpw7hNmeW4KuJj9Cy7x4i8kQulr7wOqy8MghTK1xUuAr6DGjQSvj7u9_iOi1toWKQ8M80ir3DPbfJU69JyGS8x_0pgLeS0H1CQNFhdhdltqwW-9xAjQvhCSmdI6FckDBLMjLoiI6yNAmxiiEvHRJFUXEMFyrowSeY_9kdrp1G75yJGZg1Mij5wC1iB_julJSimsEAXtQ_hFsk5eXiH3x2OvVpKfxFCbb6gOR0OymGJEBSLJdP7Bfi6gJ4QDb5DCQsTebZd-wiwl27fMhlWalrLRn7GMjjuS7Svzb5gdU1kTHSOkAZgWmikVlulXsNygNYmm0x2IENPV8ASdnkrsNYmqyWpeRvlP2MnSq8ZNz4Gh2uGAAv7DIMcwuw==
Kendari,301183,20,Indonesia,2026-10-14,Wednesday,05:50:00,reggel,2026-11-05,Thursday,08:00:00,reggel,3,2,KDI,https://www.kiwi.com/deep?affilid=mihalymisroriflights&currency=HUF&flightsId=0b7703ab51040000ca64cef3_0%7C03ab03e6510400005feaa91a_0%7C03ab03e6510400005feaa91a_1%7C03e619fd5106000051f09042_0%7C19fd03e6511a0000e59d4e5a_0%7C03e60b77511b000050a642fc_0%7C03e60b77511b000050a642fc_1&from=BUD&lang=en&passengers=1&to=KDI&booking_token=Hpim6GqHfxNKs_EZ31BrRUiS4hlNWjHegNJMpnVonBT4hjYTnDqOakpprDwFf5_nXLe0Qf7OnUsEkIddGFTFAj0zmbYscHzZhv3jlrgiXBWpKvi6tcoiqfQQZ4V3dzd_OD5FAOzH49SGqM-lP--Gfo7Xsy-6z-8FaFlcPgtzegLS689UvRvPAy0DWvPAn-6RkJG3H99Pk0sPlSDT5-hXqgcHlbT6M821e9aIcEGuWq05HaTVtZipLj0n1mSEy_ZBfUhxWdroUcktVFVXgeRc0uqTf5CcSjPsJNzNNTfstkzrnIRBtQgtPor-wjoXRcDFFsrmzW2RSk_0BhE6Ewi4uvcPz_tGQK4_cjbCjM1d26umZ8HBxap1eU7_uc-TKtmi1MKaSdDgxv6SwNAcGnyb61hkUVzOhbdveawI7DOLnvqLMiAZIsJLT5OpV3a47y8Zr9IOOXN9jGK-6febPDEY-gnqJThSxx-LpWl8uh_yjO-Zsfo80iy8rvqfKNF7iIY_zdHGQlYrcg2KPDPi0jnVPdy0onIcBfMmkFRIZy1rBQWMpe9-alnyrKVdNudLa8xfsgmy3k95jkvFYTtV-kOGYQT17l6Oi-ixjXcYbN5BO97Ig18eSyY46MwmkqXNhqgf7859Zen4WnEylw2wu2hQhGP67DBidJJ4WbzU4TQxw2SstdzHniD9BlRsAJgVozQ8crns56mx1wMt9bGXDjLHmlaognM9ojnYo0-zWsHUgB-EgzRzuo-ZBsnz78EJuuFnF-WXxG0YyT8ynqFB9Och9RPtTPOboqMLs44uI06MFJPq248LP4SOiPS3A9s7sRB38gjM7zWJLA80Z3Q2rifr_xT_ved3Ns9JEygyjeQnp_oYzTUr-fGluN38jf15KQKmrwI4XnZ4VNqx5xdkMByWYDJ8nnM_oC8N0Q9eOQQJKbhY4asXb22_JuE59JOGCrnB6L1n2n8QLgSD_TYkNIeUJZgNdwdj5rbH6F8Z614olzAnTLqZ0H7PsXvOVuvRqJnEKhErA1IIFay9IvaB0YfgVMzxBFZ9W2mytquOVoeWPcIuT9aqji_Fe-HlA4j1jgC4_YEm4yBbHrvejHeR2JdnQwyWIVTR7XgYIJLhncC_9alXRD5rL-_EftWSso5aILXBreBeB7FTb80ocahlerfCIhK1XMKrqu8pLtLdvdHiOjAmadvNtcV8Wl5V_ZlrwEZrAP23KV76VJVie2s9FFDj0dzChekbGLOAJyBO81wOnpoXLzBxyHBQ5I3v6MOVK2jQwFoFPVjDNW6F3GNeHL6BifLAQrQsOqxiTlK3TZMut0hiJVN1Rg6py-7ZAYjTAEQYuvM3ylRNqeU7TNlwxUU6eKiihM9Qa8PZhnczY1k9M8Kotg5ncULVPWjgesjwxzoIB1bujWVJepUzULUtGH4b7NqZXCHG7-zZCtDBTfA8mDJKHMW1Sx0Nr7OKcPE9B1s3GtAzz00TQQRx-vmM5yOsTfLVdS2rPH2dc0MMAkV8JawteFR5ylmcLrXPfBD1cdkwLL6PAUq2t5gOrSVRrJMktblL9pB5fnkSV33FSl90tykOzmkRarG6td-xmLm3hwHVjmh0OOnkEECnPYfcdRDxvFw==
Kendari,301310,20,Indonesia,2026-10-14,Wednesday,05:50:00,reggel,2026-11-05,Thursday,08:00:00,reggel,3,2,KDI,https://www.kiwi.com/deep?affilid=mihalymisroriflights&currency=HUF&flightsId=0b7703ab51040000ca64cef3_0%7C03ab03e6510400005feaa91a_0%7C03ab03e6510400005feaa91a_1%7C03e619fd51060000081d5936_0%7C19fd03e6511a0000e59d4e5a_0%7C03e60b77511b000050a642fc_0%7C03e60b77511b000050a642fc_1&from=BUD&lang=en&passengers=1&to=KDI&booking_token=HGE52OT0F9Sy2Mwf84Du8jzkg4G0kTxTesMOUT3SNZmiS0_9iqmnBeq3iZJxUsEj3enM8gA0jvZdjgamNfWqw9UVYdqqnGAiE0j7nA3knEpZQq7O6rVg6-xKixSS2stb2Ikxm8_O093r6RaKzn_sleoalganxudXSFWJWXQSSBdEx8d-TM_XJNMwFF45wTuaPbIvuE4lsnOzXOs2LSBT7DOts1n1fwzoUul9_2joIDlH1FirivYmC5JOuhiisT72STcXWMUl7l7_m2dqRDZJZTx3DEu5jEVaA-dPxfkMUzorTnI5N-7zzdm8KpgeGTYUmnUwtsFYUdEySooNTLFBehnmsisxAxqTcSAPqpkOpkSMey5VKIT-lMfnjQ_zpv1UzLb7u3cftSmwAEjf-bI4d8NSjKsekVndWr89RiMKLGWxor6igxKafol0RX0F2wYxkpkEqQEHdZljZmUo5URuHIAsTvoKn6BW26S78yIP-8MYR3CXtI4R7xjUTNAKApQEHYupRkeAQ0T35774Tt6FrpGblG6hweRx9wOJo-0SGxnZhDToIRU-cdgNL4BtlwWbNIhV2IaOuTJqB0bbI1fOcecUQ9gmeCOmh54PwDIS4GKnHEgD6pfZXjUT-fXIf6ji0rUSO0YdKSxNbv6shhD-AlJPCiNa6zDJC5sgugJ2agFRiRlW6sJtC0sr5U4QKDNt9ELuddl6xP4_9dfdC_XadIaKVl2W8IdWCeLsjEGwLYhboHg7HGvACfENuuCeviP-5Ba8RkiVtqxLtqOruiEa9I9MbTUTiM_RAPJDN__StptekyrBDGIQfyZC9elmxQl268VVErW7njzScqoTpThhvrqEgxO7BAYmQ_qiAdcb5qmCctPZBnbaDMgOh9qo7--ZkcvwDRiVRZNqnNv75kSOBq_h-MMslYjwG2dhVpiWMfvSb4kLMkmdrEaTDIjT5y4W_f1pJpKA900Mqzl20o1cZFKrccm7G2xyDk6IaLQAYmyBW5VqwnS1iRiWJp_66b4-zRn0dLjKB5s7pHtZokn9cq_DnSSxJcY4UyAHkYP4sUeXXU5JhOQsQkMS6bZKUBW3w9AUcQuKtXoiFEiSyYX-oX4J5csbJQMkPNaroR-MaiXjAB6mM981CrWxDom_-joqZYPeGK1YS2TbBbMxS9uFlaySCF0p7bN3vAEvSbop4ha29xOG1dD1LFbP1PYeLghgWbj85gZlkFt0QTGHFd4SQJ2cwO_2wQUtOYi3lnPd9yWmRUgOAkoy0rWBcKosjTJPeiFjQhJobcCqGyDpJ9YH9ygfmaYCyczDi-yztDmwy5CeV_rr5CnC0mgCfptIkmeKYdGP9cX38Qz3nYaaCVGIGiiRW65m1PY9lA2rTXM88dC8PQWVgzOKk37-pdo92l39e9nNJZWCfu0POU8WdT7KDmWnKGq9SlJH_xRsQVR68CPTMLN5PvlwinslkeuK1uGYumsLvmmrBcMKpDbGig-MLkKNbGQ_wqL0bwgXUN6oCtDLJPPAPrxAvJazerqW2tCeNwButbk591-U6IvRUPUWgYoQ4F3pp4v7AIGWWNvYSymflHJI8j2z7w9tPBkop3ZI1
Palu,301910,20,Indonesia,2026-10-14,Wednesday,05:50:00,reggel,2026-11-05,Thursday,13:00:00,napközben,3,2,PLW,https://www.kiwi.com/deep?affilid=mihalymisroriflights&currency=HUF&flightsId=0b7703ab51040000ca64cef3_0%7C03ab03e6510400005feaa91a_0%7C03ab03e6510400005feaa91a_1%7C03e625c15106000074167f26_0%7C25c103e6511a0000a32a3fc0_0%7C03e60b77511b000050a642fc_0%7C03e60b77511b000050a642fc_1&from=BUD&lang=en&passengers=1&to=PLW&booking_token=HR0orUtwOn72hBdxkXeMM6Bvnna91hsm1DzuaOd6n6C_thioCggA9BKFKeCCsjF4moDIe1WqhP06Zi4P0oaaHlgeUXaM9fJnf7UaEGXY7IW0krJ0dd6GG327qe0Ntz42O1Xf5G_1qkx3mfOyGk3d36gAS5QrupRIxiCiGIps7b9XydFx11HePVO_qFQyym1SqtvkCMAd80q1oFBugb7TDBavVoGF5bTfs0njYh2FaNcNEDsXPYEYUau5IMBjF3AfmUUYn0F19OVS1reo-PDw_R760xzVSn53fKMqO8wNwuRe9LB2teevt-2KIVYHddggKWYYL_6FvVVDDENwsV-eo7DJ9HUnaymS89ricSpsrBDA7AOFykdwUaFRdkFCNjUoM2-E5WN3_ASaBmvR73Lcdhf5BJ44Mh3ohNQ7kGeGuJRQvAjzNY7hF0Rmy7roIfSaN3FfbR03TaGsbxMPBMimjUjAABASKbuYbT0fsjkhVYPM5KCXAqYjrnM2C_faykzhOUZwp7n4cmPWe-olBKnlk29-7rvzabDb1zMPFhXsvSYqD5Bt_n65dOwXAFQ1fmczvkttiMCFKddGqFQ_SHdJVwW5tSyO9OXiJdZ_b9Lo9PD-pMH7o_FC2nP5sVUxRN8_nGVfzkYhjISlW9D_c9eXNf9X86qpcAPEDK9q70Nb9sA-DKYyFl69ab4PGxuCzE96DhjH2AplGbz8uEUbK2q8199HSmWx-uLlc8uliw5qGdyOk1F4739Lhoe67Imh2oRZMv2m6ieT8Y4VIecrnK1Ubl3Y9081Yi1VOOsmaF2IXqmZUxvNz_776zQVcpRhoCn79v7k2SssjuOygagFRSP0uM6CeVErTz5LDD5-_LHco_Ot8yCB727zJnbZPWx1dU1yhl6b9GH9JKxUNLtVC2J3KbZJlxae9c1Z7-E-n7m6qMB5YrenQrJyU4CHOfl95UVoLV-JGCA9RroWSJQa9kdKMk4tP2N9U2XbWCoAhCRSfmm-kBAMxwLI6gDPJZ-RXqyeWQ2rHNgERTOK3Lcn9bMjYcBFhdXzHAKgJbwd4CNZcpZamIF6SbyGcj0JadC7dssUYHV7jPreh7l5tqbEME3WVPt-bN1Up95j_Zv6XTunZx4GlUksUL1cYq8ZhgCdmL1pxsrl0SMtfjedECppO2ZgOyMovu9epG041rw4qAphE-6ZHiH7kmq1Y9nfykIDGbKJBggNx2u0johO0M-G7qlGdDFY7TKWVpNrTyaTxev5rgNPQBbFwbUB-dm6fEbJdWsUYU0iAnUbeD5RuL_zMXEOVlZha5DThVXgeNnk3-RpXsNBMQGqmkfRnUW_MMhGdQWOFlQNGEAloLfBXZibOq-RvXzoVuqT9RF2_G5tkOXgljZZSSX8VHotay1L_8DHMThTxjowVj6YTNNRnUnXWU0Y2m_4oVvK4Gt1vN9SiFFrPikZOYPyEMoRVAVI81umqf-MrFjcYVISGFdy17n_CDhsZJ4vJF_pMdrpTONrzHYOAGXcoc0zoFUN6CM_ykmFd-gmU3yhgxb8JxXvR4gim38uDdg==
Tambolaka,302757,19,Indonesia,2026-11-22,Sunday,11:30:00,napközben,2026-12-13,Sunday,16:40:00,napközben,2,2,TMC,https://www.kiwi.com/deep?affilid=mihalymisroriflights&currency=HUF&flightsId=0b77009f512b000053014336_0%7C0b77009f512b000053014336_1%7C009f1349512d000012e9a1c6_0%7C1349009f514000006148da8e_0%7C009f0b7751410000a07dc81b_0%7C009f0b7751410000a07dc81b_1&from=BUD&lang=en&passengers=1&to=TMC&booking_token=HSM_6cOZsOBhnqmWTFHI6RhbYuxXS6wGtaOh-Fp5jzOylj-DBH_nXeT-W-abkSvFX1EZq1SIwgR03zs2U-gF6zCCWBhajHqir771HED_xbvFhLI_UrCSRi5WoBV4tHaqWcuj5ATg1Jn8yO7OZNmQIFQG_YCYWF0ATPIHoKxzOpDl7gsrimOBummHmcpiC02Fhj4A3Qg0WpFwV3iZkWzFIrwpDehOwl_xxOpRSx3PKC_aesZ2VPlLyY3v2HsvfUZ5Y4r5UdFSd2jZMaGrQQTc4eJ-YFSXoruY5-F-p5X_oEmqqZ9WwtGSQHVO1JyO08-VSCbU9B-YqBs7ESEjAQB3W8_uKdaHw_ZW61PQmSRu-4dDtGZyRPYh9gRlVd7Bo5e8r3eb-yFcLjL3hYJ7Vt_BiRrq51FdXMOsGBcj0pVKneIWhaEPROSB9TR6zx_hBOoZMfdwO6fzKV7dr7T12UUXZq4WO3uJ0RIeTl8FfuEcfKI75Unhr9opaiBVS9RhMvgmivViNCvxdQ_F-ncoqo1vkiTpCt0L9qjY9DS1gH7UICxvzzBRda9s5Ehv5efZqNUxQE6h1-FPTT-cxw9Rg-uV6hlntwMSwaON4f5XF2wskD-0vJ6g08081LbZ0OFS4h3OuDDES-jr6QGu4dBJNojUtYkQhPb9qIawQAaxoXduDSRrY9s3zTh5SokbltDd5Qa91pDFQIynlDYHDsAyfQS_Ebd7ajwHr9O1OKUwYT6XAca9mkOdVXrpwaUhvJU06coyAd25CrWBuKo6jBQl6Cg8ONSP9iJNUZ12-fB9qWqZ1pvo_ErkO9rvrpghoQpDlQm4wRHZvpU-1RzhCgafJUbqnb45K2-RA6O_831yjq2B9f-jWqIj3IRns7JxPiX70JCPdpIctG1Le5Ljl0T1Ofe9m01_Y3-8-Zs9CnqoK_ug29TjKntsnPBJtMO7sH_Tyv1KeszUqcUJLuArT-e3Awr_ime9voXHgVwG2bI8QA5--n3tyVMPMcYeWFtmDQ_nlinddBOgqaUmHy_C3gxEOhyPTEzi8d1_K2s2ECcVS66uO8snTlpe_UFH-MwuXU8DhPsf9m0840Cq7no2ZMXV5EdzHWjyL8ibtEN0FmYFaHcll0gioqDMALaUxI5KlcNjjv61NrZ35WznZRFuaV1l3mExtDc-jJsMc0LeczH66dlqdSst090CjiUzqYyjOa6rA1rhCgrhlkBe9wVixVGeV-E3_gnIDaRCHcsVkgxwLcLQzlNaOQSoWkU9X2eF5vdF2cMxksr7drP49N8EsZuB39IUsIVOIyvQJ7OaWwXsswjMV-8QBBOtSmJ46_07dkXJMV3L27H5ne7rhnEOxl7wNYybFDzAlb18V7csWORpj5IV0VyxUWe7AUFpnYcxXPHL0NRcNmtV9J61LMQGtr3O-6jTW5LjD55YGEhmHvHaq1ZRex3EdMnqjBrhH5uPndMDXkW_cBm2eLDG0PrdHFgAbUZ0KQQ==
Tambolaka,302777,25,Indonesia,2026-11-16,Monday,11:30:00,napközben,2026-12-13,Sunday,16:40:00,napközben,2,2,TMC,https://www.kiwi.com/deep?affilid=mihalymisroriflights&currency=HUF&flightsId=0b77009f51250000ab268aa5_0%7C0b77009f51250000ab268aa5_1%7C009f13495127000092886772_0%7C1349009f514000006148da8e_0%7C009f0b7751410000a07dc81b_0%7C009f0b7751410000a07dc81b_1&from=BUD&lang=en&passengers=1&to=TMC&booking_token=HyOJmaSzXhFlciRypaOkru6TcBPqZiOJr18B24otpOvKj1vqW5m3Dz7RW3-d-OQgJe3wKa79MSK6OqR6XND6xmoRjE--EN2lq7AhK7v4FVfJol4NFhGrQ3sxvEKzmje6pxEF2x5FKb-sXhx2Ag4k4zKGTDeNCrdTOs_vnXwXNy3yNJmb1dg_kDCh4JBwA9VT-5So_L6fPFHsq6bR1WOu502zHEf95ydRY66ndUILSKSu32ckDIpF8m5v8JqnfjVDp_yP7SBdorGBrFRsDCtK62vmt8PjynlDe4ykArZ-dk7NP_BXCY8TJCqPMjt_WMs42nez1cgoED4rQkiRSrGTxY_Arkv9F3J3lK8heCXFX1HGR_lE48M6M-ePwfSaN2grzE4Z2arGsKBQA_NXIVzicnwFXY-iughpLh7OVAS3bnohCpb6wxAGulvOFFzBfZQ2GVtAXhK-Wz2WOuZ8nj_7q_y8gL0MVIPWUxqTKGbPLObW6irzJzJPbVk8kz5P1gsX6jObwut8bHIKJil36V3ar-vP2qyc7KHI5ISmttJUQFydu6d5fG9UoqANSh2I3wdh4CQMaexlP0HX0d4rtfwcpDBCaqojoezhH_jw4WbLJb8V5wLUyM7NctNb-yqQXoE-xVJtLTLJ4o_g11IiOX0fig-sxeo_XPkWQbpTqmcjAZNha36dqeelk_InwMFvEJxxXp_oFnJRLIMZnjTrJpRqHLikGSoI2Ts2vYOaU3KiEmwGdf9xiMMkV4T1xDFK8wUgIa6V0zAoKAjfTG7Z6DPIbFtZAkGdtDb2y5qnjm3Y0c22BU6ICTm1e-3Ff7ReyNnCqkMdqsX4991x3KtC71xNN5zQ8EGCS_nnIOipMubH9lRNL_y3TnUDbAVcAKbJgXlyNz_azuX3CAG1KrE3oPEnhwJHgD0id57soPY6yxOerNsJbSpn2GbG0RixuuRv9Te0jL3ck7jq_L54wkqYnVqNFqwT6dfdFiLOQT2QhmwYIkEB4J04Z0cIGX9rAPtEtHG0XsipbTduGgmQN-IriVn83OesY8aloT3M1PNBQZsl5zsM8Lg95E9D7kOO7IY4p2tnqnCPj1oo9DhGAg3EY7oJ8Pzg4PAoVspNeOu83b2d7fdUbZ95hWaGQsXxkfDlwPZX-nCUci0MCXIIj3G6L_FFVw-U9_5qP4Gdg1P1njQakZAsvAPr92vFxnMa7rUmfLR72igrXySpvA-A6MPXTjSFrEoBAUgGStxrbPQD68mTBPBOLt6aSi787-UDvG_dt09vXlETADguU2UsgkifuQ3dsCGkNRBOYMv911xKmf4xFxuypnADar04h5WbQLVDwvM1Wo5OLKbAn3x2SJ_LNURJGxjX4tLBRgrf__DIuNBwTs2TpCjM2saJaEkzUoGUE81KQj32BGUqhRtR-wiFUgOPLTZxMmTgyie_ba446_jKDtxU_2tEqGLcnZdWmlc3pWcnm
Tambolaka,302777,17,Indonesia,2026-11-24,Tuesday,11:30:00,napközben,2026-12-13,Sunday,16:40:00,napközben,2,2,TMC,https://www.kiwi.com/deep?affilid=mihalymisroriflights&currency=HUF&flightsId=0b77009f512d0000997ba5ce_0%7C0b77009f512d0000997ba5ce_1%7C009f1349512f000024bc77e6_0%7C1349009f514000006148da8e_0%7C009f0b7751410000a07dc81b_0%7C009f0b7751410000a07dc81b_1&from=BUD&lang=en&passengers=1&to=TMC&booking_token=HsdSTABg1rvs-L1eCsUIR6RT0ljMIaGfS-TjQOYe0clYfIHAtF97Ko7cfkWBqzB31LoiChqRT2TnOPDhJ5TP7dU8YEc7ScLw6KV7zU9Gkk0s2TIavKW7H1ohbnvRjAmKxB1S7bViPESJS6VkeICCH2DwhSG11dWzy6E1lS16-CpeCSEMLxife18vGxrUF_p-_qg0owjb4yeJEB1b6ya4wMYf-6RVS6etAxessR63aih0FSXTunoRfC0tEK5ZW5BaA7VusEFS6krh5rncgYLdyD441XeLc_tGTB_G4WaI0ihtfliTyLfui5OfnCAK1KOL9b3-b-aDFnY4Kfsn_2_YEwXc83WVJzckR1DoIrKBmUHgK6H9kdAAwVGyqb-0HARZ0z1RIZ7Sdse9gJJWW-HZJqqXHFIauHiON1N24nCW02QhBmGL4efF4ijFW_9y1i-w4R3XaSG7fis8IJqbbi7JIewsFpAtTtfUVyZe4lecjZdjzY7RIqDNMCe503xRUSNYERRNlDnXlKE9YAhbn5IJlk4JnQYV5TlEKv7OM0t0ebfEfQetep1iBY_e7_BQYMzQSI2XbfZ-zkB_JFsSxV2u4FIL4EGabzoJ6pVlcD4l3XMtgEV2CIcu0y4Y-QUa2As3kBN_zD2j3GAI_lAWK_xbGGD8OHJ7WBorGpr6gOClMi5j5UF24gw8pnpPD0gB5Fj3d-tNig2x1-lNUKbgKRGdL0zkqvTvI5sZQ-b5SvMjw7Iig8vjz19ft_BYZEeJa_4SxDWXcwNaDWT69C99TuFt0_TanSEJoeWNaa-878FHolJosv1ZtKRsIrxeocRjy5n9hrEAEvLgbOlanOShr_NLuUuy_YrzJbVgbN42gEea8-GfZN3lbj-AWxNJcLgQoTV__wcVzo8Ni0rc8wnXcvPx62zGxubypQFdxNMa9U3QYiL9ISoXCPMb6Y3QN9ZtzGxO_j1e7yRaLal6Srsm-7iNYr5zO-K1zsUn3SrN8_VCHDcF46aub6AhG9DyGePkas8yXk2rx56AAgqbU4g12_jP7_OsH2WsxyB52oWflS4a5eFMI4yg2zUF8mQ8SOkFSups3uOcq6y7z0oCv9ZHGVNGc7xxnyI9jgxrnhZsR3VgpmHxMJMcZ4NtS_HMEpDmcKFCoyi2GHQVzyvp0Pl4lcds457upRNdfe3Wzma9atMoO_ggLNdZ0CllD8xj4rYcWNu-y58KeqKWqXeEVDM46Dia3RBz3LDs3y42EzOZ_6i2HD3di10TKIgO8tqk6j37zw_oSI0CN9Q1SnRZyFt85A4whloGrmI8170EqQ776c8n8m_dgTPwYM6bQuiw9mWOmkX720fCd0NqG6hZextR5R-X2z-ogm1MaiAIqdxblAFuLvFnKNzJnvkcn-rK15cpXxyafHK9_2zCmhLCV1daqNXZz_z2sCrBl5gBcltcS2ISjFHv3JDdCPYkkG4vy-rwQ283jVxw6OlpKVxpmMuUWaFYfdw==
Waingapu,304693,20,Indonesia,2026-11-09,Monday,06:15:00,reggel,2026-12-01,Tuesday,15:00:00,napközben,3,2,WGP,https://www.kiwi.com/deep?affilid=mihalymisroriflights&currency=HUF&flightsId=0b7703ab511e0000c942fca7_0%7C03ab009f511e00003c083e9e_0%7C03ab009f511e00003c083e9e_1%7C009f1f9d51200000973e65d2_0%7C1f9d009f513400004a082e8f_0%7C009f0b7751350000f5269409_0%7C009f0b7751350000f5269409_1&from=BUD&lang=en&passengers=1&to=WGP&booking_token=HndpjLKpwAcFYQPJaxCaqK2Eb05dtkHKRUe3llpWjB3VJCKtS8VPEvU5c-_Kp3fHkAzzJ7C-Ox4VedsuxMiHRDbkIRSgt9bH5ccgcTS3WF7aLDL7YZH_2wAenhLkVm5rZJsrkwRgituGmGRn5yrWp78SbSjdOYNpAjzylCVpZKHbLn0Dt1GkAVbEQ999OiHg1DuGHASn20BOZOdp-pjEL143EdHkly94JJ1Z4B5IKv6yN7QAw018YqLTLX9hA-zkFKwfjGBOJoRty23TOAq2EW78JMg-cQqEhfO_FwTOURP11s73sl-mD0xtgY-1E43K_DBpzTaOcdhtRNKduqO--Oez7_3hT6JiB4q8FmQ3JmdAco_ufbSOqxq8NpgMNqK3O1GarZlc2FJkeHRBv8k4eR4hh7dHKMu786-MPlzmWbFAofa59Vt9TTGmgu4QSKatJoOzHwq9Bn-k0Ut73cpnSfIgCdCkt9XZruPMUR6e8drXFZhGAnlEvVAQqJEZ6dhspdMQBvxYFC2NJbhmctr96jJVBhGBTUf0ss_o4XbFzheX4NIWKxV8aYCik646sWeCUAweWVAgYWX6Uys8n64qqGZoBhCApU3h-kH-FfgORI0e8enLSnBtBrHMwdoh59sA7OZio9cMSFPeFYlJXCoQ1qfpnStxMb44vsOWUxuXPg-eTKRSxcAMxEtZNgg2Io6JQU2RAlwb9fo27mvgvr1I-wSnN4dxZ35_-EN-7Drlwe0YhxS7mR9G8KkV2nwyhMOm5_GgjtmcoutI69dgPn_LuTSn7o2UxfNKdr5Excd2l_9BW7hSM75S11E6IwNkLomRfaA61q_j75jub4HFAFZkLrthwQPypNBv9KB_txF-NAUsBK7gZamb9dHSfa-mNd3vWzLYwY5PbnRHhEViOtz1Y9EMPkOA-MrgeAU_tmqbnl9bBVbSDBKFf5vY5z1gzLhdTYI0fhDBElk7Yzi2-XpeCAfloPughlgZkzrivCeR2T4BKMAtsEEzjZ72u2KnKFDyt_AFwrXNxE4s8YoXUpeoFtRP7zSODmj1PLx8tWSrIPQtOTXRQbYHWL_4DfA6uPc7HhP30-IFBxdUmgHUtChPkY5Imh5ydpgaSvrX_p-KAgYGTYB6Ixr_RMkpQz_OnGDc0R2sEyiqcImXoWzoAS5w-k5zqsUH7aLSGFmo9Acn9UIm0Cs9KEsi3MFewv7oWEdnZ2IFax32w20dfi29UHkxyvdCevQwvl0hSmYnz7e62U7SgYERWn3DL7iyqnU3txXRGDG0HN7c5RFCxziXdXh1VyMjGnR_pijpHb6Exs0ee43IwBqR4TLARO6ycpTyUr3VR2U5oGW9q-_1kkMNlqZ9iJs9y0EDmaUvyePUg1s2_6KxU7VvSqKsrBe3uXFjXpgu_2zxy92dSte_t50AkAJSh1TC4pupN9GBgO1hAIeapjSkwLltrKGfEDobQqZ4CNyewSbXEk4NBms1Jd-sHw3yren3JiMmO08jmQG7Zp5sJxV8MmxXVmuu9clnSwoOwqx4R
Waingapu,305217,20,Indonesia,2026-11-30,Monday,06:15:00,reggel,2026-12-22,Tuesday,15:00:00,napközben,3,2,WGP,https://www.kiwi.com/deep?affilid=mihalymisroriflights&currency=HUF&flightsId=0b7703ab513300000da57ef0_0%7C03ab009f5133000034be4350_0%7C03ab009f5133000034be4350_1%7C009f1f9d51350000aa200461_0%7C1f9d009f514900005d0ab76d_0%7C009f0b77514a00009d1097bd_0%7C009f0b77514a00009d1097bd_1&from=BUD&lang=en&passengers=1&to=WGP&booking_token=HSmQL6eDlGs6iaeZVSR6Xn6QeqNoX4C-c1rJ2-1sIffKWjAKxBbD34BUw3Wbzuc51iYofdKYGVxbikrmqTeutSlt3cxTAqWzgsL0vPkpzwFkHtk30jkoJ_yfeMtkYWuKjrTwBU7nTTI9JJfSzN3exDsOqFJmOhKzaeDP-qsGOgeSquVNWgj-Rzh3yf6JlEU_VP8SNYaDsxDH8raCE0Dj34W_g9QP9K1ATcIc5lq5YJrUxWPHl-WJrP-_eRs07i8NW_3-bYNfV5snjAOUdz5Ir92b6lkpROcoJfuELghNrsL8yI2io6wYIWgupSW-9G2gXg3XvevErxwbD8IbN5x5nLfirelIhvUAzjof3kmuw8ksAf_miOVZZs5ZkDGtpbJXcEpkjhkNrtgCyDfyNGalRj7NhhaONJ_SXzgKm2NNss5tOWGxlxUbRGrU-EZiWQtieDJff9ZQpYsFEy_8KKvSFEmoyQy50x73gHDS5kGDGEeJXuewp_wj2Yi_zq_oWbelWyzNhAjaieutqa3pa_-wKcPNOucgl6Pf6U2T3PUOMAqYe_3H92bcQKK2n2U3IFtyQJNP5GX_Il5gsLynSyclsRlBUdNLnWnXOMgK6JH-c9eqfvxnPM_CatHU5Bmp0uFAm4ux58iYzRQqMjL6T4QWbcUjglelPFZtSnU_cji7kJkOFSnB3gsmk6QAsJ3mxj8V-TBpnUB2Enda4XiTM5I2T6GWQyLrdoCMMkkOiJJLAZVsnXg4tTgyNtzSVKDSD9nYHBcUPw8G085PjeV7fntkOY44mpNVgsYa-MfhzN86uDsQOVJL7PBclkRFEwfW_kw_NoGbhX9438-fHtk7RIkYdui-JTjfrQWtjOvrdDgSRUTb2P3sy_C7AzJ8y9gwcyp5A_lfHt5ZHfziQmSuYjm3if5ayLRqlHUgIqs2UBzs3uxo2REGAZ_8-DxnEDNPYdcS8tRpzzNbKxWGAQYyfPay_YcKMCT1keWuRtRPb-Nyr5gjSYxCv4VRL-ImY7xxkDfj69YamivGkXChq2PUBkSFemG1pznMw7LQjfpczWqH7AHhJ5-r4AWC9AN_uLOcWtRf8Aj-tUN25ECd7nQaupbEHYCSAer_6JtIJKNaDIeB8lLR3niraaUkjertpNtw_mxT7x3bXwF2jbyZYTpsfGy2_hDg0lmm1xtR5_22TnCeO_NpDYkFnIZW2I8LocJgB3H9AFB6A1GB5DTwXtihI4lQVzigqUh0XrT9SuXteRY-IT6ypVND0_ivlvRINuQkiIJlamsjMhOBAV7-eFQ4VPmVp3M1LPjLniVUx5U4TxMkd_e9mY0QrlJoOOBDhYrr0WLwGzfvmdMvz2trXUwaW3w5eRiwjy2w6N5OripRhNsFARCyJfhTqcnrbV_RtaOQu_dUnDXNGL9V1CA7BfGmkIBlaOOMVBvwqHD-WKa4yzhU06jQuEUjwhEC2ujCyemwzFTMnOCxbEdZNOKMVmXaV7QreaXY8dUtmapKyUpMuNv553pANOZYnEm16D-YVYBrk4ExF
Kupang,307504,14,Indonesia,2026-11-21,Saturday,11:45:00,napközben,2026-12-07,Monday,06:35:00,reggel,2,2,KOE,https://www.kiwi.com/deep?affilid=mihalymisroriflights&currency=HUF&flightsId=0b77009f512a0000061dd440_0%7C0b77009f512a0000061dd440_1%7C009f0ce7512c0000c7e50109_0%7C0ce703e6513a0000b6eef696_0%7C03e60b77513a000036628bb8_0%7C03e60b77513a000036628bb8_1&from=BUD&lang=en&passengers=1&to=KOE&booking_token=Hm06l9jofz1ERmC7lSi4cXUelolEmkbrC3lLBfcO2mjD5DznSYmjNhJm7QwjGt17AXt7b3zrlkflWeznP-lOw966fCznqSL7byIUzQOAikXqBYe7NJAmSMsc33pVg2ZfaXhPQk7pel9siqCYZwZU8_IVvNGAfGyWI1OzghNEExzMLW6t0r5OZm8LHVebUe_uAan0_qzjfFHRZvv6kQKobl-UP676us2LdGVAzRt-_lf7OIRzpXMz90aMrbmu39XtvksbWmRREVdGIMd-w4byvbQr2-qTXSwQX2dJcxQYbqD21losmcEzlgbdmvnB32Efzt4IMreqFhG_h6lJZDZ4Uia0AbiUHzQEgYafzrW20RNKoVxl2hkzNzHWwxe-XnhsAnGPSDiaT-C2zxAh6eUOJQvEEHiicD-mFKOw7HXEAxCDb_6df1Ss-nNgD5ltH0aPt6q4Bf9T5I1_oFMVjy-Z3YvAaFt1ayr4f6o7xgJWlWZx1qTmWeKdTXTqoB-1ECwJ6qay0MxpD5UD3xepSiK1-24WsgIzmxm8tlQW4YmT3SeAjIPiQhjVML9_F4ehmcBy3gkgmafixBqfCOxtegd1SwXXUuNruilkgvQ4pazRgL3ezehJwMHoXWXcJ3cMnHIAUoSmAKI2zM9JaX9rQ5qRWez4C1oYMoYsrSdcZlKviiAj_uzRQ-bVPb6q5PvHqnPbNR-M7ktH3h8r1GMpbWdUxS6bxxiZgygJ3B49O5mwlxkl3LGPkwgWtCjH5EaGxIWsQfHFmQGnirkN5CyTRIeid41kIAcIIzqsC_sY_3pMWtivTLSsmJiN0ZLO4S8Mi2tpeW8QS1GaesWV9Uwsi_C8ld4_EoUa_YXe1BLwEZRLJBAZr9_J1eYv3OOwqf0Jk6fvfMMBnXfjWzyW9thHVxpwWrdnFLSDGWFm2JjiQVWo1WQ8oFUL8aq0Of4QOru_-3YNydPZ8bIufFq7D60p3uPGWTwaUVp_wCEO4F6MWwM8MNHJWebWQ4NqAD5QMLVCL4w8zlDj2NPnDLuAX0MqxiSA2w7kVgLCqXgO1C9ZcQQgPJ80koqL54POmTuU8XyGo5BGiOe2jVIlQ6ZpwVHFFAslUgduSdtXepRC3qipsSe7-it7ki6O40MftNE45_q3bXSegXnl-9Gmj9LeqqyQKGxMBS7nXs9wHRjqC2iIUyiTYcdtcpcG41V0cU3PKzaTAAvkevQlzthKOQPfrxAp3ptf6Gw3XYyE5Gs1NM-Ye8ejPUj5xUbEHM9kx8VtpYkapKk9tHKD5B8-poX4NIIgNSeO4uhlxdjiDSTZl2jHh-VvEPQhjfPiNTt4hIZpTXhkkk42GKibN9kdrM6PUQ0EOf98QvWmukseK_k09BpYCFuplHz2vXSsq6lKB-nah9BYgTRhgRbMbZc9HAFwG1CrmhD4ixivVqlw78NTaWIMcnolGk4gejo5nh75J40VyIDUHgbrxhnUA2CBCtPDC34mwK53x7Q==
Kupang,310064,16,Indonesia,2026-11-21,Saturday,11:45:00,napközben,2026-12-09,Wednesday,06:35:00,reggel,2,2,KOE,https://www.kiwi.com/deep?affilid=mihalymisroriflights&currency=HUF&flightsId=0b77009f512a0000061dd440_0%7C0b77009f512a0000061dd440_1%7C009f0ce7512c0000c7e50109_0%7C0ce703e6513c0000e232ef2c_0%7C03e60b77513c00009140bbc4_0%7C03e60b77513c00009140bbc4_1&from=BUD&lang=en&passengers=1&to=KOE&booking_token=HVORVzW4Zk89vpKl8ARHMHmOIxPyUNNEwMm5UBHKLCN4zSFVYIJjau3XwTVwQSyZtBE78tAeBCOaoQVjwUdGu3r07ddzTyUdfhrywRolGSVzQys7IwORv7KbXzIiT7M7zfa4U_xjnSEA6HCIytOZZwF2p7gRIpF_mzBCt7NnPA8Fuds_xEtgxmDJsZf8TWBVsWOD-0S1iBelBmSmNmV_JTAsNZSIxsOBkfX0gk4fCWRGSLw0Pkjo3vP3V-caQth6JItAKi7EfiHK0bnMNRITRTD14yVAJiv1RXf6FPAFic34YfwpVZYnC-lx6qIoPx-RWRuG7v0_My0l826yPiIgPnH3knOJPC3hBaWZuvNpcO0oA-yOrpNGnN0i6IUbTxV1jliC7qVPz4fMBN7-HWkxY1ePW-hp5YGjLW-Y33BR9hyCuCiQuvwT_Uks7_CG6Ewwr1imsvLnF2t-jAwt6zjtzW_z0vFm2_LE5A5AUiUaVyo7H-HP0gBEuzmaqOrEAB9nEFwTETn7K6iT6L2RTwTKP6WKc6PZ76R_LUFCWLxjZ4mbxHoK_-if8jhpFXH6ERcGTHZdHkyzRM09iioAScq5HmGjPPUynn2bfKfC_RmnFNhIgBNF_yB9gIUGtbg1KzGUg9Ii_VCpfr1w4ZGbTYEczWBOQCSrfSpiemXl3184Dvf7PqeSm5HaiJVuXGSaimvbvnQ0YCO18_u-CwDlTN2FssPB8OUVr9vmOnG9QJybY34C_RQXu4Ih90JOqMlS-VUvpmcF28NRXre7PA_e3gdKktWMz_dLEgsuTJPVOImC4TFSBm-y-bA6F8zL4GlaGasb0z9Icc572MCV8rnTsmYUbw-iHsb5XAEbcWBRYQACc8i-q7ULHXqdmwlS5iLe6tfd3k6i2xiwwnKNJKa0b1OjBSfIA1DeTYCc0vPvyUVEzWCIc4InGaxHeLSuv36UFG-4K4adaZZ9UqLOmVFQ36tHl8_k3mFET7kaUFaQ05ZI_BFGgHengc1tS1VMgOhxwLSraQ05i-a-eeHjNy8khmdUFOD0sUuD-hJ83YZEbvGEijn-oQHbkXtWG_HLpVkzgV3a6vCx_amtLbyiWHL3Wes3ybtuF7uHM28gH23hC2TXK7VgzqArW7I_z4JG9lU6z0lzFgiV0VVqG_sWAyCChDqibqGmxbcW0o8WsBnrEGKB0_s7DfKlm_M_wP4CSOqW9vAkC37q4QBfpKC-903imUnzoS4NLd1A9oYa_S2C13tDA7SgvbHNNxxF2Rl9wZnNrWToPBEiFVf4TFjZ3cu-VnkETOo0-w-FM5Ynn0SETl9GnSO0vGm0o784oWwx-Q84W-HLMSV6BelOKm_DvkxqijYbTa0qNX6koI8vHtyIGEBYE1qPgMC6zg7HEIi1_0B70PF1RwFUtW2XBryGVbhqmpzPC64a9EFUAi-RYTZjXTPK2M85ZRBlg6VnQRtKuDvPDwbxaVeRRUeWggXj-iWdWqAgUNg==
Kendari,310642,23,Indonesia,2026-10-14,Wednesday,05:50:00,reggel,2026-11-08,Sunday,08:00:00,reggel,3,3,KDI,https://www.kiwi.com/deep?affilid=mihalymisroriflights&currency=HUF&flightsId=0b7703ab51040000ca64cef3_0%7C03ab03e6510400005feaa91a_0%7C03ab03e6510400005feaa91a_1%7C03e619fd5106000051f09042_0%7C19fd03e6511d000079b0dfd4_0%7C03e60f0c511e00002e438954_0%7C03e60f0c511e00002e438954_1%7C0f0c0b77511f0000a9e13b07_0&from=BUD&lang=en&passengers=1&to=KDI&booking_token=HAmVVfHr3yZnA2VZo_OTmg9ugnbXvJ9mDoGJCuM85m_wo5AFSF0vPoHD0WLrdMTQj7wuDLoHyXCP-5wN35iF6jzhxgi4PPEFquozw_zXuzoCIdn79h1df2Ku5Dj8IWgJGLxpVLc19_Ptr3Nmh-2itvFzaa4PBZdkfT9cfpoZIDTsg0AjZ1jRJVFgpfiV251j8mHNeBs17T2hjnmVXkd6n4Bwa1QWiax1TZwfLZh1Nag67xq5V_bgfaAF0g4D535SBR0wwtf1l0Pb1f89zyEwg8HuQ567DszaIoZHiPvXnFq104sN83TIKRQdTlQc8dzqyH4im-yHaSK8BV6MzXRoyTkidZzjF22Ci_Queis9A_LxS4xzKSXP1Np0LUJyrQy4gO8j8jIwg-G8r1BA2M3663cZiTNCn-020sqaOblGi03hyT4A6sNiwPLAuOctK5ED1M11swBygs_G34SPK4BA0UZfJIHuKm1Lge3w1szTRL8_fR0XdZ3VOp5BLiWVt-C4R_FIYl0uxeNBY_s3_2ZyqgWsoK8rbUKTX370TZXsl9xS5dwkDGINORLPHc8fNA2d_DKk0GbDN9h20TWpQvsradAq807lcFrnwEadMYazTp2wDcpqEz9suf-BKIBm0EViA_esg38xUa2SNbYDr6rrsuaL38E4_0bCVUoeXvf3GYwA2D4kJJLWnnG6JBSReDfeasY8lZ0CJvXeyh6yaaWrACQctCqb5Qq4qJE_fkWdPV3uILT_FgJD2YpEapbCCs-nJLWSG-CRy720OB58V9cY910af17DwPjd0QuGPzAaPSl6qNn9zRiUSxvH7b1FNydesoJ9AlNmaEciPRtijAnh_KTJxcV9DzHAziGir8gLaOJjlS1eaa0QjuLCC_NtL2rwZRIz9LNlMVEIH528CdBHYj7v4iNrb7mubJEwsYhbxq5Ic62qBwI5f0RvbIxouR7DkOHEz7qysge9KAE9hJzPdWAbJHwf11GPTj2PvOU7d8zzVKv8X8v0DswE0FYR5jjC75E5sl1r44g3J-F0UfIKqk8RnFpBwwuBJ3ZFcFXKpIrbDmCxrMiPCK3qndrQereaKnfnAF1nA-6q_qKs_pXMpb938fBKCKv7N18GgNQ56XI_n0S5jvnNN45RL2sZjZWEiw1vXUsnQu-Y8ciCeo1j6qfvicGiOkNNSSZw9nwBvmUVD6SMdO5_0sE2scD-3ekFWMhIETfrOFagXfTd154hVpjzMdnV7F31ZC3BkxKtDyUVWie6bCn45FXQVzONFW8V_7gKJID7WxYpMrPmnrI09pOoF_5Y4X5_k_DD_m3N34ZDq6j4YOKNB4_CLbkSKoe8iOxgQFC3m-cZUgeDPm6mHNb6D6iZ0mv3P_qbPdcNTJUBKM3zgi3qXpreN-wbMZe4aIRuqZO_xc-BrkU0KTxFGTxNLjU9rCzaOPp588rAl59R7YM_U2Gs0cwePw-t19lLCSV57q_Q-0ekzWcuZ7dN-EwIkHPJ_FY9JjmPFtIdUYj66ojfbVvII9-msusfuEXWmMwuUhNBGlJRR8leVhTvEzUEA60ivbUPntYT3-WJstCjEps58vokjeE4tKLr5YHuXDVEQvJAroktBBxFovxoJAr7WnYRyQy0a8vmSAKnZ2WE8DLpnNyHaI9LXvDK69dZrMHjBur8aDZI3mwvZXiUlNNuQ4LZp6EXSFOeCl28AtoA=
Bau-Bau,322505,14,Indonesia,2026-11-08,Sunday,14:35:00,napközben,2026-11-25,Wednesday,10:05:00,napközben,3,3,BUW,https://www.kiwi.com/deep?affilid=mihalymisroriflights&currency=HUF&flightsId=0b771db8511d0000196af57e_0%7C1db810ff511e0000128fc732_0%7C10ff0729511f0000054e5918_0%7C07291bf651200000b7d4491d_0%7C1bf60729512e0000dca2c741_0%7C072903e6512e0000b589f3e0_0%7C03e60b77512f0000ddf96e50_0%7C03e60b77512f0000ddf96e50_1&from=BUD&lang=en&passengers=1&to=BUW&booking_token=H56p7l2tktqSEYDLZMYWsFFTy5-CCqoHaHpLtd-7hIh-a4ksBkl_j5VI4ke-NWaWR77tr8E_qEEYsh4_Ah-FK_AkAYcAVkHSKmeU0iCcvFPEUQkU4n31Z46yXgVQwYrQEh-E1dimK2klrTqAHQ9S57Y9Wh9TilIluS3e3Z7SonEbw0DfzaNURMY3U0Hlng6gG2WLF21cbEk4Hy4JnKCttnNg6YHZTdmJhRTIJoSxe7OHGofzJtF7R73HwMV0fFj7hdcgwf9RUWCZrDPcYfxYnRTDgK5pR5Lfp7s_CWXxCsvnv608rRQ_5k6S_c4H0KVPrD2zr1yyKz4quQkF3dDvIGwjYVuQuAUokOO1Xwynwvzay7DfMUR3Ksy8S9oCFdBuRZH6E-S7pxGG2or-VgRWB_nZFAZKtpEH4u9h50DrNoUkkDtVhD0WpD39I0Oe-MaPibaUIhyVTNR3BOeVRfBFx-vNvuj3lbbf_pUmJndUgDd5doTWFkx8IDkLsMrj8yyy66SMaSsCjy34IAqagnlwP7yqpaPUzVeY5HXNOco__z0dTQodybykuvekvw9SrSh1bF0vU06p02qn9nrVIcQEga8bzc2_4moARVyQZTYZ6aAvudoI8mKBeDpN5bfchUO6XbyRTMUsPDtDw8AbG4TK5z6gE9x9LL7ipZ1iWUU6Wc8USN2vnVeV3YT2_nwwH-ABupQweJJKILbP4BnjM-Qxi3YYtL9oh-tyMacojnHle3Rvao3yBt4Vh6nk9-zVGVY4yLUIJH4U6uSNttVntIvrdlLNg5Q5hRZL_uCH6AAigSwXFG7jie17reqDd1MTsTHI5tGXx_dYt1z39cJN3azxr4EfHnxZlKMRPcfOooLTMQUQLe7Sety48fcLggIIqQEDsqeti3YWp7xjM8AYVahqHxAtoLXUxXNlINWYfVhmdmin8SqcIYhDdcBZCodm8zYTrm_swTEvMI672VtyrDdYOODVr5OHws6Cxa06DXofUmOKbgbBOqb1i7y0LJ0Yvj-N2Y2UHPzGEHzPRZZ07htdW2Sh18_Ur5ZnK5DpqvzS7E-uAF_8I9cgfv8wG0VHOkkF8GzuDPWQBh7iPet6lmg5oFsdqT8UcaATAvlt50wiE1Oa9UemzPyO3Ie6GjXoqYu1_rv0pBkbtirr36ThpjQ3g9177rQ6T2A7PCKLGfb52NuvG9W3zfYNzB1aFApl8JMeLp8AgPrdBN3Hdxi179vgt61a0tzUcb2YlPqf4VW2osY3IXfVxXH4sQ5qLjLtcSGPXc-TR_yMlt9JcixHBpWzfxREsNVi2kRGBs20vmIoory6hmgqO6qVMweyrKnFKCa19f4PLkBk-rN1yrd6cXFwBhVHVLNd326n85Y0GL3KA-q87Zm19lGwpDyWuompoKJf-U663_QLMw2Ezqp2VmJECtiDpa6c81WkzPQ3QTnn8nzN0pS_6SWW-OQa91QmusmQKUqTbb2LdejQ_bQ8RZnQ2i9AUioDOeZO9ELD6ANpAid8WgM1cYKWjFJtZ57gerdjs-X1BQBcLrG3E0wtW5MTf25450Ezbqhkz88rOGsgMSIEInyL-yfST1Fn0cFVI9NXl9mUDHgqGplGxodw9Wec9cwF6OzId5x2R351yjO_O2vGCiRW8LSqYzGybCdSHgLQtOvo_Qnjx2qqa1DP5Xh7KjQ==
Bau-Bau,322611,15,Indonesia,2026-11-08,Sunday,14:35:00,napközben,2026-11-26,Thursday,10:05:00,napközben,3,3,BUW,https://www.kiwi.com/deep?affilid=mihalymisroriflights&currency=HUF&flightsId=0b771db8511d0000196af57e_0%7C1db810ff511e0000128fc732_0%7C10ff0729511f0000054e5918_0%7C07291bf651200000b7d4491d_0%7C1bf60729512f0000e28811ad_0%7C072903e6512f00006b76cc12_0%7C03e60b77513000002aca7c40_0%7C03e60b77513000002aca7c40_1&from=BUD&lang=en&passengers=1&to=BUW&booking_token=HyMwm_iEAWFn2F7Kd7sp3tBv_hT68S8Q2ZSadA8LnwaLBexBcxoxIDBfji0KGDv-nXjA1P2Ka--QnDs8mETEBeveOBPnhk9_HoHrikthfEm7Gq7J-NBB8Byx5o8eVj0KYsvJO-MFSIs65ae0_JxYUao5nI6vVuv1WVJYYrjZUe1YWnAtciCC9gZQ0zu2CLQiTZIL_9cQTHENkuqWPR14gSyP_IYMSr-gliL-gnKRCxufhG4vIIB4r60XJmuCPRSeFnMHi9xh26JRJ-GqiWqZuTVMN295gtVl5DxVPOW6EWfCNsDY4tYBLl3vNiPKyQXWNehUpggtd7weCMcPvNXZjmZcxpNaCuxxtWRRajopwQZkXvbpjzA9ucW6OZfBLPzoNU7_eXN40Y3DXc8mXO1vQYq-_9cmso9j2ycnBilSoxo7jYRGd8_YenuSQ7F7epC1aW8LMGic-jqzH05fTEVrNe9pHVgsBhFNslqIdAf95y6Dkne6e_M85LMj4pxbv-XPCr1_1ERTDeoZ8NHYHIkHHOMXo9_vF7crMRxUpzBhg5W8P5AhKeIBLUBu_YVtJX_rS2mZX9Onf-GOxazbeOwP3mKMPPE8RwC0Oq7urfPFEQi1lYWLyU-2Ig_h0G4bjAMdxnOSMkCjkI7jhViBM4ysqvqvUBu-_VUjSO4LHLtRTXGz6x8NtyO95Oa6AEbBZOBVQRIdBW4tiDGFXwoWi7OZcGt7yub4eyL2ZOTUaK5rflIU1s6_dc5ofjoBbRu70FJA-33qz4gc0X8ldmY_C95MBDLxEy4z3FB5PykVeFIEpUKfYMm675zDW4Z0Aq0DEPDhKhXFU6FyRWlWUWWVzMUNh5zfdUPiIAyEcNyVY6BRkQFl6xegrEPn5oizM5dkOHlmsqPJ2JuC0DAx5SzKwLuQrIis9ZxtPPcoVjPclyUWbAsOL7G7V-d1Sdgrt1u7Znxn_hD93c_krEkuRrV-1qCO-6za3lstrVZ2vkUF4NFJoWeMo4j-S4Rj7Tw7pmwo2sC86S9cAs6PrtEw-PUuVrl2C0uuuOY4X8VB-vFKPojMxXHIiih5SSxkdGQ5P1qFT8O8wHM8ytaAkQmMKuzIs56EiZ3ZKhe0javn2U5c93bRMxfR-nJtgJOtKSKDV0n9C8CPdF49s4jny1mJaXofz6ee0oty8X8SJyEtZIS6VkivNah0gC38RJ5WbQa5O7OM6OoL3Ngg6AKOEelETinoNT1SVNviJtd8HCsDtvkXAkEqZmMYCMr5a3lZ9_Ek4LkYFf_ss3E_st6kLCj5TJxHiOEocJ5Ue7zS3UwutLSbMJ1rrm2mSUfZfzLnkSsVj1log1VGE4YYyxt1Qksy6AaIymYzr-XXkqlBGFy4_osQgM0iYsl55yQ9MHNWaXLgMk9BJV7wMkUP_u_GaE3A7niNeFw3rSBOc64Xs8fUrDh762VakTyqFt4R7IHRhLVAaWRrt1h-31yyDsE0Q0Wce079oYKfmmpzvlSU8jE5f3kAEmxHDlqP0CiOWq6lRHbScs3Cg8hr85IfaR-dTi8bWZ3W3OcUg9w54Oo9gm5S1bfc5-58542rNcnula56cySL1gqyReW1G-pzpqSbyiTuxlgHJw5Bha4XXzAfvRYOscCVQALDhaQijes-H1ZFpHb3kRzz-IFew2pPc55gTm3ac5yEVKA3DuA==
Bau-Bau,323579,14,Indonesia,2026-11-08,Sunday,15:10:00,napközben,2026-11-25,Wednesday,10:05:00,napközben,3,3,BUW,https://www.kiwi.com/deep?affilid=mihalymisroriflights&currency=HUF&flightsId=0b771db8511d0000df0aa7da_0%7C1db810ff511e0000128fc732_0%7C10ff0729511f0000054e5918_0%7C07291bf651200000b7d4491d_0%7C1bf60729512e0000dca2c741_0%7C072903e6512e0000b589f3e0_0%7C03e60b77512f0000ddf96e50_0%7C03e60b77512f0000ddf96e50_1&from=BUD&lang=en&passengers=1&to=BUW&booking_token=H2JudykIo8PcipNgh8HLj_gwR1e-0mCgE9xWZu2rVrLB5dcPhsYetTdoh14B3zJTe1rwr-tHNIA9Fqf_MJL_wKiFCu7apL52vmwYteOiOoGQ_ycrSHq1vRrzl-fCtvtVt9c7G_3OnfFxZqE3IIa0q4XL9-QapQ45WEtUqS1Fq1s_IH3HyNtAh2mboYnv87u2BuARAsjOE7xXSWHK-uB3N_Z3XwAJoGQW0zsMaKq7whriEkTrIGZ5-VLAuAHYU-0QC59f-MKEvRUsEecwwa83fk_v-OAbOv7Fj3qht7Xl1E_08GbXu4MZa6fu1HrrO0vJoV0brQJOQfCZZnDjrGo-52rHEhV69q9QJjwGf--6g4H88LmrBmtzWT-bj7BJgHYzMFEbS2fUONOCc5lBZ-fRsi9-IKumjpzkQLyQiIzAHjJYjUM5lkmOkDB9WgjSsTTdsfyDTrqgHEIU31nr9-y3j1YBBIuoSahkdLGqNx7wvPBN66u4acYXj43idpQPwMS6OtmdjfQM8q9vnZ8a5Ep31I_wWnE-JeOPysUgajdBtu8mt71bSja_g1b6rlgmITbrChHjpTtbzzBPLiKblOu4Rn1c2ia1QruuLH4PSiuPMklRr4DDHG1Rj6rCw6qP8bBRGJ1JFUuzKW6h6iwa7B2pLqX-L_XvyTpylGDZkFF7XbAJXGZCVYWjPb3CgXDuS28pvjH8cs3PiL6O_fr6MmDxcVxcPws03D0RLgDWgaFSggTu3q3b14__vQS5QKiERmsgUfJXpUWO7iRTKysxmF-wNZoRnZ-sSdM1W2UUDqsNsTR13C801SYAiBHQ9EGD6ILA05ssedzu8zwVt4IAHSRhDDHroJ_fRsBMSyaNYD-PGaPvB1C5pqJtuhaHSdmQntqJcovrpm0MwHMsHUGuGW_JuEd7ZBRfjbNKcnCPPTllprwbrurbaUNw3DtUHPdsiOGMqrwmJPkcwicr1TgmoDYKvUYCkGnQqNIKNGLf49gz9mg7pikoUAMD3btnHeKk6GtC7tbyltp8SilBwh9AAuO6bOVhg6-Dh-r8qKdCSeCT8nduiUL7nx7i-6j1YshgNG8Sutp59Zu-CMUqHZqPtND9kLgu9UCSKrBYHIw-yDmgyiZv10SnMPB-Vd_Gmq-fFkl-lZWLTOatlIF42OieHxNuRrgN_QVgQszJPc_Q8Pd81NSWu0pbzYqvb50WfC4MVUo_3X3PG-FV8yaPRGyH3_qKTaiHO4W33PegG_VJ8o1popUlsmA12VouFI0cr46yYYH_fhtQQgWtdqkrw4UxnR6XgvdA4jC4biBWPyykeoIMxDwngbLKO3AgNOYu_0Zc5TBvNu5aaORLOFt2zxwzfAS-4AcErU_uLV2dRUXZojB0gy-MdnyMMps-cUl1hVg8OXdlmQfhTY6yIFv4cQVIQLQrCTGGqVTvZNaV9s2tWGALsND8Z9luWxTITUAMhov0rXeOEahtNjZcy3rVp51ZNBDlyA6cxSdlcWGYcfz2j8OpL-1iHgSypmxd_ck3NTq9JT0OBYJ-CNOzGHwNEUzt6Ag5zMRQg0YpZ9zw9Ay2uXAy1Nu5KAGzuJCBAoW4Jfy38Nha431x-LzRbGw91_oQ31n1g6lBCQNJ_oj_0mcj53jtajzrJi1nfy_ieQ7KH6a0mkXY5k_OWDbTwASaBg_m11IK8X700SA7dVnvvILDjywqDcX4=
Karimunjawa,339619,21,Indonesia,2026-11-12,Thursday,19:35:00,este,2026-12-06,Sunday,11:10:00,napközben,3,3,KWB,https://www.kiwi.com/deep?affilid=mihalymisroriflights&currency=HUF&flightsId=0b7703e6512100001b974706_0%7C0b7703e6512100001b974706_1%7C03e601c651230000d0cc6108_0%7C01c654c151240000723f0bd8_0%7C54c101c651390000ec5f03ad_0%7C01c603e651390000a8c53217_0%7C03e60b77513a000036628bb8_0%7C03e60b77513a000036628bb8_1&from=BUD&lang=en&passengers=1&to=KWB&booking_token=HS5MdUzP_k4lTmbOTIzhK6_lFR0KgS_b4pl7iENApEKMEm_QkqfKgPr-xxojppjAMZivJzFJs_FNAe1-4pTAR3PtNthgqvdtUzyravqoQk-nZ7XDlyjRIWE5rsyO3q0aSB5mRvz3e-KeVDVLF21RFGdKaS0Uk-eaJK7ugudZHNTORqrObP_rwqosTeI-HuSo3nRRC637mcmT2YCQT7bucpTD5zy_ZoGxiPOxsALZ_SguHPhD5zgo76hnn-fo6FoCHiLfqVdcN8ilt3DDGnkyRNxVP1iNZ1o91FKlc8YCv61p-fgvKWoHMepGGqfi6wFeZbX9lmfNsgl2GIgKKyqK3n5gtM64PcD54vFnuQAuIKQp6cBt2sx6XAQBWaYMfEc9oFtdDtoKgehuI8JVDHG0TUAslLuef2nwpmGIh0HFcawyhCwlld3PUeFxggnmrWKPLYl22MeGOpZEwtfs88r8ZWEUQ88hjd2M5eAfaaw5fztc6xUnnj3Lm2fPSZTHmKHIbhDlEaumUDHSe6lYzHoNuwONmKqOnCgQQkoDW1HyXPEtFUthwyQc9-RmUvoOCQRZ5DGDGzJ_L9sX8NVi635fsXuVLnYvfCChxFq4qJmNXZ3QtPebq7Qi_qgxaYnUSRPXyDkrgN3ip1kH1DpBp1CXf_dJsA57G-BkzfZB8xsXK76ulBQaQdI1GVMnkMI3ZNgWny1b2UYhoCaOm0ALJQH3SktzZ-fhWpEU3TbYVQrA0Rd215PIgChxnkSy_Z2HkP4_wkEqJzFfxHxkNll6GefRkrtNG11WsVVzKaVCwtD8LsU4jFE4tv_ODAc7qKRwNCHxDRgUiKb384sjOhyhEhWHOXExO3zZ0Y9pzgCRBkMhsCN0bDmExpgG69jpxMLn5warKVqGPL1AwCT1f3veqMRuLgP3Sg6kPJmfjVzHt0e0t7MKdFksmQsJCJAlWB2spiV6jmMEAa3wwLiRJcgqifC7ocaKsIiMOQe71dCoc5qOgZY-SUA9XrURUsi3gJHSdWgIiY9kq6avXKnA0QVYaTTd1J5fW7jwe7XIXHWOSWtmWsCDAhDJ18cLqHi52-pZk3Hm8LhzRutu4Kv1YzDIZtVfop_R9wLuObCDPwTcfkoC3dCmHv5LIekuiJHBb8sUpoNas8Nzi7KaCq3CWUFwbqk6Fxq6EYz2eviuURAl-pi4qANazD4HKpdKEAUfpUJG874k7Erfr-5X7FBmHmNAZNe9a94_IenJP7EeHGeZ2rrvbyNELUf-7OZrUGJZRDfM09EcSdUXzpMGURUSvjI8pnoWD0SRC6gdRMaPA3cQkHTa5zgDGQX4zbPVNccvBkYqZpD3kie-SQsqRfk-PIkIrSAwzCbw8qs18CPWr_w9clcRF0V-fiQ0PwizDV70DQaxrMDii7nshFPkhVEA2f4ixkzfgxMB20HqEWedty_zwgE6n0lnjaUknNkmMRlhEthP5PnASkEmb_Sv_hNqYqGwHEWeDBoTm1TxcX-WSq97H1XlYm9QEuA2tmBr2oIMqyvIhECC1H8a0jeSsqOH5tEkf_r_QX6Bwf5EstOhbxrK180WhdgwVEJ8JI8h6vzOMLfZuSUY3wl45V2N79-0Yk0mxlp7jlvm19v2MzbloTKTaFONG3xFyCFPPNTWiAbQQrd1Q56frjmMjpzsvfPInGDIUnqdAFJ-Lptc2dTv6yr38dj-S1qY=
Karimunjawa,339619,14,Indonesia,2026-11-12,Thursday,19:35:00,este,2026-11-29,Sunday,11:10:00,napközben,3,3,KWB,https://www.kiwi.com/deep?affilid=mihalymisroriflights&currency=HUF&flightsId=0b7703e6512100001b974706_0%7C0b7703e6512100001b974706_1%7C03e601c651230000d0cc6108_0%7C01c654c151240000723f0bd8_0%7C54c101c651320000653d8700_0%7C01c603e651320000002b8fc6_0%7C03e60b7751330000bbe0413a_0%7C03e60b7751330000bbe0413a_1&from=BUD&lang=en&passengers=1&to=KWB&booking_token=HljWZlz1eZNfxuNnzLwC--rvIPYzvVVp6x_dJxI3HLMQJtTuawNAMsi6tSvEbAvPE-E8VxQ-wjg9wR1jVgK7tvJsm5KblH4ecvFwVfaYHwOrOoShmE7ifwuuaCL_WMaNyWF8BuXOnlfjwobA06vsdRO9n-i2qEyByjD3GR-5c8ji8A_VHKj1c-8yx9XDdt3vJ_fFQHN3XrSnJ1K2D_qsVZOkLKoPHXdkHS49FKm4sRXFSXw5ACA0OcLi6JVjmXG7DlQ8FdfUL5YeEq_kQMsJFitjC00uTKFXWXFzLeyKgJkol3mwHwy9h6tDVjBGE5AY2BM86EEZYRTST35rux6HvGHcALpnJgY6mKkmPYKwdABP6zGDBCmOrUuDxlJ3jXqjKeqehEPu2QZEmXE8PYUlPcyX8ruf_iPtlnIZ-mbPmF4ZrkGOH4fhqQmNrhgtmoH4XeXcOGumYSnRZ2v_ZmzFelTbJO8Z8GyeoZRAKgUZNseLoFnhPs2ai2BsJR7XhlIEnfYF007roAfyJrmrpdfAbvHpb_lCKC-9cE1ranhNzGP4eourOGhByzcA0mYndiSK-ltUw_ST0Pfym5s_6165VUQmkb-X-GKCWhrnYKMahS5360b7RET_kA1Om34PZobRcEjJt8z8_AhKEIA2zTgY9qb21e8IqDIhC66wUEMR9tzudV0ZC9CupZX9ZV1GOQxw5Zq8CGyv8EQvzoN5V7fmOhTSF3n3cAt-IZiBxEjvMkMCme4Fdl0Bi5EXD2zWY6oiz0pjVqgaM21vfSIWKJ_bXtqvBrFpjmKk48yjjqta_h9dRl79QR8XuaGrjkDfYnwYbrzuN1-epV4wRN611x51gRpVC1-OSKh31moDFEf4ooGrULUPn0Zkt3co-_3fQLmeYdCNzlRUjzk5zswUqzCoVBc_9h4fPBlINxpuY1PS7a1RdMzmWk6Y03KTkbbtB5iOd2v8hTOXkyPv43TtNtcsTL_El1EaWSyP3Mi_YTl--H1v05TAby4GPJBiuBB7oMUzoP8v-Jzlv4ohcWg__gFRpO1PnUbNYmfxEwqSNEY3jO7C-x-ObL7sqoG2Nh0-6_NWriz9Vga-PLcjizihYn82NRn-myQkUvCbmz7dwDl5G7mauOFfCvbaivhP5gEmzpz3fX_xv0jRw-Mh0M4UMmCG2ICOrwTeXdj_zYYHwghxQ3Nx4j5uBxae-oG7MgX8D0cHMcBqtKoOxzbAY17GNuy-GUxKOeMdiNJ72pJtoUbG6hmKo_9qMBtrx9LvaJCgpGRjYePem_UmTwBTHxQung1FzBUh0s8_25VenD8mWe28X3FtEMIwqX2TZjLzOdcNzm83bWrmQwNvX_SWDzxxPMwGb01w28-6h0z2_h6wnjtdzzqS8cjUo4dKuoukvj_NT-w9MXnUqwf-4UHj6ZVyXm9Yx-nmupdxw03nCwYYsxpH3RP_iXecwU0FlaFndeA4qCyRPUiB7E6HVZODhoyMuGkTK6pF0YfuM77nAQ4WlAyvrHEleZfmuD7X5s3Zs4YzgtFCbGZ89rhc3P2umGx9_NVGQnSrlisyNKEUhboHtZpyNjQik0wxgHrQNL0Ui-a6xBiuq7QUrJlT8a98TDINi-otxKv7QwwRCTeIgcrgTsackeoWrqUQHrDounRzBaOWK1WEUCY4JJivI-_d1VwZbOwgbrzFfYvU-erEnPvWC6PNjKzU=
Karimunjawa,339889,14,Indonesia,2026-11-26,Thursday,19:35:00,este,2026-12-13,Sunday,11:10:00,napközben,3,3,KWB,https://www.kiwi.com/deep?affilid=mihalymisroriflights&currency=HUF&flightsId=0b7703e6512f0000f5e4c9bf_0%7C0b7703e6512f0000f5e4c9bf_1%7C03e601c651310000229c7fb3_0%7C01c654c1513200007da39a9c_0%7C54c101c651400000cf0eb0d0_0%7C01c603e65140000086526e25_0%7C03e60b7751410000bf0cb4c3_0%7C03e60b7751410000bf0cb4c3_1&from=BUD&lang=en&passengers=1&to=KWB&booking_token=HL5kpAKiJJbf9x081ThfaOLbiS8R99XoH_566sFIejNeIziDTU3QBbQ34zJxm8cUkFyRtmnDzb6vZ1LtY-Fq3A0dMqXihDtZdlA373P56IRa047DDDdcXFVfptT-29IcgUuSYst4K9p-7YGqSRHf8yVGugREb6uyQ9WpoklJ4qYN1lH72nqskKh-f21q_T3MxKbbDo8yfJNJorjwwjSC2BjjSMqNFNt87WaRtl4tl7BrCm9bngqEFTHMQaA_G0cdvUvthBjmB9n05e_qoStW9rMDeRwczhmWPVvu7FDsrBeyExeNyc40rZq1-TJ56OG-yBsBnH3xsf-tcTJK3RvZ-7ao5l8RoPVLlp7Wt_LsbpAAfGb0XbkShb_67zbAEetPyynUASYUcqakxnE7thLv_BKqpZEK-rlVUaTw48kvt3dIgYTNGjJvhMDj7oFyocWNw1rCTFIyTZlK379TGNYBM9-541D1-RHKa-FMhMuUdiXvWs1_A6sw-W5pTohonmPsXIRyu1HmeYmG2_lg1mSEXgMFX9JdRbbg9Ooi4RYjSaUUPT4Xf40hlTkNKnEtLi4u_0t66TW2ipxKthUXehRyitGBIq2PnMvHL7LJ_rYKB3MOjSrUs6ZWj46OfKeycDiXZJskpUW9m-4i6gMQdONyUANfQRhKnXQeb91QJQHmHb9i46fH8nnFeY6WpnYFeZHVXJ-6TX1U7TacarPwCOfIqCnp55YwynVCGf7y34apRVnioD1zjziOeo_WXpvOFkG-53XVS4E0ttvHd_ie3PsxuUXVqJzB2bIyy7K2j59lyiMIS9KYOZcYVvARgbrpTgkIVKEmlkmeCb0HYCL_Il25YYPu0dUfIWlRr5UkLniaUM4rVHEZ6zseAJG4xtpSTos87vmpqfFnQDxEKGcZWmUgOE0ZFM6ee0vvHWfecVdbgOXB7Ql51HXrUVf2fxZSvybPWW8o-iRUKcDR1UDVq2ATzkJxzfBEVBF8UcDkIRSkkfmG1vMNiePepralR1--G2STNl7obXDg2t1AmL7hhQhPNITDBnRrsaeTvX_W5mB0a2bpay6tzpVSX-mmY3RN_f4Hz04igoLzGm-6Y9iknvPbiMCxw5ju5zoKh2j8ql-CikWaItR6oPC_GZj7Y4deyg3dCGpYUvqAaRyYYHKeXjFXDvPb_7GdKaSrw1DdWo5Mv6DhUvC3phS2RT3dYnJhxvM97zz4SFkdnWwpgKwRDQOPRFliFeMxrlhf6Mv1TTihsV9uwj6ozl5oStAH4BlcHWnpc8nlXVKfhukWYL6w1C1nJYPc1jDdssEUNvhx6nmP3cvTlsfUmnQeq8UeLk4GcFiNZaFWSRxpaCEkIwhXU8Z17WqDHpwyLq24VeDnsqiri61m0wxykUH68xfcPsLU78uj1DiQJOPJTtMbUQMIRbx1gr_MncyqVT2gorN1oJjUsBxEKDg0PlKGgyRXHA9cnSPJ9eQpZKOX1Bquo5ya7nLBYPZd-15BikJSUMFihbMcIMsZjasbteSlYiLi9FD8p9S_jp_eOR3kWQd1LJFh7ChA1X6f6fa8JEBtEbmhlwnDFM8MImblHTPFQzOG8_6ZRt3eoEpndPMk0tAotdtJubGx_TCRFAKy51dGn-WDmXSH0skTba83c71YIluQBrhslIqBTMd2xnGip4U0soWk3P_yB92006Hc2UoIjF5CRETb5Mj51twyLLVKM3K26v2vFU5IN
Rote Island,415576,14,Indonesia,2026-11-13,Friday,19:35:00,este,2026-11-30,Monday,08:15:00,reggel,3,3,RTI,https://www.kiwi.com/deep?affilid=mihalymisroriflights&currency=HUF&flightsId=0b7703e6512200007a806d76_0%7C0b7703e6512200007a806d76_1%7C03e60ce75124000068565f6d_0%7C0ce726fa512500009a07bde7_0%7C26fa0ce75133000083761fc0_0%7C0ce703e651340000b64207a7_0%7C03e6170f51340000a0f1475e_0%7C170f0b775135000097f5f0e2_0&from=BUD&lang=en&passengers=1&to=RTI&booking_token=Hu9JHJZGx07JlsUWV0sHpV8PAMtCaEKt7LuAtMSOk7YuUGTxlpjjoWGk9XjU07sbNoOnWV607vEOPx-yaxrc5A74txUkepoOjde753E5b8Z1WVTI39UX4Kz2sBrjKoSBFlczzCRWvwjTm8NUzWN6HASpv-Tygh9Q2TC1ER0Hwh2QMmdBRWsZo0JZZYumu5z0Gzz29kJ105f3LPBGc0ZzcCECavgsgPAvLE1zP7L4It90UwQYvggpXcM7Atr64t80K7Nj_PVR7AA_m3Y-qWrU2HjpSdjUvYHC7s8DWi9YqtZSlSC0qMQViSfwAuF2H7fYypNzjIVJNx1GoSSRTbi8qkbGPKYhbov97e4vT6q0H_fhUVxCK9G0_QKScjA-sokPgEVpZMMctRCGJtUMiJldLav4iAFErN9FJWiBn8Q_z0_JRTTtNerWvCk9VfHsAl_z4JQUcyVVbgqskHO6zWb7Z8wLP4ZKsYMbdlIyYQe-MlnGoqKrKWXgcVIoiSbyzS2qVK_d1-upGiZJiP9wuXiPoXrDAFs7xjF6iCPhYzfkZbq0xVGBe6blC16Jtzcv6vwjPTHpcmp2U-3JOSyOueHVUo-a5Ul8iBHDcF-yn9qyxtisauYfQdFbk-_5vxFfHfenIrr65uZZu_7vIzMwE_rXOyu7RH3AQ4aatViotTKY-Y6_-brivWWob-dtGB5hKfIRT6s5Cuycbs7Wj4ueDaJwrp0HirnTyZEVlcJOz_WfVJKAlk2VXBitR7JwJ-37NoA1m3Uci_vCapdiLIB_e1lbghUxbxv-1fx36Bjjfhtu1QopFi-jUpLhlibnGzF37Iq1VUST_StCziUIEfa3uEgpgjQ-0tt-RBdrJ0RbL16KMeSW9JSjpgCmjB8Ah82gtfb0LveDr_X1qmMg-vTf7t5LzhP9xLpC6NBxDYbMS9My2JZ-ZuDhzLEmowgThXi5NT-g6PRK9ZVabUcflS7ADCfddaS-qfiq2GMAGmq72bHBeMw8B8ghORDD1qIivirzJXKJJObIBki-9MksBb5BstV-bMjJi8csRlJ0R_Y4cvYaqNfoW8XtvIh229d9_so5VYXsGeeznXd1EyOiMfUOgtc_vtKEJ88G7WjLaPgGc1HELaEs65gTepEKo-cOkPn32CfCEh_zCufPJmEJYOhJ2zePx6o7QGDdTIB359KwOiVdxlnX7NdreR5iWnsW-JICrJQjXiSWm9MvaSGINcq_NN2DUmeo34fStrSXABFATmj7CB1kD3CR6Zr2j6zK5Pd1HfHxiqcjJiA6UJ3ZYi1_KvL50k2S0LOHxqyaw9K2XVAetLMbg0zk8tK6UhY3Fww_Le-FO0_cSG-DcAyIzfiGJh_tWvgmSppySNV2k5GxVEietspegsngp814JBRtJJuFwbT-2fFQ0C_J6FGlABa4E6bqvhiE2Q_GHPnJwePelpWZo2QfgffpZCiPTod1MX1VgS9riVcAbd34WaGdoUiG6xMOa_hcolH-XbdD6GLBz1mp3b3oKvbZoH45ZYTcAd5dSfjPIsTQz3Qlp2j_wGPFU1UoCkHzAbInM4W04P_G26RxVlcv8_DYfPCbE-k5ZIffDzplt9CEQ61NiQw8bJ4QYWmOgzutKacUFQN5IPHtfVkUyiWDL_w-6NfpqwvxO_QHtDrWA4N6e6ybVMY2zFLu3puDYSx7kerTDVLNKXGUBu_EkUD1IEq4ST5-2Ugbw05c4CAI6Uqc4DlLTBkz0uXz-UdeWXD7gwptPUsg5IQbI1WRldJCsZsrI-BUnBjRWSBODM1Ag
Rote Island,418073,21,Indonesia,2026-11-13,Friday,19:35:00,este,2026-12-07,Monday,08:15:00,reggel,3,3,RTI,https://www.kiwi.com/deep?affilid=mihalymisroriflights&currency=HUF&flightsId=0b7703e6512200007a806d76_0%7C0b7703e6512200007a806d76_1%7C03e60ce75124000068565f6d_0%7C0ce726fa512500009a07bde7_0%7C26fa0ce7513a00001dc6e653_0%7C0ce703e6513b000071a97a9f_0%7C03e6170f513b00009c24cb25_0%7C170f0b77513c000023e8b1b5_0&from=BUD&lang=en&passengers=1&to=RTI&booking_token=HnnTAFnvVD8or6EcJgl4d40uhmXxSn782YXXvsLfLo-uaOvqvOCGQYXfmaJsISz8ra8Qwp0L3b0rfaAbBsPAUdPzO_7NPKOpxmwScC3r2eBNHfLypwmxzRJ8m0TQr0rbHvjur-oKlX2WnVpRWcUsybTxg_RuePH8R5HQjISepSEtTKqI87tobVidRMZzThD0WcleW1NVHcuwPIBGd661qIKBNcitgGTR4AizvTErZYW_X8ZA-tupQBp3Ls6aCw70OWfx1vW3ShxCiz1UU0BtANmZDpCisDYABwp2Tq-hmH8pDrb5N2cBHDDfmIidH88-NHMBzjOc0sAsQgOyLxAAtuXCFiMc3-YfJD6K_20lw10Fv2_0yfzSXMmOGSE23nOi33GPtFiwvDoWTw6bMW09iqgRAyNM0NWL8jpa7zUR0B6JnWcnyoSmqfvf1iGsnov0qksGGCHqZTjAzrJ5brLfBqc5bB36HXrk7QFSVGvZ8aMHgZ_xdvR87uscxJxeHbrmaQsywm9KcTVptNOZBLelbtqnC2-HQLwbcwmiyn5_wsYAVcTE1ez0dyCovTa_sTqEwlJUjHZsybEP4meszMkwOoUlX3QLq31Qm28HpPs-Md5u2EssOZxlpmAQMiWZhEpA7Mm4g2yQXcDgFJSihh0rC5NZU_cEAoA0p4ylwZy_e2uEjAxjQb8yWMdcBnJd46Etjf9iq47GykI6oyEsi0csGuhAWIGScPH35SF1EeLsLPFFSZuRaDHU9p0UfwUVr98-kKdlpkhp0_RkhBdonqH8UzkdDqRGBe6IpX-V_BBwtUO8dv-pUNub6eaee3LaLKp2h2TdaNgOBQ36ab_X9uHljbOZV8AgaDdgfiiAWFADlQs-8bW4QtvNEG4gUOnFlFXh5Nuzi5lxyXkGsZRKLF6Hf5jX4MkVf8SKS6t5VVhvhd27iPU76lco4NrMUBb20UBR0tOdPE8aDidP4jbkQ-GmDPiDMpuX7I1svoslN5TBO_4CYEPJqjs1FOjlyhooEYL3TLGa1tPZta7DnkzZGO1QEIyjzScw2XbrYKtaag3TLBZk2kC0lYULNmCpCFefM1pAAO3XVOie-4ScYmt3fqkdyjpHTYDSDwxdw2yqmaozrVb6lJ7JrOVgXsBpLxDrpo3d6vA6btmwnDxFuN2VMr-FEPAruzO0JbTkqs5P3bSeV5cFLWFhd8vpu8YPCYpogXGqpvKFnsNu0KiVOrsq5w0KMQP3Rl3sz0E0lst1_IGld7hG5rOPiUm9hvBYSXtbyEJYKL7Oksdlz_5S9xuHKxrUdBEqHMJBaOAjmxYTXBjUqq8z51Kp_ZTrTACJkTaLA7dKXaKg4WOCeG422soqJgZoI1WgR69aRPZzpEfUqVA7o5uY8Avr0dfgafyOanwa1iEf10S7OygBuZzjF1FkTubei7mYscyRl43IYiMzNN_YP_c0Kiu4dekAWUNxw91JQuyyU0iWjmfze2yr3SktE0oji96SApImKF_-KkeUod5irDxWHytNw186RAfk1HLh7eaZicNeMTXhmj3NfgxMnXXe1Z_Dj-IL_JKA15hvE_AEYUhrDbWxfHUpTnenpZtX7zIygWFn2awPWk2AAgQO_IAAoH1glDZUVmtHQ9V8knUHKF5xZ0f91q4C5htupgXfCeQ-Imgrhg5QZp795VmCurT-2Zy7u7FIt7wiqVfLzFRgEIGoMV4t3JRT5CH5pwDevdKCPRmAE1nZbIuMfRkXKNdpWxvl6AU02KZ9DzrqFLmDOrZE=
Rote Island,418201,23,Indonesia,2026-11-13,Friday,19:35:00,este,2026-12-09,Wednesday,08:15:00,reggel,3,3,RTI,https://www.kiwi.com/deep?affilid=mihalymisroriflights&currency=HUF&flightsId=0b7703e6512200007a806d76_0%7C0b7703e6512200007a806d76_1%7C03e60ce75124000068565f6d_0%7C0ce726fa512500009a07bde7_0%7C26fa0ce7513c0000491affe9_0%7C0ce703e6513d000047a8c46c_0%7C03e6170f513d00009ed0ce8f_0%7C170f0b77513e0000654b14f2_0&from=BUD&lang=en&passengers=1&to=RTI&booking_token=H2qzvUzrXQnwB5CcTVvSTrI268tvNelDv1LrnkCGagXmpUQjwdZjutI4SAkMjhKjbyF-PSBuBSLzdlKoO8waxo8-10A88Mpwd0cWbaZdSTwGYxqxGRgfXHi6WWNihWkcejbLYmCaucCIkDSTbzICmyiHJAw5SHxGZ81IABI-Y7aMgz61H5EllMDTPc2w1q6K01t6m6Z5WUBmfmDAqWo_QnVNGEpdMClSlTU_1kxN_Lq9F3lStZRV6rWIKd8VMSYhaUtCeSFMFmFxVxc3Pbvj5akRdYdpm8YyyRjeofZsn7RjZtkXhMc35M8ZQtw81mK6FHqWe61FNB7iyS7GysJQpFvVfgq2SvY42gJctaZgN7t3iRSxb4wnSI6V-FZaVSoFZV8Cwg3yH5LyAUaHGsZHMDMK1HmmQsZgPqliajjklOBivZYUpaorz2PAA6fc2zidEd3GccmX_hTZcT00AaA4UGs0rl_KfU7X1nvbW8k4L7eMeWyfEgEtoVcho_2a73F0KnSSLUhEGRAg6G8U2F5bZROXoHrxpjee2CLm8hDSJw4Y5YTZPL1f1HLVcFUCLOKF3HYlhEHC95t0wq4MGM_XmnoP9rUezTqnLihYFcObJ-fdpU5DsWbFmz72aIE1MFPy3KxpWlKTeFG-WEWpY10EhEJsF-gA3Y-auHrYHJRhcULFS2AcO75eBDb3RJJplG36ht6C06bch3Z9KOwzGCqcOMsCf5fhIvd-M1pHNVr_uiECmGsDXogBIsOpNeB7vqL4UJCUzhX28dGKgS_O_BXBn0rLqari_3vkWN0XzOwUO1DPzXvM_y9tHFQMa9LDxYBTp7itOcH5wGsOaPGv2Knx7_0H4kGApp4KmM3QpaFEEmqbumSeeGjHsn0HyWmSCkMSDxuB8nNSJnq-cHId43_cH5lXDf7dPUehqOdzDw7bz7YzMq4wxnoEEz-ZytlwBGyxkFrlHF-i6Q_1aIbybYuFjnDIfmwEWPgT9cuoWnNbVvLLFBZYsVEsyw9d2iQ5um-XfCVJuDHqoaTAtaVsaON0tRl2bKz9_JnuoNADxccemN_YCdDrOnTQHNo0MRLdXzoCZYwHzVLaSipD_x1bOC8CrMj2azkFTqp6G17BEt30lr5KiWmJK53o_qsMBUShp4I90OGbDe3lTWE5F22nfOh27dY29P3JcJfGwuaos3wM0Y4yDuU298rD5jySuhA4LgzrbVAuBjtmdsnJGLgsgynw7QV_sxduDr8dUKLNux9mNldnXI-9C8874OZ2tyvOPzaNbsaQMdQ6Y_omJvblV8udswC5Ctgrl9FDt_VtsvP0CQhjC0ZP5C9UXXRhVwWi65ZCupAPvMMINqESab0bkKTGx-I6Bj1LeQZ9qYwtdp49Vl2E_XJB2ISK9WZDKR6xF9f9Q4Q0BkLvud2ULSHbuZo5Vo1WqjOak8_KmOhk6LkxPGxtFHyGlto-_KGgiwBVNocbt5Ar_gn6wglgwxIRl1VrG8MBwbwDbNhF1na_JMnVAsRNna_dB164eOXE_9t7BaX3ye25qYf1jenqHyo0TRsmiWcmEYEU9cY-AuJmwQSSoaTd0rJVUwc7jMF9aW0ZVEgkLmKHRtoueD4FrJ7g53l6kAwi_bOVFzfvVmWflnEylJR68IV-0nUrCvPhpZTm12m9Y1g49_kd1rncC0M94ALhMcMtMJn5cq9XHGV0dZHYUrYPWajkBo-JEsrUAN80HrdDn2506718MK2X1qGT6iEff3jJK94sVwOlaeWJRNVs9e00bb0I0GT6GRfOvqYq7SKqD
Sawu-Sawu Island,434442,19,Indonesia,2026-11-09,Monday,19:35:00,este,2026-11-30,Monday,14:45:00,napközben,3,3,SAU,https://www.kiwi.com/deep?affilid=mihalymisroriflights&currency=HUF&flightsId=0b7703e6511e0000d328ea53_0%7C0b7703e6511e0000d328ea53_1%7C03e60ce751200000f6240689_0%7C0ce72c6c51200000fbed11ae_0%7C2c6c0ce751330000ee24a13d_0%7C0ce703e651340000b64207a7_0%7C03e6170f51340000a0f1475e_0%7C170f0b775135000097f5f0e2_0&from=BUD&lang=en&passengers=1&to=SAU&booking_token=HYjD__LxLZirh4cIcyDAdFtYr1qC_pt4_CbBhx1Bbwm4_zhZ6Yr2S5EuKD7qGxVZzvOlqfc-jz-qBQLdUITsSdRCVAw6uiFbu_e8FOWFOCtormGg8K2Mnk6nLW-PTYiSfDayR9VQCQgkcX-bFVU4hHPNUC3ZCTZ2ErAZo8b098JeClZ1Vsruzm3mdfVUuPAn3sGVZjfTtYplfVhbfj54WOExyp3Yk_sYtFoCTExc1EAy_svqN36agtoiE1Ib8V-SsHKUR_-6iQN2qH9CkAW-ApARa8CMHQ2n2wPmlhpezfVPuLgIYJwSgDggHeQVFj5OoWvPrIPZM9FzCV9N9ieKcQdhDI4h5LoRyk2mqXDoAQJcx-c_FTpC2VX3tSCtukv9vJ88gAVGazv4IkQkPAZI9h9HxpIwYpRMiTaafX7ZkERIZ7YPW74x8WAP8woqvyiO_UyqBHCzh1ftFbfonuKjYlO2ygGegcDpqGTBtHUwGSVg3AWQPPR1Lnb73pU7qrFeywkMh7xR2xkPpzaOg5HhMUXCdT87SvOGu1IOno1Et5jwb48sePJ4nNWi8y4iNlJYIWPLMIrukeIzg9-BT69zJZlzv9sSZgfGo19NCE9piWOxSFVtzV89rwxC-SpBPhq3a3nR0CwP3xFPPlfRV9Q4J8v5uUfz7axo04zcWKo7bkyaAv0PYfglMuxuljulSvX_lDXx3_0MslKtcfp9pB2sA_95b2g1w1p7M3wyso13g86TXyqSWA43zodVuEsV7oexwrTzP5Wg2A45xT1qfjf0JQND2BK3u1Di5E43aDm8zowsyjOUxnBejlpcfD4Gt_0h99ImizpUa2V-XxxqfOTzEtIEKSBXFcWs8OUhwWiiZczcrKHZblkftTe-VEFUo-FPbbtx_n1FgkxKNUU7EjTH63Ixn3a-JImKTouYqWo8d2c-2-grPJwljSyG_sYOKYT4XWmzjU8ObWPAO5Bazq6tmXxIpaGwzk9B0uERSyp-3DRLqA7L4vl4w9tit19cVUa3Hv9a264CXNGRBEVXb-V_GW-xIATBdYAZfLl6Q9rXh9d1B3y3DUZFNctcPVMU-O0SlcRMHm4Mhbb1Yg4aQee4mrNU_zMtIREavAuHaQqmHwwqvtAF6By5djIWllvCjUaJr25ms7iFoRNiE8aSYsgW6IPUtsottiGMd83Wzhc1dkPA_UkeAGBYEdJGn_0V_BWmYpUX3jpy9KqA9DZ2oUXgNupDem_lKEqT3s8iu7ZCbKQnbStnwditq7LLeUhpWpddrOiDtGSp0jO_h19yIlNFF5tSGO-CWHXB9uiMCdLNMMfG0UuBg9WSb--riKTxTaYF-O1KXq_OvucUiYOybE9Txzn29-3z4YIiQur5K_DFQqeXStwY3WAp1TUstES0qn8awfJLNTMCEh091DyLCCWowFaChbUcnURhWa7B7gpAXbzXrPzj42o-V16CZ1O3NW-iuW0ndVnDJD56F3pfXAzE6L02p2fSqlaLTwIgm-npFvPUUyR_50ZM6nqcakCXaFVKTeCm7kMHMHIDEE6LTmZb93frPS7T-RCr_nyiPL0-DBWQBPK_qqN3otWkBxJNIB_0U3eoCklrgL_-mLLLgNMj18qNFlEwVlWpB9jhsseMNAb4yVaOrSb6tjxQzjsMozBZkcTfAB0BcFkbKBUavvP-5pbfhuiva1UWGHQKqYYSlij0qoeIL710PQJ-3v5yZA6BdWXLY3QfzAOB4atoF85asskgGx_Xbarwo9Ku6EomCTF0=
Sawu-Sawu Island,434442,18,Indonesia,2026-11-09,Monday,19:35:00,este,2026-11-30,Monday,14:45:00,napközben,3,3,SAU,https://www.kiwi.com/deep?affilid=mihalymisroriflights&currency=HUF&flightsId=0b7703e6511e0000d328ea53_0%7C0b7703e6511e0000d328ea53_1%7C03e60ce751200000f6240689_0%7C0ce72c6c51210000972c9148_0%7C2c6c0ce751330000ee24a13d_0%7C0ce703e651340000b64207a7_0%7C03e6170f51340000a0f1475e_0%7C170f0b775135000097f5f0e2_0&from=BUD&lang=en&passengers=1&to=SAU&booking_token=H36VUwtePUfNwqnJiB7sd9uOL0DivUHPHQmM4GT3muT3-_QbVVsv0AJTS7zj200_iI1R79xVzhyqjZAqa7S1nCSrFc7PmmE08Zg9C3sSo0R4U2qLQmaMbo0nRiuoTzQrERJUvWvefX1Z1bXRlw7-_-FbmsfI_qCdLIX_B18SBZQXZKX2Mf1iPnXmShjD8HeA33E91zvc2rBeNYRS_Rk6mxMsoHNs7piimRNs-amcTBhu5hoQhum2duQ7z6eAGRV2jWubypSL0oYpCUG9zMch9E2HpmvelSZPHYgOvIdkWnleq3odEN3MEL-A6a0d9IDJmA0eDaLy0SbBNh9bZUoWWhf33Sz6lTUnsw5Na66LhXoKbpXcjQEJaF_zRgc8ld8mVSn9GGQ3UfPyk4vECdhHpr_iWw_B3V3LTd3MZwnxlJ0mrF1fwArdYxOCCYJK17pBHXcPBmMNf-PDXQ52iyS2edj75p7ca8YuujijXIPxS1MBdFXUCFOxq9ttFus-kWbiquW3agfYXUdnq8Vs-QeLE_mVxbtcB4LBCAHRe6M_NohAKQ89RoNShBK3HbP-N_T4eccf_rP4lenGx4oyaCC1SxpOdTIpMjgjhN9bRyKg_3G7Ar985kj-TLnXKPAw6gZQS1eXVzALcMJmrIVXNTLhYUZ7UsWN6-_zfowpzT7P5ln4Zui4ftdj3DJsVkrwQBIM4PjtE17RQkBkUaNgI8PO8aG6jzwKH7qOB21SPke1vRPkgRp0IMUCCsFQ_RTyu3nVjwn-vcYqJV60Hs-NtiHemyHHpzBlhFN8HP8_27ql5vMl1F9-EmSsxuGmOZhFc2CJL2aUgZn6AZpCiZp5HCK9PwS9pPMiubxWZV1j7U7qIo_bCPzo6yhuYvVcsJ1pbfaXo9zN0pQFXQhXMdycbvmzDrwiGrWdPsKNxBP3WZ8ZEb7kz7Rfjj7lF75guQO9nZGdHN74kusTGfktgCcspuppELekIKAgVDPrsj6VadeuUIWI_2l-jPKXt3cYIr8xdZH1GBK9T1mIZXEysWpCllcxHDg1sI8iK_7k3opI_rx-VI-oV_mRhJFj6onHmkCeHSElGIi8GYqW0wVGPelepc4KQFAKCfbuZ-ywNlN70omsF34L7lNFpkjhb1FzUvGbrrDYhmUmF5Ic6q67w1Ubc_T2nm8fb3CQFyCtPneuCY7-EJD4vXfMRY7jbXCaomw2-hZJCBIEMHpam3U12NfR5YjaQbat1agpTD921nhbGQpDUPQXLxJGKttp-_T8NvowwQFaXMU4qf7N3kSnU9geVvN9lx-dP3Xaqh8jUZNf6UWeMnENGCuxDTa89ddQLASISwAGihtyZEVLXO5Y-A_1QYTFkRiEqKVxBTtEtdvc_LL4vftKY0jVgJHY6g1TNSpxzwNXFztbewqPvfF1ND2jUC4aKD7-0MXpeA2zu070dzpc6gIi4M98AqeeUvN_o_o9lGN-QK89R7w179tf4D2E7ENjxFBW94Qea57xj9Tdpk0AZVw-UIRxSbmT3DpBwab_dC_KODYpmdFzA1xLai7MlAvv74KAgpntj4aRaIoIUqNo3gz_O0yrShxDkx9Mm4dHof_CDDlYftxL6-4wpu_vtsozCUu5ja9YDKF7hFG0VrLHWHG0jptUfP_wlOZMdWaESwzQIvyzzAx0IyX0vP6lAYErBcLLH3lb_Hx0Z708X_-CotdHIuV9ZNotdxtfm6usgLpjLJw_t6D3bQL8-xHXPI__lARhWfphIEluFbGQxKqbXlb9vnO6e0kOBPT4-4m_vGIvu
Sawu-Sawu Island,436939,26,Indonesia,2026-11-09,Monday,19:35:00,este,2026-12-07,Monday,14:45:00,napközben,3,3,SAU,https://www.kiwi.com/deep?affilid=mihalymisroriflights&currency=HUF&flightsId=0b7703e6511e0000d328ea53_0%7C0b7703e6511e0000d328ea53_1%7C03e60ce751200000f6240689_0%7C0ce72c6c51200000fbed11ae_0%7C2c6c0ce7513a0000709458ae_0%7C0ce703e6513b000071a97a9f_0%7C03e6170f513b00009c24cb25_0%7C170f0b77513c000023e8b1b5_0&from=BUD&lang=en&passengers=1&to=SAU&booking_token=H0JYQfSJvaKMRr6rBF90dPkhAFAahAD6WKXaHBihzR0lCOkFjcqP_d83_SfmXQVc75IDa0DsSkur89y1j4NZxFG_fqPce9CtT1WAHBm0-9eCu0c_ehxBlcRDajF566qk2d1iRYWeoDKBVEJPoCAzQywLZzpQVnNb3KEONzxFIN0JLGik6TADEC8TG0-CS0lFSoRBk_X6jQWdWXYqaJD7FkHsdwnmUnAXazxTJxEjlN6IYjP2CNazVLD-z47wtJ_e2Mdsn-vnwjKkW6FRY7BdPewNBDmr-p6DbXjXJEeDfz4xCQPOAp73yRySIsMdYBGlCjdJR4N7jIxK43r9e-04BEYtmiDBvdcOCzHs3HZkYhKnoXjutb63_uxYUKFATWTeMkd0ZX7m9MNTgavvadnMLTRqoEABcArvwMow2N1_IGOgLIcE0byW7tqqRO9lKg3DiE0uY2yckmAg1i6Tq7opcOUSdvLEh_KUHCgmdL5ZaBvtYaOXw5v9Hcl-O7xhrtTNIDsTdI4XCLeCTCjVJ1LTVRmRgwrRe9xCz5g54wFqiUM_ls11p4rhNuRLv80UNcv5gg4mpyqPxoyY5GAGwoCy9vMkrhZhFm9S8XWN1AleIhrvoG5H9_tyrMHB-X4AWuPNZVFvIt6RWcWKXO8RByj7wTDd5mhyQWSGt8KmSr7njEk_nW0eW5pSvkUED4-b7YxjR6LK3n37nTjvmrntkyomdBiq1oBL5_b2u8zm-4ck_uBj3dyq3NkWw8YWjNHVEAhBwxnBsvpKR95rP-BDICKMDod_eUjcSfzMAzGCJXd8lYICvPyL7YY04oUqV-pl53O0AsOvw4wuWs0Fcqi21PVAyQGBYikzviNz6XfvVXIQ3MfIvisIpbRuCw5OcTPMSpI0ofvP1v5ubrkScfsJGXDpUNHOBj0cylS3sK3CjfADv0mLnx8KhgUcqcgBx1K2KQkZG2u91To_C_0dJYyjjNvsNhFi_46KVeQUKYE3zN6n8vNYYeLdyHlaR8iVW2UfAzgRkuoW2qMv6PxpDhtdWHdjquDoyMhKYdPFifUMWASO1bnzl3XQF75kFEhKf21WY-sotLLUb-N6eXEY8HjQPOq4C3JcIXHmGRPqW1a_LqlmPAB9YGLgoE1SczqMrAmqkCzbvr4X9wNrfJUxEeXUTFzPEHik0iCphaDC7pgmNWceuArsmtEXgJMeBaZXqEsiGfsxRpfodIb-hbVccjwyqypguDby1FeYKB1gdmu9sLugkXWqZidUlZPMidnzOO6fR1VHp2fO2tuiM62pTXcEtWyMAxtH_nv2pSMhpUgKoVIx6eFPfzRs_SYGoXt-h2c8MN5h-jS-ClFkk_gNVwjRXhErvjaLt354YB5qDLc5Yip3RSphgBLxt9ZekemrDI4HobKbaBfnq8XkimWTPyVXPICxQ4NUMeV_65Mfgth4TyaKUnyFkSxgqf8t2zYRFP7IKaWC3vwZZsgkv9rl7AVfboUfEJufvlrei9-BrDSUWC3m6LcbSDzTUZ5HqVPBLbk4UCzPWKjACFoyxcWtOjg5HFt9UmUtmWUAJmaPX8mbbz--LYIqBeguMhQftwEtwkYpa8dYwXj2vIwHD0YZ4kwBtGG1CIsdp_CGzgwiRW2WQaM1kwlNCtQsG2CeZdyZRX7fPBplNbdvPEOClanDe8wCRPHj2uqcn7gkpYwJhF7efRuQJ6qL0xBujf6yDhep8_SGYnPelRI4gYm4gU0Uxmhlk-0Xu5EJJos6t1vzGPzWSNYncX1s=
Jember Regency,503841,14,Indonesia,2026-11-03,Tuesday,11:45:00,napközben,2026-11-19,Thursday,14:45:00,napközben,3,3,JBB,https://www.kiwi.com/deep?affilid=mihalymisroriflights&currency=HUF&flightsId=0b770f37511800007ec1c428_0%7C0f3715e6511900009583f3bb_0%7C15e6006d511a00000bc14627_0%7C006d2694511a000088e64ca5_0%7C2694006d51280000f8897dea_0%7C006d15e65128000034435c98_0%7C15e60b775129000038b2ff08_0%7C15e60b775129000038b2ff08_1&from=BUD&lang=en&passengers=1&to=JBB&booking_token=HKB5hkdsVsE8W2STgOGbeJ1Dl4a6zYE715vs7MGE05NwfSvy_pZHLiFNwdbIOGMDuGOonoxuqFupqD6Sj82WIDbnyVCHJjX1cslmj9jOAJRziWWrV9XMnm_wbUXKepmqWVP_E3gnCu68lmyFO0-QrsziMD5K5lp9uvwLKQsxqjih6gWWUHigkw7QTl9adZ4w7KFNTp1qoMS6SE71GCJKitxabUvrX66l4tefagcAnW_7jAWDdycA-9PK3K6oyxNhTzEcoeS7WVxFV_JJSyF6O-GTobOj1Q6L9xA-24-jokyDsBhnyLHHm8H9Qs4Pw-XBkl3QZLphqTPGTAsIRBlUVqqclXMTc9O5eGnDFH4s1qfA1swbKEzpb5ZQh0CBglvkCawk_r2QgujMhKc0FMYcpbJ0aE-6dPNabtgBMK05UCtqCjHsxP9kD5apH5Qkk_YAR0eCGAyx-Y-m1Xju_Lk7pix4K68mtqyYb6o1RYD5g-QLDsOkvEgdmHYMgOOOrG0DH3k0Q7pHFZHW4ksRdcoivR7zlNJfqxUICmFKm5L8QMaqyVGF7RpEr8e_L5EP0eAvTvHvJPbz7adSmJyvsw0c4wp6jprIzTBaFZW6NKhQVpNm-ljmkBUlNML2-5nbzGrT9fvFTN1HiCLN0EHdV8CKMqKOplNJ1F-9IakJgbHCUytgesfdGOMYPESX_tawvf2X0lOLSrlqm1_wEi23C0SgseakFpsrMLJ6sV37U06CE3P9E5xSDRBPHFgUoC6pX0iaJIdQ6cLJGvpsEv47AXY47jDmAxdI5wxTW0L8bTJPT4YvqtquU8kwJoirvIiw9RCN-ad1c8efe2gS336c2W9tSeqLWzpV6Wg5QwJKqZOwLke7LDiIOQDAiztZcVEx6UVnZminvEWbYAx17WAbwFE_G243K9EHBSYYe2Rxy1i5bFe7KGcgT7hc5_Yc63N9s9PFXpk_P6Sxh9s0IedAAJq6IvQoMpGmQ7R8-EZa-pAdedlWzNBFphkXS88eHmnpVnMdn6n-e7VsVBdmYZ-Kh9F9aJzhp6Icx4clBhwMBvuiOnn49zFSOjPDsF4G7-YWWPOgkuNHclbJczk11lYnxF0k4Idd3v9n2YkHdzqMJO8a30fvmnAk8yjTbkeKgM__mglG1qZGmi1vldb5IXF8EiBGU_HudcYqm2eQgpYTrEASe_BwfNwniJwKaMhGhVeYfXbVdBL3VYo_zJq_tCRj4XgzHohZLk86RdfbDzrjW2TGuzv_Lx8NS--kdkQrLq-KfFf2qhneI_hH-zI1IYBduzynwfL8SDboLdAuZPRJs4fXx-JSZ7F8cyopYh9OG602xS5598gmU9ZMuSCDV9E3mZ4mF_yK9zauuNYJBiFanlqo5oueyW5RyYEZKM75f8hdUtpOl9mkD2-zPyXWLTAeUVVLk4nWJA-voQe3ZR-2MqrFehtpCed03fYtgHB9mukm-2m4X-Kye4WxpDGMl_A41CFzmHv0q9BB308pGkToQL6jZtByxJ3AJF6mYR8-Cog6RtxaqQdakMb2zkShX6J8fDX4YCFwV6PYn2BDM6AIOS5hClmhsozQHBBgCQ9_6dg3HYmAOICqMokrYD_QuNTeGYHy2GBww-yQ8rH39zEgwuNUxKtUuQqYMR2HZ23RRDCmGaR4O_TqnY5FT0nO2uHsG2lWoMW4Vm-_E_gjVTijdPkF02weGI-uQMHQbyeGFl1okUmn6
Ketapang,518418,27,Indonesia,2026-11-23,Monday,11:30:00,napközben,2026-12-22,Tuesday,10:20:00,napközben,3,3,KTG,https://www.kiwi.com/deep?affilid=mihalymisroriflights&currency=HUF&flightsId=0b771722512c0000ca967fcc_0%7C1722009f512d0000c4681fb9_0%7C009f006d512d0000387fe5a0_0%7C006d24c3512e000020c5cff6_0%7C24c3006d514900009a14a17e_0%7C006d009f51490000b2d19ead_0%7C009f0b77514a00009d1097bd_0%7C009f0b77514a00009d1097bd_1&from=BUD&lang=en&passengers=1&to=KTG&booking_token=H6aIHUEqHmBhas5Qta_n8X3Xiwsw0pMLWNK3GDmZI3akFIsQ5w7tUkXNFGvr0mQPhH_zq_Z_MZxFIbZChEvIYPAXxUHGrokj35hQTYHrOW9IarQQE57oE-YBNGmwLcF-9Tp6ww36k787QO0jxOwtqCW401YNCghj5lgtbksf945GYcaU5piZAUDjQBpfLErBLicTJM8FTPfgPOL8JrDCPsmh-y5sHIRGKhrLuwjmQ3blmv0TS2IuqQym1VnNiLTBXYt1MHFz-WkXhzvUMYfvUK0DkcwoYuM1xK0wypx1xA2o2vVzS-BYG4_KuGoktLHf9MnR2IDRYTcLQ4yuI_WsyFT2P_mYvdsfjp5L3ky3dvUaDwXBV-PaMPbeXblVuiJAGVMRuuUipp4DhtXqq4zW4UpZ7ngMHwdo0r7RMLJrZ7BSbBMIt1LSvQcKAhwahyjPYCzh4w59MdUA39Q4CfG2eApvnQuF-eVBrFBLru6Gw1WijYGUzWWSlGo-0lrEu3YnpKnEKol_J3rh_Xc0cyHAmTwAe172KaGhlck5ki4ylPYh1v5CyGuTN6Ar9YZxKIpqb0TfqkjM14n2dLH4Rfl9ty8mKkMR3jdda-367g7BAc1mxxuaBNnh02FwXPHxAH2HCx-lFrxTl5mUy3dRXPYX0y_flJf895t_RW5_-syh4TIdxvVcvUuwV1VU5ArS0sMPyOvzNM1YZTu3hSmEAyc04ToJLnEDd924lro9L9g1eNxkGBeLunx6J79CJR_Gm9DEX1y-AQoiPU6IEgb2EYSmVyyGR-igf27s6lBrsSP7YScX-z6rmBipYwH9EKlVsgLNdQZq4uE-_RijQGqBck1XzDQ4ikX1jeRpj6v30--PZwhLu641XRSt4oLCfHbh93t_NHRV2yZTl8baefPCJCpYnKGigARlu4PzWMw35q0hhegEFM3af2q4oTJ6fwR0UnrueXprwT_tZLEsGRg2JMRliSX20faAoSxO6QsP8Yd5fiOeyJHM7gqGgo5-POAulv7Oe8efEa_bYf1rRMmDBperfq7gStiC13S_kOe2ZRiG9VvbnrbdgrPdeykGq44BW42koHecfR2RO4ADuaLH4ZicNt2Tc8uxJtwMo2dfNB_h1OOO91LG5QUFCXWMtKSwX4GIvENpdgJzWu6k3IzbkxiWyiaJNflj_Uy7S11zUnJVATa5ROQ_4CNaVTHI03JXqV8ssL2On526aBC0k8nDTflCnyC4Yrwa-RUT_breDGIXJZ0mpoDUidSPPuuP7IBD83OMe1l5lRgskTCRLSWXw96iuak54F2iR97eH5FEyNTCFNimRAep8w5XGW2vDPczKPS7CaW73kxkzyUKbSSOsoUxTIL_EXYrxYzRdSKHILQj8PRzutDe_OAs02h4Mada3m7aE5grJPGMrbyKy9w22YprG3cGZ5uxxs3ZvjOB6AWJAB6pTN_VI54IVF4OEMfYGvFwC71Yck5o_6Qt0rKg6ctg092PvXKhDU_sGmrHreHSOZMAe_hAUHnanU0oyjWE9sslh-r5nstObaLNH41FPRyxCfcaOO3U68hyWV6W28E4dFCCDq8FKJlfE_whHdBMPaWOwJBzCxg1NzMhG8GGsdsIAvmBU2ilSUqoJHnf0iMPSQgG7LBSZOy9rrq0Dmk9cFf2JSikLXaX3S4858d_V9-CzUrqmWKxwvmHB2z6jOkNMQkrwrntxdSNynKnYXP6324AxjatqWVgXuRt-4IttteBqZkEZM2a-SJ6leTAE54wDamA=
Ketapang,519051,15,Indonesia,2026-11-23,Monday,11:30:00,napközben,2026-12-10,Thursday,10:20:00,napközben,3,3,KTG,https://www.kiwi.com/deep?affilid=mihalymisroriflights&currency=HUF&flightsId=0b771722512c0000ca967fcc_0%7C1722009f512d0000c4681fb9_0%7C009f006d512d0000387fe5a0_0%7C006d24c3512e000020c5cff6_0%7C24c3006d513d0000ded9c32b_0%7C006d009f513d00001c8d6beb_0%7C009f0b77513e0000cdf4e36a_0%7C009f0b77513e0000cdf4e36a_1&from=BUD&lang=en&passengers=1&to=KTG&booking_token=Hzupk2U5GQg8d0Qc1mE8WKRN5wJEpLtTYVOnsDXmOCe8BI8nYqBgkvw-Z8gE5yfN3GTbgUvu7iE-yS05Ft2XQDoJnUHT-nrCmO7YoumAeQ-RslfIs5dIFzZ-sh_vPzZijnDqRf42lQZcjWF-n4EFumDGzlXZCRnwkkCETHbDnPxeUBMMS1E32d8kJrrvsxFtco3CaF4OEZC9r_swYGaIeTKPjyeMBAsOMrwyusdiVy-dU_i3qtjnUoAWik_KeJhEsAEdgQo2T3lhBv4YQ6M0yBLwC9G7-rbQa9KkDXYfBj5PyJf2y-HTzpY25ge9iQg7OglhWSBmFtgDPP_3QARYZW_CIGMZoua5OcVDslBwB3DbHeIUnHi8swu5HJusCdEMy6LiVazyGHrbB2pPCOlsLmLytE5oS5eEq5VHlMY6S3jGhxCZn3OUrjbxGo1qhYoisipE5wTwUAEehtNrpXCqXkZwIxLAlbRmMczCu2pKzSN7erSjNkbLNGb-Ao4nSuS1XQupMrF-zO1ML3vjwdiA0NfozDjvqxj9shF_8CQQCbXif3d1EaDEbabtmy-k-pOlFnHSFvvK_CjQtZEuYk30iRZQcOOzb76cbJ6pPDhOTmcuzNJEHAlw783X45XlA37Q7Kojm_fp35hnyaowRHVMS28j1YxBTF96FwvhRHXxQF7atzr0JsirGWEz8-CEh59y_d8LifdpjK2pb3ONffhWQRSWEm_UzWwmPOtGa32o4yqnI8kTOhQWNdkjX9B_dufrRXLJ8drxmmjybWmBoHOmgbzPfGxayjiIx5SpjFMKVrYczWiIpM2YAM42q-JSFqMLKIaYPprBg9kNqV6rCLRWOBiRYNSyGvf2Oqd4qSnjZie0NEqAQFto_dEywxi5DBznjvpZA64bIx96IREy_XOsD4O1O6QqcWPZwQja-2qlXZktrAwRCer7Chtq2EH9tUpHELdTeY8Fy1iwCnP-2BCihI4F-DNWfnPb0vpVu3Nb9gGv4lOE--9USsAgclJjtBFmQROJMFSefyUfnOrB_qvm0CsZuToQ2z5oydhbK-9sLcytJ2fPLbijIiBG5HBGKmmPd8BHtPDWqULSdzxWkYLjFFYJt-smRCYpmBLd4JY8LNFoear2DuY1mpErRKee8_UU41EGjFq7FAatSAqGE1t81c6550fmsGVTEkad54C3u8HeZY7AuT921VxPyPswokRtk1QcyUk2i45ONzH5Y50AjIZxanoPW3CyNhqvHkTJsiSsiDhH20YwGXpvs-HfLDM1aOQeFflkoCPA7cnUG4XPDH9BiAxJGA5sHHGzlpM476V-XFYHVBru0N7KarSSLRxxQwEXeilsApW4oOntCBj4Q8mg5TqD1ptJwe6bG9ZGiT0dkNMt5_EaWmL7Tcjby2iAhxtSffa_W7rCtqRyvXQG_5MAtsKtaeWa5IFidpz80EgMYbx-bmpYKIQj0LdqFx8UoYv3zycB51jmlFC1_A33r_cwEWz3JNmOlP5nqW4QFnpyi7uDJ1NcG_nAF9Y4pHtlzxfV0--5oW65WcOCLgawb2qbVYAM2F7OQ2q8wDE32Mnz629OfAdZnZtm9IxiIuZIpvThXZINXwc4mDx5Jsdp8W6RwqMAytslEMTg8EdvMDH25SHV0H5tok9VsWaNghVAfkT3-0-yT_virTqRfaAxr2wgd5k3gcaRhVxAxcOAtgAlPDUFK0uxtoa4xiIIq1hkUZxAIiI3PbfiIe1HORyN47IwRHxEQVj79zsRMo9hlNNI=
Ketapang,523535,14,Indonesia,2026-11-17,Tuesday,11:30:00,napközben,2026-12-03,Thursday,10:20:00,napközben,3,3,KTG,https://www.kiwi.com/deep?affilid=mihalymisroriflights&currency=HUF&flightsId=0b77172251260000bdcf9990_0%7C1722009f512700004409d90d_0%7C009f006d51270000a6c35b41_0%7C006d24c3512800006d9f413d_0%7C24c3006d5136000005f628c7_0%7C006d009f5136000000f3770c_0%7C009f0b775137000082ce32c1_0%7C009f0b775137000082ce32c1_1&from=BUD&lang=en&passengers=1&to=KTG&booking_token=H1jdgMY4lxFUrzyjR9pz-_u4X9CKbpZwQjuMqcaR6y273pPlZ67nmaH-GVmdZ4vcP2ELPNK9Ygb0sRYpgd-s87hUIu2-td2lHUhrtdrkPWtSaIXfnvKTbkKet6lhRWy9HoC_4cnh3cGMzsunlja5w9N2m9bQFgQGwnN5w_OR1YC1qMuCU2sZ1CGZNJc3E778PXSFEoWWu8iNqhE6r6cARlpMy907ztwfaT-dMoQP6Gn8NRAwQlSXDiOvxq9-rIPzUqyhJM3TM22rSWauAMicioE98JZf4c7Q4C1xGdUYea_enbhNkc3jg0Y-86DwbA_tlYbPKlE0a_wxI6cwLmmV_mGEzcqmis8FKlx5h5fV3uIQwNFcF4djNhiNQOuBVtDQvTqqzh0ZfOX5A5aS3XBdFoaA6kyWiHL0PLXZiqwph2KXSjAWBrKRWGMrc43W2YJWC1Zei16ph3J-8afHaDAi_7UZ1rCbIYnBVUj5Ns_EPayatgDuO89_EtTDCoDIRx9tRbP_j-arh5ilxLsGryJ-1njHB6ExB1DHLK4t-G6D61KVDB2f-pRR6Bm-G6tndw2JJ9gKCILH3g_egFJ7y3eIwCjN-9YSLzg-E7-z3Q6Mts3mCCIU2GSaLXIQApKkjB1o5JlBDGOy_M-_sYYXLAvgdpiI7Y0MVpezsSzABHHv4vzht2v738Wc3PhxHDJBvFoedQFI8F1Fq1BAY8ShbrKF7rLS1z6WYDGDht4S7BBQl9bvw_oLJXZDbPk1rZPrjo00Vx8mnigZl9ud1-rE16Y-Z-6xHXbRcn6OWYzyNkua_UAVFTSn1Jg2kOrmInzSYb5NEGHHOB3uB31ey95S_EakORY-nP1XSQ6WJ0fiq9damQBaAKO-ayXpcqoxga4ucyU26RgYKPN9npI0oaZhT9qUsVtZo5mzlfHt1qmPsr6N97RVHVI4uIj4Jj-_v3Y_vzXVpugvvMYlHj1XAamvuy8oB4bIPw5Cl3TjC6mXLfF3aNPng99d3s8ZTBTkQ91VVoEK0afYbzAGdpnV9JlNdl-tIZ8b9lm_1K5nzg_hk_deWhe1N8oPxmAfh8gHqzhjInza8D4vdeQyZ3JllTZrHBCi9HgOlDMOs11u8bYaDOIFruJQgkDX2iYE1nygghMhd_Op3ZpsvJ603fhGRA4TplUk3v_Tq_fDg5cRFOMLfl4gwm90VHFwrsz0yQK-9Z7CSuo1OJo_VyCZjm9uvLI4SiBhZMzh72MMRoJPlx7hR3GaO9eCJxYSHqpSHpuADNQyImsIvC6ol1p3kcph9EdGaQCacCzVStM8Hv9-G7u_a5yUPPRYZ8dKCEsduIrIlr_mb5ek_o-wMNOXe6UfObwwMl5SPr49vss3UlHwG2ZDZEBg9yV93q8UdR-Gs5eyti9YjF7cHXvZ9Py_ucMeuSkiGsVtGp1ltPsP0pA7bEyfm9IgAgZjWJ4XyYwEmsRInKPslqvWPN2XKUZYgUiFcfSlEyA8I4S6BGgEraTjTB_0GqUJVqtM6S6ebVPoxTlR3pvJMZRIhJptPam9_Q9-oDTUwxLWld6IkHvNzGW-0WH4e3trDb1-Ic8M8VC_Nx0cP06gZYPbmCTAUV13lI6OJf4-Ts0pHP4GpjwdYlsD0u1kaVxmMRsJlDFgiKwICnvppkRePN0GOUJFFBjkddG6ZolfUNpdJ629pCzFawF_qU8NJiao0C1qNVDXsZCsbd57ioeNJHOnW
Jember Regency,525409,21,Indonesia,2026-10-27,Tuesday,11:30:00,napközben,2026-11-19,Thursday,14:45:00,napközben,3,3,JBB,https://www.kiwi.com/deep?affilid=mihalymisroriflights&currency=HUF&flightsId=0b771722511100006605c503_0%7C1722009f51120000025f4d32_0%7C009f006d51120000e095cf7e_0%7C006d26945113000028619cf1_0%7C2694006d51280000f8897dea_0%7C006d15e65128000034435c98_0%7C15e60b775129000038b2ff08_0%7C15e60b775129000038b2ff08_1&from=BUD&lang=en&passengers=1&to=JBB&booking_token=HAYLt88fA4LZ9RbUq5CJFNTpWlWawhfwRVhLtBxfhxAJZYUuxkvFuIWj34B1cj_TB6K1539-uv2UujmlEJH__UdZpqcazmz6HxiaVgTRkyFW1Pw3olKluIJM-563PwoBBTDycFGUbEJW5mVCvpaROj123rRACjIi0h83QvLWSotPKV58P9WN_CJthFn0ydi1NJXfEAqLFzqQLgJwVa7Zaj9w7o9U37EA-AF78t3t8Md4gTkkEYCLC28jbLBcLSkq5Y_ZA0dFqNu7TnD2rgDkkbHHvXjD3umAYTRPKrWQpZz_bHsC5CU-yIVNjXxmmbs5yr-Fi_OmtVnGQyUk2DAP0I_qL-v7kzde5APaCe9UKcTbv8FlDnQHjhSqZLhybwXiFPXEGPnwsB8GBWdZuk7xUYIMnO9w-6yiLJm25wq6tqa5oa3fFvhiYqQAMk19LrefnGCzsG33lvafGMI3ggg3slN_YxFlb-gbDKkB3-NbQN2TvOoTxK-vkJQ0RD19n51uI2eOwW6L-FresVzj-ugM5t1KC4cfXpEXmvn7kmi9TWC0Kw6MOf0wsKYP9ELOpaHf9hf0a65hw9VMBxyac2qEvocRO3OQZFkyHSIs_HNXTquI2Fz6EnzUjxX7q6PSFZ-6Y37VSzTYx85smFTMTgtoFoLLyqncyIoP0CFepKE0HBIuWu-oFEn9kjSookBmcGT3LPQpv7wgp0DkWziuvSx8addl2YgoqEYPyFiDUMrkCEaFatfSrhiOtnHFpBPki0cH6I09Py8S058V30JYgWecqtBIoQhQpFU9Azxx_PwA6kBnj_gO4HmhzdNGmsfJVt9eQe56OG5eG33Kg-TeOYCkdo6ptTt3q0i1CvopTPl4nO8szFMsWUfj4frRYwYBwd3PY3WZxW3zE5qpzknfh8qbDTA2ltofRbsb3Hum8Wf1TNJlrgESeNCHZT_m7p78adreuD8GrFbCvRtXMZRKFKsP0VxNWtywY_xyT_rFeqvd1sFLXVq_YdbW-6r3_z_DavzRepLRPoqCBqqrObhIUKH92BHNXw1c6RKGYIWbjIkf7nKlLoc-Z4DOsPadXFI49sJebCSHLgA5xDADH4yHzw7R1ZR09gIHFZS3xFIf_FeXBVrDKKHJg2LKRMhr1E5jyLHwSmXWuXoyPZERb3EL6V3t9EbCKH9JYtSyKssVDBLFgzCedYaOAUj1r_ezXfn7dznYAQsBfRWHdtLNg65ttbxOsKh0WH1S-VOqvSQIo2rnnEQLy7f_RHJjdnw3RINwx4XQCT9CnRhmZLFKoFcNP8iD1g0AHp_N52R2t97O4xt_s7_PUA01Ht9euUWGfDmTSDHDi8701Ao9JPDSOyveWNOceZD2BaaWauJyUWh6CXi8NJZTBht7NyzVeHtHW_dIpAmYFlsTNKhVmrLzfGDiOG2phNOwHX2siCTwoPWCLCXeYNWIbFlwGNhTGMowNTuMrAFyZmYweqfINoXv3ob0aGO1AQKmrQrmLJ2V1Fo8hBquac9m2jBLQFJ0AeeUFAaGQQHQxNiWBploG8IZ0Fwr2hziSiTxWo9yqddIBxLFcW1bB-_W7s_F1Nnh46DPoST4XaLbgWJzT8AQmDMKk7YYXm1XXY_CzaQPrDHsWAXMj9j0JFWQLNRBw1v4XsnwRXeOVeeBSdjtNksuGtB5CH1hGco1KZ4FjjJghWgDFvpS1PpSOEerelP8jMDpgFP5jkiW4aDnNyG5LYd_17Pvr9BG2ckzPgA==
Jember Regency,547023,14,Indonesia,2026-12-08,Tuesday,11:45:00,napközben,2026-12-24,Thursday,14:45:00,napközben,3,3,JBB,https://www.kiwi.com/deep?affilid=mihalymisroriflights&currency=HUF&flightsId=0b7715e6513b00009d600bbd_0%7C0b7715e6513b00009d600bbd_1%7C15e6006d513d0000065183f9_0%7C006d2694513d00007549ac2f_0%7C2694006d514b0000ccff05af_0%7C006d009f514c0000a3023f49_0%7C009f170f514c0000e972b8aa_0%7C170f0b77514d0000f2b711a4_0&from=BUD&lang=en&passengers=1&to=JBB&booking_token=HxdgDA77rT2grnKj_zawaVS7qbsR1GjUIZ6sCFhS7_6kWDI76zjAo7Al3k0bEd_3pZX_tPt7-tGzv-r4Tq5v8cHsgGGSJFmM-bRgR3bflzH-Hk0FgIuK9DdhT0JjvbeBUXFV15w8VmwP5CnZkwyZWM-33kIIc9nvnYlyOfVNPyxfUlZu2xGS7U0WkKkyjc2n7CY9vwWbIz102xVi_f7QWXPfgW2XqftBsQkpoz3s_z6I2rKMc3lUU1FVxIEd0Y75-DT-9fM-UX73u_qpA71fZ1BpcTkWxKK_BjA6hm8OhuPHxqY7SuoVd-jdnX3qkCpC7GNGicRgU3eNy-RejPlp7PW3KpzBbb287f4Bnq8BVVv3_Inn_pSVW8ta8dm_eMKjps71jQDFUfc-cxNW_kWZOnfrQmtkVedEjb3i8QY4mxI7fDAZsulMtBJCgd7KifN2XzP2bZKucZqoJxy2z6KiJFphqb6949y4lS_abRXbqP6FU-G1Cr6MFUCwe0ycEvTqJmFOeWQTZjHfNOq2eFU96WTZxg3tHdHjavFmivgvNHSjQmTTW7XvA8d7QHkktzQj0sqBzcHqI2vVGCtrFJ4PhlUI-xozZGE-Y4aBZcvpsvM2CRLdGr0ISsLQjZbgQj36BuWD3Mw1qLshJqofwNpYmFFlPsKBlS-s6CU7Q7iC0d7tNfwyTY_BhpR_Rm_5ZRcLZXGJEKxRhmfXrAfXi48BGENUMFZM7LkvA7ZT0DW70owQ3ZtqnXsvujItmNS_E3rfbLlrW6GxqVaWMCgXOFlRF-oPWx-a9S9-d7F5bSjLtkVLUH96OkLt2nrMweSMzD4TXQi5JspDsLGVbug86jzOcw0xFwn9SvpIHl02Hp6RZurc1-yRlJoECOj7YUvPnXSHjv9GIQvCtMfwckXAj60gCZVHpQ8FNwkWaFH_n6mdmpLvftyh4VwV6gp4LQoIrDJ3bZ2nNYKdcrcV47PTFPCvHTmIKJFw7yZimjNHY3X7OInRGSRyDU5wog5bir4HlZubUCj0CycuYjfk3o183o7q65vzL6bq3kw1hBx4iRNKoL3MAdZyHtuoxBHdzKfhDBhwAfJR4v8AJrcTJbpcZAYE3VQDTUt6KmODejrDs_jrGbP5lylyiJm3oao7bjH7sb9Xsy9umknRFa_HsFT53lNAi6G-HVEg-SUdoayqMtYDBj0IHQq-Xs3nSLbSWAN3PMBX1qNx61nshrXgJ0EAavrmmkAhOH1LSJwYAThyrGLwNbCpYurfN1kyYLIRYM1WXNMS4oc7Qs88Q4kZJdMBynzEiWkYIuEJ6unbOpUeXwnuIGbviqRWd7AmhuUKGiZbX54GCIu0i4U1f2dcUbhlZzSgv_vUI_mw61kK-eXozp-eB_8xPu6t5NrJJ2ETb0ibeKWL3LTmB1Eh9q4Zt1xK5_dDyHwrkbIZMl3EHCl6AwAO0BfefH6X5Dn3Nqy88osL4LSPaXrQ31MEkPARwDRucVh3Tdmuag4KjHJzMfljVGhl3fr1qMtw6XDBEZtx9jTaU7bH4Zlq_xeQBH9nShYw0oGBwr4g6fZeJJIHqtU-u0VI8K08WwGeLDlUWuhvYfcIgWCjJavUDw_rXMVZ2vmqqCQ8g1NhxZNNj5_hDHH2cwUXmFys5Bf3NAx6-DH4HlH-7Qgso7ia5VkwAz71HGBSx7kWbFoIJJyY_OjvVy7LAjWf5kpKR_USOresfxgwU6wRjOzo9bIMC78gm4PozTn2G-vVSjnzPaMa4pbv4Z-rWY4Gr20KqhrBiuOgcWKQA_qL-cUjV
